Running atp/atp.py at 20251022T101029Z (UTC)
🚀 TÜM DİZİLERİN M3U8'LERİ TOPLANIYOR
⚡ FULL MODE: Tüm diziler işlenecek!
⏰ Bu işlem uzun sürebilir...
🌟 PROCESS ALL: https://diziyiizle.com/?post_type=series
📺 Dizi bulundu: https://diziyiizle2.com/dizi/
📺 Dizi bulundu: https://diziyiizle2.com/dizi/the-forsytes/
📺 Dizi bulundu: https://diziyiizle2.com/dizi/anne-rices-talamasca-the-secret-order/
📺 Dizi bulundu: https://diziyiizle2.com/dizi/the-ridge/
📺 Dizi bulundu: https://diziyiizle2.com/dizi/dexter/
📺 Dizi bulundu: https://diziyiizle2.com/dizi/mr-scorsese/
📺 Dizi bulundu: https://diziyiizle2.com/dizi/ilk-bes/
📺 Dizi bulundu: https://diziyiizle2.com/dizi/to-cook-a-bear/
📺 Dizi bulundu: https://diziyiizle2.com/dizi/murdaugh-death-in-the-family/
📺 Dizi bulundu: https://diziyiizle2.com/dizi/gittigimizi-kimse-gormedi/
📺 Dizi bulundu: https://diziyiizle2.com/dizi/loot/
📺 Dizi bulundu: https://diziyiizle2.com/dizi/dmv/
📺 Dizi bulundu: https://diziyiizle2.com/dizi/bad-thoughts/
📺 Dizi bulundu: https://diziyiizle2.com/dizi/ozluyorum-seni/
📺 Dizi bulundu: https://diziyiizle2.com/dizi/splinter-cell-deathwatch/
📺 Dizi bulundu: https://diziyiizle2.com/dizi/typhoon-family/
📺 Dizi bulundu: https://diziyiizle2.com/dizi/the-chair-company/
📺 Dizi bulundu: https://diziyiizle2.com/dizi/gumruk-muhafaza-turkiye/
📺 Dizi bulundu: https://diziyiizle2.com/dizi/muhafizlar-gizli-proje/
📺 Dizi bulundu: https://diziyiizle2.com/dizi/helluva-boss/
📺 Dizi bulundu: https://diziyiizle2.com/dizi/la-suerte/
📺 Dizi bulundu: https://diziyiizle2.com/dizi/outlander-blood-of-my-blood/
📺 Dizi bulundu: https://diziyiizle2.com/dizi/greys-anatomy/
📺 Dizi bulundu: https://diziyiizle2.com/dizi/the-last-frontier/
📺 Dizi bulundu: https://diziyiizle2.com/dizi/knife-edge-chasing-michelin-stars/
📺 Dizi bulundu: https://diziyiizle2.com/dizi/dan-da-dan/
📺 Dizi bulundu: https://diziyiizle2.com/dizi/mahsun-j-12/
📺 Dizi bulundu: https://diziyiizle2.com/dizi/esref-ruya-9/
📺 Dizi bulundu: https://diziyiizle2.com/dizi/gibi/
📺 Dizi bulundu: https://diziyiizle2.com/dizi/var-bunlar-izle-14/
📺 Dizi bulundu: https://diziyiizle2.com/dizi/prens-izle-4/
📺 Dizi bulundu (sayfa): https://diziyiizle2.com/dizi/boots/
📺 Dizi bulundu (sayfa): https://diziyiizle2.com/dizi/victoria-beckham/
📺 Dizi bulundu (sayfa): https://diziyiizle2.com/dizi/les-disparues-de-la-gare/
📺 Dizi bulundu (sayfa): https://diziyiizle2.com/dizi/is-it-cake-halloween/
📺 Dizi bulundu (sayfa): https://diziyiizle2.com/dizi/nero/
📺 Dizi bulundu (sayfa): https://diziyiizle2.com/dizi/sweet-magnolias/
📺 Dizi bulundu (sayfa): https://diziyiizle2.com/dizi/adsiz-asiklar/
📺 Dizi bulundu (sayfa): https://diziyiizle2.com/dizi/the-peripheral/
📺 Dizi bulundu (sayfa): https://diziyiizle2.com/dizi/dead-ringers/
📺 Dizi bulundu (sayfa): https://diziyiizle2.com/dizi/deadloch/
📺 Dizi bulundu (sayfa): https://diziyiizle2.com/dizi/camino-a-arcadia/
📺 Dizi bulundu (sayfa): https://diziyiizle2.com/dizi/knutby/
📺 Dizi bulundu (sayfa): https://diziyiizle2.com/dizi/true-haunting/
📺 Dizi bulundu (sayfa): https://diziyiizle2.com/dizi/dr-seusss-horton-1/
📺 Dizi bulundu (sayfa): https://diziyiizle2.com/dizi/zero-day/
📺 Dizi bulundu (sayfa): https://diziyiizle2.com/dizi/skiftet/
📺 Dizi bulundu (sayfa): https://diziyiizle2.com/dizi/canavar-ed-geinin-hikayesi/
📺 Dizi bulundu (sayfa): https://diziyiizle2.com/dizi/the-old-dog-new-tricks-1/
📺 Dizi bulundu (sayfa): https://diziyiizle2.com/dizi/genie-make-a-wish/
📺 Dizi bulundu (sayfa): https://diziyiizle2.com/dizi/konusanlar/
📺 Dizi bulundu (sayfa): https://diziyiizle2.com/dizi/watching-you/
📺 Dizi bulundu (sayfa): https://diziyiizle2.com/dizi/dudes/
📺 Dizi bulundu (sayfa): https://diziyiizle2.com/dizi/riv4li/
📺 Dizi bulundu (sayfa): https://diziyiizle2.com/dizi/crime-scene-zero/
📺 Dizi bulundu (sayfa): https://diziyiizle2.com/dizi/nightmares-of-nature/

📊 Toplam 56 dizi bulundu

============================================================
🎬 [1/56] İşleniyor: https://diziyiizle2.com/dizi/
📺 Bölüm bulundu: Loot3.Sezon 3.BölümAltyazılı - https://diziyiizle2.com/loot/3-sezon-3-bolum/
📺 Bölüm bulundu: Gen V2.Sezon 8.BölümAltyazılı - https://diziyiizle2.com/gen-v-5/2-sezon-8-bolum/
📺 Bölüm bulundu: High Potential2.Sezon 6.BölümAltyazılı - https://diziyiizle2.com/high-potential/2-sezon-6-bolum/
📺 Bölüm bulundu: The Morning Show4.Sezon 6.BölümAltyazılı - https://diziyiizle2.com/the-morning-show/4-sezon-6-bolum/
📺 Bölüm bulundu: The Forsytes1.Sezon 1.BölümAltyazılı - https://diziyiizle2.com/the-forsytes/1-sezon-1-bolum/
📺 Bölüm bulundu: Anne Rice's Talamasca: The Secret Order1.Sezon 1.BölümAltyazılı - https://diziyiizle2.com/anne-rices-talamasca-the-secret-order/1-sezon-1-bolum/
📺 Bölüm bulundu: The Ridge1.Sezon 1.BölümAltyazılı - https://diziyiizle2.com/the-ridge/1-sezon-1-bolum/
📺 Bölüm bulundu: Watson2.Sezon 2.BölümAltyazılı - https://diziyiizle2.com/watson-2/2-sezon-2-bolum/
📺 Bölüm bulundu: Chad Powers1.Sezon 5.BölümDublaj - https://diziyiizle2.com/chad-powers/1-sezon-5-bolum/
📺 Bölüm bulundu: DMV1.Sezon 2.BölümAltyazılı - https://diziyiizle2.com/dmv/1-sezon-2-bolum/
📺 Bölüm bulundu: Only Murders in the Building5.Sezon 9.BölümAltyazılı - https://diziyiizle2.com/only-murders-in-the-building-6/5-sezon-9-bolum/
📺 Bölüm bulundu: Mahsun J2.Sezon 12.BölümAltyazılı - https://diziyiizle2.com/mahsun-j-12/2-sezon-12-bolum/

📊 Toplam 12 bölüm bulundu
   🔍 [1/12] Bölüm: https://diziyiizle2.com/loot/3-sezon-3-bolum/
📺 Embed URL bulundu: https://vidlax.xyz/embed/abd50ce66b5e0c90
🔍 Embed URL kontrol ediliyor: https://vidlax.xyz/embed/abd50ce66b5e0c90
❌ Embed URL kontrol hatası (https://vidlax.xyz/embed/abd50ce66b5e0c90): 404 Client Error: Not Found for url: https://vidlax.xyz/embed/abd50ce66b5e0c90

🔍 Vidlax direkt analizi: https://vidlax.xyz/embed/abd50ce66b5e0c90
Vidlax analiz hatası: 404 Client Error: Not Found for url: https://vidlax.xyz/embed/abd50ce66b5e0c90

🔍 Vidlax direkt analizi: https://diziyiizle2.com/loot/3-sezon-3-bolum/
📄 Sayfa içeriği alındı: 124230 karakter
❌ m3u8 URL'si bulunamadı
      ❌ m3u8 bulunamadı
   🔍 [2/12] Bölüm: https://diziyiizle2.com/gen-v-5/2-sezon-8-bolum/
📺 Embed URL bulundu: https://vidlax.xyz/embed/eb339d1152d134d4
🔍 Embed URL kontrol ediliyor: https://vidlax.xyz/embed/eb339d1152d134d4
❌ Embed URL kontrol hatası (https://vidlax.xyz/embed/eb339d1152d134d4): 404 Client Error: Not Found for url: https://vidlax.xyz/embed/eb339d1152d134d4

🔍 Vidlax direkt analizi: https://vidlax.xyz/embed/eb339d1152d134d4
Vidlax analiz hatası: 404 Client Error: Not Found for url: https://vidlax.xyz/embed/eb339d1152d134d4

🔍 Vidlax direkt analizi: https://diziyiizle2.com/gen-v-5/2-sezon-8-bolum/
📄 Sayfa içeriği alındı: 105418 karakter
❌ m3u8 URL'si bulunamadı
      ❌ m3u8 bulunamadı
   🔍 [3/12] Bölüm: https://diziyiizle2.com/high-potential/2-sezon-6-bolum/
📺 Embed URL bulundu: https://vidlax.xyz/embed/921537efef8593a1
🔍 Embed URL kontrol ediliyor: https://vidlax.xyz/embed/921537efef8593a1
❌ Embed URL kontrol hatası (https://vidlax.xyz/embed/921537efef8593a1): 404 Client Error: Not Found for url: https://vidlax.xyz/embed/921537efef8593a1

🔍 Vidlax direkt analizi: https://vidlax.xyz/embed/921537efef8593a1
Vidlax analiz hatası: 404 Client Error: Not Found for url: https://vidlax.xyz/embed/921537efef8593a1

🔍 Vidlax direkt analizi: https://diziyiizle2.com/high-potential/2-sezon-6-bolum/
📄 Sayfa içeriği alındı: 124986 karakter
❌ m3u8 URL'si bulunamadı
      ❌ m3u8 bulunamadı
   🔍 [4/12] Bölüm: https://diziyiizle2.com/the-morning-show/4-sezon-6-bolum/
📺 Embed URL bulundu: https://vidlax.xyz/embed/8a055eba74647df6
🔍 Embed URL kontrol ediliyor: https://vidlax.xyz/embed/8a055eba74647df6
❌ Embed URL kontrol hatası (https://vidlax.xyz/embed/8a055eba74647df6): 404 Client Error: Not Found for url: https://vidlax.xyz/embed/8a055eba74647df6

🔍 Vidlax direkt analizi: https://vidlax.xyz/embed/8a055eba74647df6
Vidlax analiz hatası: 404 Client Error: Not Found for url: https://vidlax.xyz/embed/8a055eba74647df6

🔍 Vidlax direkt analizi: https://diziyiizle2.com/the-morning-show/4-sezon-6-bolum/
📄 Sayfa içeriği alındı: 139009 karakter
❌ m3u8 URL'si bulunamadı
      ❌ m3u8 bulunamadı
   🔍 [5/12] Bölüm: https://diziyiizle2.com/the-forsytes/1-sezon-1-bolum/

🔍 Vidlax direkt analizi: https://diziyiizle2.com/the-forsytes/1-sezon-1-bolum/
📄 Sayfa içeriği alındı: 93475 karakter
❌ m3u8 URL'si bulunamadı
      ❌ m3u8 bulunamadı
   🔍 [6/12] Bölüm: https://diziyiizle2.com/anne-rices-talamasca-the-secret-order/1-sezon-1-bolum/
📺 Embed URL bulundu: https://vidlax.xyz/embed/242939a781087a52
🔍 Embed URL kontrol ediliyor: https://vidlax.xyz/embed/242939a781087a52
❌ Embed URL kontrol hatası (https://vidlax.xyz/embed/242939a781087a52): 404 Client Error: Not Found for url: https://vidlax.xyz/embed/242939a781087a52

🔍 Vidlax direkt analizi: https://vidlax.xyz/embed/242939a781087a52
Vidlax analiz hatası: 404 Client Error: Not Found for url: https://vidlax.xyz/embed/242939a781087a52

🔍 Vidlax direkt analizi: https://diziyiizle2.com/anne-rices-talamasca-the-secret-order/1-sezon-1-bolum/
📄 Sayfa içeriği alındı: 94290 karakter
❌ m3u8 URL'si bulunamadı
      ❌ m3u8 bulunamadı
   🔍 [7/12] Bölüm: https://diziyiizle2.com/the-ridge/1-sezon-1-bolum/
📺 Embed URL bulundu: https://vidlax.xyz/embed/7016961717fa3389
🔍 Embed URL kontrol ediliyor: https://vidlax.xyz/embed/7016961717fa3389
❌ Embed URL kontrol hatası (https://vidlax.xyz/embed/7016961717fa3389): 404 Client Error: Not Found for url: https://vidlax.xyz/embed/7016961717fa3389

🔍 Vidlax direkt analizi: https://vidlax.xyz/embed/7016961717fa3389
Vidlax analiz hatası: 404 Client Error: Not Found for url: https://vidlax.xyz/embed/7016961717fa3389

🔍 Vidlax direkt analizi: https://diziyiizle2.com/the-ridge/1-sezon-1-bolum/
📄 Sayfa içeriği alındı: 92797 karakter
❌ m3u8 URL'si bulunamadı
      ❌ m3u8 bulunamadı
   🔍 [8/12] Bölüm: https://diziyiizle2.com/watson-2/2-sezon-2-bolum/
📺 Embed URL bulundu: https://vidlax.xyz/embed/8c7efc6a5b7c1b7d
🔍 Embed URL kontrol ediliyor: https://vidlax.xyz/embed/8c7efc6a5b7c1b7d
❌ Embed URL kontrol hatası (https://vidlax.xyz/embed/8c7efc6a5b7c1b7d): 404 Client Error: Not Found for url: https://vidlax.xyz/embed/8c7efc6a5b7c1b7d

🔍 Vidlax direkt analizi: https://vidlax.xyz/embed/8c7efc6a5b7c1b7d
Vidlax analiz hatası: 404 Client Error: Not Found for url: https://vidlax.xyz/embed/8c7efc6a5b7c1b7d

🔍 Vidlax direkt analizi: https://diziyiizle2.com/watson-2/2-sezon-2-bolum/
📄 Sayfa içeriği alındı: 111067 karakter
❌ m3u8 URL'si bulunamadı
      ❌ m3u8 bulunamadı
   🔍 [9/12] Bölüm: https://diziyiizle2.com/chad-powers/1-sezon-5-bolum/
📺 Embed URL bulundu: https://vidlax.xyz/embed/3878ba25391b0044
🔍 Embed URL kontrol ediliyor: https://vidlax.xyz/embed/3878ba25391b0044
❌ Embed URL kontrol hatası (https://vidlax.xyz/embed/3878ba25391b0044): 404 Client Error: Not Found for url: https://vidlax.xyz/embed/3878ba25391b0044

🔍 Vidlax direkt analizi: https://vidlax.xyz/embed/3878ba25391b0044
Vidlax analiz hatası: 404 Client Error: Not Found for url: https://vidlax.xyz/embed/3878ba25391b0044

🔍 Vidlax direkt analizi: https://diziyiizle2.com/chad-powers/1-sezon-5-bolum/
📄 Sayfa içeriği alındı: 94810 karakter
❌ m3u8 URL'si bulunamadı
      ❌ m3u8 bulunamadı
   🔍 [10/12] Bölüm: https://diziyiizle2.com/dmv/1-sezon-2-bolum/
📺 Embed URL bulundu: https://vidlax.xyz/embed/68a79b78c241beea
🔍 Embed URL kontrol ediliyor: https://vidlax.xyz/embed/68a79b78c241beea
❌ Embed URL kontrol hatası (https://vidlax.xyz/embed/68a79b78c241beea): 404 Client Error: Not Found for url: https://vidlax.xyz/embed/68a79b78c241beea

🔍 Vidlax direkt analizi: https://vidlax.xyz/embed/68a79b78c241beea
Vidlax analiz hatası: 404 Client Error: Not Found for url: https://vidlax.xyz/embed/68a79b78c241beea

🔍 Vidlax direkt analizi: https://diziyiizle2.com/dmv/1-sezon-2-bolum/
📄 Sayfa içeriği alındı: 90601 karakter
❌ m3u8 URL'si bulunamadı
      ❌ m3u8 bulunamadı
   🔍 [11/12] Bölüm: https://diziyiizle2.com/only-murders-in-the-building-6/5-sezon-9-bolum/
📺 Embed URL bulundu: https://vidlax.xyz/embed/d677ebae91b8fc6e
🔍 Embed URL kontrol ediliyor: https://vidlax.xyz/embed/d677ebae91b8fc6e
❌ Embed URL kontrol hatası (https://vidlax.xyz/embed/d677ebae91b8fc6e): 404 Client Error: Not Found for url: https://vidlax.xyz/embed/d677ebae91b8fc6e

🔍 Vidlax direkt analizi: https://vidlax.xyz/embed/d677ebae91b8fc6e
Vidlax analiz hatası: 404 Client Error: Not Found for url: https://vidlax.xyz/embed/d677ebae91b8fc6e

🔍 Vidlax direkt analizi: https://diziyiizle2.com/only-murders-in-the-building-6/5-sezon-9-bolum/
📄 Sayfa içeriği alındı: 153437 karakter
❌ m3u8 URL'si bulunamadı
      ❌ m3u8 bulunamadı
   🔍 [12/12] Bölüm: https://diziyiizle2.com/mahsun-j-12/2-sezon-12-bolum/
📺 Embed URL bulundu: https://www.youtube.com/embed/f0xEeMszr4M
🔍 Embed URL kontrol ediliyor: https://www.youtube.com/embed/f0xEeMszr4M
📄 Embed sayfa içeriği alındı, boyut: 121124 karakter

🔍 Vidlax direkt analizi: https://www.youtube.com/embed/f0xEeMszr4M
📄 Sayfa içeriği alındı: 121455 karakter
❌ m3u8 URL'si bulunamadı

🔍 Vidlax direkt analizi: https://diziyiizle2.com/mahsun-j-12/2-sezon-12-bolum/
📄 Sayfa içeriği alındı: 111428 karakter
❌ m3u8 URL'si bulunamadı
      ❌ m3u8 bulunamadı
   ❌ Bu dizi için hiç m3u8 bulunamadı

============================================================
🎬 [2/56] İşleniyor: https://diziyiizle2.com/dizi/the-forsytes/
📺 Bölüm bulundu: 1. Sezon 1. BölümAltyazılı21.10.202551 dk. - https://diziyiizle2.com/the-forsytes/1-sezon-1-bolum/
📺 Bölüm bulundu: 1. Sezon 2. BölümAltyazılı21.10.202551 dk. - https://diziyiizle2.com/the-forsytes/1-sezon-2-bolum/
📺 Bölüm bulundu: 1. Sezon 3. BölümAltyazılı21.10.202552 dk. - https://diziyiizle2.com/the-forsytes/1-sezon-3-bolum/
📺 Bölüm bulundu: 1. Sezon 4. BölümAltyazılı21.10.202552 dk. - https://diziyiizle2.com/the-forsytes/1-sezon-4-bolum/
📺 Bölüm bulundu: 1. Sezon 5. BölümAltyazılı21.10.202551 dk. - https://diziyiizle2.com/the-forsytes/1-sezon-5-bolum/
📺 Bölüm bulundu: 1. Sezon 6. BölümAltyazılı21.10.202552 dk. - https://diziyiizle2.com/the-forsytes/1-sezon-6-bolum/

📊 Toplam 6 bölüm bulundu
   🔍 [1/6] Bölüm: https://diziyiizle2.com/the-forsytes/1-sezon-1-bolum/

🔍 Vidlax direkt analizi: https://diziyiizle2.com/the-forsytes/1-sezon-1-bolum/
📄 Sayfa içeriği alındı: 93475 karakter
❌ m3u8 URL'si bulunamadı
      ❌ m3u8 bulunamadı
   🔍 [2/6] Bölüm: https://diziyiizle2.com/the-forsytes/1-sezon-2-bolum/

🔍 Vidlax direkt analizi: https://diziyiizle2.com/the-forsytes/1-sezon-2-bolum/
📄 Sayfa içeriği alındı: 93545 karakter
❌ m3u8 URL'si bulunamadı
      ❌ m3u8 bulunamadı
   🔍 [3/6] Bölüm: https://diziyiizle2.com/the-forsytes/1-sezon-3-bolum/

🔍 Vidlax direkt analizi: https://diziyiizle2.com/the-forsytes/1-sezon-3-bolum/
📄 Sayfa içeriği alındı: 93545 karakter
❌ m3u8 URL'si bulunamadı
      ❌ m3u8 bulunamadı
   🔍 [4/6] Bölüm: https://diziyiizle2.com/the-forsytes/1-sezon-4-bolum/

🔍 Vidlax direkt analizi: https://diziyiizle2.com/the-forsytes/1-sezon-4-bolum/
📄 Sayfa içeriği alındı: 93546 karakter
❌ m3u8 URL'si bulunamadı
      ❌ m3u8 bulunamadı
   🔍 [5/6] Bölüm: https://diziyiizle2.com/the-forsytes/1-sezon-5-bolum/

🔍 Vidlax direkt analizi: https://diziyiizle2.com/the-forsytes/1-sezon-5-bolum/
📄 Sayfa içeriği alındı: 93546 karakter
❌ m3u8 URL'si bulunamadı
      ❌ m3u8 bulunamadı
   🔍 [6/6] Bölüm: https://diziyiizle2.com/the-forsytes/1-sezon-6-bolum/

🔍 Vidlax direkt analizi: https://diziyiizle2.com/the-forsytes/1-sezon-6-bolum/
📄 Sayfa içeriği alındı: 93546 karakter
❌ m3u8 URL'si bulunamadı
      ❌ m3u8 bulunamadı
   ❌ Bu dizi için hiç m3u8 bulunamadı

============================================================
🎬 [3/56] İşleniyor: https://diziyiizle2.com/dizi/anne-rices-talamasca-the-secret-order/
📺 Bölüm bulundu: 1. Sezon 1. BölümAltyazılı21.10.202553 dk. - https://diziyiizle2.com/anne-rices-talamasca-the-secret-order/1-sezon-1-bolum/
📺 Bölüm bulundu: 1. Sezon 2. BölümAltyazılı21.10.2025 - https://diziyiizle2.com/anne-rices-talamasca-the-secret-order/1-sezon-2-bolum/
📺 Bölüm bulundu: 1. Sezon 3. BölümAltyazılı21.10.2025 - https://diziyiizle2.com/anne-rices-talamasca-the-secret-order/1-sezon-3-bolum/
📺 Bölüm bulundu: 1. Sezon 4. BölümAltyazılı21.10.2025 - https://diziyiizle2.com/anne-rices-talamasca-the-secret-order/1-sezon-4-bolum/
📺 Bölüm bulundu: 1. Sezon 5. BölümAltyazılı21.10.2025 - https://diziyiizle2.com/anne-rices-talamasca-the-secret-order/1-sezon-5-bolum/
📺 Bölüm bulundu: 1. Sezon 6. BölümAltyazılı21.10.2025 - https://diziyiizle2.com/anne-rices-talamasca-the-secret-order/1-sezon-6-bolum/

📊 Toplam 6 bölüm bulundu
   🔍 [1/6] Bölüm: https://diziyiizle2.com/anne-rices-talamasca-the-secret-order/1-sezon-1-bolum/
📺 Embed URL bulundu: https://vidlax.xyz/embed/242939a781087a52
🔍 Embed URL kontrol ediliyor: https://vidlax.xyz/embed/242939a781087a52
❌ Embed URL kontrol hatası (https://vidlax.xyz/embed/242939a781087a52): 404 Client Error: Not Found for url: https://vidlax.xyz/embed/242939a781087a52

🔍 Vidlax direkt analizi: https://vidlax.xyz/embed/242939a781087a52
Vidlax analiz hatası: 404 Client Error: Not Found for url: https://vidlax.xyz/embed/242939a781087a52

🔍 Vidlax direkt analizi: https://diziyiizle2.com/anne-rices-talamasca-the-secret-order/1-sezon-1-bolum/
📄 Sayfa içeriği alındı: 94290 karakter
❌ m3u8 URL'si bulunamadı
      ❌ m3u8 bulunamadı
   🔍 [2/6] Bölüm: https://diziyiizle2.com/anne-rices-talamasca-the-secret-order/1-sezon-2-bolum/

🔍 Vidlax direkt analizi: https://diziyiizle2.com/anne-rices-talamasca-the-secret-order/1-sezon-2-bolum/
📄 Sayfa içeriği alındı: 93431 karakter
❌ m3u8 URL'si bulunamadı
      ❌ m3u8 bulunamadı
   🔍 [3/6] Bölüm: https://diziyiizle2.com/anne-rices-talamasca-the-secret-order/1-sezon-3-bolum/

🔍 Vidlax direkt analizi: https://diziyiizle2.com/anne-rices-talamasca-the-secret-order/1-sezon-3-bolum/
📄 Sayfa içeriği alındı: 93431 karakter
❌ m3u8 URL'si bulunamadı
      ❌ m3u8 bulunamadı
   🔍 [4/6] Bölüm: https://diziyiizle2.com/anne-rices-talamasca-the-secret-order/1-sezon-4-bolum/

🔍 Vidlax direkt analizi: https://diziyiizle2.com/anne-rices-talamasca-the-secret-order/1-sezon-4-bolum/
📄 Sayfa içeriği alındı: 93430 karakter
❌ m3u8 URL'si bulunamadı
      ❌ m3u8 bulunamadı
   🔍 [5/6] Bölüm: https://diziyiizle2.com/anne-rices-talamasca-the-secret-order/1-sezon-5-bolum/

🔍 Vidlax direkt analizi: https://diziyiizle2.com/anne-rices-talamasca-the-secret-order/1-sezon-5-bolum/
📄 Sayfa içeriği alındı: 93431 karakter
❌ m3u8 URL'si bulunamadı
      ❌ m3u8 bulunamadı
   🔍 [6/6] Bölüm: https://diziyiizle2.com/anne-rices-talamasca-the-secret-order/1-sezon-6-bolum/

🔍 Vidlax direkt analizi: https://diziyiizle2.com/anne-rices-talamasca-the-secret-order/1-sezon-6-bolum/
📄 Sayfa içeriği alındı: 93431 karakter
❌ m3u8 URL'si bulunamadı
      ❌ m3u8 bulunamadı
   ❌ Bu dizi için hiç m3u8 bulunamadı

============================================================
🎬 [4/56] İşleniyor: https://diziyiizle2.com/dizi/the-ridge/
📺 Bölüm bulundu: 1. Sezon 1. BölümAltyazılı21.10.202542 dk. - https://diziyiizle2.com/the-ridge/1-sezon-1-bolum/
📺 Bölüm bulundu: 1. Sezon 2. BölümAltyazılı21.10.202542 dk. - https://diziyiizle2.com/the-ridge/1-sezon-2-bolum/
📺 Bölüm bulundu: 1. Sezon 3. BölümAltyazılı21.10.202542 dk. - https://diziyiizle2.com/the-ridge/1-sezon-3-bolum/
📺 Bölüm bulundu: 1. Sezon 4. BölümAltyazılı21.10.202542 dk. - https://diziyiizle2.com/the-ridge/1-sezon-4-bolum/
📺 Bölüm bulundu: 1. Sezon 5. BölümAltyazılı21.10.202542 dk. - https://diziyiizle2.com/the-ridge/1-sezon-5-bolum/
📺 Bölüm bulundu: 1. Sezon 6. BölümAltyazılı21.10.202542 dk. - https://diziyiizle2.com/the-ridge/1-sezon-6-bolum/

📊 Toplam 6 bölüm bulundu
   🔍 [1/6] Bölüm: https://diziyiizle2.com/the-ridge/1-sezon-1-bolum/
📺 Embed URL bulundu: https://vidlax.xyz/embed/7016961717fa3389
🔍 Embed URL kontrol ediliyor: https://vidlax.xyz/embed/7016961717fa3389
❌ Embed URL kontrol hatası (https://vidlax.xyz/embed/7016961717fa3389): 404 Client Error: Not Found for url: https://vidlax.xyz/embed/7016961717fa3389

🔍 Vidlax direkt analizi: https://vidlax.xyz/embed/7016961717fa3389
Vidlax analiz hatası: 404 Client Error: Not Found for url: https://vidlax.xyz/embed/7016961717fa3389

🔍 Vidlax direkt analizi: https://diziyiizle2.com/the-ridge/1-sezon-1-bolum/
📄 Sayfa içeriği alındı: 92797 karakter
❌ m3u8 URL'si bulunamadı
      ❌ m3u8 bulunamadı
   🔍 [2/6] Bölüm: https://diziyiizle2.com/the-ridge/1-sezon-2-bolum/

🔍 Vidlax direkt analizi: https://diziyiizle2.com/the-ridge/1-sezon-2-bolum/
📄 Sayfa içeriği alındı: 92751 karakter
❌ m3u8 URL'si bulunamadı
      ❌ m3u8 bulunamadı
   🔍 [3/6] Bölüm: https://diziyiizle2.com/the-ridge/1-sezon-3-bolum/

🔍 Vidlax direkt analizi: https://diziyiizle2.com/the-ridge/1-sezon-3-bolum/
📄 Sayfa içeriği alındı: 92751 karakter
❌ m3u8 URL'si bulunamadı
      ❌ m3u8 bulunamadı
   🔍 [4/6] Bölüm: https://diziyiizle2.com/the-ridge/1-sezon-4-bolum/

🔍 Vidlax direkt analizi: https://diziyiizle2.com/the-ridge/1-sezon-4-bolum/
📄 Sayfa içeriği alındı: 92752 karakter
❌ m3u8 URL'si bulunamadı
      ❌ m3u8 bulunamadı
   🔍 [5/6] Bölüm: https://diziyiizle2.com/the-ridge/1-sezon-5-bolum/

🔍 Vidlax direkt analizi: https://diziyiizle2.com/the-ridge/1-sezon-5-bolum/
📄 Sayfa içeriği alındı: 92752 karakter
❌ m3u8 URL'si bulunamadı
      ❌ m3u8 bulunamadı
   🔍 [6/6] Bölüm: https://diziyiizle2.com/the-ridge/1-sezon-6-bolum/

🔍 Vidlax direkt analizi: https://diziyiizle2.com/the-ridge/1-sezon-6-bolum/
📄 Sayfa içeriği alındı: 92752 karakter
❌ m3u8 URL'si bulunamadı
      ❌ m3u8 bulunamadı
   ❌ Bu dizi için hiç m3u8 bulunamadı

============================================================
🎬 [5/56] İşleniyor: https://diziyiizle2.com/dizi/dexter/
📺 Bölüm bulundu: 1. Sezon 1. BölümDublaj19.10.202553 dk. - https://diziyiizle2.com/dexter/1-sezon-1-bolum/
📺 Bölüm bulundu: 1. Sezon 2. BölümDublaj19.10.202555 dk. - https://diziyiizle2.com/dexter/1-sezon-2-bolum/
📺 Bölüm bulundu: 1. Sezon 3. BölümDublaj19.10.202551 dk. - https://diziyiizle2.com/dexter/1-sezon-3-bolum/
📺 Bölüm bulundu: 1. Sezon 4. BölümDublaj19.10.202558 dk. - https://diziyiizle2.com/dexter/1-sezon-4-bolum/
📺 Bölüm bulundu: 1. Sezon 5. BölümDublaj19.10.202556 dk. - https://diziyiizle2.com/dexter/1-sezon-5-bolum/
📺 Bölüm bulundu: 1. Sezon 6. BölümDublaj19.10.202553 dk. - https://diziyiizle2.com/dexter/1-sezon-6-bolum/
📺 Bölüm bulundu: 1. Sezon 7. BölümDublaj19.10.202553 dk. - https://diziyiizle2.com/dexter/1-sezon-7-bolum/
📺 Bölüm bulundu: 1. Sezon 8. BölümDublaj19.10.202554 dk. - https://diziyiizle2.com/dexter/1-sezon-8-bolum/
📺 Bölüm bulundu: 1. Sezon 9. BölümDublaj19.10.202556 dk. - https://diziyiizle2.com/dexter/1-sezon-9-bolum/
📺 Bölüm bulundu: 1. Sezon 10. BölümDublaj19.10.202557 dk. - https://diziyiizle2.com/dexter/1-sezon-10-bolum/
📺 Bölüm bulundu: 1. Sezon 11. BölümDublaj19.10.202554 dk. - https://diziyiizle2.com/dexter/1-sezon-11-bolum/
📺 Bölüm bulundu: 1. Sezon 12. BölümDublaj19.10.202557 dk. - https://diziyiizle2.com/dexter/1-sezon-12-bolum/
📺 Bölüm bulundu: 2. Sezon 1. BölümDublaj19.10.202554 dk. - https://diziyiizle2.com/dexter/2-sezon-1-bolum/
📺 Bölüm bulundu: 2. Sezon 2. BölümDublaj19.10.202556 dk. - https://diziyiizle2.com/dexter/2-sezon-2-bolum/
📺 Bölüm bulundu: 2. Sezon 3. BölümDublaj19.10.202553 dk. - https://diziyiizle2.com/dexter/2-sezon-3-bolum/
📺 Bölüm bulundu: 2. Sezon 4. BölümDublaj19.10.202553 dk. - https://diziyiizle2.com/dexter/2-sezon-4-bolum/
📺 Bölüm bulundu: 2. Sezon 5. BölümDublaj19.10.202556 dk. - https://diziyiizle2.com/dexter/2-sezon-5-bolum/
📺 Bölüm bulundu: 2. Sezon 6. BölümDublaj19.10.202554 dk. - https://diziyiizle2.com/dexter/2-sezon-6-bolum/
📺 Bölüm bulundu: 2. Sezon 7. BölümDublaj19.10.202556 dk. - https://diziyiizle2.com/dexter/2-sezon-7-bolum/
📺 Bölüm bulundu: 2. Sezon 8. BölümDublaj19.10.202550 dk. - https://diziyiizle2.com/dexter/2-sezon-8-bolum/
📺 Bölüm bulundu: 2. Sezon 9. BölümDublaj19.10.202551 dk. - https://diziyiizle2.com/dexter/2-sezon-9-bolum/
📺 Bölüm bulundu: 2. Sezon 10. BölümDublaj19.10.202556 dk. - https://diziyiizle2.com/dexter/2-sezon-10-bolum/
📺 Bölüm bulundu: 2. Sezon 11. BölümDublaj19.10.202552 dk. - https://diziyiizle2.com/dexter/2-sezon-11-bolum/
📺 Bölüm bulundu: 2. Sezon 12. BölümDublaj19.10.202552 dk. - https://diziyiizle2.com/dexter/2-sezon-12-bolum/
📺 Bölüm bulundu: 3. Sezon 1. BölümDublaj19.10.202558 dk. - https://diziyiizle2.com/dexter/3-sezon-1-bolum/
📺 Bölüm bulundu: 3. Sezon 2. BölümDublaj19.10.202550 dk. - https://diziyiizle2.com/dexter/3-sezon-2-bolum/
📺 Bölüm bulundu: 3. Sezon 3. BölümDublaj19.10.202550 dk. - https://diziyiizle2.com/dexter/3-sezon-3-bolum/
📺 Bölüm bulundu: 3. Sezon 4. BölümDublaj19.10.202555 dk. - https://diziyiizle2.com/dexter/3-sezon-4-bolum/
📺 Bölüm bulundu: 3. Sezon 5. BölümDublaj19.10.202549 dk. - https://diziyiizle2.com/dexter/3-sezon-5-bolum/
📺 Bölüm bulundu: 3. Sezon 6. BölümDublaj19.10.202555 dk. - https://diziyiizle2.com/dexter/3-sezon-6-bolum/
📺 Bölüm bulundu: 3. Sezon 7. BölümDublaj19.10.202558 dk. - https://diziyiizle2.com/dexter/3-sezon-7-bolum/
📺 Bölüm bulundu: 3. Sezon 8. BölümDublaj19.10.202555 dk. - https://diziyiizle2.com/dexter/3-sezon-8-bolum/
📺 Bölüm bulundu: 3. Sezon 9. BölümDublaj19.10.202552 dk. - https://diziyiizle2.com/dexter/3-sezon-9-bolum/
📺 Bölüm bulundu: 3. Sezon 10. BölümDublaj19.10.202551 dk. - https://diziyiizle2.com/dexter/3-sezon-10-bolum/
📺 Bölüm bulundu: 3. Sezon 11. BölümDublaj19.10.202551 dk. - https://diziyiizle2.com/dexter/3-sezon-11-bolum/
📺 Bölüm bulundu: 3. Sezon 12. BölümDublaj19.10.202552 dk. - https://diziyiizle2.com/dexter/3-sezon-12-bolum/
📺 Bölüm bulundu: 4. Sezon 1. BölümDublaj19.10.202554 dk. - https://diziyiizle2.com/dexter/4-sezon-1-bolum/
📺 Bölüm bulundu: 4. Sezon 2. BölümDublaj19.10.202550 dk. - https://diziyiizle2.com/dexter/4-sezon-2-bolum/
📺 Bölüm bulundu: 4. Sezon 3. BölümDublaj19.10.202552 dk. - https://diziyiizle2.com/dexter/4-sezon-3-bolum/
📺 Bölüm bulundu: 4. Sezon 4. BölümDublaj19.10.202555 dk. - https://diziyiizle2.com/dexter/4-sezon-4-bolum/
📺 Bölüm bulundu: 4. Sezon 5. BölümDublaj19.10.202550 dk. - https://diziyiizle2.com/dexter/4-sezon-5-bolum/
📺 Bölüm bulundu: 4. Sezon 6. BölümDublaj19.10.202556 dk. - https://diziyiizle2.com/dexter/4-sezon-6-bolum/
📺 Bölüm bulundu: 4. Sezon 7. BölümDublaj19.10.202553 dk. - https://diziyiizle2.com/dexter/4-sezon-7-bolum/
📺 Bölüm bulundu: 4. Sezon 8. BölümDublaj19.10.202555 dk. - https://diziyiizle2.com/dexter/4-sezon-8-bolum/
📺 Bölüm bulundu: 4. Sezon 9. BölümDublaj19.10.202552 dk. - https://diziyiizle2.com/dexter/4-sezon-9-bolum/
📺 Bölüm bulundu: 4. Sezon 10. BölümDublaj19.10.202557 dk. - https://diziyiizle2.com/dexter/4-sezon-10-bolum/
📺 Bölüm bulundu: 4. Sezon 11. BölümDublaj19.10.202552 dk. - https://diziyiizle2.com/dexter/4-sezon-11-bolum/
📺 Bölüm bulundu: 4. Sezon 12. BölümDublaj19.10.202552 dk. - https://diziyiizle2.com/dexter/4-sezon-12-bolum/
📺 Bölüm bulundu: 5. Sezon 1. BölümDublaj19.10.202555 dk. - https://diziyiizle2.com/dexter/5-sezon-1-bolum/
📺 Bölüm bulundu: 5. Sezon 2. BölümDublaj19.10.202550 dk. - https://diziyiizle2.com/dexter/5-sezon-2-bolum/
📺 Bölüm bulundu: 5. Sezon 3. BölümDublaj19.10.202549 dk. - https://diziyiizle2.com/dexter/5-sezon-3-bolum/
📺 Bölüm bulundu: 5. Sezon 4. BölümDublaj19.10.202551 dk. - https://diziyiizle2.com/dexter/5-sezon-4-bolum/
📺 Bölüm bulundu: 5. Sezon 5. BölümDublaj19.10.202551 dk. - https://diziyiizle2.com/dexter/5-sezon-5-bolum/
📺 Bölüm bulundu: 5. Sezon 6. BölümDublaj19.10.202551 dk. - https://diziyiizle2.com/dexter/5-sezon-6-bolum/
📺 Bölüm bulundu: 5. Sezon 7. BölümDublaj19.10.202549 dk. - https://diziyiizle2.com/dexter/5-sezon-7-bolum/
📺 Bölüm bulundu: 5. Sezon 8. BölümDublaj19.10.202553 dk. - https://diziyiizle2.com/dexter/5-sezon-8-bolum/
📺 Bölüm bulundu: 5. Sezon 9. BölümDublaj19.10.202555 dk. - https://diziyiizle2.com/dexter/5-sezon-9-bolum/
📺 Bölüm bulundu: 5. Sezon 10. BölümDublaj19.10.202554 dk. - https://diziyiizle2.com/dexter/5-sezon-10-bolum/
📺 Bölüm bulundu: 5. Sezon 11. BölümDublaj19.10.202548 dk. - https://diziyiizle2.com/dexter/5-sezon-11-bolum/
📺 Bölüm bulundu: 5. Sezon 12. BölümDublaj19.10.202556 dk. - https://diziyiizle2.com/dexter/5-sezon-12-bolum/
📺 Bölüm bulundu: 6. Sezon 1. BölümDublaj19.10.202554 dk. - https://diziyiizle2.com/dexter/6-sezon-1-bolum/
📺 Bölüm bulundu: 6. Sezon 2. BölümDublaj19.10.202554 dk. - https://diziyiizle2.com/dexter/6-sezon-2-bolum/
📺 Bölüm bulundu: 6. Sezon 3. BölümDublaj19.10.202551 dk. - https://diziyiizle2.com/dexter/6-sezon-3-bolum/
📺 Bölüm bulundu: 6. Sezon 4. BölümDublaj19.10.202553 dk. - https://diziyiizle2.com/dexter/6-sezon-4-bolum/
📺 Bölüm bulundu: 6. Sezon 5. BölümDublaj19.10.202552 dk. - https://diziyiizle2.com/dexter/6-sezon-5-bolum/
📺 Bölüm bulundu: 6. Sezon 6. BölümDublaj19.10.202555 dk. - https://diziyiizle2.com/dexter/6-sezon-6-bolum/
📺 Bölüm bulundu: 6. Sezon 7. BölümDublaj19.10.202552 dk. - https://diziyiizle2.com/dexter/6-sezon-7-bolum/
📺 Bölüm bulundu: 6. Sezon 8. BölümDublaj19.10.202553 dk. - https://diziyiizle2.com/dexter/6-sezon-8-bolum/
📺 Bölüm bulundu: 6. Sezon 9. BölümDublaj19.10.202551 dk. - https://diziyiizle2.com/dexter/6-sezon-9-bolum/
📺 Bölüm bulundu: 6. Sezon 10. BölümDublaj19.10.202550 dk. - https://diziyiizle2.com/dexter/6-sezon-10-bolum/
📺 Bölüm bulundu: 6. Sezon 11. BölümDublaj19.10.202548 dk. - https://diziyiizle2.com/dexter/6-sezon-11-bolum/
📺 Bölüm bulundu: 6. Sezon 12. BölümDublaj19.10.202552 dk. - https://diziyiizle2.com/dexter/6-sezon-12-bolum/
📺 Bölüm bulundu: 7. Sezon 1. BölümDublaj19.10.202556 dk. - https://diziyiizle2.com/dexter/7-sezon-1-bolum/
📺 Bölüm bulundu: 7. Sezon 2. BölümDublaj19.10.202559 dk. - https://diziyiizle2.com/dexter/7-sezon-2-bolum/
📺 Bölüm bulundu: 7. Sezon 3. BölümDublaj19.10.202557 dk. - https://diziyiizle2.com/dexter/7-sezon-3-bolum/
📺 Bölüm bulundu: 7. Sezon 4. BölümDublaj19.10.202554 dk. - https://diziyiizle2.com/dexter/7-sezon-4-bolum/
📺 Bölüm bulundu: 7. Sezon 5. BölümDublaj19.10.202558 dk. - https://diziyiizle2.com/dexter/7-sezon-5-bolum/
📺 Bölüm bulundu: 7. Sezon 6. BölümDublaj19.10.202555 dk. - https://diziyiizle2.com/dexter/7-sezon-6-bolum/
📺 Bölüm bulundu: 7. Sezon 7. BölümDublaj19.10.202554 dk. - https://diziyiizle2.com/dexter/7-sezon-7-bolum/
📺 Bölüm bulundu: 7. Sezon 8. BölümDublaj19.10.202558 dk. - https://diziyiizle2.com/dexter/7-sezon-8-bolum/
📺 Bölüm bulundu: 7. Sezon 9. BölümDublaj19.10.202557 dk. - https://diziyiizle2.com/dexter/7-sezon-9-bolum/
📺 Bölüm bulundu: 7. Sezon 10. BölümDublaj19.10.202554 dk. - https://diziyiizle2.com/dexter/7-sezon-10-bolum/
📺 Bölüm bulundu: 7. Sezon 11. BölümDublaj19.10.202558 dk. - https://diziyiizle2.com/dexter/7-sezon-11-bolum/
📺 Bölüm bulundu: 7. Sezon 12. BölümDublaj19.10.202556 dk. - https://diziyiizle2.com/dexter/7-sezon-12-bolum/
📺 Bölüm bulundu: 8. Sezon 1. BölümDublaj19.10.202553 dk. - https://diziyiizle2.com/dexter/8-sezon-1-bolum/
📺 Bölüm bulundu: 8. Sezon 2. BölümDublaj19.10.202558 dk. - https://diziyiizle2.com/dexter/8-sezon-2-bolum/
📺 Bölüm bulundu: 8. Sezon 3. BölümDublaj19.10.202549 dk. - https://diziyiizle2.com/dexter/8-sezon-3-bolum/
📺 Bölüm bulundu: 8. Sezon 4. BölümDublaj19.10.202550 dk. - https://diziyiizle2.com/dexter/8-sezon-4-bolum/
📺 Bölüm bulundu: 8. Sezon 5. BölümDublaj19.10.202548 dk. - https://diziyiizle2.com/dexter/8-sezon-5-bolum/
📺 Bölüm bulundu: 8. Sezon 6. BölümDublaj19.10.202556 dk. - https://diziyiizle2.com/dexter/8-sezon-6-bolum/
📺 Bölüm bulundu: 8. Sezon 7. BölümDublaj19.10.202553 dk. - https://diziyiizle2.com/dexter/8-sezon-7-bolum/
📺 Bölüm bulundu: 8. Sezon 8. BölümDublaj19.10.202553 dk. - https://diziyiizle2.com/dexter/8-sezon-8-bolum/
📺 Bölüm bulundu: 8. Sezon 9. BölümDublaj19.10.202556 dk. - https://diziyiizle2.com/dexter/8-sezon-9-bolum/
📺 Bölüm bulundu: 8. Sezon 10. BölümDublaj19.10.202553 dk. - https://diziyiizle2.com/dexter/8-sezon-10-bolum/
📺 Bölüm bulundu: 8. Sezon 11. BölümDublaj19.10.202553 dk. - https://diziyiizle2.com/dexter/8-sezon-11-bolum/
📺 Bölüm bulundu: 8. Sezon 12. BölümDublaj19.10.202557 dk. - https://diziyiizle2.com/dexter/8-sezon-12-bolum/

📊 Toplam 96 bölüm bulundu
   🔍 [1/96] Bölüm: https://diziyiizle2.com/dexter/1-sezon-1-bolum/
📺 Embed URL bulundu: https://vidlax.xyz/embed/d8057513a2c5377e
🔍 Embed URL kontrol ediliyor: https://vidlax.xyz/embed/d8057513a2c5377e
❌ Embed URL kontrol hatası (https://vidlax.xyz/embed/d8057513a2c5377e): 404 Client Error: Not Found for url: https://vidlax.xyz/embed/d8057513a2c5377e

🔍 Vidlax direkt analizi: https://vidlax.xyz/embed/d8057513a2c5377e
Vidlax analiz hatası: 404 Client Error: Not Found for url: https://vidlax.xyz/embed/d8057513a2c5377e

🔍 Vidlax direkt analizi: https://diziyiizle2.com/dexter/1-sezon-1-bolum/
📄 Sayfa içeriği alındı: 213594 karakter
❌ m3u8 URL'si bulunamadı
      ❌ m3u8 bulunamadı
   🔍 [2/96] Bölüm: https://diziyiizle2.com/dexter/1-sezon-2-bolum/
📺 Embed URL bulundu: https://vidlax.xyz/embed/cc6c5a08762c193a
🔍 Embed URL kontrol ediliyor: https://vidlax.xyz/embed/cc6c5a08762c193a
❌ Embed URL kontrol hatası (https://vidlax.xyz/embed/cc6c5a08762c193a): 404 Client Error: Not Found for url: https://vidlax.xyz/embed/cc6c5a08762c193a

🔍 Vidlax direkt analizi: https://vidlax.xyz/embed/cc6c5a08762c193a
Vidlax analiz hatası: 404 Client Error: Not Found for url: https://vidlax.xyz/embed/cc6c5a08762c193a

🔍 Vidlax direkt analizi: https://diziyiizle2.com/dexter/1-sezon-2-bolum/
📄 Sayfa içeriği alındı: 213608 karakter
❌ m3u8 URL'si bulunamadı
      ❌ m3u8 bulunamadı
   🔍 [3/96] Bölüm: https://diziyiizle2.com/dexter/1-sezon-3-bolum/
📺 Embed URL bulundu: https://vidlax.xyz/embed/31b843054c745fa5
🔍 Embed URL kontrol ediliyor: https://vidlax.xyz/embed/31b843054c745fa5
❌ Embed URL kontrol hatası (https://vidlax.xyz/embed/31b843054c745fa5): 404 Client Error: Not Found for url: https://vidlax.xyz/embed/31b843054c745fa5

🔍 Vidlax direkt analizi: https://vidlax.xyz/embed/31b843054c745fa5
Vidlax analiz hatası: 404 Client Error: Not Found for url: https://vidlax.xyz/embed/31b843054c745fa5

🔍 Vidlax direkt analizi: https://diziyiizle2.com/dexter/1-sezon-3-bolum/
📄 Sayfa içeriği alındı: 213608 karakter
❌ m3u8 URL'si bulunamadı
      ❌ m3u8 bulunamadı
   🔍 [4/96] Bölüm: https://diziyiizle2.com/dexter/1-sezon-4-bolum/
📺 Embed URL bulundu: https://vidlax.xyz/embed/068618189a0ad683
🔍 Embed URL kontrol ediliyor: https://vidlax.xyz/embed/068618189a0ad683
❌ Embed URL kontrol hatası (https://vidlax.xyz/embed/068618189a0ad683): 404 Client Error: Not Found for url: https://vidlax.xyz/embed/068618189a0ad683

🔍 Vidlax direkt analizi: https://vidlax.xyz/embed/068618189a0ad683
Vidlax analiz hatası: 404 Client Error: Not Found for url: https://vidlax.xyz/embed/068618189a0ad683

🔍 Vidlax direkt analizi: https://diziyiizle2.com/dexter/1-sezon-4-bolum/
📄 Sayfa içeriği alındı: 213616 karakter
❌ m3u8 URL'si bulunamadı
      ❌ m3u8 bulunamadı
   🔍 [5/96] Bölüm: https://diziyiizle2.com/dexter/1-sezon-5-bolum/
📺 Embed URL bulundu: https://vidlax.xyz/embed/7318716e476e5794
🔍 Embed URL kontrol ediliyor: https://vidlax.xyz/embed/7318716e476e5794
❌ Embed URL kontrol hatası (https://vidlax.xyz/embed/7318716e476e5794): 404 Client Error: Not Found for url: https://vidlax.xyz/embed/7318716e476e5794

🔍 Vidlax direkt analizi: https://vidlax.xyz/embed/7318716e476e5794
Vidlax analiz hatası: 404 Client Error: Not Found for url: https://vidlax.xyz/embed/7318716e476e5794

🔍 Vidlax direkt analizi: https://diziyiizle2.com/dexter/1-sezon-5-bolum/
📄 Sayfa içeriği alındı: 213584 karakter
❌ m3u8 URL'si bulunamadı
      ❌ m3u8 bulunamadı
   🔍 [6/96] Bölüm: https://diziyiizle2.com/dexter/1-sezon-6-bolum/
📺 Embed URL bulundu: https://vidlax.xyz/embed/caf2f71e0d24e585
🔍 Embed URL kontrol ediliyor: https://vidlax.xyz/embed/caf2f71e0d24e585
❌ Embed URL kontrol hatası (https://vidlax.xyz/embed/caf2f71e0d24e585): 404 Client Error: Not Found for url: https://vidlax.xyz/embed/caf2f71e0d24e585

🔍 Vidlax direkt analizi: https://vidlax.xyz/embed/caf2f71e0d24e585
Vidlax analiz hatası: 404 Client Error: Not Found for url: https://vidlax.xyz/embed/caf2f71e0d24e585

🔍 Vidlax direkt analizi: https://diziyiizle2.com/dexter/1-sezon-6-bolum/
📄 Sayfa içeriği alındı: 213507 karakter
❌ m3u8 URL'si bulunamadı
      ❌ m3u8 bulunamadı
   🔍 [7/96] Bölüm: https://diziyiizle2.com/dexter/1-sezon-7-bolum/
📺 Embed URL bulundu: https://vidlax.xyz/embed/2d5134aac9a0a5ae
🔍 Embed URL kontrol ediliyor: https://vidlax.xyz/embed/2d5134aac9a0a5ae
❌ Embed URL kontrol hatası (https://vidlax.xyz/embed/2d5134aac9a0a5ae): 404 Client Error: Not Found for url: https://vidlax.xyz/embed/2d5134aac9a0a5ae

🔍 Vidlax direkt analizi: https://vidlax.xyz/embed/2d5134aac9a0a5ae
Vidlax analiz hatası: 404 Client Error: Not Found for url: https://vidlax.xyz/embed/2d5134aac9a0a5ae

🔍 Vidlax direkt analizi: https://diziyiizle2.com/dexter/1-sezon-7-bolum/
📄 Sayfa içeriği alındı: 213608 karakter
❌ m3u8 URL'si bulunamadı
      ❌ m3u8 bulunamadı
   🔍 [8/96] Bölüm: https://diziyiizle2.com/dexter/1-sezon-8-bolum/
📺 Embed URL bulundu: https://vidlax.xyz/embed/8485f1e8c37c82fa
🔍 Embed URL kontrol ediliyor: https://vidlax.xyz/embed/8485f1e8c37c82fa
❌ Embed URL kontrol hatası (https://vidlax.xyz/embed/8485f1e8c37c82fa): 404 Client Error: Not Found for url: https://vidlax.xyz/embed/8485f1e8c37c82fa

🔍 Vidlax direkt analizi: https://vidlax.xyz/embed/8485f1e8c37c82fa
Vidlax analiz hatası: 404 Client Error: Not Found for url: https://vidlax.xyz/embed/8485f1e8c37c82fa

🔍 Vidlax direkt analizi: https://diziyiizle2.com/dexter/1-sezon-8-bolum/
📄 Sayfa içeriği alındı: 213565 karakter
❌ m3u8 URL'si bulunamadı
      ❌ m3u8 bulunamadı
   🔍 [9/96] Bölüm: https://diziyiizle2.com/dexter/1-sezon-9-bolum/
📺 Embed URL bulundu: https://vidlax.xyz/embed/9fec026d66662e5e
🔍 Embed URL kontrol ediliyor: https://vidlax.xyz/embed/9fec026d66662e5e
❌ Embed URL kontrol hatası (https://vidlax.xyz/embed/9fec026d66662e5e): 404 Client Error: Not Found for url: https://vidlax.xyz/embed/9fec026d66662e5e

🔍 Vidlax direkt analizi: https://vidlax.xyz/embed/9fec026d66662e5e
Vidlax analiz hatası: 404 Client Error: Not Found for url: https://vidlax.xyz/embed/9fec026d66662e5e

🔍 Vidlax direkt analizi: https://diziyiizle2.com/dexter/1-sezon-9-bolum/
📄 Sayfa içeriği alındı: 213518 karakter
❌ m3u8 URL'si bulunamadı
      ❌ m3u8 bulunamadı
   🔍 [10/96] Bölüm: https://diziyiizle2.com/dexter/1-sezon-10-bolum/
📺 Embed URL bulundu: https://vidlax.xyz/embed/fbdf67ac1f70cde3
🔍 Embed URL kontrol ediliyor: https://vidlax.xyz/embed/fbdf67ac1f70cde3
❌ Embed URL kontrol hatası (https://vidlax.xyz/embed/fbdf67ac1f70cde3): 404 Client Error: Not Found for url: https://vidlax.xyz/embed/fbdf67ac1f70cde3

🔍 Vidlax direkt analizi: https://vidlax.xyz/embed/fbdf67ac1f70cde3
Vidlax analiz hatası: 404 Client Error: Not Found for url: https://vidlax.xyz/embed/fbdf67ac1f70cde3

🔍 Vidlax direkt analizi: https://diziyiizle2.com/dexter/1-sezon-10-bolum/
📄 Sayfa içeriği alındı: 213629 karakter
❌ m3u8 URL'si bulunamadı
      ❌ m3u8 bulunamadı
   🔍 [11/96] Bölüm: https://diziyiizle2.com/dexter/1-sezon-11-bolum/
📺 Embed URL bulundu: https://vidlax.xyz/embed/94420201386341b0
🔍 Embed URL kontrol ediliyor: https://vidlax.xyz/embed/94420201386341b0
❌ Embed URL kontrol hatası (https://vidlax.xyz/embed/94420201386341b0): 404 Client Error: Not Found for url: https://vidlax.xyz/embed/94420201386341b0

🔍 Vidlax direkt analizi: https://vidlax.xyz/embed/94420201386341b0
Vidlax analiz hatası: 404 Client Error: Not Found for url: https://vidlax.xyz/embed/94420201386341b0

🔍 Vidlax direkt analizi: https://diziyiizle2.com/dexter/1-sezon-11-bolum/
📄 Sayfa içeriği alındı: 213653 karakter
❌ m3u8 URL'si bulunamadı
      ❌ m3u8 bulunamadı
   🔍 [12/96] Bölüm: https://diziyiizle2.com/dexter/1-sezon-12-bolum/
📺 Embed URL bulundu: https://vidlax.xyz/embed/070c9116bc2789e7
🔍 Embed URL kontrol ediliyor: https://vidlax.xyz/embed/070c9116bc2789e7
❌ Embed URL kontrol hatası (https://vidlax.xyz/embed/070c9116bc2789e7): 404 Client Error: Not Found for url: https://vidlax.xyz/embed/070c9116bc2789e7

🔍 Vidlax direkt analizi: https://vidlax.xyz/embed/070c9116bc2789e7
Vidlax analiz hatası: 404 Client Error: Not Found for url: https://vidlax.xyz/embed/070c9116bc2789e7

🔍 Vidlax direkt analizi: https://diziyiizle2.com/dexter/1-sezon-12-bolum/
📄 Sayfa içeriği alındı: 213576 karakter
❌ m3u8 URL'si bulunamadı
      ❌ m3u8 bulunamadı
   🔍 [13/96] Bölüm: https://diziyiizle2.com/dexter/2-sezon-1-bolum/
📺 Embed URL bulundu: https://vidlax.xyz/embed/dbd0dc19b1b66bee
🔍 Embed URL kontrol ediliyor: https://vidlax.xyz/embed/dbd0dc19b1b66bee
❌ Embed URL kontrol hatası (https://vidlax.xyz/embed/dbd0dc19b1b66bee): 404 Client Error: Not Found for url: https://vidlax.xyz/embed/dbd0dc19b1b66bee

🔍 Vidlax direkt analizi: https://vidlax.xyz/embed/dbd0dc19b1b66bee
Vidlax analiz hatası: 404 Client Error: Not Found for url: https://vidlax.xyz/embed/dbd0dc19b1b66bee

🔍 Vidlax direkt analizi: https://diziyiizle2.com/dexter/2-sezon-1-bolum/
📄 Sayfa içeriği alındı: 213607 karakter
❌ m3u8 URL'si bulunamadı
      ❌ m3u8 bulunamadı
   🔍 [14/96] Bölüm: https://diziyiizle2.com/dexter/2-sezon-2-bolum/
📺 Embed URL bulundu: https://vidlax.xyz/embed/f7f087309a8649d9
🔍 Embed URL kontrol ediliyor: https://vidlax.xyz/embed/f7f087309a8649d9
❌ Embed URL kontrol hatası (https://vidlax.xyz/embed/f7f087309a8649d9): 404 Client Error: Not Found for url: https://vidlax.xyz/embed/f7f087309a8649d9

🔍 Vidlax direkt analizi: https://vidlax.xyz/embed/f7f087309a8649d9
Vidlax analiz hatası: 404 Client Error: Not Found for url: https://vidlax.xyz/embed/f7f087309a8649d9

🔍 Vidlax direkt analizi: https://diziyiizle2.com/dexter/2-sezon-2-bolum/
📄 Sayfa içeriği alındı: 213547 karakter
❌ m3u8 URL'si bulunamadı
      ❌ m3u8 bulunamadı
   🔍 [15/96] Bölüm: https://diziyiizle2.com/dexter/2-sezon-3-bolum/
📺 Embed URL bulundu: https://vidlax.xyz/embed/cedf2a9b77b3cab2
🔍 Embed URL kontrol ediliyor: https://vidlax.xyz/embed/cedf2a9b77b3cab2
❌ Embed URL kontrol hatası (https://vidlax.xyz/embed/cedf2a9b77b3cab2): 404 Client Error: Not Found for url: https://vidlax.xyz/embed/cedf2a9b77b3cab2

🔍 Vidlax direkt analizi: https://vidlax.xyz/embed/cedf2a9b77b3cab2
Vidlax analiz hatası: 404 Client Error: Not Found for url: https://vidlax.xyz/embed/cedf2a9b77b3cab2

🔍 Vidlax direkt analizi: https://diziyiizle2.com/dexter/2-sezon-3-bolum/
📄 Sayfa içeriği alındı: 213567 karakter
❌ m3u8 URL'si bulunamadı
      ❌ m3u8 bulunamadı
   🔍 [16/96] Bölüm: https://diziyiizle2.com/dexter/2-sezon-4-bolum/
📺 Embed URL bulundu: https://vidlax.xyz/embed/e8598a7e03a6f7db
🔍 Embed URL kontrol ediliyor: https://vidlax.xyz/embed/e8598a7e03a6f7db
❌ Embed URL kontrol hatası (https://vidlax.xyz/embed/e8598a7e03a6f7db): 404 Client Error: Not Found for url: https://vidlax.xyz/embed/e8598a7e03a6f7db

🔍 Vidlax direkt analizi: https://vidlax.xyz/embed/e8598a7e03a6f7db
Vidlax analiz hatası: 404 Client Error: Not Found for url: https://vidlax.xyz/embed/e8598a7e03a6f7db

🔍 Vidlax direkt analizi: https://diziyiizle2.com/dexter/2-sezon-4-bolum/
📄 Sayfa içeriği alındı: 213641 karakter
❌ m3u8 URL'si bulunamadı
      ❌ m3u8 bulunamadı
   🔍 [17/96] Bölüm: https://diziyiizle2.com/dexter/2-sezon-5-bolum/
📺 Embed URL bulundu: https://vidlax.xyz/embed/9c30fb15bd560c9f
🔍 Embed URL kontrol ediliyor: https://vidlax.xyz/embed/9c30fb15bd560c9f
❌ Embed URL kontrol hatası (https://vidlax.xyz/embed/9c30fb15bd560c9f): 404 Client Error: Not Found for url: https://vidlax.xyz/embed/9c30fb15bd560c9f

🔍 Vidlax direkt analizi: https://vidlax.xyz/embed/9c30fb15bd560c9f
Vidlax analiz hatası: 404 Client Error: Not Found for url: https://vidlax.xyz/embed/9c30fb15bd560c9f

🔍 Vidlax direkt analizi: https://diziyiizle2.com/dexter/2-sezon-5-bolum/
📄 Sayfa içeriği alındı: 213474 karakter
❌ m3u8 URL'si bulunamadı
      ❌ m3u8 bulunamadı
   🔍 [18/96] Bölüm: https://diziyiizle2.com/dexter/2-sezon-6-bolum/
📺 Embed URL bulundu: https://vidlax.xyz/embed/11a64dccf10101e9
🔍 Embed URL kontrol ediliyor: https://vidlax.xyz/embed/11a64dccf10101e9
❌ Embed URL kontrol hatası (https://vidlax.xyz/embed/11a64dccf10101e9): 404 Client Error: Not Found for url: https://vidlax.xyz/embed/11a64dccf10101e9

🔍 Vidlax direkt analizi: https://vidlax.xyz/embed/11a64dccf10101e9
Vidlax analiz hatası: 404 Client Error: Not Found for url: https://vidlax.xyz/embed/11a64dccf10101e9

🔍 Vidlax direkt analizi: https://diziyiizle2.com/dexter/2-sezon-6-bolum/
📄 Sayfa içeriği alındı: 213597 karakter
❌ m3u8 URL'si bulunamadı
      ❌ m3u8 bulunamadı
   🔍 [19/96] Bölüm: https://diziyiizle2.com/dexter/2-sezon-7-bolum/
📺 Embed URL bulundu: https://vidlax.xyz/embed/dbb7961b18690046
🔍 Embed URL kontrol ediliyor: https://vidlax.xyz/embed/dbb7961b18690046
❌ Embed URL kontrol hatası (https://vidlax.xyz/embed/dbb7961b18690046): 404 Client Error: Not Found for url: https://vidlax.xyz/embed/dbb7961b18690046

🔍 Vidlax direkt analizi: https://vidlax.xyz/embed/dbb7961b18690046
Vidlax analiz hatası: 404 Client Error: Not Found for url: https://vidlax.xyz/embed/dbb7961b18690046

🔍 Vidlax direkt analizi: https://diziyiizle2.com/dexter/2-sezon-7-bolum/
📄 Sayfa içeriği alındı: 213526 karakter
❌ m3u8 URL'si bulunamadı
      ❌ m3u8 bulunamadı
   🔍 [20/96] Bölüm: https://diziyiizle2.com/dexter/2-sezon-8-bolum/
📺 Embed URL bulundu: https://vidlax.xyz/embed/c1a665bf1602fa37
🔍 Embed URL kontrol ediliyor: https://vidlax.xyz/embed/c1a665bf1602fa37
❌ Embed URL kontrol hatası (https://vidlax.xyz/embed/c1a665bf1602fa37): 404 Client Error: Not Found for url: https://vidlax.xyz/embed/c1a665bf1602fa37

🔍 Vidlax direkt analizi: https://vidlax.xyz/embed/c1a665bf1602fa37
Vidlax analiz hatası: 404 Client Error: Not Found for url: https://vidlax.xyz/embed/c1a665bf1602fa37

🔍 Vidlax direkt analizi: https://diziyiizle2.com/dexter/2-sezon-8-bolum/
📄 Sayfa içeriği alındı: 213555 karakter
❌ m3u8 URL'si bulunamadı
      ❌ m3u8 bulunamadı
   🔍 [21/96] Bölüm: https://diziyiizle2.com/dexter/2-sezon-9-bolum/
📺 Embed URL bulundu: https://vidlax.xyz/embed/5b7fd2f9e383024a
🔍 Embed URL kontrol ediliyor: https://vidlax.xyz/embed/5b7fd2f9e383024a
❌ Embed URL kontrol hatası (https://vidlax.xyz/embed/5b7fd2f9e383024a): 404 Client Error: Not Found for url: https://vidlax.xyz/embed/5b7fd2f9e383024a

🔍 Vidlax direkt analizi: https://vidlax.xyz/embed/5b7fd2f9e383024a
Vidlax analiz hatası: 404 Client Error: Not Found for url: https://vidlax.xyz/embed/5b7fd2f9e383024a

🔍 Vidlax direkt analizi: https://diziyiizle2.com/dexter/2-sezon-9-bolum/
📄 Sayfa içeriği alındı: 213558 karakter
❌ m3u8 URL'si bulunamadı
      ❌ m3u8 bulunamadı
   🔍 [22/96] Bölüm: https://diziyiizle2.com/dexter/2-sezon-10-bolum/
📺 Embed URL bulundu: https://vidlax.xyz/embed/28903118bbf56b1f
🔍 Embed URL kontrol ediliyor: https://vidlax.xyz/embed/28903118bbf56b1f
❌ Embed URL kontrol hatası (https://vidlax.xyz/embed/28903118bbf56b1f): 404 Client Error: Not Found for url: https://vidlax.xyz/embed/28903118bbf56b1f

🔍 Vidlax direkt analizi: https://vidlax.xyz/embed/28903118bbf56b1f
Vidlax analiz hatası: 404 Client Error: Not Found for url: https://vidlax.xyz/embed/28903118bbf56b1f

🔍 Vidlax direkt analizi: https://diziyiizle2.com/dexter/2-sezon-10-bolum/
📄 Sayfa içeriği alındı: 213545 karakter
❌ m3u8 URL'si bulunamadı
      ❌ m3u8 bulunamadı
   🔍 [23/96] Bölüm: https://diziyiizle2.com/dexter/2-sezon-11-bolum/
📺 Embed URL bulundu: https://vidlax.xyz/embed/c42b583efbbb9b36
🔍 Embed URL kontrol ediliyor: https://vidlax.xyz/embed/c42b583efbbb9b36
❌ Embed URL kontrol hatası (https://vidlax.xyz/embed/c42b583efbbb9b36): 404 Client Error: Not Found for url: https://vidlax.xyz/embed/c42b583efbbb9b36

🔍 Vidlax direkt analizi: https://vidlax.xyz/embed/c42b583efbbb9b36
Vidlax analiz hatası: 404 Client Error: Not Found for url: https://vidlax.xyz/embed/c42b583efbbb9b36

🔍 Vidlax direkt analizi: https://diziyiizle2.com/dexter/2-sezon-11-bolum/
📄 Sayfa içeriği alındı: 213580 karakter
❌ m3u8 URL'si bulunamadı
      ❌ m3u8 bulunamadı
   🔍 [24/96] Bölüm: https://diziyiizle2.com/dexter/2-sezon-12-bolum/
📺 Embed URL bulundu: https://vidlax.xyz/embed/80347602b3557f01
🔍 Embed URL kontrol ediliyor: https://vidlax.xyz/embed/80347602b3557f01
❌ Embed URL kontrol hatası (https://vidlax.xyz/embed/80347602b3557f01): 404 Client Error: Not Found for url: https://vidlax.xyz/embed/80347602b3557f01

🔍 Vidlax direkt analizi: https://vidlax.xyz/embed/80347602b3557f01
Vidlax analiz hatası: 404 Client Error: Not Found for url: https://vidlax.xyz/embed/80347602b3557f01

🔍 Vidlax direkt analizi: https://diziyiizle2.com/dexter/2-sezon-12-bolum/
📄 Sayfa içeriği alındı: 213554 karakter
❌ m3u8 URL'si bulunamadı
      ❌ m3u8 bulunamadı
   🔍 [25/96] Bölüm: https://diziyiizle2.com/dexter/3-sezon-1-bolum/
📺 Embed URL bulundu: https://vidlax.xyz/embed/cb86d2b992b2ff2f
🔍 Embed URL kontrol ediliyor: https://vidlax.xyz/embed/cb86d2b992b2ff2f
❌ Embed URL kontrol hatası (https://vidlax.xyz/embed/cb86d2b992b2ff2f): 404 Client Error: Not Found for url: https://vidlax.xyz/embed/cb86d2b992b2ff2f

🔍 Vidlax direkt analizi: https://vidlax.xyz/embed/cb86d2b992b2ff2f
Vidlax analiz hatası: 404 Client Error: Not Found for url: https://vidlax.xyz/embed/cb86d2b992b2ff2f

🔍 Vidlax direkt analizi: https://diziyiizle2.com/dexter/3-sezon-1-bolum/
📄 Sayfa içeriği alındı: 213557 karakter
❌ m3u8 URL'si bulunamadı
      ❌ m3u8 bulunamadı
   🔍 [26/96] Bölüm: https://diziyiizle2.com/dexter/3-sezon-2-bolum/
📺 Embed URL bulundu: https://vidlax.xyz/embed/e4403e15cb77da67
🔍 Embed URL kontrol ediliyor: https://vidlax.xyz/embed/e4403e15cb77da67
❌ Embed URL kontrol hatası (https://vidlax.xyz/embed/e4403e15cb77da67): 404 Client Error: Not Found for url: https://vidlax.xyz/embed/e4403e15cb77da67

🔍 Vidlax direkt analizi: https://vidlax.xyz/embed/e4403e15cb77da67
Vidlax analiz hatası: 404 Client Error: Not Found for url: https://vidlax.xyz/embed/e4403e15cb77da67

🔍 Vidlax direkt analizi: https://diziyiizle2.com/dexter/3-sezon-2-bolum/
📄 Sayfa içeriği alındı: 213637 karakter
❌ m3u8 URL'si bulunamadı
      ❌ m3u8 bulunamadı
   🔍 [27/96] Bölüm: https://diziyiizle2.com/dexter/3-sezon-3-bolum/
📺 Embed URL bulundu: https://vidlax.xyz/embed/50f58df88b58d2a2
🔍 Embed URL kontrol ediliyor: https://vidlax.xyz/embed/50f58df88b58d2a2
❌ Embed URL kontrol hatası (https://vidlax.xyz/embed/50f58df88b58d2a2): 404 Client Error: Not Found for url: https://vidlax.xyz/embed/50f58df88b58d2a2

🔍 Vidlax direkt analizi: https://vidlax.xyz/embed/50f58df88b58d2a2
Vidlax analiz hatası: 404 Client Error: Not Found for url: https://vidlax.xyz/embed/50f58df88b58d2a2

🔍 Vidlax direkt analizi: https://diziyiizle2.com/dexter/3-sezon-3-bolum/
📄 Sayfa içeriği alındı: 213587 karakter
❌ m3u8 URL'si bulunamadı
      ❌ m3u8 bulunamadı
   🔍 [28/96] Bölüm: https://diziyiizle2.com/dexter/3-sezon-4-bolum/
📺 Embed URL bulundu: https://vidlax.xyz/embed/7f71d31755137d4f
🔍 Embed URL kontrol ediliyor: https://vidlax.xyz/embed/7f71d31755137d4f
❌ Embed URL kontrol hatası (https://vidlax.xyz/embed/7f71d31755137d4f): 404 Client Error: Not Found for url: https://vidlax.xyz/embed/7f71d31755137d4f

🔍 Vidlax direkt analizi: https://vidlax.xyz/embed/7f71d31755137d4f
Vidlax analiz hatası: 404 Client Error: Not Found for url: https://vidlax.xyz/embed/7f71d31755137d4f

🔍 Vidlax direkt analizi: https://diziyiizle2.com/dexter/3-sezon-4-bolum/
📄 Sayfa içeriği alındı: 213624 karakter
❌ m3u8 URL'si bulunamadı
      ❌ m3u8 bulunamadı
   🔍 [29/96] Bölüm: https://diziyiizle2.com/dexter/3-sezon-5-bolum/
📺 Embed URL bulundu: https://vidlax.xyz/embed/a3a928501245e5ca
🔍 Embed URL kontrol ediliyor: https://vidlax.xyz/embed/a3a928501245e5ca
❌ Embed URL kontrol hatası (https://vidlax.xyz/embed/a3a928501245e5ca): 404 Client Error: Not Found for url: https://vidlax.xyz/embed/a3a928501245e5ca

🔍 Vidlax direkt analizi: https://vidlax.xyz/embed/a3a928501245e5ca
Vidlax analiz hatası: 404 Client Error: Not Found for url: https://vidlax.xyz/embed/a3a928501245e5ca

🔍 Vidlax direkt analizi: https://diziyiizle2.com/dexter/3-sezon-5-bolum/
📄 Sayfa içeriği alındı: 213572 karakter
❌ m3u8 URL'si bulunamadı
      ❌ m3u8 bulunamadı
   🔍 [30/96] Bölüm: https://diziyiizle2.com/dexter/3-sezon-6-bolum/
📺 Embed URL bulundu: https://vidlax.xyz/embed/71b46cb2c8172a66
🔍 Embed URL kontrol ediliyor: https://vidlax.xyz/embed/71b46cb2c8172a66
❌ Embed URL kontrol hatası (https://vidlax.xyz/embed/71b46cb2c8172a66): 404 Client Error: Not Found for url: https://vidlax.xyz/embed/71b46cb2c8172a66

🔍 Vidlax direkt analizi: https://vidlax.xyz/embed/71b46cb2c8172a66
Vidlax analiz hatası: 404 Client Error: Not Found for url: https://vidlax.xyz/embed/71b46cb2c8172a66

🔍 Vidlax direkt analizi: https://diziyiizle2.com/dexter/3-sezon-6-bolum/
📄 Sayfa içeriği alındı: 213564 karakter
❌ m3u8 URL'si bulunamadı
      ❌ m3u8 bulunamadı
   🔍 [31/96] Bölüm: https://diziyiizle2.com/dexter/3-sezon-7-bolum/
📺 Embed URL bulundu: https://vidlax.xyz/embed/10faa2433ae9ba10
🔍 Embed URL kontrol ediliyor: https://vidlax.xyz/embed/10faa2433ae9ba10
❌ Embed URL kontrol hatası (https://vidlax.xyz/embed/10faa2433ae9ba10): 404 Client Error: Not Found for url: https://vidlax.xyz/embed/10faa2433ae9ba10

🔍 Vidlax direkt analizi: https://vidlax.xyz/embed/10faa2433ae9ba10
Vidlax analiz hatası: 404 Client Error: Not Found for url: https://vidlax.xyz/embed/10faa2433ae9ba10

🔍 Vidlax direkt analizi: https://diziyiizle2.com/dexter/3-sezon-7-bolum/
📄 Sayfa içeriği alındı: 213614 karakter
❌ m3u8 URL'si bulunamadı
      ❌ m3u8 bulunamadı
   🔍 [32/96] Bölüm: https://diziyiizle2.com/dexter/3-sezon-8-bolum/
📺 Embed URL bulundu: https://vidlax.xyz/embed/237b2c4fdbd138ce
🔍 Embed URL kontrol ediliyor: https://vidlax.xyz/embed/237b2c4fdbd138ce
❌ Embed URL kontrol hatası (https://vidlax.xyz/embed/237b2c4fdbd138ce): 404 Client Error: Not Found for url: https://vidlax.xyz/embed/237b2c4fdbd138ce

🔍 Vidlax direkt analizi: https://vidlax.xyz/embed/237b2c4fdbd138ce
Vidlax analiz hatası: 404 Client Error: Not Found for url: https://vidlax.xyz/embed/237b2c4fdbd138ce

🔍 Vidlax direkt analizi: https://diziyiizle2.com/dexter/3-sezon-8-bolum/
📄 Sayfa içeriği alındı: 213382 karakter
❌ m3u8 URL'si bulunamadı
      ❌ m3u8 bulunamadı
   🔍 [33/96] Bölüm: https://diziyiizle2.com/dexter/3-sezon-9-bolum/
📺 Embed URL bulundu: https://vidlax.xyz/embed/ab28a5cda71a2d68
🔍 Embed URL kontrol ediliyor: https://vidlax.xyz/embed/ab28a5cda71a2d68
❌ Embed URL kontrol hatası (https://vidlax.xyz/embed/ab28a5cda71a2d68): 404 Client Error: Not Found for url: https://vidlax.xyz/embed/ab28a5cda71a2d68

🔍 Vidlax direkt analizi: https://vidlax.xyz/embed/ab28a5cda71a2d68
Vidlax analiz hatası: 404 Client Error: Not Found for url: https://vidlax.xyz/embed/ab28a5cda71a2d68

🔍 Vidlax direkt analizi: https://diziyiizle2.com/dexter/3-sezon-9-bolum/
📄 Sayfa içeriği alındı: 213663 karakter
❌ m3u8 URL'si bulunamadı
      ❌ m3u8 bulunamadı
   🔍 [34/96] Bölüm: https://diziyiizle2.com/dexter/3-sezon-10-bolum/
📺 Embed URL bulundu: https://vidlax.xyz/embed/2eab85931a50dc7a
🔍 Embed URL kontrol ediliyor: https://vidlax.xyz/embed/2eab85931a50dc7a
❌ Embed URL kontrol hatası (https://vidlax.xyz/embed/2eab85931a50dc7a): 404 Client Error: Not Found for url: https://vidlax.xyz/embed/2eab85931a50dc7a

🔍 Vidlax direkt analizi: https://vidlax.xyz/embed/2eab85931a50dc7a
Vidlax analiz hatası: 404 Client Error: Not Found for url: https://vidlax.xyz/embed/2eab85931a50dc7a

🔍 Vidlax direkt analizi: https://diziyiizle2.com/dexter/3-sezon-10-bolum/
📄 Sayfa içeriği alındı: 213690 karakter
❌ m3u8 URL'si bulunamadı
      ❌ m3u8 bulunamadı
   🔍 [35/96] Bölüm: https://diziyiizle2.com/dexter/3-sezon-11-bolum/
📺 Embed URL bulundu: https://vidlax.xyz/embed/efb40dadaf1d5488
🔍 Embed URL kontrol ediliyor: https://vidlax.xyz/embed/efb40dadaf1d5488
❌ Embed URL kontrol hatası (https://vidlax.xyz/embed/efb40dadaf1d5488): 404 Client Error: Not Found for url: https://vidlax.xyz/embed/efb40dadaf1d5488

🔍 Vidlax direkt analizi: https://vidlax.xyz/embed/efb40dadaf1d5488
Vidlax analiz hatası: 404 Client Error: Not Found for url: https://vidlax.xyz/embed/efb40dadaf1d5488

🔍 Vidlax direkt analizi: https://diziyiizle2.com/dexter/3-sezon-11-bolum/
📄 Sayfa içeriği alındı: 213600 karakter
❌ m3u8 URL'si bulunamadı
      ❌ m3u8 bulunamadı
   🔍 [36/96] Bölüm: https://diziyiizle2.com/dexter/3-sezon-12-bolum/
📺 Embed URL bulundu: https://vidlax.xyz/embed/a5aa3f19550461dc
🔍 Embed URL kontrol ediliyor: https://vidlax.xyz/embed/a5aa3f19550461dc
❌ Embed URL kontrol hatası (https://vidlax.xyz/embed/a5aa3f19550461dc): 404 Client Error: Not Found for url: https://vidlax.xyz/embed/a5aa3f19550461dc

🔍 Vidlax direkt analizi: https://vidlax.xyz/embed/a5aa3f19550461dc
Vidlax analiz hatası: 404 Client Error: Not Found for url: https://vidlax.xyz/embed/a5aa3f19550461dc

🔍 Vidlax direkt analizi: https://diziyiizle2.com/dexter/3-sezon-12-bolum/
📄 Sayfa içeriği alındı: 213546 karakter
❌ m3u8 URL'si bulunamadı
      ❌ m3u8 bulunamadı
   🔍 [37/96] Bölüm: https://diziyiizle2.com/dexter/4-sezon-1-bolum/
📺 Embed URL bulundu: https://vidlax.xyz/embed/967637fb0ec00b91
🔍 Embed URL kontrol ediliyor: https://vidlax.xyz/embed/967637fb0ec00b91
❌ Embed URL kontrol hatası (https://vidlax.xyz/embed/967637fb0ec00b91): 404 Client Error: Not Found for url: https://vidlax.xyz/embed/967637fb0ec00b91

🔍 Vidlax direkt analizi: https://vidlax.xyz/embed/967637fb0ec00b91
Vidlax analiz hatası: 404 Client Error: Not Found for url: https://vidlax.xyz/embed/967637fb0ec00b91

🔍 Vidlax direkt analizi: https://diziyiizle2.com/dexter/4-sezon-1-bolum/
📄 Sayfa içeriği alındı: 213564 karakter
❌ m3u8 URL'si bulunamadı
      ❌ m3u8 bulunamadı
   🔍 [38/96] Bölüm: https://diziyiizle2.com/dexter/4-sezon-2-bolum/
📺 Embed URL bulundu: https://vidlax.xyz/embed/9ec2b56b918469d4
🔍 Embed URL kontrol ediliyor: https://vidlax.xyz/embed/9ec2b56b918469d4
❌ Embed URL kontrol hatası (https://vidlax.xyz/embed/9ec2b56b918469d4): 404 Client Error: Not Found for url: https://vidlax.xyz/embed/9ec2b56b918469d4

🔍 Vidlax direkt analizi: https://vidlax.xyz/embed/9ec2b56b918469d4
Vidlax analiz hatası: 404 Client Error: Not Found for url: https://vidlax.xyz/embed/9ec2b56b918469d4

🔍 Vidlax direkt analizi: https://diziyiizle2.com/dexter/4-sezon-2-bolum/
📄 Sayfa içeriği alındı: 213583 karakter
❌ m3u8 URL'si bulunamadı
      ❌ m3u8 bulunamadı
   🔍 [39/96] Bölüm: https://diziyiizle2.com/dexter/4-sezon-3-bolum/
📺 Embed URL bulundu: https://vidlax.xyz/embed/373d9d047155c2e9
🔍 Embed URL kontrol ediliyor: https://vidlax.xyz/embed/373d9d047155c2e9
❌ Embed URL kontrol hatası (https://vidlax.xyz/embed/373d9d047155c2e9): 404 Client Error: Not Found for url: https://vidlax.xyz/embed/373d9d047155c2e9

🔍 Vidlax direkt analizi: https://vidlax.xyz/embed/373d9d047155c2e9
Vidlax analiz hatası: 404 Client Error: Not Found for url: https://vidlax.xyz/embed/373d9d047155c2e9

🔍 Vidlax direkt analizi: https://diziyiizle2.com/dexter/4-sezon-3-bolum/
📄 Sayfa içeriği alındı: 213583 karakter
❌ m3u8 URL'si bulunamadı
      ❌ m3u8 bulunamadı
   🔍 [40/96] Bölüm: https://diziyiizle2.com/dexter/4-sezon-4-bolum/
📺 Embed URL bulundu: https://vidlax.xyz/embed/fd0cf7f977ba7a7f
🔍 Embed URL kontrol ediliyor: https://vidlax.xyz/embed/fd0cf7f977ba7a7f
❌ Embed URL kontrol hatası (https://vidlax.xyz/embed/fd0cf7f977ba7a7f): 404 Client Error: Not Found for url: https://vidlax.xyz/embed/fd0cf7f977ba7a7f

🔍 Vidlax direkt analizi: https://vidlax.xyz/embed/fd0cf7f977ba7a7f
Vidlax analiz hatası: 404 Client Error: Not Found for url: https://vidlax.xyz/embed/fd0cf7f977ba7a7f

🔍 Vidlax direkt analizi: https://diziyiizle2.com/dexter/4-sezon-4-bolum/
📄 Sayfa içeriği alındı: 213544 karakter
❌ m3u8 URL'si bulunamadı
      ❌ m3u8 bulunamadı
   🔍 [41/96] Bölüm: https://diziyiizle2.com/dexter/4-sezon-5-bolum/
📺 Embed URL bulundu: https://vidlax.xyz/embed/31cbbf14ecf5a0d4
🔍 Embed URL kontrol ediliyor: https://vidlax.xyz/embed/31cbbf14ecf5a0d4
❌ Embed URL kontrol hatası (https://vidlax.xyz/embed/31cbbf14ecf5a0d4): 404 Client Error: Not Found for url: https://vidlax.xyz/embed/31cbbf14ecf5a0d4

🔍 Vidlax direkt analizi: https://vidlax.xyz/embed/31cbbf14ecf5a0d4
Vidlax analiz hatası: 404 Client Error: Not Found for url: https://vidlax.xyz/embed/31cbbf14ecf5a0d4

🔍 Vidlax direkt analizi: https://diziyiizle2.com/dexter/4-sezon-5-bolum/
📄 Sayfa içeriği alındı: 213656 karakter
❌ m3u8 URL'si bulunamadı
      ❌ m3u8 bulunamadı
   🔍 [42/96] Bölüm: https://diziyiizle2.com/dexter/4-sezon-6-bolum/
📺 Embed URL bulundu: https://vidlax.xyz/embed/b56269703cdec603
🔍 Embed URL kontrol ediliyor: https://vidlax.xyz/embed/b56269703cdec603
❌ Embed URL kontrol hatası (https://vidlax.xyz/embed/b56269703cdec603): 404 Client Error: Not Found for url: https://vidlax.xyz/embed/b56269703cdec603

🔍 Vidlax direkt analizi: https://vidlax.xyz/embed/b56269703cdec603
Vidlax analiz hatası: 404 Client Error: Not Found for url: https://vidlax.xyz/embed/b56269703cdec603

🔍 Vidlax direkt analizi: https://diziyiizle2.com/dexter/4-sezon-6-bolum/
📄 Sayfa içeriği alındı: 213541 karakter
❌ m3u8 URL'si bulunamadı
      ❌ m3u8 bulunamadı
   🔍 [43/96] Bölüm: https://diziyiizle2.com/dexter/4-sezon-7-bolum/
📺 Embed URL bulundu: https://vidlax.xyz/embed/46686ee8976fa6a0
🔍 Embed URL kontrol ediliyor: https://vidlax.xyz/embed/46686ee8976fa6a0
❌ Embed URL kontrol hatası (https://vidlax.xyz/embed/46686ee8976fa6a0): 404 Client Error: Not Found for url: https://vidlax.xyz/embed/46686ee8976fa6a0

🔍 Vidlax direkt analizi: https://vidlax.xyz/embed/46686ee8976fa6a0
Vidlax analiz hatası: 404 Client Error: Not Found for url: https://vidlax.xyz/embed/46686ee8976fa6a0

🔍 Vidlax direkt analizi: https://diziyiizle2.com/dexter/4-sezon-7-bolum/
📄 Sayfa içeriği alındı: 213557 karakter
❌ m3u8 URL'si bulunamadı
      ❌ m3u8 bulunamadı
   🔍 [44/96] Bölüm: https://diziyiizle2.com/dexter/4-sezon-8-bolum/
📺 Embed URL bulundu: https://vidlax.xyz/embed/faf1ff770481dbb1
🔍 Embed URL kontrol ediliyor: https://vidlax.xyz/embed/faf1ff770481dbb1
❌ Embed URL kontrol hatası (https://vidlax.xyz/embed/faf1ff770481dbb1): 404 Client Error: Not Found for url: https://vidlax.xyz/embed/faf1ff770481dbb1

🔍 Vidlax direkt analizi: https://vidlax.xyz/embed/faf1ff770481dbb1
Vidlax analiz hatası: 404 Client Error: Not Found for url: https://vidlax.xyz/embed/faf1ff770481dbb1

🔍 Vidlax direkt analizi: https://diziyiizle2.com/dexter/4-sezon-8-bolum/
📄 Sayfa içeriği alındı: 213638 karakter
❌ m3u8 URL'si bulunamadı
      ❌ m3u8 bulunamadı
   🔍 [45/96] Bölüm: https://diziyiizle2.com/dexter/4-sezon-9-bolum/
📺 Embed URL bulundu: https://vidlax.xyz/embed/72a923ff9cb073cd
🔍 Embed URL kontrol ediliyor: https://vidlax.xyz/embed/72a923ff9cb073cd
❌ Embed URL kontrol hatası (https://vidlax.xyz/embed/72a923ff9cb073cd): 404 Client Error: Not Found for url: https://vidlax.xyz/embed/72a923ff9cb073cd

🔍 Vidlax direkt analizi: https://vidlax.xyz/embed/72a923ff9cb073cd
Vidlax analiz hatası: 404 Client Error: Not Found for url: https://vidlax.xyz/embed/72a923ff9cb073cd

🔍 Vidlax direkt analizi: https://diziyiizle2.com/dexter/4-sezon-9-bolum/
📄 Sayfa içeriği alındı: 213582 karakter
❌ m3u8 URL'si bulunamadı
      ❌ m3u8 bulunamadı
   🔍 [46/96] Bölüm: https://diziyiizle2.com/dexter/4-sezon-10-bolum/
📺 Embed URL bulundu: https://vidlax.xyz/embed/f6250ab2520fb10b
🔍 Embed URL kontrol ediliyor: https://vidlax.xyz/embed/f6250ab2520fb10b
❌ Embed URL kontrol hatası (https://vidlax.xyz/embed/f6250ab2520fb10b): 404 Client Error: Not Found for url: https://vidlax.xyz/embed/f6250ab2520fb10b

🔍 Vidlax direkt analizi: https://vidlax.xyz/embed/f6250ab2520fb10b
Vidlax analiz hatası: 404 Client Error: Not Found for url: https://vidlax.xyz/embed/f6250ab2520fb10b

🔍 Vidlax direkt analizi: https://diziyiizle2.com/dexter/4-sezon-10-bolum/
📄 Sayfa içeriği alındı: 213681 karakter
❌ m3u8 URL'si bulunamadı
      ❌ m3u8 bulunamadı
   🔍 [47/96] Bölüm: https://diziyiizle2.com/dexter/4-sezon-11-bolum/
📺 Embed URL bulundu: https://vidlax.xyz/embed/789e08f77efbcf6b
🔍 Embed URL kontrol ediliyor: https://vidlax.xyz/embed/789e08f77efbcf6b
❌ Embed URL kontrol hatası (https://vidlax.xyz/embed/789e08f77efbcf6b): 404 Client Error: Not Found for url: https://vidlax.xyz/embed/789e08f77efbcf6b

🔍 Vidlax direkt analizi: https://vidlax.xyz/embed/789e08f77efbcf6b
Vidlax analiz hatası: 404 Client Error: Not Found for url: https://vidlax.xyz/embed/789e08f77efbcf6b

🔍 Vidlax direkt analizi: https://diziyiizle2.com/dexter/4-sezon-11-bolum/
📄 Sayfa içeriği alındı: 213586 karakter
❌ m3u8 URL'si bulunamadı
      ❌ m3u8 bulunamadı
   🔍 [48/96] Bölüm: https://diziyiizle2.com/dexter/4-sezon-12-bolum/
📺 Embed URL bulundu: https://vidlax.xyz/embed/9dcb45ed5aaf3d79
🔍 Embed URL kontrol ediliyor: https://vidlax.xyz/embed/9dcb45ed5aaf3d79
❌ Embed URL kontrol hatası (https://vidlax.xyz/embed/9dcb45ed5aaf3d79): 404 Client Error: Not Found for url: https://vidlax.xyz/embed/9dcb45ed5aaf3d79

🔍 Vidlax direkt analizi: https://vidlax.xyz/embed/9dcb45ed5aaf3d79
Vidlax analiz hatası: 404 Client Error: Not Found for url: https://vidlax.xyz/embed/9dcb45ed5aaf3d79

🔍 Vidlax direkt analizi: https://diziyiizle2.com/dexter/4-sezon-12-bolum/
📄 Sayfa içeriği alındı: 213577 karakter
❌ m3u8 URL'si bulunamadı
      ❌ m3u8 bulunamadı
   🔍 [49/96] Bölüm: https://diziyiizle2.com/dexter/5-sezon-1-bolum/
📺 Embed URL bulundu: https://vidlax.xyz/embed/dd677c2eb98a402f
🔍 Embed URL kontrol ediliyor: https://vidlax.xyz/embed/dd677c2eb98a402f
❌ Embed URL kontrol hatası (https://vidlax.xyz/embed/dd677c2eb98a402f): 404 Client Error: Not Found for url: https://vidlax.xyz/embed/dd677c2eb98a402f

🔍 Vidlax direkt analizi: https://vidlax.xyz/embed/dd677c2eb98a402f
Vidlax analiz hatası: 404 Client Error: Not Found for url: https://vidlax.xyz/embed/dd677c2eb98a402f

🔍 Vidlax direkt analizi: https://diziyiizle2.com/dexter/5-sezon-1-bolum/
📄 Sayfa içeriği alındı: 213678 karakter
❌ m3u8 URL'si bulunamadı
      ❌ m3u8 bulunamadı
   🔍 [50/96] Bölüm: https://diziyiizle2.com/dexter/5-sezon-2-bolum/
📺 Embed URL bulundu: https://vidlax.xyz/embed/c081117cde6265f0
🔍 Embed URL kontrol ediliyor: https://vidlax.xyz/embed/c081117cde6265f0
❌ Embed URL kontrol hatası (https://vidlax.xyz/embed/c081117cde6265f0): 404 Client Error: Not Found for url: https://vidlax.xyz/embed/c081117cde6265f0

🔍 Vidlax direkt analizi: https://vidlax.xyz/embed/c081117cde6265f0
Vidlax analiz hatası: 404 Client Error: Not Found for url: https://vidlax.xyz/embed/c081117cde6265f0

🔍 Vidlax direkt analizi: https://diziyiizle2.com/dexter/5-sezon-2-bolum/
📄 Sayfa içeriği alındı: 213583 karakter
❌ m3u8 URL'si bulunamadı
      ❌ m3u8 bulunamadı
   🔍 [51/96] Bölüm: https://diziyiizle2.com/dexter/5-sezon-3-bolum/
📺 Embed URL bulundu: https://vidlax.xyz/embed/4b39965dbd795649
🔍 Embed URL kontrol ediliyor: https://vidlax.xyz/embed/4b39965dbd795649
❌ Embed URL kontrol hatası (https://vidlax.xyz/embed/4b39965dbd795649): 404 Client Error: Not Found for url: https://vidlax.xyz/embed/4b39965dbd795649

🔍 Vidlax direkt analizi: https://vidlax.xyz/embed/4b39965dbd795649
Vidlax analiz hatası: 404 Client Error: Not Found for url: https://vidlax.xyz/embed/4b39965dbd795649

🔍 Vidlax direkt analizi: https://diziyiizle2.com/dexter/5-sezon-3-bolum/
📄 Sayfa içeriği alındı: 213594 karakter
❌ m3u8 URL'si bulunamadı
      ❌ m3u8 bulunamadı
   🔍 [52/96] Bölüm: https://diziyiizle2.com/dexter/5-sezon-4-bolum/
📺 Embed URL bulundu: https://vidlax.xyz/embed/d5c99acee9a0bd67
🔍 Embed URL kontrol ediliyor: https://vidlax.xyz/embed/d5c99acee9a0bd67
❌ Embed URL kontrol hatası (https://vidlax.xyz/embed/d5c99acee9a0bd67): 404 Client Error: Not Found for url: https://vidlax.xyz/embed/d5c99acee9a0bd67

🔍 Vidlax direkt analizi: https://vidlax.xyz/embed/d5c99acee9a0bd67
Vidlax analiz hatası: 404 Client Error: Not Found for url: https://vidlax.xyz/embed/d5c99acee9a0bd67

🔍 Vidlax direkt analizi: https://diziyiizle2.com/dexter/5-sezon-4-bolum/
📄 Sayfa içeriği alındı: 213505 karakter
❌ m3u8 URL'si bulunamadı
      ❌ m3u8 bulunamadı
   🔍 [53/96] Bölüm: https://diziyiizle2.com/dexter/5-sezon-5-bolum/
📺 Embed URL bulundu: https://vidlax.xyz/embed/7ed2d85be67039fa
🔍 Embed URL kontrol ediliyor: https://vidlax.xyz/embed/7ed2d85be67039fa
❌ Embed URL kontrol hatası (https://vidlax.xyz/embed/7ed2d85be67039fa): 404 Client Error: Not Found for url: https://vidlax.xyz/embed/7ed2d85be67039fa

🔍 Vidlax direkt analizi: https://vidlax.xyz/embed/7ed2d85be67039fa
Vidlax analiz hatası: 404 Client Error: Not Found for url: https://vidlax.xyz/embed/7ed2d85be67039fa

🔍 Vidlax direkt analizi: https://diziyiizle2.com/dexter/5-sezon-5-bolum/
📄 Sayfa içeriği alındı: 213611 karakter
❌ m3u8 URL'si bulunamadı
      ❌ m3u8 bulunamadı
   🔍 [54/96] Bölüm: https://diziyiizle2.com/dexter/5-sezon-6-bolum/
📺 Embed URL bulundu: https://vidlax.xyz/embed/9510dde007ecb23c
🔍 Embed URL kontrol ediliyor: https://vidlax.xyz/embed/9510dde007ecb23c
❌ Embed URL kontrol hatası (https://vidlax.xyz/embed/9510dde007ecb23c): 404 Client Error: Not Found for url: https://vidlax.xyz/embed/9510dde007ecb23c

🔍 Vidlax direkt analizi: https://vidlax.xyz/embed/9510dde007ecb23c
Vidlax analiz hatası: 404 Client Error: Not Found for url: https://vidlax.xyz/embed/9510dde007ecb23c

🔍 Vidlax direkt analizi: https://diziyiizle2.com/dexter/5-sezon-6-bolum/
📄 Sayfa içeriği alındı: 213485 karakter
❌ m3u8 URL'si bulunamadı
      ❌ m3u8 bulunamadı
   🔍 [55/96] Bölüm: https://diziyiizle2.com/dexter/5-sezon-7-bolum/
📺 Embed URL bulundu: https://vidlax.xyz/embed/558fc85d2326e695
🔍 Embed URL kontrol ediliyor: https://vidlax.xyz/embed/558fc85d2326e695
❌ Embed URL kontrol hatası (https://vidlax.xyz/embed/558fc85d2326e695): 404 Client Error: Not Found for url: https://vidlax.xyz/embed/558fc85d2326e695

🔍 Vidlax direkt analizi: https://vidlax.xyz/embed/558fc85d2326e695
Vidlax analiz hatası: 404 Client Error: Not Found for url: https://vidlax.xyz/embed/558fc85d2326e695

🔍 Vidlax direkt analizi: https://diziyiizle2.com/dexter/5-sezon-7-bolum/
📄 Sayfa içeriği alındı: 213613 karakter
❌ m3u8 URL'si bulunamadı
      ❌ m3u8 bulunamadı
   🔍 [56/96] Bölüm: https://diziyiizle2.com/dexter/5-sezon-8-bolum/
📺 Embed URL bulundu: https://vidlax.xyz/embed/97b70491ba008cfe
🔍 Embed URL kontrol ediliyor: https://vidlax.xyz/embed/97b70491ba008cfe
❌ Embed URL kontrol hatası (https://vidlax.xyz/embed/97b70491ba008cfe): 404 Client Error: Not Found for url: https://vidlax.xyz/embed/97b70491ba008cfe

🔍 Vidlax direkt analizi: https://vidlax.xyz/embed/97b70491ba008cfe
Vidlax analiz hatası: 404 Client Error: Not Found for url: https://vidlax.xyz/embed/97b70491ba008cfe

🔍 Vidlax direkt analizi: https://diziyiizle2.com/dexter/5-sezon-8-bolum/
📄 Sayfa içeriği alındı: 213471 karakter
❌ m3u8 URL'si bulunamadı
      ❌ m3u8 bulunamadı
   🔍 [57/96] Bölüm: https://diziyiizle2.com/dexter/5-sezon-9-bolum/
📺 Embed URL bulundu: https://vidlax.xyz/embed/865c70e1259f87cf
🔍 Embed URL kontrol ediliyor: https://vidlax.xyz/embed/865c70e1259f87cf
❌ Embed URL kontrol hatası (https://vidlax.xyz/embed/865c70e1259f87cf): 404 Client Error: Not Found for url: https://vidlax.xyz/embed/865c70e1259f87cf

🔍 Vidlax direkt analizi: https://vidlax.xyz/embed/865c70e1259f87cf
Vidlax analiz hatası: 404 Client Error: Not Found for url: https://vidlax.xyz/embed/865c70e1259f87cf

🔍 Vidlax direkt analizi: https://diziyiizle2.com/dexter/5-sezon-9-bolum/
📄 Sayfa içeriği alındı: 213530 karakter
❌ m3u8 URL'si bulunamadı
      ❌ m3u8 bulunamadı
   🔍 [58/96] Bölüm: https://diziyiizle2.com/dexter/5-sezon-10-bolum/
📺 Embed URL bulundu: https://vidlax.xyz/embed/110eed9d73016373
🔍 Embed URL kontrol ediliyor: https://vidlax.xyz/embed/110eed9d73016373
❌ Embed URL kontrol hatası (https://vidlax.xyz/embed/110eed9d73016373): 404 Client Error: Not Found for url: https://vidlax.xyz/embed/110eed9d73016373

🔍 Vidlax direkt analizi: https://vidlax.xyz/embed/110eed9d73016373
Vidlax analiz hatası: 404 Client Error: Not Found for url: https://vidlax.xyz/embed/110eed9d73016373

🔍 Vidlax direkt analizi: https://diziyiizle2.com/dexter/5-sezon-10-bolum/
📄 Sayfa içeriği alındı: 213602 karakter
❌ m3u8 URL'si bulunamadı
      ❌ m3u8 bulunamadı
   🔍 [59/96] Bölüm: https://diziyiizle2.com/dexter/5-sezon-11-bolum/
📺 Embed URL bulundu: https://vidlax.xyz/embed/ee3510fe88acae60
🔍 Embed URL kontrol ediliyor: https://vidlax.xyz/embed/ee3510fe88acae60
❌ Embed URL kontrol hatası (https://vidlax.xyz/embed/ee3510fe88acae60): 404 Client Error: Not Found for url: https://vidlax.xyz/embed/ee3510fe88acae60

🔍 Vidlax direkt analizi: https://vidlax.xyz/embed/ee3510fe88acae60
Vidlax analiz hatası: 404 Client Error: Not Found for url: https://vidlax.xyz/embed/ee3510fe88acae60

🔍 Vidlax direkt analizi: https://diziyiizle2.com/dexter/5-sezon-11-bolum/
📄 Sayfa içeriği alındı: 213557 karakter
❌ m3u8 URL'si bulunamadı
      ❌ m3u8 bulunamadı
   🔍 [60/96] Bölüm: https://diziyiizle2.com/dexter/5-sezon-12-bolum/
📺 Embed URL bulundu: https://vidlax.xyz/embed/79ccd5cd778dc618
🔍 Embed URL kontrol ediliyor: https://vidlax.xyz/embed/79ccd5cd778dc618
❌ Embed URL kontrol hatası (https://vidlax.xyz/embed/79ccd5cd778dc618): 404 Client Error: Not Found for url: https://vidlax.xyz/embed/79ccd5cd778dc618

🔍 Vidlax direkt analizi: https://vidlax.xyz/embed/79ccd5cd778dc618
Vidlax analiz hatası: 404 Client Error: Not Found for url: https://vidlax.xyz/embed/79ccd5cd778dc618

🔍 Vidlax direkt analizi: https://diziyiizle2.com/dexter/5-sezon-12-bolum/
📄 Sayfa içeriği alındı: 213602 karakter
❌ m3u8 URL'si bulunamadı
      ❌ m3u8 bulunamadı
   🔍 [61/96] Bölüm: https://diziyiizle2.com/dexter/6-sezon-1-bolum/
📺 Embed URL bulundu: https://vidlax.xyz/embed/a33c8ec93f2a3a0d
🔍 Embed URL kontrol ediliyor: https://vidlax.xyz/embed/a33c8ec93f2a3a0d
❌ Embed URL kontrol hatası (https://vidlax.xyz/embed/a33c8ec93f2a3a0d): 404 Client Error: Not Found for url: https://vidlax.xyz/embed/a33c8ec93f2a3a0d

🔍 Vidlax direkt analizi: https://vidlax.xyz/embed/a33c8ec93f2a3a0d
Vidlax analiz hatası: 404 Client Error: Not Found for url: https://vidlax.xyz/embed/a33c8ec93f2a3a0d

🔍 Vidlax direkt analizi: https://diziyiizle2.com/dexter/6-sezon-1-bolum/
📄 Sayfa içeriği alındı: 213538 karakter
❌ m3u8 URL'si bulunamadı
      ❌ m3u8 bulunamadı
   🔍 [62/96] Bölüm: https://diziyiizle2.com/dexter/6-sezon-2-bolum/
📺 Embed URL bulundu: https://vidlax.xyz/embed/0aa159a6e6f473ef
🔍 Embed URL kontrol ediliyor: https://vidlax.xyz/embed/0aa159a6e6f473ef
❌ Embed URL kontrol hatası (https://vidlax.xyz/embed/0aa159a6e6f473ef): 404 Client Error: Not Found for url: https://vidlax.xyz/embed/0aa159a6e6f473ef

🔍 Vidlax direkt analizi: https://vidlax.xyz/embed/0aa159a6e6f473ef
Vidlax analiz hatası: 404 Client Error: Not Found for url: https://vidlax.xyz/embed/0aa159a6e6f473ef

🔍 Vidlax direkt analizi: https://diziyiizle2.com/dexter/6-sezon-2-bolum/
📄 Sayfa içeriği alındı: 213562 karakter
❌ m3u8 URL'si bulunamadı
      ❌ m3u8 bulunamadı
   🔍 [63/96] Bölüm: https://diziyiizle2.com/dexter/6-sezon-3-bolum/
📺 Embed URL bulundu: https://vidlax.xyz/embed/bf2d0718e7fd0503
🔍 Embed URL kontrol ediliyor: https://vidlax.xyz/embed/bf2d0718e7fd0503
❌ Embed URL kontrol hatası (https://vidlax.xyz/embed/bf2d0718e7fd0503): 404 Client Error: Not Found for url: https://vidlax.xyz/embed/bf2d0718e7fd0503

🔍 Vidlax direkt analizi: https://vidlax.xyz/embed/bf2d0718e7fd0503
Vidlax analiz hatası: 404 Client Error: Not Found for url: https://vidlax.xyz/embed/bf2d0718e7fd0503

🔍 Vidlax direkt analizi: https://diziyiizle2.com/dexter/6-sezon-3-bolum/
📄 Sayfa içeriği alındı: 213749 karakter
❌ m3u8 URL'si bulunamadı
      ❌ m3u8 bulunamadı
   🔍 [64/96] Bölüm: https://diziyiizle2.com/dexter/6-sezon-4-bolum/
📺 Embed URL bulundu: https://vidlax.xyz/embed/36d9b747cf36e2f8
🔍 Embed URL kontrol ediliyor: https://vidlax.xyz/embed/36d9b747cf36e2f8
❌ Embed URL kontrol hatası (https://vidlax.xyz/embed/36d9b747cf36e2f8): 404 Client Error: Not Found for url: https://vidlax.xyz/embed/36d9b747cf36e2f8

🔍 Vidlax direkt analizi: https://vidlax.xyz/embed/36d9b747cf36e2f8
Vidlax analiz hatası: 404 Client Error: Not Found for url: https://vidlax.xyz/embed/36d9b747cf36e2f8

🔍 Vidlax direkt analizi: https://diziyiizle2.com/dexter/6-sezon-4-bolum/
📄 Sayfa içeriği alındı: 213238 karakter
❌ m3u8 URL'si bulunamadı
      ❌ m3u8 bulunamadı
   🔍 [65/96] Bölüm: https://diziyiizle2.com/dexter/6-sezon-5-bolum/
📺 Embed URL bulundu: https://vidlax.xyz/embed/f9a6ad35a91537a4
🔍 Embed URL kontrol ediliyor: https://vidlax.xyz/embed/f9a6ad35a91537a4
❌ Embed URL kontrol hatası (https://vidlax.xyz/embed/f9a6ad35a91537a4): 404 Client Error: Not Found for url: https://vidlax.xyz/embed/f9a6ad35a91537a4

🔍 Vidlax direkt analizi: https://vidlax.xyz/embed/f9a6ad35a91537a4
Vidlax analiz hatası: 404 Client Error: Not Found for url: https://vidlax.xyz/embed/f9a6ad35a91537a4

🔍 Vidlax direkt analizi: https://diziyiizle2.com/dexter/6-sezon-5-bolum/
📄 Sayfa içeriği alındı: 213519 karakter
❌ m3u8 URL'si bulunamadı
      ❌ m3u8 bulunamadı
   🔍 [66/96] Bölüm: https://diziyiizle2.com/dexter/6-sezon-6-bolum/
📺 Embed URL bulundu: https://vidlax.xyz/embed/e25238e04b6ff3af
🔍 Embed URL kontrol ediliyor: https://vidlax.xyz/embed/e25238e04b6ff3af
❌ Embed URL kontrol hatası (https://vidlax.xyz/embed/e25238e04b6ff3af): 404 Client Error: Not Found for url: https://vidlax.xyz/embed/e25238e04b6ff3af

🔍 Vidlax direkt analizi: https://vidlax.xyz/embed/e25238e04b6ff3af
Vidlax analiz hatası: 404 Client Error: Not Found for url: https://vidlax.xyz/embed/e25238e04b6ff3af

🔍 Vidlax direkt analizi: https://diziyiizle2.com/dexter/6-sezon-6-bolum/
📄 Sayfa içeriği alındı: 213406 karakter
❌ m3u8 URL'si bulunamadı
      ❌ m3u8 bulunamadı
   🔍 [67/96] Bölüm: https://diziyiizle2.com/dexter/6-sezon-7-bolum/
📺 Embed URL bulundu: https://vidlax.xyz/embed/9ed1168b92f70895
🔍 Embed URL kontrol ediliyor: https://vidlax.xyz/embed/9ed1168b92f70895
❌ Embed URL kontrol hatası (https://vidlax.xyz/embed/9ed1168b92f70895): 404 Client Error: Not Found for url: https://vidlax.xyz/embed/9ed1168b92f70895

🔍 Vidlax direkt analizi: https://vidlax.xyz/embed/9ed1168b92f70895
Vidlax analiz hatası: 404 Client Error: Not Found for url: https://vidlax.xyz/embed/9ed1168b92f70895

🔍 Vidlax direkt analizi: https://diziyiizle2.com/dexter/6-sezon-7-bolum/
📄 Sayfa içeriği alındı: 213564 karakter
❌ m3u8 URL'si bulunamadı
      ❌ m3u8 bulunamadı
   🔍 [68/96] Bölüm: https://diziyiizle2.com/dexter/6-sezon-8-bolum/

🔍 Vidlax direkt analizi: https://diziyiizle2.com/dexter/6-sezon-8-bolum/
📄 Sayfa içeriği alındı: 148243 karakter
🎬 Video Başlığı: Bilinmiyor
📝 Video Açıklaması: En g\u00fcncel yabanc\u0131 diziler ve filmler HD kalitede, T\u00fcrk\u00e7e altyaz\u0131 ve dublaj se\u00e7enekleriyle. Pop\u00fcler yap\u0131mlar\u0131 reklams\u0131z izlemeye hemen ba\u015fla.
❌ m3u8 URL'si bulunamadı
      ❌ m3u8 bulunamadı
   🔍 [69/96] Bölüm: https://diziyiizle2.com/dexter/6-sezon-9-bolum/
📺 Embed URL bulundu: https://vidlax.xyz/embed/8acd0185231cfb08
🔍 Embed URL kontrol ediliyor: https://vidlax.xyz/embed/8acd0185231cfb08
❌ Embed URL kontrol hatası (https://vidlax.xyz/embed/8acd0185231cfb08): 404 Client Error: Not Found for url: https://vidlax.xyz/embed/8acd0185231cfb08

🔍 Vidlax direkt analizi: https://vidlax.xyz/embed/8acd0185231cfb08
Vidlax analiz hatası: 404 Client Error: Not Found for url: https://vidlax.xyz/embed/8acd0185231cfb08

🔍 Vidlax direkt analizi: https://diziyiizle2.com/dexter/6-sezon-9-bolum/
📄 Sayfa içeriği alındı: 213574 karakter
❌ m3u8 URL'si bulunamadı
      ❌ m3u8 bulunamadı
   🔍 [70/96] Bölüm: https://diziyiizle2.com/dexter/6-sezon-10-bolum/
📺 Embed URL bulundu: https://vidlax.xyz/embed/bd5c16c0101cbbbc
🔍 Embed URL kontrol ediliyor: https://vidlax.xyz/embed/bd5c16c0101cbbbc
❌ Embed URL kontrol hatası (https://vidlax.xyz/embed/bd5c16c0101cbbbc): 404 Client Error: Not Found for url: https://vidlax.xyz/embed/bd5c16c0101cbbbc

🔍 Vidlax direkt analizi: https://vidlax.xyz/embed/bd5c16c0101cbbbc
Vidlax analiz hatası: 404 Client Error: Not Found for url: https://vidlax.xyz/embed/bd5c16c0101cbbbc

🔍 Vidlax direkt analizi: https://diziyiizle2.com/dexter/6-sezon-10-bolum/
📄 Sayfa içeriği alındı: 213496 karakter
❌ m3u8 URL'si bulunamadı
      ❌ m3u8 bulunamadı
   🔍 [71/96] Bölüm: https://diziyiizle2.com/dexter/6-sezon-11-bolum/
📺 Embed URL bulundu: https://vidlax.xyz/embed/d276454a75c32df2
🔍 Embed URL kontrol ediliyor: https://vidlax.xyz/embed/d276454a75c32df2
❌ Embed URL kontrol hatası (https://vidlax.xyz/embed/d276454a75c32df2): 404 Client Error: Not Found for url: https://vidlax.xyz/embed/d276454a75c32df2

🔍 Vidlax direkt analizi: https://vidlax.xyz/embed/d276454a75c32df2
Vidlax analiz hatası: 404 Client Error: Not Found for url: https://vidlax.xyz/embed/d276454a75c32df2

🔍 Vidlax direkt analizi: https://diziyiizle2.com/dexter/6-sezon-11-bolum/
📄 Sayfa içeriği alındı: 213954 karakter
❌ m3u8 URL'si bulunamadı
      ❌ m3u8 bulunamadı
   🔍 [72/96] Bölüm: https://diziyiizle2.com/dexter/6-sezon-12-bolum/
📺 Embed URL bulundu: https://vidlax.xyz/embed/9d04ec0ad6ada0fd
🔍 Embed URL kontrol ediliyor: https://vidlax.xyz/embed/9d04ec0ad6ada0fd
❌ Embed URL kontrol hatası (https://vidlax.xyz/embed/9d04ec0ad6ada0fd): 404 Client Error: Not Found for url: https://vidlax.xyz/embed/9d04ec0ad6ada0fd

🔍 Vidlax direkt analizi: https://vidlax.xyz/embed/9d04ec0ad6ada0fd
Vidlax analiz hatası: 404 Client Error: Not Found for url: https://vidlax.xyz/embed/9d04ec0ad6ada0fd

🔍 Vidlax direkt analizi: https://diziyiizle2.com/dexter/6-sezon-12-bolum/
📄 Sayfa içeriği alındı: 213510 karakter
❌ m3u8 URL'si bulunamadı
      ❌ m3u8 bulunamadı
   🔍 [73/96] Bölüm: https://diziyiizle2.com/dexter/7-sezon-1-bolum/
📺 Embed URL bulundu: https://vidlax.xyz/embed/edd8fca8ef50be26
🔍 Embed URL kontrol ediliyor: https://vidlax.xyz/embed/edd8fca8ef50be26
❌ Embed URL kontrol hatası (https://vidlax.xyz/embed/edd8fca8ef50be26): 404 Client Error: Not Found for url: https://vidlax.xyz/embed/edd8fca8ef50be26

🔍 Vidlax direkt analizi: https://vidlax.xyz/embed/edd8fca8ef50be26
Vidlax analiz hatası: 404 Client Error: Not Found for url: https://vidlax.xyz/embed/edd8fca8ef50be26

🔍 Vidlax direkt analizi: https://diziyiizle2.com/dexter/7-sezon-1-bolum/
📄 Sayfa içeriği alındı: 213653 karakter
❌ m3u8 URL'si bulunamadı
      ❌ m3u8 bulunamadı
   🔍 [74/96] Bölüm: https://diziyiizle2.com/dexter/7-sezon-2-bolum/
📺 Embed URL bulundu: https://vidlax.xyz/embed/f531091be015491e
🔍 Embed URL kontrol ediliyor: https://vidlax.xyz/embed/f531091be015491e
❌ Embed URL kontrol hatası (https://vidlax.xyz/embed/f531091be015491e): 404 Client Error: Not Found for url: https://vidlax.xyz/embed/f531091be015491e

🔍 Vidlax direkt analizi: https://vidlax.xyz/embed/f531091be015491e
Vidlax analiz hatası: 404 Client Error: Not Found for url: https://vidlax.xyz/embed/f531091be015491e

🔍 Vidlax direkt analizi: https://diziyiizle2.com/dexter/7-sezon-2-bolum/
📄 Sayfa içeriği alındı: 213809 karakter
❌ m3u8 URL'si bulunamadı
      ❌ m3u8 bulunamadı
   🔍 [75/96] Bölüm: https://diziyiizle2.com/dexter/7-sezon-3-bolum/
📺 Embed URL bulundu: https://vidlax.xyz/embed/40aa0b68eabade2c
🔍 Embed URL kontrol ediliyor: https://vidlax.xyz/embed/40aa0b68eabade2c
❌ Embed URL kontrol hatası (https://vidlax.xyz/embed/40aa0b68eabade2c): 404 Client Error: Not Found for url: https://vidlax.xyz/embed/40aa0b68eabade2c

🔍 Vidlax direkt analizi: https://vidlax.xyz/embed/40aa0b68eabade2c
Vidlax analiz hatası: 404 Client Error: Not Found for url: https://vidlax.xyz/embed/40aa0b68eabade2c

🔍 Vidlax direkt analizi: https://diziyiizle2.com/dexter/7-sezon-3-bolum/
📄 Sayfa içeriği alındı: 213572 karakter
❌ m3u8 URL'si bulunamadı
      ❌ m3u8 bulunamadı
   🔍 [76/96] Bölüm: https://diziyiizle2.com/dexter/7-sezon-4-bolum/
📺 Embed URL bulundu: https://vidlax.xyz/embed/1e92747a764e5e1a
🔍 Embed URL kontrol ediliyor: https://vidlax.xyz/embed/1e92747a764e5e1a
❌ Embed URL kontrol hatası (https://vidlax.xyz/embed/1e92747a764e5e1a): 404 Client Error: Not Found for url: https://vidlax.xyz/embed/1e92747a764e5e1a

🔍 Vidlax direkt analizi: https://vidlax.xyz/embed/1e92747a764e5e1a
Vidlax analiz hatası: 404 Client Error: Not Found for url: https://vidlax.xyz/embed/1e92747a764e5e1a

🔍 Vidlax direkt analizi: https://diziyiizle2.com/dexter/7-sezon-4-bolum/
📄 Sayfa içeriği alındı: 213574 karakter
❌ m3u8 URL'si bulunamadı
      ❌ m3u8 bulunamadı
   🔍 [77/96] Bölüm: https://diziyiizle2.com/dexter/7-sezon-5-bolum/
📺 Embed URL bulundu: https://vidlax.xyz/embed/75d9570022492705
🔍 Embed URL kontrol ediliyor: https://vidlax.xyz/embed/75d9570022492705
❌ Embed URL kontrol hatası (https://vidlax.xyz/embed/75d9570022492705): 404 Client Error: Not Found for url: https://vidlax.xyz/embed/75d9570022492705

🔍 Vidlax direkt analizi: https://vidlax.xyz/embed/75d9570022492705
Vidlax analiz hatası: 404 Client Error: Not Found for url: https://vidlax.xyz/embed/75d9570022492705

🔍 Vidlax direkt analizi: https://diziyiizle2.com/dexter/7-sezon-5-bolum/
📄 Sayfa içeriği alındı: 213603 karakter
❌ m3u8 URL'si bulunamadı
      ❌ m3u8 bulunamadı
   🔍 [78/96] Bölüm: https://diziyiizle2.com/dexter/7-sezon-6-bolum/
📺 Embed URL bulundu: https://vidlax.xyz/embed/adf4fcbbb1368eb5
🔍 Embed URL kontrol ediliyor: https://vidlax.xyz/embed/adf4fcbbb1368eb5
❌ Embed URL kontrol hatası (https://vidlax.xyz/embed/adf4fcbbb1368eb5): 404 Client Error: Not Found for url: https://vidlax.xyz/embed/adf4fcbbb1368eb5

🔍 Vidlax direkt analizi: https://vidlax.xyz/embed/adf4fcbbb1368eb5
Vidlax analiz hatası: 404 Client Error: Not Found for url: https://vidlax.xyz/embed/adf4fcbbb1368eb5

🔍 Vidlax direkt analizi: https://diziyiizle2.com/dexter/7-sezon-6-bolum/
📄 Sayfa içeriği alındı: 213554 karakter
❌ m3u8 URL'si bulunamadı
      ❌ m3u8 bulunamadı
   🔍 [79/96] Bölüm: https://diziyiizle2.com/dexter/7-sezon-7-bolum/
📺 Embed URL bulundu: https://vidlax.xyz/embed/ef8fa89c8290d17a
🔍 Embed URL kontrol ediliyor: https://vidlax.xyz/embed/ef8fa89c8290d17a
❌ Embed URL kontrol hatası (https://vidlax.xyz/embed/ef8fa89c8290d17a): 404 Client Error: Not Found for url: https://vidlax.xyz/embed/ef8fa89c8290d17a

🔍 Vidlax direkt analizi: https://vidlax.xyz/embed/ef8fa89c8290d17a
Vidlax analiz hatası: 404 Client Error: Not Found for url: https://vidlax.xyz/embed/ef8fa89c8290d17a

🔍 Vidlax direkt analizi: https://diziyiizle2.com/dexter/7-sezon-7-bolum/
📄 Sayfa içeriği alındı: 213669 karakter
❌ m3u8 URL'si bulunamadı
      ❌ m3u8 bulunamadı
   🔍 [80/96] Bölüm: https://diziyiizle2.com/dexter/7-sezon-8-bolum/
📺 Embed URL bulundu: https://vidlax.xyz/embed/924daf140eae36a0
🔍 Embed URL kontrol ediliyor: https://vidlax.xyz/embed/924daf140eae36a0
❌ Embed URL kontrol hatası (https://vidlax.xyz/embed/924daf140eae36a0): 404 Client Error: Not Found for url: https://vidlax.xyz/embed/924daf140eae36a0

🔍 Vidlax direkt analizi: https://vidlax.xyz/embed/924daf140eae36a0
Vidlax analiz hatası: 404 Client Error: Not Found for url: https://vidlax.xyz/embed/924daf140eae36a0

🔍 Vidlax direkt analizi: https://diziyiizle2.com/dexter/7-sezon-8-bolum/
📄 Sayfa içeriği alındı: 213668 karakter
❌ m3u8 URL'si bulunamadı
      ❌ m3u8 bulunamadı
   🔍 [81/96] Bölüm: https://diziyiizle2.com/dexter/7-sezon-9-bolum/
📺 Embed URL bulundu: https://vidlax.xyz/embed/eb3572bdb6ee415b
🔍 Embed URL kontrol ediliyor: https://vidlax.xyz/embed/eb3572bdb6ee415b
❌ Embed URL kontrol hatası (https://vidlax.xyz/embed/eb3572bdb6ee415b): 404 Client Error: Not Found for url: https://vidlax.xyz/embed/eb3572bdb6ee415b

🔍 Vidlax direkt analizi: https://vidlax.xyz/embed/eb3572bdb6ee415b
Vidlax analiz hatası: 404 Client Error: Not Found for url: https://vidlax.xyz/embed/eb3572bdb6ee415b

🔍 Vidlax direkt analizi: https://diziyiizle2.com/dexter/7-sezon-9-bolum/
📄 Sayfa içeriği alındı: 213573 karakter
❌ m3u8 URL'si bulunamadı
      ❌ m3u8 bulunamadı
   🔍 [82/96] Bölüm: https://diziyiizle2.com/dexter/7-sezon-10-bolum/
📺 Embed URL bulundu: https://vidlax.xyz/embed/70d7e74bf0edf639
🔍 Embed URL kontrol ediliyor: https://vidlax.xyz/embed/70d7e74bf0edf639
❌ Embed URL kontrol hatası (https://vidlax.xyz/embed/70d7e74bf0edf639): 404 Client Error: Not Found for url: https://vidlax.xyz/embed/70d7e74bf0edf639

🔍 Vidlax direkt analizi: https://vidlax.xyz/embed/70d7e74bf0edf639
Vidlax analiz hatası: 404 Client Error: Not Found for url: https://vidlax.xyz/embed/70d7e74bf0edf639

🔍 Vidlax direkt analizi: https://diziyiizle2.com/dexter/7-sezon-10-bolum/
📄 Sayfa içeriği alındı: 213555 karakter
❌ m3u8 URL'si bulunamadı
      ❌ m3u8 bulunamadı
   🔍 [83/96] Bölüm: https://diziyiizle2.com/dexter/7-sezon-11-bolum/
📺 Embed URL bulundu: https://vidlax.xyz/embed/fc944c0f05f7c583
🔍 Embed URL kontrol ediliyor: https://vidlax.xyz/embed/fc944c0f05f7c583
❌ Embed URL kontrol hatası (https://vidlax.xyz/embed/fc944c0f05f7c583): 404 Client Error: Not Found for url: https://vidlax.xyz/embed/fc944c0f05f7c583

🔍 Vidlax direkt analizi: https://vidlax.xyz/embed/fc944c0f05f7c583
Vidlax analiz hatası: 404 Client Error: Not Found for url: https://vidlax.xyz/embed/fc944c0f05f7c583

🔍 Vidlax direkt analizi: https://diziyiizle2.com/dexter/7-sezon-11-bolum/
📄 Sayfa içeriği alındı: 213585 karakter
❌ m3u8 URL'si bulunamadı
      ❌ m3u8 bulunamadı
   🔍 [84/96] Bölüm: https://diziyiizle2.com/dexter/7-sezon-12-bolum/
📺 Embed URL bulundu: https://vidlax.xyz/embed/add9f05c61c0d050
🔍 Embed URL kontrol ediliyor: https://vidlax.xyz/embed/add9f05c61c0d050
❌ Embed URL kontrol hatası (https://vidlax.xyz/embed/add9f05c61c0d050): 404 Client Error: Not Found for url: https://vidlax.xyz/embed/add9f05c61c0d050

🔍 Vidlax direkt analizi: https://vidlax.xyz/embed/add9f05c61c0d050
Vidlax analiz hatası: 404 Client Error: Not Found for url: https://vidlax.xyz/embed/add9f05c61c0d050

🔍 Vidlax direkt analizi: https://diziyiizle2.com/dexter/7-sezon-12-bolum/
📄 Sayfa içeriği alındı: 213559 karakter
❌ m3u8 URL'si bulunamadı
      ❌ m3u8 bulunamadı
   🔍 [85/96] Bölüm: https://diziyiizle2.com/dexter/8-sezon-1-bolum/
📺 Embed URL bulundu: https://vidlax.xyz/embed/a68a6399dc126f2e
🔍 Embed URL kontrol ediliyor: https://vidlax.xyz/embed/a68a6399dc126f2e
❌ Embed URL kontrol hatası (https://vidlax.xyz/embed/a68a6399dc126f2e): 404 Client Error: Not Found for url: https://vidlax.xyz/embed/a68a6399dc126f2e

🔍 Vidlax direkt analizi: https://vidlax.xyz/embed/a68a6399dc126f2e
Vidlax analiz hatası: 404 Client Error: Not Found for url: https://vidlax.xyz/embed/a68a6399dc126f2e

🔍 Vidlax direkt analizi: https://diziyiizle2.com/dexter/8-sezon-1-bolum/
📄 Sayfa içeriği alındı: 213588 karakter
❌ m3u8 URL'si bulunamadı
      ❌ m3u8 bulunamadı
   🔍 [86/96] Bölüm: https://diziyiizle2.com/dexter/8-sezon-2-bolum/
📺 Embed URL bulundu: https://vidlax.xyz/embed/d3c0afc1cdddcc09
🔍 Embed URL kontrol ediliyor: https://vidlax.xyz/embed/d3c0afc1cdddcc09
❌ Embed URL kontrol hatası (https://vidlax.xyz/embed/d3c0afc1cdddcc09): 404 Client Error: Not Found for url: https://vidlax.xyz/embed/d3c0afc1cdddcc09

🔍 Vidlax direkt analizi: https://vidlax.xyz/embed/d3c0afc1cdddcc09
Vidlax analiz hatası: 404 Client Error: Not Found for url: https://vidlax.xyz/embed/d3c0afc1cdddcc09

🔍 Vidlax direkt analizi: https://diziyiizle2.com/dexter/8-sezon-2-bolum/
📄 Sayfa içeriği alındı: 213575 karakter
❌ m3u8 URL'si bulunamadı
      ❌ m3u8 bulunamadı
   🔍 [87/96] Bölüm: https://diziyiizle2.com/dexter/8-sezon-3-bolum/
📺 Embed URL bulundu: https://vidlax.xyz/embed/fcb32dae78b25efc
🔍 Embed URL kontrol ediliyor: https://vidlax.xyz/embed/fcb32dae78b25efc
❌ Embed URL kontrol hatası (https://vidlax.xyz/embed/fcb32dae78b25efc): 404 Client Error: Not Found for url: https://vidlax.xyz/embed/fcb32dae78b25efc

🔍 Vidlax direkt analizi: https://vidlax.xyz/embed/fcb32dae78b25efc
Vidlax analiz hatası: 404 Client Error: Not Found for url: https://vidlax.xyz/embed/fcb32dae78b25efc

🔍 Vidlax direkt analizi: https://diziyiizle2.com/dexter/8-sezon-3-bolum/
📄 Sayfa içeriği alındı: 213479 karakter
❌ m3u8 URL'si bulunamadı
      ❌ m3u8 bulunamadı
   🔍 [88/96] Bölüm: https://diziyiizle2.com/dexter/8-sezon-4-bolum/
📺 Embed URL bulundu: https://vidlax.xyz/embed/5d9ca7ec4cd68845
🔍 Embed URL kontrol ediliyor: https://vidlax.xyz/embed/5d9ca7ec4cd68845
❌ Embed URL kontrol hatası (https://vidlax.xyz/embed/5d9ca7ec4cd68845): 404 Client Error: Not Found for url: https://vidlax.xyz/embed/5d9ca7ec4cd68845

🔍 Vidlax direkt analizi: https://vidlax.xyz/embed/5d9ca7ec4cd68845
Vidlax analiz hatası: 404 Client Error: Not Found for url: https://vidlax.xyz/embed/5d9ca7ec4cd68845

🔍 Vidlax direkt analizi: https://diziyiizle2.com/dexter/8-sezon-4-bolum/
📄 Sayfa içeriği alındı: 213532 karakter
❌ m3u8 URL'si bulunamadı
      ❌ m3u8 bulunamadı
   🔍 [89/96] Bölüm: https://diziyiizle2.com/dexter/8-sezon-5-bolum/
📺 Embed URL bulundu: https://vidlax.xyz/embed/2e515cdcd98bf468
🔍 Embed URL kontrol ediliyor: https://vidlax.xyz/embed/2e515cdcd98bf468
❌ Embed URL kontrol hatası (https://vidlax.xyz/embed/2e515cdcd98bf468): 404 Client Error: Not Found for url: https://vidlax.xyz/embed/2e515cdcd98bf468

🔍 Vidlax direkt analizi: https://vidlax.xyz/embed/2e515cdcd98bf468
Vidlax analiz hatası: 404 Client Error: Not Found for url: https://vidlax.xyz/embed/2e515cdcd98bf468

🔍 Vidlax direkt analizi: https://diziyiizle2.com/dexter/8-sezon-5-bolum/
📄 Sayfa içeriği alındı: 213588 karakter
❌ m3u8 URL'si bulunamadı
      ❌ m3u8 bulunamadı
   🔍 [90/96] Bölüm: https://diziyiizle2.com/dexter/8-sezon-6-bolum/
📺 Embed URL bulundu: https://vidlax.xyz/embed/0899659d91e780a4
🔍 Embed URL kontrol ediliyor: https://vidlax.xyz/embed/0899659d91e780a4
❌ Embed URL kontrol hatası (https://vidlax.xyz/embed/0899659d91e780a4): 404 Client Error: Not Found for url: https://vidlax.xyz/embed/0899659d91e780a4

🔍 Vidlax direkt analizi: https://vidlax.xyz/embed/0899659d91e780a4
Vidlax analiz hatası: 404 Client Error: Not Found for url: https://vidlax.xyz/embed/0899659d91e780a4

🔍 Vidlax direkt analizi: https://diziyiizle2.com/dexter/8-sezon-6-bolum/
📄 Sayfa içeriği alındı: 213616 karakter
❌ m3u8 URL'si bulunamadı
      ❌ m3u8 bulunamadı
   🔍 [91/96] Bölüm: https://diziyiizle2.com/dexter/8-sezon-7-bolum/
📺 Embed URL bulundu: https://vidlax.xyz/embed/540c61b9fb9c30cc
🔍 Embed URL kontrol ediliyor: https://vidlax.xyz/embed/540c61b9fb9c30cc
❌ Embed URL kontrol hatası (https://vidlax.xyz/embed/540c61b9fb9c30cc): 404 Client Error: Not Found for url: https://vidlax.xyz/embed/540c61b9fb9c30cc

🔍 Vidlax direkt analizi: https://vidlax.xyz/embed/540c61b9fb9c30cc
Vidlax analiz hatası: 404 Client Error: Not Found for url: https://vidlax.xyz/embed/540c61b9fb9c30cc

🔍 Vidlax direkt analizi: https://diziyiizle2.com/dexter/8-sezon-7-bolum/
📄 Sayfa içeriği alındı: 213587 karakter
❌ m3u8 URL'si bulunamadı
      ❌ m3u8 bulunamadı
   🔍 [92/96] Bölüm: https://diziyiizle2.com/dexter/8-sezon-8-bolum/
📺 Embed URL bulundu: https://vidlax.xyz/embed/c4eb473e49aed19b
🔍 Embed URL kontrol ediliyor: https://vidlax.xyz/embed/c4eb473e49aed19b
❌ Embed URL kontrol hatası (https://vidlax.xyz/embed/c4eb473e49aed19b): 404 Client Error: Not Found for url: https://vidlax.xyz/embed/c4eb473e49aed19b

🔍 Vidlax direkt analizi: https://vidlax.xyz/embed/c4eb473e49aed19b
Vidlax analiz hatası: 404 Client Error: Not Found for url: https://vidlax.xyz/embed/c4eb473e49aed19b

🔍 Vidlax direkt analizi: https://diziyiizle2.com/dexter/8-sezon-8-bolum/
📄 Sayfa içeriği alındı: 213600 karakter
❌ m3u8 URL'si bulunamadı
      ❌ m3u8 bulunamadı
   🔍 [93/96] Bölüm: https://diziyiizle2.com/dexter/8-sezon-9-bolum/
📺 Embed URL bulundu: https://vidlax.xyz/embed/44b100ae4147c113
🔍 Embed URL kontrol ediliyor: https://vidlax.xyz/embed/44b100ae4147c113
❌ Embed URL kontrol hatası (https://vidlax.xyz/embed/44b100ae4147c113): 404 Client Error: Not Found for url: https://vidlax.xyz/embed/44b100ae4147c113

🔍 Vidlax direkt analizi: https://vidlax.xyz/embed/44b100ae4147c113
Vidlax analiz hatası: 404 Client Error: Not Found for url: https://vidlax.xyz/embed/44b100ae4147c113

🔍 Vidlax direkt analizi: https://diziyiizle2.com/dexter/8-sezon-9-bolum/
📄 Sayfa içeriği alındı: 213564 karakter
❌ m3u8 URL'si bulunamadı
      ❌ m3u8 bulunamadı
   🔍 [94/96] Bölüm: https://diziyiizle2.com/dexter/8-sezon-10-bolum/
📺 Embed URL bulundu: https://vidlax.xyz/embed/2ef4d041335ae8ee
🔍 Embed URL kontrol ediliyor: https://vidlax.xyz/embed/2ef4d041335ae8ee
❌ Embed URL kontrol hatası (https://vidlax.xyz/embed/2ef4d041335ae8ee): 404 Client Error: Not Found for url: https://vidlax.xyz/embed/2ef4d041335ae8ee

🔍 Vidlax direkt analizi: https://vidlax.xyz/embed/2ef4d041335ae8ee
Vidlax analiz hatası: 404 Client Error: Not Found for url: https://vidlax.xyz/embed/2ef4d041335ae8ee

🔍 Vidlax direkt analizi: https://diziyiizle2.com/dexter/8-sezon-10-bolum/
📄 Sayfa içeriği alındı: 213636 karakter
❌ m3u8 URL'si bulunamadı
      ❌ m3u8 bulunamadı
   🔍 [95/96] Bölüm: https://diziyiizle2.com/dexter/8-sezon-11-bolum/
📺 Embed URL bulundu: https://vidlax.xyz/embed/2390a9b4064db06f
🔍 Embed URL kontrol ediliyor: https://vidlax.xyz/embed/2390a9b4064db06f
❌ Embed URL kontrol hatası (https://vidlax.xyz/embed/2390a9b4064db06f): 404 Client Error: Not Found for url: https://vidlax.xyz/embed/2390a9b4064db06f

🔍 Vidlax direkt analizi: https://vidlax.xyz/embed/2390a9b4064db06f
Vidlax analiz hatası: 404 Client Error: Not Found for url: https://vidlax.xyz/embed/2390a9b4064db06f

🔍 Vidlax direkt analizi: https://diziyiizle2.com/dexter/8-sezon-11-bolum/
📄 Sayfa içeriği alındı: 213574 karakter
❌ m3u8 URL'si bulunamadı
      ❌ m3u8 bulunamadı
   🔍 [96/96] Bölüm: https://diziyiizle2.com/dexter/8-sezon-12-bolum/
📺 Embed URL bulundu: https://vidlax.xyz/embed/0c1185b064c78b5c
🔍 Embed URL kontrol ediliyor: https://vidlax.xyz/embed/0c1185b064c78b5c
❌ Embed URL kontrol hatası (https://vidlax.xyz/embed/0c1185b064c78b5c): 404 Client Error: Not Found for url: https://vidlax.xyz/embed/0c1185b064c78b5c

🔍 Vidlax direkt analizi: https://vidlax.xyz/embed/0c1185b064c78b5c
Vidlax analiz hatası: 404 Client Error: Not Found for url: https://vidlax.xyz/embed/0c1185b064c78b5c

🔍 Vidlax direkt analizi: https://diziyiizle2.com/dexter/8-sezon-12-bolum/
📄 Sayfa içeriği alındı: 213563 karakter
❌ m3u8 URL'si bulunamadı
      ❌ m3u8 bulunamadı
   ❌ Bu dizi için hiç m3u8 bulunamadı

============================================================
🎬 [6/56] İşleniyor: https://diziyiizle2.com/dizi/mr-scorsese/
📺 Bölüm bulundu: 1. Sezon 1. BölümAltyazılı17.10.202554 dk. - https://diziyiizle2.com/mr-scorsese/1-sezon-1-bolum/
📺 Bölüm bulundu: 1. Sezon 2. BölümAltyazılı17.10.202563 dk. - https://diziyiizle2.com/mr-scorsese/1-sezon-2-bolum/
📺 Bölüm bulundu: 1. Sezon 3. BölümAltyazılı17.10.202553 dk. - https://diziyiizle2.com/mr-scorsese/1-sezon-3-bolum/
📺 Bölüm bulundu: 1. Sezon 4. BölümAltyazılı17.10.202552 dk. - https://diziyiizle2.com/mr-scorsese/1-sezon-4-bolum/
📺 Bölüm bulundu: 1. Sezon 5. BölümAltyazılı17.10.202561 dk. - https://diziyiizle2.com/mr-scorsese/1-sezon-5-bolum/

📊 Toplam 5 bölüm bulundu
   🔍 [1/5] Bölüm: https://diziyiizle2.com/mr-scorsese/1-sezon-1-bolum/
📺 Embed URL bulundu: https://vidlax.xyz/embed/ae9cb15578978065
🔍 Embed URL kontrol ediliyor: https://vidlax.xyz/embed/ae9cb15578978065
❌ Embed URL kontrol hatası (https://vidlax.xyz/embed/ae9cb15578978065): 404 Client Error: Not Found for url: https://vidlax.xyz/embed/ae9cb15578978065

🔍 Vidlax direkt analizi: https://vidlax.xyz/embed/ae9cb15578978065
Vidlax analiz hatası: 404 Client Error: Not Found for url: https://vidlax.xyz/embed/ae9cb15578978065

🔍 Vidlax direkt analizi: https://diziyiizle2.com/mr-scorsese/1-sezon-1-bolum/
📄 Sayfa içeriği alındı: 92140 karakter
❌ m3u8 URL'si bulunamadı
      ❌ m3u8 bulunamadı
   🔍 [2/5] Bölüm: https://diziyiizle2.com/mr-scorsese/1-sezon-2-bolum/
📺 Embed URL bulundu: https://vidlax.xyz/embed/066e1df2c914b86a
🔍 Embed URL kontrol ediliyor: https://vidlax.xyz/embed/066e1df2c914b86a
❌ Embed URL kontrol hatası (https://vidlax.xyz/embed/066e1df2c914b86a): 404 Client Error: Not Found for url: https://vidlax.xyz/embed/066e1df2c914b86a

🔍 Vidlax direkt analizi: https://vidlax.xyz/embed/066e1df2c914b86a
Vidlax analiz hatası: 404 Client Error: Not Found for url: https://vidlax.xyz/embed/066e1df2c914b86a

🔍 Vidlax direkt analizi: https://diziyiizle2.com/mr-scorsese/1-sezon-2-bolum/
📄 Sayfa içeriği alındı: 92118 karakter
❌ m3u8 URL'si bulunamadı
      ❌ m3u8 bulunamadı
   🔍 [3/5] Bölüm: https://diziyiizle2.com/mr-scorsese/1-sezon-3-bolum/
📺 Embed URL bulundu: https://vidlax.xyz/embed/8c3fd25994ca8c42
🔍 Embed URL kontrol ediliyor: https://vidlax.xyz/embed/8c3fd25994ca8c42
❌ Embed URL kontrol hatası (https://vidlax.xyz/embed/8c3fd25994ca8c42): 404 Client Error: Not Found for url: https://vidlax.xyz/embed/8c3fd25994ca8c42

🔍 Vidlax direkt analizi: https://vidlax.xyz/embed/8c3fd25994ca8c42
Vidlax analiz hatası: 404 Client Error: Not Found for url: https://vidlax.xyz/embed/8c3fd25994ca8c42

🔍 Vidlax direkt analizi: https://diziyiizle2.com/mr-scorsese/1-sezon-3-bolum/
📄 Sayfa içeriği alındı: 92167 karakter
❌ m3u8 URL'si bulunamadı
      ❌ m3u8 bulunamadı
   🔍 [4/5] Bölüm: https://diziyiizle2.com/mr-scorsese/1-sezon-4-bolum/
📺 Embed URL bulundu: https://vidlax.xyz/embed/26fc9deb569ea101
🔍 Embed URL kontrol ediliyor: https://vidlax.xyz/embed/26fc9deb569ea101
❌ Embed URL kontrol hatası (https://vidlax.xyz/embed/26fc9deb569ea101): 404 Client Error: Not Found for url: https://vidlax.xyz/embed/26fc9deb569ea101

🔍 Vidlax direkt analizi: https://vidlax.xyz/embed/26fc9deb569ea101
Vidlax analiz hatası: 404 Client Error: Not Found for url: https://vidlax.xyz/embed/26fc9deb569ea101

🔍 Vidlax direkt analizi: https://diziyiizle2.com/mr-scorsese/1-sezon-4-bolum/
📄 Sayfa içeriği alındı: 92198 karakter
❌ m3u8 URL'si bulunamadı
      ❌ m3u8 bulunamadı
   🔍 [5/5] Bölüm: https://diziyiizle2.com/mr-scorsese/1-sezon-5-bolum/
📺 Embed URL bulundu: https://vidlax.xyz/embed/8cc9367d169a08cf
🔍 Embed URL kontrol ediliyor: https://vidlax.xyz/embed/8cc9367d169a08cf
❌ Embed URL kontrol hatası (https://vidlax.xyz/embed/8cc9367d169a08cf): 404 Client Error: Not Found for url: https://vidlax.xyz/embed/8cc9367d169a08cf

🔍 Vidlax direkt analizi: https://vidlax.xyz/embed/8cc9367d169a08cf
Vidlax analiz hatası: 404 Client Error: Not Found for url: https://vidlax.xyz/embed/8cc9367d169a08cf

🔍 Vidlax direkt analizi: https://diziyiizle2.com/mr-scorsese/1-sezon-5-bolum/
📄 Sayfa içeriği alındı: 92201 karakter
❌ m3u8 URL'si bulunamadı
      ❌ m3u8 bulunamadı
   ❌ Bu dizi için hiç m3u8 bulunamadı

============================================================
🎬 [7/56] İşleniyor: https://diziyiizle2.com/dizi/ilk-bes/
📺 Bölüm bulundu: 1. Sezon 1. BölümDublaj16.10.202544 dk. - https://diziyiizle2.com/ilk-bes/1-sezon-1-bolum/
📺 Bölüm bulundu: 1. Sezon 2. BölümDublaj16.10.202547 dk. - https://diziyiizle2.com/ilk-bes/1-sezon-2-bolum/
📺 Bölüm bulundu: 1. Sezon 3. BölümDublaj16.10.202545 dk. - https://diziyiizle2.com/ilk-bes/1-sezon-3-bolum/
📺 Bölüm bulundu: 1. Sezon 4. BölümDublaj16.10.202547 dk. - https://diziyiizle2.com/ilk-bes/1-sezon-4-bolum/
📺 Bölüm bulundu: 1. Sezon 5. BölümDublaj16.10.202546 dk. - https://diziyiizle2.com/ilk-bes/1-sezon-5-bolum/
📺 Bölüm bulundu: 1. Sezon 6. BölümDublaj16.10.202540 dk. - https://diziyiizle2.com/ilk-bes/1-sezon-6-bolum/
📺 Bölüm bulundu: 1. Sezon 7. BölümDublaj16.10.202540 dk. - https://diziyiizle2.com/ilk-bes/1-sezon-7-bolum/
📺 Bölüm bulundu: 1. Sezon 8. BölümDublaj16.10.202540 dk. - https://diziyiizle2.com/ilk-bes/1-sezon-8-bolum/
📺 Bölüm bulundu: 1. Sezon 9. BölümDublaj16.10.202552 dk. - https://diziyiizle2.com/ilk-bes/1-sezon-9-bolum/
📺 Bölüm bulundu: 1. Sezon 10. BölümDublaj16.10.202562 dk. - https://diziyiizle2.com/ilk-bes/1-sezon-10-bolum/
📺 Bölüm bulundu: 2. Sezon 1. BölümDublaj16.10.2025 - https://diziyiizle2.com/ilk-bes/2-sezon-1-bolum/
📺 Bölüm bulundu: 2. Sezon 2. BölümDublaj16.10.2025 - https://diziyiizle2.com/ilk-bes/2-sezon-2-bolum/
📺 Bölüm bulundu: 2. Sezon 3. BölümDublaj16.10.2025 - https://diziyiizle2.com/ilk-bes/2-sezon-3-bolum/
📺 Bölüm bulundu: 2. Sezon 4. BölümDublaj16.10.2025 - https://diziyiizle2.com/ilk-bes/2-sezon-4-bolum/
📺 Bölüm bulundu: 2. Sezon 5. BölümDublaj16.10.2025 - https://diziyiizle2.com/ilk-bes/2-sezon-5-bolum/
📺 Bölüm bulundu: 2. Sezon 6. BölümDublaj16.10.2025 - https://diziyiizle2.com/ilk-bes/2-sezon-6-bolum/
📺 Bölüm bulundu: 2. Sezon 7. BölümDublaj16.10.2025 - https://diziyiizle2.com/ilk-bes/2-sezon-7-bolum/
📺 Bölüm bulundu: 2. Sezon 8. BölümDublaj16.10.2025 - https://diziyiizle2.com/ilk-bes/2-sezon-8-bolum/

📊 Toplam 18 bölüm bulundu
   🔍 [1/18] Bölüm: https://diziyiizle2.com/ilk-bes/1-sezon-1-bolum/
📺 Embed URL bulundu: https://vidlax.xyz/embed/ddb8ae5d2c8b2398
🔍 Embed URL kontrol ediliyor: https://vidlax.xyz/embed/ddb8ae5d2c8b2398
❌ Embed URL kontrol hatası (https://vidlax.xyz/embed/ddb8ae5d2c8b2398): 404 Client Error: Not Found for url: https://vidlax.xyz/embed/ddb8ae5d2c8b2398

🔍 Vidlax direkt analizi: https://vidlax.xyz/embed/ddb8ae5d2c8b2398
Vidlax analiz hatası: 404 Client Error: Not Found for url: https://vidlax.xyz/embed/ddb8ae5d2c8b2398

🔍 Vidlax direkt analizi: https://diziyiizle2.com/ilk-bes/1-sezon-1-bolum/
📄 Sayfa içeriği alındı: 109379 karakter
❌ m3u8 URL'si bulunamadı
      ❌ m3u8 bulunamadı
   🔍 [2/18] Bölüm: https://diziyiizle2.com/ilk-bes/1-sezon-2-bolum/
📺 Embed URL bulundu: https://vidlax.xyz/embed/df490d81e44d9141
🔍 Embed URL kontrol ediliyor: https://vidlax.xyz/embed/df490d81e44d9141
❌ Embed URL kontrol hatası (https://vidlax.xyz/embed/df490d81e44d9141): 404 Client Error: Not Found for url: https://vidlax.xyz/embed/df490d81e44d9141

🔍 Vidlax direkt analizi: https://vidlax.xyz/embed/df490d81e44d9141
Vidlax analiz hatası: 404 Client Error: Not Found for url: https://vidlax.xyz/embed/df490d81e44d9141

🔍 Vidlax direkt analizi: https://diziyiizle2.com/ilk-bes/1-sezon-2-bolum/
📄 Sayfa içeriği alındı: 109390 karakter
❌ m3u8 URL'si bulunamadı
      ❌ m3u8 bulunamadı
   🔍 [3/18] Bölüm: https://diziyiizle2.com/ilk-bes/1-sezon-3-bolum/
📺 Embed URL bulundu: https://vidlax.xyz/embed/2480025a0e4d6428
🔍 Embed URL kontrol ediliyor: https://vidlax.xyz/embed/2480025a0e4d6428
❌ Embed URL kontrol hatası (https://vidlax.xyz/embed/2480025a0e4d6428): 404 Client Error: Not Found for url: https://vidlax.xyz/embed/2480025a0e4d6428

🔍 Vidlax direkt analizi: https://vidlax.xyz/embed/2480025a0e4d6428
Vidlax analiz hatası: 404 Client Error: Not Found for url: https://vidlax.xyz/embed/2480025a0e4d6428

🔍 Vidlax direkt analizi: https://diziyiizle2.com/ilk-bes/1-sezon-3-bolum/
📄 Sayfa içeriği alındı: 109343 karakter
❌ m3u8 URL'si bulunamadı
      ❌ m3u8 bulunamadı
   🔍 [4/18] Bölüm: https://diziyiizle2.com/ilk-bes/1-sezon-4-bolum/
📺 Embed URL bulundu: https://vidlax.xyz/embed/d9cba528d0e93184
🔍 Embed URL kontrol ediliyor: https://vidlax.xyz/embed/d9cba528d0e93184
❌ Embed URL kontrol hatası (https://vidlax.xyz/embed/d9cba528d0e93184): 404 Client Error: Not Found for url: https://vidlax.xyz/embed/d9cba528d0e93184

🔍 Vidlax direkt analizi: https://vidlax.xyz/embed/d9cba528d0e93184
Vidlax analiz hatası: 404 Client Error: Not Found for url: https://vidlax.xyz/embed/d9cba528d0e93184

🔍 Vidlax direkt analizi: https://diziyiizle2.com/ilk-bes/1-sezon-4-bolum/
📄 Sayfa içeriği alındı: 109259 karakter
❌ m3u8 URL'si bulunamadı
      ❌ m3u8 bulunamadı
   🔍 [5/18] Bölüm: https://diziyiizle2.com/ilk-bes/1-sezon-5-bolum/
📺 Embed URL bulundu: https://vidlax.xyz/embed/6e6efb2b4fd8a8ab
🔍 Embed URL kontrol ediliyor: https://vidlax.xyz/embed/6e6efb2b4fd8a8ab
❌ Embed URL kontrol hatası (https://vidlax.xyz/embed/6e6efb2b4fd8a8ab): 404 Client Error: Not Found for url: https://vidlax.xyz/embed/6e6efb2b4fd8a8ab

🔍 Vidlax direkt analizi: https://vidlax.xyz/embed/6e6efb2b4fd8a8ab
Vidlax analiz hatası: 404 Client Error: Not Found for url: https://vidlax.xyz/embed/6e6efb2b4fd8a8ab

🔍 Vidlax direkt analizi: https://diziyiizle2.com/ilk-bes/1-sezon-5-bolum/
📄 Sayfa içeriği alındı: 109402 karakter
❌ m3u8 URL'si bulunamadı
      ❌ m3u8 bulunamadı
   🔍 [6/18] Bölüm: https://diziyiizle2.com/ilk-bes/1-sezon-6-bolum/
📺 Embed URL bulundu: https://vidlax.xyz/embed/5191872c3bbe2e56
🔍 Embed URL kontrol ediliyor: https://vidlax.xyz/embed/5191872c3bbe2e56
❌ Embed URL kontrol hatası (https://vidlax.xyz/embed/5191872c3bbe2e56): 404 Client Error: Not Found for url: https://vidlax.xyz/embed/5191872c3bbe2e56

🔍 Vidlax direkt analizi: https://vidlax.xyz/embed/5191872c3bbe2e56
Vidlax analiz hatası: 404 Client Error: Not Found for url: https://vidlax.xyz/embed/5191872c3bbe2e56

🔍 Vidlax direkt analizi: https://diziyiizle2.com/ilk-bes/1-sezon-6-bolum/
📄 Sayfa içeriği alındı: 109327 karakter
❌ m3u8 URL'si bulunamadı
      ❌ m3u8 bulunamadı
   🔍 [7/18] Bölüm: https://diziyiizle2.com/ilk-bes/1-sezon-7-bolum/
📺 Embed URL bulundu: https://vidlax.xyz/embed/0c3c245a2fd911ef
🔍 Embed URL kontrol ediliyor: https://vidlax.xyz/embed/0c3c245a2fd911ef
❌ Embed URL kontrol hatası (https://vidlax.xyz/embed/0c3c245a2fd911ef): 404 Client Error: Not Found for url: https://vidlax.xyz/embed/0c3c245a2fd911ef

🔍 Vidlax direkt analizi: https://vidlax.xyz/embed/0c3c245a2fd911ef
Vidlax analiz hatası: 404 Client Error: Not Found for url: https://vidlax.xyz/embed/0c3c245a2fd911ef

🔍 Vidlax direkt analizi: https://diziyiizle2.com/ilk-bes/1-sezon-7-bolum/
📄 Sayfa içeriği alındı: 109363 karakter
❌ m3u8 URL'si bulunamadı
      ❌ m3u8 bulunamadı
   🔍 [8/18] Bölüm: https://diziyiizle2.com/ilk-bes/1-sezon-8-bolum/
📺 Embed URL bulundu: https://vidlax.xyz/embed/b1d3c03fa7762e33
🔍 Embed URL kontrol ediliyor: https://vidlax.xyz/embed/b1d3c03fa7762e33
❌ Embed URL kontrol hatası (https://vidlax.xyz/embed/b1d3c03fa7762e33): 404 Client Error: Not Found for url: https://vidlax.xyz/embed/b1d3c03fa7762e33

🔍 Vidlax direkt analizi: https://vidlax.xyz/embed/b1d3c03fa7762e33
Vidlax analiz hatası: 404 Client Error: Not Found for url: https://vidlax.xyz/embed/b1d3c03fa7762e33

🔍 Vidlax direkt analizi: https://diziyiizle2.com/ilk-bes/1-sezon-8-bolum/
📄 Sayfa içeriği alındı: 109422 karakter
❌ m3u8 URL'si bulunamadı
      ❌ m3u8 bulunamadı
   🔍 [9/18] Bölüm: https://diziyiizle2.com/ilk-bes/1-sezon-9-bolum/
📺 Embed URL bulundu: https://vidlax.xyz/embed/74e651ccef343bc1
🔍 Embed URL kontrol ediliyor: https://vidlax.xyz/embed/74e651ccef343bc1
❌ Embed URL kontrol hatası (https://vidlax.xyz/embed/74e651ccef343bc1): 404 Client Error: Not Found for url: https://vidlax.xyz/embed/74e651ccef343bc1

🔍 Vidlax direkt analizi: https://vidlax.xyz/embed/74e651ccef343bc1
Vidlax analiz hatası: 404 Client Error: Not Found for url: https://vidlax.xyz/embed/74e651ccef343bc1

🔍 Vidlax direkt analizi: https://diziyiizle2.com/ilk-bes/1-sezon-9-bolum/
📄 Sayfa içeriği alındı: 109462 karakter
❌ m3u8 URL'si bulunamadı
      ❌ m3u8 bulunamadı
   🔍 [10/18] Bölüm: https://diziyiizle2.com/ilk-bes/1-sezon-10-bolum/
📺 Embed URL bulundu: https://vidlax.xyz/embed/d131b55024e5448b
🔍 Embed URL kontrol ediliyor: https://vidlax.xyz/embed/d131b55024e5448b
❌ Embed URL kontrol hatası (https://vidlax.xyz/embed/d131b55024e5448b): 404 Client Error: Not Found for url: https://vidlax.xyz/embed/d131b55024e5448b

🔍 Vidlax direkt analizi: https://vidlax.xyz/embed/d131b55024e5448b
Vidlax analiz hatası: 404 Client Error: Not Found for url: https://vidlax.xyz/embed/d131b55024e5448b

🔍 Vidlax direkt analizi: https://diziyiizle2.com/ilk-bes/1-sezon-10-bolum/
📄 Sayfa içeriği alındı: 109372 karakter
❌ m3u8 URL'si bulunamadı
      ❌ m3u8 bulunamadı
   🔍 [11/18] Bölüm: https://diziyiizle2.com/ilk-bes/2-sezon-1-bolum/
📺 Embed URL bulundu: https://vidlax.xyz/embed/601dc4496dc1d1cf
🔍 Embed URL kontrol ediliyor: https://vidlax.xyz/embed/601dc4496dc1d1cf
❌ Embed URL kontrol hatası (https://vidlax.xyz/embed/601dc4496dc1d1cf): 404 Client Error: Not Found for url: https://vidlax.xyz/embed/601dc4496dc1d1cf

🔍 Vidlax direkt analizi: https://vidlax.xyz/embed/601dc4496dc1d1cf
Vidlax analiz hatası: 404 Client Error: Not Found for url: https://vidlax.xyz/embed/601dc4496dc1d1cf

🔍 Vidlax direkt analizi: https://diziyiizle2.com/ilk-bes/2-sezon-1-bolum/
📄 Sayfa içeriği alındı: 108656 karakter
❌ m3u8 URL'si bulunamadı
      ❌ m3u8 bulunamadı
   🔍 [12/18] Bölüm: https://diziyiizle2.com/ilk-bes/2-sezon-2-bolum/
📺 Embed URL bulundu: https://vidlax.xyz/embed/a113c08ca392ed53
🔍 Embed URL kontrol ediliyor: https://vidlax.xyz/embed/a113c08ca392ed53
❌ Embed URL kontrol hatası (https://vidlax.xyz/embed/a113c08ca392ed53): 404 Client Error: Not Found for url: https://vidlax.xyz/embed/a113c08ca392ed53

🔍 Vidlax direkt analizi: https://vidlax.xyz/embed/a113c08ca392ed53
Vidlax analiz hatası: 404 Client Error: Not Found for url: https://vidlax.xyz/embed/a113c08ca392ed53

🔍 Vidlax direkt analizi: https://diziyiizle2.com/ilk-bes/2-sezon-2-bolum/
📄 Sayfa içeriği alındı: 108655 karakter
❌ m3u8 URL'si bulunamadı
      ❌ m3u8 bulunamadı
   🔍 [13/18] Bölüm: https://diziyiizle2.com/ilk-bes/2-sezon-3-bolum/
📺 Embed URL bulundu: https://vidlax.xyz/embed/0c7c3aa165bacdd9
🔍 Embed URL kontrol ediliyor: https://vidlax.xyz/embed/0c7c3aa165bacdd9
❌ Embed URL kontrol hatası (https://vidlax.xyz/embed/0c7c3aa165bacdd9): 404 Client Error: Not Found for url: https://vidlax.xyz/embed/0c7c3aa165bacdd9

🔍 Vidlax direkt analizi: https://vidlax.xyz/embed/0c7c3aa165bacdd9
Vidlax analiz hatası: 404 Client Error: Not Found for url: https://vidlax.xyz/embed/0c7c3aa165bacdd9

🔍 Vidlax direkt analizi: https://diziyiizle2.com/ilk-bes/2-sezon-3-bolum/
📄 Sayfa içeriği alındı: 108656 karakter
❌ m3u8 URL'si bulunamadı
      ❌ m3u8 bulunamadı
   🔍 [14/18] Bölüm: https://diziyiizle2.com/ilk-bes/2-sezon-4-bolum/
📺 Embed URL bulundu: https://vidlax.xyz/embed/df5d6b3e77568373
🔍 Embed URL kontrol ediliyor: https://vidlax.xyz/embed/df5d6b3e77568373
❌ Embed URL kontrol hatası (https://vidlax.xyz/embed/df5d6b3e77568373): 404 Client Error: Not Found for url: https://vidlax.xyz/embed/df5d6b3e77568373

🔍 Vidlax direkt analizi: https://vidlax.xyz/embed/df5d6b3e77568373
Vidlax analiz hatası: 404 Client Error: Not Found for url: https://vidlax.xyz/embed/df5d6b3e77568373

🔍 Vidlax direkt analizi: https://diziyiizle2.com/ilk-bes/2-sezon-4-bolum/
📄 Sayfa içeriği alındı: 108655 karakter
❌ m3u8 URL'si bulunamadı
      ❌ m3u8 bulunamadı
   🔍 [15/18] Bölüm: https://diziyiizle2.com/ilk-bes/2-sezon-5-bolum/
📺 Embed URL bulundu: https://vidlax.xyz/embed/85d6e24476e543b5
🔍 Embed URL kontrol ediliyor: https://vidlax.xyz/embed/85d6e24476e543b5
❌ Embed URL kontrol hatası (https://vidlax.xyz/embed/85d6e24476e543b5): 404 Client Error: Not Found for url: https://vidlax.xyz/embed/85d6e24476e543b5

🔍 Vidlax direkt analizi: https://vidlax.xyz/embed/85d6e24476e543b5
Vidlax analiz hatası: 404 Client Error: Not Found for url: https://vidlax.xyz/embed/85d6e24476e543b5

🔍 Vidlax direkt analizi: https://diziyiizle2.com/ilk-bes/2-sezon-5-bolum/
📄 Sayfa içeriği alındı: 108654 karakter
❌ m3u8 URL'si bulunamadı
      ❌ m3u8 bulunamadı
   🔍 [16/18] Bölüm: https://diziyiizle2.com/ilk-bes/2-sezon-6-bolum/
📺 Embed URL bulundu: https://vidlax.xyz/embed/b401dd05185c8e68
🔍 Embed URL kontrol ediliyor: https://vidlax.xyz/embed/b401dd05185c8e68
❌ Embed URL kontrol hatası (https://vidlax.xyz/embed/b401dd05185c8e68): 404 Client Error: Not Found for url: https://vidlax.xyz/embed/b401dd05185c8e68

🔍 Vidlax direkt analizi: https://vidlax.xyz/embed/b401dd05185c8e68
Vidlax analiz hatası: 404 Client Error: Not Found for url: https://vidlax.xyz/embed/b401dd05185c8e68

🔍 Vidlax direkt analizi: https://diziyiizle2.com/ilk-bes/2-sezon-6-bolum/
📄 Sayfa içeriği alındı: 108655 karakter
❌ m3u8 URL'si bulunamadı
      ❌ m3u8 bulunamadı
   🔍 [17/18] Bölüm: https://diziyiizle2.com/ilk-bes/2-sezon-7-bolum/
📺 Embed URL bulundu: https://vidlax.xyz/embed/f0b6779263a79bd7
🔍 Embed URL kontrol ediliyor: https://vidlax.xyz/embed/f0b6779263a79bd7
❌ Embed URL kontrol hatası (https://vidlax.xyz/embed/f0b6779263a79bd7): 404 Client Error: Not Found for url: https://vidlax.xyz/embed/f0b6779263a79bd7

🔍 Vidlax direkt analizi: https://vidlax.xyz/embed/f0b6779263a79bd7
Vidlax analiz hatası: 404 Client Error: Not Found for url: https://vidlax.xyz/embed/f0b6779263a79bd7

🔍 Vidlax direkt analizi: https://diziyiizle2.com/ilk-bes/2-sezon-7-bolum/
📄 Sayfa içeriği alındı: 108656 karakter
❌ m3u8 URL'si bulunamadı
      ❌ m3u8 bulunamadı
   🔍 [18/18] Bölüm: https://diziyiizle2.com/ilk-bes/2-sezon-8-bolum/
📺 Embed URL bulundu: https://vidlax.xyz/embed/998d28d66c117cf9
🔍 Embed URL kontrol ediliyor: https://vidlax.xyz/embed/998d28d66c117cf9
❌ Embed URL kontrol hatası (https://vidlax.xyz/embed/998d28d66c117cf9): 404 Client Error: Not Found for url: https://vidlax.xyz/embed/998d28d66c117cf9

🔍 Vidlax direkt analizi: https://vidlax.xyz/embed/998d28d66c117cf9
Vidlax analiz hatası: 404 Client Error: Not Found for url: https://vidlax.xyz/embed/998d28d66c117cf9

🔍 Vidlax direkt analizi: https://diziyiizle2.com/ilk-bes/2-sezon-8-bolum/
📄 Sayfa içeriği alındı: 108656 karakter
❌ m3u8 URL'si bulunamadı
      ❌ m3u8 bulunamadı
   ❌ Bu dizi için hiç m3u8 bulunamadı

============================================================
🎬 [8/56] İşleniyor: https://diziyiizle2.com/dizi/to-cook-a-bear/
📺 Bölüm bulundu: 1. Sezon 1. BölümDublaj16.10.202551 dk. - https://diziyiizle2.com/to-cook-a-bear/1-sezon-1-bolum/
📺 Bölüm bulundu: 1. Sezon 2. BölümDublaj16.10.202550 dk. - https://diziyiizle2.com/to-cook-a-bear/1-sezon-2-bolum/
📺 Bölüm bulundu: 1. Sezon 3. BölümDublaj16.10.202552 dk. - https://diziyiizle2.com/to-cook-a-bear/1-sezon-3-bolum/
📺 Bölüm bulundu: 1. Sezon 4. BölümDublaj16.10.202552 dk. - https://diziyiizle2.com/to-cook-a-bear/1-sezon-4-bolum/
📺 Bölüm bulundu: 1. Sezon 5. BölümDublaj16.10.202550 dk. - https://diziyiizle2.com/to-cook-a-bear/1-sezon-5-bolum/
📺 Bölüm bulundu: 1. Sezon 6. BölümDublaj16.10.202550 dk. - https://diziyiizle2.com/to-cook-a-bear/1-sezon-6-bolum/

📊 Toplam 6 bölüm bulundu
   🔍 [1/6] Bölüm: https://diziyiizle2.com/to-cook-a-bear/1-sezon-1-bolum/
📺 Embed URL bulundu: https://vidlax.xyz/embed/08130d806871f38d
🔍 Embed URL kontrol ediliyor: https://vidlax.xyz/embed/08130d806871f38d
❌ Embed URL kontrol hatası (https://vidlax.xyz/embed/08130d806871f38d): 404 Client Error: Not Found for url: https://vidlax.xyz/embed/08130d806871f38d

🔍 Vidlax direkt analizi: https://vidlax.xyz/embed/08130d806871f38d
Vidlax analiz hatası: 404 Client Error: Not Found for url: https://vidlax.xyz/embed/08130d806871f38d

🔍 Vidlax direkt analizi: https://diziyiizle2.com/to-cook-a-bear/1-sezon-1-bolum/
📄 Sayfa içeriği alındı: 93234 karakter
❌ m3u8 URL'si bulunamadı
      ❌ m3u8 bulunamadı
   🔍 [2/6] Bölüm: https://diziyiizle2.com/to-cook-a-bear/1-sezon-2-bolum/
📺 Embed URL bulundu: https://vidlax.xyz/embed/0ef3d722050c40be
🔍 Embed URL kontrol ediliyor: https://vidlax.xyz/embed/0ef3d722050c40be
❌ Embed URL kontrol hatası (https://vidlax.xyz/embed/0ef3d722050c40be): 404 Client Error: Not Found for url: https://vidlax.xyz/embed/0ef3d722050c40be

🔍 Vidlax direkt analizi: https://vidlax.xyz/embed/0ef3d722050c40be
Vidlax analiz hatası: 404 Client Error: Not Found for url: https://vidlax.xyz/embed/0ef3d722050c40be

🔍 Vidlax direkt analizi: https://diziyiizle2.com/to-cook-a-bear/1-sezon-2-bolum/
📄 Sayfa içeriği alındı: 93277 karakter
❌ m3u8 URL'si bulunamadı
      ❌ m3u8 bulunamadı
   🔍 [3/6] Bölüm: https://diziyiizle2.com/to-cook-a-bear/1-sezon-3-bolum/
📺 Embed URL bulundu: https://vidlax.xyz/embed/ceb695d6d210f532
🔍 Embed URL kontrol ediliyor: https://vidlax.xyz/embed/ceb695d6d210f532
❌ Embed URL kontrol hatası (https://vidlax.xyz/embed/ceb695d6d210f532): 404 Client Error: Not Found for url: https://vidlax.xyz/embed/ceb695d6d210f532

🔍 Vidlax direkt analizi: https://vidlax.xyz/embed/ceb695d6d210f532
Vidlax analiz hatası: 404 Client Error: Not Found for url: https://vidlax.xyz/embed/ceb695d6d210f532

🔍 Vidlax direkt analizi: https://diziyiizle2.com/to-cook-a-bear/1-sezon-3-bolum/
📄 Sayfa içeriği alındı: 93321 karakter
❌ m3u8 URL'si bulunamadı
      ❌ m3u8 bulunamadı
   🔍 [4/6] Bölüm: https://diziyiizle2.com/to-cook-a-bear/1-sezon-4-bolum/
📺 Embed URL bulundu: https://vidlax.xyz/embed/867d1a6161d3b93b
🔍 Embed URL kontrol ediliyor: https://vidlax.xyz/embed/867d1a6161d3b93b
❌ Embed URL kontrol hatası (https://vidlax.xyz/embed/867d1a6161d3b93b): 404 Client Error: Not Found for url: https://vidlax.xyz/embed/867d1a6161d3b93b

🔍 Vidlax direkt analizi: https://vidlax.xyz/embed/867d1a6161d3b93b
Vidlax analiz hatası: 404 Client Error: Not Found for url: https://vidlax.xyz/embed/867d1a6161d3b93b

🔍 Vidlax direkt analizi: https://diziyiizle2.com/to-cook-a-bear/1-sezon-4-bolum/
📄 Sayfa içeriği alındı: 93266 karakter
❌ m3u8 URL'si bulunamadı
      ❌ m3u8 bulunamadı
   🔍 [5/6] Bölüm: https://diziyiizle2.com/to-cook-a-bear/1-sezon-5-bolum/
📺 Embed URL bulundu: https://vidlax.xyz/embed/868da3bfd552f7dc
🔍 Embed URL kontrol ediliyor: https://vidlax.xyz/embed/868da3bfd552f7dc
❌ Embed URL kontrol hatası (https://vidlax.xyz/embed/868da3bfd552f7dc): 404 Client Error: Not Found for url: https://vidlax.xyz/embed/868da3bfd552f7dc

🔍 Vidlax direkt analizi: https://vidlax.xyz/embed/868da3bfd552f7dc
Vidlax analiz hatası: 404 Client Error: Not Found for url: https://vidlax.xyz/embed/868da3bfd552f7dc

🔍 Vidlax direkt analizi: https://diziyiizle2.com/to-cook-a-bear/1-sezon-5-bolum/
📄 Sayfa içeriği alındı: 93209 karakter
❌ m3u8 URL'si bulunamadı
      ❌ m3u8 bulunamadı
   🔍 [6/6] Bölüm: https://diziyiizle2.com/to-cook-a-bear/1-sezon-6-bolum/
📺 Embed URL bulundu: https://vidlax.xyz/embed/7aa0578a4741aa2f
🔍 Embed URL kontrol ediliyor: https://vidlax.xyz/embed/7aa0578a4741aa2f
❌ Embed URL kontrol hatası (https://vidlax.xyz/embed/7aa0578a4741aa2f): 404 Client Error: Not Found for url: https://vidlax.xyz/embed/7aa0578a4741aa2f

🔍 Vidlax direkt analizi: https://vidlax.xyz/embed/7aa0578a4741aa2f
Vidlax analiz hatası: 404 Client Error: Not Found for url: https://vidlax.xyz/embed/7aa0578a4741aa2f

🔍 Vidlax direkt analizi: https://diziyiizle2.com/to-cook-a-bear/1-sezon-6-bolum/
📄 Sayfa içeriği alındı: 93281 karakter
❌ m3u8 URL'si bulunamadı
      ❌ m3u8 bulunamadı
   ❌ Bu dizi için hiç m3u8 bulunamadı

============================================================
🎬 [9/56] İşleniyor: https://diziyiizle2.com/dizi/murdaugh-death-in-the-family/
📺 Bölüm bulundu: 1. Sezon 1. BölümDublaj15.10.2025 - https://diziyiizle2.com/murdaugh-death-in-the-family/1-sezon-1-bolum/
📺 Bölüm bulundu: 1. Sezon 2. BölümDublaj15.10.2025 - https://diziyiizle2.com/murdaugh-death-in-the-family/1-sezon-2-bolum/
📺 Bölüm bulundu: 1. Sezon 3. BölümDublaj15.10.2025 - https://diziyiizle2.com/murdaugh-death-in-the-family/1-sezon-3-bolum/
📺 Bölüm bulundu: 1. Sezon 4. BölümAltyazılı15.10.2025 - https://diziyiizle2.com/murdaugh-death-in-the-family/1-sezon-4-bolum/
📺 Bölüm bulundu: 1. Sezon 5. BölümAltyazılı15.10.2025 - https://diziyiizle2.com/murdaugh-death-in-the-family/1-sezon-5-bolum/
📺 Bölüm bulundu: 1. Sezon 6. BölümAltyazılı15.10.2025 - https://diziyiizle2.com/murdaugh-death-in-the-family/1-sezon-6-bolum/
📺 Bölüm bulundu: 1. Sezon 7. BölümAltyazılı15.10.2025 - https://diziyiizle2.com/murdaugh-death-in-the-family/1-sezon-7-bolum/
📺 Bölüm bulundu: 1. Sezon 8. BölümAltyazılı15.10.2025 - https://diziyiizle2.com/murdaugh-death-in-the-family/1-sezon-8-bolum/

📊 Toplam 8 bölüm bulundu
   🔍 [1/8] Bölüm: https://diziyiizle2.com/murdaugh-death-in-the-family/1-sezon-1-bolum/
📺 Embed URL bulundu: https://vidlax.xyz/embed/00c287f4fe2f0e44
🔍 Embed URL kontrol ediliyor: https://vidlax.xyz/embed/00c287f4fe2f0e44
❌ Embed URL kontrol hatası (https://vidlax.xyz/embed/00c287f4fe2f0e44): 404 Client Error: Not Found for url: https://vidlax.xyz/embed/00c287f4fe2f0e44

🔍 Vidlax direkt analizi: https://vidlax.xyz/embed/00c287f4fe2f0e44
Vidlax analiz hatası: 404 Client Error: Not Found for url: https://vidlax.xyz/embed/00c287f4fe2f0e44

🔍 Vidlax direkt analizi: https://diziyiizle2.com/murdaugh-death-in-the-family/1-sezon-1-bolum/
📄 Sayfa içeriği alındı: 95678 karakter
❌ m3u8 URL'si bulunamadı
      ❌ m3u8 bulunamadı
   🔍 [2/8] Bölüm: https://diziyiizle2.com/murdaugh-death-in-the-family/1-sezon-2-bolum/
📺 Embed URL bulundu: https://vidlax.xyz/embed/c799148a488b35bb
🔍 Embed URL kontrol ediliyor: https://vidlax.xyz/embed/c799148a488b35bb
❌ Embed URL kontrol hatası (https://vidlax.xyz/embed/c799148a488b35bb): 404 Client Error: Not Found for url: https://vidlax.xyz/embed/c799148a488b35bb

🔍 Vidlax direkt analizi: https://vidlax.xyz/embed/c799148a488b35bb
Vidlax analiz hatası: 404 Client Error: Not Found for url: https://vidlax.xyz/embed/c799148a488b35bb

🔍 Vidlax direkt analizi: https://diziyiizle2.com/murdaugh-death-in-the-family/1-sezon-2-bolum/
📄 Sayfa içeriği alındı: 95679 karakter
❌ m3u8 URL'si bulunamadı
      ❌ m3u8 bulunamadı
   🔍 [3/8] Bölüm: https://diziyiizle2.com/murdaugh-death-in-the-family/1-sezon-3-bolum/
📺 Embed URL bulundu: https://vidlax.xyz/embed/6cc83ba17f387971
🔍 Embed URL kontrol ediliyor: https://vidlax.xyz/embed/6cc83ba17f387971
❌ Embed URL kontrol hatası (https://vidlax.xyz/embed/6cc83ba17f387971): 404 Client Error: Not Found for url: https://vidlax.xyz/embed/6cc83ba17f387971

🔍 Vidlax direkt analizi: https://vidlax.xyz/embed/6cc83ba17f387971
Vidlax analiz hatası: 404 Client Error: Not Found for url: https://vidlax.xyz/embed/6cc83ba17f387971

🔍 Vidlax direkt analizi: https://diziyiizle2.com/murdaugh-death-in-the-family/1-sezon-3-bolum/
📄 Sayfa içeriği alındı: 95679 karakter
❌ m3u8 URL'si bulunamadı
      ❌ m3u8 bulunamadı
   🔍 [4/8] Bölüm: https://diziyiizle2.com/murdaugh-death-in-the-family/1-sezon-4-bolum/

🔍 Vidlax direkt analizi: https://diziyiizle2.com/murdaugh-death-in-the-family/1-sezon-4-bolum/
📄 Sayfa içeriği alındı: 95633 karakter
❌ m3u8 URL'si bulunamadı
      ❌ m3u8 bulunamadı
   🔍 [5/8] Bölüm: https://diziyiizle2.com/murdaugh-death-in-the-family/1-sezon-5-bolum/

🔍 Vidlax direkt analizi: https://diziyiizle2.com/murdaugh-death-in-the-family/1-sezon-5-bolum/
📄 Sayfa içeriği alındı: 95632 karakter
❌ m3u8 URL'si bulunamadı
      ❌ m3u8 bulunamadı
   🔍 [6/8] Bölüm: https://diziyiizle2.com/murdaugh-death-in-the-family/1-sezon-6-bolum/

🔍 Vidlax direkt analizi: https://diziyiizle2.com/murdaugh-death-in-the-family/1-sezon-6-bolum/
📄 Sayfa içeriği alındı: 95634 karakter
❌ m3u8 URL'si bulunamadı
      ❌ m3u8 bulunamadı
   🔍 [7/8] Bölüm: https://diziyiizle2.com/murdaugh-death-in-the-family/1-sezon-7-bolum/

🔍 Vidlax direkt analizi: https://diziyiizle2.com/murdaugh-death-in-the-family/1-sezon-7-bolum/
📄 Sayfa içeriği alındı: 95633 karakter
❌ m3u8 URL'si bulunamadı
      ❌ m3u8 bulunamadı
   🔍 [8/8] Bölüm: https://diziyiizle2.com/murdaugh-death-in-the-family/1-sezon-8-bolum/

🔍 Vidlax direkt analizi: https://diziyiizle2.com/murdaugh-death-in-the-family/1-sezon-8-bolum/
📄 Sayfa içeriği alındı: 95634 karakter
❌ m3u8 URL'si bulunamadı
      ❌ m3u8 bulunamadı
   ❌ Bu dizi için hiç m3u8 bulunamadı

============================================================
🎬 [10/56] İşleniyor: https://diziyiizle2.com/dizi/gittigimizi-kimse-gormedi/
📺 Bölüm bulundu: 1. Sezon 1. BölümDublaj15.10.2025 - https://diziyiizle2.com/gittigimizi-kimse-gormedi/1-sezon-1-bolum/
📺 Bölüm bulundu: 1. Sezon 2. BölümDublaj15.10.2025 - https://diziyiizle2.com/gittigimizi-kimse-gormedi/1-sezon-2-bolum/
📺 Bölüm bulundu: 1. Sezon 3. BölümDublaj15.10.2025 - https://diziyiizle2.com/gittigimizi-kimse-gormedi/1-sezon-3-bolum/
📺 Bölüm bulundu: 1. Sezon 4. BölümDublaj15.10.2025 - https://diziyiizle2.com/gittigimizi-kimse-gormedi/1-sezon-4-bolum/
📺 Bölüm bulundu: 1. Sezon 5. BölümDublaj15.10.2025 - https://diziyiizle2.com/gittigimizi-kimse-gormedi/1-sezon-5-bolum/

📊 Toplam 5 bölüm bulundu
   🔍 [1/5] Bölüm: https://diziyiizle2.com/gittigimizi-kimse-gormedi/1-sezon-1-bolum/
📺 Embed URL bulundu: https://vidlax.xyz/embed/8be28c1e757343be
🔍 Embed URL kontrol ediliyor: https://vidlax.xyz/embed/8be28c1e757343be
❌ Embed URL kontrol hatası (https://vidlax.xyz/embed/8be28c1e757343be): 404 Client Error: Not Found for url: https://vidlax.xyz/embed/8be28c1e757343be

🔍 Vidlax direkt analizi: https://vidlax.xyz/embed/8be28c1e757343be
Vidlax analiz hatası: 404 Client Error: Not Found for url: https://vidlax.xyz/embed/8be28c1e757343be

🔍 Vidlax direkt analizi: https://diziyiizle2.com/gittigimizi-kimse-gormedi/1-sezon-1-bolum/
📄 Sayfa içeriği alındı: 91701 karakter
❌ m3u8 URL'si bulunamadı
      ❌ m3u8 bulunamadı
   🔍 [2/5] Bölüm: https://diziyiizle2.com/gittigimizi-kimse-gormedi/1-sezon-2-bolum/
📺 Embed URL bulundu: https://vidlax.xyz/embed/2c47e5e22d6ad2ac
🔍 Embed URL kontrol ediliyor: https://vidlax.xyz/embed/2c47e5e22d6ad2ac
❌ Embed URL kontrol hatası (https://vidlax.xyz/embed/2c47e5e22d6ad2ac): 404 Client Error: Not Found for url: https://vidlax.xyz/embed/2c47e5e22d6ad2ac

🔍 Vidlax direkt analizi: https://vidlax.xyz/embed/2c47e5e22d6ad2ac
Vidlax analiz hatası: 404 Client Error: Not Found for url: https://vidlax.xyz/embed/2c47e5e22d6ad2ac

🔍 Vidlax direkt analizi: https://diziyiizle2.com/gittigimizi-kimse-gormedi/1-sezon-2-bolum/
📄 Sayfa içeriği alındı: 91701 karakter
❌ m3u8 URL'si bulunamadı
      ❌ m3u8 bulunamadı
   🔍 [3/5] Bölüm: https://diziyiizle2.com/gittigimizi-kimse-gormedi/1-sezon-3-bolum/
📺 Embed URL bulundu: https://vidlax.xyz/embed/b4c4fdfb73e15eca
🔍 Embed URL kontrol ediliyor: https://vidlax.xyz/embed/b4c4fdfb73e15eca
❌ Embed URL kontrol hatası (https://vidlax.xyz/embed/b4c4fdfb73e15eca): 404 Client Error: Not Found for url: https://vidlax.xyz/embed/b4c4fdfb73e15eca

🔍 Vidlax direkt analizi: https://vidlax.xyz/embed/b4c4fdfb73e15eca
Vidlax analiz hatası: 404 Client Error: Not Found for url: https://vidlax.xyz/embed/b4c4fdfb73e15eca

🔍 Vidlax direkt analizi: https://diziyiizle2.com/gittigimizi-kimse-gormedi/1-sezon-3-bolum/
📄 Sayfa içeriği alındı: 91701 karakter
❌ m3u8 URL'si bulunamadı
      ❌ m3u8 bulunamadı
   🔍 [4/5] Bölüm: https://diziyiizle2.com/gittigimizi-kimse-gormedi/1-sezon-4-bolum/
📺 Embed URL bulundu: https://vidlax.xyz/embed/085cccdef1a6b7e8
🔍 Embed URL kontrol ediliyor: https://vidlax.xyz/embed/085cccdef1a6b7e8
❌ Embed URL kontrol hatası (https://vidlax.xyz/embed/085cccdef1a6b7e8): 404 Client Error: Not Found for url: https://vidlax.xyz/embed/085cccdef1a6b7e8

🔍 Vidlax direkt analizi: https://vidlax.xyz/embed/085cccdef1a6b7e8
Vidlax analiz hatası: 404 Client Error: Not Found for url: https://vidlax.xyz/embed/085cccdef1a6b7e8

🔍 Vidlax direkt analizi: https://diziyiizle2.com/gittigimizi-kimse-gormedi/1-sezon-4-bolum/
📄 Sayfa içeriği alındı: 91700 karakter
❌ m3u8 URL'si bulunamadı
      ❌ m3u8 bulunamadı
   🔍 [5/5] Bölüm: https://diziyiizle2.com/gittigimizi-kimse-gormedi/1-sezon-5-bolum/
📺 Embed URL bulundu: https://vidlax.xyz/embed/ebfca3c42b3c8284
🔍 Embed URL kontrol ediliyor: https://vidlax.xyz/embed/ebfca3c42b3c8284
❌ Embed URL kontrol hatası (https://vidlax.xyz/embed/ebfca3c42b3c8284): 404 Client Error: Not Found for url: https://vidlax.xyz/embed/ebfca3c42b3c8284

🔍 Vidlax direkt analizi: https://vidlax.xyz/embed/ebfca3c42b3c8284
Vidlax analiz hatası: 404 Client Error: Not Found for url: https://vidlax.xyz/embed/ebfca3c42b3c8284

🔍 Vidlax direkt analizi: https://diziyiizle2.com/gittigimizi-kimse-gormedi/1-sezon-5-bolum/
📄 Sayfa içeriği alındı: 91700 karakter
❌ m3u8 URL'si bulunamadı
      ❌ m3u8 bulunamadı
   ❌ Bu dizi için hiç m3u8 bulunamadı

============================================================
🎬 [11/56] İşleniyor: https://diziyiizle2.com/dizi/loot/
📺 Bölüm bulundu: 1. Sezon 1. BölümAltyazılı15.10.202531 dk. - https://diziyiizle2.com/loot/1-sezon-1-bolum/
📺 Bölüm bulundu: 1. Sezon 2. BölümAltyazılı15.10.202527 dk. - https://diziyiizle2.com/loot/1-sezon-2-bolum/
📺 Bölüm bulundu: 1. Sezon 3. BölümAltyazılı15.10.202528 dk. - https://diziyiizle2.com/loot/1-sezon-3-bolum/
📺 Bölüm bulundu: 1. Sezon 4. BölümAltyazılı15.10.202525 dk. - https://diziyiizle2.com/loot/1-sezon-4-bolum/
📺 Bölüm bulundu: 1. Sezon 5. BölümAltyazılı15.10.202524 dk. - https://diziyiizle2.com/loot/1-sezon-5-bolum/
📺 Bölüm bulundu: 1. Sezon 6. BölümAltyazılı15.10.202527 dk. - https://diziyiizle2.com/loot/1-sezon-6-bolum/
📺 Bölüm bulundu: 1. Sezon 7. BölümAltyazılı15.10.202526 dk. - https://diziyiizle2.com/loot/1-sezon-7-bolum/
📺 Bölüm bulundu: 1. Sezon 8. BölümAltyazılı15.10.202527 dk. - https://diziyiizle2.com/loot/1-sezon-8-bolum/
📺 Bölüm bulundu: 1. Sezon 9. BölümAltyazılı15.10.202527 dk. - https://diziyiizle2.com/loot/1-sezon-9-bolum/
📺 Bölüm bulundu: 1. Sezon 10. BölümAltyazılı15.10.202534 dk. - https://diziyiizle2.com/loot/1-sezon-10-bolum/
📺 Bölüm bulundu: 2. Sezon 1. BölümAltyazılı15.10.202528 dk. - https://diziyiizle2.com/loot/2-sezon-1-bolum/
📺 Bölüm bulundu: 2. Sezon 2. BölümAltyazılı15.10.202530 dk. - https://diziyiizle2.com/loot/2-sezon-2-bolum/
📺 Bölüm bulundu: 2. Sezon 3. BölümAltyazılı15.10.202530 dk. - https://diziyiizle2.com/loot/2-sezon-3-bolum/
📺 Bölüm bulundu: 2. Sezon 4. BölümAltyazılı15.10.202527 dk. - https://diziyiizle2.com/loot/2-sezon-4-bolum/
📺 Bölüm bulundu: 2. Sezon 5. BölümAltyazılı15.10.202525 dk. - https://diziyiizle2.com/loot/2-sezon-5-bolum/
📺 Bölüm bulundu: 2. Sezon 6. BölümAltyazılı15.10.202527 dk. - https://diziyiizle2.com/loot/2-sezon-6-bolum/
📺 Bölüm bulundu: 2. Sezon 7. BölümAltyazılı15.10.202528 dk. - https://diziyiizle2.com/loot/2-sezon-7-bolum/
📺 Bölüm bulundu: 2. Sezon 8. BölümAltyazılı15.10.202526 dk. - https://diziyiizle2.com/loot/2-sezon-8-bolum/
📺 Bölüm bulundu: 2. Sezon 9. BölümAltyazılı15.10.202529 dk. - https://diziyiizle2.com/loot/2-sezon-9-bolum/
📺 Bölüm bulundu: 2. Sezon 10. BölümAltyazılı15.10.202530 dk. - https://diziyiizle2.com/loot/2-sezon-10-bolum/
📺 Bölüm bulundu: 3. Sezon 1. BölümAltyazılı15.10.202528 dk. - https://diziyiizle2.com/loot/3-sezon-1-bolum/
📺 Bölüm bulundu: 3. Sezon 2. BölümAltyazılı15.10.202527 dk. - https://diziyiizle2.com/loot/3-sezon-2-bolum/
📺 Bölüm bulundu: 3. Sezon 3. BölümAltyazılı22.10.202525 dk. - https://diziyiizle2.com/loot/3-sezon-3-bolum/
📺 Bölüm bulundu: 3. Sezon 4. BölümAltyazılı15.10.2025 - https://diziyiizle2.com/loot/3-sezon-4-bolum/
📺 Bölüm bulundu: 3. Sezon 5. BölümAltyazılı15.10.2025 - https://diziyiizle2.com/loot/3-sezon-5-bolum/
📺 Bölüm bulundu: 3. Sezon 6. BölümAltyazılı15.10.2025 - https://diziyiizle2.com/loot/3-sezon-6-bolum/
📺 Bölüm bulundu: 3. Sezon 7. BölümAltyazılı15.10.2025 - https://diziyiizle2.com/loot/3-sezon-7-bolum/
📺 Bölüm bulundu: 3. Sezon 8. BölümAltyazılı15.10.2025 - https://diziyiizle2.com/loot/3-sezon-8-bolum/
📺 Bölüm bulundu: 3. Sezon 9. BölümAltyazılı15.10.2025 - https://diziyiizle2.com/loot/3-sezon-9-bolum/
📺 Bölüm bulundu: 3. Sezon 10. BölümAltyazılı15.10.2025 - https://diziyiizle2.com/loot/3-sezon-10-bolum/

📊 Toplam 30 bölüm bulundu
   🔍 [1/30] Bölüm: https://diziyiizle2.com/loot/1-sezon-1-bolum/
📺 Embed URL bulundu: https://vidlax.xyz/embed/973145072ab0aa1c
🔍 Embed URL kontrol ediliyor: https://vidlax.xyz/embed/973145072ab0aa1c
❌ Embed URL kontrol hatası (https://vidlax.xyz/embed/973145072ab0aa1c): 404 Client Error: Not Found for url: https://vidlax.xyz/embed/973145072ab0aa1c

🔍 Vidlax direkt analizi: https://vidlax.xyz/embed/973145072ab0aa1c
Vidlax analiz hatası: 404 Client Error: Not Found for url: https://vidlax.xyz/embed/973145072ab0aa1c

🔍 Vidlax direkt analizi: https://diziyiizle2.com/loot/1-sezon-1-bolum/
📄 Sayfa içeriği alındı: 123907 karakter
❌ m3u8 URL'si bulunamadı
      ❌ m3u8 bulunamadı
   🔍 [2/30] Bölüm: https://diziyiizle2.com/loot/1-sezon-2-bolum/
📺 Embed URL bulundu: https://vidlax.xyz/embed/663c95264e8ea476
🔍 Embed URL kontrol ediliyor: https://vidlax.xyz/embed/663c95264e8ea476
❌ Embed URL kontrol hatası (https://vidlax.xyz/embed/663c95264e8ea476): 404 Client Error: Not Found for url: https://vidlax.xyz/embed/663c95264e8ea476

🔍 Vidlax direkt analizi: https://vidlax.xyz/embed/663c95264e8ea476
Vidlax analiz hatası: 404 Client Error: Not Found for url: https://vidlax.xyz/embed/663c95264e8ea476

🔍 Vidlax direkt analizi: https://diziyiizle2.com/loot/1-sezon-2-bolum/
📄 Sayfa içeriği alındı: 123914 karakter
❌ m3u8 URL'si bulunamadı
      ❌ m3u8 bulunamadı
   🔍 [3/30] Bölüm: https://diziyiizle2.com/loot/1-sezon-3-bolum/
📺 Embed URL bulundu: https://vidlax.xyz/embed/dd0fbe1c9b8e7092
🔍 Embed URL kontrol ediliyor: https://vidlax.xyz/embed/dd0fbe1c9b8e7092
❌ Embed URL kontrol hatası (https://vidlax.xyz/embed/dd0fbe1c9b8e7092): 404 Client Error: Not Found for url: https://vidlax.xyz/embed/dd0fbe1c9b8e7092

🔍 Vidlax direkt analizi: https://vidlax.xyz/embed/dd0fbe1c9b8e7092
Vidlax analiz hatası: 404 Client Error: Not Found for url: https://vidlax.xyz/embed/dd0fbe1c9b8e7092

🔍 Vidlax direkt analizi: https://diziyiizle2.com/loot/1-sezon-3-bolum/
📄 Sayfa içeriği alındı: 124008 karakter
❌ m3u8 URL'si bulunamadı
      ❌ m3u8 bulunamadı
   🔍 [4/30] Bölüm: https://diziyiizle2.com/loot/1-sezon-4-bolum/
📺 Embed URL bulundu: https://vidlax.xyz/embed/d91b5a8b18538943
🔍 Embed URL kontrol ediliyor: https://vidlax.xyz/embed/d91b5a8b18538943
❌ Embed URL kontrol hatası (https://vidlax.xyz/embed/d91b5a8b18538943): 404 Client Error: Not Found for url: https://vidlax.xyz/embed/d91b5a8b18538943

🔍 Vidlax direkt analizi: https://vidlax.xyz/embed/d91b5a8b18538943
Vidlax analiz hatası: 404 Client Error: Not Found for url: https://vidlax.xyz/embed/d91b5a8b18538943

🔍 Vidlax direkt analizi: https://diziyiizle2.com/loot/1-sezon-4-bolum/
📄 Sayfa içeriği alındı: 124047 karakter
❌ m3u8 URL'si bulunamadı
      ❌ m3u8 bulunamadı
   🔍 [5/30] Bölüm: https://diziyiizle2.com/loot/1-sezon-5-bolum/
📺 Embed URL bulundu: https://vidlax.xyz/embed/e18e96af89e957ee
🔍 Embed URL kontrol ediliyor: https://vidlax.xyz/embed/e18e96af89e957ee
❌ Embed URL kontrol hatası (https://vidlax.xyz/embed/e18e96af89e957ee): 404 Client Error: Not Found for url: https://vidlax.xyz/embed/e18e96af89e957ee

🔍 Vidlax direkt analizi: https://vidlax.xyz/embed/e18e96af89e957ee
Vidlax analiz hatası: 404 Client Error: Not Found for url: https://vidlax.xyz/embed/e18e96af89e957ee

🔍 Vidlax direkt analizi: https://diziyiizle2.com/loot/1-sezon-5-bolum/
📄 Sayfa içeriği alındı: 124053 karakter
❌ m3u8 URL'si bulunamadı
      ❌ m3u8 bulunamadı
   🔍 [6/30] Bölüm: https://diziyiizle2.com/loot/1-sezon-6-bolum/
📺 Embed URL bulundu: https://vidlax.xyz/embed/0708a84097594ab6
🔍 Embed URL kontrol ediliyor: https://vidlax.xyz/embed/0708a84097594ab6
❌ Embed URL kontrol hatası (https://vidlax.xyz/embed/0708a84097594ab6): 404 Client Error: Not Found for url: https://vidlax.xyz/embed/0708a84097594ab6

🔍 Vidlax direkt analizi: https://vidlax.xyz/embed/0708a84097594ab6
Vidlax analiz hatası: 404 Client Error: Not Found for url: https://vidlax.xyz/embed/0708a84097594ab6

🔍 Vidlax direkt analizi: https://diziyiizle2.com/loot/1-sezon-6-bolum/
📄 Sayfa içeriği alındı: 123911 karakter
❌ m3u8 URL'si bulunamadı
      ❌ m3u8 bulunamadı
   🔍 [7/30] Bölüm: https://diziyiizle2.com/loot/1-sezon-7-bolum/
📺 Embed URL bulundu: https://vidlax.xyz/embed/a6d3007bb1f0e749
🔍 Embed URL kontrol ediliyor: https://vidlax.xyz/embed/a6d3007bb1f0e749
❌ Embed URL kontrol hatası (https://vidlax.xyz/embed/a6d3007bb1f0e749): 404 Client Error: Not Found for url: https://vidlax.xyz/embed/a6d3007bb1f0e749

🔍 Vidlax direkt analizi: https://vidlax.xyz/embed/a6d3007bb1f0e749
Vidlax analiz hatası: 404 Client Error: Not Found for url: https://vidlax.xyz/embed/a6d3007bb1f0e749

🔍 Vidlax direkt analizi: https://diziyiizle2.com/loot/1-sezon-7-bolum/
📄 Sayfa içeriği alındı: 124153 karakter
❌ m3u8 URL'si bulunamadı
      ❌ m3u8 bulunamadı
   🔍 [8/30] Bölüm: https://diziyiizle2.com/loot/1-sezon-8-bolum/
📺 Embed URL bulundu: https://vidlax.xyz/embed/6a728a7d2f9a75d3
🔍 Embed URL kontrol ediliyor: https://vidlax.xyz/embed/6a728a7d2f9a75d3
❌ Embed URL kontrol hatası (https://vidlax.xyz/embed/6a728a7d2f9a75d3): 404 Client Error: Not Found for url: https://vidlax.xyz/embed/6a728a7d2f9a75d3

🔍 Vidlax direkt analizi: https://vidlax.xyz/embed/6a728a7d2f9a75d3
Vidlax analiz hatası: 404 Client Error: Not Found for url: https://vidlax.xyz/embed/6a728a7d2f9a75d3

🔍 Vidlax direkt analizi: https://diziyiizle2.com/loot/1-sezon-8-bolum/
📄 Sayfa içeriği alındı: 124073 karakter
❌ m3u8 URL'si bulunamadı
      ❌ m3u8 bulunamadı
   🔍 [9/30] Bölüm: https://diziyiizle2.com/loot/1-sezon-9-bolum/
📺 Embed URL bulundu: https://vidlax.xyz/embed/25b0b680b6eafbac
🔍 Embed URL kontrol ediliyor: https://vidlax.xyz/embed/25b0b680b6eafbac
❌ Embed URL kontrol hatası (https://vidlax.xyz/embed/25b0b680b6eafbac): 404 Client Error: Not Found for url: https://vidlax.xyz/embed/25b0b680b6eafbac

🔍 Vidlax direkt analizi: https://vidlax.xyz/embed/25b0b680b6eafbac
Vidlax analiz hatası: 404 Client Error: Not Found for url: https://vidlax.xyz/embed/25b0b680b6eafbac

🔍 Vidlax direkt analizi: https://diziyiizle2.com/loot/1-sezon-9-bolum/
📄 Sayfa içeriği alındı: 124036 karakter
❌ m3u8 URL'si bulunamadı
      ❌ m3u8 bulunamadı
   🔍 [10/30] Bölüm: https://diziyiizle2.com/loot/1-sezon-10-bolum/
📺 Embed URL bulundu: https://vidlax.xyz/embed/7c2040b88ecfc9bf
🔍 Embed URL kontrol ediliyor: https://vidlax.xyz/embed/7c2040b88ecfc9bf
❌ Embed URL kontrol hatası (https://vidlax.xyz/embed/7c2040b88ecfc9bf): 404 Client Error: Not Found for url: https://vidlax.xyz/embed/7c2040b88ecfc9bf

🔍 Vidlax direkt analizi: https://vidlax.xyz/embed/7c2040b88ecfc9bf
Vidlax analiz hatası: 404 Client Error: Not Found for url: https://vidlax.xyz/embed/7c2040b88ecfc9bf

🔍 Vidlax direkt analizi: https://diziyiizle2.com/loot/1-sezon-10-bolum/
📄 Sayfa içeriği alındı: 124019 karakter
❌ m3u8 URL'si bulunamadı
      ❌ m3u8 bulunamadı
   🔍 [11/30] Bölüm: https://diziyiizle2.com/loot/2-sezon-1-bolum/
📺 Embed URL bulundu: https://vidlax.xyz/embed/f338c4cf484ce857
🔍 Embed URL kontrol ediliyor: https://vidlax.xyz/embed/f338c4cf484ce857
❌ Embed URL kontrol hatası (https://vidlax.xyz/embed/f338c4cf484ce857): 404 Client Error: Not Found for url: https://vidlax.xyz/embed/f338c4cf484ce857

🔍 Vidlax direkt analizi: https://vidlax.xyz/embed/f338c4cf484ce857
Vidlax analiz hatası: 404 Client Error: Not Found for url: https://vidlax.xyz/embed/f338c4cf484ce857

🔍 Vidlax direkt analizi: https://diziyiizle2.com/loot/2-sezon-1-bolum/
📄 Sayfa içeriği alındı: 124164 karakter
❌ m3u8 URL'si bulunamadı
      ❌ m3u8 bulunamadı
   🔍 [12/30] Bölüm: https://diziyiizle2.com/loot/2-sezon-2-bolum/
📺 Embed URL bulundu: https://vidlax.xyz/embed/9a86b00b0415f768
🔍 Embed URL kontrol ediliyor: https://vidlax.xyz/embed/9a86b00b0415f768
❌ Embed URL kontrol hatası (https://vidlax.xyz/embed/9a86b00b0415f768): 404 Client Error: Not Found for url: https://vidlax.xyz/embed/9a86b00b0415f768

🔍 Vidlax direkt analizi: https://vidlax.xyz/embed/9a86b00b0415f768
Vidlax analiz hatası: 404 Client Error: Not Found for url: https://vidlax.xyz/embed/9a86b00b0415f768

🔍 Vidlax direkt analizi: https://diziyiizle2.com/loot/2-sezon-2-bolum/
📄 Sayfa içeriği alındı: 124071 karakter
❌ m3u8 URL'si bulunamadı
      ❌ m3u8 bulunamadı
   🔍 [13/30] Bölüm: https://diziyiizle2.com/loot/2-sezon-3-bolum/
📺 Embed URL bulundu: https://vidlax.xyz/embed/8269ae11d5b4c755
🔍 Embed URL kontrol ediliyor: https://vidlax.xyz/embed/8269ae11d5b4c755
❌ Embed URL kontrol hatası (https://vidlax.xyz/embed/8269ae11d5b4c755): 404 Client Error: Not Found for url: https://vidlax.xyz/embed/8269ae11d5b4c755

🔍 Vidlax direkt analizi: https://vidlax.xyz/embed/8269ae11d5b4c755
Vidlax analiz hatası: 404 Client Error: Not Found for url: https://vidlax.xyz/embed/8269ae11d5b4c755

🔍 Vidlax direkt analizi: https://diziyiizle2.com/loot/2-sezon-3-bolum/
📄 Sayfa içeriği alındı: 124080 karakter
❌ m3u8 URL'si bulunamadı
      ❌ m3u8 bulunamadı
   🔍 [14/30] Bölüm: https://diziyiizle2.com/loot/2-sezon-4-bolum/
📺 Embed URL bulundu: https://vidlax.xyz/embed/68ea08e9ad8ccc4e
🔍 Embed URL kontrol ediliyor: https://vidlax.xyz/embed/68ea08e9ad8ccc4e
❌ Embed URL kontrol hatası (https://vidlax.xyz/embed/68ea08e9ad8ccc4e): 404 Client Error: Not Found for url: https://vidlax.xyz/embed/68ea08e9ad8ccc4e

🔍 Vidlax direkt analizi: https://vidlax.xyz/embed/68ea08e9ad8ccc4e
Vidlax analiz hatası: 404 Client Error: Not Found for url: https://vidlax.xyz/embed/68ea08e9ad8ccc4e

🔍 Vidlax direkt analizi: https://diziyiizle2.com/loot/2-sezon-4-bolum/
📄 Sayfa içeriği alındı: 124158 karakter
❌ m3u8 URL'si bulunamadı
      ❌ m3u8 bulunamadı
   🔍 [15/30] Bölüm: https://diziyiizle2.com/loot/2-sezon-5-bolum/
📺 Embed URL bulundu: https://vidlax.xyz/embed/26372baf0a863d1e
🔍 Embed URL kontrol ediliyor: https://vidlax.xyz/embed/26372baf0a863d1e
❌ Embed URL kontrol hatası (https://vidlax.xyz/embed/26372baf0a863d1e): 404 Client Error: Not Found for url: https://vidlax.xyz/embed/26372baf0a863d1e

🔍 Vidlax direkt analizi: https://vidlax.xyz/embed/26372baf0a863d1e
Vidlax analiz hatası: 404 Client Error: Not Found for url: https://vidlax.xyz/embed/26372baf0a863d1e

🔍 Vidlax direkt analizi: https://diziyiizle2.com/loot/2-sezon-5-bolum/
📄 Sayfa içeriği alındı: 124140 karakter
❌ m3u8 URL'si bulunamadı
      ❌ m3u8 bulunamadı
   🔍 [16/30] Bölüm: https://diziyiizle2.com/loot/2-sezon-6-bolum/
📺 Embed URL bulundu: https://vidlax.xyz/embed/4061f4ee79735a18
🔍 Embed URL kontrol ediliyor: https://vidlax.xyz/embed/4061f4ee79735a18
❌ Embed URL kontrol hatası (https://vidlax.xyz/embed/4061f4ee79735a18): 404 Client Error: Not Found for url: https://vidlax.xyz/embed/4061f4ee79735a18

🔍 Vidlax direkt analizi: https://vidlax.xyz/embed/4061f4ee79735a18
Vidlax analiz hatası: 404 Client Error: Not Found for url: https://vidlax.xyz/embed/4061f4ee79735a18

🔍 Vidlax direkt analizi: https://diziyiizle2.com/loot/2-sezon-6-bolum/
📄 Sayfa içeriği alındı: 124209 karakter
❌ m3u8 URL'si bulunamadı
      ❌ m3u8 bulunamadı
   🔍 [17/30] Bölüm: https://diziyiizle2.com/loot/2-sezon-7-bolum/
📺 Embed URL bulundu: https://vidlax.xyz/embed/288575f10c5982e8
🔍 Embed URL kontrol ediliyor: https://vidlax.xyz/embed/288575f10c5982e8
❌ Embed URL kontrol hatası (https://vidlax.xyz/embed/288575f10c5982e8): 404 Client Error: Not Found for url: https://vidlax.xyz/embed/288575f10c5982e8

🔍 Vidlax direkt analizi: https://vidlax.xyz/embed/288575f10c5982e8
Vidlax analiz hatası: 404 Client Error: Not Found for url: https://vidlax.xyz/embed/288575f10c5982e8

🔍 Vidlax direkt analizi: https://diziyiizle2.com/loot/2-sezon-7-bolum/
📄 Sayfa içeriği alındı: 123971 karakter
❌ m3u8 URL'si bulunamadı
      ❌ m3u8 bulunamadı
   🔍 [18/30] Bölüm: https://diziyiizle2.com/loot/2-sezon-8-bolum/
📺 Embed URL bulundu: https://vidlax.xyz/embed/1dd721d32d7f4651
🔍 Embed URL kontrol ediliyor: https://vidlax.xyz/embed/1dd721d32d7f4651
❌ Embed URL kontrol hatası (https://vidlax.xyz/embed/1dd721d32d7f4651): 404 Client Error: Not Found for url: https://vidlax.xyz/embed/1dd721d32d7f4651

🔍 Vidlax direkt analizi: https://vidlax.xyz/embed/1dd721d32d7f4651
Vidlax analiz hatası: 404 Client Error: Not Found for url: https://vidlax.xyz/embed/1dd721d32d7f4651

🔍 Vidlax direkt analizi: https://diziyiizle2.com/loot/2-sezon-8-bolum/
📄 Sayfa içeriği alındı: 124222 karakter
❌ m3u8 URL'si bulunamadı
      ❌ m3u8 bulunamadı
   🔍 [19/30] Bölüm: https://diziyiizle2.com/loot/2-sezon-9-bolum/
📺 Embed URL bulundu: https://vidlax.xyz/embed/ed1f0a5090e8f0a6
🔍 Embed URL kontrol ediliyor: https://vidlax.xyz/embed/ed1f0a5090e8f0a6
❌ Embed URL kontrol hatası (https://vidlax.xyz/embed/ed1f0a5090e8f0a6): 404 Client Error: Not Found for url: https://vidlax.xyz/embed/ed1f0a5090e8f0a6

🔍 Vidlax direkt analizi: https://vidlax.xyz/embed/ed1f0a5090e8f0a6
Vidlax analiz hatası: 404 Client Error: Not Found for url: https://vidlax.xyz/embed/ed1f0a5090e8f0a6

🔍 Vidlax direkt analizi: https://diziyiizle2.com/loot/2-sezon-9-bolum/
📄 Sayfa içeriği alındı: 124155 karakter
❌ m3u8 URL'si bulunamadı
      ❌ m3u8 bulunamadı
   🔍 [20/30] Bölüm: https://diziyiizle2.com/loot/2-sezon-10-bolum/
📺 Embed URL bulundu: https://vidlax.xyz/embed/d36e45fecd651526
🔍 Embed URL kontrol ediliyor: https://vidlax.xyz/embed/d36e45fecd651526
❌ Embed URL kontrol hatası (https://vidlax.xyz/embed/d36e45fecd651526): 404 Client Error: Not Found for url: https://vidlax.xyz/embed/d36e45fecd651526

🔍 Vidlax direkt analizi: https://vidlax.xyz/embed/d36e45fecd651526
Vidlax analiz hatası: 404 Client Error: Not Found for url: https://vidlax.xyz/embed/d36e45fecd651526

🔍 Vidlax direkt analizi: https://diziyiizle2.com/loot/2-sezon-10-bolum/
📄 Sayfa içeriği alındı: 123990 karakter
❌ m3u8 URL'si bulunamadı
      ❌ m3u8 bulunamadı
   🔍 [21/30] Bölüm: https://diziyiizle2.com/loot/3-sezon-1-bolum/
📺 Embed URL bulundu: https://vidlax.xyz/embed/bdba6dea832daaa1
🔍 Embed URL kontrol ediliyor: https://vidlax.xyz/embed/bdba6dea832daaa1
❌ Embed URL kontrol hatası (https://vidlax.xyz/embed/bdba6dea832daaa1): 404 Client Error: Not Found for url: https://vidlax.xyz/embed/bdba6dea832daaa1

🔍 Vidlax direkt analizi: https://vidlax.xyz/embed/bdba6dea832daaa1
Vidlax analiz hatası: 404 Client Error: Not Found for url: https://vidlax.xyz/embed/bdba6dea832daaa1

🔍 Vidlax direkt analizi: https://diziyiizle2.com/loot/3-sezon-1-bolum/
📄 Sayfa içeriği alındı: 124231 karakter
❌ m3u8 URL'si bulunamadı
      ❌ m3u8 bulunamadı
   🔍 [22/30] Bölüm: https://diziyiizle2.com/loot/3-sezon-2-bolum/
📺 Embed URL bulundu: https://vidlax.xyz/embed/fb2181ac2e6e1b72
🔍 Embed URL kontrol ediliyor: https://vidlax.xyz/embed/fb2181ac2e6e1b72
❌ Embed URL kontrol hatası (https://vidlax.xyz/embed/fb2181ac2e6e1b72): 404 Client Error: Not Found for url: https://vidlax.xyz/embed/fb2181ac2e6e1b72

🔍 Vidlax direkt analizi: https://vidlax.xyz/embed/fb2181ac2e6e1b72
Vidlax analiz hatası: 404 Client Error: Not Found for url: https://vidlax.xyz/embed/fb2181ac2e6e1b72

🔍 Vidlax direkt analizi: https://diziyiizle2.com/loot/3-sezon-2-bolum/
📄 Sayfa içeriği alındı: 124231 karakter
❌ m3u8 URL'si bulunamadı
      ❌ m3u8 bulunamadı
   🔍 [23/30] Bölüm: https://diziyiizle2.com/loot/3-sezon-3-bolum/
📺 Embed URL bulundu: https://vidlax.xyz/embed/abd50ce66b5e0c90
🔍 Embed URL kontrol ediliyor: https://vidlax.xyz/embed/abd50ce66b5e0c90
❌ Embed URL kontrol hatası (https://vidlax.xyz/embed/abd50ce66b5e0c90): 404 Client Error: Not Found for url: https://vidlax.xyz/embed/abd50ce66b5e0c90

🔍 Vidlax direkt analizi: https://vidlax.xyz/embed/abd50ce66b5e0c90
Vidlax analiz hatası: 404 Client Error: Not Found for url: https://vidlax.xyz/embed/abd50ce66b5e0c90

🔍 Vidlax direkt analizi: https://diziyiizle2.com/loot/3-sezon-3-bolum/
📄 Sayfa içeriği alındı: 124230 karakter
❌ m3u8 URL'si bulunamadı
      ❌ m3u8 bulunamadı
   🔍 [24/30] Bölüm: https://diziyiizle2.com/loot/3-sezon-4-bolum/

🔍 Vidlax direkt analizi: https://diziyiizle2.com/loot/3-sezon-4-bolum/
📄 Sayfa içeriği alındı: 123412 karakter
❌ m3u8 URL'si bulunamadı
      ❌ m3u8 bulunamadı
   🔍 [25/30] Bölüm: https://diziyiizle2.com/loot/3-sezon-5-bolum/

🔍 Vidlax direkt analizi: https://diziyiizle2.com/loot/3-sezon-5-bolum/
📄 Sayfa içeriği alındı: 123413 karakter
❌ m3u8 URL'si bulunamadı
      ❌ m3u8 bulunamadı
   🔍 [26/30] Bölüm: https://diziyiizle2.com/loot/3-sezon-6-bolum/

🔍 Vidlax direkt analizi: https://diziyiizle2.com/loot/3-sezon-6-bolum/
📄 Sayfa içeriği alındı: 123413 karakter
❌ m3u8 URL'si bulunamadı
      ❌ m3u8 bulunamadı
   🔍 [27/30] Bölüm: https://diziyiizle2.com/loot/3-sezon-7-bolum/

🔍 Vidlax direkt analizi: https://diziyiizle2.com/loot/3-sezon-7-bolum/
📄 Sayfa içeriği alındı: 123412 karakter
❌ m3u8 URL'si bulunamadı
      ❌ m3u8 bulunamadı
   🔍 [28/30] Bölüm: https://diziyiizle2.com/loot/3-sezon-8-bolum/

🔍 Vidlax direkt analizi: https://diziyiizle2.com/loot/3-sezon-8-bolum/
📄 Sayfa içeriği alındı: 123413 karakter
❌ m3u8 URL'si bulunamadı
      ❌ m3u8 bulunamadı
   🔍 [29/30] Bölüm: https://diziyiizle2.com/loot/3-sezon-9-bolum/

🔍 Vidlax direkt analizi: https://diziyiizle2.com/loot/3-sezon-9-bolum/
📄 Sayfa içeriği alındı: 123413 karakter
❌ m3u8 URL'si bulunamadı
      ❌ m3u8 bulunamadı
   🔍 [30/30] Bölüm: https://diziyiizle2.com/loot/3-sezon-10-bolum/

🔍 Vidlax direkt analizi: https://diziyiizle2.com/loot/3-sezon-10-bolum/
📄 Sayfa içeriği alındı: 123431 karakter
❌ m3u8 URL'si bulunamadı
      ❌ m3u8 bulunamadı
   ❌ Bu dizi için hiç m3u8 bulunamadı

============================================================
🎬 [12/56] İşleniyor: https://diziyiizle2.com/dizi/dmv/
📺 Bölüm bulundu: 1. Sezon 1. BölümAltyazılı15.10.2025 - https://diziyiizle2.com/dmv/1-sezon-1-bolum/
📺 Bölüm bulundu: 1. Sezon 2. BölümAltyazılı21.10.2025 - https://diziyiizle2.com/dmv/1-sezon-2-bolum/
📺 Bölüm bulundu: 1. Sezon 3. BölümAltyazılı15.10.2025 - https://diziyiizle2.com/dmv/1-sezon-3-bolum/
📺 Bölüm bulundu: 1. Sezon 4. BölümAltyazılı15.10.2025 - https://diziyiizle2.com/dmv/1-sezon-4-bolum/

📊 Toplam 4 bölüm bulundu
   🔍 [1/4] Bölüm: https://diziyiizle2.com/dmv/1-sezon-1-bolum/
📺 Embed URL bulundu: https://vidlax.xyz/embed/cf6fda08a65e9925
🔍 Embed URL kontrol ediliyor: https://vidlax.xyz/embed/cf6fda08a65e9925
❌ Embed URL kontrol hatası (https://vidlax.xyz/embed/cf6fda08a65e9925): 404 Client Error: Not Found for url: https://vidlax.xyz/embed/cf6fda08a65e9925

🔍 Vidlax direkt analizi: https://vidlax.xyz/embed/cf6fda08a65e9925
Vidlax analiz hatası: 404 Client Error: Not Found for url: https://vidlax.xyz/embed/cf6fda08a65e9925

🔍 Vidlax direkt analizi: https://diziyiizle2.com/dmv/1-sezon-1-bolum/
📄 Sayfa içeriği alındı: 90600 karakter
❌ m3u8 URL'si bulunamadı
      ❌ m3u8 bulunamadı
   🔍 [2/4] Bölüm: https://diziyiizle2.com/dmv/1-sezon-2-bolum/
📺 Embed URL bulundu: https://vidlax.xyz/embed/68a79b78c241beea
🔍 Embed URL kontrol ediliyor: https://vidlax.xyz/embed/68a79b78c241beea
❌ Embed URL kontrol hatası (https://vidlax.xyz/embed/68a79b78c241beea): 404 Client Error: Not Found for url: https://vidlax.xyz/embed/68a79b78c241beea

🔍 Vidlax direkt analizi: https://vidlax.xyz/embed/68a79b78c241beea
Vidlax analiz hatası: 404 Client Error: Not Found for url: https://vidlax.xyz/embed/68a79b78c241beea

🔍 Vidlax direkt analizi: https://diziyiizle2.com/dmv/1-sezon-2-bolum/
📄 Sayfa içeriği alındı: 90601 karakter
❌ m3u8 URL'si bulunamadı
      ❌ m3u8 bulunamadı
   🔍 [3/4] Bölüm: https://diziyiizle2.com/dmv/1-sezon-3-bolum/

🔍 Vidlax direkt analizi: https://diziyiizle2.com/dmv/1-sezon-3-bolum/
📄 Sayfa içeriği alındı: 89911 karakter
❌ m3u8 URL'si bulunamadı
      ❌ m3u8 bulunamadı
   🔍 [4/4] Bölüm: https://diziyiizle2.com/dmv/1-sezon-4-bolum/

🔍 Vidlax direkt analizi: https://diziyiizle2.com/dmv/1-sezon-4-bolum/
📄 Sayfa içeriği alındı: 89910 karakter
❌ m3u8 URL'si bulunamadı
      ❌ m3u8 bulunamadı
   ❌ Bu dizi için hiç m3u8 bulunamadı

============================================================
🎬 [13/56] İşleniyor: https://diziyiizle2.com/dizi/bad-thoughts/
📺 Bölüm bulundu: 1. Sezon 1. BölümDublaj14.10.202518 dk. - https://diziyiizle2.com/bad-thoughts/1-sezon-1-bolum/
📺 Bölüm bulundu: 1. Sezon 2. BölümDublaj14.10.202523 dk. - https://diziyiizle2.com/bad-thoughts/1-sezon-2-bolum/
📺 Bölüm bulundu: 1. Sezon 3. BölümDublaj14.10.202523 dk. - https://diziyiizle2.com/bad-thoughts/1-sezon-3-bolum/
📺 Bölüm bulundu: 1. Sezon 4. BölümDublaj14.10.202518 dk. - https://diziyiizle2.com/bad-thoughts/1-sezon-4-bolum/
📺 Bölüm bulundu: 1. Sezon 5. BölümDublaj14.10.202520 dk. - https://diziyiizle2.com/bad-thoughts/1-sezon-5-bolum/
📺 Bölüm bulundu: 1. Sezon 6. BölümDublaj14.10.202518 dk. - https://diziyiizle2.com/bad-thoughts/1-sezon-6-bolum/

📊 Toplam 6 bölüm bulundu
   🔍 [1/6] Bölüm: https://diziyiizle2.com/bad-thoughts/1-sezon-1-bolum/
📺 Embed URL bulundu: https://vidlax.xyz/embed/fba6c04d3a6b1f3a
🔍 Embed URL kontrol ediliyor: https://vidlax.xyz/embed/fba6c04d3a6b1f3a
❌ Embed URL kontrol hatası (https://vidlax.xyz/embed/fba6c04d3a6b1f3a): 404 Client Error: Not Found for url: https://vidlax.xyz/embed/fba6c04d3a6b1f3a

🔍 Vidlax direkt analizi: https://vidlax.xyz/embed/fba6c04d3a6b1f3a
Vidlax analiz hatası: 404 Client Error: Not Found for url: https://vidlax.xyz/embed/fba6c04d3a6b1f3a

🔍 Vidlax direkt analizi: https://diziyiizle2.com/bad-thoughts/1-sezon-1-bolum/
📄 Sayfa içeriği alındı: 93589 karakter
❌ m3u8 URL'si bulunamadı
      ❌ m3u8 bulunamadı
   🔍 [2/6] Bölüm: https://diziyiizle2.com/bad-thoughts/1-sezon-2-bolum/
📺 Embed URL bulundu: https://vidlax.xyz/embed/84dd612b5edf7abd
🔍 Embed URL kontrol ediliyor: https://vidlax.xyz/embed/84dd612b5edf7abd
❌ Embed URL kontrol hatası (https://vidlax.xyz/embed/84dd612b5edf7abd): 404 Client Error: Not Found for url: https://vidlax.xyz/embed/84dd612b5edf7abd

🔍 Vidlax direkt analizi: https://vidlax.xyz/embed/84dd612b5edf7abd
Vidlax analiz hatası: 404 Client Error: Not Found for url: https://vidlax.xyz/embed/84dd612b5edf7abd

🔍 Vidlax direkt analizi: https://diziyiizle2.com/bad-thoughts/1-sezon-2-bolum/
📄 Sayfa içeriği alındı: 93590 karakter
❌ m3u8 URL'si bulunamadı
      ❌ m3u8 bulunamadı
   🔍 [3/6] Bölüm: https://diziyiizle2.com/bad-thoughts/1-sezon-3-bolum/
📺 Embed URL bulundu: https://vidlax.xyz/embed/173c38cae0392eab
🔍 Embed URL kontrol ediliyor: https://vidlax.xyz/embed/173c38cae0392eab
❌ Embed URL kontrol hatası (https://vidlax.xyz/embed/173c38cae0392eab): 404 Client Error: Not Found for url: https://vidlax.xyz/embed/173c38cae0392eab

🔍 Vidlax direkt analizi: https://vidlax.xyz/embed/173c38cae0392eab
Vidlax analiz hatası: 404 Client Error: Not Found for url: https://vidlax.xyz/embed/173c38cae0392eab

🔍 Vidlax direkt analizi: https://diziyiizle2.com/bad-thoughts/1-sezon-3-bolum/
📄 Sayfa içeriği alındı: 93591 karakter
❌ m3u8 URL'si bulunamadı
      ❌ m3u8 bulunamadı
   🔍 [4/6] Bölüm: https://diziyiizle2.com/bad-thoughts/1-sezon-4-bolum/
📺 Embed URL bulundu: https://vidlax.xyz/embed/a3bdb0046f0333e9
🔍 Embed URL kontrol ediliyor: https://vidlax.xyz/embed/a3bdb0046f0333e9
❌ Embed URL kontrol hatası (https://vidlax.xyz/embed/a3bdb0046f0333e9): 404 Client Error: Not Found for url: https://vidlax.xyz/embed/a3bdb0046f0333e9

🔍 Vidlax direkt analizi: https://vidlax.xyz/embed/a3bdb0046f0333e9
Vidlax analiz hatası: 404 Client Error: Not Found for url: https://vidlax.xyz/embed/a3bdb0046f0333e9

🔍 Vidlax direkt analizi: https://diziyiizle2.com/bad-thoughts/1-sezon-4-bolum/
📄 Sayfa içeriği alındı: 93591 karakter
❌ m3u8 URL'si bulunamadı
      ❌ m3u8 bulunamadı
   🔍 [5/6] Bölüm: https://diziyiizle2.com/bad-thoughts/1-sezon-5-bolum/
📺 Embed URL bulundu: https://vidlax.xyz/embed/2e65e4112cb45329
🔍 Embed URL kontrol ediliyor: https://vidlax.xyz/embed/2e65e4112cb45329
❌ Embed URL kontrol hatası (https://vidlax.xyz/embed/2e65e4112cb45329): 404 Client Error: Not Found for url: https://vidlax.xyz/embed/2e65e4112cb45329

🔍 Vidlax direkt analizi: https://vidlax.xyz/embed/2e65e4112cb45329
Vidlax analiz hatası: 404 Client Error: Not Found for url: https://vidlax.xyz/embed/2e65e4112cb45329

🔍 Vidlax direkt analizi: https://diziyiizle2.com/bad-thoughts/1-sezon-5-bolum/
📄 Sayfa içeriği alındı: 93591 karakter
❌ m3u8 URL'si bulunamadı
      ❌ m3u8 bulunamadı
   🔍 [6/6] Bölüm: https://diziyiizle2.com/bad-thoughts/1-sezon-6-bolum/
📺 Embed URL bulundu: https://vidlax.xyz/embed/d68705fc0efd618d
🔍 Embed URL kontrol ediliyor: https://vidlax.xyz/embed/d68705fc0efd618d
❌ Embed URL kontrol hatası (https://vidlax.xyz/embed/d68705fc0efd618d): 404 Client Error: Not Found for url: https://vidlax.xyz/embed/d68705fc0efd618d

🔍 Vidlax direkt analizi: https://vidlax.xyz/embed/d68705fc0efd618d
Vidlax analiz hatası: 404 Client Error: Not Found for url: https://vidlax.xyz/embed/d68705fc0efd618d

🔍 Vidlax direkt analizi: https://diziyiizle2.com/bad-thoughts/1-sezon-6-bolum/
📄 Sayfa içeriği alındı: 93590 karakter
❌ m3u8 URL'si bulunamadı
      ❌ m3u8 bulunamadı
   ❌ Bu dizi için hiç m3u8 bulunamadı

============================================================
🎬 [14/56] İşleniyor: https://diziyiizle2.com/dizi/ozluyorum-seni/
📺 Bölüm bulundu: 1. Sezon 1. BölümDublaj14.10.202547 dk. - https://diziyiizle2.com/ozluyorum-seni/1-sezon-1-bolum/
📺 Bölüm bulundu: 1. Sezon 2. BölümDublaj14.10.202542 dk. - https://diziyiizle2.com/ozluyorum-seni/1-sezon-2-bolum/
📺 Bölüm bulundu: 1. Sezon 3. BölümDublaj14.10.202546 dk. - https://diziyiizle2.com/ozluyorum-seni/1-sezon-3-bolum/
📺 Bölüm bulundu: 1. Sezon 4. BölümDublaj14.10.202547 dk. - https://diziyiizle2.com/ozluyorum-seni/1-sezon-4-bolum/
📺 Bölüm bulundu: 1. Sezon 5. BölümDublaj14.10.202545 dk. - https://diziyiizle2.com/ozluyorum-seni/1-sezon-5-bolum/

📊 Toplam 5 bölüm bulundu
   🔍 [1/5] Bölüm: https://diziyiizle2.com/ozluyorum-seni/1-sezon-1-bolum/
📺 Embed URL bulundu: https://vidlax.xyz/embed/1cac2ce9ce8cb860
🔍 Embed URL kontrol ediliyor: https://vidlax.xyz/embed/1cac2ce9ce8cb860
❌ Embed URL kontrol hatası (https://vidlax.xyz/embed/1cac2ce9ce8cb860): 404 Client Error: Not Found for url: https://vidlax.xyz/embed/1cac2ce9ce8cb860

🔍 Vidlax direkt analizi: https://vidlax.xyz/embed/1cac2ce9ce8cb860
Vidlax analiz hatası: 404 Client Error: Not Found for url: https://vidlax.xyz/embed/1cac2ce9ce8cb860

🔍 Vidlax direkt analizi: https://diziyiizle2.com/ozluyorum-seni/1-sezon-1-bolum/
📄 Sayfa içeriği alındı: 92197 karakter
❌ m3u8 URL'si bulunamadı
      ❌ m3u8 bulunamadı
   🔍 [2/5] Bölüm: https://diziyiizle2.com/ozluyorum-seni/1-sezon-2-bolum/
📺 Embed URL bulundu: https://vidlax.xyz/embed/95272427ed8dbf1b
🔍 Embed URL kontrol ediliyor: https://vidlax.xyz/embed/95272427ed8dbf1b
❌ Embed URL kontrol hatası (https://vidlax.xyz/embed/95272427ed8dbf1b): 404 Client Error: Not Found for url: https://vidlax.xyz/embed/95272427ed8dbf1b

🔍 Vidlax direkt analizi: https://vidlax.xyz/embed/95272427ed8dbf1b
Vidlax analiz hatası: 404 Client Error: Not Found for url: https://vidlax.xyz/embed/95272427ed8dbf1b

🔍 Vidlax direkt analizi: https://diziyiizle2.com/ozluyorum-seni/1-sezon-2-bolum/
📄 Sayfa içeriği alındı: 92364 karakter
❌ m3u8 URL'si bulunamadı
      ❌ m3u8 bulunamadı
   🔍 [3/5] Bölüm: https://diziyiizle2.com/ozluyorum-seni/1-sezon-3-bolum/
📺 Embed URL bulundu: https://vidlax.xyz/embed/900389b086cad422
🔍 Embed URL kontrol ediliyor: https://vidlax.xyz/embed/900389b086cad422
❌ Embed URL kontrol hatası (https://vidlax.xyz/embed/900389b086cad422): 404 Client Error: Not Found for url: https://vidlax.xyz/embed/900389b086cad422

🔍 Vidlax direkt analizi: https://vidlax.xyz/embed/900389b086cad422
Vidlax analiz hatası: 404 Client Error: Not Found for url: https://vidlax.xyz/embed/900389b086cad422

🔍 Vidlax direkt analizi: https://diziyiizle2.com/ozluyorum-seni/1-sezon-3-bolum/
📄 Sayfa içeriği alındı: 92307 karakter
❌ m3u8 URL'si bulunamadı
      ❌ m3u8 bulunamadı
   🔍 [4/5] Bölüm: https://diziyiizle2.com/ozluyorum-seni/1-sezon-4-bolum/
📺 Embed URL bulundu: https://vidlax.xyz/embed/53adf55ba146018c
🔍 Embed URL kontrol ediliyor: https://vidlax.xyz/embed/53adf55ba146018c
❌ Embed URL kontrol hatası (https://vidlax.xyz/embed/53adf55ba146018c): 404 Client Error: Not Found for url: https://vidlax.xyz/embed/53adf55ba146018c

🔍 Vidlax direkt analizi: https://vidlax.xyz/embed/53adf55ba146018c
Vidlax analiz hatası: 404 Client Error: Not Found for url: https://vidlax.xyz/embed/53adf55ba146018c

🔍 Vidlax direkt analizi: https://diziyiizle2.com/ozluyorum-seni/1-sezon-4-bolum/
📄 Sayfa içeriği alındı: 92306 karakter
❌ m3u8 URL'si bulunamadı
      ❌ m3u8 bulunamadı
   🔍 [5/5] Bölüm: https://diziyiizle2.com/ozluyorum-seni/1-sezon-5-bolum/
📺 Embed URL bulundu: https://vidlax.xyz/embed/123983b894c14ba5
🔍 Embed URL kontrol ediliyor: https://vidlax.xyz/embed/123983b894c14ba5
❌ Embed URL kontrol hatası (https://vidlax.xyz/embed/123983b894c14ba5): 404 Client Error: Not Found for url: https://vidlax.xyz/embed/123983b894c14ba5

🔍 Vidlax direkt analizi: https://vidlax.xyz/embed/123983b894c14ba5
Vidlax analiz hatası: 404 Client Error: Not Found for url: https://vidlax.xyz/embed/123983b894c14ba5

🔍 Vidlax direkt analizi: https://diziyiizle2.com/ozluyorum-seni/1-sezon-5-bolum/
📄 Sayfa içeriği alındı: 92114 karakter
❌ m3u8 URL'si bulunamadı
      ❌ m3u8 bulunamadı
   ❌ Bu dizi için hiç m3u8 bulunamadı

============================================================
🎬 [15/56] İşleniyor: https://diziyiizle2.com/dizi/splinter-cell-deathwatch/
📺 Bölüm bulundu: 1. Sezon 1. BölümDublaj14.10.2025 - https://diziyiizle2.com/splinter-cell-deathwatch/1-sezon-1-bolum/
📺 Bölüm bulundu: 1. Sezon 2. BölümDublaj14.10.2025 - https://diziyiizle2.com/splinter-cell-deathwatch/1-sezon-2-bolum/
📺 Bölüm bulundu: 1. Sezon 3. BölümDublaj14.10.2025 - https://diziyiizle2.com/splinter-cell-deathwatch/1-sezon-3-bolum/
📺 Bölüm bulundu: 1. Sezon 4. BölümDublaj14.10.2025 - https://diziyiizle2.com/splinter-cell-deathwatch/1-sezon-4-bolum/
📺 Bölüm bulundu: 1. Sezon 5. BölümDublaj14.10.2025 - https://diziyiizle2.com/splinter-cell-deathwatch/1-sezon-5-bolum/
📺 Bölüm bulundu: 1. Sezon 6. BölümDublaj14.10.2025 - https://diziyiizle2.com/splinter-cell-deathwatch/1-sezon-6-bolum/
📺 Bölüm bulundu: 1. Sezon 7. BölümDublaj14.10.2025 - https://diziyiizle2.com/splinter-cell-deathwatch/1-sezon-7-bolum/
📺 Bölüm bulundu: 1. Sezon 8. BölümDublaj14.10.2025 - https://diziyiizle2.com/splinter-cell-deathwatch/1-sezon-8-bolum/

📊 Toplam 8 bölüm bulundu
   🔍 [1/8] Bölüm: https://diziyiizle2.com/splinter-cell-deathwatch/1-sezon-1-bolum/
📺 Embed URL bulundu: https://vidlax.xyz/embed/279ce91453ccd1be
🔍 Embed URL kontrol ediliyor: https://vidlax.xyz/embed/279ce91453ccd1be
❌ Embed URL kontrol hatası (https://vidlax.xyz/embed/279ce91453ccd1be): 404 Client Error: Not Found for url: https://vidlax.xyz/embed/279ce91453ccd1be

🔍 Vidlax direkt analizi: https://vidlax.xyz/embed/279ce91453ccd1be
Vidlax analiz hatası: 404 Client Error: Not Found for url: https://vidlax.xyz/embed/279ce91453ccd1be

🔍 Vidlax direkt analizi: https://diziyiizle2.com/splinter-cell-deathwatch/1-sezon-1-bolum/
📄 Sayfa içeriği alındı: 96229 karakter
❌ m3u8 URL'si bulunamadı
      ❌ m3u8 bulunamadı
   🔍 [2/8] Bölüm: https://diziyiizle2.com/splinter-cell-deathwatch/1-sezon-2-bolum/
📺 Embed URL bulundu: https://vidlax.xyz/embed/21025188e834b99c
🔍 Embed URL kontrol ediliyor: https://vidlax.xyz/embed/21025188e834b99c
❌ Embed URL kontrol hatası (https://vidlax.xyz/embed/21025188e834b99c): 404 Client Error: Not Found for url: https://vidlax.xyz/embed/21025188e834b99c

🔍 Vidlax direkt analizi: https://vidlax.xyz/embed/21025188e834b99c
Vidlax analiz hatası: 404 Client Error: Not Found for url: https://vidlax.xyz/embed/21025188e834b99c

🔍 Vidlax direkt analizi: https://diziyiizle2.com/splinter-cell-deathwatch/1-sezon-2-bolum/
📄 Sayfa içeriği alındı: 96230 karakter
❌ m3u8 URL'si bulunamadı
      ❌ m3u8 bulunamadı
   🔍 [3/8] Bölüm: https://diziyiizle2.com/splinter-cell-deathwatch/1-sezon-3-bolum/
📺 Embed URL bulundu: https://vidlax.xyz/embed/bb6d2ed3567c4dff
🔍 Embed URL kontrol ediliyor: https://vidlax.xyz/embed/bb6d2ed3567c4dff
❌ Embed URL kontrol hatası (https://vidlax.xyz/embed/bb6d2ed3567c4dff): 404 Client Error: Not Found for url: https://vidlax.xyz/embed/bb6d2ed3567c4dff

🔍 Vidlax direkt analizi: https://vidlax.xyz/embed/bb6d2ed3567c4dff
Vidlax analiz hatası: 404 Client Error: Not Found for url: https://vidlax.xyz/embed/bb6d2ed3567c4dff

🔍 Vidlax direkt analizi: https://diziyiizle2.com/splinter-cell-deathwatch/1-sezon-3-bolum/
📄 Sayfa içeriği alındı: 96229 karakter
❌ m3u8 URL'si bulunamadı
      ❌ m3u8 bulunamadı
   🔍 [4/8] Bölüm: https://diziyiizle2.com/splinter-cell-deathwatch/1-sezon-4-bolum/
📺 Embed URL bulundu: https://vidlax.xyz/embed/efe9aabe42fa9304
🔍 Embed URL kontrol ediliyor: https://vidlax.xyz/embed/efe9aabe42fa9304
❌ Embed URL kontrol hatası (https://vidlax.xyz/embed/efe9aabe42fa9304): 404 Client Error: Not Found for url: https://vidlax.xyz/embed/efe9aabe42fa9304

🔍 Vidlax direkt analizi: https://vidlax.xyz/embed/efe9aabe42fa9304
Vidlax analiz hatası: 404 Client Error: Not Found for url: https://vidlax.xyz/embed/efe9aabe42fa9304

🔍 Vidlax direkt analizi: https://diziyiizle2.com/splinter-cell-deathwatch/1-sezon-4-bolum/
📄 Sayfa içeriği alındı: 96229 karakter
❌ m3u8 URL'si bulunamadı
      ❌ m3u8 bulunamadı
   🔍 [5/8] Bölüm: https://diziyiizle2.com/splinter-cell-deathwatch/1-sezon-5-bolum/
📺 Embed URL bulundu: https://vidlax.xyz/embed/794388aae8ecb1a2
🔍 Embed URL kontrol ediliyor: https://vidlax.xyz/embed/794388aae8ecb1a2
❌ Embed URL kontrol hatası (https://vidlax.xyz/embed/794388aae8ecb1a2): 404 Client Error: Not Found for url: https://vidlax.xyz/embed/794388aae8ecb1a2

🔍 Vidlax direkt analizi: https://vidlax.xyz/embed/794388aae8ecb1a2
Vidlax analiz hatası: 404 Client Error: Not Found for url: https://vidlax.xyz/embed/794388aae8ecb1a2

🔍 Vidlax direkt analizi: https://diziyiizle2.com/splinter-cell-deathwatch/1-sezon-5-bolum/
📄 Sayfa içeriği alındı: 95562 karakter
❌ m3u8 URL'si bulunamadı
      ❌ m3u8 bulunamadı
   🔍 [6/8] Bölüm: https://diziyiizle2.com/splinter-cell-deathwatch/1-sezon-6-bolum/
📺 Embed URL bulundu: https://vidlax.xyz/embed/1850a88591b467b7
🔍 Embed URL kontrol ediliyor: https://vidlax.xyz/embed/1850a88591b467b7
❌ Embed URL kontrol hatası (https://vidlax.xyz/embed/1850a88591b467b7): 404 Client Error: Not Found for url: https://vidlax.xyz/embed/1850a88591b467b7

🔍 Vidlax direkt analizi: https://vidlax.xyz/embed/1850a88591b467b7
Vidlax analiz hatası: 404 Client Error: Not Found for url: https://vidlax.xyz/embed/1850a88591b467b7

🔍 Vidlax direkt analizi: https://diziyiizle2.com/splinter-cell-deathwatch/1-sezon-6-bolum/
📄 Sayfa içeriği alındı: 96229 karakter
❌ m3u8 URL'si bulunamadı
      ❌ m3u8 bulunamadı
   🔍 [7/8] Bölüm: https://diziyiizle2.com/splinter-cell-deathwatch/1-sezon-7-bolum/
📺 Embed URL bulundu: https://vidlax.xyz/embed/6a9246f451a24b37
🔍 Embed URL kontrol ediliyor: https://vidlax.xyz/embed/6a9246f451a24b37
❌ Embed URL kontrol hatası (https://vidlax.xyz/embed/6a9246f451a24b37): 404 Client Error: Not Found for url: https://vidlax.xyz/embed/6a9246f451a24b37

🔍 Vidlax direkt analizi: https://vidlax.xyz/embed/6a9246f451a24b37
Vidlax analiz hatası: 404 Client Error: Not Found for url: https://vidlax.xyz/embed/6a9246f451a24b37

🔍 Vidlax direkt analizi: https://diziyiizle2.com/splinter-cell-deathwatch/1-sezon-7-bolum/
📄 Sayfa içeriği alındı: 96228 karakter
❌ m3u8 URL'si bulunamadı
      ❌ m3u8 bulunamadı
   🔍 [8/8] Bölüm: https://diziyiizle2.com/splinter-cell-deathwatch/1-sezon-8-bolum/
📺 Embed URL bulundu: https://vidlax.xyz/embed/d8c5ebd2d8ec90b6
🔍 Embed URL kontrol ediliyor: https://vidlax.xyz/embed/d8c5ebd2d8ec90b6
❌ Embed URL kontrol hatası (https://vidlax.xyz/embed/d8c5ebd2d8ec90b6): 404 Client Error: Not Found for url: https://vidlax.xyz/embed/d8c5ebd2d8ec90b6

🔍 Vidlax direkt analizi: https://vidlax.xyz/embed/d8c5ebd2d8ec90b6
Vidlax analiz hatası: 404 Client Error: Not Found for url: https://vidlax.xyz/embed/d8c5ebd2d8ec90b6

🔍 Vidlax direkt analizi: https://diziyiizle2.com/splinter-cell-deathwatch/1-sezon-8-bolum/
📄 Sayfa içeriği alındı: 96228 karakter
❌ m3u8 URL'si bulunamadı
      ❌ m3u8 bulunamadı
   ❌ Bu dizi için hiç m3u8 bulunamadı

============================================================
🎬 [16/56] İşleniyor: https://diziyiizle2.com/dizi/typhoon-family/
📺 Bölüm bulundu: 1. Sezon 1. BölümAltyazılı13.10.202576 dk. - https://diziyiizle2.com/typhoon-family/1-sezon-1-bolum/
📺 Bölüm bulundu: 1. Sezon 2. BölümAltyazılı13.10.202572 dk. - https://diziyiizle2.com/typhoon-family/1-sezon-2-bolum/
📺 Bölüm bulundu: 1. Sezon 3. BölümAltyazılı13.10.2025 - https://diziyiizle2.com/typhoon-family/1-sezon-3-bolum/
📺 Bölüm bulundu: 1. Sezon 4. BölümAltyazılı13.10.2025 - https://diziyiizle2.com/typhoon-family/1-sezon-4-bolum/
📺 Bölüm bulundu: 1. Sezon 5. BölümAltyazılı13.10.2025 - https://diziyiizle2.com/typhoon-family/1-sezon-5-bolum/
📺 Bölüm bulundu: 1. Sezon 6. BölümAltyazılı13.10.2025 - https://diziyiizle2.com/typhoon-family/1-sezon-6-bolum/
📺 Bölüm bulundu: 1. Sezon 7. BölümAltyazılı13.10.2025 - https://diziyiizle2.com/typhoon-family/1-sezon-7-bolum/
📺 Bölüm bulundu: 1. Sezon 8. BölümAltyazılı13.10.2025 - https://diziyiizle2.com/typhoon-family/1-sezon-8-bolum/
📺 Bölüm bulundu: 1. Sezon 9. BölümAltyazılı13.10.2025 - https://diziyiizle2.com/typhoon-family/1-sezon-9-bolum/
📺 Bölüm bulundu: 1. Sezon 10. BölümAltyazılı13.10.2025 - https://diziyiizle2.com/typhoon-family/1-sezon-10-bolum/
📺 Bölüm bulundu: 1. Sezon 11. BölümAltyazılı13.10.2025 - https://diziyiizle2.com/typhoon-family/1-sezon-11-bolum/
📺 Bölüm bulundu: 1. Sezon 12. BölümAltyazılı13.10.2025 - https://diziyiizle2.com/typhoon-family/1-sezon-12-bolum/
📺 Bölüm bulundu: 1. Sezon 13. BölümAltyazılı13.10.2025 - https://diziyiizle2.com/typhoon-family/1-sezon-13-bolum/
📺 Bölüm bulundu: 1. Sezon 14. BölümAltyazılı13.10.2025 - https://diziyiizle2.com/typhoon-family/1-sezon-14-bolum/
📺 Bölüm bulundu: 1. Sezon 15. BölümAltyazılı13.10.2025 - https://diziyiizle2.com/typhoon-family/1-sezon-15-bolum/
📺 Bölüm bulundu: 1. Sezon 16. BölümAltyazılı13.10.2025 - https://diziyiizle2.com/typhoon-family/1-sezon-16-bolum/

📊 Toplam 16 bölüm bulundu
   🔍 [1/16] Bölüm: https://diziyiizle2.com/typhoon-family/1-sezon-1-bolum/
📺 Embed URL bulundu: https://vidlax.xyz/embed/1449ff289109c3ca
🔍 Embed URL kontrol ediliyor: https://vidlax.xyz/embed/1449ff289109c3ca
❌ Embed URL kontrol hatası (https://vidlax.xyz/embed/1449ff289109c3ca): 404 Client Error: Not Found for url: https://vidlax.xyz/embed/1449ff289109c3ca

🔍 Vidlax direkt analizi: https://vidlax.xyz/embed/1449ff289109c3ca
Vidlax analiz hatası: 404 Client Error: Not Found for url: https://vidlax.xyz/embed/1449ff289109c3ca

🔍 Vidlax direkt analizi: https://diziyiizle2.com/typhoon-family/1-sezon-1-bolum/
📄 Sayfa içeriği alındı: 106102 karakter
❌ m3u8 URL'si bulunamadı
      ❌ m3u8 bulunamadı
   🔍 [2/16] Bölüm: https://diziyiizle2.com/typhoon-family/1-sezon-2-bolum/
📺 Embed URL bulundu: https://vidlax.xyz/embed/b682f1ce322891a6
🔍 Embed URL kontrol ediliyor: https://vidlax.xyz/embed/b682f1ce322891a6
❌ Embed URL kontrol hatası (https://vidlax.xyz/embed/b682f1ce322891a6): 404 Client Error: Not Found for url: https://vidlax.xyz/embed/b682f1ce322891a6

🔍 Vidlax direkt analizi: https://vidlax.xyz/embed/b682f1ce322891a6
Vidlax analiz hatası: 404 Client Error: Not Found for url: https://vidlax.xyz/embed/b682f1ce322891a6

🔍 Vidlax direkt analizi: https://diziyiizle2.com/typhoon-family/1-sezon-2-bolum/
📄 Sayfa içeriği alındı: 106103 karakter
❌ m3u8 URL'si bulunamadı
      ❌ m3u8 bulunamadı
   🔍 [3/16] Bölüm: https://diziyiizle2.com/typhoon-family/1-sezon-3-bolum/
📺 Embed URL bulundu: https://vidlax.xyz/embed/80f3e2a17a2c8c53
🔍 Embed URL kontrol ediliyor: https://vidlax.xyz/embed/80f3e2a17a2c8c53
❌ Embed URL kontrol hatası (https://vidlax.xyz/embed/80f3e2a17a2c8c53): 404 Client Error: Not Found for url: https://vidlax.xyz/embed/80f3e2a17a2c8c53

🔍 Vidlax direkt analizi: https://vidlax.xyz/embed/80f3e2a17a2c8c53
Vidlax analiz hatası: 404 Client Error: Not Found for url: https://vidlax.xyz/embed/80f3e2a17a2c8c53

🔍 Vidlax direkt analizi: https://diziyiizle2.com/typhoon-family/1-sezon-3-bolum/
📄 Sayfa içeriği alındı: 105320 karakter
❌ m3u8 URL'si bulunamadı
      ❌ m3u8 bulunamadı
   🔍 [4/16] Bölüm: https://diziyiizle2.com/typhoon-family/1-sezon-4-bolum/
📺 Embed URL bulundu: https://vidlax.xyz/embed/910a0672c94b3f91
🔍 Embed URL kontrol ediliyor: https://vidlax.xyz/embed/910a0672c94b3f91
❌ Embed URL kontrol hatası (https://vidlax.xyz/embed/910a0672c94b3f91): 404 Client Error: Not Found for url: https://vidlax.xyz/embed/910a0672c94b3f91

🔍 Vidlax direkt analizi: https://vidlax.xyz/embed/910a0672c94b3f91
Vidlax analiz hatası: 404 Client Error: Not Found for url: https://vidlax.xyz/embed/910a0672c94b3f91

🔍 Vidlax direkt analizi: https://diziyiizle2.com/typhoon-family/1-sezon-4-bolum/
📄 Sayfa içeriği alındı: 105320 karakter
❌ m3u8 URL'si bulunamadı
      ❌ m3u8 bulunamadı
   🔍 [5/16] Bölüm: https://diziyiizle2.com/typhoon-family/1-sezon-5-bolum/

🔍 Vidlax direkt analizi: https://diziyiizle2.com/typhoon-family/1-sezon-5-bolum/
📄 Sayfa içeriği alındı: 105275 karakter
❌ m3u8 URL'si bulunamadı
      ❌ m3u8 bulunamadı
   🔍 [6/16] Bölüm: https://diziyiizle2.com/typhoon-family/1-sezon-6-bolum/

🔍 Vidlax direkt analizi: https://diziyiizle2.com/typhoon-family/1-sezon-6-bolum/
📄 Sayfa içeriği alındı: 105275 karakter
❌ m3u8 URL'si bulunamadı
      ❌ m3u8 bulunamadı
   🔍 [7/16] Bölüm: https://diziyiizle2.com/typhoon-family/1-sezon-7-bolum/

🔍 Vidlax direkt analizi: https://diziyiizle2.com/typhoon-family/1-sezon-7-bolum/
📄 Sayfa içeriği alındı: 105274 karakter
❌ m3u8 URL'si bulunamadı
      ❌ m3u8 bulunamadı
   🔍 [8/16] Bölüm: https://diziyiizle2.com/typhoon-family/1-sezon-8-bolum/

🔍 Vidlax direkt analizi: https://diziyiizle2.com/typhoon-family/1-sezon-8-bolum/
📄 Sayfa içeriği alındı: 105275 karakter
❌ m3u8 URL'si bulunamadı
      ❌ m3u8 bulunamadı
   🔍 [9/16] Bölüm: https://diziyiizle2.com/typhoon-family/1-sezon-9-bolum/

🔍 Vidlax direkt analizi: https://diziyiizle2.com/typhoon-family/1-sezon-9-bolum/
📄 Sayfa içeriği alındı: 105275 karakter
❌ m3u8 URL'si bulunamadı
      ❌ m3u8 bulunamadı
   🔍 [10/16] Bölüm: https://diziyiizle2.com/typhoon-family/1-sezon-10-bolum/

🔍 Vidlax direkt analizi: https://diziyiizle2.com/typhoon-family/1-sezon-10-bolum/
📄 Sayfa içeriği alındı: 105291 karakter
❌ m3u8 URL'si bulunamadı
      ❌ m3u8 bulunamadı
   🔍 [11/16] Bölüm: https://diziyiizle2.com/typhoon-family/1-sezon-11-bolum/

🔍 Vidlax direkt analizi: https://diziyiizle2.com/typhoon-family/1-sezon-11-bolum/
📄 Sayfa içeriği alındı: 105293 karakter
❌ m3u8 URL'si bulunamadı
      ❌ m3u8 bulunamadı
   🔍 [12/16] Bölüm: https://diziyiizle2.com/typhoon-family/1-sezon-12-bolum/

🔍 Vidlax direkt analizi: https://diziyiizle2.com/typhoon-family/1-sezon-12-bolum/
📄 Sayfa içeriği alındı: 105293 karakter
❌ m3u8 URL'si bulunamadı
      ❌ m3u8 bulunamadı
   🔍 [13/16] Bölüm: https://diziyiizle2.com/typhoon-family/1-sezon-13-bolum/

🔍 Vidlax direkt analizi: https://diziyiizle2.com/typhoon-family/1-sezon-13-bolum/
📄 Sayfa içeriği alındı: 105292 karakter
❌ m3u8 URL'si bulunamadı
      ❌ m3u8 bulunamadı
   🔍 [14/16] Bölüm: https://diziyiizle2.com/typhoon-family/1-sezon-14-bolum/

🔍 Vidlax direkt analizi: https://diziyiizle2.com/typhoon-family/1-sezon-14-bolum/
📄 Sayfa içeriği alındı: 105293 karakter
❌ m3u8 URL'si bulunamadı
      ❌ m3u8 bulunamadı
   🔍 [15/16] Bölüm: https://diziyiizle2.com/typhoon-family/1-sezon-15-bolum/

🔍 Vidlax direkt analizi: https://diziyiizle2.com/typhoon-family/1-sezon-15-bolum/
📄 Sayfa içeriği alındı: 105293 karakter
❌ m3u8 URL'si bulunamadı
      ❌ m3u8 bulunamadı
   🔍 [16/16] Bölüm: https://diziyiizle2.com/typhoon-family/1-sezon-16-bolum/

🔍 Vidlax direkt analizi: https://diziyiizle2.com/typhoon-family/1-sezon-16-bolum/
📄 Sayfa içeriği alındı: 105293 karakter
❌ m3u8 URL'si bulunamadı
      ❌ m3u8 bulunamadı
   ❌ Bu dizi için hiç m3u8 bulunamadı

============================================================
🎬 [17/56] İşleniyor: https://diziyiizle2.com/dizi/the-chair-company/
📺 Bölüm bulundu: 1. Sezon 1. BölümDublaj13.10.202534 dk. - https://diziyiizle2.com/the-chair-company/1-sezon-1-bolum/
📺 Bölüm bulundu: 1. Sezon 2. BölümDublaj20.10.202530 dk. - https://diziyiizle2.com/the-chair-company/1-sezon-2-bolum/
📺 Bölüm bulundu: 1. Sezon 3. BölümAltyazılı13.10.2025 - https://diziyiizle2.com/the-chair-company/1-sezon-3-bolum/
📺 Bölüm bulundu: 1. Sezon 4. BölümAltyazılı13.10.2025 - https://diziyiizle2.com/the-chair-company/1-sezon-4-bolum/
📺 Bölüm bulundu: 1. Sezon 5. BölümAltyazılı13.10.2025 - https://diziyiizle2.com/the-chair-company/1-sezon-5-bolum/
📺 Bölüm bulundu: 1. Sezon 6. BölümAltyazılı13.10.2025 - https://diziyiizle2.com/the-chair-company/1-sezon-6-bolum/
📺 Bölüm bulundu: 1. Sezon 7. BölümAltyazılı13.10.2025 - https://diziyiizle2.com/the-chair-company/1-sezon-7-bolum/
📺 Bölüm bulundu: 1. Sezon 8. BölümAltyazılı13.10.2025 - https://diziyiizle2.com/the-chair-company/1-sezon-8-bolum/

📊 Toplam 8 bölüm bulundu
   🔍 [1/8] Bölüm: https://diziyiizle2.com/the-chair-company/1-sezon-1-bolum/
📺 Embed URL bulundu: https://vidlax.xyz/embed/56ba8493c24f9843
🔍 Embed URL kontrol ediliyor: https://vidlax.xyz/embed/56ba8493c24f9843
❌ Embed URL kontrol hatası (https://vidlax.xyz/embed/56ba8493c24f9843): 404 Client Error: Not Found for url: https://vidlax.xyz/embed/56ba8493c24f9843

🔍 Vidlax direkt analizi: https://vidlax.xyz/embed/56ba8493c24f9843
Vidlax analiz hatası: 404 Client Error: Not Found for url: https://vidlax.xyz/embed/56ba8493c24f9843

🔍 Vidlax direkt analizi: https://diziyiizle2.com/the-chair-company/1-sezon-1-bolum/
📄 Sayfa içeriği alındı: 95506 karakter
❌ m3u8 URL'si bulunamadı
      ❌ m3u8 bulunamadı
   🔍 [2/8] Bölüm: https://diziyiizle2.com/the-chair-company/1-sezon-2-bolum/
📺 Embed URL bulundu: https://vidlax.xyz/embed/5124f858c8199655
🔍 Embed URL kontrol ediliyor: https://vidlax.xyz/embed/5124f858c8199655
❌ Embed URL kontrol hatası (https://vidlax.xyz/embed/5124f858c8199655): 404 Client Error: Not Found for url: https://vidlax.xyz/embed/5124f858c8199655

🔍 Vidlax direkt analizi: https://vidlax.xyz/embed/5124f858c8199655
Vidlax analiz hatası: 404 Client Error: Not Found for url: https://vidlax.xyz/embed/5124f858c8199655

🔍 Vidlax direkt analizi: https://diziyiizle2.com/the-chair-company/1-sezon-2-bolum/
📄 Sayfa içeriği alındı: 95507 karakter
❌ m3u8 URL'si bulunamadı
      ❌ m3u8 bulunamadı
   🔍 [3/8] Bölüm: https://diziyiizle2.com/the-chair-company/1-sezon-3-bolum/

🔍 Vidlax direkt analizi: https://diziyiizle2.com/the-chair-company/1-sezon-3-bolum/
📄 Sayfa içeriği alındı: 95335 karakter
❌ m3u8 URL'si bulunamadı
      ❌ m3u8 bulunamadı
   🔍 [4/8] Bölüm: https://diziyiizle2.com/the-chair-company/1-sezon-4-bolum/

🔍 Vidlax direkt analizi: https://diziyiizle2.com/the-chair-company/1-sezon-4-bolum/
📄 Sayfa içeriği alındı: 95334 karakter
❌ m3u8 URL'si bulunamadı
      ❌ m3u8 bulunamadı
   🔍 [5/8] Bölüm: https://diziyiizle2.com/the-chair-company/1-sezon-5-bolum/

🔍 Vidlax direkt analizi: https://diziyiizle2.com/the-chair-company/1-sezon-5-bolum/
📄 Sayfa içeriği alındı: 95334 karakter
❌ m3u8 URL'si bulunamadı
      ❌ m3u8 bulunamadı
   🔍 [6/8] Bölüm: https://diziyiizle2.com/the-chair-company/1-sezon-6-bolum/

🔍 Vidlax direkt analizi: https://diziyiizle2.com/the-chair-company/1-sezon-6-bolum/
📄 Sayfa içeriği alındı: 95335 karakter
❌ m3u8 URL'si bulunamadı
      ❌ m3u8 bulunamadı
   🔍 [7/8] Bölüm: https://diziyiizle2.com/the-chair-company/1-sezon-7-bolum/

🔍 Vidlax direkt analizi: https://diziyiizle2.com/the-chair-company/1-sezon-7-bolum/
📄 Sayfa içeriği alındı: 95335 karakter
❌ m3u8 URL'si bulunamadı
      ❌ m3u8 bulunamadı
   🔍 [8/8] Bölüm: https://diziyiizle2.com/the-chair-company/1-sezon-8-bolum/

🔍 Vidlax direkt analizi: https://diziyiizle2.com/the-chair-company/1-sezon-8-bolum/
📄 Sayfa içeriği alındı: 95335 karakter
❌ m3u8 URL'si bulunamadı
      ❌ m3u8 bulunamadı
   ❌ Bu dizi için hiç m3u8 bulunamadı

============================================================
🎬 [18/56] İşleniyor: https://diziyiizle2.com/dizi/gumruk-muhafaza-turkiye/
📺 Bölüm bulundu: 1. Sezon 1. BölümAltyazılı12.10.202548 dk. - https://diziyiizle2.com/gumruk-muhafaza-turkiye/1-sezon-1-bolum/
📺 Bölüm bulundu: 1. Sezon 2. BölümAltyazılı12.10.202546 dk. - https://diziyiizle2.com/gumruk-muhafaza-turkiye/1-sezon-2-bolum/
📺 Bölüm bulundu: 1. Sezon 3. BölümAltyazılı12.10.202546 dk. - https://diziyiizle2.com/gumruk-muhafaza-turkiye/1-sezon-3-bolum/
📺 Bölüm bulundu: 1. Sezon 4. BölümAltyazılı12.10.202545 dk. - https://diziyiizle2.com/gumruk-muhafaza-turkiye/1-sezon-4-bolum/
📺 Bölüm bulundu: 1. Sezon 5. BölümAltyazılı12.10.202545 dk. - https://diziyiizle2.com/gumruk-muhafaza-turkiye/1-sezon-5-bolum/
📺 Bölüm bulundu: 1. Sezon 6. BölümAltyazılı12.10.202544 dk. - https://diziyiizle2.com/gumruk-muhafaza-turkiye/1-sezon-6-bolum/
📺 Bölüm bulundu: 1. Sezon 7. BölümAltyazılı12.10.202552 dk. - https://diziyiizle2.com/gumruk-muhafaza-turkiye/1-sezon-7-bolum/
📺 Bölüm bulundu: 1. Sezon 8. BölümAltyazılı12.10.202551 dk. - https://diziyiizle2.com/gumruk-muhafaza-turkiye/1-sezon-8-bolum/
📺 Bölüm bulundu: 1. Sezon 9. BölümAltyazılı12.10.202550 dk. - https://diziyiizle2.com/gumruk-muhafaza-turkiye/1-sezon-9-bolum/

📊 Toplam 9 bölüm bulundu
   🔍 [1/9] Bölüm: https://diziyiizle2.com/gumruk-muhafaza-turkiye/1-sezon-1-bolum/
📺 Embed URL bulundu: https://vidlax.xyz/embed/9ccb82a23e2baa99
🔍 Embed URL kontrol ediliyor: https://vidlax.xyz/embed/9ccb82a23e2baa99
❌ Embed URL kontrol hatası (https://vidlax.xyz/embed/9ccb82a23e2baa99): 404 Client Error: Not Found for url: https://vidlax.xyz/embed/9ccb82a23e2baa99

🔍 Vidlax direkt analizi: https://vidlax.xyz/embed/9ccb82a23e2baa99
Vidlax analiz hatası: 404 Client Error: Not Found for url: https://vidlax.xyz/embed/9ccb82a23e2baa99

🔍 Vidlax direkt analizi: https://diziyiizle2.com/gumruk-muhafaza-turkiye/1-sezon-1-bolum/
📄 Sayfa içeriği alındı: 97085 karakter
❌ m3u8 URL'si bulunamadı
      ❌ m3u8 bulunamadı
   🔍 [2/9] Bölüm: https://diziyiizle2.com/gumruk-muhafaza-turkiye/1-sezon-2-bolum/
📺 Embed URL bulundu: https://vidlax.xyz/embed/1ae7f838be327d9c
🔍 Embed URL kontrol ediliyor: https://vidlax.xyz/embed/1ae7f838be327d9c
❌ Embed URL kontrol hatası (https://vidlax.xyz/embed/1ae7f838be327d9c): 404 Client Error: Not Found for url: https://vidlax.xyz/embed/1ae7f838be327d9c

🔍 Vidlax direkt analizi: https://vidlax.xyz/embed/1ae7f838be327d9c
Vidlax analiz hatası: 404 Client Error: Not Found for url: https://vidlax.xyz/embed/1ae7f838be327d9c

🔍 Vidlax direkt analizi: https://diziyiizle2.com/gumruk-muhafaza-turkiye/1-sezon-2-bolum/
📄 Sayfa içeriği alındı: 97086 karakter
❌ m3u8 URL'si bulunamadı
      ❌ m3u8 bulunamadı
   🔍 [3/9] Bölüm: https://diziyiizle2.com/gumruk-muhafaza-turkiye/1-sezon-3-bolum/
📺 Embed URL bulundu: https://vidlax.xyz/embed/2f12f12bf70adc0d
🔍 Embed URL kontrol ediliyor: https://vidlax.xyz/embed/2f12f12bf70adc0d
❌ Embed URL kontrol hatası (https://vidlax.xyz/embed/2f12f12bf70adc0d): 404 Client Error: Not Found for url: https://vidlax.xyz/embed/2f12f12bf70adc0d

🔍 Vidlax direkt analizi: https://vidlax.xyz/embed/2f12f12bf70adc0d
Vidlax analiz hatası: 404 Client Error: Not Found for url: https://vidlax.xyz/embed/2f12f12bf70adc0d

🔍 Vidlax direkt analizi: https://diziyiizle2.com/gumruk-muhafaza-turkiye/1-sezon-3-bolum/
📄 Sayfa içeriği alındı: 97086 karakter
❌ m3u8 URL'si bulunamadı
      ❌ m3u8 bulunamadı
   🔍 [4/9] Bölüm: https://diziyiizle2.com/gumruk-muhafaza-turkiye/1-sezon-4-bolum/
📺 Embed URL bulundu: https://vidlax.xyz/embed/15db0b9a5cb38f6b
🔍 Embed URL kontrol ediliyor: https://vidlax.xyz/embed/15db0b9a5cb38f6b
❌ Embed URL kontrol hatası (https://vidlax.xyz/embed/15db0b9a5cb38f6b): 404 Client Error: Not Found for url: https://vidlax.xyz/embed/15db0b9a5cb38f6b

🔍 Vidlax direkt analizi: https://vidlax.xyz/embed/15db0b9a5cb38f6b
Vidlax analiz hatası: 404 Client Error: Not Found for url: https://vidlax.xyz/embed/15db0b9a5cb38f6b

🔍 Vidlax direkt analizi: https://diziyiizle2.com/gumruk-muhafaza-turkiye/1-sezon-4-bolum/
📄 Sayfa içeriği alındı: 97086 karakter
❌ m3u8 URL'si bulunamadı
      ❌ m3u8 bulunamadı
   🔍 [5/9] Bölüm: https://diziyiizle2.com/gumruk-muhafaza-turkiye/1-sezon-5-bolum/
📺 Embed URL bulundu: https://vidlax.xyz/embed/3378a47c64d8ae42
🔍 Embed URL kontrol ediliyor: https://vidlax.xyz/embed/3378a47c64d8ae42
❌ Embed URL kontrol hatası (https://vidlax.xyz/embed/3378a47c64d8ae42): 404 Client Error: Not Found for url: https://vidlax.xyz/embed/3378a47c64d8ae42

🔍 Vidlax direkt analizi: https://vidlax.xyz/embed/3378a47c64d8ae42
Vidlax analiz hatası: 404 Client Error: Not Found for url: https://vidlax.xyz/embed/3378a47c64d8ae42

🔍 Vidlax direkt analizi: https://diziyiizle2.com/gumruk-muhafaza-turkiye/1-sezon-5-bolum/
📄 Sayfa içeriği alındı: 97086 karakter
❌ m3u8 URL'si bulunamadı
      ❌ m3u8 bulunamadı
   🔍 [6/9] Bölüm: https://diziyiizle2.com/gumruk-muhafaza-turkiye/1-sezon-6-bolum/
📺 Embed URL bulundu: https://vidlax.xyz/embed/4dba487c9aebce5c
🔍 Embed URL kontrol ediliyor: https://vidlax.xyz/embed/4dba487c9aebce5c
❌ Embed URL kontrol hatası (https://vidlax.xyz/embed/4dba487c9aebce5c): 404 Client Error: Not Found for url: https://vidlax.xyz/embed/4dba487c9aebce5c

🔍 Vidlax direkt analizi: https://vidlax.xyz/embed/4dba487c9aebce5c
Vidlax analiz hatası: 404 Client Error: Not Found for url: https://vidlax.xyz/embed/4dba487c9aebce5c

🔍 Vidlax direkt analizi: https://diziyiizle2.com/gumruk-muhafaza-turkiye/1-sezon-6-bolum/
📄 Sayfa içeriği alındı: 97086 karakter
❌ m3u8 URL'si bulunamadı
      ❌ m3u8 bulunamadı
   🔍 [7/9] Bölüm: https://diziyiizle2.com/gumruk-muhafaza-turkiye/1-sezon-7-bolum/
📺 Embed URL bulundu: https://vidlax.xyz/embed/a458387ec6932523
🔍 Embed URL kontrol ediliyor: https://vidlax.xyz/embed/a458387ec6932523
❌ Embed URL kontrol hatası (https://vidlax.xyz/embed/a458387ec6932523): 404 Client Error: Not Found for url: https://vidlax.xyz/embed/a458387ec6932523

🔍 Vidlax direkt analizi: https://vidlax.xyz/embed/a458387ec6932523
Vidlax analiz hatası: 404 Client Error: Not Found for url: https://vidlax.xyz/embed/a458387ec6932523

🔍 Vidlax direkt analizi: https://diziyiizle2.com/gumruk-muhafaza-turkiye/1-sezon-7-bolum/
📄 Sayfa içeriği alındı: 97086 karakter
❌ m3u8 URL'si bulunamadı
      ❌ m3u8 bulunamadı
   🔍 [8/9] Bölüm: https://diziyiizle2.com/gumruk-muhafaza-turkiye/1-sezon-8-bolum/
📺 Embed URL bulundu: https://vidlax.xyz/embed/246e8cbc7de83cf9
🔍 Embed URL kontrol ediliyor: https://vidlax.xyz/embed/246e8cbc7de83cf9
❌ Embed URL kontrol hatası (https://vidlax.xyz/embed/246e8cbc7de83cf9): 404 Client Error: Not Found for url: https://vidlax.xyz/embed/246e8cbc7de83cf9

🔍 Vidlax direkt analizi: https://vidlax.xyz/embed/246e8cbc7de83cf9
Vidlax analiz hatası: 404 Client Error: Not Found for url: https://vidlax.xyz/embed/246e8cbc7de83cf9

🔍 Vidlax direkt analizi: https://diziyiizle2.com/gumruk-muhafaza-turkiye/1-sezon-8-bolum/
📄 Sayfa içeriği alındı: 97085 karakter
❌ m3u8 URL'si bulunamadı
      ❌ m3u8 bulunamadı
   🔍 [9/9] Bölüm: https://diziyiizle2.com/gumruk-muhafaza-turkiye/1-sezon-9-bolum/
📺 Embed URL bulundu: https://vidlax.xyz/embed/7fe49379ee5df839
🔍 Embed URL kontrol ediliyor: https://vidlax.xyz/embed/7fe49379ee5df839
❌ Embed URL kontrol hatası (https://vidlax.xyz/embed/7fe49379ee5df839): 404 Client Error: Not Found for url: https://vidlax.xyz/embed/7fe49379ee5df839

🔍 Vidlax direkt analizi: https://vidlax.xyz/embed/7fe49379ee5df839
Vidlax analiz hatası: 404 Client Error: Not Found for url: https://vidlax.xyz/embed/7fe49379ee5df839

🔍 Vidlax direkt analizi: https://diziyiizle2.com/gumruk-muhafaza-turkiye/1-sezon-9-bolum/
📄 Sayfa içeriği alındı: 97086 karakter
❌ m3u8 URL'si bulunamadı
      ❌ m3u8 bulunamadı
   ❌ Bu dizi için hiç m3u8 bulunamadı

============================================================
🎬 [19/56] İşleniyor: https://diziyiizle2.com/dizi/muhafizlar-gizli-proje/
📺 Bölüm bulundu: 1. Sezon 1. BölümDublaj12.10.202546 dk. - https://diziyiizle2.com/muhafizlar-gizli-proje/1-sezon-1-bolum/
📺 Bölüm bulundu: 1. Sezon 2. BölümAltyazılı12.10.202541 dk. - https://diziyiizle2.com/muhafizlar-gizli-proje/1-sezon-2-bolum/
📺 Bölüm bulundu: 1. Sezon 3. BölümDublaj12.10.202541 dk. - https://diziyiizle2.com/muhafizlar-gizli-proje/1-sezon-3-bolum/
📺 Bölüm bulundu: 1. Sezon 4. BölümAltyazılı12.10.2025 - https://diziyiizle2.com/muhafizlar-gizli-proje/1-sezon-4-bolum/
📺 Bölüm bulundu: 1. Sezon 5. BölümAltyazılı12.10.202552 dk. - https://diziyiizle2.com/muhafizlar-gizli-proje/1-sezon-5-bolum/
📺 Bölüm bulundu: 1. Sezon 6. BölümAltyazılı12.10.202552 dk. - https://diziyiizle2.com/muhafizlar-gizli-proje/1-sezon-6-bolum/
📺 Bölüm bulundu: 1. Sezon 7. BölümAltyazılı12.10.202552 dk. - https://diziyiizle2.com/muhafizlar-gizli-proje/1-sezon-7-bolum/
📺 Bölüm bulundu: 1. Sezon 8. BölümAltyazılı12.10.202552 dk. - https://diziyiizle2.com/muhafizlar-gizli-proje/1-sezon-8-bolum/

📊 Toplam 8 bölüm bulundu
   🔍 [1/8] Bölüm: https://diziyiizle2.com/muhafizlar-gizli-proje/1-sezon-1-bolum/
📺 Embed URL bulundu: https://vidlax.xyz/embed/356b88d9ea19ce20
🔍 Embed URL kontrol ediliyor: https://vidlax.xyz/embed/356b88d9ea19ce20
❌ Embed URL kontrol hatası (https://vidlax.xyz/embed/356b88d9ea19ce20): 404 Client Error: Not Found for url: https://vidlax.xyz/embed/356b88d9ea19ce20

🔍 Vidlax direkt analizi: https://vidlax.xyz/embed/356b88d9ea19ce20
Vidlax analiz hatası: 404 Client Error: Not Found for url: https://vidlax.xyz/embed/356b88d9ea19ce20

🔍 Vidlax direkt analizi: https://diziyiizle2.com/muhafizlar-gizli-proje/1-sezon-1-bolum/
📄 Sayfa içeriği alındı: 96372 karakter
❌ m3u8 URL'si bulunamadı
      ❌ m3u8 bulunamadı
   🔍 [2/8] Bölüm: https://diziyiizle2.com/muhafizlar-gizli-proje/1-sezon-2-bolum/
📺 Embed URL bulundu: https://vidlax.xyz/embed/58a0f11944b212e1
🔍 Embed URL kontrol ediliyor: https://vidlax.xyz/embed/58a0f11944b212e1
❌ Embed URL kontrol hatası (https://vidlax.xyz/embed/58a0f11944b212e1): 404 Client Error: Not Found for url: https://vidlax.xyz/embed/58a0f11944b212e1

🔍 Vidlax direkt analizi: https://vidlax.xyz/embed/58a0f11944b212e1
Vidlax analiz hatası: 404 Client Error: Not Found for url: https://vidlax.xyz/embed/58a0f11944b212e1

🔍 Vidlax direkt analizi: https://diziyiizle2.com/muhafizlar-gizli-proje/1-sezon-2-bolum/
📄 Sayfa içeriği alındı: 96452 karakter
❌ m3u8 URL'si bulunamadı
      ❌ m3u8 bulunamadı
   🔍 [3/8] Bölüm: https://diziyiizle2.com/muhafizlar-gizli-proje/1-sezon-3-bolum/
📺 Embed URL bulundu: https://vidlax.xyz/embed/d7054008c3ee819d
🔍 Embed URL kontrol ediliyor: https://vidlax.xyz/embed/d7054008c3ee819d
❌ Embed URL kontrol hatası (https://vidlax.xyz/embed/d7054008c3ee819d): 404 Client Error: Not Found for url: https://vidlax.xyz/embed/d7054008c3ee819d

🔍 Vidlax direkt analizi: https://vidlax.xyz/embed/d7054008c3ee819d
Vidlax analiz hatası: 404 Client Error: Not Found for url: https://vidlax.xyz/embed/d7054008c3ee819d

🔍 Vidlax direkt analizi: https://diziyiizle2.com/muhafizlar-gizli-proje/1-sezon-3-bolum/
📄 Sayfa içeriği alındı: 96482 karakter
❌ m3u8 URL'si bulunamadı
      ❌ m3u8 bulunamadı
   🔍 [4/8] Bölüm: https://diziyiizle2.com/muhafizlar-gizli-proje/1-sezon-4-bolum/

🔍 Vidlax direkt analizi: https://diziyiizle2.com/muhafizlar-gizli-proje/1-sezon-4-bolum/
📄 Sayfa içeriği alındı: 95598 karakter
❌ m3u8 URL'si bulunamadı
      ❌ m3u8 bulunamadı
   🔍 [5/8] Bölüm: https://diziyiizle2.com/muhafizlar-gizli-proje/1-sezon-5-bolum/

🔍 Vidlax direkt analizi: https://diziyiizle2.com/muhafizlar-gizli-proje/1-sezon-5-bolum/
📄 Sayfa içeriği alındı: 95726 karakter
❌ m3u8 URL'si bulunamadı
      ❌ m3u8 bulunamadı
   🔍 [6/8] Bölüm: https://diziyiizle2.com/muhafizlar-gizli-proje/1-sezon-6-bolum/

🔍 Vidlax direkt analizi: https://diziyiizle2.com/muhafizlar-gizli-proje/1-sezon-6-bolum/
📄 Sayfa içeriği alındı: 95726 karakter
❌ m3u8 URL'si bulunamadı
      ❌ m3u8 bulunamadı
   🔍 [7/8] Bölüm: https://diziyiizle2.com/muhafizlar-gizli-proje/1-sezon-7-bolum/

🔍 Vidlax direkt analizi: https://diziyiizle2.com/muhafizlar-gizli-proje/1-sezon-7-bolum/
📄 Sayfa içeriği alındı: 95726 karakter
❌ m3u8 URL'si bulunamadı
      ❌ m3u8 bulunamadı
   🔍 [8/8] Bölüm: https://diziyiizle2.com/muhafizlar-gizli-proje/1-sezon-8-bolum/

🔍 Vidlax direkt analizi: https://diziyiizle2.com/muhafizlar-gizli-proje/1-sezon-8-bolum/
📄 Sayfa içeriği alındı: 95726 karakter
❌ m3u8 URL'si bulunamadı
      ❌ m3u8 bulunamadı
   ❌ Bu dizi için hiç m3u8 bulunamadı

============================================================
🎬 [20/56] İşleniyor: https://diziyiizle2.com/dizi/helluva-boss/
📺 Bölüm bulundu: 1. Sezon 1. BölümDublaj11.10.202514 dk. - https://diziyiizle2.com/helluva-boss/1-sezon-1-bolum/
📺 Bölüm bulundu: 1. Sezon 2. BölümDublaj11.10.202516 dk. - https://diziyiizle2.com/helluva-boss/1-sezon-2-bolum/
📺 Bölüm bulundu: 1. Sezon 3. BölümDublaj11.10.202517 dk. - https://diziyiizle2.com/helluva-boss/1-sezon-3-bolum/
📺 Bölüm bulundu: 1. Sezon 4. BölümDublaj11.10.202515 dk. - https://diziyiizle2.com/helluva-boss/1-sezon-4-bolum/
📺 Bölüm bulundu: 1. Sezon 5. BölümDublaj11.10.202518 dk. - https://diziyiizle2.com/helluva-boss/1-sezon-5-bolum/
📺 Bölüm bulundu: 1. Sezon 6. BölümDublaj11.10.202522 dk. - https://diziyiizle2.com/helluva-boss/1-sezon-6-bolum/
📺 Bölüm bulundu: 1. Sezon 7. BölümDublaj11.10.202517 dk. - https://diziyiizle2.com/helluva-boss/1-sezon-7-bolum/
📺 Bölüm bulundu: 2. Sezon 1. BölümDublaj11.10.202524 dk. - https://diziyiizle2.com/helluva-boss/2-sezon-1-bolum/
📺 Bölüm bulundu: 2. Sezon 2. BölümDublaj11.10.202521 dk. - https://diziyiizle2.com/helluva-boss/2-sezon-2-bolum/
📺 Bölüm bulundu: 2. Sezon 3. BölümDublaj11.10.202526 dk. - https://diziyiizle2.com/helluva-boss/2-sezon-3-bolum/
📺 Bölüm bulundu: 2. Sezon 4. BölümDublaj11.10.202520 dk. - https://diziyiizle2.com/helluva-boss/2-sezon-4-bolum/
📺 Bölüm bulundu: 2. Sezon 5. BölümDublaj11.10.202516 dk. - https://diziyiizle2.com/helluva-boss/2-sezon-5-bolum/
📺 Bölüm bulundu: 2. Sezon 6. BölümDublaj11.10.202521 dk. - https://diziyiizle2.com/helluva-boss/2-sezon-6-bolum/
📺 Bölüm bulundu: 2. Sezon 7. BölümDublaj11.10.202527 dk. - https://diziyiizle2.com/helluva-boss/2-sezon-7-bolum/
📺 Bölüm bulundu: 2. Sezon 8. BölümDublaj11.10.202531 dk. - https://diziyiizle2.com/helluva-boss/2-sezon-8-bolum/
📺 Bölüm bulundu: 2. Sezon 9. BölümDublaj11.10.202524 dk. - https://diziyiizle2.com/helluva-boss/2-sezon-9-bolum/
📺 Bölüm bulundu: 2. Sezon 10. BölümDublaj11.10.202522 dk. - https://diziyiizle2.com/helluva-boss/2-sezon-10-bolum/
📺 Bölüm bulundu: 2. Sezon 11. BölümDublaj11.10.202528 dk. - https://diziyiizle2.com/helluva-boss/2-sezon-11-bolum/
📺 Bölüm bulundu: 2. Sezon 12. BölümDublaj11.10.202522 dk. - https://diziyiizle2.com/helluva-boss/2-sezon-12-bolum/
📺 Bölüm bulundu: 2. Sezon 13. BölümAltyazılı11.10.202530 dk. - https://diziyiizle2.com/helluva-boss/2-sezon-13-bolum/

📊 Toplam 20 bölüm bulundu
   🔍 [1/20] Bölüm: https://diziyiizle2.com/helluva-boss/1-sezon-1-bolum/
📺 Embed URL bulundu: https://vidlax.xyz/embed/f8819bb2e00ababc
🔍 Embed URL kontrol ediliyor: https://vidlax.xyz/embed/f8819bb2e00ababc
❌ Embed URL kontrol hatası (https://vidlax.xyz/embed/f8819bb2e00ababc): 404 Client Error: Not Found for url: https://vidlax.xyz/embed/f8819bb2e00ababc

🔍 Vidlax direkt analizi: https://vidlax.xyz/embed/f8819bb2e00ababc
Vidlax analiz hatası: 404 Client Error: Not Found for url: https://vidlax.xyz/embed/f8819bb2e00ababc

🔍 Vidlax direkt analizi: https://diziyiizle2.com/helluva-boss/1-sezon-1-bolum/
📄 Sayfa içeriği alındı: 112298 karakter
❌ m3u8 URL'si bulunamadı
      ❌ m3u8 bulunamadı
   🔍 [2/20] Bölüm: https://diziyiizle2.com/helluva-boss/1-sezon-2-bolum/
📺 Embed URL bulundu: https://vidlax.xyz/embed/6870cf455aa2a0bf
🔍 Embed URL kontrol ediliyor: https://vidlax.xyz/embed/6870cf455aa2a0bf
❌ Embed URL kontrol hatası (https://vidlax.xyz/embed/6870cf455aa2a0bf): 404 Client Error: Not Found for url: https://vidlax.xyz/embed/6870cf455aa2a0bf

🔍 Vidlax direkt analizi: https://vidlax.xyz/embed/6870cf455aa2a0bf
Vidlax analiz hatası: 404 Client Error: Not Found for url: https://vidlax.xyz/embed/6870cf455aa2a0bf

🔍 Vidlax direkt analizi: https://diziyiizle2.com/helluva-boss/1-sezon-2-bolum/
📄 Sayfa içeriği alındı: 112297 karakter
❌ m3u8 URL'si bulunamadı
      ❌ m3u8 bulunamadı
   🔍 [3/20] Bölüm: https://diziyiizle2.com/helluva-boss/1-sezon-3-bolum/
📺 Embed URL bulundu: https://vidlax.xyz/embed/2577225be8518b52
🔍 Embed URL kontrol ediliyor: https://vidlax.xyz/embed/2577225be8518b52
❌ Embed URL kontrol hatası (https://vidlax.xyz/embed/2577225be8518b52): 404 Client Error: Not Found for url: https://vidlax.xyz/embed/2577225be8518b52

🔍 Vidlax direkt analizi: https://vidlax.xyz/embed/2577225be8518b52
Vidlax analiz hatası: 404 Client Error: Not Found for url: https://vidlax.xyz/embed/2577225be8518b52

🔍 Vidlax direkt analizi: https://diziyiizle2.com/helluva-boss/1-sezon-3-bolum/
📄 Sayfa içeriği alındı: 112297 karakter
❌ m3u8 URL'si bulunamadı
      ❌ m3u8 bulunamadı
   🔍 [4/20] Bölüm: https://diziyiizle2.com/helluva-boss/1-sezon-4-bolum/
📺 Embed URL bulundu: https://vidlax.xyz/embed/fd0b14b702f2cc8a
🔍 Embed URL kontrol ediliyor: https://vidlax.xyz/embed/fd0b14b702f2cc8a
❌ Embed URL kontrol hatası (https://vidlax.xyz/embed/fd0b14b702f2cc8a): 404 Client Error: Not Found for url: https://vidlax.xyz/embed/fd0b14b702f2cc8a

🔍 Vidlax direkt analizi: https://vidlax.xyz/embed/fd0b14b702f2cc8a
Vidlax analiz hatası: 404 Client Error: Not Found for url: https://vidlax.xyz/embed/fd0b14b702f2cc8a

🔍 Vidlax direkt analizi: https://diziyiizle2.com/helluva-boss/1-sezon-4-bolum/
📄 Sayfa içeriği alındı: 112298 karakter
❌ m3u8 URL'si bulunamadı
      ❌ m3u8 bulunamadı
   🔍 [5/20] Bölüm: https://diziyiizle2.com/helluva-boss/1-sezon-5-bolum/
📺 Embed URL bulundu: https://vidlax.xyz/embed/fe44d4c1bbece0e5
🔍 Embed URL kontrol ediliyor: https://vidlax.xyz/embed/fe44d4c1bbece0e5
❌ Embed URL kontrol hatası (https://vidlax.xyz/embed/fe44d4c1bbece0e5): 404 Client Error: Not Found for url: https://vidlax.xyz/embed/fe44d4c1bbece0e5

🔍 Vidlax direkt analizi: https://vidlax.xyz/embed/fe44d4c1bbece0e5
Vidlax analiz hatası: 404 Client Error: Not Found for url: https://vidlax.xyz/embed/fe44d4c1bbece0e5

🔍 Vidlax direkt analizi: https://diziyiizle2.com/helluva-boss/1-sezon-5-bolum/
📄 Sayfa içeriği alındı: 112298 karakter
❌ m3u8 URL'si bulunamadı
      ❌ m3u8 bulunamadı
   🔍 [6/20] Bölüm: https://diziyiizle2.com/helluva-boss/1-sezon-6-bolum/
📺 Embed URL bulundu: https://vidlax.xyz/embed/d20c170849c57fb1
🔍 Embed URL kontrol ediliyor: https://vidlax.xyz/embed/d20c170849c57fb1
❌ Embed URL kontrol hatası (https://vidlax.xyz/embed/d20c170849c57fb1): 404 Client Error: Not Found for url: https://vidlax.xyz/embed/d20c170849c57fb1

🔍 Vidlax direkt analizi: https://vidlax.xyz/embed/d20c170849c57fb1
Vidlax analiz hatası: 404 Client Error: Not Found for url: https://vidlax.xyz/embed/d20c170849c57fb1

🔍 Vidlax direkt analizi: https://diziyiizle2.com/helluva-boss/1-sezon-6-bolum/
📄 Sayfa içeriği alındı: 112297 karakter
❌ m3u8 URL'si bulunamadı
      ❌ m3u8 bulunamadı
   🔍 [7/20] Bölüm: https://diziyiizle2.com/helluva-boss/1-sezon-7-bolum/
📺 Embed URL bulundu: https://vidlax.xyz/embed/d507875c9717c1f7
🔍 Embed URL kontrol ediliyor: https://vidlax.xyz/embed/d507875c9717c1f7
❌ Embed URL kontrol hatası (https://vidlax.xyz/embed/d507875c9717c1f7): 404 Client Error: Not Found for url: https://vidlax.xyz/embed/d507875c9717c1f7

🔍 Vidlax direkt analizi: https://vidlax.xyz/embed/d507875c9717c1f7
Vidlax analiz hatası: 404 Client Error: Not Found for url: https://vidlax.xyz/embed/d507875c9717c1f7

🔍 Vidlax direkt analizi: https://diziyiizle2.com/helluva-boss/1-sezon-7-bolum/
📄 Sayfa içeriği alındı: 112298 karakter
❌ m3u8 URL'si bulunamadı
      ❌ m3u8 bulunamadı
   🔍 [8/20] Bölüm: https://diziyiizle2.com/helluva-boss/2-sezon-1-bolum/
📺 Embed URL bulundu: https://vidlax.xyz/embed/0587c4ccd801c303
🔍 Embed URL kontrol ediliyor: https://vidlax.xyz/embed/0587c4ccd801c303
❌ Embed URL kontrol hatası (https://vidlax.xyz/embed/0587c4ccd801c303): 404 Client Error: Not Found for url: https://vidlax.xyz/embed/0587c4ccd801c303

🔍 Vidlax direkt analizi: https://vidlax.xyz/embed/0587c4ccd801c303
Vidlax analiz hatası: 404 Client Error: Not Found for url: https://vidlax.xyz/embed/0587c4ccd801c303

🔍 Vidlax direkt analizi: https://diziyiizle2.com/helluva-boss/2-sezon-1-bolum/
📄 Sayfa içeriği alındı: 112297 karakter
❌ m3u8 URL'si bulunamadı
      ❌ m3u8 bulunamadı
   🔍 [9/20] Bölüm: https://diziyiizle2.com/helluva-boss/2-sezon-2-bolum/
📺 Embed URL bulundu: https://vidlax.xyz/embed/52136cebf835747f
🔍 Embed URL kontrol ediliyor: https://vidlax.xyz/embed/52136cebf835747f
❌ Embed URL kontrol hatası (https://vidlax.xyz/embed/52136cebf835747f): 404 Client Error: Not Found for url: https://vidlax.xyz/embed/52136cebf835747f

🔍 Vidlax direkt analizi: https://vidlax.xyz/embed/52136cebf835747f
Vidlax analiz hatası: 404 Client Error: Not Found for url: https://vidlax.xyz/embed/52136cebf835747f

🔍 Vidlax direkt analizi: https://diziyiizle2.com/helluva-boss/2-sezon-2-bolum/
📄 Sayfa içeriği alındı: 112297 karakter
❌ m3u8 URL'si bulunamadı
      ❌ m3u8 bulunamadı
   🔍 [10/20] Bölüm: https://diziyiizle2.com/helluva-boss/2-sezon-3-bolum/
📺 Embed URL bulundu: https://vidlax.xyz/embed/3a198f91452978cf
🔍 Embed URL kontrol ediliyor: https://vidlax.xyz/embed/3a198f91452978cf
❌ Embed URL kontrol hatası (https://vidlax.xyz/embed/3a198f91452978cf): 404 Client Error: Not Found for url: https://vidlax.xyz/embed/3a198f91452978cf

🔍 Vidlax direkt analizi: https://vidlax.xyz/embed/3a198f91452978cf
Vidlax analiz hatası: 404 Client Error: Not Found for url: https://vidlax.xyz/embed/3a198f91452978cf

🔍 Vidlax direkt analizi: https://diziyiizle2.com/helluva-boss/2-sezon-3-bolum/
📄 Sayfa içeriği alındı: 112298 karakter
❌ m3u8 URL'si bulunamadı
      ❌ m3u8 bulunamadı
   🔍 [11/20] Bölüm: https://diziyiizle2.com/helluva-boss/2-sezon-4-bolum/
📺 Embed URL bulundu: https://vidlax.xyz/embed/5a080f0352bbad2f
🔍 Embed URL kontrol ediliyor: https://vidlax.xyz/embed/5a080f0352bbad2f
❌ Embed URL kontrol hatası (https://vidlax.xyz/embed/5a080f0352bbad2f): 404 Client Error: Not Found for url: https://vidlax.xyz/embed/5a080f0352bbad2f

🔍 Vidlax direkt analizi: https://vidlax.xyz/embed/5a080f0352bbad2f
Vidlax analiz hatası: 404 Client Error: Not Found for url: https://vidlax.xyz/embed/5a080f0352bbad2f

🔍 Vidlax direkt analizi: https://diziyiizle2.com/helluva-boss/2-sezon-4-bolum/
📄 Sayfa içeriği alındı: 112298 karakter
❌ m3u8 URL'si bulunamadı
      ❌ m3u8 bulunamadı
   🔍 [12/20] Bölüm: https://diziyiizle2.com/helluva-boss/2-sezon-5-bolum/
📺 Embed URL bulundu: https://vidlax.xyz/embed/b442734256c12928
🔍 Embed URL kontrol ediliyor: https://vidlax.xyz/embed/b442734256c12928
❌ Embed URL kontrol hatası (https://vidlax.xyz/embed/b442734256c12928): 404 Client Error: Not Found for url: https://vidlax.xyz/embed/b442734256c12928

🔍 Vidlax direkt analizi: https://vidlax.xyz/embed/b442734256c12928
Vidlax analiz hatası: 404 Client Error: Not Found for url: https://vidlax.xyz/embed/b442734256c12928

🔍 Vidlax direkt analizi: https://diziyiizle2.com/helluva-boss/2-sezon-5-bolum/
📄 Sayfa içeriği alındı: 112298 karakter
❌ m3u8 URL'si bulunamadı
      ❌ m3u8 bulunamadı
   🔍 [13/20] Bölüm: https://diziyiizle2.com/helluva-boss/2-sezon-6-bolum/
📺 Embed URL bulundu: https://vidlax.xyz/embed/2617ae1ef3fe1162
🔍 Embed URL kontrol ediliyor: https://vidlax.xyz/embed/2617ae1ef3fe1162
❌ Embed URL kontrol hatası (https://vidlax.xyz/embed/2617ae1ef3fe1162): 404 Client Error: Not Found for url: https://vidlax.xyz/embed/2617ae1ef3fe1162

🔍 Vidlax direkt analizi: https://vidlax.xyz/embed/2617ae1ef3fe1162
Vidlax analiz hatası: 404 Client Error: Not Found for url: https://vidlax.xyz/embed/2617ae1ef3fe1162

🔍 Vidlax direkt analizi: https://diziyiizle2.com/helluva-boss/2-sezon-6-bolum/
📄 Sayfa içeriği alındı: 112298 karakter
❌ m3u8 URL'si bulunamadı
      ❌ m3u8 bulunamadı
   🔍 [14/20] Bölüm: https://diziyiizle2.com/helluva-boss/2-sezon-7-bolum/
📺 Embed URL bulundu: https://vidlax.xyz/embed/e354614f260583b4
🔍 Embed URL kontrol ediliyor: https://vidlax.xyz/embed/e354614f260583b4
❌ Embed URL kontrol hatası (https://vidlax.xyz/embed/e354614f260583b4): 404 Client Error: Not Found for url: https://vidlax.xyz/embed/e354614f260583b4

🔍 Vidlax direkt analizi: https://vidlax.xyz/embed/e354614f260583b4
Vidlax analiz hatası: 404 Client Error: Not Found for url: https://vidlax.xyz/embed/e354614f260583b4

🔍 Vidlax direkt analizi: https://diziyiizle2.com/helluva-boss/2-sezon-7-bolum/
📄 Sayfa içeriği alındı: 112297 karakter
❌ m3u8 URL'si bulunamadı
      ❌ m3u8 bulunamadı
   🔍 [15/20] Bölüm: https://diziyiizle2.com/helluva-boss/2-sezon-8-bolum/
📺 Embed URL bulundu: https://vidlax.xyz/embed/d1b42b66f49a483c
🔍 Embed URL kontrol ediliyor: https://vidlax.xyz/embed/d1b42b66f49a483c
❌ Embed URL kontrol hatası (https://vidlax.xyz/embed/d1b42b66f49a483c): 404 Client Error: Not Found for url: https://vidlax.xyz/embed/d1b42b66f49a483c

🔍 Vidlax direkt analizi: https://vidlax.xyz/embed/d1b42b66f49a483c
Vidlax analiz hatası: 404 Client Error: Not Found for url: https://vidlax.xyz/embed/d1b42b66f49a483c

🔍 Vidlax direkt analizi: https://diziyiizle2.com/helluva-boss/2-sezon-8-bolum/
📄 Sayfa içeriği alındı: 112298 karakter
❌ m3u8 URL'si bulunamadı
      ❌ m3u8 bulunamadı
   🔍 [16/20] Bölüm: https://diziyiizle2.com/helluva-boss/2-sezon-9-bolum/
📺 Embed URL bulundu: https://vidlax.xyz/embed/88d47d91f4bba4d9
🔍 Embed URL kontrol ediliyor: https://vidlax.xyz/embed/88d47d91f4bba4d9
❌ Embed URL kontrol hatası (https://vidlax.xyz/embed/88d47d91f4bba4d9): 404 Client Error: Not Found for url: https://vidlax.xyz/embed/88d47d91f4bba4d9

🔍 Vidlax direkt analizi: https://vidlax.xyz/embed/88d47d91f4bba4d9
Vidlax analiz hatası: 404 Client Error: Not Found for url: https://vidlax.xyz/embed/88d47d91f4bba4d9

🔍 Vidlax direkt analizi: https://diziyiizle2.com/helluva-boss/2-sezon-9-bolum/
📄 Sayfa içeriği alındı: 112298 karakter
❌ m3u8 URL'si bulunamadı
      ❌ m3u8 bulunamadı
   🔍 [17/20] Bölüm: https://diziyiizle2.com/helluva-boss/2-sezon-10-bolum/
📺 Embed URL bulundu: https://vidlax.xyz/embed/ec8b6d7d4f5b06d0
🔍 Embed URL kontrol ediliyor: https://vidlax.xyz/embed/ec8b6d7d4f5b06d0
❌ Embed URL kontrol hatası (https://vidlax.xyz/embed/ec8b6d7d4f5b06d0): 404 Client Error: Not Found for url: https://vidlax.xyz/embed/ec8b6d7d4f5b06d0

🔍 Vidlax direkt analizi: https://vidlax.xyz/embed/ec8b6d7d4f5b06d0
Vidlax analiz hatası: 404 Client Error: Not Found for url: https://vidlax.xyz/embed/ec8b6d7d4f5b06d0

🔍 Vidlax direkt analizi: https://diziyiizle2.com/helluva-boss/2-sezon-10-bolum/
📄 Sayfa içeriği alındı: 112317 karakter
❌ m3u8 URL'si bulunamadı
      ❌ m3u8 bulunamadı
   🔍 [18/20] Bölüm: https://diziyiizle2.com/helluva-boss/2-sezon-11-bolum/
📺 Embed URL bulundu: https://vidlax.xyz/embed/b53c3b66a749d2a3
🔍 Embed URL kontrol ediliyor: https://vidlax.xyz/embed/b53c3b66a749d2a3
❌ Embed URL kontrol hatası (https://vidlax.xyz/embed/b53c3b66a749d2a3): 404 Client Error: Not Found for url: https://vidlax.xyz/embed/b53c3b66a749d2a3

🔍 Vidlax direkt analizi: https://vidlax.xyz/embed/b53c3b66a749d2a3
Vidlax analiz hatası: 404 Client Error: Not Found for url: https://vidlax.xyz/embed/b53c3b66a749d2a3

🔍 Vidlax direkt analizi: https://diziyiizle2.com/helluva-boss/2-sezon-11-bolum/
📄 Sayfa içeriği alındı: 112316 karakter
❌ m3u8 URL'si bulunamadı
      ❌ m3u8 bulunamadı
   🔍 [19/20] Bölüm: https://diziyiizle2.com/helluva-boss/2-sezon-12-bolum/
📺 Embed URL bulundu: https://vidlax.xyz/embed/304447d9681b2b2a
🔍 Embed URL kontrol ediliyor: https://vidlax.xyz/embed/304447d9681b2b2a
❌ Embed URL kontrol hatası (https://vidlax.xyz/embed/304447d9681b2b2a): 404 Client Error: Not Found for url: https://vidlax.xyz/embed/304447d9681b2b2a

🔍 Vidlax direkt analizi: https://vidlax.xyz/embed/304447d9681b2b2a
Vidlax analiz hatası: 404 Client Error: Not Found for url: https://vidlax.xyz/embed/304447d9681b2b2a

🔍 Vidlax direkt analizi: https://diziyiizle2.com/helluva-boss/2-sezon-12-bolum/
📄 Sayfa içeriği alındı: 112316 karakter
❌ m3u8 URL'si bulunamadı
      ❌ m3u8 bulunamadı
   🔍 [20/20] Bölüm: https://diziyiizle2.com/helluva-boss/2-sezon-13-bolum/

🔍 Vidlax direkt analizi: https://diziyiizle2.com/helluva-boss/2-sezon-13-bolum/
📄 Sayfa içeriği alındı: 112271 karakter
❌ m3u8 URL'si bulunamadı
      ❌ m3u8 bulunamadı
   ❌ Bu dizi için hiç m3u8 bulunamadı

============================================================
🎬 [21/56] İşleniyor: https://diziyiizle2.com/dizi/la-suerte/
📺 Bölüm bulundu: 1. Sezon 1. BölümDublaj11.10.202531 dk. - https://diziyiizle2.com/la-suerte/1-sezon-1-bolum/
📺 Bölüm bulundu: 1. Sezon 2. BölümDublaj11.10.202536 dk. - https://diziyiizle2.com/la-suerte/1-sezon-2-bolum/
📺 Bölüm bulundu: 1. Sezon 3. BölümDublaj11.10.202534 dk. - https://diziyiizle2.com/la-suerte/1-sezon-3-bolum/
📺 Bölüm bulundu: 1. Sezon 4. BölümDublaj11.10.202531 dk. - https://diziyiizle2.com/la-suerte/1-sezon-4-bolum/
📺 Bölüm bulundu: 1. Sezon 5. BölümDublaj11.10.202532 dk. - https://diziyiizle2.com/la-suerte/1-sezon-5-bolum/
📺 Bölüm bulundu: 1. Sezon 6. BölümDublaj11.10.202530 dk. - https://diziyiizle2.com/la-suerte/1-sezon-6-bolum/

📊 Toplam 6 bölüm bulundu
   🔍 [1/6] Bölüm: https://diziyiizle2.com/la-suerte/1-sezon-1-bolum/
📺 Embed URL bulundu: https://vidlax.xyz/embed/ba3d86450272f0cb
🔍 Embed URL kontrol ediliyor: https://vidlax.xyz/embed/ba3d86450272f0cb
❌ Embed URL kontrol hatası (https://vidlax.xyz/embed/ba3d86450272f0cb): 404 Client Error: Not Found for url: https://vidlax.xyz/embed/ba3d86450272f0cb

🔍 Vidlax direkt analizi: https://vidlax.xyz/embed/ba3d86450272f0cb
Vidlax analiz hatası: 404 Client Error: Not Found for url: https://vidlax.xyz/embed/ba3d86450272f0cb

🔍 Vidlax direkt analizi: https://diziyiizle2.com/la-suerte/1-sezon-1-bolum/
📄 Sayfa içeriği alındı: 93503 karakter
❌ m3u8 URL'si bulunamadı
      ❌ m3u8 bulunamadı
   🔍 [2/6] Bölüm: https://diziyiizle2.com/la-suerte/1-sezon-2-bolum/
📺 Embed URL bulundu: https://vidlax.xyz/embed/40039c10ee1bc8d4
🔍 Embed URL kontrol ediliyor: https://vidlax.xyz/embed/40039c10ee1bc8d4
❌ Embed URL kontrol hatası (https://vidlax.xyz/embed/40039c10ee1bc8d4): 404 Client Error: Not Found for url: https://vidlax.xyz/embed/40039c10ee1bc8d4

🔍 Vidlax direkt analizi: https://vidlax.xyz/embed/40039c10ee1bc8d4
Vidlax analiz hatası: 404 Client Error: Not Found for url: https://vidlax.xyz/embed/40039c10ee1bc8d4

🔍 Vidlax direkt analizi: https://diziyiizle2.com/la-suerte/1-sezon-2-bolum/
📄 Sayfa içeriği alındı: 93503 karakter
❌ m3u8 URL'si bulunamadı
      ❌ m3u8 bulunamadı
   🔍 [3/6] Bölüm: https://diziyiizle2.com/la-suerte/1-sezon-3-bolum/
📺 Embed URL bulundu: https://vidlax.xyz/embed/5acc68df384bb007
🔍 Embed URL kontrol ediliyor: https://vidlax.xyz/embed/5acc68df384bb007
❌ Embed URL kontrol hatası (https://vidlax.xyz/embed/5acc68df384bb007): 404 Client Error: Not Found for url: https://vidlax.xyz/embed/5acc68df384bb007

🔍 Vidlax direkt analizi: https://vidlax.xyz/embed/5acc68df384bb007
Vidlax analiz hatası: 404 Client Error: Not Found for url: https://vidlax.xyz/embed/5acc68df384bb007

🔍 Vidlax direkt analizi: https://diziyiizle2.com/la-suerte/1-sezon-3-bolum/
📄 Sayfa içeriği alındı: 93504 karakter
❌ m3u8 URL'si bulunamadı
      ❌ m3u8 bulunamadı
   🔍 [4/6] Bölüm: https://diziyiizle2.com/la-suerte/1-sezon-4-bolum/
📺 Embed URL bulundu: https://vidlax.xyz/embed/1e2165999940415e
🔍 Embed URL kontrol ediliyor: https://vidlax.xyz/embed/1e2165999940415e
❌ Embed URL kontrol hatası (https://vidlax.xyz/embed/1e2165999940415e): 404 Client Error: Not Found for url: https://vidlax.xyz/embed/1e2165999940415e

🔍 Vidlax direkt analizi: https://vidlax.xyz/embed/1e2165999940415e
Vidlax analiz hatası: 404 Client Error: Not Found for url: https://vidlax.xyz/embed/1e2165999940415e

🔍 Vidlax direkt analizi: https://diziyiizle2.com/la-suerte/1-sezon-4-bolum/
📄 Sayfa içeriği alındı: 93504 karakter
❌ m3u8 URL'si bulunamadı
      ❌ m3u8 bulunamadı
   🔍 [5/6] Bölüm: https://diziyiizle2.com/la-suerte/1-sezon-5-bolum/
📺 Embed URL bulundu: https://vidlax.xyz/embed/2679ee5e6b9f7ff2
🔍 Embed URL kontrol ediliyor: https://vidlax.xyz/embed/2679ee5e6b9f7ff2
❌ Embed URL kontrol hatası (https://vidlax.xyz/embed/2679ee5e6b9f7ff2): 404 Client Error: Not Found for url: https://vidlax.xyz/embed/2679ee5e6b9f7ff2

🔍 Vidlax direkt analizi: https://vidlax.xyz/embed/2679ee5e6b9f7ff2
Vidlax analiz hatası: 404 Client Error: Not Found for url: https://vidlax.xyz/embed/2679ee5e6b9f7ff2

🔍 Vidlax direkt analizi: https://diziyiizle2.com/la-suerte/1-sezon-5-bolum/
📄 Sayfa içeriği alındı: 93503 karakter
❌ m3u8 URL'si bulunamadı
      ❌ m3u8 bulunamadı
   🔍 [6/6] Bölüm: https://diziyiizle2.com/la-suerte/1-sezon-6-bolum/
📺 Embed URL bulundu: https://vidlax.xyz/embed/66ea4bda40eda209
🔍 Embed URL kontrol ediliyor: https://vidlax.xyz/embed/66ea4bda40eda209
❌ Embed URL kontrol hatası (https://vidlax.xyz/embed/66ea4bda40eda209): 404 Client Error: Not Found for url: https://vidlax.xyz/embed/66ea4bda40eda209

🔍 Vidlax direkt analizi: https://vidlax.xyz/embed/66ea4bda40eda209
Vidlax analiz hatası: 404 Client Error: Not Found for url: https://vidlax.xyz/embed/66ea4bda40eda209

🔍 Vidlax direkt analizi: https://diziyiizle2.com/la-suerte/1-sezon-6-bolum/
📄 Sayfa içeriği alındı: 93503 karakter
❌ m3u8 URL'si bulunamadı
      ❌ m3u8 bulunamadı
   ❌ Bu dizi için hiç m3u8 bulunamadı

============================================================
🎬 [22/56] İşleniyor: https://diziyiizle2.com/dizi/outlander-blood-of-my-blood/
📺 Bölüm bulundu: 1. Sezon 1. BölümAltyazılı10.10.202581 dk. - https://diziyiizle2.com/outlander-blood-of-my-blood/1-sezon-1-bolum/
📺 Bölüm bulundu: 1. Sezon 2. BölümAltyazılı10.10.202560 dk. - https://diziyiizle2.com/outlander-blood-of-my-blood/1-sezon-2-bolum/
📺 Bölüm bulundu: 1. Sezon 3. BölümAltyazılı10.10.202561 dk. - https://diziyiizle2.com/outlander-blood-of-my-blood/1-sezon-3-bolum/
📺 Bölüm bulundu: 1. Sezon 4. BölümAltyazılı10.10.202561 dk. - https://diziyiizle2.com/outlander-blood-of-my-blood/1-sezon-4-bolum/
📺 Bölüm bulundu: 1. Sezon 5. BölümAltyazılı10.10.202561 dk. - https://diziyiizle2.com/outlander-blood-of-my-blood/1-sezon-5-bolum/
📺 Bölüm bulundu: 1. Sezon 6. BölümAltyazılı10.10.202559 dk. - https://diziyiizle2.com/outlander-blood-of-my-blood/1-sezon-6-bolum/
📺 Bölüm bulundu: 1. Sezon 7. BölümAltyazılı10.10.202560 dk. - https://diziyiizle2.com/outlander-blood-of-my-blood/1-sezon-7-bolum/
📺 Bölüm bulundu: 1. Sezon 8. BölümAltyazılı10.10.202557 dk. - https://diziyiizle2.com/outlander-blood-of-my-blood/1-sezon-8-bolum/
📺 Bölüm bulundu: 1. Sezon 9. BölümAltyazılı10.10.202558 dk. - https://diziyiizle2.com/outlander-blood-of-my-blood/1-sezon-9-bolum/
📺 Bölüm bulundu: 1. Sezon 10. BölümAltyazılı10.10.2025 - https://diziyiizle2.com/outlander-blood-of-my-blood/1-sezon-10-bolum/

📊 Toplam 10 bölüm bulundu
   🔍 [1/10] Bölüm: https://diziyiizle2.com/outlander-blood-of-my-blood/1-sezon-1-bolum/
📺 Embed URL bulundu: https://vidlax.xyz/embed/30771b7aa0213dc3
🔍 Embed URL kontrol ediliyor: https://vidlax.xyz/embed/30771b7aa0213dc3
❌ Embed URL kontrol hatası (https://vidlax.xyz/embed/30771b7aa0213dc3): 404 Client Error: Not Found for url: https://vidlax.xyz/embed/30771b7aa0213dc3

🔍 Vidlax direkt analizi: https://vidlax.xyz/embed/30771b7aa0213dc3
Vidlax analiz hatası: 404 Client Error: Not Found for url: https://vidlax.xyz/embed/30771b7aa0213dc3

🔍 Vidlax direkt analizi: https://diziyiizle2.com/outlander-blood-of-my-blood/1-sezon-1-bolum/
📄 Sayfa içeriği alındı: 99158 karakter
❌ m3u8 URL'si bulunamadı
      ❌ m3u8 bulunamadı
   🔍 [2/10] Bölüm: https://diziyiizle2.com/outlander-blood-of-my-blood/1-sezon-2-bolum/
📺 Embed URL bulundu: https://vidlax.xyz/embed/f07dc3a4f93d6b49
🔍 Embed URL kontrol ediliyor: https://vidlax.xyz/embed/f07dc3a4f93d6b49
❌ Embed URL kontrol hatası (https://vidlax.xyz/embed/f07dc3a4f93d6b49): 404 Client Error: Not Found for url: https://vidlax.xyz/embed/f07dc3a4f93d6b49

🔍 Vidlax direkt analizi: https://vidlax.xyz/embed/f07dc3a4f93d6b49
Vidlax analiz hatası: 404 Client Error: Not Found for url: https://vidlax.xyz/embed/f07dc3a4f93d6b49

🔍 Vidlax direkt analizi: https://diziyiizle2.com/outlander-blood-of-my-blood/1-sezon-2-bolum/
📄 Sayfa içeriği alındı: 99159 karakter
❌ m3u8 URL'si bulunamadı
      ❌ m3u8 bulunamadı
   🔍 [3/10] Bölüm: https://diziyiizle2.com/outlander-blood-of-my-blood/1-sezon-3-bolum/
📺 Embed URL bulundu: https://vidlax.xyz/embed/d40f0ed9fc42639f
🔍 Embed URL kontrol ediliyor: https://vidlax.xyz/embed/d40f0ed9fc42639f
❌ Embed URL kontrol hatası (https://vidlax.xyz/embed/d40f0ed9fc42639f): 404 Client Error: Not Found for url: https://vidlax.xyz/embed/d40f0ed9fc42639f

🔍 Vidlax direkt analizi: https://vidlax.xyz/embed/d40f0ed9fc42639f
Vidlax analiz hatası: 404 Client Error: Not Found for url: https://vidlax.xyz/embed/d40f0ed9fc42639f

🔍 Vidlax direkt analizi: https://diziyiizle2.com/outlander-blood-of-my-blood/1-sezon-3-bolum/
📄 Sayfa içeriği alındı: 99158 karakter
❌ m3u8 URL'si bulunamadı
      ❌ m3u8 bulunamadı
   🔍 [4/10] Bölüm: https://diziyiizle2.com/outlander-blood-of-my-blood/1-sezon-4-bolum/
📺 Embed URL bulundu: https://vidlax.xyz/embed/1cb4948199ca6c41
🔍 Embed URL kontrol ediliyor: https://vidlax.xyz/embed/1cb4948199ca6c41
❌ Embed URL kontrol hatası (https://vidlax.xyz/embed/1cb4948199ca6c41): 404 Client Error: Not Found for url: https://vidlax.xyz/embed/1cb4948199ca6c41

🔍 Vidlax direkt analizi: https://vidlax.xyz/embed/1cb4948199ca6c41
Vidlax analiz hatası: 404 Client Error: Not Found for url: https://vidlax.xyz/embed/1cb4948199ca6c41

🔍 Vidlax direkt analizi: https://diziyiizle2.com/outlander-blood-of-my-blood/1-sezon-4-bolum/
📄 Sayfa içeriği alındı: 99158 karakter
❌ m3u8 URL'si bulunamadı
      ❌ m3u8 bulunamadı
   🔍 [5/10] Bölüm: https://diziyiizle2.com/outlander-blood-of-my-blood/1-sezon-5-bolum/
📺 Embed URL bulundu: https://vidlax.xyz/embed/2996f359b5256b90
🔍 Embed URL kontrol ediliyor: https://vidlax.xyz/embed/2996f359b5256b90
❌ Embed URL kontrol hatası (https://vidlax.xyz/embed/2996f359b5256b90): 404 Client Error: Not Found for url: https://vidlax.xyz/embed/2996f359b5256b90

🔍 Vidlax direkt analizi: https://vidlax.xyz/embed/2996f359b5256b90
Vidlax analiz hatası: 404 Client Error: Not Found for url: https://vidlax.xyz/embed/2996f359b5256b90

🔍 Vidlax direkt analizi: https://diziyiizle2.com/outlander-blood-of-my-blood/1-sezon-5-bolum/
📄 Sayfa içeriği alındı: 99159 karakter
❌ m3u8 URL'si bulunamadı
      ❌ m3u8 bulunamadı
   🔍 [6/10] Bölüm: https://diziyiizle2.com/outlander-blood-of-my-blood/1-sezon-6-bolum/
📺 Embed URL bulundu: https://vidlax.xyz/embed/86685355c79ec351
🔍 Embed URL kontrol ediliyor: https://vidlax.xyz/embed/86685355c79ec351
❌ Embed URL kontrol hatası (https://vidlax.xyz/embed/86685355c79ec351): 404 Client Error: Not Found for url: https://vidlax.xyz/embed/86685355c79ec351

🔍 Vidlax direkt analizi: https://vidlax.xyz/embed/86685355c79ec351
Vidlax analiz hatası: 404 Client Error: Not Found for url: https://vidlax.xyz/embed/86685355c79ec351

🔍 Vidlax direkt analizi: https://diziyiizle2.com/outlander-blood-of-my-blood/1-sezon-6-bolum/
📄 Sayfa içeriği alındı: 99159 karakter
❌ m3u8 URL'si bulunamadı
      ❌ m3u8 bulunamadı
   🔍 [7/10] Bölüm: https://diziyiizle2.com/outlander-blood-of-my-blood/1-sezon-7-bolum/
📺 Embed URL bulundu: https://vidlax.xyz/embed/166aae97d5326f6e
🔍 Embed URL kontrol ediliyor: https://vidlax.xyz/embed/166aae97d5326f6e
❌ Embed URL kontrol hatası (https://vidlax.xyz/embed/166aae97d5326f6e): 404 Client Error: Not Found for url: https://vidlax.xyz/embed/166aae97d5326f6e

🔍 Vidlax direkt analizi: https://vidlax.xyz/embed/166aae97d5326f6e
Vidlax analiz hatası: 404 Client Error: Not Found for url: https://vidlax.xyz/embed/166aae97d5326f6e

🔍 Vidlax direkt analizi: https://diziyiizle2.com/outlander-blood-of-my-blood/1-sezon-7-bolum/
📄 Sayfa içeriği alındı: 99157 karakter
❌ m3u8 URL'si bulunamadı
      ❌ m3u8 bulunamadı
   🔍 [8/10] Bölüm: https://diziyiizle2.com/outlander-blood-of-my-blood/1-sezon-8-bolum/
📺 Embed URL bulundu: https://vidlax.xyz/embed/d0b060c768bd07e1
🔍 Embed URL kontrol ediliyor: https://vidlax.xyz/embed/d0b060c768bd07e1
❌ Embed URL kontrol hatası (https://vidlax.xyz/embed/d0b060c768bd07e1): 404 Client Error: Not Found for url: https://vidlax.xyz/embed/d0b060c768bd07e1

🔍 Vidlax direkt analizi: https://vidlax.xyz/embed/d0b060c768bd07e1
Vidlax analiz hatası: 404 Client Error: Not Found for url: https://vidlax.xyz/embed/d0b060c768bd07e1

🔍 Vidlax direkt analizi: https://diziyiizle2.com/outlander-blood-of-my-blood/1-sezon-8-bolum/
📄 Sayfa içeriği alındı: 99159 karakter
❌ m3u8 URL'si bulunamadı
      ❌ m3u8 bulunamadı
   🔍 [9/10] Bölüm: https://diziyiizle2.com/outlander-blood-of-my-blood/1-sezon-9-bolum/
📺 Embed URL bulundu: https://vidlax.xyz/embed/0798f29efa174922
🔍 Embed URL kontrol ediliyor: https://vidlax.xyz/embed/0798f29efa174922
❌ Embed URL kontrol hatası (https://vidlax.xyz/embed/0798f29efa174922): 404 Client Error: Not Found for url: https://vidlax.xyz/embed/0798f29efa174922

🔍 Vidlax direkt analizi: https://vidlax.xyz/embed/0798f29efa174922
Vidlax analiz hatası: 404 Client Error: Not Found for url: https://vidlax.xyz/embed/0798f29efa174922

🔍 Vidlax direkt analizi: https://diziyiizle2.com/outlander-blood-of-my-blood/1-sezon-9-bolum/
📄 Sayfa içeriği alındı: 99158 karakter
❌ m3u8 URL'si bulunamadı
      ❌ m3u8 bulunamadı
   🔍 [10/10] Bölüm: https://diziyiizle2.com/outlander-blood-of-my-blood/1-sezon-10-bolum/
📺 Embed URL bulundu: https://vidlax.xyz/embed/6e9cb1d8613ef1ec
🔍 Embed URL kontrol ediliyor: https://vidlax.xyz/embed/6e9cb1d8613ef1ec
❌ Embed URL kontrol hatası (https://vidlax.xyz/embed/6e9cb1d8613ef1ec): 404 Client Error: Not Found for url: https://vidlax.xyz/embed/6e9cb1d8613ef1ec

🔍 Vidlax direkt analizi: https://vidlax.xyz/embed/6e9cb1d8613ef1ec
Vidlax analiz hatası: 404 Client Error: Not Found for url: https://vidlax.xyz/embed/6e9cb1d8613ef1ec

🔍 Vidlax direkt analizi: https://diziyiizle2.com/outlander-blood-of-my-blood/1-sezon-10-bolum/
📄 Sayfa içeriği alındı: 99050 karakter
❌ m3u8 URL'si bulunamadı
      ❌ m3u8 bulunamadı
   ❌ Bu dizi için hiç m3u8 bulunamadı

============================================================
🎬 [23/56] İşleniyor: https://diziyiizle2.com/dizi/greys-anatomy/
📺 Bölüm bulundu: 22. Sezon 1. BölümAltyazılı10.10.2025 - https://diziyiizle2.com/greys-anatomy/22-sezon-1-bolum/

📊 Toplam 1 bölüm bulundu
   🔍 [1/1] Bölüm: https://diziyiizle2.com/greys-anatomy/22-sezon-1-bolum/
📺 Embed URL bulundu: https://vidlax.xyz/embed/0e1aa878a10231f3
🔍 Embed URL kontrol ediliyor: https://vidlax.xyz/embed/0e1aa878a10231f3
❌ Embed URL kontrol hatası (https://vidlax.xyz/embed/0e1aa878a10231f3): 404 Client Error: Not Found for url: https://vidlax.xyz/embed/0e1aa878a10231f3

🔍 Vidlax direkt analizi: https://vidlax.xyz/embed/0e1aa878a10231f3
Vidlax analiz hatası: 404 Client Error: Not Found for url: https://vidlax.xyz/embed/0e1aa878a10231f3

🔍 Vidlax direkt analizi: https://diziyiizle2.com/greys-anatomy/22-sezon-1-bolum/
📄 Sayfa içeriği alındı: 86463 karakter
❌ m3u8 URL'si bulunamadı
      ❌ m3u8 bulunamadı
   ❌ Bu dizi için hiç m3u8 bulunamadı

============================================================
🎬 [24/56] İşleniyor: https://diziyiizle2.com/dizi/the-last-frontier/
📺 Bölüm bulundu: 1. Sezon 1. BölümAltyazılı10.10.202561 dk. - https://diziyiizle2.com/the-last-frontier/1-sezon-1-bolum/
📺 Bölüm bulundu: 1. Sezon 2. BölümAltyazılı10.10.202556 dk. - https://diziyiizle2.com/the-last-frontier/1-sezon-2-bolum/
📺 Bölüm bulundu: 1. Sezon 3. BölümAltyazılı10.10.202562 dk. - https://diziyiizle2.com/the-last-frontier/1-sezon-3-bolum/
📺 Bölüm bulundu: 1. Sezon 4. BölümAltyazılı10.10.2025 - https://diziyiizle2.com/the-last-frontier/1-sezon-4-bolum/
📺 Bölüm bulundu: 1. Sezon 5. BölümAltyazılı10.10.2025 - https://diziyiizle2.com/the-last-frontier/1-sezon-5-bolum/
📺 Bölüm bulundu: 1. Sezon 6. BölümAltyazılı10.10.2025 - https://diziyiizle2.com/the-last-frontier/1-sezon-6-bolum/
📺 Bölüm bulundu: 1. Sezon 7. BölümAltyazılı10.10.2025 - https://diziyiizle2.com/the-last-frontier/1-sezon-7-bolum/
📺 Bölüm bulundu: 1. Sezon 8. BölümAltyazılı10.10.2025 - https://diziyiizle2.com/the-last-frontier/1-sezon-8-bolum/
📺 Bölüm bulundu: 1. Sezon 9. BölümAltyazılı10.10.2025 - https://diziyiizle2.com/the-last-frontier/1-sezon-9-bolum/
📺 Bölüm bulundu: 1. Sezon 10. BölümAltyazılı10.10.2025 - https://diziyiizle2.com/the-last-frontier/1-sezon-10-bolum/

📊 Toplam 10 bölüm bulundu
   🔍 [1/10] Bölüm: https://diziyiizle2.com/the-last-frontier/1-sezon-1-bolum/
📺 Embed URL bulundu: https://vidlax.xyz/embed/208b6505047201d8
🔍 Embed URL kontrol ediliyor: https://vidlax.xyz/embed/208b6505047201d8
❌ Embed URL kontrol hatası (https://vidlax.xyz/embed/208b6505047201d8): 404 Client Error: Not Found for url: https://vidlax.xyz/embed/208b6505047201d8

🔍 Vidlax direkt analizi: https://vidlax.xyz/embed/208b6505047201d8
Vidlax analiz hatası: 404 Client Error: Not Found for url: https://vidlax.xyz/embed/208b6505047201d8

🔍 Vidlax direkt analizi: https://diziyiizle2.com/the-last-frontier/1-sezon-1-bolum/
📄 Sayfa içeriği alındı: 98698 karakter
❌ m3u8 URL'si bulunamadı
      ❌ m3u8 bulunamadı
   🔍 [2/10] Bölüm: https://diziyiizle2.com/the-last-frontier/1-sezon-2-bolum/
📺 Embed URL bulundu: https://vidlax.xyz/embed/57d9a2c036a49674
🔍 Embed URL kontrol ediliyor: https://vidlax.xyz/embed/57d9a2c036a49674
❌ Embed URL kontrol hatası (https://vidlax.xyz/embed/57d9a2c036a49674): 404 Client Error: Not Found for url: https://vidlax.xyz/embed/57d9a2c036a49674

🔍 Vidlax direkt analizi: https://vidlax.xyz/embed/57d9a2c036a49674
Vidlax analiz hatası: 404 Client Error: Not Found for url: https://vidlax.xyz/embed/57d9a2c036a49674

🔍 Vidlax direkt analizi: https://diziyiizle2.com/the-last-frontier/1-sezon-2-bolum/
📄 Sayfa içeriği alındı: 98697 karakter
❌ m3u8 URL'si bulunamadı
      ❌ m3u8 bulunamadı
   🔍 [3/10] Bölüm: https://diziyiizle2.com/the-last-frontier/1-sezon-3-bolum/
📺 Embed URL bulundu: https://vidlax.xyz/embed/9aae31b6a98c1c11
🔍 Embed URL kontrol ediliyor: https://vidlax.xyz/embed/9aae31b6a98c1c11
❌ Embed URL kontrol hatası (https://vidlax.xyz/embed/9aae31b6a98c1c11): 404 Client Error: Not Found for url: https://vidlax.xyz/embed/9aae31b6a98c1c11

🔍 Vidlax direkt analizi: https://vidlax.xyz/embed/9aae31b6a98c1c11
Vidlax analiz hatası: 404 Client Error: Not Found for url: https://vidlax.xyz/embed/9aae31b6a98c1c11

🔍 Vidlax direkt analizi: https://diziyiizle2.com/the-last-frontier/1-sezon-3-bolum/
📄 Sayfa içeriği alındı: 98697 karakter
❌ m3u8 URL'si bulunamadı
      ❌ m3u8 bulunamadı
   🔍 [4/10] Bölüm: https://diziyiizle2.com/the-last-frontier/1-sezon-4-bolum/

🔍 Vidlax direkt analizi: https://diziyiizle2.com/the-last-frontier/1-sezon-4-bolum/
📄 Sayfa içeriği alındı: 97867 karakter
❌ m3u8 URL'si bulunamadı
      ❌ m3u8 bulunamadı
   🔍 [5/10] Bölüm: https://diziyiizle2.com/the-last-frontier/1-sezon-5-bolum/

🔍 Vidlax direkt analizi: https://diziyiizle2.com/the-last-frontier/1-sezon-5-bolum/
📄 Sayfa içeriği alındı: 97866 karakter
❌ m3u8 URL'si bulunamadı
      ❌ m3u8 bulunamadı
   🔍 [6/10] Bölüm: https://diziyiizle2.com/the-last-frontier/1-sezon-6-bolum/

🔍 Vidlax direkt analizi: https://diziyiizle2.com/the-last-frontier/1-sezon-6-bolum/
📄 Sayfa içeriği alındı: 97866 karakter
❌ m3u8 URL'si bulunamadı
      ❌ m3u8 bulunamadı
   🔍 [7/10] Bölüm: https://diziyiizle2.com/the-last-frontier/1-sezon-7-bolum/

🔍 Vidlax direkt analizi: https://diziyiizle2.com/the-last-frontier/1-sezon-7-bolum/
📄 Sayfa içeriği alındı: 97867 karakter
❌ m3u8 URL'si bulunamadı
      ❌ m3u8 bulunamadı
   🔍 [8/10] Bölüm: https://diziyiizle2.com/the-last-frontier/1-sezon-8-bolum/

🔍 Vidlax direkt analizi: https://diziyiizle2.com/the-last-frontier/1-sezon-8-bolum/
📄 Sayfa içeriği alındı: 97866 karakter
❌ m3u8 URL'si bulunamadı
      ❌ m3u8 bulunamadı
   🔍 [9/10] Bölüm: https://diziyiizle2.com/the-last-frontier/1-sezon-9-bolum/

🔍 Vidlax direkt analizi: https://diziyiizle2.com/the-last-frontier/1-sezon-9-bolum/
📄 Sayfa içeriği alındı: 97866 karakter
❌ m3u8 URL'si bulunamadı
      ❌ m3u8 bulunamadı
   🔍 [10/10] Bölüm: https://diziyiizle2.com/the-last-frontier/1-sezon-10-bolum/

🔍 Vidlax direkt analizi: https://diziyiizle2.com/the-last-frontier/1-sezon-10-bolum/
📄 Sayfa içeriği alındı: 97885 karakter
❌ m3u8 URL'si bulunamadı
      ❌ m3u8 bulunamadı
   ❌ Bu dizi için hiç m3u8 bulunamadı

============================================================
🎬 [25/56] İşleniyor: https://diziyiizle2.com/dizi/knife-edge-chasing-michelin-stars/
📺 Bölüm bulundu: 1. Sezon 1. BölümAltyazılı10.10.2025 - https://diziyiizle2.com/knife-edge-chasing-michelin-stars/1-sezon-1-bolum/
📺 Bölüm bulundu: 1. Sezon 2. BölümAltyazılı10.10.2025 - https://diziyiizle2.com/knife-edge-chasing-michelin-stars/1-sezon-2-bolum/
📺 Bölüm bulundu: 1. Sezon 3. BölümAltyazılı10.10.2025 - https://diziyiizle2.com/knife-edge-chasing-michelin-stars/1-sezon-3-bolum/
📺 Bölüm bulundu: 1. Sezon 4. BölümAltyazılı10.10.2025 - https://diziyiizle2.com/knife-edge-chasing-michelin-stars/1-sezon-4-bolum/
📺 Bölüm bulundu: 1. Sezon 5. BölümAltyazılı10.10.2025 - https://diziyiizle2.com/knife-edge-chasing-michelin-stars/1-sezon-5-bolum/
📺 Bölüm bulundu: 1. Sezon 6. BölümAltyazılı10.10.2025 - https://diziyiizle2.com/knife-edge-chasing-michelin-stars/1-sezon-6-bolum/
📺 Bölüm bulundu: 1. Sezon 7. BölümAltyazılı10.10.2025 - https://diziyiizle2.com/knife-edge-chasing-michelin-stars/1-sezon-7-bolum/
📺 Bölüm bulundu: 1. Sezon 8. BölümAltyazılı10.10.2025 - https://diziyiizle2.com/knife-edge-chasing-michelin-stars/1-sezon-8-bolum/

📊 Toplam 8 bölüm bulundu
   🔍 [1/8] Bölüm: https://diziyiizle2.com/knife-edge-chasing-michelin-stars/1-sezon-1-bolum/
📺 Embed URL bulundu: https://vidlax.xyz/embed/e9f81321190c600c
🔍 Embed URL kontrol ediliyor: https://vidlax.xyz/embed/e9f81321190c600c
❌ Embed URL kontrol hatası (https://vidlax.xyz/embed/e9f81321190c600c): 404 Client Error: Not Found for url: https://vidlax.xyz/embed/e9f81321190c600c

🔍 Vidlax direkt analizi: https://vidlax.xyz/embed/e9f81321190c600c
Vidlax analiz hatası: 404 Client Error: Not Found for url: https://vidlax.xyz/embed/e9f81321190c600c

🔍 Vidlax direkt analizi: https://diziyiizle2.com/knife-edge-chasing-michelin-stars/1-sezon-1-bolum/
📄 Sayfa içeriği alındı: 95824 karakter
❌ m3u8 URL'si bulunamadı
      ❌ m3u8 bulunamadı
   🔍 [2/8] Bölüm: https://diziyiizle2.com/knife-edge-chasing-michelin-stars/1-sezon-2-bolum/
📺 Embed URL bulundu: https://vidlax.xyz/embed/7d094210313213e1
🔍 Embed URL kontrol ediliyor: https://vidlax.xyz/embed/7d094210313213e1
❌ Embed URL kontrol hatası (https://vidlax.xyz/embed/7d094210313213e1): 404 Client Error: Not Found for url: https://vidlax.xyz/embed/7d094210313213e1

🔍 Vidlax direkt analizi: https://vidlax.xyz/embed/7d094210313213e1
Vidlax analiz hatası: 404 Client Error: Not Found for url: https://vidlax.xyz/embed/7d094210313213e1

🔍 Vidlax direkt analizi: https://diziyiizle2.com/knife-edge-chasing-michelin-stars/1-sezon-2-bolum/
📄 Sayfa içeriği alındı: 95824 karakter
❌ m3u8 URL'si bulunamadı
      ❌ m3u8 bulunamadı
   🔍 [3/8] Bölüm: https://diziyiizle2.com/knife-edge-chasing-michelin-stars/1-sezon-3-bolum/

🔍 Vidlax direkt analizi: https://diziyiizle2.com/knife-edge-chasing-michelin-stars/1-sezon-3-bolum/
📄 Sayfa içeriği alındı: 95778 karakter
❌ m3u8 URL'si bulunamadı
      ❌ m3u8 bulunamadı
   🔍 [4/8] Bölüm: https://diziyiizle2.com/knife-edge-chasing-michelin-stars/1-sezon-4-bolum/

🔍 Vidlax direkt analizi: https://diziyiizle2.com/knife-edge-chasing-michelin-stars/1-sezon-4-bolum/
📄 Sayfa içeriği alındı: 95778 karakter
❌ m3u8 URL'si bulunamadı
      ❌ m3u8 bulunamadı
   🔍 [5/8] Bölüm: https://diziyiizle2.com/knife-edge-chasing-michelin-stars/1-sezon-5-bolum/

🔍 Vidlax direkt analizi: https://diziyiizle2.com/knife-edge-chasing-michelin-stars/1-sezon-5-bolum/
📄 Sayfa içeriği alındı: 95779 karakter
❌ m3u8 URL'si bulunamadı
      ❌ m3u8 bulunamadı
   🔍 [6/8] Bölüm: https://diziyiizle2.com/knife-edge-chasing-michelin-stars/1-sezon-6-bolum/

🔍 Vidlax direkt analizi: https://diziyiizle2.com/knife-edge-chasing-michelin-stars/1-sezon-6-bolum/
📄 Sayfa içeriği alındı: 95779 karakter
❌ m3u8 URL'si bulunamadı
      ❌ m3u8 bulunamadı
   🔍 [7/8] Bölüm: https://diziyiizle2.com/knife-edge-chasing-michelin-stars/1-sezon-7-bolum/

🔍 Vidlax direkt analizi: https://diziyiizle2.com/knife-edge-chasing-michelin-stars/1-sezon-7-bolum/
📄 Sayfa içeriği alındı: 95779 karakter
❌ m3u8 URL'si bulunamadı
      ❌ m3u8 bulunamadı
   🔍 [8/8] Bölüm: https://diziyiizle2.com/knife-edge-chasing-michelin-stars/1-sezon-8-bolum/

🔍 Vidlax direkt analizi: https://diziyiizle2.com/knife-edge-chasing-michelin-stars/1-sezon-8-bolum/
📄 Sayfa içeriği alındı: 95779 karakter
❌ m3u8 URL'si bulunamadı
      ❌ m3u8 bulunamadı
   ❌ Bu dizi için hiç m3u8 bulunamadı

============================================================
🎬 [26/56] İşleniyor: https://diziyiizle2.com/dizi/dan-da-dan/
📺 Bölüm bulundu: 1. Sezon 1. BölümDublaj09.10.202524 dk. - https://diziyiizle2.com/dan-da-dan/1-sezon-1-bolum/
📺 Bölüm bulundu: 1. Sezon 2. BölümDublaj09.10.202524 dk. - https://diziyiizle2.com/dan-da-dan/1-sezon-2-bolum/
📺 Bölüm bulundu: 1. Sezon 3. BölümDublaj09.10.202524 dk. - https://diziyiizle2.com/dan-da-dan/1-sezon-3-bolum/
📺 Bölüm bulundu: 1. Sezon 4. BölümDublaj09.10.202524 dk. - https://diziyiizle2.com/dan-da-dan/1-sezon-4-bolum/
📺 Bölüm bulundu: 1. Sezon 5. BölümDublaj09.10.202524 dk. - https://diziyiizle2.com/dan-da-dan/1-sezon-5-bolum/
📺 Bölüm bulundu: 1. Sezon 6. BölümDublaj09.10.202524 dk. - https://diziyiizle2.com/dan-da-dan/1-sezon-6-bolum/
📺 Bölüm bulundu: 1. Sezon 7. BölümDublaj09.10.202524 dk. - https://diziyiizle2.com/dan-da-dan/1-sezon-7-bolum/
📺 Bölüm bulundu: 1. Sezon 8. BölümDublaj09.10.202524 dk. - https://diziyiizle2.com/dan-da-dan/1-sezon-8-bolum/
📺 Bölüm bulundu: 1. Sezon 9. BölümDublaj09.10.202524 dk. - https://diziyiizle2.com/dan-da-dan/1-sezon-9-bolum/
📺 Bölüm bulundu: 1. Sezon 10. BölümDublaj09.10.202524 dk. - https://diziyiizle2.com/dan-da-dan/1-sezon-10-bolum/
📺 Bölüm bulundu: 2. Sezon 1. BölümDublaj09.10.202524 dk. - https://diziyiizle2.com/dan-da-dan/2-sezon-1-bolum/
📺 Bölüm bulundu: 2. Sezon 2. BölümDublaj09.10.202524 dk. - https://diziyiizle2.com/dan-da-dan/2-sezon-2-bolum/
📺 Bölüm bulundu: 2. Sezon 3. BölümDublaj09.10.202524 dk. - https://diziyiizle2.com/dan-da-dan/2-sezon-3-bolum/
📺 Bölüm bulundu: 2. Sezon 4. BölümDublaj09.10.202524 dk. - https://diziyiizle2.com/dan-da-dan/2-sezon-4-bolum/
📺 Bölüm bulundu: 2. Sezon 5. BölümDublaj09.10.202524 dk. - https://diziyiizle2.com/dan-da-dan/2-sezon-5-bolum/
📺 Bölüm bulundu: 2. Sezon 6. BölümDublaj09.10.202524 dk. - https://diziyiizle2.com/dan-da-dan/2-sezon-6-bolum/
📺 Bölüm bulundu: 2. Sezon 7. BölümDublaj09.10.202524 dk. - https://diziyiizle2.com/dan-da-dan/2-sezon-7-bolum/
📺 Bölüm bulundu: 2. Sezon 8. BölümDublaj09.10.202524 dk. - https://diziyiizle2.com/dan-da-dan/2-sezon-8-bolum/
📺 Bölüm bulundu: 2. Sezon 9. BölümDublaj09.10.202524 dk. - https://diziyiizle2.com/dan-da-dan/2-sezon-9-bolum/
📺 Bölüm bulundu: 2. Sezon 10. BölümDublaj09.10.202524 dk. - https://diziyiizle2.com/dan-da-dan/2-sezon-10-bolum/
📺 Bölüm bulundu: 2. Sezon 11. BölümDublaj09.10.202524 dk. - https://diziyiizle2.com/dan-da-dan/2-sezon-11-bolum/
📺 Bölüm bulundu: 2. Sezon 12. BölümDublaj09.10.202524 dk. - https://diziyiizle2.com/dan-da-dan/2-sezon-12-bolum/

📊 Toplam 22 bölüm bulundu
   🔍 [1/22] Bölüm: https://diziyiizle2.com/dan-da-dan/1-sezon-1-bolum/
📺 Embed URL bulundu: https://vidlax.xyz/embed/b5ec9e072ec472e3
🔍 Embed URL kontrol ediliyor: https://vidlax.xyz/embed/b5ec9e072ec472e3
❌ Embed URL kontrol hatası (https://vidlax.xyz/embed/b5ec9e072ec472e3): 404 Client Error: Not Found for url: https://vidlax.xyz/embed/b5ec9e072ec472e3

🔍 Vidlax direkt analizi: https://vidlax.xyz/embed/b5ec9e072ec472e3
Vidlax analiz hatası: 404 Client Error: Not Found for url: https://vidlax.xyz/embed/b5ec9e072ec472e3

🔍 Vidlax direkt analizi: https://diziyiizle2.com/dan-da-dan/1-sezon-1-bolum/
📄 Sayfa içeriği alındı: 114669 karakter
❌ m3u8 URL'si bulunamadı
      ❌ m3u8 bulunamadı
   🔍 [2/22] Bölüm: https://diziyiizle2.com/dan-da-dan/1-sezon-2-bolum/
📺 Embed URL bulundu: https://vidlax.xyz/embed/492de392a3bffdb7
🔍 Embed URL kontrol ediliyor: https://vidlax.xyz/embed/492de392a3bffdb7
❌ Embed URL kontrol hatası (https://vidlax.xyz/embed/492de392a3bffdb7): 404 Client Error: Not Found for url: https://vidlax.xyz/embed/492de392a3bffdb7

🔍 Vidlax direkt analizi: https://vidlax.xyz/embed/492de392a3bffdb7
Vidlax analiz hatası: 404 Client Error: Not Found for url: https://vidlax.xyz/embed/492de392a3bffdb7

🔍 Vidlax direkt analizi: https://diziyiizle2.com/dan-da-dan/1-sezon-2-bolum/
📄 Sayfa içeriği alındı: 114573 karakter
❌ m3u8 URL'si bulunamadı
      ❌ m3u8 bulunamadı
   🔍 [3/22] Bölüm: https://diziyiizle2.com/dan-da-dan/1-sezon-3-bolum/
📺 Embed URL bulundu: https://vidlax.xyz/embed/e33f13c78cd80f7c
🔍 Embed URL kontrol ediliyor: https://vidlax.xyz/embed/e33f13c78cd80f7c
❌ Embed URL kontrol hatası (https://vidlax.xyz/embed/e33f13c78cd80f7c): 404 Client Error: Not Found for url: https://vidlax.xyz/embed/e33f13c78cd80f7c

🔍 Vidlax direkt analizi: https://vidlax.xyz/embed/e33f13c78cd80f7c
Vidlax analiz hatası: 404 Client Error: Not Found for url: https://vidlax.xyz/embed/e33f13c78cd80f7c

🔍 Vidlax direkt analizi: https://diziyiizle2.com/dan-da-dan/1-sezon-3-bolum/
📄 Sayfa içeriği alındı: 114701 karakter
❌ m3u8 URL'si bulunamadı
      ❌ m3u8 bulunamadı
   🔍 [4/22] Bölüm: https://diziyiizle2.com/dan-da-dan/1-sezon-4-bolum/
📺 Embed URL bulundu: https://vidlax.xyz/embed/743b2c391507a8b7
🔍 Embed URL kontrol ediliyor: https://vidlax.xyz/embed/743b2c391507a8b7
❌ Embed URL kontrol hatası (https://vidlax.xyz/embed/743b2c391507a8b7): 404 Client Error: Not Found for url: https://vidlax.xyz/embed/743b2c391507a8b7

🔍 Vidlax direkt analizi: https://vidlax.xyz/embed/743b2c391507a8b7
Vidlax analiz hatası: 404 Client Error: Not Found for url: https://vidlax.xyz/embed/743b2c391507a8b7

🔍 Vidlax direkt analizi: https://diziyiizle2.com/dan-da-dan/1-sezon-4-bolum/
📄 Sayfa içeriği alındı: 114640 karakter
❌ m3u8 URL'si bulunamadı
      ❌ m3u8 bulunamadı
   🔍 [5/22] Bölüm: https://diziyiizle2.com/dan-da-dan/1-sezon-5-bolum/
📺 Embed URL bulundu: https://vidlax.xyz/embed/aa8f548f03a065cd
🔍 Embed URL kontrol ediliyor: https://vidlax.xyz/embed/aa8f548f03a065cd
❌ Embed URL kontrol hatası (https://vidlax.xyz/embed/aa8f548f03a065cd): 404 Client Error: Not Found for url: https://vidlax.xyz/embed/aa8f548f03a065cd

🔍 Vidlax direkt analizi: https://vidlax.xyz/embed/aa8f548f03a065cd
Vidlax analiz hatası: 404 Client Error: Not Found for url: https://vidlax.xyz/embed/aa8f548f03a065cd

🔍 Vidlax direkt analizi: https://diziyiizle2.com/dan-da-dan/1-sezon-5-bolum/
📄 Sayfa içeriği alındı: 114726 karakter
❌ m3u8 URL'si bulunamadı
      ❌ m3u8 bulunamadı
   🔍 [6/22] Bölüm: https://diziyiizle2.com/dan-da-dan/1-sezon-6-bolum/
📺 Embed URL bulundu: https://vidlax.xyz/embed/acc3f3caa7186628
🔍 Embed URL kontrol ediliyor: https://vidlax.xyz/embed/acc3f3caa7186628
❌ Embed URL kontrol hatası (https://vidlax.xyz/embed/acc3f3caa7186628): 404 Client Error: Not Found for url: https://vidlax.xyz/embed/acc3f3caa7186628

🔍 Vidlax direkt analizi: https://vidlax.xyz/embed/acc3f3caa7186628
Vidlax analiz hatası: 404 Client Error: Not Found for url: https://vidlax.xyz/embed/acc3f3caa7186628

🔍 Vidlax direkt analizi: https://diziyiizle2.com/dan-da-dan/1-sezon-6-bolum/
📄 Sayfa içeriği alındı: 114648 karakter
❌ m3u8 URL'si bulunamadı
      ❌ m3u8 bulunamadı
   🔍 [7/22] Bölüm: https://diziyiizle2.com/dan-da-dan/1-sezon-7-bolum/
📺 Embed URL bulundu: https://vidlax.xyz/embed/491bccd4d493924d
🔍 Embed URL kontrol ediliyor: https://vidlax.xyz/embed/491bccd4d493924d
❌ Embed URL kontrol hatası (https://vidlax.xyz/embed/491bccd4d493924d): 404 Client Error: Not Found for url: https://vidlax.xyz/embed/491bccd4d493924d

🔍 Vidlax direkt analizi: https://vidlax.xyz/embed/491bccd4d493924d
Vidlax analiz hatası: 404 Client Error: Not Found for url: https://vidlax.xyz/embed/491bccd4d493924d

🔍 Vidlax direkt analizi: https://diziyiizle2.com/dan-da-dan/1-sezon-7-bolum/
📄 Sayfa içeriği alındı: 114717 karakter
❌ m3u8 URL'si bulunamadı
      ❌ m3u8 bulunamadı
   🔍 [8/22] Bölüm: https://diziyiizle2.com/dan-da-dan/1-sezon-8-bolum/
📺 Embed URL bulundu: https://vidlax.xyz/embed/c9ce53a51978e7bf
🔍 Embed URL kontrol ediliyor: https://vidlax.xyz/embed/c9ce53a51978e7bf
❌ Embed URL kontrol hatası (https://vidlax.xyz/embed/c9ce53a51978e7bf): 404 Client Error: Not Found for url: https://vidlax.xyz/embed/c9ce53a51978e7bf

🔍 Vidlax direkt analizi: https://vidlax.xyz/embed/c9ce53a51978e7bf
Vidlax analiz hatası: 404 Client Error: Not Found for url: https://vidlax.xyz/embed/c9ce53a51978e7bf

🔍 Vidlax direkt analizi: https://diziyiizle2.com/dan-da-dan/1-sezon-8-bolum/
📄 Sayfa içeriği alındı: 114593 karakter
❌ m3u8 URL'si bulunamadı
      ❌ m3u8 bulunamadı
   🔍 [9/22] Bölüm: https://diziyiizle2.com/dan-da-dan/1-sezon-9-bolum/
📺 Embed URL bulundu: https://vidlax.xyz/embed/b19f07f7eb64fdfe
🔍 Embed URL kontrol ediliyor: https://vidlax.xyz/embed/b19f07f7eb64fdfe
❌ Embed URL kontrol hatası (https://vidlax.xyz/embed/b19f07f7eb64fdfe): 404 Client Error: Not Found for url: https://vidlax.xyz/embed/b19f07f7eb64fdfe

🔍 Vidlax direkt analizi: https://vidlax.xyz/embed/b19f07f7eb64fdfe
Vidlax analiz hatası: 404 Client Error: Not Found for url: https://vidlax.xyz/embed/b19f07f7eb64fdfe

🔍 Vidlax direkt analizi: https://diziyiizle2.com/dan-da-dan/1-sezon-9-bolum/
📄 Sayfa içeriği alındı: 114759 karakter
❌ m3u8 URL'si bulunamadı
      ❌ m3u8 bulunamadı
   🔍 [10/22] Bölüm: https://diziyiizle2.com/dan-da-dan/1-sezon-10-bolum/
📺 Embed URL bulundu: https://vidlax.xyz/embed/2e6cdf6b344fdd1e
🔍 Embed URL kontrol ediliyor: https://vidlax.xyz/embed/2e6cdf6b344fdd1e
❌ Embed URL kontrol hatası (https://vidlax.xyz/embed/2e6cdf6b344fdd1e): 404 Client Error: Not Found for url: https://vidlax.xyz/embed/2e6cdf6b344fdd1e

🔍 Vidlax direkt analizi: https://vidlax.xyz/embed/2e6cdf6b344fdd1e
Vidlax analiz hatası: 404 Client Error: Not Found for url: https://vidlax.xyz/embed/2e6cdf6b344fdd1e

🔍 Vidlax direkt analizi: https://diziyiizle2.com/dan-da-dan/1-sezon-10-bolum/
📄 Sayfa içeriği alındı: 114766 karakter
❌ m3u8 URL'si bulunamadı
      ❌ m3u8 bulunamadı
   🔍 [11/22] Bölüm: https://diziyiizle2.com/dan-da-dan/2-sezon-1-bolum/
📺 Embed URL bulundu: https://vidlax.xyz/embed/3d4fe3d2ae1e3afb
🔍 Embed URL kontrol ediliyor: https://vidlax.xyz/embed/3d4fe3d2ae1e3afb
❌ Embed URL kontrol hatası (https://vidlax.xyz/embed/3d4fe3d2ae1e3afb): 404 Client Error: Not Found for url: https://vidlax.xyz/embed/3d4fe3d2ae1e3afb

🔍 Vidlax direkt analizi: https://vidlax.xyz/embed/3d4fe3d2ae1e3afb
Vidlax analiz hatası: 404 Client Error: Not Found for url: https://vidlax.xyz/embed/3d4fe3d2ae1e3afb

🔍 Vidlax direkt analizi: https://diziyiizle2.com/dan-da-dan/2-sezon-1-bolum/
📄 Sayfa içeriği alındı: 114748 karakter
❌ m3u8 URL'si bulunamadı
      ❌ m3u8 bulunamadı
   🔍 [12/22] Bölüm: https://diziyiizle2.com/dan-da-dan/2-sezon-2-bolum/
📺 Embed URL bulundu: https://vidlax.xyz/embed/37f4797c77672324
🔍 Embed URL kontrol ediliyor: https://vidlax.xyz/embed/37f4797c77672324
❌ Embed URL kontrol hatası (https://vidlax.xyz/embed/37f4797c77672324): 404 Client Error: Not Found for url: https://vidlax.xyz/embed/37f4797c77672324

🔍 Vidlax direkt analizi: https://vidlax.xyz/embed/37f4797c77672324
Vidlax analiz hatası: 404 Client Error: Not Found for url: https://vidlax.xyz/embed/37f4797c77672324

🔍 Vidlax direkt analizi: https://diziyiizle2.com/dan-da-dan/2-sezon-2-bolum/
📄 Sayfa içeriği alındı: 114747 karakter
❌ m3u8 URL'si bulunamadı
      ❌ m3u8 bulunamadı
   🔍 [13/22] Bölüm: https://diziyiizle2.com/dan-da-dan/2-sezon-3-bolum/
📺 Embed URL bulundu: https://vidlax.xyz/embed/b861f72d46bf1b35
🔍 Embed URL kontrol ediliyor: https://vidlax.xyz/embed/b861f72d46bf1b35
❌ Embed URL kontrol hatası (https://vidlax.xyz/embed/b861f72d46bf1b35): 404 Client Error: Not Found for url: https://vidlax.xyz/embed/b861f72d46bf1b35

🔍 Vidlax direkt analizi: https://vidlax.xyz/embed/b861f72d46bf1b35
Vidlax analiz hatası: 404 Client Error: Not Found for url: https://vidlax.xyz/embed/b861f72d46bf1b35

🔍 Vidlax direkt analizi: https://diziyiizle2.com/dan-da-dan/2-sezon-3-bolum/
📄 Sayfa içeriği alındı: 114747 karakter
❌ m3u8 URL'si bulunamadı
      ❌ m3u8 bulunamadı
   🔍 [14/22] Bölüm: https://diziyiizle2.com/dan-da-dan/2-sezon-4-bolum/
📺 Embed URL bulundu: https://vidlax.xyz/embed/2a074c0afea1317f
🔍 Embed URL kontrol ediliyor: https://vidlax.xyz/embed/2a074c0afea1317f
❌ Embed URL kontrol hatası (https://vidlax.xyz/embed/2a074c0afea1317f): 404 Client Error: Not Found for url: https://vidlax.xyz/embed/2a074c0afea1317f

🔍 Vidlax direkt analizi: https://vidlax.xyz/embed/2a074c0afea1317f
Vidlax analiz hatası: 404 Client Error: Not Found for url: https://vidlax.xyz/embed/2a074c0afea1317f

🔍 Vidlax direkt analizi: https://diziyiizle2.com/dan-da-dan/2-sezon-4-bolum/
📄 Sayfa içeriği alındı: 114747 karakter
❌ m3u8 URL'si bulunamadı
      ❌ m3u8 bulunamadı
   🔍 [15/22] Bölüm: https://diziyiizle2.com/dan-da-dan/2-sezon-5-bolum/
📺 Embed URL bulundu: https://vidlax.xyz/embed/4bd32f86647dd4b2
🔍 Embed URL kontrol ediliyor: https://vidlax.xyz/embed/4bd32f86647dd4b2
❌ Embed URL kontrol hatası (https://vidlax.xyz/embed/4bd32f86647dd4b2): 404 Client Error: Not Found for url: https://vidlax.xyz/embed/4bd32f86647dd4b2

🔍 Vidlax direkt analizi: https://vidlax.xyz/embed/4bd32f86647dd4b2
Vidlax analiz hatası: 404 Client Error: Not Found for url: https://vidlax.xyz/embed/4bd32f86647dd4b2

🔍 Vidlax direkt analizi: https://diziyiizle2.com/dan-da-dan/2-sezon-5-bolum/
📄 Sayfa içeriği alındı: 114748 karakter
❌ m3u8 URL'si bulunamadı
      ❌ m3u8 bulunamadı
   🔍 [16/22] Bölüm: https://diziyiizle2.com/dan-da-dan/2-sezon-6-bolum/
📺 Embed URL bulundu: https://vidlax.xyz/embed/042206d00208b7d0
🔍 Embed URL kontrol ediliyor: https://vidlax.xyz/embed/042206d00208b7d0
❌ Embed URL kontrol hatası (https://vidlax.xyz/embed/042206d00208b7d0): 404 Client Error: Not Found for url: https://vidlax.xyz/embed/042206d00208b7d0

🔍 Vidlax direkt analizi: https://vidlax.xyz/embed/042206d00208b7d0
Vidlax analiz hatası: 404 Client Error: Not Found for url: https://vidlax.xyz/embed/042206d00208b7d0

🔍 Vidlax direkt analizi: https://diziyiizle2.com/dan-da-dan/2-sezon-6-bolum/
📄 Sayfa içeriği alındı: 114747 karakter
❌ m3u8 URL'si bulunamadı
      ❌ m3u8 bulunamadı
   🔍 [17/22] Bölüm: https://diziyiizle2.com/dan-da-dan/2-sezon-7-bolum/
📺 Embed URL bulundu: https://vidlax.xyz/embed/96e0bf2bd01ce2d1
🔍 Embed URL kontrol ediliyor: https://vidlax.xyz/embed/96e0bf2bd01ce2d1
❌ Embed URL kontrol hatası (https://vidlax.xyz/embed/96e0bf2bd01ce2d1): 404 Client Error: Not Found for url: https://vidlax.xyz/embed/96e0bf2bd01ce2d1

🔍 Vidlax direkt analizi: https://vidlax.xyz/embed/96e0bf2bd01ce2d1
Vidlax analiz hatası: 404 Client Error: Not Found for url: https://vidlax.xyz/embed/96e0bf2bd01ce2d1

🔍 Vidlax direkt analizi: https://diziyiizle2.com/dan-da-dan/2-sezon-7-bolum/
📄 Sayfa içeriği alındı: 114748 karakter
❌ m3u8 URL'si bulunamadı
      ❌ m3u8 bulunamadı
   🔍 [18/22] Bölüm: https://diziyiizle2.com/dan-da-dan/2-sezon-8-bolum/
📺 Embed URL bulundu: https://vidlax.xyz/embed/62e107d6b37c22a7
🔍 Embed URL kontrol ediliyor: https://vidlax.xyz/embed/62e107d6b37c22a7
❌ Embed URL kontrol hatası (https://vidlax.xyz/embed/62e107d6b37c22a7): 404 Client Error: Not Found for url: https://vidlax.xyz/embed/62e107d6b37c22a7

🔍 Vidlax direkt analizi: https://vidlax.xyz/embed/62e107d6b37c22a7
Vidlax analiz hatası: 404 Client Error: Not Found for url: https://vidlax.xyz/embed/62e107d6b37c22a7

🔍 Vidlax direkt analizi: https://diziyiizle2.com/dan-da-dan/2-sezon-8-bolum/
📄 Sayfa içeriği alındı: 114748 karakter
❌ m3u8 URL'si bulunamadı
      ❌ m3u8 bulunamadı
   🔍 [19/22] Bölüm: https://diziyiizle2.com/dan-da-dan/2-sezon-9-bolum/
📺 Embed URL bulundu: https://vidlax.xyz/embed/91ecf22530d0520a
🔍 Embed URL kontrol ediliyor: https://vidlax.xyz/embed/91ecf22530d0520a
❌ Embed URL kontrol hatası (https://vidlax.xyz/embed/91ecf22530d0520a): 404 Client Error: Not Found for url: https://vidlax.xyz/embed/91ecf22530d0520a

🔍 Vidlax direkt analizi: https://vidlax.xyz/embed/91ecf22530d0520a
Vidlax analiz hatası: 404 Client Error: Not Found for url: https://vidlax.xyz/embed/91ecf22530d0520a

🔍 Vidlax direkt analizi: https://diziyiizle2.com/dan-da-dan/2-sezon-9-bolum/
📄 Sayfa içeriği alındı: 114747 karakter
❌ m3u8 URL'si bulunamadı
      ❌ m3u8 bulunamadı
   🔍 [20/22] Bölüm: https://diziyiizle2.com/dan-da-dan/2-sezon-10-bolum/
📺 Embed URL bulundu: https://vidlax.xyz/embed/a044fa970e9bd5af
🔍 Embed URL kontrol ediliyor: https://vidlax.xyz/embed/a044fa970e9bd5af
❌ Embed URL kontrol hatası (https://vidlax.xyz/embed/a044fa970e9bd5af): 404 Client Error: Not Found for url: https://vidlax.xyz/embed/a044fa970e9bd5af

🔍 Vidlax direkt analizi: https://vidlax.xyz/embed/a044fa970e9bd5af
Vidlax analiz hatası: 404 Client Error: Not Found for url: https://vidlax.xyz/embed/a044fa970e9bd5af

🔍 Vidlax direkt analizi: https://diziyiizle2.com/dan-da-dan/2-sezon-10-bolum/
📄 Sayfa içeriği alındı: 114765 karakter
❌ m3u8 URL'si bulunamadı
      ❌ m3u8 bulunamadı
   🔍 [21/22] Bölüm: https://diziyiizle2.com/dan-da-dan/2-sezon-11-bolum/
📺 Embed URL bulundu: https://vidlax.xyz/embed/0ccb5b4c3b30b03a
🔍 Embed URL kontrol ediliyor: https://vidlax.xyz/embed/0ccb5b4c3b30b03a
❌ Embed URL kontrol hatası (https://vidlax.xyz/embed/0ccb5b4c3b30b03a): 404 Client Error: Not Found for url: https://vidlax.xyz/embed/0ccb5b4c3b30b03a

🔍 Vidlax direkt analizi: https://vidlax.xyz/embed/0ccb5b4c3b30b03a
Vidlax analiz hatası: 404 Client Error: Not Found for url: https://vidlax.xyz/embed/0ccb5b4c3b30b03a

🔍 Vidlax direkt analizi: https://diziyiizle2.com/dan-da-dan/2-sezon-11-bolum/
📄 Sayfa içeriği alındı: 114767 karakter
❌ m3u8 URL'si bulunamadı
      ❌ m3u8 bulunamadı
   🔍 [22/22] Bölüm: https://diziyiizle2.com/dan-da-dan/2-sezon-12-bolum/
📺 Embed URL bulundu: https://vidlax.xyz/embed/00f86a8139addd22
🔍 Embed URL kontrol ediliyor: https://vidlax.xyz/embed/00f86a8139addd22
❌ Embed URL kontrol hatası (https://vidlax.xyz/embed/00f86a8139addd22): 404 Client Error: Not Found for url: https://vidlax.xyz/embed/00f86a8139addd22

🔍 Vidlax direkt analizi: https://vidlax.xyz/embed/00f86a8139addd22
Vidlax analiz hatası: 404 Client Error: Not Found for url: https://vidlax.xyz/embed/00f86a8139addd22

🔍 Vidlax direkt analizi: https://diziyiizle2.com/dan-da-dan/2-sezon-12-bolum/
📄 Sayfa içeriği alındı: 114767 karakter
❌ m3u8 URL'si bulunamadı
      ❌ m3u8 bulunamadı
   ❌ Bu dizi için hiç m3u8 bulunamadı

============================================================
🎬 [27/56] İşleniyor: https://diziyiizle2.com/dizi/mahsun-j-12/
📺 Bölüm bulundu: 1. Sezon 1. BölümDual13.08.202547 dk. - https://diziyiizle2.com/mahsun-j-12/1-sezon-1-bolum/
📺 Bölüm bulundu: 1. Sezon 2. BölümDual13.08.202548 dk. - https://diziyiizle2.com/mahsun-j-12/1-sezon-2-bolum/
📺 Bölüm bulundu: 1. Sezon 3. BölümDual13.08.202541 dk. - https://diziyiizle2.com/mahsun-j-12/1-sezon-3-bolum/
📺 Bölüm bulundu: 1. Sezon 4. BölümDual13.08.202552 dk. - https://diziyiizle2.com/mahsun-j-12/1-sezon-4-bolum/
📺 Bölüm bulundu: 1. Sezon 5. BölümDual13.08.202541 dk. - https://diziyiizle2.com/mahsun-j-12/1-sezon-5-bolum/
📺 Bölüm bulundu: 1. Sezon 6. BölümDual13.08.202539 dk. - https://diziyiizle2.com/mahsun-j-12/1-sezon-6-bolum/
📺 Bölüm bulundu: 1. Sezon 7. BölümDual13.08.202540 dk. - https://diziyiizle2.com/mahsun-j-12/1-sezon-7-bolum/
📺 Bölüm bulundu: 1. Sezon 8. BölümDual13.08.202556 dk. - https://diziyiizle2.com/mahsun-j-12/1-sezon-8-bolum/
📺 Bölüm bulundu: 2. Sezon 1. BölümDual13.08.202545 dk. - https://diziyiizle2.com/mahsun-j-12/2-sezon-1-bolum/
📺 Bölüm bulundu: 2. Sezon 2. BölümDual13.08.202545 dk. - https://diziyiizle2.com/mahsun-j-12/2-sezon-2-bolum/
📺 Bölüm bulundu: 2. Sezon 3. BölümDual13.08.202548 dk. - https://diziyiizle2.com/mahsun-j-12/2-sezon-3-bolum/
📺 Bölüm bulundu: 2. Sezon 4. BölümDual13.08.202542 dk. - https://diziyiizle2.com/mahsun-j-12/2-sezon-4-bolum/
📺 Bölüm bulundu: 2. Sezon 5. BölümDual13.08.202546 dk. - https://diziyiizle2.com/mahsun-j-12/2-sezon-5-bolum/
📺 Bölüm bulundu: 2. Sezon 6. BölümDual13.08.202549 dk. - https://diziyiizle2.com/mahsun-j-12/2-sezon-6-bolum/
📺 Bölüm bulundu: 2. Sezon 7. BölümDual13.08.202552 dk. - https://diziyiizle2.com/mahsun-j-12/2-sezon-7-bolum/
📺 Bölüm bulundu: 2. Sezon 8. BölümDual25.09.202548 dk. - https://diziyiizle2.com/mahsun-j-12/2-sezon-8-bolum/
📺 Bölüm bulundu: 2. Sezon 9. BölümDual03.10.202550 dk. - https://diziyiizle2.com/mahsun-j-12/2-sezon-9-bolum/
📺 Bölüm bulundu: 2. Sezon 10. BölümDual10.10.202560 dk. - https://diziyiizle2.com/mahsun-j-12/2-sezon-10-bolum/
📺 Bölüm bulundu: 2. Sezon 11. BölümDual17.10.202530 dk. - https://diziyiizle2.com/mahsun-j-12/2-sezon-11-bolum/
📺 Bölüm bulundu: 2. Sezon 12. BölümAltyazılı21.10.202535 dk. - https://diziyiizle2.com/mahsun-j-12/2-sezon-12-bolum/

📊 Toplam 20 bölüm bulundu
   🔍 [1/20] Bölüm: https://diziyiizle2.com/mahsun-j-12/1-sezon-1-bolum/
📺 Embed URL bulundu: https://vidlax.xyz/embed/778eab7a30cbfb8a
🔍 Embed URL kontrol ediliyor: https://vidlax.xyz/embed/778eab7a30cbfb8a
❌ Embed URL kontrol hatası (https://vidlax.xyz/embed/778eab7a30cbfb8a): 404 Client Error: Not Found for url: https://vidlax.xyz/embed/778eab7a30cbfb8a

🔍 Vidlax direkt analizi: https://vidlax.xyz/embed/778eab7a30cbfb8a
Vidlax analiz hatası: 404 Client Error: Not Found for url: https://vidlax.xyz/embed/778eab7a30cbfb8a

🔍 Vidlax direkt analizi: https://diziyiizle2.com/mahsun-j-12/1-sezon-1-bolum/
📄 Sayfa içeriği alındı: 114466 karakter
❌ m3u8 URL'si bulunamadı
      ❌ m3u8 bulunamadı
   🔍 [2/20] Bölüm: https://diziyiizle2.com/mahsun-j-12/1-sezon-2-bolum/
📺 Embed URL bulundu: https://vidlax.xyz/embed/718e57e139c0bda2
🔍 Embed URL kontrol ediliyor: https://vidlax.xyz/embed/718e57e139c0bda2
❌ Embed URL kontrol hatası (https://vidlax.xyz/embed/718e57e139c0bda2): 404 Client Error: Not Found for url: https://vidlax.xyz/embed/718e57e139c0bda2

🔍 Vidlax direkt analizi: https://vidlax.xyz/embed/718e57e139c0bda2
Vidlax analiz hatası: 404 Client Error: Not Found for url: https://vidlax.xyz/embed/718e57e139c0bda2

🔍 Vidlax direkt analizi: https://diziyiizle2.com/mahsun-j-12/1-sezon-2-bolum/
📄 Sayfa içeriği alındı: 119766 karakter
❌ m3u8 URL'si bulunamadı
      ❌ m3u8 bulunamadı
   🔍 [3/20] Bölüm: https://diziyiizle2.com/mahsun-j-12/1-sezon-3-bolum/
📺 Embed URL bulundu: https://vidlax.xyz/embed/97e8be60949c247f
🔍 Embed URL kontrol ediliyor: https://vidlax.xyz/embed/97e8be60949c247f
❌ Embed URL kontrol hatası (https://vidlax.xyz/embed/97e8be60949c247f): 404 Client Error: Not Found for url: https://vidlax.xyz/embed/97e8be60949c247f

🔍 Vidlax direkt analizi: https://vidlax.xyz/embed/97e8be60949c247f
Vidlax analiz hatası: 404 Client Error: Not Found for url: https://vidlax.xyz/embed/97e8be60949c247f

🔍 Vidlax direkt analizi: https://diziyiizle2.com/mahsun-j-12/1-sezon-3-bolum/
📄 Sayfa içeriği alındı: 112265 karakter
❌ m3u8 URL'si bulunamadı
      ❌ m3u8 bulunamadı
   🔍 [4/20] Bölüm: https://diziyiizle2.com/mahsun-j-12/1-sezon-4-bolum/
📺 Embed URL bulundu: https://vidlax.xyz/embed/768b43ac91b48034
🔍 Embed URL kontrol ediliyor: https://vidlax.xyz/embed/768b43ac91b48034
❌ Embed URL kontrol hatası (https://vidlax.xyz/embed/768b43ac91b48034): 404 Client Error: Not Found for url: https://vidlax.xyz/embed/768b43ac91b48034

🔍 Vidlax direkt analizi: https://vidlax.xyz/embed/768b43ac91b48034
Vidlax analiz hatası: 404 Client Error: Not Found for url: https://vidlax.xyz/embed/768b43ac91b48034

🔍 Vidlax direkt analizi: https://diziyiizle2.com/mahsun-j-12/1-sezon-4-bolum/
📄 Sayfa içeriği alındı: 112273 karakter
❌ m3u8 URL'si bulunamadı
      ❌ m3u8 bulunamadı
   🔍 [5/20] Bölüm: https://diziyiizle2.com/mahsun-j-12/1-sezon-5-bolum/
📺 Embed URL bulundu: https://vidlax.xyz/embed/b3e1069470d7fa84
🔍 Embed URL kontrol ediliyor: https://vidlax.xyz/embed/b3e1069470d7fa84
❌ Embed URL kontrol hatası (https://vidlax.xyz/embed/b3e1069470d7fa84): 404 Client Error: Not Found for url: https://vidlax.xyz/embed/b3e1069470d7fa84

🔍 Vidlax direkt analizi: https://vidlax.xyz/embed/b3e1069470d7fa84
Vidlax analiz hatası: 404 Client Error: Not Found for url: https://vidlax.xyz/embed/b3e1069470d7fa84

🔍 Vidlax direkt analizi: https://diziyiizle2.com/mahsun-j-12/1-sezon-5-bolum/
📄 Sayfa içeriği alındı: 112231 karakter
❌ m3u8 URL'si bulunamadı
      ❌ m3u8 bulunamadı
   🔍 [6/20] Bölüm: https://diziyiizle2.com/mahsun-j-12/1-sezon-6-bolum/
📺 Embed URL bulundu: https://vidlax.xyz/embed/913c81e217d84831
🔍 Embed URL kontrol ediliyor: https://vidlax.xyz/embed/913c81e217d84831
❌ Embed URL kontrol hatası (https://vidlax.xyz/embed/913c81e217d84831): 404 Client Error: Not Found for url: https://vidlax.xyz/embed/913c81e217d84831

🔍 Vidlax direkt analizi: https://vidlax.xyz/embed/913c81e217d84831
Vidlax analiz hatası: 404 Client Error: Not Found for url: https://vidlax.xyz/embed/913c81e217d84831

🔍 Vidlax direkt analizi: https://diziyiizle2.com/mahsun-j-12/1-sezon-6-bolum/
📄 Sayfa içeriği alındı: 112266 karakter
❌ m3u8 URL'si bulunamadı
      ❌ m3u8 bulunamadı
   🔍 [7/20] Bölüm: https://diziyiizle2.com/mahsun-j-12/1-sezon-7-bolum/
📺 Embed URL bulundu: https://vidlax.xyz/embed/cfb522b8994527a9
🔍 Embed URL kontrol ediliyor: https://vidlax.xyz/embed/cfb522b8994527a9
❌ Embed URL kontrol hatası (https://vidlax.xyz/embed/cfb522b8994527a9): 404 Client Error: Not Found for url: https://vidlax.xyz/embed/cfb522b8994527a9

🔍 Vidlax direkt analizi: https://vidlax.xyz/embed/cfb522b8994527a9
Vidlax analiz hatası: 404 Client Error: Not Found for url: https://vidlax.xyz/embed/cfb522b8994527a9

🔍 Vidlax direkt analizi: https://diziyiizle2.com/mahsun-j-12/1-sezon-7-bolum/
📄 Sayfa içeriği alındı: 114428 karakter
❌ m3u8 URL'si bulunamadı
      ❌ m3u8 bulunamadı
   🔍 [8/20] Bölüm: https://diziyiizle2.com/mahsun-j-12/1-sezon-8-bolum/
📺 Embed URL bulundu: https://vidlax.xyz/embed/191db4a8fac6d00e
🔍 Embed URL kontrol ediliyor: https://vidlax.xyz/embed/191db4a8fac6d00e
❌ Embed URL kontrol hatası (https://vidlax.xyz/embed/191db4a8fac6d00e): 404 Client Error: Not Found for url: https://vidlax.xyz/embed/191db4a8fac6d00e

🔍 Vidlax direkt analizi: https://vidlax.xyz/embed/191db4a8fac6d00e
Vidlax analiz hatası: 404 Client Error: Not Found for url: https://vidlax.xyz/embed/191db4a8fac6d00e

🔍 Vidlax direkt analizi: https://diziyiizle2.com/mahsun-j-12/1-sezon-8-bolum/
📄 Sayfa içeriği alındı: 112324 karakter
❌ m3u8 URL'si bulunamadı
      ❌ m3u8 bulunamadı
   🔍 [9/20] Bölüm: https://diziyiizle2.com/mahsun-j-12/2-sezon-1-bolum/
📺 Embed URL bulundu: https://vidlax.xyz/embed/da6bf5da6422fd47
🔍 Embed URL kontrol ediliyor: https://vidlax.xyz/embed/da6bf5da6422fd47
❌ Embed URL kontrol hatası (https://vidlax.xyz/embed/da6bf5da6422fd47): 404 Client Error: Not Found for url: https://vidlax.xyz/embed/da6bf5da6422fd47

🔍 Vidlax direkt analizi: https://vidlax.xyz/embed/da6bf5da6422fd47
Vidlax analiz hatası: 404 Client Error: Not Found for url: https://vidlax.xyz/embed/da6bf5da6422fd47

🔍 Vidlax direkt analizi: https://diziyiizle2.com/mahsun-j-12/2-sezon-1-bolum/
📄 Sayfa içeriği alındı: 112370 karakter
❌ m3u8 URL'si bulunamadı
      ❌ m3u8 bulunamadı
   🔍 [10/20] Bölüm: https://diziyiizle2.com/mahsun-j-12/2-sezon-2-bolum/
📺 Embed URL bulundu: https://vidlax.xyz/embed/399a181fddea51ea
🔍 Embed URL kontrol ediliyor: https://vidlax.xyz/embed/399a181fddea51ea
❌ Embed URL kontrol hatası (https://vidlax.xyz/embed/399a181fddea51ea): 404 Client Error: Not Found for url: https://vidlax.xyz/embed/399a181fddea51ea

🔍 Vidlax direkt analizi: https://vidlax.xyz/embed/399a181fddea51ea
Vidlax analiz hatası: 404 Client Error: Not Found for url: https://vidlax.xyz/embed/399a181fddea51ea

🔍 Vidlax direkt analizi: https://diziyiizle2.com/mahsun-j-12/2-sezon-2-bolum/
📄 Sayfa içeriği alındı: 112429 karakter
❌ m3u8 URL'si bulunamadı
      ❌ m3u8 bulunamadı
   🔍 [11/20] Bölüm: https://diziyiizle2.com/mahsun-j-12/2-sezon-3-bolum/
📺 Embed URL bulundu: https://vidlax.xyz/embed/dd75cd77f7436bb6
🔍 Embed URL kontrol ediliyor: https://vidlax.xyz/embed/dd75cd77f7436bb6
❌ Embed URL kontrol hatası (https://vidlax.xyz/embed/dd75cd77f7436bb6): 404 Client Error: Not Found for url: https://vidlax.xyz/embed/dd75cd77f7436bb6

🔍 Vidlax direkt analizi: https://vidlax.xyz/embed/dd75cd77f7436bb6
Vidlax analiz hatası: 404 Client Error: Not Found for url: https://vidlax.xyz/embed/dd75cd77f7436bb6

🔍 Vidlax direkt analizi: https://diziyiizle2.com/mahsun-j-12/2-sezon-3-bolum/
📄 Sayfa içeriği alındı: 117241 karakter
❌ m3u8 URL'si bulunamadı
      ❌ m3u8 bulunamadı
   🔍 [12/20] Bölüm: https://diziyiizle2.com/mahsun-j-12/2-sezon-4-bolum/
📺 Embed URL bulundu: https://vidlax.xyz/embed/60605d1ec77ace3f
🔍 Embed URL kontrol ediliyor: https://vidlax.xyz/embed/60605d1ec77ace3f
❌ Embed URL kontrol hatası (https://vidlax.xyz/embed/60605d1ec77ace3f): 404 Client Error: Not Found for url: https://vidlax.xyz/embed/60605d1ec77ace3f

🔍 Vidlax direkt analizi: https://vidlax.xyz/embed/60605d1ec77ace3f
Vidlax analiz hatası: 404 Client Error: Not Found for url: https://vidlax.xyz/embed/60605d1ec77ace3f

🔍 Vidlax direkt analizi: https://diziyiizle2.com/mahsun-j-12/2-sezon-4-bolum/
📄 Sayfa içeriği alındı: 112254 karakter
❌ m3u8 URL'si bulunamadı
      ❌ m3u8 bulunamadı
   🔍 [13/20] Bölüm: https://diziyiizle2.com/mahsun-j-12/2-sezon-5-bolum/
📺 Embed URL bulundu: https://vidlax.xyz/embed/ea94e6a1e23a03f2
🔍 Embed URL kontrol ediliyor: https://vidlax.xyz/embed/ea94e6a1e23a03f2
❌ Embed URL kontrol hatası (https://vidlax.xyz/embed/ea94e6a1e23a03f2): 404 Client Error: Not Found for url: https://vidlax.xyz/embed/ea94e6a1e23a03f2

🔍 Vidlax direkt analizi: https://vidlax.xyz/embed/ea94e6a1e23a03f2
Vidlax analiz hatası: 404 Client Error: Not Found for url: https://vidlax.xyz/embed/ea94e6a1e23a03f2

🔍 Vidlax direkt analizi: https://diziyiizle2.com/mahsun-j-12/2-sezon-5-bolum/
📄 Sayfa içeriği alındı: 112437 karakter
❌ m3u8 URL'si bulunamadı
      ❌ m3u8 bulunamadı
   🔍 [14/20] Bölüm: https://diziyiizle2.com/mahsun-j-12/2-sezon-6-bolum/
📺 Embed URL bulundu: https://vidlax.xyz/embed/d0a5697eb42ffd73
🔍 Embed URL kontrol ediliyor: https://vidlax.xyz/embed/d0a5697eb42ffd73
❌ Embed URL kontrol hatası (https://vidlax.xyz/embed/d0a5697eb42ffd73): 404 Client Error: Not Found for url: https://vidlax.xyz/embed/d0a5697eb42ffd73

🔍 Vidlax direkt analizi: https://vidlax.xyz/embed/d0a5697eb42ffd73
Vidlax analiz hatası: 404 Client Error: Not Found for url: https://vidlax.xyz/embed/d0a5697eb42ffd73

🔍 Vidlax direkt analizi: https://diziyiizle2.com/mahsun-j-12/2-sezon-6-bolum/
📄 Sayfa içeriği alındı: 112332 karakter
❌ m3u8 URL'si bulunamadı
      ❌ m3u8 bulunamadı
   🔍 [15/20] Bölüm: https://diziyiizle2.com/mahsun-j-12/2-sezon-7-bolum/
📺 Embed URL bulundu: https://vidlax.xyz/embed/2144c9d1743ccace
🔍 Embed URL kontrol ediliyor: https://vidlax.xyz/embed/2144c9d1743ccace
❌ Embed URL kontrol hatası (https://vidlax.xyz/embed/2144c9d1743ccace): 404 Client Error: Not Found for url: https://vidlax.xyz/embed/2144c9d1743ccace

🔍 Vidlax direkt analizi: https://vidlax.xyz/embed/2144c9d1743ccace
Vidlax analiz hatası: 404 Client Error: Not Found for url: https://vidlax.xyz/embed/2144c9d1743ccace

🔍 Vidlax direkt analizi: https://diziyiizle2.com/mahsun-j-12/2-sezon-7-bolum/
📄 Sayfa içeriği alındı: 112330 karakter
❌ m3u8 URL'si bulunamadı
      ❌ m3u8 bulunamadı
   🔍 [16/20] Bölüm: https://diziyiizle2.com/mahsun-j-12/2-sezon-8-bolum/
📺 Embed URL bulundu: https://vidlax.xyz/embed/ea21e235b97b1fcc
🔍 Embed URL kontrol ediliyor: https://vidlax.xyz/embed/ea21e235b97b1fcc
❌ Embed URL kontrol hatası (https://vidlax.xyz/embed/ea21e235b97b1fcc): 404 Client Error: Not Found for url: https://vidlax.xyz/embed/ea21e235b97b1fcc

🔍 Vidlax direkt analizi: https://vidlax.xyz/embed/ea21e235b97b1fcc
Vidlax analiz hatası: 404 Client Error: Not Found for url: https://vidlax.xyz/embed/ea21e235b97b1fcc

🔍 Vidlax direkt analizi: https://diziyiizle2.com/mahsun-j-12/2-sezon-8-bolum/
📄 Sayfa içeriği alındı: 125170 karakter
❌ m3u8 URL'si bulunamadı
      ❌ m3u8 bulunamadı
   🔍 [17/20] Bölüm: https://diziyiizle2.com/mahsun-j-12/2-sezon-9-bolum/
📺 Embed URL bulundu: https://vidlax.xyz/embed/cc397d113f84bb67
🔍 Embed URL kontrol ediliyor: https://vidlax.xyz/embed/cc397d113f84bb67
❌ Embed URL kontrol hatası (https://vidlax.xyz/embed/cc397d113f84bb67): 404 Client Error: Not Found for url: https://vidlax.xyz/embed/cc397d113f84bb67

🔍 Vidlax direkt analizi: https://vidlax.xyz/embed/cc397d113f84bb67
Vidlax analiz hatası: 404 Client Error: Not Found for url: https://vidlax.xyz/embed/cc397d113f84bb67

🔍 Vidlax direkt analizi: https://diziyiizle2.com/mahsun-j-12/2-sezon-9-bolum/
📄 Sayfa içeriği alındı: 118279 karakter
❌ m3u8 URL'si bulunamadı
      ❌ m3u8 bulunamadı
   🔍 [18/20] Bölüm: https://diziyiizle2.com/mahsun-j-12/2-sezon-10-bolum/
📺 Embed URL bulundu: https://vidlax.xyz/embed/14de7ab8742ee64b
🔍 Embed URL kontrol ediliyor: https://vidlax.xyz/embed/14de7ab8742ee64b
❌ Embed URL kontrol hatası (https://vidlax.xyz/embed/14de7ab8742ee64b): 404 Client Error: Not Found for url: https://vidlax.xyz/embed/14de7ab8742ee64b

🔍 Vidlax direkt analizi: https://vidlax.xyz/embed/14de7ab8742ee64b
Vidlax analiz hatası: 404 Client Error: Not Found for url: https://vidlax.xyz/embed/14de7ab8742ee64b

🔍 Vidlax direkt analizi: https://diziyiizle2.com/mahsun-j-12/2-sezon-10-bolum/
📄 Sayfa içeriği alındı: 117816 karakter
❌ m3u8 URL'si bulunamadı
      ❌ m3u8 bulunamadı
   🔍 [19/20] Bölüm: https://diziyiizle2.com/mahsun-j-12/2-sezon-11-bolum/
📺 Embed URL bulundu: https://vidlax.xyz/embed/435c41138c45f672
🔍 Embed URL kontrol ediliyor: https://vidlax.xyz/embed/435c41138c45f672
❌ Embed URL kontrol hatası (https://vidlax.xyz/embed/435c41138c45f672): 404 Client Error: Not Found for url: https://vidlax.xyz/embed/435c41138c45f672

🔍 Vidlax direkt analizi: https://vidlax.xyz/embed/435c41138c45f672
Vidlax analiz hatası: 404 Client Error: Not Found for url: https://vidlax.xyz/embed/435c41138c45f672

🔍 Vidlax direkt analizi: https://diziyiizle2.com/mahsun-j-12/2-sezon-11-bolum/
📄 Sayfa içeriği alındı: 128583 karakter
❌ m3u8 URL'si bulunamadı
      ❌ m3u8 bulunamadı
   🔍 [20/20] Bölüm: https://diziyiizle2.com/mahsun-j-12/2-sezon-12-bolum/
📺 Embed URL bulundu: https://www.youtube.com/embed/f0xEeMszr4M
🔍 Embed URL kontrol ediliyor: https://www.youtube.com/embed/f0xEeMszr4M
📄 Embed sayfa içeriği alındı, boyut: 120982 karakter

🔍 Vidlax direkt analizi: https://www.youtube.com/embed/f0xEeMszr4M
📄 Sayfa içeriği alındı: 121588 karakter
❌ m3u8 URL'si bulunamadı

🔍 Vidlax direkt analizi: https://diziyiizle2.com/mahsun-j-12/2-sezon-12-bolum/
📄 Sayfa içeriği alındı: 111428 karakter
❌ m3u8 URL'si bulunamadı
      ❌ m3u8 bulunamadı
   ❌ Bu dizi için hiç m3u8 bulunamadı

============================================================
🎬 [28/56] İşleniyor: https://diziyiizle2.com/dizi/esref-ruya-9/
📺 Bölüm bulundu: 1. Sezon 1. BölümDual23.09.2025137 dk. - https://diziyiizle2.com/esref-ruya-9/1-sezon-1-bolum/
📺 Bölüm bulundu: 1. Sezon 2. BölümDual23.09.2025116 dk. - https://diziyiizle2.com/esref-ruya-9/1-sezon-2-bolum/
📺 Bölüm bulundu: 1. Sezon 3. BölümDual23.09.2025137 dk. - https://diziyiizle2.com/esref-ruya-9/1-sezon-3-bolum/
📺 Bölüm bulundu: 1. Sezon 4. BölümDual23.09.2025134 dk. - https://diziyiizle2.com/esref-ruya-9/1-sezon-4-bolum/
📺 Bölüm bulundu: 1. Sezon 5. BölümDual23.09.2025134 dk. - https://diziyiizle2.com/esref-ruya-9/1-sezon-5-bolum/
📺 Bölüm bulundu: 1. Sezon 6. BölümDual23.09.2025137 dk. - https://diziyiizle2.com/esref-ruya-9/1-sezon-6-bolum/
📺 Bölüm bulundu: 1. Sezon 7. BölümDual23.09.2025140 dk. - https://diziyiizle2.com/esref-ruya-9/1-sezon-7-bolum/
📺 Bölüm bulundu: 1. Sezon 8. BölümDual23.09.2025134 dk. - https://diziyiizle2.com/esref-ruya-9/1-sezon-8-bolum/
📺 Bölüm bulundu: 1. Sezon 9. BölümDual23.09.2025120 dk. - https://diziyiizle2.com/esref-ruya-9/1-sezon-9-bolum/
📺 Bölüm bulundu: 1. Sezon 10. BölümDual23.09.2025144 dk. - https://diziyiizle2.com/esref-ruya-9/1-sezon-10-bolum/
📺 Bölüm bulundu: 1. Sezon 11. BölümAltyazılı23.09.2025133 dk. - https://diziyiizle2.com/esref-ruya-9/1-sezon-11-bolum/
📺 Bölüm bulundu: 1. Sezon 12. BölümDual23.09.2025129 dk. - https://diziyiizle2.com/esref-ruya-9/1-sezon-12-bolum/
📺 Bölüm bulundu: 1. Sezon 13. BölümDual23.09.2025153 dk. - https://diziyiizle2.com/esref-ruya-9/1-sezon-13-bolum/
📺 Bölüm bulundu: 2. Sezon 1. BölümDual23.09.2025156 dk. - https://diziyiizle2.com/esref-ruya-9/2-sezon-1-bolum/
📺 Bölüm bulundu: 2. Sezon 2. BölümDual25.09.2025 - https://diziyiizle2.com/esref-ruya-9/2-sezon-2-bolum/
📺 Bölüm bulundu: 2. Sezon 3. BölümDual02.10.2025 - https://diziyiizle2.com/esref-ruya-9/2-sezon-3-bolum/
📺 Bölüm bulundu: 2. Sezon 4. BölümDual09.10.2025 - https://diziyiizle2.com/esref-ruya-9/2-sezon-4-bolum/
📺 Bölüm bulundu: 2. Sezon 5. BölümDual16.10.2025120 dk. - https://diziyiizle2.com/esref-ruya-9/2-sezon-5-bolum/
📺 Bölüm bulundu: 2. Sezon 6. BölümAltyazılı21.10.2025120 dk. - https://diziyiizle2.com/esref-ruya-9/2-sezon-6-bolum/

📊 Toplam 19 bölüm bulundu
   🔍 [1/19] Bölüm: https://diziyiizle2.com/esref-ruya-9/1-sezon-1-bolum/
📺 Embed URL bulundu: https://vidlax.xyz/embed/056a656cce56dbb0
🔍 Embed URL kontrol ediliyor: https://vidlax.xyz/embed/056a656cce56dbb0
❌ Embed URL kontrol hatası (https://vidlax.xyz/embed/056a656cce56dbb0): 404 Client Error: Not Found for url: https://vidlax.xyz/embed/056a656cce56dbb0

🔍 Vidlax direkt analizi: https://vidlax.xyz/embed/056a656cce56dbb0
Vidlax analiz hatası: 404 Client Error: Not Found for url: https://vidlax.xyz/embed/056a656cce56dbb0

🔍 Vidlax direkt analizi: https://diziyiizle2.com/esref-ruya-9/1-sezon-1-bolum/
📄 Sayfa içeriği alındı: 115913 karakter
❌ m3u8 URL'si bulunamadı
      ❌ m3u8 bulunamadı
   🔍 [2/19] Bölüm: https://diziyiizle2.com/esref-ruya-9/1-sezon-2-bolum/
📺 Embed URL bulundu: https://vidlax.xyz/embed/0f9775173955ad7c
🔍 Embed URL kontrol ediliyor: https://vidlax.xyz/embed/0f9775173955ad7c
❌ Embed URL kontrol hatası (https://vidlax.xyz/embed/0f9775173955ad7c): 404 Client Error: Not Found for url: https://vidlax.xyz/embed/0f9775173955ad7c

🔍 Vidlax direkt analizi: https://vidlax.xyz/embed/0f9775173955ad7c
Vidlax analiz hatası: 404 Client Error: Not Found for url: https://vidlax.xyz/embed/0f9775173955ad7c

🔍 Vidlax direkt analizi: https://diziyiizle2.com/esref-ruya-9/1-sezon-2-bolum/
📄 Sayfa içeriği alındı: 115768 karakter
❌ m3u8 URL'si bulunamadı
      ❌ m3u8 bulunamadı
   🔍 [3/19] Bölüm: https://diziyiizle2.com/esref-ruya-9/1-sezon-3-bolum/
📺 Embed URL bulundu: https://vidlax.xyz/embed/94d3f5465b6df675
🔍 Embed URL kontrol ediliyor: https://vidlax.xyz/embed/94d3f5465b6df675
❌ Embed URL kontrol hatası (https://vidlax.xyz/embed/94d3f5465b6df675): 404 Client Error: Not Found for url: https://vidlax.xyz/embed/94d3f5465b6df675

🔍 Vidlax direkt analizi: https://vidlax.xyz/embed/94d3f5465b6df675
Vidlax analiz hatası: 404 Client Error: Not Found for url: https://vidlax.xyz/embed/94d3f5465b6df675

🔍 Vidlax direkt analizi: https://diziyiizle2.com/esref-ruya-9/1-sezon-3-bolum/
📄 Sayfa içeriği alındı: 115899 karakter
❌ m3u8 URL'si bulunamadı
      ❌ m3u8 bulunamadı
   🔍 [4/19] Bölüm: https://diziyiizle2.com/esref-ruya-9/1-sezon-4-bolum/
📺 Embed URL bulundu: https://vidlax.xyz/embed/254eeffdd3037114
🔍 Embed URL kontrol ediliyor: https://vidlax.xyz/embed/254eeffdd3037114
❌ Embed URL kontrol hatası (https://vidlax.xyz/embed/254eeffdd3037114): 404 Client Error: Not Found for url: https://vidlax.xyz/embed/254eeffdd3037114

🔍 Vidlax direkt analizi: https://vidlax.xyz/embed/254eeffdd3037114
Vidlax analiz hatası: 404 Client Error: Not Found for url: https://vidlax.xyz/embed/254eeffdd3037114

🔍 Vidlax direkt analizi: https://diziyiizle2.com/esref-ruya-9/1-sezon-4-bolum/
📄 Sayfa içeriği alındı: 115898 karakter
❌ m3u8 URL'si bulunamadı
      ❌ m3u8 bulunamadı
   🔍 [5/19] Bölüm: https://diziyiizle2.com/esref-ruya-9/1-sezon-5-bolum/
📺 Embed URL bulundu: https://vidlax.xyz/embed/57f60093fff0ff2d
🔍 Embed URL kontrol ediliyor: https://vidlax.xyz/embed/57f60093fff0ff2d
❌ Embed URL kontrol hatası (https://vidlax.xyz/embed/57f60093fff0ff2d): 404 Client Error: Not Found for url: https://vidlax.xyz/embed/57f60093fff0ff2d

🔍 Vidlax direkt analizi: https://vidlax.xyz/embed/57f60093fff0ff2d
Vidlax analiz hatası: 404 Client Error: Not Found for url: https://vidlax.xyz/embed/57f60093fff0ff2d

🔍 Vidlax direkt analizi: https://diziyiizle2.com/esref-ruya-9/1-sezon-5-bolum/
📄 Sayfa içeriği alındı: 115899 karakter
❌ m3u8 URL'si bulunamadı
      ❌ m3u8 bulunamadı
   🔍 [6/19] Bölüm: https://diziyiizle2.com/esref-ruya-9/1-sezon-6-bolum/
📺 Embed URL bulundu: https://vidlax.xyz/embed/476d3a43ab259412
🔍 Embed URL kontrol ediliyor: https://vidlax.xyz/embed/476d3a43ab259412
❌ Embed URL kontrol hatası (https://vidlax.xyz/embed/476d3a43ab259412): 404 Client Error: Not Found for url: https://vidlax.xyz/embed/476d3a43ab259412

🔍 Vidlax direkt analizi: https://vidlax.xyz/embed/476d3a43ab259412
Vidlax analiz hatası: 404 Client Error: Not Found for url: https://vidlax.xyz/embed/476d3a43ab259412

🔍 Vidlax direkt analizi: https://diziyiizle2.com/esref-ruya-9/1-sezon-6-bolum/
📄 Sayfa içeriği alındı: 115899 karakter
❌ m3u8 URL'si bulunamadı
      ❌ m3u8 bulunamadı
   🔍 [7/19] Bölüm: https://diziyiizle2.com/esref-ruya-9/1-sezon-7-bolum/
📺 Embed URL bulundu: https://vidlax.xyz/embed/9c61544c7a534cdf
🔍 Embed URL kontrol ediliyor: https://vidlax.xyz/embed/9c61544c7a534cdf
❌ Embed URL kontrol hatası (https://vidlax.xyz/embed/9c61544c7a534cdf): 404 Client Error: Not Found for url: https://vidlax.xyz/embed/9c61544c7a534cdf

🔍 Vidlax direkt analizi: https://vidlax.xyz/embed/9c61544c7a534cdf
Vidlax analiz hatası: 404 Client Error: Not Found for url: https://vidlax.xyz/embed/9c61544c7a534cdf

🔍 Vidlax direkt analizi: https://diziyiizle2.com/esref-ruya-9/1-sezon-7-bolum/
📄 Sayfa içeriği alındı: 115899 karakter
❌ m3u8 URL'si bulunamadı
      ❌ m3u8 bulunamadı
   🔍 [8/19] Bölüm: https://diziyiizle2.com/esref-ruya-9/1-sezon-8-bolum/
📺 Embed URL bulundu: https://vidlax.xyz/embed/6d5e79283b3d415b
🔍 Embed URL kontrol ediliyor: https://vidlax.xyz/embed/6d5e79283b3d415b
❌ Embed URL kontrol hatası (https://vidlax.xyz/embed/6d5e79283b3d415b): 404 Client Error: Not Found for url: https://vidlax.xyz/embed/6d5e79283b3d415b

🔍 Vidlax direkt analizi: https://vidlax.xyz/embed/6d5e79283b3d415b
Vidlax analiz hatası: 404 Client Error: Not Found for url: https://vidlax.xyz/embed/6d5e79283b3d415b

🔍 Vidlax direkt analizi: https://diziyiizle2.com/esref-ruya-9/1-sezon-8-bolum/
📄 Sayfa içeriği alındı: 115899 karakter
❌ m3u8 URL'si bulunamadı
      ❌ m3u8 bulunamadı
   🔍 [9/19] Bölüm: https://diziyiizle2.com/esref-ruya-9/1-sezon-9-bolum/
📺 Embed URL bulundu: https://vidlax.xyz/embed/65627e0d7ec79950
🔍 Embed URL kontrol ediliyor: https://vidlax.xyz/embed/65627e0d7ec79950
❌ Embed URL kontrol hatası (https://vidlax.xyz/embed/65627e0d7ec79950): 404 Client Error: Not Found for url: https://vidlax.xyz/embed/65627e0d7ec79950

🔍 Vidlax direkt analizi: https://vidlax.xyz/embed/65627e0d7ec79950
Vidlax analiz hatası: 404 Client Error: Not Found for url: https://vidlax.xyz/embed/65627e0d7ec79950

🔍 Vidlax direkt analizi: https://diziyiizle2.com/esref-ruya-9/1-sezon-9-bolum/
📄 Sayfa içeriği alındı: 115899 karakter
❌ m3u8 URL'si bulunamadı
      ❌ m3u8 bulunamadı
   🔍 [10/19] Bölüm: https://diziyiizle2.com/esref-ruya-9/1-sezon-10-bolum/
📺 Embed URL bulundu: https://vidlax.xyz/embed/af8b440a0fe53dd9
🔍 Embed URL kontrol ediliyor: https://vidlax.xyz/embed/af8b440a0fe53dd9
❌ Embed URL kontrol hatası (https://vidlax.xyz/embed/af8b440a0fe53dd9): 404 Client Error: Not Found for url: https://vidlax.xyz/embed/af8b440a0fe53dd9

🔍 Vidlax direkt analizi: https://vidlax.xyz/embed/af8b440a0fe53dd9
Vidlax analiz hatası: 404 Client Error: Not Found for url: https://vidlax.xyz/embed/af8b440a0fe53dd9

🔍 Vidlax direkt analizi: https://diziyiizle2.com/esref-ruya-9/1-sezon-10-bolum/
📄 Sayfa içeriği alındı: 115917 karakter
❌ m3u8 URL'si bulunamadı
      ❌ m3u8 bulunamadı
   🔍 [11/19] Bölüm: https://diziyiizle2.com/esref-ruya-9/1-sezon-11-bolum/

🔍 Vidlax direkt analizi: https://diziyiizle2.com/esref-ruya-9/1-sezon-11-bolum/
📄 Sayfa içeriği alındı: 115873 karakter
❌ m3u8 URL'si bulunamadı
      ❌ m3u8 bulunamadı
   🔍 [12/19] Bölüm: https://diziyiizle2.com/esref-ruya-9/1-sezon-12-bolum/
📺 Embed URL bulundu: https://vidlax.xyz/embed/7908ac5aa11f9194
🔍 Embed URL kontrol ediliyor: https://vidlax.xyz/embed/7908ac5aa11f9194
❌ Embed URL kontrol hatası (https://vidlax.xyz/embed/7908ac5aa11f9194): 404 Client Error: Not Found for url: https://vidlax.xyz/embed/7908ac5aa11f9194

🔍 Vidlax direkt analizi: https://vidlax.xyz/embed/7908ac5aa11f9194
Vidlax analiz hatası: 404 Client Error: Not Found for url: https://vidlax.xyz/embed/7908ac5aa11f9194

🔍 Vidlax direkt analizi: https://diziyiizle2.com/esref-ruya-9/1-sezon-12-bolum/
📄 Sayfa içeriği alındı: 115918 karakter
❌ m3u8 URL'si bulunamadı
      ❌ m3u8 bulunamadı
   🔍 [13/19] Bölüm: https://diziyiizle2.com/esref-ruya-9/1-sezon-13-bolum/
📺 Embed URL bulundu: https://vidlax.xyz/embed/765f65b24fea8ecc
🔍 Embed URL kontrol ediliyor: https://vidlax.xyz/embed/765f65b24fea8ecc
❌ Embed URL kontrol hatası (https://vidlax.xyz/embed/765f65b24fea8ecc): 404 Client Error: Not Found for url: https://vidlax.xyz/embed/765f65b24fea8ecc

🔍 Vidlax direkt analizi: https://vidlax.xyz/embed/765f65b24fea8ecc
Vidlax analiz hatası: 404 Client Error: Not Found for url: https://vidlax.xyz/embed/765f65b24fea8ecc

🔍 Vidlax direkt analizi: https://diziyiizle2.com/esref-ruya-9/1-sezon-13-bolum/
📄 Sayfa içeriği alındı: 115917 karakter
❌ m3u8 URL'si bulunamadı
      ❌ m3u8 bulunamadı
   🔍 [14/19] Bölüm: https://diziyiizle2.com/esref-ruya-9/2-sezon-1-bolum/
📺 Embed URL bulundu: https://vidlax.xyz/embed/a0e6430e61731284
🔍 Embed URL kontrol ediliyor: https://vidlax.xyz/embed/a0e6430e61731284
❌ Embed URL kontrol hatası (https://vidlax.xyz/embed/a0e6430e61731284): 404 Client Error: Not Found for url: https://vidlax.xyz/embed/a0e6430e61731284

🔍 Vidlax direkt analizi: https://vidlax.xyz/embed/a0e6430e61731284
Vidlax analiz hatası: 404 Client Error: Not Found for url: https://vidlax.xyz/embed/a0e6430e61731284

🔍 Vidlax direkt analizi: https://diziyiizle2.com/esref-ruya-9/2-sezon-1-bolum/
📄 Sayfa içeriği alındı: 122743 karakter
❌ m3u8 URL'si bulunamadı
      ❌ m3u8 bulunamadı
   🔍 [15/19] Bölüm: https://diziyiizle2.com/esref-ruya-9/2-sezon-2-bolum/
📺 Embed URL bulundu: https://vidlax.xyz/embed/27db9066dc161600
🔍 Embed URL kontrol ediliyor: https://vidlax.xyz/embed/27db9066dc161600
❌ Embed URL kontrol hatası (https://vidlax.xyz/embed/27db9066dc161600): 404 Client Error: Not Found for url: https://vidlax.xyz/embed/27db9066dc161600

🔍 Vidlax direkt analizi: https://vidlax.xyz/embed/27db9066dc161600
Vidlax analiz hatası: 404 Client Error: Not Found for url: https://vidlax.xyz/embed/27db9066dc161600

🔍 Vidlax direkt analizi: https://diziyiizle2.com/esref-ruya-9/2-sezon-2-bolum/
📄 Sayfa içeriği alındı: 115117 karakter
❌ m3u8 URL'si bulunamadı
      ❌ m3u8 bulunamadı
   🔍 [16/19] Bölüm: https://diziyiizle2.com/esref-ruya-9/2-sezon-3-bolum/
📺 Embed URL bulundu: https://vidlax.xyz/embed/2d83a1e68e6c7f40
🔍 Embed URL kontrol ediliyor: https://vidlax.xyz/embed/2d83a1e68e6c7f40
❌ Embed URL kontrol hatası (https://vidlax.xyz/embed/2d83a1e68e6c7f40): 404 Client Error: Not Found for url: https://vidlax.xyz/embed/2d83a1e68e6c7f40

🔍 Vidlax direkt analizi: https://vidlax.xyz/embed/2d83a1e68e6c7f40
Vidlax analiz hatası: 404 Client Error: Not Found for url: https://vidlax.xyz/embed/2d83a1e68e6c7f40

🔍 Vidlax direkt analizi: https://diziyiizle2.com/esref-ruya-9/2-sezon-3-bolum/
📄 Sayfa içeriği alındı: 115116 karakter
❌ m3u8 URL'si bulunamadı
      ❌ m3u8 bulunamadı
   🔍 [17/19] Bölüm: https://diziyiizle2.com/esref-ruya-9/2-sezon-4-bolum/
📺 Embed URL bulundu: https://vidlax.xyz/embed/f6f87e5d58b66211
🔍 Embed URL kontrol ediliyor: https://vidlax.xyz/embed/f6f87e5d58b66211
❌ Embed URL kontrol hatası (https://vidlax.xyz/embed/f6f87e5d58b66211): 404 Client Error: Not Found for url: https://vidlax.xyz/embed/f6f87e5d58b66211

🔍 Vidlax direkt analizi: https://vidlax.xyz/embed/f6f87e5d58b66211
Vidlax analiz hatası: 404 Client Error: Not Found for url: https://vidlax.xyz/embed/f6f87e5d58b66211

🔍 Vidlax direkt analizi: https://diziyiizle2.com/esref-ruya-9/2-sezon-4-bolum/
📄 Sayfa içeriği alındı: 123241 karakter
❌ m3u8 URL'si bulunamadı
      ❌ m3u8 bulunamadı
   🔍 [18/19] Bölüm: https://diziyiizle2.com/esref-ruya-9/2-sezon-5-bolum/
📺 Embed URL bulundu: https://vidlax.xyz/embed/9fbca2ebc62f6900
🔍 Embed URL kontrol ediliyor: https://vidlax.xyz/embed/9fbca2ebc62f6900
❌ Embed URL kontrol hatası (https://vidlax.xyz/embed/9fbca2ebc62f6900): 404 Client Error: Not Found for url: https://vidlax.xyz/embed/9fbca2ebc62f6900

🔍 Vidlax direkt analizi: https://vidlax.xyz/embed/9fbca2ebc62f6900
Vidlax analiz hatası: 404 Client Error: Not Found for url: https://vidlax.xyz/embed/9fbca2ebc62f6900

🔍 Vidlax direkt analizi: https://diziyiizle2.com/esref-ruya-9/2-sezon-5-bolum/
📄 Sayfa içeriği alındı: 123410 karakter
❌ m3u8 URL'si bulunamadı
      ❌ m3u8 bulunamadı
   🔍 [19/19] Bölüm: https://diziyiizle2.com/esref-ruya-9/2-sezon-6-bolum/
📺 Embed URL bulundu: https://www.youtube.com/embed/hDvRv11JN14
🔍 Embed URL kontrol ediliyor: https://www.youtube.com/embed/hDvRv11JN14
📄 Embed sayfa içeriği alındı, boyut: 121821 karakter

🔍 Vidlax direkt analizi: https://www.youtube.com/embed/hDvRv11JN14
📄 Sayfa içeriği alındı: 122345 karakter
❌ m3u8 URL'si bulunamadı

🔍 Vidlax direkt analizi: https://diziyiizle2.com/esref-ruya-9/2-sezon-6-bolum/
📄 Sayfa içeriği alındı: 115480 karakter
❌ m3u8 URL'si bulunamadı
      ❌ m3u8 bulunamadı
   ❌ Bu dizi için hiç m3u8 bulunamadı

============================================================
🎬 [29/56] İşleniyor: https://diziyiizle2.com/dizi/gibi/
📺 Bölüm bulundu: 1. Sezon 1. BölümDual12.08.202527 dk. - https://diziyiizle2.com/gibi/1-sezon-1-bolum/
📺 Bölüm bulundu: 1. Sezon 2. BölümDual12.08.202528 dk. - https://diziyiizle2.com/gibi/1-sezon-2-bolum/
📺 Bölüm bulundu: 1. Sezon 3. BölümDublaj12.08.202530 dk. - https://diziyiizle2.com/gibi/1-sezon-3-bolum/
📺 Bölüm bulundu: 1. Sezon 4. BölümDual12.08.202541 dk. - https://diziyiizle2.com/gibi/1-sezon-4-bolum/
📺 Bölüm bulundu: 1. Sezon 5. BölümDual12.08.202538 dk. - https://diziyiizle2.com/gibi/1-sezon-5-bolum/
📺 Bölüm bulundu: 1. Sezon 6. BölümDual12.08.202530 dk. - https://diziyiizle2.com/gibi/1-sezon-6-bolum/
📺 Bölüm bulundu: 1. Sezon 7. BölümDual12.08.202542 dk. - https://diziyiizle2.com/gibi/1-sezon-7-bolum/
📺 Bölüm bulundu: 1. Sezon 8. BölümDual12.08.202530 dk. - https://diziyiizle2.com/gibi/1-sezon-8-bolum/
📺 Bölüm bulundu: 1. Sezon 9. BölümDual12.08.202538 dk. - https://diziyiizle2.com/gibi/1-sezon-9-bolum/
📺 Bölüm bulundu: 1. Sezon 10. BölümDual12.08.202535 dk. - https://diziyiizle2.com/gibi/1-sezon-10-bolum/
📺 Bölüm bulundu: 1. Sezon 11. BölümDual12.08.202531 dk. - https://diziyiizle2.com/gibi/1-sezon-11-bolum/
📺 Bölüm bulundu: 1. Sezon 12. BölümDual12.08.202534 dk. - https://diziyiizle2.com/gibi/1-sezon-12-bolum/
📺 Bölüm bulundu: 2. Sezon 1. BölümDual12.08.202546 dk. - https://diziyiizle2.com/gibi/2-sezon-1-bolum/
📺 Bölüm bulundu: 2. Sezon 2. BölümDual12.08.202540 dk. - https://diziyiizle2.com/gibi/2-sezon-2-bolum/
📺 Bölüm bulundu: 2. Sezon 3. BölümDual12.08.202547 dk. - https://diziyiizle2.com/gibi/2-sezon-3-bolum/
📺 Bölüm bulundu: 2. Sezon 4. BölümDual12.08.202554 dk. - https://diziyiizle2.com/gibi/2-sezon-4-bolum/
📺 Bölüm bulundu: 2. Sezon 5. BölümDual12.08.202540 dk. - https://diziyiizle2.com/gibi/2-sezon-5-bolum/
📺 Bölüm bulundu: 2. Sezon 6. BölümDual12.08.202542 dk. - https://diziyiizle2.com/gibi/2-sezon-6-bolum/
📺 Bölüm bulundu: 2. Sezon 7. BölümDual12.08.202543 dk. - https://diziyiizle2.com/gibi/2-sezon-7-bolum/
📺 Bölüm bulundu: 2. Sezon 8. BölümDual12.08.202534 dk. - https://diziyiizle2.com/gibi/2-sezon-8-bolum/
📺 Bölüm bulundu: 2. Sezon 9. BölümDual12.08.202536 dk. - https://diziyiizle2.com/gibi/2-sezon-9-bolum/
📺 Bölüm bulundu: 2. Sezon 10. BölümDual12.08.202548 dk. - https://diziyiizle2.com/gibi/2-sezon-10-bolum/
📺 Bölüm bulundu: 3. Sezon 1. BölümDual12.08.202561 dk. - https://diziyiizle2.com/gibi/3-sezon-1-bolum/
📺 Bölüm bulundu: 3. Sezon 2. BölümDual12.08.202555 dk. - https://diziyiizle2.com/gibi/3-sezon-2-bolum/
📺 Bölüm bulundu: 3. Sezon 3. BölümDual12.08.202543 dk. - https://diziyiizle2.com/gibi/3-sezon-3-bolum/
📺 Bölüm bulundu: 3. Sezon 4. BölümDual12.08.202551 dk. - https://diziyiizle2.com/gibi/3-sezon-4-bolum/
📺 Bölüm bulundu: 3. Sezon 5. BölümDual12.08.202545 dk. - https://diziyiizle2.com/gibi/3-sezon-5-bolum/
📺 Bölüm bulundu: 3. Sezon 6. BölümDual12.08.202553 dk. - https://diziyiizle2.com/gibi/3-sezon-6-bolum/
📺 Bölüm bulundu: 3. Sezon 7. BölümDual12.08.202541 dk. - https://diziyiizle2.com/gibi/3-sezon-7-bolum/
📺 Bölüm bulundu: 3. Sezon 8. BölümDual12.08.202545 dk. - https://diziyiizle2.com/gibi/3-sezon-8-bolum/
📺 Bölüm bulundu: 3. Sezon 9. BölümDual12.08.202541 dk. - https://diziyiizle2.com/gibi/3-sezon-9-bolum/
📺 Bölüm bulundu: 3. Sezon 10. BölümDual12.08.202535 dk. - https://diziyiizle2.com/gibi/3-sezon-10-bolum/
📺 Bölüm bulundu: 4. Sezon 1. BölümDual12.08.202548 dk. - https://diziyiizle2.com/gibi/4-sezon-1-bolum/
📺 Bölüm bulundu: 4. Sezon 2. BölümDual12.08.202543 dk. - https://diziyiizle2.com/gibi/4-sezon-2-bolum/
📺 Bölüm bulundu: 4. Sezon 3. BölümDual12.08.202553 dk. - https://diziyiizle2.com/gibi/4-sezon-3-bolum/
📺 Bölüm bulundu: 4. Sezon 4. BölümDual12.08.202554 dk. - https://diziyiizle2.com/gibi/4-sezon-4-bolum/
📺 Bölüm bulundu: 4. Sezon 5. BölümDual12.08.202547 dk. - https://diziyiizle2.com/gibi/4-sezon-5-bolum/
📺 Bölüm bulundu: 4. Sezon 6. BölümDual12.08.202546 dk. - https://diziyiizle2.com/gibi/4-sezon-6-bolum/
📺 Bölüm bulundu: 4. Sezon 7. BölümDual12.08.202541 dk. - https://diziyiizle2.com/gibi/4-sezon-7-bolum/
📺 Bölüm bulundu: 4. Sezon 8. BölümDual12.08.202541 dk. - https://diziyiizle2.com/gibi/4-sezon-8-bolum/
📺 Bölüm bulundu: 4. Sezon 9. BölümDual12.08.202531 dk. - https://diziyiizle2.com/gibi/4-sezon-9-bolum/
📺 Bölüm bulundu: 4. Sezon 10. BölümDual12.08.202556 dk. - https://diziyiizle2.com/gibi/4-sezon-10-bolum/
📺 Bölüm bulundu: 5. Sezon 1. BölümDual12.08.202540 dk. - https://diziyiizle2.com/gibi/5-sezon-1-bolum/
📺 Bölüm bulundu: 5. Sezon 2. BölümDual12.08.202546 dk. - https://diziyiizle2.com/gibi/5-sezon-2-bolum/
📺 Bölüm bulundu: 5. Sezon 3. BölümDual12.08.202541 dk. - https://diziyiizle2.com/gibi/5-sezon-3-bolum/
📺 Bölüm bulundu: 5. Sezon 4. BölümDual12.08.202543 dk. - https://diziyiizle2.com/gibi/5-sezon-4-bolum/
📺 Bölüm bulundu: 5. Sezon 5. BölümDual12.08.202554 dk. - https://diziyiizle2.com/gibi/5-sezon-5-bolum/
📺 Bölüm bulundu: 5. Sezon 6. BölümDual12.08.202545 dk. - https://diziyiizle2.com/gibi/5-sezon-6-bolum/
📺 Bölüm bulundu: 5. Sezon 7. BölümDual12.08.202536 dk. - https://diziyiizle2.com/gibi/5-sezon-7-bolum/
📺 Bölüm bulundu: 5. Sezon 8. BölümDual12.08.202543 dk. - https://diziyiizle2.com/gibi/5-sezon-8-bolum/
📺 Bölüm bulundu: 5. Sezon 9. BölümDual12.08.202546 dk. - https://diziyiizle2.com/gibi/5-sezon-9-bolum/
📺 Bölüm bulundu: 5. Sezon 10. BölümDual12.08.202540 dk. - https://diziyiizle2.com/gibi/5-sezon-10-bolum/
📺 Bölüm bulundu: 5. Sezon 11. BölümDual12.08.202536 dk. - https://diziyiizle2.com/gibi/5-sezon-11-bolum/
📺 Bölüm bulundu: 5. Sezon 12. BölümDual12.08.202546 dk. - https://diziyiizle2.com/gibi/5-sezon-12-bolum/
📺 Bölüm bulundu: 5. Sezon 13. BölümDual12.08.202551 dk. - https://diziyiizle2.com/gibi/5-sezon-13-bolum/
📺 Bölüm bulundu: 6. Sezon 1. BölümDual12.08.202552 dk. - https://diziyiizle2.com/gibi/6-sezon-1-bolum/
📺 Bölüm bulundu: 6. Sezon 2. BölümDual12.08.202546 dk. - https://diziyiizle2.com/gibi/6-sezon-2-bolum/
📺 Bölüm bulundu: 6. Sezon 3. BölümDual12.08.202550 dk. - https://diziyiizle2.com/gibi/6-sezon-3-bolum/
📺 Bölüm bulundu: 6. Sezon 4. BölümDual12.08.202546 dk. - https://diziyiizle2.com/gibi/6-sezon-4-bolum/
📺 Bölüm bulundu: 6. Sezon 5. BölümDual12.08.202553 dk. - https://diziyiizle2.com/gibi/6-sezon-5-bolum/
📺 Bölüm bulundu: 6. Sezon 6. BölümDual12.08.202553 dk. - https://diziyiizle2.com/gibi/6-sezon-6-bolum/
📺 Bölüm bulundu: 6. Sezon 7. BölümDual12.08.202550 dk. - https://diziyiizle2.com/gibi/6-sezon-7-bolum/
📺 Bölüm bulundu: 6. Sezon 8. BölümDual12.08.202560 dk. - https://diziyiizle2.com/gibi/6-sezon-8-bolum/
📺 Bölüm bulundu: 6. Sezon 9. BölümDual12.08.202563 dk. - https://diziyiizle2.com/gibi/6-sezon-9-bolum/
📺 Bölüm bulundu: 6. Sezon 10. BölümDual12.08.202554 dk. - https://diziyiizle2.com/gibi/6-sezon-10-bolum/
📺 Bölüm bulundu: 6. Sezon 11. BölümDual12.08.202547 dk. - https://diziyiizle2.com/gibi/6-sezon-11-bolum/
📺 Bölüm bulundu: 6. Sezon 12. BölümDual12.08.202557 dk. - https://diziyiizle2.com/gibi/6-sezon-12-bolum/
📺 Bölüm bulundu: 6. Sezon 13. BölümDual12.08.202565 dk. - https://diziyiizle2.com/gibi/6-sezon-13-bolum/

📊 Toplam 68 bölüm bulundu
   🔍 [1/68] Bölüm: https://diziyiizle2.com/gibi/1-sezon-1-bolum/
📺 Embed URL bulundu: https://vidlax.xyz/embed/90a2681d2278fdf1
🔍 Embed URL kontrol ediliyor: https://vidlax.xyz/embed/90a2681d2278fdf1
❌ Embed URL kontrol hatası (https://vidlax.xyz/embed/90a2681d2278fdf1): 404 Client Error: Not Found for url: https://vidlax.xyz/embed/90a2681d2278fdf1

🔍 Vidlax direkt analizi: https://vidlax.xyz/embed/90a2681d2278fdf1
Vidlax analiz hatası: 404 Client Error: Not Found for url: https://vidlax.xyz/embed/90a2681d2278fdf1

🔍 Vidlax direkt analizi: https://diziyiizle2.com/gibi/1-sezon-1-bolum/
📄 Sayfa içeriği alındı: 176223 karakter
❌ m3u8 URL'si bulunamadı
      ❌ m3u8 bulunamadı
   🔍 [2/68] Bölüm: https://diziyiizle2.com/gibi/1-sezon-2-bolum/
📺 Embed URL bulundu: https://vidlax.xyz/embed/4e075322d5ef47cc
🔍 Embed URL kontrol ediliyor: https://vidlax.xyz/embed/4e075322d5ef47cc
❌ Embed URL kontrol hatası (https://vidlax.xyz/embed/4e075322d5ef47cc): 404 Client Error: Not Found for url: https://vidlax.xyz/embed/4e075322d5ef47cc

🔍 Vidlax direkt analizi: https://vidlax.xyz/embed/4e075322d5ef47cc
Vidlax analiz hatası: 404 Client Error: Not Found for url: https://vidlax.xyz/embed/4e075322d5ef47cc

🔍 Vidlax direkt analizi: https://diziyiizle2.com/gibi/1-sezon-2-bolum/
📄 Sayfa içeriği alındı: 176236 karakter
❌ m3u8 URL'si bulunamadı
      ❌ m3u8 bulunamadı
   🔍 [3/68] Bölüm: https://diziyiizle2.com/gibi/1-sezon-3-bolum/
📺 Embed URL bulundu: https://vidlax.xyz/embed/c2f2c09068692f3b
🔍 Embed URL kontrol ediliyor: https://vidlax.xyz/embed/c2f2c09068692f3b
❌ Embed URL kontrol hatası (https://vidlax.xyz/embed/c2f2c09068692f3b): 404 Client Error: Not Found for url: https://vidlax.xyz/embed/c2f2c09068692f3b

🔍 Vidlax direkt analizi: https://vidlax.xyz/embed/c2f2c09068692f3b
Vidlax analiz hatası: 404 Client Error: Not Found for url: https://vidlax.xyz/embed/c2f2c09068692f3b

🔍 Vidlax direkt analizi: https://diziyiizle2.com/gibi/1-sezon-3-bolum/
📄 Sayfa içeriği alındı: 176195 karakter
❌ m3u8 URL'si bulunamadı
      ❌ m3u8 bulunamadı
   🔍 [4/68] Bölüm: https://diziyiizle2.com/gibi/1-sezon-4-bolum/
📺 Embed URL bulundu: https://vidlax.xyz/embed/865b9144fd3bad4d
🔍 Embed URL kontrol ediliyor: https://vidlax.xyz/embed/865b9144fd3bad4d
❌ Embed URL kontrol hatası (https://vidlax.xyz/embed/865b9144fd3bad4d): 404 Client Error: Not Found for url: https://vidlax.xyz/embed/865b9144fd3bad4d

🔍 Vidlax direkt analizi: https://vidlax.xyz/embed/865b9144fd3bad4d
Vidlax analiz hatası: 404 Client Error: Not Found for url: https://vidlax.xyz/embed/865b9144fd3bad4d

🔍 Vidlax direkt analizi: https://diziyiizle2.com/gibi/1-sezon-4-bolum/
📄 Sayfa içeriği alındı: 176034 karakter
❌ m3u8 URL'si bulunamadı
      ❌ m3u8 bulunamadı
   🔍 [5/68] Bölüm: https://diziyiizle2.com/gibi/1-sezon-5-bolum/
📺 Embed URL bulundu: https://vidlax.xyz/embed/c31aed902dbff06a
🔍 Embed URL kontrol ediliyor: https://vidlax.xyz/embed/c31aed902dbff06a
❌ Embed URL kontrol hatası (https://vidlax.xyz/embed/c31aed902dbff06a): 404 Client Error: Not Found for url: https://vidlax.xyz/embed/c31aed902dbff06a

🔍 Vidlax direkt analizi: https://vidlax.xyz/embed/c31aed902dbff06a
Vidlax analiz hatası: 404 Client Error: Not Found for url: https://vidlax.xyz/embed/c31aed902dbff06a

🔍 Vidlax direkt analizi: https://diziyiizle2.com/gibi/1-sezon-5-bolum/
📄 Sayfa içeriği alındı: 175962 karakter
❌ m3u8 URL'si bulunamadı
      ❌ m3u8 bulunamadı
   🔍 [6/68] Bölüm: https://diziyiizle2.com/gibi/1-sezon-6-bolum/
📺 Embed URL bulundu: https://vidlax.xyz/embed/afa8b399b3a1e6e6
🔍 Embed URL kontrol ediliyor: https://vidlax.xyz/embed/afa8b399b3a1e6e6
❌ Embed URL kontrol hatası (https://vidlax.xyz/embed/afa8b399b3a1e6e6): 404 Client Error: Not Found for url: https://vidlax.xyz/embed/afa8b399b3a1e6e6

🔍 Vidlax direkt analizi: https://vidlax.xyz/embed/afa8b399b3a1e6e6
Vidlax analiz hatası: 404 Client Error: Not Found for url: https://vidlax.xyz/embed/afa8b399b3a1e6e6

🔍 Vidlax direkt analizi: https://diziyiizle2.com/gibi/1-sezon-6-bolum/
📄 Sayfa içeriği alındı: 175994 karakter
❌ m3u8 URL'si bulunamadı
      ❌ m3u8 bulunamadı
   🔍 [7/68] Bölüm: https://diziyiizle2.com/gibi/1-sezon-7-bolum/
📺 Embed URL bulundu: https://vidlax.xyz/embed/35e67334014730af
🔍 Embed URL kontrol ediliyor: https://vidlax.xyz/embed/35e67334014730af
❌ Embed URL kontrol hatası (https://vidlax.xyz/embed/35e67334014730af): 404 Client Error: Not Found for url: https://vidlax.xyz/embed/35e67334014730af

🔍 Vidlax direkt analizi: https://vidlax.xyz/embed/35e67334014730af
Vidlax analiz hatası: 404 Client Error: Not Found for url: https://vidlax.xyz/embed/35e67334014730af

🔍 Vidlax direkt analizi: https://diziyiizle2.com/gibi/1-sezon-7-bolum/
📄 Sayfa içeriği alındı: 176062 karakter
❌ m3u8 URL'si bulunamadı
      ❌ m3u8 bulunamadı
   🔍 [8/68] Bölüm: https://diziyiizle2.com/gibi/1-sezon-8-bolum/
📺 Embed URL bulundu: https://vidlax.xyz/embed/e724ef40e2b0b452
🔍 Embed URL kontrol ediliyor: https://vidlax.xyz/embed/e724ef40e2b0b452
❌ Embed URL kontrol hatası (https://vidlax.xyz/embed/e724ef40e2b0b452): 404 Client Error: Not Found for url: https://vidlax.xyz/embed/e724ef40e2b0b452

🔍 Vidlax direkt analizi: https://vidlax.xyz/embed/e724ef40e2b0b452
Vidlax analiz hatası: 404 Client Error: Not Found for url: https://vidlax.xyz/embed/e724ef40e2b0b452

🔍 Vidlax direkt analizi: https://diziyiizle2.com/gibi/1-sezon-8-bolum/
📄 Sayfa içeriği alındı: 175870 karakter
❌ m3u8 URL'si bulunamadı
      ❌ m3u8 bulunamadı
   🔍 [9/68] Bölüm: https://diziyiizle2.com/gibi/1-sezon-9-bolum/
📺 Embed URL bulundu: https://vidlax.xyz/embed/0e00572d24b29f58
🔍 Embed URL kontrol ediliyor: https://vidlax.xyz/embed/0e00572d24b29f58
❌ Embed URL kontrol hatası (https://vidlax.xyz/embed/0e00572d24b29f58): 404 Client Error: Not Found for url: https://vidlax.xyz/embed/0e00572d24b29f58

🔍 Vidlax direkt analizi: https://vidlax.xyz/embed/0e00572d24b29f58
Vidlax analiz hatası: 404 Client Error: Not Found for url: https://vidlax.xyz/embed/0e00572d24b29f58

🔍 Vidlax direkt analizi: https://diziyiizle2.com/gibi/1-sezon-9-bolum/
📄 Sayfa içeriği alındı: 175965 karakter
❌ m3u8 URL'si bulunamadı
      ❌ m3u8 bulunamadı
   🔍 [10/68] Bölüm: https://diziyiizle2.com/gibi/1-sezon-10-bolum/
📺 Embed URL bulundu: https://vidlax.xyz/embed/d61f4e168bf21cde
🔍 Embed URL kontrol ediliyor: https://vidlax.xyz/embed/d61f4e168bf21cde
❌ Embed URL kontrol hatası (https://vidlax.xyz/embed/d61f4e168bf21cde): 404 Client Error: Not Found for url: https://vidlax.xyz/embed/d61f4e168bf21cde

🔍 Vidlax direkt analizi: https://vidlax.xyz/embed/d61f4e168bf21cde
Vidlax analiz hatası: 404 Client Error: Not Found for url: https://vidlax.xyz/embed/d61f4e168bf21cde

🔍 Vidlax direkt analizi: https://diziyiizle2.com/gibi/1-sezon-10-bolum/
📄 Sayfa içeriği alındı: 175868 karakter
❌ m3u8 URL'si bulunamadı
      ❌ m3u8 bulunamadı
   🔍 [11/68] Bölüm: https://diziyiizle2.com/gibi/1-sezon-11-bolum/
📺 Embed URL bulundu: https://vidlax.xyz/embed/d055fd5136719204
🔍 Embed URL kontrol ediliyor: https://vidlax.xyz/embed/d055fd5136719204
❌ Embed URL kontrol hatası (https://vidlax.xyz/embed/d055fd5136719204): 404 Client Error: Not Found for url: https://vidlax.xyz/embed/d055fd5136719204

🔍 Vidlax direkt analizi: https://vidlax.xyz/embed/d055fd5136719204
Vidlax analiz hatası: 404 Client Error: Not Found for url: https://vidlax.xyz/embed/d055fd5136719204

🔍 Vidlax direkt analizi: https://diziyiizle2.com/gibi/1-sezon-11-bolum/
📄 Sayfa içeriği alındı: 175833 karakter
❌ m3u8 URL'si bulunamadı
      ❌ m3u8 bulunamadı
   🔍 [12/68] Bölüm: https://diziyiizle2.com/gibi/1-sezon-12-bolum/
📺 Embed URL bulundu: https://vidlax.xyz/embed/c8ab47b0491b9c86
🔍 Embed URL kontrol ediliyor: https://vidlax.xyz/embed/c8ab47b0491b9c86
❌ Embed URL kontrol hatası (https://vidlax.xyz/embed/c8ab47b0491b9c86): 404 Client Error: Not Found for url: https://vidlax.xyz/embed/c8ab47b0491b9c86

🔍 Vidlax direkt analizi: https://vidlax.xyz/embed/c8ab47b0491b9c86
Vidlax analiz hatası: 404 Client Error: Not Found for url: https://vidlax.xyz/embed/c8ab47b0491b9c86

🔍 Vidlax direkt analizi: https://diziyiizle2.com/gibi/1-sezon-12-bolum/
📄 Sayfa içeriği alındı: 175931 karakter
❌ m3u8 URL'si bulunamadı
      ❌ m3u8 bulunamadı
   🔍 [13/68] Bölüm: https://diziyiizle2.com/gibi/2-sezon-1-bolum/
📺 Embed URL bulundu: https://vidlax.xyz/embed/b59f7af78be03e36
🔍 Embed URL kontrol ediliyor: https://vidlax.xyz/embed/b59f7af78be03e36
❌ Embed URL kontrol hatası (https://vidlax.xyz/embed/b59f7af78be03e36): 404 Client Error: Not Found for url: https://vidlax.xyz/embed/b59f7af78be03e36

🔍 Vidlax direkt analizi: https://vidlax.xyz/embed/b59f7af78be03e36
Vidlax analiz hatası: 404 Client Error: Not Found for url: https://vidlax.xyz/embed/b59f7af78be03e36

🔍 Vidlax direkt analizi: https://diziyiizle2.com/gibi/2-sezon-1-bolum/
📄 Sayfa içeriği alındı: 175910 karakter
❌ m3u8 URL'si bulunamadı
      ❌ m3u8 bulunamadı
   🔍 [14/68] Bölüm: https://diziyiizle2.com/gibi/2-sezon-2-bolum/
📺 Embed URL bulundu: https://vidlax.xyz/embed/584039877777d669
🔍 Embed URL kontrol ediliyor: https://vidlax.xyz/embed/584039877777d669
❌ Embed URL kontrol hatası (https://vidlax.xyz/embed/584039877777d669): 404 Client Error: Not Found for url: https://vidlax.xyz/embed/584039877777d669

🔍 Vidlax direkt analizi: https://vidlax.xyz/embed/584039877777d669
Vidlax analiz hatası: 404 Client Error: Not Found for url: https://vidlax.xyz/embed/584039877777d669

🔍 Vidlax direkt analizi: https://diziyiizle2.com/gibi/2-sezon-2-bolum/
📄 Sayfa içeriği alındı: 176018 karakter
❌ m3u8 URL'si bulunamadı
      ❌ m3u8 bulunamadı
   🔍 [15/68] Bölüm: https://diziyiizle2.com/gibi/2-sezon-3-bolum/
📺 Embed URL bulundu: https://vidlax.xyz/embed/f791a577f7278af1
🔍 Embed URL kontrol ediliyor: https://vidlax.xyz/embed/f791a577f7278af1
❌ Embed URL kontrol hatası (https://vidlax.xyz/embed/f791a577f7278af1): 404 Client Error: Not Found for url: https://vidlax.xyz/embed/f791a577f7278af1

🔍 Vidlax direkt analizi: https://vidlax.xyz/embed/f791a577f7278af1
Vidlax analiz hatası: 404 Client Error: Not Found for url: https://vidlax.xyz/embed/f791a577f7278af1

🔍 Vidlax direkt analizi: https://diziyiizle2.com/gibi/2-sezon-3-bolum/
📄 Sayfa içeriği alındı: 184558 karakter
❌ m3u8 URL'si bulunamadı
      ❌ m3u8 bulunamadı
   🔍 [16/68] Bölüm: https://diziyiizle2.com/gibi/2-sezon-4-bolum/
📺 Embed URL bulundu: https://vidlax.xyz/embed/01650357aaedf3a4
🔍 Embed URL kontrol ediliyor: https://vidlax.xyz/embed/01650357aaedf3a4
❌ Embed URL kontrol hatası (https://vidlax.xyz/embed/01650357aaedf3a4): 404 Client Error: Not Found for url: https://vidlax.xyz/embed/01650357aaedf3a4

🔍 Vidlax direkt analizi: https://vidlax.xyz/embed/01650357aaedf3a4
Vidlax analiz hatası: 404 Client Error: Not Found for url: https://vidlax.xyz/embed/01650357aaedf3a4

🔍 Vidlax direkt analizi: https://diziyiizle2.com/gibi/2-sezon-4-bolum/
📄 Sayfa içeriği alındı: 176148 karakter
❌ m3u8 URL'si bulunamadı
      ❌ m3u8 bulunamadı
   🔍 [17/68] Bölüm: https://diziyiizle2.com/gibi/2-sezon-5-bolum/
📺 Embed URL bulundu: https://vidlax.xyz/embed/6fa89742d7c3509d
🔍 Embed URL kontrol ediliyor: https://vidlax.xyz/embed/6fa89742d7c3509d
❌ Embed URL kontrol hatası (https://vidlax.xyz/embed/6fa89742d7c3509d): 404 Client Error: Not Found for url: https://vidlax.xyz/embed/6fa89742d7c3509d

🔍 Vidlax direkt analizi: https://vidlax.xyz/embed/6fa89742d7c3509d
Vidlax analiz hatası: 404 Client Error: Not Found for url: https://vidlax.xyz/embed/6fa89742d7c3509d

🔍 Vidlax direkt analizi: https://diziyiizle2.com/gibi/2-sezon-5-bolum/
📄 Sayfa içeriği alındı: 175878 karakter
❌ m3u8 URL'si bulunamadı
      ❌ m3u8 bulunamadı
   🔍 [18/68] Bölüm: https://diziyiizle2.com/gibi/2-sezon-6-bolum/
📺 Embed URL bulundu: https://vidlax.xyz/embed/3682243a0f3b17f3
🔍 Embed URL kontrol ediliyor: https://vidlax.xyz/embed/3682243a0f3b17f3
❌ Embed URL kontrol hatası (https://vidlax.xyz/embed/3682243a0f3b17f3): 404 Client Error: Not Found for url: https://vidlax.xyz/embed/3682243a0f3b17f3

🔍 Vidlax direkt analizi: https://vidlax.xyz/embed/3682243a0f3b17f3
Vidlax analiz hatası: 404 Client Error: Not Found for url: https://vidlax.xyz/embed/3682243a0f3b17f3

🔍 Vidlax direkt analizi: https://diziyiizle2.com/gibi/2-sezon-6-bolum/
📄 Sayfa içeriği alındı: 175982 karakter
❌ m3u8 URL'si bulunamadı
      ❌ m3u8 bulunamadı
   🔍 [19/68] Bölüm: https://diziyiizle2.com/gibi/2-sezon-7-bolum/
📺 Embed URL bulundu: https://vidlax.xyz/embed/81f4203b6ec9f365
🔍 Embed URL kontrol ediliyor: https://vidlax.xyz/embed/81f4203b6ec9f365
❌ Embed URL kontrol hatası (https://vidlax.xyz/embed/81f4203b6ec9f365): 404 Client Error: Not Found for url: https://vidlax.xyz/embed/81f4203b6ec9f365

🔍 Vidlax direkt analizi: https://vidlax.xyz/embed/81f4203b6ec9f365
Vidlax analiz hatası: 404 Client Error: Not Found for url: https://vidlax.xyz/embed/81f4203b6ec9f365

🔍 Vidlax direkt analizi: https://diziyiizle2.com/gibi/2-sezon-7-bolum/
📄 Sayfa içeriği alındı: 180561 karakter
❌ m3u8 URL'si bulunamadı
      ❌ m3u8 bulunamadı
   🔍 [20/68] Bölüm: https://diziyiizle2.com/gibi/2-sezon-8-bolum/
📺 Embed URL bulundu: https://vidlax.xyz/embed/17c5d0fc9129afe4
🔍 Embed URL kontrol ediliyor: https://vidlax.xyz/embed/17c5d0fc9129afe4
❌ Embed URL kontrol hatası (https://vidlax.xyz/embed/17c5d0fc9129afe4): 404 Client Error: Not Found for url: https://vidlax.xyz/embed/17c5d0fc9129afe4

🔍 Vidlax direkt analizi: https://vidlax.xyz/embed/17c5d0fc9129afe4
Vidlax analiz hatası: 404 Client Error: Not Found for url: https://vidlax.xyz/embed/17c5d0fc9129afe4

🔍 Vidlax direkt analizi: https://diziyiizle2.com/gibi/2-sezon-8-bolum/
📄 Sayfa içeriği alındı: 176104 karakter
❌ m3u8 URL'si bulunamadı
      ❌ m3u8 bulunamadı
   🔍 [21/68] Bölüm: https://diziyiizle2.com/gibi/2-sezon-9-bolum/
📺 Embed URL bulundu: https://vidlax.xyz/embed/716f550556066b99
🔍 Embed URL kontrol ediliyor: https://vidlax.xyz/embed/716f550556066b99
❌ Embed URL kontrol hatası (https://vidlax.xyz/embed/716f550556066b99): 404 Client Error: Not Found for url: https://vidlax.xyz/embed/716f550556066b99

🔍 Vidlax direkt analizi: https://vidlax.xyz/embed/716f550556066b99
Vidlax analiz hatası: 404 Client Error: Not Found for url: https://vidlax.xyz/embed/716f550556066b99

🔍 Vidlax direkt analizi: https://diziyiizle2.com/gibi/2-sezon-9-bolum/
📄 Sayfa içeriği alındı: 176078 karakter
❌ m3u8 URL'si bulunamadı
      ❌ m3u8 bulunamadı
   🔍 [22/68] Bölüm: https://diziyiizle2.com/gibi/2-sezon-10-bolum/
📺 Embed URL bulundu: https://vidlax.xyz/embed/daa7f7ec4789d3a6
🔍 Embed URL kontrol ediliyor: https://vidlax.xyz/embed/daa7f7ec4789d3a6
❌ Embed URL kontrol hatası (https://vidlax.xyz/embed/daa7f7ec4789d3a6): 404 Client Error: Not Found for url: https://vidlax.xyz/embed/daa7f7ec4789d3a6

🔍 Vidlax direkt analizi: https://vidlax.xyz/embed/daa7f7ec4789d3a6
Vidlax analiz hatası: 404 Client Error: Not Found for url: https://vidlax.xyz/embed/daa7f7ec4789d3a6

🔍 Vidlax direkt analizi: https://diziyiizle2.com/gibi/2-sezon-10-bolum/
📄 Sayfa içeriği alındı: 176323 karakter
❌ m3u8 URL'si bulunamadı
      ❌ m3u8 bulunamadı
   🔍 [23/68] Bölüm: https://diziyiizle2.com/gibi/3-sezon-1-bolum/
📺 Embed URL bulundu: https://vidlax.xyz/embed/40175853001265ae
🔍 Embed URL kontrol ediliyor: https://vidlax.xyz/embed/40175853001265ae
❌ Embed URL kontrol hatası (https://vidlax.xyz/embed/40175853001265ae): 404 Client Error: Not Found for url: https://vidlax.xyz/embed/40175853001265ae

🔍 Vidlax direkt analizi: https://vidlax.xyz/embed/40175853001265ae
Vidlax analiz hatası: 404 Client Error: Not Found for url: https://vidlax.xyz/embed/40175853001265ae

🔍 Vidlax direkt analizi: https://diziyiizle2.com/gibi/3-sezon-1-bolum/
📄 Sayfa içeriği alındı: 180353 karakter
❌ m3u8 URL'si bulunamadı
      ❌ m3u8 bulunamadı
   🔍 [24/68] Bölüm: https://diziyiizle2.com/gibi/3-sezon-2-bolum/
📺 Embed URL bulundu: https://vidlax.xyz/embed/18e22f7bf3081078
🔍 Embed URL kontrol ediliyor: https://vidlax.xyz/embed/18e22f7bf3081078
❌ Embed URL kontrol hatası (https://vidlax.xyz/embed/18e22f7bf3081078): 404 Client Error: Not Found for url: https://vidlax.xyz/embed/18e22f7bf3081078

🔍 Vidlax direkt analizi: https://vidlax.xyz/embed/18e22f7bf3081078
Vidlax analiz hatası: 404 Client Error: Not Found for url: https://vidlax.xyz/embed/18e22f7bf3081078

🔍 Vidlax direkt analizi: https://diziyiizle2.com/gibi/3-sezon-2-bolum/
📄 Sayfa içeriği alındı: 176197 karakter
❌ m3u8 URL'si bulunamadı
      ❌ m3u8 bulunamadı
   🔍 [25/68] Bölüm: https://diziyiizle2.com/gibi/3-sezon-3-bolum/
📺 Embed URL bulundu: https://vidlax.xyz/embed/f38cc73133e0d429
🔍 Embed URL kontrol ediliyor: https://vidlax.xyz/embed/f38cc73133e0d429
❌ Embed URL kontrol hatası (https://vidlax.xyz/embed/f38cc73133e0d429): 404 Client Error: Not Found for url: https://vidlax.xyz/embed/f38cc73133e0d429

🔍 Vidlax direkt analizi: https://vidlax.xyz/embed/f38cc73133e0d429
Vidlax analiz hatası: 404 Client Error: Not Found for url: https://vidlax.xyz/embed/f38cc73133e0d429

🔍 Vidlax direkt analizi: https://diziyiizle2.com/gibi/3-sezon-3-bolum/
📄 Sayfa içeriği alındı: 182373 karakter
❌ m3u8 URL'si bulunamadı
      ❌ m3u8 bulunamadı
   🔍 [26/68] Bölüm: https://diziyiizle2.com/gibi/3-sezon-4-bolum/
📺 Embed URL bulundu: https://vidlax.xyz/embed/3de785a506e682c0
🔍 Embed URL kontrol ediliyor: https://vidlax.xyz/embed/3de785a506e682c0
❌ Embed URL kontrol hatası (https://vidlax.xyz/embed/3de785a506e682c0): 404 Client Error: Not Found for url: https://vidlax.xyz/embed/3de785a506e682c0

🔍 Vidlax direkt analizi: https://vidlax.xyz/embed/3de785a506e682c0
Vidlax analiz hatası: 404 Client Error: Not Found for url: https://vidlax.xyz/embed/3de785a506e682c0

🔍 Vidlax direkt analizi: https://diziyiizle2.com/gibi/3-sezon-4-bolum/
📄 Sayfa içeriği alındı: 176270 karakter
❌ m3u8 URL'si bulunamadı
      ❌ m3u8 bulunamadı
   🔍 [27/68] Bölüm: https://diziyiizle2.com/gibi/3-sezon-5-bolum/
📺 Embed URL bulundu: https://vidlax.xyz/embed/073b1c78a264d0bd
🔍 Embed URL kontrol ediliyor: https://vidlax.xyz/embed/073b1c78a264d0bd
❌ Embed URL kontrol hatası (https://vidlax.xyz/embed/073b1c78a264d0bd): 404 Client Error: Not Found for url: https://vidlax.xyz/embed/073b1c78a264d0bd

🔍 Vidlax direkt analizi: https://vidlax.xyz/embed/073b1c78a264d0bd
Vidlax analiz hatası: 404 Client Error: Not Found for url: https://vidlax.xyz/embed/073b1c78a264d0bd

🔍 Vidlax direkt analizi: https://diziyiizle2.com/gibi/3-sezon-5-bolum/
📄 Sayfa içeriği alındı: 176277 karakter
❌ m3u8 URL'si bulunamadı
      ❌ m3u8 bulunamadı
   🔍 [28/68] Bölüm: https://diziyiizle2.com/gibi/3-sezon-6-bolum/
📺 Embed URL bulundu: https://vidlax.xyz/embed/439d9da302327a36
🔍 Embed URL kontrol ediliyor: https://vidlax.xyz/embed/439d9da302327a36
❌ Embed URL kontrol hatası (https://vidlax.xyz/embed/439d9da302327a36): 404 Client Error: Not Found for url: https://vidlax.xyz/embed/439d9da302327a36

🔍 Vidlax direkt analizi: https://vidlax.xyz/embed/439d9da302327a36
Vidlax analiz hatası: 404 Client Error: Not Found for url: https://vidlax.xyz/embed/439d9da302327a36

🔍 Vidlax direkt analizi: https://diziyiizle2.com/gibi/3-sezon-6-bolum/
📄 Sayfa içeriği alındı: 178660 karakter
❌ m3u8 URL'si bulunamadı
      ❌ m3u8 bulunamadı
   🔍 [29/68] Bölüm: https://diziyiizle2.com/gibi/3-sezon-7-bolum/
📺 Embed URL bulundu: https://vidlax.xyz/embed/1e54d2c333fb7cd2
🔍 Embed URL kontrol ediliyor: https://vidlax.xyz/embed/1e54d2c333fb7cd2
❌ Embed URL kontrol hatası (https://vidlax.xyz/embed/1e54d2c333fb7cd2): 404 Client Error: Not Found for url: https://vidlax.xyz/embed/1e54d2c333fb7cd2

🔍 Vidlax direkt analizi: https://vidlax.xyz/embed/1e54d2c333fb7cd2
Vidlax analiz hatası: 404 Client Error: Not Found for url: https://vidlax.xyz/embed/1e54d2c333fb7cd2

🔍 Vidlax direkt analizi: https://diziyiizle2.com/gibi/3-sezon-7-bolum/
📄 Sayfa içeriği alındı: 178541 karakter
❌ m3u8 URL'si bulunamadı
      ❌ m3u8 bulunamadı
   🔍 [30/68] Bölüm: https://diziyiizle2.com/gibi/3-sezon-8-bolum/
📺 Embed URL bulundu: https://vidlax.xyz/embed/98cf2dbcbbdf5322
🔍 Embed URL kontrol ediliyor: https://vidlax.xyz/embed/98cf2dbcbbdf5322
❌ Embed URL kontrol hatası (https://vidlax.xyz/embed/98cf2dbcbbdf5322): 404 Client Error: Not Found for url: https://vidlax.xyz/embed/98cf2dbcbbdf5322

🔍 Vidlax direkt analizi: https://vidlax.xyz/embed/98cf2dbcbbdf5322
Vidlax analiz hatası: 404 Client Error: Not Found for url: https://vidlax.xyz/embed/98cf2dbcbbdf5322

🔍 Vidlax direkt analizi: https://diziyiizle2.com/gibi/3-sezon-8-bolum/
📄 Sayfa içeriği alındı: 176393 karakter
❌ m3u8 URL'si bulunamadı
      ❌ m3u8 bulunamadı
   🔍 [31/68] Bölüm: https://diziyiizle2.com/gibi/3-sezon-9-bolum/
📺 Embed URL bulundu: https://vidlax.xyz/embed/80783f002a46dc80
🔍 Embed URL kontrol ediliyor: https://vidlax.xyz/embed/80783f002a46dc80
❌ Embed URL kontrol hatası (https://vidlax.xyz/embed/80783f002a46dc80): 404 Client Error: Not Found for url: https://vidlax.xyz/embed/80783f002a46dc80

🔍 Vidlax direkt analizi: https://vidlax.xyz/embed/80783f002a46dc80
Vidlax analiz hatası: 404 Client Error: Not Found for url: https://vidlax.xyz/embed/80783f002a46dc80

🔍 Vidlax direkt analizi: https://diziyiizle2.com/gibi/3-sezon-9-bolum/
📄 Sayfa içeriği alındı: 176198 karakter
❌ m3u8 URL'si bulunamadı
      ❌ m3u8 bulunamadı
   🔍 [32/68] Bölüm: https://diziyiizle2.com/gibi/3-sezon-10-bolum/
📺 Embed URL bulundu: https://vidlax.xyz/embed/154110125d2b51fa
🔍 Embed URL kontrol ediliyor: https://vidlax.xyz/embed/154110125d2b51fa
❌ Embed URL kontrol hatası (https://vidlax.xyz/embed/154110125d2b51fa): 404 Client Error: Not Found for url: https://vidlax.xyz/embed/154110125d2b51fa

🔍 Vidlax direkt analizi: https://vidlax.xyz/embed/154110125d2b51fa
Vidlax analiz hatası: 404 Client Error: Not Found for url: https://vidlax.xyz/embed/154110125d2b51fa

🔍 Vidlax direkt analizi: https://diziyiizle2.com/gibi/3-sezon-10-bolum/
📄 Sayfa içeriği alındı: 176284 karakter
❌ m3u8 URL'si bulunamadı
      ❌ m3u8 bulunamadı
   🔍 [33/68] Bölüm: https://diziyiizle2.com/gibi/4-sezon-1-bolum/
📺 Embed URL bulundu: https://vidlax.xyz/embed/be87c45ed71b3c37
🔍 Embed URL kontrol ediliyor: https://vidlax.xyz/embed/be87c45ed71b3c37
❌ Embed URL kontrol hatası (https://vidlax.xyz/embed/be87c45ed71b3c37): 404 Client Error: Not Found for url: https://vidlax.xyz/embed/be87c45ed71b3c37

🔍 Vidlax direkt analizi: https://vidlax.xyz/embed/be87c45ed71b3c37
Vidlax analiz hatası: 404 Client Error: Not Found for url: https://vidlax.xyz/embed/be87c45ed71b3c37

🔍 Vidlax direkt analizi: https://diziyiizle2.com/gibi/4-sezon-1-bolum/
📄 Sayfa içeriği alındı: 176086 karakter
❌ m3u8 URL'si bulunamadı
      ❌ m3u8 bulunamadı
   🔍 [34/68] Bölüm: https://diziyiizle2.com/gibi/4-sezon-2-bolum/
📺 Embed URL bulundu: https://vidlax.xyz/embed/6b4d085157bb7545
🔍 Embed URL kontrol ediliyor: https://vidlax.xyz/embed/6b4d085157bb7545
❌ Embed URL kontrol hatası (https://vidlax.xyz/embed/6b4d085157bb7545): 404 Client Error: Not Found for url: https://vidlax.xyz/embed/6b4d085157bb7545

🔍 Vidlax direkt analizi: https://vidlax.xyz/embed/6b4d085157bb7545
Vidlax analiz hatası: 404 Client Error: Not Found for url: https://vidlax.xyz/embed/6b4d085157bb7545

🔍 Vidlax direkt analizi: https://diziyiizle2.com/gibi/4-sezon-2-bolum/
📄 Sayfa içeriği alındı: 176209 karakter
❌ m3u8 URL'si bulunamadı
      ❌ m3u8 bulunamadı
   🔍 [35/68] Bölüm: https://diziyiizle2.com/gibi/4-sezon-3-bolum/
📺 Embed URL bulundu: https://vidlax.xyz/embed/eb1dea0853adbb77
🔍 Embed URL kontrol ediliyor: https://vidlax.xyz/embed/eb1dea0853adbb77
❌ Embed URL kontrol hatası (https://vidlax.xyz/embed/eb1dea0853adbb77): 404 Client Error: Not Found for url: https://vidlax.xyz/embed/eb1dea0853adbb77

🔍 Vidlax direkt analizi: https://vidlax.xyz/embed/eb1dea0853adbb77
Vidlax analiz hatası: 404 Client Error: Not Found for url: https://vidlax.xyz/embed/eb1dea0853adbb77

🔍 Vidlax direkt analizi: https://diziyiizle2.com/gibi/4-sezon-3-bolum/
📄 Sayfa içeriği alındı: 176421 karakter
❌ m3u8 URL'si bulunamadı
      ❌ m3u8 bulunamadı
   🔍 [36/68] Bölüm: https://diziyiizle2.com/gibi/4-sezon-4-bolum/
📺 Embed URL bulundu: https://vidlax.xyz/embed/bcfb4dc2f95cd9ad
🔍 Embed URL kontrol ediliyor: https://vidlax.xyz/embed/bcfb4dc2f95cd9ad
❌ Embed URL kontrol hatası (https://vidlax.xyz/embed/bcfb4dc2f95cd9ad): 404 Client Error: Not Found for url: https://vidlax.xyz/embed/bcfb4dc2f95cd9ad

🔍 Vidlax direkt analizi: https://vidlax.xyz/embed/bcfb4dc2f95cd9ad
Vidlax analiz hatası: 404 Client Error: Not Found for url: https://vidlax.xyz/embed/bcfb4dc2f95cd9ad

🔍 Vidlax direkt analizi: https://diziyiizle2.com/gibi/4-sezon-4-bolum/
📄 Sayfa içeriği alındı: 176163 karakter
❌ m3u8 URL'si bulunamadı
      ❌ m3u8 bulunamadı
   🔍 [37/68] Bölüm: https://diziyiizle2.com/gibi/4-sezon-5-bolum/
📺 Embed URL bulundu: https://vidlax.xyz/embed/534567552743c045
🔍 Embed URL kontrol ediliyor: https://vidlax.xyz/embed/534567552743c045
❌ Embed URL kontrol hatası (https://vidlax.xyz/embed/534567552743c045): 404 Client Error: Not Found for url: https://vidlax.xyz/embed/534567552743c045

🔍 Vidlax direkt analizi: https://vidlax.xyz/embed/534567552743c045
Vidlax analiz hatası: 404 Client Error: Not Found for url: https://vidlax.xyz/embed/534567552743c045

🔍 Vidlax direkt analizi: https://diziyiizle2.com/gibi/4-sezon-5-bolum/
📄 Sayfa içeriği alındı: 176165 karakter
❌ m3u8 URL'si bulunamadı
      ❌ m3u8 bulunamadı
   🔍 [38/68] Bölüm: https://diziyiizle2.com/gibi/4-sezon-6-bolum/
📺 Embed URL bulundu: https://vidlax.xyz/embed/0d9b535ca2c1233c
🔍 Embed URL kontrol ediliyor: https://vidlax.xyz/embed/0d9b535ca2c1233c
❌ Embed URL kontrol hatası (https://vidlax.xyz/embed/0d9b535ca2c1233c): 404 Client Error: Not Found for url: https://vidlax.xyz/embed/0d9b535ca2c1233c

🔍 Vidlax direkt analizi: https://vidlax.xyz/embed/0d9b535ca2c1233c
Vidlax analiz hatası: 404 Client Error: Not Found for url: https://vidlax.xyz/embed/0d9b535ca2c1233c

🔍 Vidlax direkt analizi: https://diziyiizle2.com/gibi/4-sezon-6-bolum/
📄 Sayfa içeriği alındı: 176183 karakter
❌ m3u8 URL'si bulunamadı
      ❌ m3u8 bulunamadı
   🔍 [39/68] Bölüm: https://diziyiizle2.com/gibi/4-sezon-7-bolum/
📺 Embed URL bulundu: https://vidlax.xyz/embed/c63ba790f80a94f0
🔍 Embed URL kontrol ediliyor: https://vidlax.xyz/embed/c63ba790f80a94f0
❌ Embed URL kontrol hatası (https://vidlax.xyz/embed/c63ba790f80a94f0): 404 Client Error: Not Found for url: https://vidlax.xyz/embed/c63ba790f80a94f0

🔍 Vidlax direkt analizi: https://vidlax.xyz/embed/c63ba790f80a94f0
Vidlax analiz hatası: 404 Client Error: Not Found for url: https://vidlax.xyz/embed/c63ba790f80a94f0

🔍 Vidlax direkt analizi: https://diziyiizle2.com/gibi/4-sezon-7-bolum/
📄 Sayfa içeriği alındı: 176222 karakter
❌ m3u8 URL'si bulunamadı
      ❌ m3u8 bulunamadı
   🔍 [40/68] Bölüm: https://diziyiizle2.com/gibi/4-sezon-8-bolum/
📺 Embed URL bulundu: https://vidlax.xyz/embed/773719625a8960c8
🔍 Embed URL kontrol ediliyor: https://vidlax.xyz/embed/773719625a8960c8
❌ Embed URL kontrol hatası (https://vidlax.xyz/embed/773719625a8960c8): 404 Client Error: Not Found for url: https://vidlax.xyz/embed/773719625a8960c8

🔍 Vidlax direkt analizi: https://vidlax.xyz/embed/773719625a8960c8
Vidlax analiz hatası: 404 Client Error: Not Found for url: https://vidlax.xyz/embed/773719625a8960c8

🔍 Vidlax direkt analizi: https://diziyiizle2.com/gibi/4-sezon-8-bolum/
📄 Sayfa içeriği alındı: 176334 karakter
❌ m3u8 URL'si bulunamadı
      ❌ m3u8 bulunamadı
   🔍 [41/68] Bölüm: https://diziyiizle2.com/gibi/4-sezon-9-bolum/
📺 Embed URL bulundu: https://vidlax.xyz/embed/ab3337e5aeab88ec
🔍 Embed URL kontrol ediliyor: https://vidlax.xyz/embed/ab3337e5aeab88ec
❌ Embed URL kontrol hatası (https://vidlax.xyz/embed/ab3337e5aeab88ec): 404 Client Error: Not Found for url: https://vidlax.xyz/embed/ab3337e5aeab88ec

🔍 Vidlax direkt analizi: https://vidlax.xyz/embed/ab3337e5aeab88ec
Vidlax analiz hatası: 404 Client Error: Not Found for url: https://vidlax.xyz/embed/ab3337e5aeab88ec

🔍 Vidlax direkt analizi: https://diziyiizle2.com/gibi/4-sezon-9-bolum/
📄 Sayfa içeriği alındı: 176122 karakter
❌ m3u8 URL'si bulunamadı
      ❌ m3u8 bulunamadı
   🔍 [42/68] Bölüm: https://diziyiizle2.com/gibi/4-sezon-10-bolum/
📺 Embed URL bulundu: https://vidlax.xyz/embed/760cf8f319e74b9d
🔍 Embed URL kontrol ediliyor: https://vidlax.xyz/embed/760cf8f319e74b9d
❌ Embed URL kontrol hatası (https://vidlax.xyz/embed/760cf8f319e74b9d): 404 Client Error: Not Found for url: https://vidlax.xyz/embed/760cf8f319e74b9d

🔍 Vidlax direkt analizi: https://vidlax.xyz/embed/760cf8f319e74b9d
Vidlax analiz hatası: 404 Client Error: Not Found for url: https://vidlax.xyz/embed/760cf8f319e74b9d

🔍 Vidlax direkt analizi: https://diziyiizle2.com/gibi/4-sezon-10-bolum/
📄 Sayfa içeriği alındı: 176250 karakter
❌ m3u8 URL'si bulunamadı
      ❌ m3u8 bulunamadı
   🔍 [43/68] Bölüm: https://diziyiizle2.com/gibi/5-sezon-1-bolum/
📺 Embed URL bulundu: https://vidlax.xyz/embed/218291e897c29225
🔍 Embed URL kontrol ediliyor: https://vidlax.xyz/embed/218291e897c29225
❌ Embed URL kontrol hatası (https://vidlax.xyz/embed/218291e897c29225): 404 Client Error: Not Found for url: https://vidlax.xyz/embed/218291e897c29225

🔍 Vidlax direkt analizi: https://vidlax.xyz/embed/218291e897c29225
Vidlax analiz hatası: 404 Client Error: Not Found for url: https://vidlax.xyz/embed/218291e897c29225

🔍 Vidlax direkt analizi: https://diziyiizle2.com/gibi/5-sezon-1-bolum/
📄 Sayfa içeriği alındı: 176350 karakter
❌ m3u8 URL'si bulunamadı
      ❌ m3u8 bulunamadı
   🔍 [44/68] Bölüm: https://diziyiizle2.com/gibi/5-sezon-2-bolum/
📺 Embed URL bulundu: https://vidlax.xyz/embed/02a43ec63041b294
🔍 Embed URL kontrol ediliyor: https://vidlax.xyz/embed/02a43ec63041b294
❌ Embed URL kontrol hatası (https://vidlax.xyz/embed/02a43ec63041b294): 404 Client Error: Not Found for url: https://vidlax.xyz/embed/02a43ec63041b294

🔍 Vidlax direkt analizi: https://vidlax.xyz/embed/02a43ec63041b294
Vidlax analiz hatası: 404 Client Error: Not Found for url: https://vidlax.xyz/embed/02a43ec63041b294

🔍 Vidlax direkt analizi: https://diziyiizle2.com/gibi/5-sezon-2-bolum/
📄 Sayfa içeriği alındı: 176321 karakter
❌ m3u8 URL'si bulunamadı
      ❌ m3u8 bulunamadı
   🔍 [45/68] Bölüm: https://diziyiizle2.com/gibi/5-sezon-3-bolum/
📺 Embed URL bulundu: https://vidlax.xyz/embed/dd293c8a98b47287
🔍 Embed URL kontrol ediliyor: https://vidlax.xyz/embed/dd293c8a98b47287
❌ Embed URL kontrol hatası (https://vidlax.xyz/embed/dd293c8a98b47287): 404 Client Error: Not Found for url: https://vidlax.xyz/embed/dd293c8a98b47287

🔍 Vidlax direkt analizi: https://vidlax.xyz/embed/dd293c8a98b47287
Vidlax analiz hatası: 404 Client Error: Not Found for url: https://vidlax.xyz/embed/dd293c8a98b47287

🔍 Vidlax direkt analizi: https://diziyiizle2.com/gibi/5-sezon-3-bolum/
📄 Sayfa içeriği alındı: 176384 karakter
❌ m3u8 URL'si bulunamadı
      ❌ m3u8 bulunamadı
   🔍 [46/68] Bölüm: https://diziyiizle2.com/gibi/5-sezon-4-bolum/
📺 Embed URL bulundu: https://vidlax.xyz/embed/52578d8d9cbd35e8
🔍 Embed URL kontrol ediliyor: https://vidlax.xyz/embed/52578d8d9cbd35e8
❌ Embed URL kontrol hatası (https://vidlax.xyz/embed/52578d8d9cbd35e8): 404 Client Error: Not Found for url: https://vidlax.xyz/embed/52578d8d9cbd35e8

🔍 Vidlax direkt analizi: https://vidlax.xyz/embed/52578d8d9cbd35e8
Vidlax analiz hatası: 404 Client Error: Not Found for url: https://vidlax.xyz/embed/52578d8d9cbd35e8

🔍 Vidlax direkt analizi: https://diziyiizle2.com/gibi/5-sezon-4-bolum/
📄 Sayfa içeriği alındı: 176273 karakter
❌ m3u8 URL'si bulunamadı
      ❌ m3u8 bulunamadı
   🔍 [47/68] Bölüm: https://diziyiizle2.com/gibi/5-sezon-5-bolum/
📺 Embed URL bulundu: https://vidlax.xyz/embed/972638609a669dfb
🔍 Embed URL kontrol ediliyor: https://vidlax.xyz/embed/972638609a669dfb
❌ Embed URL kontrol hatası (https://vidlax.xyz/embed/972638609a669dfb): 404 Client Error: Not Found for url: https://vidlax.xyz/embed/972638609a669dfb

🔍 Vidlax direkt analizi: https://vidlax.xyz/embed/972638609a669dfb
Vidlax analiz hatası: 404 Client Error: Not Found for url: https://vidlax.xyz/embed/972638609a669dfb

🔍 Vidlax direkt analizi: https://diziyiizle2.com/gibi/5-sezon-5-bolum/
📄 Sayfa içeriği alındı: 176459 karakter
❌ m3u8 URL'si bulunamadı
      ❌ m3u8 bulunamadı
   🔍 [48/68] Bölüm: https://diziyiizle2.com/gibi/5-sezon-6-bolum/
📺 Embed URL bulundu: https://vidlax.xyz/embed/9deaa6d1498dfef9
🔍 Embed URL kontrol ediliyor: https://vidlax.xyz/embed/9deaa6d1498dfef9
❌ Embed URL kontrol hatası (https://vidlax.xyz/embed/9deaa6d1498dfef9): 404 Client Error: Not Found for url: https://vidlax.xyz/embed/9deaa6d1498dfef9

🔍 Vidlax direkt analizi: https://vidlax.xyz/embed/9deaa6d1498dfef9
Vidlax analiz hatası: 404 Client Error: Not Found for url: https://vidlax.xyz/embed/9deaa6d1498dfef9

🔍 Vidlax direkt analizi: https://diziyiizle2.com/gibi/5-sezon-6-bolum/
📄 Sayfa içeriği alındı: 176402 karakter
❌ m3u8 URL'si bulunamadı
      ❌ m3u8 bulunamadı
   🔍 [49/68] Bölüm: https://diziyiizle2.com/gibi/5-sezon-7-bolum/
📺 Embed URL bulundu: https://vidlax.xyz/embed/66468b9798c1f7b7
🔍 Embed URL kontrol ediliyor: https://vidlax.xyz/embed/66468b9798c1f7b7
❌ Embed URL kontrol hatası (https://vidlax.xyz/embed/66468b9798c1f7b7): 404 Client Error: Not Found for url: https://vidlax.xyz/embed/66468b9798c1f7b7

🔍 Vidlax direkt analizi: https://vidlax.xyz/embed/66468b9798c1f7b7
Vidlax analiz hatası: 404 Client Error: Not Found for url: https://vidlax.xyz/embed/66468b9798c1f7b7

🔍 Vidlax direkt analizi: https://diziyiizle2.com/gibi/5-sezon-7-bolum/
📄 Sayfa içeriği alındı: 176302 karakter
❌ m3u8 URL'si bulunamadı
      ❌ m3u8 bulunamadı
   🔍 [50/68] Bölüm: https://diziyiizle2.com/gibi/5-sezon-8-bolum/
📺 Embed URL bulundu: https://vidlax.xyz/embed/0d3a8b1cd2c60d2c
🔍 Embed URL kontrol ediliyor: https://vidlax.xyz/embed/0d3a8b1cd2c60d2c
❌ Embed URL kontrol hatası (https://vidlax.xyz/embed/0d3a8b1cd2c60d2c): 404 Client Error: Not Found for url: https://vidlax.xyz/embed/0d3a8b1cd2c60d2c

🔍 Vidlax direkt analizi: https://vidlax.xyz/embed/0d3a8b1cd2c60d2c
Vidlax analiz hatası: 404 Client Error: Not Found for url: https://vidlax.xyz/embed/0d3a8b1cd2c60d2c

🔍 Vidlax direkt analizi: https://diziyiizle2.com/gibi/5-sezon-8-bolum/
📄 Sayfa içeriği alındı: 182372 karakter
❌ m3u8 URL'si bulunamadı
      ❌ m3u8 bulunamadı
   🔍 [51/68] Bölüm: https://diziyiizle2.com/gibi/5-sezon-9-bolum/
📺 Embed URL bulundu: https://vidlax.xyz/embed/3522df9b2d0584a1
🔍 Embed URL kontrol ediliyor: https://vidlax.xyz/embed/3522df9b2d0584a1
❌ Embed URL kontrol hatası (https://vidlax.xyz/embed/3522df9b2d0584a1): 404 Client Error: Not Found for url: https://vidlax.xyz/embed/3522df9b2d0584a1

🔍 Vidlax direkt analizi: https://vidlax.xyz/embed/3522df9b2d0584a1
Vidlax analiz hatası: 404 Client Error: Not Found for url: https://vidlax.xyz/embed/3522df9b2d0584a1

🔍 Vidlax direkt analizi: https://diziyiizle2.com/gibi/5-sezon-9-bolum/
📄 Sayfa içeriği alındı: 176245 karakter
❌ m3u8 URL'si bulunamadı
      ❌ m3u8 bulunamadı
   🔍 [52/68] Bölüm: https://diziyiizle2.com/gibi/5-sezon-10-bolum/
📺 Embed URL bulundu: https://vidlax.xyz/embed/a2628a19d0f2e4d5
🔍 Embed URL kontrol ediliyor: https://vidlax.xyz/embed/a2628a19d0f2e4d5
❌ Embed URL kontrol hatası (https://vidlax.xyz/embed/a2628a19d0f2e4d5): 404 Client Error: Not Found for url: https://vidlax.xyz/embed/a2628a19d0f2e4d5

🔍 Vidlax direkt analizi: https://vidlax.xyz/embed/a2628a19d0f2e4d5
Vidlax analiz hatası: 404 Client Error: Not Found for url: https://vidlax.xyz/embed/a2628a19d0f2e4d5

🔍 Vidlax direkt analizi: https://diziyiizle2.com/gibi/5-sezon-10-bolum/
📄 Sayfa içeriği alındı: 176305 karakter
❌ m3u8 URL'si bulunamadı
      ❌ m3u8 bulunamadı
   🔍 [53/68] Bölüm: https://diziyiizle2.com/gibi/5-sezon-11-bolum/
📺 Embed URL bulundu: https://vidlax.xyz/embed/5fb5296df51e75cd
🔍 Embed URL kontrol ediliyor: https://vidlax.xyz/embed/5fb5296df51e75cd
❌ Embed URL kontrol hatası (https://vidlax.xyz/embed/5fb5296df51e75cd): 404 Client Error: Not Found for url: https://vidlax.xyz/embed/5fb5296df51e75cd

🔍 Vidlax direkt analizi: https://vidlax.xyz/embed/5fb5296df51e75cd
Vidlax analiz hatası: 404 Client Error: Not Found for url: https://vidlax.xyz/embed/5fb5296df51e75cd

🔍 Vidlax direkt analizi: https://diziyiizle2.com/gibi/5-sezon-11-bolum/
📄 Sayfa içeriği alındı: 176349 karakter
❌ m3u8 URL'si bulunamadı
      ❌ m3u8 bulunamadı
   🔍 [54/68] Bölüm: https://diziyiizle2.com/gibi/5-sezon-12-bolum/
📺 Embed URL bulundu: https://vidlax.xyz/embed/7e80af25f439ebfa
🔍 Embed URL kontrol ediliyor: https://vidlax.xyz/embed/7e80af25f439ebfa
❌ Embed URL kontrol hatası (https://vidlax.xyz/embed/7e80af25f439ebfa): 404 Client Error: Not Found for url: https://vidlax.xyz/embed/7e80af25f439ebfa

🔍 Vidlax direkt analizi: https://vidlax.xyz/embed/7e80af25f439ebfa
Vidlax analiz hatası: 404 Client Error: Not Found for url: https://vidlax.xyz/embed/7e80af25f439ebfa

🔍 Vidlax direkt analizi: https://diziyiizle2.com/gibi/5-sezon-12-bolum/
📄 Sayfa içeriği alındı: 176301 karakter
❌ m3u8 URL'si bulunamadı
      ❌ m3u8 bulunamadı
   🔍 [55/68] Bölüm: https://diziyiizle2.com/gibi/5-sezon-13-bolum/
📺 Embed URL bulundu: https://vidlax.xyz/embed/38593f7fcfc81ce4
🔍 Embed URL kontrol ediliyor: https://vidlax.xyz/embed/38593f7fcfc81ce4
❌ Embed URL kontrol hatası (https://vidlax.xyz/embed/38593f7fcfc81ce4): 404 Client Error: Not Found for url: https://vidlax.xyz/embed/38593f7fcfc81ce4

🔍 Vidlax direkt analizi: https://vidlax.xyz/embed/38593f7fcfc81ce4
Vidlax analiz hatası: 404 Client Error: Not Found for url: https://vidlax.xyz/embed/38593f7fcfc81ce4

🔍 Vidlax direkt analizi: https://diziyiizle2.com/gibi/5-sezon-13-bolum/
📄 Sayfa içeriği alındı: 176270 karakter
❌ m3u8 URL'si bulunamadı
      ❌ m3u8 bulunamadı
   🔍 [56/68] Bölüm: https://diziyiizle2.com/gibi/6-sezon-1-bolum/
📺 Embed URL bulundu: https://vidlax.xyz/embed/acde1eb5d274f515
🔍 Embed URL kontrol ediliyor: https://vidlax.xyz/embed/acde1eb5d274f515
❌ Embed URL kontrol hatası (https://vidlax.xyz/embed/acde1eb5d274f515): 404 Client Error: Not Found for url: https://vidlax.xyz/embed/acde1eb5d274f515

🔍 Vidlax direkt analizi: https://vidlax.xyz/embed/acde1eb5d274f515
Vidlax analiz hatası: 404 Client Error: Not Found for url: https://vidlax.xyz/embed/acde1eb5d274f515

🔍 Vidlax direkt analizi: https://diziyiizle2.com/gibi/6-sezon-1-bolum/
📄 Sayfa içeriği alındı: 176167 karakter
❌ m3u8 URL'si bulunamadı
      ❌ m3u8 bulunamadı
   🔍 [57/68] Bölüm: https://diziyiizle2.com/gibi/6-sezon-2-bolum/
📺 Embed URL bulundu: https://vidlax.xyz/embed/b9f5abe6db581249
🔍 Embed URL kontrol ediliyor: https://vidlax.xyz/embed/b9f5abe6db581249
❌ Embed URL kontrol hatası (https://vidlax.xyz/embed/b9f5abe6db581249): 404 Client Error: Not Found for url: https://vidlax.xyz/embed/b9f5abe6db581249

🔍 Vidlax direkt analizi: https://vidlax.xyz/embed/b9f5abe6db581249
Vidlax analiz hatası: 404 Client Error: Not Found for url: https://vidlax.xyz/embed/b9f5abe6db581249

🔍 Vidlax direkt analizi: https://diziyiizle2.com/gibi/6-sezon-2-bolum/
📄 Sayfa içeriği alındı: 182403 karakter
❌ m3u8 URL'si bulunamadı
      ❌ m3u8 bulunamadı
   🔍 [58/68] Bölüm: https://diziyiizle2.com/gibi/6-sezon-3-bolum/
📺 Embed URL bulundu: https://vidlax.xyz/embed/6c0b7446f5788014
🔍 Embed URL kontrol ediliyor: https://vidlax.xyz/embed/6c0b7446f5788014
❌ Embed URL kontrol hatası (https://vidlax.xyz/embed/6c0b7446f5788014): 404 Client Error: Not Found for url: https://vidlax.xyz/embed/6c0b7446f5788014

🔍 Vidlax direkt analizi: https://vidlax.xyz/embed/6c0b7446f5788014
Vidlax analiz hatası: 404 Client Error: Not Found for url: https://vidlax.xyz/embed/6c0b7446f5788014

🔍 Vidlax direkt analizi: https://diziyiizle2.com/gibi/6-sezon-3-bolum/
📄 Sayfa içeriği alındı: 176217 karakter
❌ m3u8 URL'si bulunamadı
      ❌ m3u8 bulunamadı
   🔍 [59/68] Bölüm: https://diziyiizle2.com/gibi/6-sezon-4-bolum/
📺 Embed URL bulundu: https://vidlax.xyz/embed/4715bff684b935b1
🔍 Embed URL kontrol ediliyor: https://vidlax.xyz/embed/4715bff684b935b1
❌ Embed URL kontrol hatası (https://vidlax.xyz/embed/4715bff684b935b1): 404 Client Error: Not Found for url: https://vidlax.xyz/embed/4715bff684b935b1

🔍 Vidlax direkt analizi: https://vidlax.xyz/embed/4715bff684b935b1
Vidlax analiz hatası: 404 Client Error: Not Found for url: https://vidlax.xyz/embed/4715bff684b935b1

🔍 Vidlax direkt analizi: https://diziyiizle2.com/gibi/6-sezon-4-bolum/
📄 Sayfa içeriği alındı: 176129 karakter
❌ m3u8 URL'si bulunamadı
      ❌ m3u8 bulunamadı
   🔍 [60/68] Bölüm: https://diziyiizle2.com/gibi/6-sezon-5-bolum/
📺 Embed URL bulundu: https://vidlax.xyz/embed/bf5661150a4d5faf
🔍 Embed URL kontrol ediliyor: https://vidlax.xyz/embed/bf5661150a4d5faf
❌ Embed URL kontrol hatası (https://vidlax.xyz/embed/bf5661150a4d5faf): 404 Client Error: Not Found for url: https://vidlax.xyz/embed/bf5661150a4d5faf

🔍 Vidlax direkt analizi: https://vidlax.xyz/embed/bf5661150a4d5faf
Vidlax analiz hatası: 404 Client Error: Not Found for url: https://vidlax.xyz/embed/bf5661150a4d5faf

🔍 Vidlax direkt analizi: https://diziyiizle2.com/gibi/6-sezon-5-bolum/
📄 Sayfa içeriği alındı: 176135 karakter
❌ m3u8 URL'si bulunamadı
      ❌ m3u8 bulunamadı
   🔍 [61/68] Bölüm: https://diziyiizle2.com/gibi/6-sezon-6-bolum/
📺 Embed URL bulundu: https://vidlax.xyz/embed/165b9ef4a32f8eb6
🔍 Embed URL kontrol ediliyor: https://vidlax.xyz/embed/165b9ef4a32f8eb6
❌ Embed URL kontrol hatası (https://vidlax.xyz/embed/165b9ef4a32f8eb6): 404 Client Error: Not Found for url: https://vidlax.xyz/embed/165b9ef4a32f8eb6

🔍 Vidlax direkt analizi: https://vidlax.xyz/embed/165b9ef4a32f8eb6
Vidlax analiz hatası: 404 Client Error: Not Found for url: https://vidlax.xyz/embed/165b9ef4a32f8eb6

🔍 Vidlax direkt analizi: https://diziyiizle2.com/gibi/6-sezon-6-bolum/
📄 Sayfa içeriği alındı: 176132 karakter
❌ m3u8 URL'si bulunamadı
      ❌ m3u8 bulunamadı
   🔍 [62/68] Bölüm: https://diziyiizle2.com/gibi/6-sezon-7-bolum/
📺 Embed URL bulundu: https://vidlax.xyz/embed/7f553e1cf4834f2b
🔍 Embed URL kontrol ediliyor: https://vidlax.xyz/embed/7f553e1cf4834f2b
❌ Embed URL kontrol hatası (https://vidlax.xyz/embed/7f553e1cf4834f2b): 404 Client Error: Not Found for url: https://vidlax.xyz/embed/7f553e1cf4834f2b

🔍 Vidlax direkt analizi: https://vidlax.xyz/embed/7f553e1cf4834f2b
Vidlax analiz hatası: 404 Client Error: Not Found for url: https://vidlax.xyz/embed/7f553e1cf4834f2b

🔍 Vidlax direkt analizi: https://diziyiizle2.com/gibi/6-sezon-7-bolum/
📄 Sayfa içeriği alındı: 176424 karakter
❌ m3u8 URL'si bulunamadı
      ❌ m3u8 bulunamadı
   🔍 [63/68] Bölüm: https://diziyiizle2.com/gibi/6-sezon-8-bolum/
📺 Embed URL bulundu: https://vidlax.xyz/embed/7b79196b03121b47
🔍 Embed URL kontrol ediliyor: https://vidlax.xyz/embed/7b79196b03121b47
❌ Embed URL kontrol hatası (https://vidlax.xyz/embed/7b79196b03121b47): 404 Client Error: Not Found for url: https://vidlax.xyz/embed/7b79196b03121b47

🔍 Vidlax direkt analizi: https://vidlax.xyz/embed/7b79196b03121b47
Vidlax analiz hatası: 404 Client Error: Not Found for url: https://vidlax.xyz/embed/7b79196b03121b47

🔍 Vidlax direkt analizi: https://diziyiizle2.com/gibi/6-sezon-8-bolum/
📄 Sayfa içeriği alındı: 178288 karakter
❌ m3u8 URL'si bulunamadı
      ❌ m3u8 bulunamadı
   🔍 [64/68] Bölüm: https://diziyiizle2.com/gibi/6-sezon-9-bolum/
📺 Embed URL bulundu: https://vidlax.xyz/embed/e5f2002b46d0152b
🔍 Embed URL kontrol ediliyor: https://vidlax.xyz/embed/e5f2002b46d0152b
❌ Embed URL kontrol hatası (https://vidlax.xyz/embed/e5f2002b46d0152b): 404 Client Error: Not Found for url: https://vidlax.xyz/embed/e5f2002b46d0152b

🔍 Vidlax direkt analizi: https://vidlax.xyz/embed/e5f2002b46d0152b
Vidlax analiz hatası: 404 Client Error: Not Found for url: https://vidlax.xyz/embed/e5f2002b46d0152b

🔍 Vidlax direkt analizi: https://diziyiizle2.com/gibi/6-sezon-9-bolum/
📄 Sayfa içeriği alındı: 176120 karakter
❌ m3u8 URL'si bulunamadı
      ❌ m3u8 bulunamadı
   🔍 [65/68] Bölüm: https://diziyiizle2.com/gibi/6-sezon-10-bolum/
📺 Embed URL bulundu: https://vidlax.xyz/embed/b2cbde85f8e32d50
🔍 Embed URL kontrol ediliyor: https://vidlax.xyz/embed/b2cbde85f8e32d50
❌ Embed URL kontrol hatası (https://vidlax.xyz/embed/b2cbde85f8e32d50): 404 Client Error: Not Found for url: https://vidlax.xyz/embed/b2cbde85f8e32d50

🔍 Vidlax direkt analizi: https://vidlax.xyz/embed/b2cbde85f8e32d50
Vidlax analiz hatası: 404 Client Error: Not Found for url: https://vidlax.xyz/embed/b2cbde85f8e32d50

🔍 Vidlax direkt analizi: https://diziyiizle2.com/gibi/6-sezon-10-bolum/
📄 Sayfa içeriği alındı: 176221 karakter
❌ m3u8 URL'si bulunamadı
      ❌ m3u8 bulunamadı
   🔍 [66/68] Bölüm: https://diziyiizle2.com/gibi/6-sezon-11-bolum/
📺 Embed URL bulundu: https://vidlax.xyz/embed/f5c75f17ec8097ca
🔍 Embed URL kontrol ediliyor: https://vidlax.xyz/embed/f5c75f17ec8097ca
❌ Embed URL kontrol hatası (https://vidlax.xyz/embed/f5c75f17ec8097ca): 404 Client Error: Not Found for url: https://vidlax.xyz/embed/f5c75f17ec8097ca

🔍 Vidlax direkt analizi: https://vidlax.xyz/embed/f5c75f17ec8097ca
Vidlax analiz hatası: 404 Client Error: Not Found for url: https://vidlax.xyz/embed/f5c75f17ec8097ca

🔍 Vidlax direkt analizi: https://diziyiizle2.com/gibi/6-sezon-11-bolum/
📄 Sayfa içeriği alındı: 176042 karakter
❌ m3u8 URL'si bulunamadı
      ❌ m3u8 bulunamadı
   🔍 [67/68] Bölüm: https://diziyiizle2.com/gibi/6-sezon-12-bolum/
📺 Embed URL bulundu: https://vidlax.xyz/embed/f44b1fdfb56fad41
🔍 Embed URL kontrol ediliyor: https://vidlax.xyz/embed/f44b1fdfb56fad41
❌ Embed URL kontrol hatası (https://vidlax.xyz/embed/f44b1fdfb56fad41): 404 Client Error: Not Found for url: https://vidlax.xyz/embed/f44b1fdfb56fad41

🔍 Vidlax direkt analizi: https://vidlax.xyz/embed/f44b1fdfb56fad41
Vidlax analiz hatası: 404 Client Error: Not Found for url: https://vidlax.xyz/embed/f44b1fdfb56fad41

🔍 Vidlax direkt analizi: https://diziyiizle2.com/gibi/6-sezon-12-bolum/
📄 Sayfa içeriği alındı: 176180 karakter
❌ m3u8 URL'si bulunamadı
      ❌ m3u8 bulunamadı
   🔍 [68/68] Bölüm: https://diziyiizle2.com/gibi/6-sezon-13-bolum/
📺 Embed URL bulundu: https://vidlax.xyz/embed/8d73fd3c7edaa30e
🔍 Embed URL kontrol ediliyor: https://vidlax.xyz/embed/8d73fd3c7edaa30e
❌ Embed URL kontrol hatası (https://vidlax.xyz/embed/8d73fd3c7edaa30e): 404 Client Error: Not Found for url: https://vidlax.xyz/embed/8d73fd3c7edaa30e

🔍 Vidlax direkt analizi: https://vidlax.xyz/embed/8d73fd3c7edaa30e
Vidlax analiz hatası: 404 Client Error: Not Found for url: https://vidlax.xyz/embed/8d73fd3c7edaa30e

🔍 Vidlax direkt analizi: https://diziyiizle2.com/gibi/6-sezon-13-bolum/
📄 Sayfa içeriği alındı: 176202 karakter
❌ m3u8 URL'si bulunamadı
      ❌ m3u8 bulunamadı
   ❌ Bu dizi için hiç m3u8 bulunamadı

============================================================
🎬 [30/56] İşleniyor: https://diziyiizle2.com/dizi/var-bunlar-izle-14/
📺 Bölüm bulundu: Loot3.Sezon 3.BölümAltyazılı - https://diziyiizle2.com/loot/3-sezon-3-bolum/
📺 Bölüm bulundu: Gen V2.Sezon 8.BölümAltyazılı - https://diziyiizle2.com/gen-v-5/2-sezon-8-bolum/
📺 Bölüm bulundu: High Potential2.Sezon 6.BölümAltyazılı - https://diziyiizle2.com/high-potential/2-sezon-6-bolum/
📺 Bölüm bulundu: The Morning Show4.Sezon 6.BölümAltyazılı - https://diziyiizle2.com/the-morning-show/4-sezon-6-bolum/
📺 Bölüm bulundu: The Forsytes1.Sezon 1.BölümAltyazılı - https://diziyiizle2.com/the-forsytes/1-sezon-1-bolum/
📺 Bölüm bulundu: Anne Rice's Talamasca: The Secret Order1.Sezon 1.BölümAltyazılı - https://diziyiizle2.com/anne-rices-talamasca-the-secret-order/1-sezon-1-bolum/
📺 Bölüm bulundu: The Ridge1.Sezon 1.BölümAltyazılı - https://diziyiizle2.com/the-ridge/1-sezon-1-bolum/
📺 Bölüm bulundu: Watson2.Sezon 2.BölümAltyazılı - https://diziyiizle2.com/watson-2/2-sezon-2-bolum/
📺 Bölüm bulundu: Chad Powers1.Sezon 5.BölümDublaj - https://diziyiizle2.com/chad-powers/1-sezon-5-bolum/
📺 Bölüm bulundu: DMV1.Sezon 2.BölümAltyazılı - https://diziyiizle2.com/dmv/1-sezon-2-bolum/
📺 Bölüm bulundu: Only Murders in the Building5.Sezon 9.BölümAltyazılı - https://diziyiizle2.com/only-murders-in-the-building-6/5-sezon-9-bolum/
📺 Bölüm bulundu: Mahsun J2.Sezon 12.BölümAltyazılı - https://diziyiizle2.com/mahsun-j-12/2-sezon-12-bolum/

📊 Toplam 12 bölüm bulundu
   🔍 [1/12] Bölüm: https://diziyiizle2.com/loot/3-sezon-3-bolum/
📺 Embed URL bulundu: https://vidlax.xyz/embed/abd50ce66b5e0c90
🔍 Embed URL kontrol ediliyor: https://vidlax.xyz/embed/abd50ce66b5e0c90
❌ Embed URL kontrol hatası (https://vidlax.xyz/embed/abd50ce66b5e0c90): 404 Client Error: Not Found for url: https://vidlax.xyz/embed/abd50ce66b5e0c90

🔍 Vidlax direkt analizi: https://vidlax.xyz/embed/abd50ce66b5e0c90
Vidlax analiz hatası: 404 Client Error: Not Found for url: https://vidlax.xyz/embed/abd50ce66b5e0c90

🔍 Vidlax direkt analizi: https://diziyiizle2.com/loot/3-sezon-3-bolum/
📄 Sayfa içeriği alındı: 124230 karakter
❌ m3u8 URL'si bulunamadı
      ❌ m3u8 bulunamadı
   🔍 [2/12] Bölüm: https://diziyiizle2.com/gen-v-5/2-sezon-8-bolum/
📺 Embed URL bulundu: https://vidlax.xyz/embed/eb339d1152d134d4
🔍 Embed URL kontrol ediliyor: https://vidlax.xyz/embed/eb339d1152d134d4
❌ Embed URL kontrol hatası (https://vidlax.xyz/embed/eb339d1152d134d4): 404 Client Error: Not Found for url: https://vidlax.xyz/embed/eb339d1152d134d4

🔍 Vidlax direkt analizi: https://vidlax.xyz/embed/eb339d1152d134d4
Vidlax analiz hatası: 404 Client Error: Not Found for url: https://vidlax.xyz/embed/eb339d1152d134d4

🔍 Vidlax direkt analizi: https://diziyiizle2.com/gen-v-5/2-sezon-8-bolum/
📄 Sayfa içeriği alındı: 105418 karakter
❌ m3u8 URL'si bulunamadı
      ❌ m3u8 bulunamadı
   🔍 [3/12] Bölüm: https://diziyiizle2.com/high-potential/2-sezon-6-bolum/
📺 Embed URL bulundu: https://vidlax.xyz/embed/921537efef8593a1
🔍 Embed URL kontrol ediliyor: https://vidlax.xyz/embed/921537efef8593a1
❌ Embed URL kontrol hatası (https://vidlax.xyz/embed/921537efef8593a1): 404 Client Error: Not Found for url: https://vidlax.xyz/embed/921537efef8593a1

🔍 Vidlax direkt analizi: https://vidlax.xyz/embed/921537efef8593a1
Vidlax analiz hatası: 404 Client Error: Not Found for url: https://vidlax.xyz/embed/921537efef8593a1

🔍 Vidlax direkt analizi: https://diziyiizle2.com/high-potential/2-sezon-6-bolum/
📄 Sayfa içeriği alındı: 124986 karakter
❌ m3u8 URL'si bulunamadı
      ❌ m3u8 bulunamadı
   🔍 [4/12] Bölüm: https://diziyiizle2.com/the-morning-show/4-sezon-6-bolum/
📺 Embed URL bulundu: https://vidlax.xyz/embed/8a055eba74647df6
🔍 Embed URL kontrol ediliyor: https://vidlax.xyz/embed/8a055eba74647df6
❌ Embed URL kontrol hatası (https://vidlax.xyz/embed/8a055eba74647df6): 404 Client Error: Not Found for url: https://vidlax.xyz/embed/8a055eba74647df6

🔍 Vidlax direkt analizi: https://vidlax.xyz/embed/8a055eba74647df6
Vidlax analiz hatası: 404 Client Error: Not Found for url: https://vidlax.xyz/embed/8a055eba74647df6

🔍 Vidlax direkt analizi: https://diziyiizle2.com/the-morning-show/4-sezon-6-bolum/
📄 Sayfa içeriği alındı: 139009 karakter
❌ m3u8 URL'si bulunamadı
      ❌ m3u8 bulunamadı
   🔍 [5/12] Bölüm: https://diziyiizle2.com/the-forsytes/1-sezon-1-bolum/

🔍 Vidlax direkt analizi: https://diziyiizle2.com/the-forsytes/1-sezon-1-bolum/
📄 Sayfa içeriği alındı: 93475 karakter
❌ m3u8 URL'si bulunamadı
      ❌ m3u8 bulunamadı
   🔍 [6/12] Bölüm: https://diziyiizle2.com/anne-rices-talamasca-the-secret-order/1-sezon-1-bolum/
📺 Embed URL bulundu: https://vidlax.xyz/embed/242939a781087a52
🔍 Embed URL kontrol ediliyor: https://vidlax.xyz/embed/242939a781087a52
❌ Embed URL kontrol hatası (https://vidlax.xyz/embed/242939a781087a52): 404 Client Error: Not Found for url: https://vidlax.xyz/embed/242939a781087a52

🔍 Vidlax direkt analizi: https://vidlax.xyz/embed/242939a781087a52
Vidlax analiz hatası: 404 Client Error: Not Found for url: https://vidlax.xyz/embed/242939a781087a52

🔍 Vidlax direkt analizi: https://diziyiizle2.com/anne-rices-talamasca-the-secret-order/1-sezon-1-bolum/
📄 Sayfa içeriği alındı: 94290 karakter
❌ m3u8 URL'si bulunamadı
      ❌ m3u8 bulunamadı
   🔍 [7/12] Bölüm: https://diziyiizle2.com/the-ridge/1-sezon-1-bolum/
📺 Embed URL bulundu: https://vidlax.xyz/embed/7016961717fa3389
🔍 Embed URL kontrol ediliyor: https://vidlax.xyz/embed/7016961717fa3389
❌ Embed URL kontrol hatası (https://vidlax.xyz/embed/7016961717fa3389): 404 Client Error: Not Found for url: https://vidlax.xyz/embed/7016961717fa3389

🔍 Vidlax direkt analizi: https://vidlax.xyz/embed/7016961717fa3389
Vidlax analiz hatası: 404 Client Error: Not Found for url: https://vidlax.xyz/embed/7016961717fa3389

🔍 Vidlax direkt analizi: https://diziyiizle2.com/the-ridge/1-sezon-1-bolum/
📄 Sayfa içeriği alındı: 92797 karakter
❌ m3u8 URL'si bulunamadı
      ❌ m3u8 bulunamadı
   🔍 [8/12] Bölüm: https://diziyiizle2.com/watson-2/2-sezon-2-bolum/
📺 Embed URL bulundu: https://vidlax.xyz/embed/8c7efc6a5b7c1b7d
🔍 Embed URL kontrol ediliyor: https://vidlax.xyz/embed/8c7efc6a5b7c1b7d
❌ Embed URL kontrol hatası (https://vidlax.xyz/embed/8c7efc6a5b7c1b7d): 404 Client Error: Not Found for url: https://vidlax.xyz/embed/8c7efc6a5b7c1b7d

🔍 Vidlax direkt analizi: https://vidlax.xyz/embed/8c7efc6a5b7c1b7d
Vidlax analiz hatası: 404 Client Error: Not Found for url: https://vidlax.xyz/embed/8c7efc6a5b7c1b7d

🔍 Vidlax direkt analizi: https://diziyiizle2.com/watson-2/2-sezon-2-bolum/
📄 Sayfa içeriği alındı: 111067 karakter
❌ m3u8 URL'si bulunamadı
      ❌ m3u8 bulunamadı
   🔍 [9/12] Bölüm: https://diziyiizle2.com/chad-powers/1-sezon-5-bolum/
📺 Embed URL bulundu: https://vidlax.xyz/embed/3878ba25391b0044
🔍 Embed URL kontrol ediliyor: https://vidlax.xyz/embed/3878ba25391b0044
❌ Embed URL kontrol hatası (https://vidlax.xyz/embed/3878ba25391b0044): 404 Client Error: Not Found for url: https://vidlax.xyz/embed/3878ba25391b0044

🔍 Vidlax direkt analizi: https://vidlax.xyz/embed/3878ba25391b0044
Vidlax analiz hatası: 404 Client Error: Not Found for url: https://vidlax.xyz/embed/3878ba25391b0044

🔍 Vidlax direkt analizi: https://diziyiizle2.com/chad-powers/1-sezon-5-bolum/
📄 Sayfa içeriği alındı: 94810 karakter
❌ m3u8 URL'si bulunamadı
      ❌ m3u8 bulunamadı
   🔍 [10/12] Bölüm: https://diziyiizle2.com/dmv/1-sezon-2-bolum/
📺 Embed URL bulundu: https://vidlax.xyz/embed/68a79b78c241beea
🔍 Embed URL kontrol ediliyor: https://vidlax.xyz/embed/68a79b78c241beea
❌ Embed URL kontrol hatası (https://vidlax.xyz/embed/68a79b78c241beea): 404 Client Error: Not Found for url: https://vidlax.xyz/embed/68a79b78c241beea

🔍 Vidlax direkt analizi: https://vidlax.xyz/embed/68a79b78c241beea
Vidlax analiz hatası: 404 Client Error: Not Found for url: https://vidlax.xyz/embed/68a79b78c241beea

🔍 Vidlax direkt analizi: https://diziyiizle2.com/dmv/1-sezon-2-bolum/
📄 Sayfa içeriği alındı: 90601 karakter
❌ m3u8 URL'si bulunamadı
      ❌ m3u8 bulunamadı
   🔍 [11/12] Bölüm: https://diziyiizle2.com/only-murders-in-the-building-6/5-sezon-9-bolum/
📺 Embed URL bulundu: https://vidlax.xyz/embed/d677ebae91b8fc6e
🔍 Embed URL kontrol ediliyor: https://vidlax.xyz/embed/d677ebae91b8fc6e
❌ Embed URL kontrol hatası (https://vidlax.xyz/embed/d677ebae91b8fc6e): 404 Client Error: Not Found for url: https://vidlax.xyz/embed/d677ebae91b8fc6e

🔍 Vidlax direkt analizi: https://vidlax.xyz/embed/d677ebae91b8fc6e
Vidlax analiz hatası: 404 Client Error: Not Found for url: https://vidlax.xyz/embed/d677ebae91b8fc6e

🔍 Vidlax direkt analizi: https://diziyiizle2.com/only-murders-in-the-building-6/5-sezon-9-bolum/
📄 Sayfa içeriği alındı: 153437 karakter
❌ m3u8 URL'si bulunamadı
      ❌ m3u8 bulunamadı
   🔍 [12/12] Bölüm: https://diziyiizle2.com/mahsun-j-12/2-sezon-12-bolum/
📺 Embed URL bulundu: https://www.youtube.com/embed/f0xEeMszr4M
🔍 Embed URL kontrol ediliyor: https://www.youtube.com/embed/f0xEeMszr4M
📄 Embed sayfa içeriği alındı, boyut: 122209 karakter

🔍 Vidlax direkt analizi: https://www.youtube.com/embed/f0xEeMszr4M
📄 Sayfa içeriği alındı: 121044 karakter
❌ m3u8 URL'si bulunamadı

🔍 Vidlax direkt analizi: https://diziyiizle2.com/mahsun-j-12/2-sezon-12-bolum/
📄 Sayfa içeriği alındı: 111428 karakter
❌ m3u8 URL'si bulunamadı
      ❌ m3u8 bulunamadı
   ❌ Bu dizi için hiç m3u8 bulunamadı

============================================================
🎬 [31/56] İşleniyor: https://diziyiizle2.com/dizi/prens-izle-4/
📺 Bölüm bulundu: 1. Sezon 1. BölümDual10.08.202538 dk. - https://diziyiizle2.com/prens-izle-4/1-sezon-1-bolum/
📺 Bölüm bulundu: 1. Sezon 2. BölümDual10.08.202539 dk. - https://diziyiizle2.com/prens-izle-4/1-sezon-2-bolum/
📺 Bölüm bulundu: 1. Sezon 3. BölümDual10.08.202545 dk. - https://diziyiizle2.com/prens-izle-4/1-sezon-3-bolum/
📺 Bölüm bulundu: 1. Sezon 4. BölümDual10.08.202548 dk. - https://diziyiizle2.com/prens-izle-4/1-sezon-4-bolum/
📺 Bölüm bulundu: 1. Sezon 5. BölümDual10.08.202544 dk. - https://diziyiizle2.com/prens-izle-4/1-sezon-5-bolum/
📺 Bölüm bulundu: 1. Sezon 6. BölümDual10.08.202539 dk. - https://diziyiizle2.com/prens-izle-4/1-sezon-6-bolum/
📺 Bölüm bulundu: 1. Sezon 7. BölümDual10.08.202541 dk. - https://diziyiizle2.com/prens-izle-4/1-sezon-7-bolum/
📺 Bölüm bulundu: 1. Sezon 8. BölümDual10.08.202549 dk. - https://diziyiizle2.com/prens-izle-4/1-sezon-8-bolum/
📺 Bölüm bulundu: 2. Sezon 1. BölümDual10.08.202542 dk. - https://diziyiizle2.com/prens-izle-4/2-sezon-1-bolum/
📺 Bölüm bulundu: 2. Sezon 2. BölümDual10.08.202546 dk. - https://diziyiizle2.com/prens-izle-4/2-sezon-2-bolum/
📺 Bölüm bulundu: 2. Sezon 3. BölümDual10.08.202543 dk. - https://diziyiizle2.com/prens-izle-4/2-sezon-3-bolum/
📺 Bölüm bulundu: 2. Sezon 4. BölümDual10.08.202542 dk. - https://diziyiizle2.com/prens-izle-4/2-sezon-4-bolum/
📺 Bölüm bulundu: 2. Sezon 5. BölümDual10.08.202545 dk. - https://diziyiizle2.com/prens-izle-4/2-sezon-5-bolum/
📺 Bölüm bulundu: 2. Sezon 6. BölümDual10.08.202543 dk. - https://diziyiizle2.com/prens-izle-4/2-sezon-6-bolum/
📺 Bölüm bulundu: 2. Sezon 7. BölümDual10.08.202555 dk. - https://diziyiizle2.com/prens-izle-4/2-sezon-7-bolum/
📺 Bölüm bulundu: 3. Sezon 1. BölümDual10.08.202557 dk. - https://diziyiizle2.com/prens-izle-4/3-sezon-1-bolum/
📺 Bölüm bulundu: 3. Sezon 2. BölümDual10.08.202553 dk. - https://diziyiizle2.com/prens-izle-4/3-sezon-2-bolum/
📺 Bölüm bulundu: 3. Sezon 3. BölümDual10.08.202557 dk. - https://diziyiizle2.com/prens-izle-4/3-sezon-3-bolum/
📺 Bölüm bulundu: 3. Sezon 4. BölümAltyazılı10.08.202555 dk. - https://diziyiizle2.com/prens-izle-4/3-sezon-4-bolum/
📺 Bölüm bulundu: 3. Sezon 5. BölümDual10.08.202554 dk. - https://diziyiizle2.com/prens-izle-4/3-sezon-5-bolum/
📺 Bölüm bulundu: 3. Sezon 6. BölümDual10.08.202551 dk. - https://diziyiizle2.com/prens-izle-4/3-sezon-6-bolum/
📺 Bölüm bulundu: 3. Sezon 7. BölümDual10.08.202546 dk. - https://diziyiizle2.com/prens-izle-4/3-sezon-7-bolum/
📺 Bölüm bulundu: 3. Sezon 8. BölümDual10.08.202565 dk. - https://diziyiizle2.com/prens-izle-4/3-sezon-8-bolum/

📊 Toplam 23 bölüm bulundu
   🔍 [1/23] Bölüm: https://diziyiizle2.com/prens-izle-4/1-sezon-1-bolum/
📺 Embed URL bulundu: https://vidlax.xyz/embed/ea6baadf3a8eda54
🔍 Embed URL kontrol ediliyor: https://vidlax.xyz/embed/ea6baadf3a8eda54
❌ Embed URL kontrol hatası (https://vidlax.xyz/embed/ea6baadf3a8eda54): 404 Client Error: Not Found for url: https://vidlax.xyz/embed/ea6baadf3a8eda54

🔍 Vidlax direkt analizi: https://vidlax.xyz/embed/ea6baadf3a8eda54
Vidlax analiz hatası: 404 Client Error: Not Found for url: https://vidlax.xyz/embed/ea6baadf3a8eda54

🔍 Vidlax direkt analizi: https://diziyiizle2.com/prens-izle-4/1-sezon-1-bolum/
📄 Sayfa içeriği alındı: 116218 karakter
❌ m3u8 URL'si bulunamadı
      ❌ m3u8 bulunamadı
   🔍 [2/23] Bölüm: https://diziyiizle2.com/prens-izle-4/1-sezon-2-bolum/
📺 Embed URL bulundu: https://vidlax.xyz/embed/b7fffab06fae0ba6
🔍 Embed URL kontrol ediliyor: https://vidlax.xyz/embed/b7fffab06fae0ba6
❌ Embed URL kontrol hatası (https://vidlax.xyz/embed/b7fffab06fae0ba6): 404 Client Error: Not Found for url: https://vidlax.xyz/embed/b7fffab06fae0ba6

🔍 Vidlax direkt analizi: https://vidlax.xyz/embed/b7fffab06fae0ba6
Vidlax analiz hatası: 404 Client Error: Not Found for url: https://vidlax.xyz/embed/b7fffab06fae0ba6

🔍 Vidlax direkt analizi: https://diziyiizle2.com/prens-izle-4/1-sezon-2-bolum/
📄 Sayfa içeriği alındı: 116245 karakter
❌ m3u8 URL'si bulunamadı
      ❌ m3u8 bulunamadı
   🔍 [3/23] Bölüm: https://diziyiizle2.com/prens-izle-4/1-sezon-3-bolum/
📺 Embed URL bulundu: https://vidlax.xyz/embed/c36abd0347fe7904
🔍 Embed URL kontrol ediliyor: https://vidlax.xyz/embed/c36abd0347fe7904
❌ Embed URL kontrol hatası (https://vidlax.xyz/embed/c36abd0347fe7904): 404 Client Error: Not Found for url: https://vidlax.xyz/embed/c36abd0347fe7904

🔍 Vidlax direkt analizi: https://vidlax.xyz/embed/c36abd0347fe7904
Vidlax analiz hatası: 404 Client Error: Not Found for url: https://vidlax.xyz/embed/c36abd0347fe7904

🔍 Vidlax direkt analizi: https://diziyiizle2.com/prens-izle-4/1-sezon-3-bolum/
📄 Sayfa içeriği alındı: 118257 karakter
❌ m3u8 URL'si bulunamadı
      ❌ m3u8 bulunamadı
   🔍 [4/23] Bölüm: https://diziyiizle2.com/prens-izle-4/1-sezon-4-bolum/
📺 Embed URL bulundu: https://vidlax.xyz/embed/bc93ad37ebb774c0
🔍 Embed URL kontrol ediliyor: https://vidlax.xyz/embed/bc93ad37ebb774c0
❌ Embed URL kontrol hatası (https://vidlax.xyz/embed/bc93ad37ebb774c0): 404 Client Error: Not Found for url: https://vidlax.xyz/embed/bc93ad37ebb774c0

🔍 Vidlax direkt analizi: https://vidlax.xyz/embed/bc93ad37ebb774c0
Vidlax analiz hatası: 404 Client Error: Not Found for url: https://vidlax.xyz/embed/bc93ad37ebb774c0

🔍 Vidlax direkt analizi: https://diziyiizle2.com/prens-izle-4/1-sezon-4-bolum/
📄 Sayfa içeriği alındı: 116255 karakter
❌ m3u8 URL'si bulunamadı
      ❌ m3u8 bulunamadı
   🔍 [5/23] Bölüm: https://diziyiizle2.com/prens-izle-4/1-sezon-5-bolum/
📺 Embed URL bulundu: https://vidlax.xyz/embed/8a02dbd273505a8b
🔍 Embed URL kontrol ediliyor: https://vidlax.xyz/embed/8a02dbd273505a8b
❌ Embed URL kontrol hatası (https://vidlax.xyz/embed/8a02dbd273505a8b): 404 Client Error: Not Found for url: https://vidlax.xyz/embed/8a02dbd273505a8b

🔍 Vidlax direkt analizi: https://vidlax.xyz/embed/8a02dbd273505a8b
Vidlax analiz hatası: 404 Client Error: Not Found for url: https://vidlax.xyz/embed/8a02dbd273505a8b

🔍 Vidlax direkt analizi: https://diziyiizle2.com/prens-izle-4/1-sezon-5-bolum/
📄 Sayfa içeriği alındı: 116030 karakter
❌ m3u8 URL'si bulunamadı
      ❌ m3u8 bulunamadı
   🔍 [6/23] Bölüm: https://diziyiizle2.com/prens-izle-4/1-sezon-6-bolum/
📺 Embed URL bulundu: https://vidlax.xyz/embed/101a24d32814d075
🔍 Embed URL kontrol ediliyor: https://vidlax.xyz/embed/101a24d32814d075
❌ Embed URL kontrol hatası (https://vidlax.xyz/embed/101a24d32814d075): 404 Client Error: Not Found for url: https://vidlax.xyz/embed/101a24d32814d075

🔍 Vidlax direkt analizi: https://vidlax.xyz/embed/101a24d32814d075
Vidlax analiz hatası: 404 Client Error: Not Found for url: https://vidlax.xyz/embed/101a24d32814d075

🔍 Vidlax direkt analizi: https://diziyiizle2.com/prens-izle-4/1-sezon-6-bolum/
📄 Sayfa içeriği alındı: 116246 karakter
❌ m3u8 URL'si bulunamadı
      ❌ m3u8 bulunamadı
   🔍 [7/23] Bölüm: https://diziyiizle2.com/prens-izle-4/1-sezon-7-bolum/
📺 Embed URL bulundu: https://vidlax.xyz/embed/40cfaf57a20c3d9f
🔍 Embed URL kontrol ediliyor: https://vidlax.xyz/embed/40cfaf57a20c3d9f
❌ Embed URL kontrol hatası (https://vidlax.xyz/embed/40cfaf57a20c3d9f): 404 Client Error: Not Found for url: https://vidlax.xyz/embed/40cfaf57a20c3d9f

🔍 Vidlax direkt analizi: https://vidlax.xyz/embed/40cfaf57a20c3d9f
Vidlax analiz hatası: 404 Client Error: Not Found for url: https://vidlax.xyz/embed/40cfaf57a20c3d9f

🔍 Vidlax direkt analizi: https://diziyiizle2.com/prens-izle-4/1-sezon-7-bolum/
📄 Sayfa içeriği alındı: 116208 karakter
❌ m3u8 URL'si bulunamadı
      ❌ m3u8 bulunamadı
   🔍 [8/23] Bölüm: https://diziyiizle2.com/prens-izle-4/1-sezon-8-bolum/
📺 Embed URL bulundu: https://vidlax.xyz/embed/b307773309f2fcd5
🔍 Embed URL kontrol ediliyor: https://vidlax.xyz/embed/b307773309f2fcd5
❌ Embed URL kontrol hatası (https://vidlax.xyz/embed/b307773309f2fcd5): 404 Client Error: Not Found for url: https://vidlax.xyz/embed/b307773309f2fcd5

🔍 Vidlax direkt analizi: https://vidlax.xyz/embed/b307773309f2fcd5
Vidlax analiz hatası: 404 Client Error: Not Found for url: https://vidlax.xyz/embed/b307773309f2fcd5

🔍 Vidlax direkt analizi: https://diziyiizle2.com/prens-izle-4/1-sezon-8-bolum/
📄 Sayfa içeriği alındı: 116293 karakter
❌ m3u8 URL'si bulunamadı
      ❌ m3u8 bulunamadı
   🔍 [9/23] Bölüm: https://diziyiizle2.com/prens-izle-4/2-sezon-1-bolum/
📺 Embed URL bulundu: https://vidlax.xyz/embed/3331980f19a9a7f6
🔍 Embed URL kontrol ediliyor: https://vidlax.xyz/embed/3331980f19a9a7f6
❌ Embed URL kontrol hatası (https://vidlax.xyz/embed/3331980f19a9a7f6): 404 Client Error: Not Found for url: https://vidlax.xyz/embed/3331980f19a9a7f6

🔍 Vidlax direkt analizi: https://vidlax.xyz/embed/3331980f19a9a7f6
Vidlax analiz hatası: 404 Client Error: Not Found for url: https://vidlax.xyz/embed/3331980f19a9a7f6

🔍 Vidlax direkt analizi: https://diziyiizle2.com/prens-izle-4/2-sezon-1-bolum/
📄 Sayfa içeriği alındı: 115967 karakter
❌ m3u8 URL'si bulunamadı
      ❌ m3u8 bulunamadı
   🔍 [10/23] Bölüm: https://diziyiizle2.com/prens-izle-4/2-sezon-2-bolum/
📺 Embed URL bulundu: https://vidlax.xyz/embed/bf9616a746e11031
🔍 Embed URL kontrol ediliyor: https://vidlax.xyz/embed/bf9616a746e11031
❌ Embed URL kontrol hatası (https://vidlax.xyz/embed/bf9616a746e11031): 404 Client Error: Not Found for url: https://vidlax.xyz/embed/bf9616a746e11031

🔍 Vidlax direkt analizi: https://vidlax.xyz/embed/bf9616a746e11031
Vidlax analiz hatası: 404 Client Error: Not Found for url: https://vidlax.xyz/embed/bf9616a746e11031

🔍 Vidlax direkt analizi: https://diziyiizle2.com/prens-izle-4/2-sezon-2-bolum/
📄 Sayfa içeriği alındı: 117824 karakter
❌ m3u8 URL'si bulunamadı
      ❌ m3u8 bulunamadı
   🔍 [11/23] Bölüm: https://diziyiizle2.com/prens-izle-4/2-sezon-3-bolum/
📺 Embed URL bulundu: https://vidlax.xyz/embed/7931d085cacd578d
🔍 Embed URL kontrol ediliyor: https://vidlax.xyz/embed/7931d085cacd578d
❌ Embed URL kontrol hatası (https://vidlax.xyz/embed/7931d085cacd578d): 404 Client Error: Not Found for url: https://vidlax.xyz/embed/7931d085cacd578d

🔍 Vidlax direkt analizi: https://vidlax.xyz/embed/7931d085cacd578d
Vidlax analiz hatası: 404 Client Error: Not Found for url: https://vidlax.xyz/embed/7931d085cacd578d

🔍 Vidlax direkt analizi: https://diziyiizle2.com/prens-izle-4/2-sezon-3-bolum/
📄 Sayfa içeriği alındı: 115650 karakter
❌ m3u8 URL'si bulunamadı
      ❌ m3u8 bulunamadı
   🔍 [12/23] Bölüm: https://diziyiizle2.com/prens-izle-4/2-sezon-4-bolum/
📺 Embed URL bulundu: https://vidlax.xyz/embed/ae3bce3193ac7b42
🔍 Embed URL kontrol ediliyor: https://vidlax.xyz/embed/ae3bce3193ac7b42
❌ Embed URL kontrol hatası (https://vidlax.xyz/embed/ae3bce3193ac7b42): 404 Client Error: Not Found for url: https://vidlax.xyz/embed/ae3bce3193ac7b42

🔍 Vidlax direkt analizi: https://vidlax.xyz/embed/ae3bce3193ac7b42
Vidlax analiz hatası: 404 Client Error: Not Found for url: https://vidlax.xyz/embed/ae3bce3193ac7b42

🔍 Vidlax direkt analizi: https://diziyiizle2.com/prens-izle-4/2-sezon-4-bolum/
📄 Sayfa içeriği alındı: 115989 karakter
❌ m3u8 URL'si bulunamadı
      ❌ m3u8 bulunamadı
   🔍 [13/23] Bölüm: https://diziyiizle2.com/prens-izle-4/2-sezon-5-bolum/
📺 Embed URL bulundu: https://vidlax.xyz/embed/15cd05a347502dba
🔍 Embed URL kontrol ediliyor: https://vidlax.xyz/embed/15cd05a347502dba
❌ Embed URL kontrol hatası (https://vidlax.xyz/embed/15cd05a347502dba): 404 Client Error: Not Found for url: https://vidlax.xyz/embed/15cd05a347502dba

🔍 Vidlax direkt analizi: https://vidlax.xyz/embed/15cd05a347502dba
Vidlax analiz hatası: 404 Client Error: Not Found for url: https://vidlax.xyz/embed/15cd05a347502dba

🔍 Vidlax direkt analizi: https://diziyiizle2.com/prens-izle-4/2-sezon-5-bolum/
📄 Sayfa içeriği alındı: 115690 karakter
❌ m3u8 URL'si bulunamadı
      ❌ m3u8 bulunamadı
   🔍 [14/23] Bölüm: https://diziyiizle2.com/prens-izle-4/2-sezon-6-bolum/
📺 Embed URL bulundu: https://vidlax.xyz/embed/28bf20484047c4cb
🔍 Embed URL kontrol ediliyor: https://vidlax.xyz/embed/28bf20484047c4cb
❌ Embed URL kontrol hatası (https://vidlax.xyz/embed/28bf20484047c4cb): 404 Client Error: Not Found for url: https://vidlax.xyz/embed/28bf20484047c4cb

🔍 Vidlax direkt analizi: https://vidlax.xyz/embed/28bf20484047c4cb
Vidlax analiz hatası: 404 Client Error: Not Found for url: https://vidlax.xyz/embed/28bf20484047c4cb

🔍 Vidlax direkt analizi: https://diziyiizle2.com/prens-izle-4/2-sezon-6-bolum/
📄 Sayfa içeriği alındı: 115854 karakter
❌ m3u8 URL'si bulunamadı
      ❌ m3u8 bulunamadı
   🔍 [15/23] Bölüm: https://diziyiizle2.com/prens-izle-4/2-sezon-7-bolum/
📺 Embed URL bulundu: https://vidlax.xyz/embed/3750cb0618b69a76
🔍 Embed URL kontrol ediliyor: https://vidlax.xyz/embed/3750cb0618b69a76
❌ Embed URL kontrol hatası (https://vidlax.xyz/embed/3750cb0618b69a76): 404 Client Error: Not Found for url: https://vidlax.xyz/embed/3750cb0618b69a76

🔍 Vidlax direkt analizi: https://vidlax.xyz/embed/3750cb0618b69a76
Vidlax analiz hatası: 404 Client Error: Not Found for url: https://vidlax.xyz/embed/3750cb0618b69a76

🔍 Vidlax direkt analizi: https://diziyiizle2.com/prens-izle-4/2-sezon-7-bolum/
📄 Sayfa içeriği alındı: 115494 karakter
❌ m3u8 URL'si bulunamadı
      ❌ m3u8 bulunamadı
   🔍 [16/23] Bölüm: https://diziyiizle2.com/prens-izle-4/3-sezon-1-bolum/
📺 Embed URL bulundu: https://vidlax.xyz/embed/98299665ddc2d22c
🔍 Embed URL kontrol ediliyor: https://vidlax.xyz/embed/98299665ddc2d22c
❌ Embed URL kontrol hatası (https://vidlax.xyz/embed/98299665ddc2d22c): 404 Client Error: Not Found for url: https://vidlax.xyz/embed/98299665ddc2d22c

🔍 Vidlax direkt analizi: https://vidlax.xyz/embed/98299665ddc2d22c
Vidlax analiz hatası: 404 Client Error: Not Found for url: https://vidlax.xyz/embed/98299665ddc2d22c

🔍 Vidlax direkt analizi: https://diziyiizle2.com/prens-izle-4/3-sezon-1-bolum/
📄 Sayfa içeriği alındı: 118685 karakter
❌ m3u8 URL'si bulunamadı
      ❌ m3u8 bulunamadı
   🔍 [17/23] Bölüm: https://diziyiizle2.com/prens-izle-4/3-sezon-2-bolum/
📺 Embed URL bulundu: https://vidlax.xyz/embed/7ffc27ae59479268
🔍 Embed URL kontrol ediliyor: https://vidlax.xyz/embed/7ffc27ae59479268
❌ Embed URL kontrol hatası (https://vidlax.xyz/embed/7ffc27ae59479268): 404 Client Error: Not Found for url: https://vidlax.xyz/embed/7ffc27ae59479268

🔍 Vidlax direkt analizi: https://vidlax.xyz/embed/7ffc27ae59479268
Vidlax analiz hatası: 404 Client Error: Not Found for url: https://vidlax.xyz/embed/7ffc27ae59479268

🔍 Vidlax direkt analizi: https://diziyiizle2.com/prens-izle-4/3-sezon-2-bolum/
📄 Sayfa içeriği alındı: 115757 karakter
❌ m3u8 URL'si bulunamadı
      ❌ m3u8 bulunamadı
   🔍 [18/23] Bölüm: https://diziyiizle2.com/prens-izle-4/3-sezon-3-bolum/
📺 Embed URL bulundu: https://vidlax.xyz/embed/eadc2905b25812c8
🔍 Embed URL kontrol ediliyor: https://vidlax.xyz/embed/eadc2905b25812c8
❌ Embed URL kontrol hatası (https://vidlax.xyz/embed/eadc2905b25812c8): 404 Client Error: Not Found for url: https://vidlax.xyz/embed/eadc2905b25812c8

🔍 Vidlax direkt analizi: https://vidlax.xyz/embed/eadc2905b25812c8
Vidlax analiz hatası: 404 Client Error: Not Found for url: https://vidlax.xyz/embed/eadc2905b25812c8

🔍 Vidlax direkt analizi: https://diziyiizle2.com/prens-izle-4/3-sezon-3-bolum/
📄 Sayfa içeriği alındı: 115946 karakter
❌ m3u8 URL'si bulunamadı
      ❌ m3u8 bulunamadı
   🔍 [19/23] Bölüm: https://diziyiizle2.com/prens-izle-4/3-sezon-4-bolum/

🔍 Vidlax direkt analizi: https://diziyiizle2.com/prens-izle-4/3-sezon-4-bolum/
📄 Sayfa içeriği alındı: 115868 karakter
❌ m3u8 URL'si bulunamadı
      ❌ m3u8 bulunamadı
   🔍 [20/23] Bölüm: https://diziyiizle2.com/prens-izle-4/3-sezon-5-bolum/
📺 Embed URL bulundu: https://vidlax.xyz/embed/9b86bd3041dcc758
🔍 Embed URL kontrol ediliyor: https://vidlax.xyz/embed/9b86bd3041dcc758
❌ Embed URL kontrol hatası (https://vidlax.xyz/embed/9b86bd3041dcc758): 404 Client Error: Not Found for url: https://vidlax.xyz/embed/9b86bd3041dcc758

🔍 Vidlax direkt analizi: https://vidlax.xyz/embed/9b86bd3041dcc758
Vidlax analiz hatası: 404 Client Error: Not Found for url: https://vidlax.xyz/embed/9b86bd3041dcc758

🔍 Vidlax direkt analizi: https://diziyiizle2.com/prens-izle-4/3-sezon-5-bolum/
📄 Sayfa içeriği alındı: 116003 karakter
❌ m3u8 URL'si bulunamadı
      ❌ m3u8 bulunamadı
   🔍 [21/23] Bölüm: https://diziyiizle2.com/prens-izle-4/3-sezon-6-bolum/
📺 Embed URL bulundu: https://vidlax.xyz/embed/71923198391429a6
🔍 Embed URL kontrol ediliyor: https://vidlax.xyz/embed/71923198391429a6
❌ Embed URL kontrol hatası (https://vidlax.xyz/embed/71923198391429a6): 404 Client Error: Not Found for url: https://vidlax.xyz/embed/71923198391429a6

🔍 Vidlax direkt analizi: https://vidlax.xyz/embed/71923198391429a6
Vidlax analiz hatası: 404 Client Error: Not Found for url: https://vidlax.xyz/embed/71923198391429a6

🔍 Vidlax direkt analizi: https://diziyiizle2.com/prens-izle-4/3-sezon-6-bolum/
📄 Sayfa içeriği alındı: 115719 karakter
❌ m3u8 URL'si bulunamadı
      ❌ m3u8 bulunamadı
   🔍 [22/23] Bölüm: https://diziyiizle2.com/prens-izle-4/3-sezon-7-bolum/
📺 Embed URL bulundu: https://vidlax.xyz/embed/a8b8d1cc111d451d
🔍 Embed URL kontrol ediliyor: https://vidlax.xyz/embed/a8b8d1cc111d451d
❌ Embed URL kontrol hatası (https://vidlax.xyz/embed/a8b8d1cc111d451d): 404 Client Error: Not Found for url: https://vidlax.xyz/embed/a8b8d1cc111d451d

🔍 Vidlax direkt analizi: https://vidlax.xyz/embed/a8b8d1cc111d451d
Vidlax analiz hatası: 404 Client Error: Not Found for url: https://vidlax.xyz/embed/a8b8d1cc111d451d

🔍 Vidlax direkt analizi: https://diziyiizle2.com/prens-izle-4/3-sezon-7-bolum/
📄 Sayfa içeriği alındı: 115899 karakter
❌ m3u8 URL'si bulunamadı
      ❌ m3u8 bulunamadı
   🔍 [23/23] Bölüm: https://diziyiizle2.com/prens-izle-4/3-sezon-8-bolum/
📺 Embed URL bulundu: https://vidlax.xyz/embed/ebfcbadf25b631a0
🔍 Embed URL kontrol ediliyor: https://vidlax.xyz/embed/ebfcbadf25b631a0
❌ Embed URL kontrol hatası (https://vidlax.xyz/embed/ebfcbadf25b631a0): 404 Client Error: Not Found for url: https://vidlax.xyz/embed/ebfcbadf25b631a0

🔍 Vidlax direkt analizi: https://vidlax.xyz/embed/ebfcbadf25b631a0
Vidlax analiz hatası: 404 Client Error: Not Found for url: https://vidlax.xyz/embed/ebfcbadf25b631a0

🔍 Vidlax direkt analizi: https://diziyiizle2.com/prens-izle-4/3-sezon-8-bolum/
📄 Sayfa içeriği alındı: 115754 karakter
❌ m3u8 URL'si bulunamadı
      ❌ m3u8 bulunamadı
   ❌ Bu dizi için hiç m3u8 bulunamadı

============================================================
🎬 [32/56] İşleniyor: https://diziyiizle2.com/dizi/boots/
📺 Bölüm bulundu: 1. Sezon 1. BölümDublaj09.10.202541 dk. - https://diziyiizle2.com/boots/1-sezon-1-bolum/
📺 Bölüm bulundu: 1. Sezon 2. BölümDublaj09.10.202540 dk. - https://diziyiizle2.com/boots/1-sezon-2-bolum/
📺 Bölüm bulundu: 1. Sezon 3. BölümDublaj09.10.202543 dk. - https://diziyiizle2.com/boots/1-sezon-3-bolum/
📺 Bölüm bulundu: 1. Sezon 4. BölümDublaj09.10.202542 dk. - https://diziyiizle2.com/boots/1-sezon-4-bolum/
📺 Bölüm bulundu: 1. Sezon 5. BölümDublaj09.10.202546 dk. - https://diziyiizle2.com/boots/1-sezon-5-bolum/
📺 Bölüm bulundu: 1. Sezon 6. BölümDublaj09.10.202540 dk. - https://diziyiizle2.com/boots/1-sezon-6-bolum/
📺 Bölüm bulundu: 1. Sezon 7. BölümDublaj09.10.202545 dk. - https://diziyiizle2.com/boots/1-sezon-7-bolum/
📺 Bölüm bulundu: 1. Sezon 8. BölümDublaj09.10.202550 dk. - https://diziyiizle2.com/boots/1-sezon-8-bolum/

📊 Toplam 8 bölüm bulundu
   🔍 [1/8] Bölüm: https://diziyiizle2.com/boots/1-sezon-1-bolum/
📺 Embed URL bulundu: https://vidlax.xyz/embed/afb105cbea0cb7a8
🔍 Embed URL kontrol ediliyor: https://vidlax.xyz/embed/afb105cbea0cb7a8
❌ Embed URL kontrol hatası (https://vidlax.xyz/embed/afb105cbea0cb7a8): 404 Client Error: Not Found for url: https://vidlax.xyz/embed/afb105cbea0cb7a8

🔍 Vidlax direkt analizi: https://vidlax.xyz/embed/afb105cbea0cb7a8
Vidlax analiz hatası: 404 Client Error: Not Found for url: https://vidlax.xyz/embed/afb105cbea0cb7a8

🔍 Vidlax direkt analizi: https://diziyiizle2.com/boots/1-sezon-1-bolum/
📄 Sayfa içeriği alındı: 95267 karakter
❌ m3u8 URL'si bulunamadı
      ❌ m3u8 bulunamadı
   🔍 [2/8] Bölüm: https://diziyiizle2.com/boots/1-sezon-2-bolum/
📺 Embed URL bulundu: https://vidlax.xyz/embed/3caf1ca45cafb0d6
🔍 Embed URL kontrol ediliyor: https://vidlax.xyz/embed/3caf1ca45cafb0d6
❌ Embed URL kontrol hatası (https://vidlax.xyz/embed/3caf1ca45cafb0d6): 404 Client Error: Not Found for url: https://vidlax.xyz/embed/3caf1ca45cafb0d6

🔍 Vidlax direkt analizi: https://vidlax.xyz/embed/3caf1ca45cafb0d6
Vidlax analiz hatası: 404 Client Error: Not Found for url: https://vidlax.xyz/embed/3caf1ca45cafb0d6

🔍 Vidlax direkt analizi: https://diziyiizle2.com/boots/1-sezon-2-bolum/
📄 Sayfa içeriği alındı: 95266 karakter
❌ m3u8 URL'si bulunamadı
      ❌ m3u8 bulunamadı
   🔍 [3/8] Bölüm: https://diziyiizle2.com/boots/1-sezon-3-bolum/
📺 Embed URL bulundu: https://vidlax.xyz/embed/0e71a3fdf0b38a4a
🔍 Embed URL kontrol ediliyor: https://vidlax.xyz/embed/0e71a3fdf0b38a4a
❌ Embed URL kontrol hatası (https://vidlax.xyz/embed/0e71a3fdf0b38a4a): 404 Client Error: Not Found for url: https://vidlax.xyz/embed/0e71a3fdf0b38a4a

🔍 Vidlax direkt analizi: https://vidlax.xyz/embed/0e71a3fdf0b38a4a
Vidlax analiz hatası: 404 Client Error: Not Found for url: https://vidlax.xyz/embed/0e71a3fdf0b38a4a

🔍 Vidlax direkt analizi: https://diziyiizle2.com/boots/1-sezon-3-bolum/
📄 Sayfa içeriği alındı: 95266 karakter
❌ m3u8 URL'si bulunamadı
      ❌ m3u8 bulunamadı
   🔍 [4/8] Bölüm: https://diziyiizle2.com/boots/1-sezon-4-bolum/
📺 Embed URL bulundu: https://vidlax.xyz/embed/7bf7e42890b21ab9
🔍 Embed URL kontrol ediliyor: https://vidlax.xyz/embed/7bf7e42890b21ab9
❌ Embed URL kontrol hatası (https://vidlax.xyz/embed/7bf7e42890b21ab9): 404 Client Error: Not Found for url: https://vidlax.xyz/embed/7bf7e42890b21ab9

🔍 Vidlax direkt analizi: https://vidlax.xyz/embed/7bf7e42890b21ab9
Vidlax analiz hatası: 404 Client Error: Not Found for url: https://vidlax.xyz/embed/7bf7e42890b21ab9

🔍 Vidlax direkt analizi: https://diziyiizle2.com/boots/1-sezon-4-bolum/
📄 Sayfa içeriği alındı: 95266 karakter
❌ m3u8 URL'si bulunamadı
      ❌ m3u8 bulunamadı
   🔍 [5/8] Bölüm: https://diziyiizle2.com/boots/1-sezon-5-bolum/
📺 Embed URL bulundu: https://vidlax.xyz/embed/6ec4c07fa073135e
🔍 Embed URL kontrol ediliyor: https://vidlax.xyz/embed/6ec4c07fa073135e
❌ Embed URL kontrol hatası (https://vidlax.xyz/embed/6ec4c07fa073135e): 404 Client Error: Not Found for url: https://vidlax.xyz/embed/6ec4c07fa073135e

🔍 Vidlax direkt analizi: https://vidlax.xyz/embed/6ec4c07fa073135e
Vidlax analiz hatası: 404 Client Error: Not Found for url: https://vidlax.xyz/embed/6ec4c07fa073135e

🔍 Vidlax direkt analizi: https://diziyiizle2.com/boots/1-sezon-5-bolum/
📄 Sayfa içeriği alındı: 95266 karakter
❌ m3u8 URL'si bulunamadı
      ❌ m3u8 bulunamadı
   🔍 [6/8] Bölüm: https://diziyiizle2.com/boots/1-sezon-6-bolum/
📺 Embed URL bulundu: https://vidlax.xyz/embed/a799a7ae059cccf8
🔍 Embed URL kontrol ediliyor: https://vidlax.xyz/embed/a799a7ae059cccf8
❌ Embed URL kontrol hatası (https://vidlax.xyz/embed/a799a7ae059cccf8): 404 Client Error: Not Found for url: https://vidlax.xyz/embed/a799a7ae059cccf8

🔍 Vidlax direkt analizi: https://vidlax.xyz/embed/a799a7ae059cccf8
Vidlax analiz hatası: 404 Client Error: Not Found for url: https://vidlax.xyz/embed/a799a7ae059cccf8

🔍 Vidlax direkt analizi: https://diziyiizle2.com/boots/1-sezon-6-bolum/
📄 Sayfa içeriği alındı: 95266 karakter
❌ m3u8 URL'si bulunamadı
      ❌ m3u8 bulunamadı
   🔍 [7/8] Bölüm: https://diziyiizle2.com/boots/1-sezon-7-bolum/
📺 Embed URL bulundu: https://vidlax.xyz/embed/f698922711515bdc
🔍 Embed URL kontrol ediliyor: https://vidlax.xyz/embed/f698922711515bdc
❌ Embed URL kontrol hatası (https://vidlax.xyz/embed/f698922711515bdc): 404 Client Error: Not Found for url: https://vidlax.xyz/embed/f698922711515bdc

🔍 Vidlax direkt analizi: https://vidlax.xyz/embed/f698922711515bdc
Vidlax analiz hatası: 404 Client Error: Not Found for url: https://vidlax.xyz/embed/f698922711515bdc

🔍 Vidlax direkt analizi: https://diziyiizle2.com/boots/1-sezon-7-bolum/
📄 Sayfa içeriği alındı: 95267 karakter
❌ m3u8 URL'si bulunamadı
      ❌ m3u8 bulunamadı
   🔍 [8/8] Bölüm: https://diziyiizle2.com/boots/1-sezon-8-bolum/
📺 Embed URL bulundu: https://vidlax.xyz/embed/d8c73c68ae790a65
🔍 Embed URL kontrol ediliyor: https://vidlax.xyz/embed/d8c73c68ae790a65
❌ Embed URL kontrol hatası (https://vidlax.xyz/embed/d8c73c68ae790a65): 404 Client Error: Not Found for url: https://vidlax.xyz/embed/d8c73c68ae790a65

🔍 Vidlax direkt analizi: https://vidlax.xyz/embed/d8c73c68ae790a65
Vidlax analiz hatası: 404 Client Error: Not Found for url: https://vidlax.xyz/embed/d8c73c68ae790a65

🔍 Vidlax direkt analizi: https://diziyiizle2.com/boots/1-sezon-8-bolum/
📄 Sayfa içeriği alındı: 95266 karakter
❌ m3u8 URL'si bulunamadı
      ❌ m3u8 bulunamadı
   ❌ Bu dizi için hiç m3u8 bulunamadı

============================================================
🎬 [33/56] İşleniyor: https://diziyiizle2.com/dizi/victoria-beckham/
📺 Bölüm bulundu: 1. Sezon 1. BölümDublaj09.10.2025 - https://diziyiizle2.com/victoria-beckham/1-sezon-1-bolum/
📺 Bölüm bulundu: 1. Sezon 2. BölümDublaj09.10.2025 - https://diziyiizle2.com/victoria-beckham/1-sezon-2-bolum/
📺 Bölüm bulundu: 1. Sezon 3. BölümDublaj09.10.2025 - https://diziyiizle2.com/victoria-beckham/1-sezon-3-bolum/

📊 Toplam 3 bölüm bulundu
   🔍 [1/3] Bölüm: https://diziyiizle2.com/victoria-beckham/1-sezon-1-bolum/
📺 Embed URL bulundu: https://vidlax.xyz/embed/097b65ea694008b2
🔍 Embed URL kontrol ediliyor: https://vidlax.xyz/embed/097b65ea694008b2
❌ Embed URL kontrol hatası (https://vidlax.xyz/embed/097b65ea694008b2): 404 Client Error: Not Found for url: https://vidlax.xyz/embed/097b65ea694008b2

🔍 Vidlax direkt analizi: https://vidlax.xyz/embed/097b65ea694008b2
Vidlax analiz hatası: 404 Client Error: Not Found for url: https://vidlax.xyz/embed/097b65ea694008b2

🔍 Vidlax direkt analizi: https://diziyiizle2.com/victoria-beckham/1-sezon-1-bolum/
📄 Sayfa içeriği alındı: 89039 karakter
❌ m3u8 URL'si bulunamadı
      ❌ m3u8 bulunamadı
   🔍 [2/3] Bölüm: https://diziyiizle2.com/victoria-beckham/1-sezon-2-bolum/
📺 Embed URL bulundu: https://vidlax.xyz/embed/c48ef4021a91ee51
🔍 Embed URL kontrol ediliyor: https://vidlax.xyz/embed/c48ef4021a91ee51
❌ Embed URL kontrol hatası (https://vidlax.xyz/embed/c48ef4021a91ee51): 404 Client Error: Not Found for url: https://vidlax.xyz/embed/c48ef4021a91ee51

🔍 Vidlax direkt analizi: https://vidlax.xyz/embed/c48ef4021a91ee51
Vidlax analiz hatası: 404 Client Error: Not Found for url: https://vidlax.xyz/embed/c48ef4021a91ee51

🔍 Vidlax direkt analizi: https://diziyiizle2.com/victoria-beckham/1-sezon-2-bolum/
📄 Sayfa içeriği alındı: 89040 karakter
❌ m3u8 URL'si bulunamadı
      ❌ m3u8 bulunamadı
   🔍 [3/3] Bölüm: https://diziyiizle2.com/victoria-beckham/1-sezon-3-bolum/
📺 Embed URL bulundu: https://vidlax.xyz/embed/660d3178aca23658
🔍 Embed URL kontrol ediliyor: https://vidlax.xyz/embed/660d3178aca23658
❌ Embed URL kontrol hatası (https://vidlax.xyz/embed/660d3178aca23658): 404 Client Error: Not Found for url: https://vidlax.xyz/embed/660d3178aca23658

🔍 Vidlax direkt analizi: https://vidlax.xyz/embed/660d3178aca23658
Vidlax analiz hatası: 404 Client Error: Not Found for url: https://vidlax.xyz/embed/660d3178aca23658

🔍 Vidlax direkt analizi: https://diziyiizle2.com/victoria-beckham/1-sezon-3-bolum/
📄 Sayfa içeriği alındı: 89039 karakter
❌ m3u8 URL'si bulunamadı
      ❌ m3u8 bulunamadı
   ❌ Bu dizi için hiç m3u8 bulunamadı

============================================================
🎬 [34/56] İşleniyor: https://diziyiizle2.com/dizi/les-disparues-de-la-gare/
📺 Bölüm bulundu: 1. Sezon 1. BölümDublaj09.10.202552 dk. - https://diziyiizle2.com/les-disparues-de-la-gare/1-sezon-1-bolum/
📺 Bölüm bulundu: 1. Sezon 2. BölümDublaj09.10.202552 dk. - https://diziyiizle2.com/les-disparues-de-la-gare/1-sezon-2-bolum/
📺 Bölüm bulundu: 1. Sezon 3. BölümAltyazılı09.10.202552 dk. - https://diziyiizle2.com/les-disparues-de-la-gare/1-sezon-3-bolum/
📺 Bölüm bulundu: 1. Sezon 4. BölümDublaj09.10.202552 dk. - https://diziyiizle2.com/les-disparues-de-la-gare/1-sezon-4-bolum/
📺 Bölüm bulundu: 1. Sezon 5. BölümDublaj09.10.202552 dk. - https://diziyiizle2.com/les-disparues-de-la-gare/1-sezon-5-bolum/
📺 Bölüm bulundu: 1. Sezon 6. BölümDublaj09.10.202552 dk. - https://diziyiizle2.com/les-disparues-de-la-gare/1-sezon-6-bolum/

📊 Toplam 6 bölüm bulundu
   🔍 [1/6] Bölüm: https://diziyiizle2.com/les-disparues-de-la-gare/1-sezon-1-bolum/
📺 Embed URL bulundu: https://vidlax.xyz/embed/6b6265fc812aef55
🔍 Embed URL kontrol ediliyor: https://vidlax.xyz/embed/6b6265fc812aef55
❌ Embed URL kontrol hatası (https://vidlax.xyz/embed/6b6265fc812aef55): 404 Client Error: Not Found for url: https://vidlax.xyz/embed/6b6265fc812aef55

🔍 Vidlax direkt analizi: https://vidlax.xyz/embed/6b6265fc812aef55
Vidlax analiz hatası: 404 Client Error: Not Found for url: https://vidlax.xyz/embed/6b6265fc812aef55

🔍 Vidlax direkt analizi: https://diziyiizle2.com/les-disparues-de-la-gare/1-sezon-1-bolum/
📄 Sayfa içeriği alındı: 93272 karakter
❌ m3u8 URL'si bulunamadı
      ❌ m3u8 bulunamadı
   🔍 [2/6] Bölüm: https://diziyiizle2.com/les-disparues-de-la-gare/1-sezon-2-bolum/
📺 Embed URL bulundu: https://vidlax.xyz/embed/4141b5f4c495c07b
🔍 Embed URL kontrol ediliyor: https://vidlax.xyz/embed/4141b5f4c495c07b
❌ Embed URL kontrol hatası (https://vidlax.xyz/embed/4141b5f4c495c07b): 404 Client Error: Not Found for url: https://vidlax.xyz/embed/4141b5f4c495c07b

🔍 Vidlax direkt analizi: https://vidlax.xyz/embed/4141b5f4c495c07b
Vidlax analiz hatası: 404 Client Error: Not Found for url: https://vidlax.xyz/embed/4141b5f4c495c07b

🔍 Vidlax direkt analizi: https://diziyiizle2.com/les-disparues-de-la-gare/1-sezon-2-bolum/
📄 Sayfa içeriği alındı: 93272 karakter
❌ m3u8 URL'si bulunamadı
      ❌ m3u8 bulunamadı
   🔍 [3/6] Bölüm: https://diziyiizle2.com/les-disparues-de-la-gare/1-sezon-3-bolum/

🔍 Vidlax direkt analizi: https://diziyiizle2.com/les-disparues-de-la-gare/1-sezon-3-bolum/
📄 Sayfa içeriği alındı: 93226 karakter
❌ m3u8 URL'si bulunamadı
      ❌ m3u8 bulunamadı
   🔍 [4/6] Bölüm: https://diziyiizle2.com/les-disparues-de-la-gare/1-sezon-4-bolum/
📺 Embed URL bulundu: https://vidlax.xyz/embed/2b965bee6e14405f
🔍 Embed URL kontrol ediliyor: https://vidlax.xyz/embed/2b965bee6e14405f
❌ Embed URL kontrol hatası (https://vidlax.xyz/embed/2b965bee6e14405f): 404 Client Error: Not Found for url: https://vidlax.xyz/embed/2b965bee6e14405f

🔍 Vidlax direkt analizi: https://vidlax.xyz/embed/2b965bee6e14405f
Vidlax analiz hatası: 404 Client Error: Not Found for url: https://vidlax.xyz/embed/2b965bee6e14405f

🔍 Vidlax direkt analizi: https://diziyiizle2.com/les-disparues-de-la-gare/1-sezon-4-bolum/
📄 Sayfa içeriği alındı: 93271 karakter
❌ m3u8 URL'si bulunamadı
      ❌ m3u8 bulunamadı
   🔍 [5/6] Bölüm: https://diziyiizle2.com/les-disparues-de-la-gare/1-sezon-5-bolum/
📺 Embed URL bulundu: https://vidlax.xyz/embed/84dc49e0481b46cc
🔍 Embed URL kontrol ediliyor: https://vidlax.xyz/embed/84dc49e0481b46cc
❌ Embed URL kontrol hatası (https://vidlax.xyz/embed/84dc49e0481b46cc): 404 Client Error: Not Found for url: https://vidlax.xyz/embed/84dc49e0481b46cc

🔍 Vidlax direkt analizi: https://vidlax.xyz/embed/84dc49e0481b46cc
Vidlax analiz hatası: 404 Client Error: Not Found for url: https://vidlax.xyz/embed/84dc49e0481b46cc

🔍 Vidlax direkt analizi: https://diziyiizle2.com/les-disparues-de-la-gare/1-sezon-5-bolum/
📄 Sayfa içeriği alındı: 93271 karakter
❌ m3u8 URL'si bulunamadı
      ❌ m3u8 bulunamadı
   🔍 [6/6] Bölüm: https://diziyiizle2.com/les-disparues-de-la-gare/1-sezon-6-bolum/
📺 Embed URL bulundu: https://vidlax.xyz/embed/7f7eb063d80a70b0
🔍 Embed URL kontrol ediliyor: https://vidlax.xyz/embed/7f7eb063d80a70b0
❌ Embed URL kontrol hatası (https://vidlax.xyz/embed/7f7eb063d80a70b0): 404 Client Error: Not Found for url: https://vidlax.xyz/embed/7f7eb063d80a70b0

🔍 Vidlax direkt analizi: https://vidlax.xyz/embed/7f7eb063d80a70b0
Vidlax analiz hatası: 404 Client Error: Not Found for url: https://vidlax.xyz/embed/7f7eb063d80a70b0

🔍 Vidlax direkt analizi: https://diziyiizle2.com/les-disparues-de-la-gare/1-sezon-6-bolum/
📄 Sayfa içeriği alındı: 93271 karakter
❌ m3u8 URL'si bulunamadı
      ❌ m3u8 bulunamadı
   ❌ Bu dizi için hiç m3u8 bulunamadı

============================================================
🎬 [35/56] İşleniyor: https://diziyiizle2.com/dizi/is-it-cake-halloween/
📺 Bölüm bulundu: 1. Sezon 1. BölümDublaj09.10.202541 dk. - https://diziyiizle2.com/is-it-cake-halloween/1-sezon-1-bolum/
📺 Bölüm bulundu: 1. Sezon 2. BölümDublaj09.10.202539 dk. - https://diziyiizle2.com/is-it-cake-halloween/1-sezon-2-bolum/
📺 Bölüm bulundu: 1. Sezon 3. BölümDublaj09.10.202541 dk. - https://diziyiizle2.com/is-it-cake-halloween/1-sezon-3-bolum/
📺 Bölüm bulundu: 1. Sezon 4. BölümDublaj09.10.202535 dk. - https://diziyiizle2.com/is-it-cake-halloween/1-sezon-4-bolum/

📊 Toplam 4 bölüm bulundu
   🔍 [1/4] Bölüm: https://diziyiizle2.com/is-it-cake-halloween/1-sezon-1-bolum/
📺 Embed URL bulundu: https://vidlax.xyz/embed/9fa49ac333bba15d
🔍 Embed URL kontrol ediliyor: https://vidlax.xyz/embed/9fa49ac333bba15d
❌ Embed URL kontrol hatası (https://vidlax.xyz/embed/9fa49ac333bba15d): 404 Client Error: Not Found for url: https://vidlax.xyz/embed/9fa49ac333bba15d

🔍 Vidlax direkt analizi: https://vidlax.xyz/embed/9fa49ac333bba15d
Vidlax analiz hatası: 404 Client Error: Not Found for url: https://vidlax.xyz/embed/9fa49ac333bba15d

🔍 Vidlax direkt analizi: https://diziyiizle2.com/is-it-cake-halloween/1-sezon-1-bolum/
📄 Sayfa içeriği alındı: 91285 karakter
❌ m3u8 URL'si bulunamadı
      ❌ m3u8 bulunamadı
   🔍 [2/4] Bölüm: https://diziyiizle2.com/is-it-cake-halloween/1-sezon-2-bolum/
📺 Embed URL bulundu: https://vidlax.xyz/embed/c9f6beb57ee746a4
🔍 Embed URL kontrol ediliyor: https://vidlax.xyz/embed/c9f6beb57ee746a4
❌ Embed URL kontrol hatası (https://vidlax.xyz/embed/c9f6beb57ee746a4): 404 Client Error: Not Found for url: https://vidlax.xyz/embed/c9f6beb57ee746a4

🔍 Vidlax direkt analizi: https://vidlax.xyz/embed/c9f6beb57ee746a4
Vidlax analiz hatası: 404 Client Error: Not Found for url: https://vidlax.xyz/embed/c9f6beb57ee746a4

🔍 Vidlax direkt analizi: https://diziyiizle2.com/is-it-cake-halloween/1-sezon-2-bolum/
📄 Sayfa içeriği alındı: 91284 karakter
❌ m3u8 URL'si bulunamadı
      ❌ m3u8 bulunamadı
   🔍 [3/4] Bölüm: https://diziyiizle2.com/is-it-cake-halloween/1-sezon-3-bolum/
📺 Embed URL bulundu: https://vidlax.xyz/embed/a8aeba6f01faad2c
🔍 Embed URL kontrol ediliyor: https://vidlax.xyz/embed/a8aeba6f01faad2c
❌ Embed URL kontrol hatası (https://vidlax.xyz/embed/a8aeba6f01faad2c): 404 Client Error: Not Found for url: https://vidlax.xyz/embed/a8aeba6f01faad2c

🔍 Vidlax direkt analizi: https://vidlax.xyz/embed/a8aeba6f01faad2c
Vidlax analiz hatası: 404 Client Error: Not Found for url: https://vidlax.xyz/embed/a8aeba6f01faad2c

🔍 Vidlax direkt analizi: https://diziyiizle2.com/is-it-cake-halloween/1-sezon-3-bolum/
📄 Sayfa içeriği alındı: 91285 karakter
❌ m3u8 URL'si bulunamadı
      ❌ m3u8 bulunamadı
   🔍 [4/4] Bölüm: https://diziyiizle2.com/is-it-cake-halloween/1-sezon-4-bolum/
📺 Embed URL bulundu: https://vidlax.xyz/embed/161559ff86c0c506
🔍 Embed URL kontrol ediliyor: https://vidlax.xyz/embed/161559ff86c0c506
❌ Embed URL kontrol hatası (https://vidlax.xyz/embed/161559ff86c0c506): 404 Client Error: Not Found for url: https://vidlax.xyz/embed/161559ff86c0c506

🔍 Vidlax direkt analizi: https://vidlax.xyz/embed/161559ff86c0c506
Vidlax analiz hatası: 404 Client Error: Not Found for url: https://vidlax.xyz/embed/161559ff86c0c506

🔍 Vidlax direkt analizi: https://diziyiizle2.com/is-it-cake-halloween/1-sezon-4-bolum/
📄 Sayfa içeriği alındı: 91285 karakter
❌ m3u8 URL'si bulunamadı
      ❌ m3u8 bulunamadı
   ❌ Bu dizi için hiç m3u8 bulunamadı

============================================================
🎬 [36/56] İşleniyor: https://diziyiizle2.com/dizi/nero/
📺 Bölüm bulundu: 1. Sezon 1. BölümDublaj08.10.202552 dk. - https://diziyiizle2.com/nero/1-sezon-1-bolum/
📺 Bölüm bulundu: 1. Sezon 2. BölümDublaj08.10.202552 dk. - https://diziyiizle2.com/nero/1-sezon-2-bolum/
📺 Bölüm bulundu: 1. Sezon 3. BölümDublaj08.10.202552 dk. - https://diziyiizle2.com/nero/1-sezon-3-bolum/
📺 Bölüm bulundu: 1. Sezon 4. BölümDublaj08.10.202552 dk. - https://diziyiizle2.com/nero/1-sezon-4-bolum/
📺 Bölüm bulundu: 1. Sezon 5. BölümDublaj08.10.202552 dk. - https://diziyiizle2.com/nero/1-sezon-5-bolum/
📺 Bölüm bulundu: 1. Sezon 6. BölümDublaj08.10.202552 dk. - https://diziyiizle2.com/nero/1-sezon-6-bolum/
📺 Bölüm bulundu: 1. Sezon 7. BölümDublaj08.10.202552 dk. - https://diziyiizle2.com/nero/1-sezon-7-bolum/
📺 Bölüm bulundu: 1. Sezon 8. BölümDublaj08.10.202552 dk. - https://diziyiizle2.com/nero/1-sezon-8-bolum/

📊 Toplam 8 bölüm bulundu
   🔍 [1/8] Bölüm: https://diziyiizle2.com/nero/1-sezon-1-bolum/
📺 Embed URL bulundu: https://vidlax.xyz/embed/0134e4e1aa778ae7
🔍 Embed URL kontrol ediliyor: https://vidlax.xyz/embed/0134e4e1aa778ae7
❌ Embed URL kontrol hatası (https://vidlax.xyz/embed/0134e4e1aa778ae7): 404 Client Error: Not Found for url: https://vidlax.xyz/embed/0134e4e1aa778ae7

🔍 Vidlax direkt analizi: https://vidlax.xyz/embed/0134e4e1aa778ae7
Vidlax analiz hatası: 404 Client Error: Not Found for url: https://vidlax.xyz/embed/0134e4e1aa778ae7

🔍 Vidlax direkt analizi: https://diziyiizle2.com/nero/1-sezon-1-bolum/
📄 Sayfa içeriği alındı: 97377 karakter
❌ m3u8 URL'si bulunamadı
      ❌ m3u8 bulunamadı
   🔍 [2/8] Bölüm: https://diziyiizle2.com/nero/1-sezon-2-bolum/
📺 Embed URL bulundu: https://vidlax.xyz/embed/6a4ae9b0b769cc8e
🔍 Embed URL kontrol ediliyor: https://vidlax.xyz/embed/6a4ae9b0b769cc8e
❌ Embed URL kontrol hatası (https://vidlax.xyz/embed/6a4ae9b0b769cc8e): 404 Client Error: Not Found for url: https://vidlax.xyz/embed/6a4ae9b0b769cc8e

🔍 Vidlax direkt analizi: https://vidlax.xyz/embed/6a4ae9b0b769cc8e
Vidlax analiz hatası: 404 Client Error: Not Found for url: https://vidlax.xyz/embed/6a4ae9b0b769cc8e

🔍 Vidlax direkt analizi: https://diziyiizle2.com/nero/1-sezon-2-bolum/
📄 Sayfa içeriği alındı: 95236 karakter
❌ m3u8 URL'si bulunamadı
      ❌ m3u8 bulunamadı
   🔍 [3/8] Bölüm: https://diziyiizle2.com/nero/1-sezon-3-bolum/
📺 Embed URL bulundu: https://vidlax.xyz/embed/3a0b50aca4c1ea70
🔍 Embed URL kontrol ediliyor: https://vidlax.xyz/embed/3a0b50aca4c1ea70
❌ Embed URL kontrol hatası (https://vidlax.xyz/embed/3a0b50aca4c1ea70): 404 Client Error: Not Found for url: https://vidlax.xyz/embed/3a0b50aca4c1ea70

🔍 Vidlax direkt analizi: https://vidlax.xyz/embed/3a0b50aca4c1ea70
Vidlax analiz hatası: 404 Client Error: Not Found for url: https://vidlax.xyz/embed/3a0b50aca4c1ea70

🔍 Vidlax direkt analizi: https://diziyiizle2.com/nero/1-sezon-3-bolum/
📄 Sayfa içeriği alındı: 95237 karakter
❌ m3u8 URL'si bulunamadı
      ❌ m3u8 bulunamadı
   🔍 [4/8] Bölüm: https://diziyiizle2.com/nero/1-sezon-4-bolum/
📺 Embed URL bulundu: https://vidlax.xyz/embed/76e269ef11f05474
🔍 Embed URL kontrol ediliyor: https://vidlax.xyz/embed/76e269ef11f05474
❌ Embed URL kontrol hatası (https://vidlax.xyz/embed/76e269ef11f05474): 404 Client Error: Not Found for url: https://vidlax.xyz/embed/76e269ef11f05474

🔍 Vidlax direkt analizi: https://vidlax.xyz/embed/76e269ef11f05474
Vidlax analiz hatası: 404 Client Error: Not Found for url: https://vidlax.xyz/embed/76e269ef11f05474

🔍 Vidlax direkt analizi: https://diziyiizle2.com/nero/1-sezon-4-bolum/
📄 Sayfa içeriği alındı: 95237 karakter
❌ m3u8 URL'si bulunamadı
      ❌ m3u8 bulunamadı
   🔍 [5/8] Bölüm: https://diziyiizle2.com/nero/1-sezon-5-bolum/
📺 Embed URL bulundu: https://vidlax.xyz/embed/8491837ff534e606
🔍 Embed URL kontrol ediliyor: https://vidlax.xyz/embed/8491837ff534e606
❌ Embed URL kontrol hatası (https://vidlax.xyz/embed/8491837ff534e606): 404 Client Error: Not Found for url: https://vidlax.xyz/embed/8491837ff534e606

🔍 Vidlax direkt analizi: https://vidlax.xyz/embed/8491837ff534e606
Vidlax analiz hatası: 404 Client Error: Not Found for url: https://vidlax.xyz/embed/8491837ff534e606

🔍 Vidlax direkt analizi: https://diziyiizle2.com/nero/1-sezon-5-bolum/
📄 Sayfa içeriği alındı: 95236 karakter
❌ m3u8 URL'si bulunamadı
      ❌ m3u8 bulunamadı
   🔍 [6/8] Bölüm: https://diziyiizle2.com/nero/1-sezon-6-bolum/
📺 Embed URL bulundu: https://vidlax.xyz/embed/8cd5dce5ac8a7552
🔍 Embed URL kontrol ediliyor: https://vidlax.xyz/embed/8cd5dce5ac8a7552
❌ Embed URL kontrol hatası (https://vidlax.xyz/embed/8cd5dce5ac8a7552): 404 Client Error: Not Found for url: https://vidlax.xyz/embed/8cd5dce5ac8a7552

🔍 Vidlax direkt analizi: https://vidlax.xyz/embed/8cd5dce5ac8a7552
Vidlax analiz hatası: 404 Client Error: Not Found for url: https://vidlax.xyz/embed/8cd5dce5ac8a7552

🔍 Vidlax direkt analizi: https://diziyiizle2.com/nero/1-sezon-6-bolum/
📄 Sayfa içeriği alındı: 95237 karakter
❌ m3u8 URL'si bulunamadı
      ❌ m3u8 bulunamadı
   🔍 [7/8] Bölüm: https://diziyiizle2.com/nero/1-sezon-7-bolum/
📺 Embed URL bulundu: https://vidlax.xyz/embed/1f1a3c996afe7df6
🔍 Embed URL kontrol ediliyor: https://vidlax.xyz/embed/1f1a3c996afe7df6
❌ Embed URL kontrol hatası (https://vidlax.xyz/embed/1f1a3c996afe7df6): 404 Client Error: Not Found for url: https://vidlax.xyz/embed/1f1a3c996afe7df6

🔍 Vidlax direkt analizi: https://vidlax.xyz/embed/1f1a3c996afe7df6
Vidlax analiz hatası: 404 Client Error: Not Found for url: https://vidlax.xyz/embed/1f1a3c996afe7df6

🔍 Vidlax direkt analizi: https://diziyiizle2.com/nero/1-sezon-7-bolum/
📄 Sayfa içeriği alındı: 95237 karakter
❌ m3u8 URL'si bulunamadı
      ❌ m3u8 bulunamadı
   🔍 [8/8] Bölüm: https://diziyiizle2.com/nero/1-sezon-8-bolum/
📺 Embed URL bulundu: https://vidlax.xyz/embed/5de741786cb6e3c9
🔍 Embed URL kontrol ediliyor: https://vidlax.xyz/embed/5de741786cb6e3c9
❌ Embed URL kontrol hatası (https://vidlax.xyz/embed/5de741786cb6e3c9): 404 Client Error: Not Found for url: https://vidlax.xyz/embed/5de741786cb6e3c9

🔍 Vidlax direkt analizi: https://vidlax.xyz/embed/5de741786cb6e3c9
Vidlax analiz hatası: 404 Client Error: Not Found for url: https://vidlax.xyz/embed/5de741786cb6e3c9

🔍 Vidlax direkt analizi: https://diziyiizle2.com/nero/1-sezon-8-bolum/
📄 Sayfa içeriği alındı: 95237 karakter
❌ m3u8 URL'si bulunamadı
      ❌ m3u8 bulunamadı
   ❌ Bu dizi için hiç m3u8 bulunamadı

============================================================
🎬 [37/56] İşleniyor: https://diziyiizle2.com/dizi/sweet-magnolias/
📺 Bölüm bulundu: 1. Sezon 1. BölümAltyazılı08.10.202553 dk. - https://diziyiizle2.com/sweet-magnolias/1-sezon-1-bolum/
📺 Bölüm bulundu: 1. Sezon 2. BölümAltyazılı08.10.202551 dk. - https://diziyiizle2.com/sweet-magnolias/1-sezon-2-bolum/
📺 Bölüm bulundu: 1. Sezon 3. BölümAltyazılı08.10.202544 dk. - https://diziyiizle2.com/sweet-magnolias/1-sezon-3-bolum/
📺 Bölüm bulundu: 1. Sezon 4. BölümAltyazılı08.10.202550 dk. - https://diziyiizle2.com/sweet-magnolias/1-sezon-4-bolum/
📺 Bölüm bulundu: 1. Sezon 5. BölümAltyazılı08.10.202551 dk. - https://diziyiizle2.com/sweet-magnolias/1-sezon-5-bolum/
📺 Bölüm bulundu: 1. Sezon 6. BölümAltyazılı08.10.202547 dk. - https://diziyiizle2.com/sweet-magnolias/1-sezon-6-bolum/
📺 Bölüm bulundu: 1. Sezon 7. BölümAltyazılı08.10.202547 dk. - https://diziyiizle2.com/sweet-magnolias/1-sezon-7-bolum/
📺 Bölüm bulundu: 1. Sezon 8. BölümAltyazılı08.10.202550 dk. - https://diziyiizle2.com/sweet-magnolias/1-sezon-8-bolum/
📺 Bölüm bulundu: 1. Sezon 9. BölümAltyazılı08.10.202544 dk. - https://diziyiizle2.com/sweet-magnolias/1-sezon-9-bolum/
📺 Bölüm bulundu: 1. Sezon 10. BölümAltyazılı08.10.202552 dk. - https://diziyiizle2.com/sweet-magnolias/1-sezon-10-bolum/
📺 Bölüm bulundu: 2. Sezon 1. BölümAltyazılı08.10.202550 dk. - https://diziyiizle2.com/sweet-magnolias/2-sezon-1-bolum/
📺 Bölüm bulundu: 2. Sezon 2. BölümAltyazılı08.10.202554 dk. - https://diziyiizle2.com/sweet-magnolias/2-sezon-2-bolum/
📺 Bölüm bulundu: 2. Sezon 3. BölümDublaj08.10.202548 dk. - https://diziyiizle2.com/sweet-magnolias/2-sezon-3-bolum/
📺 Bölüm bulundu: 2. Sezon 4. BölümDublaj08.10.202548 dk. - https://diziyiizle2.com/sweet-magnolias/2-sezon-4-bolum/
📺 Bölüm bulundu: 2. Sezon 5. BölümAltyazılı08.10.202551 dk. - https://diziyiizle2.com/sweet-magnolias/2-sezon-5-bolum/
📺 Bölüm bulundu: 2. Sezon 6. BölümAltyazılı08.10.202551 dk. - https://diziyiizle2.com/sweet-magnolias/2-sezon-6-bolum/
📺 Bölüm bulundu: 2. Sezon 7. BölümAltyazılı08.10.202551 dk. - https://diziyiizle2.com/sweet-magnolias/2-sezon-7-bolum/
📺 Bölüm bulundu: 2. Sezon 8. BölümDublaj08.10.202548 dk. - https://diziyiizle2.com/sweet-magnolias/2-sezon-8-bolum/
📺 Bölüm bulundu: 2. Sezon 9. BölümDublaj08.10.202551 dk. - https://diziyiizle2.com/sweet-magnolias/2-sezon-9-bolum/
📺 Bölüm bulundu: 2. Sezon 10. BölümDublaj08.10.202555 dk. - https://diziyiizle2.com/sweet-magnolias/2-sezon-10-bolum/
📺 Bölüm bulundu: 3. Sezon 1. BölümDublaj08.10.202550 dk. - https://diziyiizle2.com/sweet-magnolias/3-sezon-1-bolum/
📺 Bölüm bulundu: 3. Sezon 2. BölümDublaj08.10.202551 dk. - https://diziyiizle2.com/sweet-magnolias/3-sezon-2-bolum/
📺 Bölüm bulundu: 3. Sezon 3. BölümDublaj08.10.202552 dk. - https://diziyiizle2.com/sweet-magnolias/3-sezon-3-bolum/
📺 Bölüm bulundu: 3. Sezon 4. BölümDublaj08.10.202553 dk. - https://diziyiizle2.com/sweet-magnolias/3-sezon-4-bolum/
📺 Bölüm bulundu: 3. Sezon 5. BölümDublaj08.10.202549 dk. - https://diziyiizle2.com/sweet-magnolias/3-sezon-5-bolum/
📺 Bölüm bulundu: 3. Sezon 6. BölümDublaj08.10.202553 dk. - https://diziyiizle2.com/sweet-magnolias/3-sezon-6-bolum/
📺 Bölüm bulundu: 3. Sezon 7. BölümDublaj08.10.202548 dk. - https://diziyiizle2.com/sweet-magnolias/3-sezon-7-bolum/
📺 Bölüm bulundu: 3. Sezon 8. BölümDublaj08.10.202551 dk. - https://diziyiizle2.com/sweet-magnolias/3-sezon-8-bolum/
📺 Bölüm bulundu: 3. Sezon 9. BölümDublaj08.10.202552 dk. - https://diziyiizle2.com/sweet-magnolias/3-sezon-9-bolum/
📺 Bölüm bulundu: 3. Sezon 10. BölümDublaj08.10.202552 dk. - https://diziyiizle2.com/sweet-magnolias/3-sezon-10-bolum/
📺 Bölüm bulundu: 4. Sezon 1. BölümDublaj08.10.202549 dk. - https://diziyiizle2.com/sweet-magnolias/4-sezon-1-bolum/
📺 Bölüm bulundu: 4. Sezon 2. BölümDublaj08.10.202549 dk. - https://diziyiizle2.com/sweet-magnolias/4-sezon-2-bolum/
📺 Bölüm bulundu: 4. Sezon 3. BölümDublaj08.10.202552 dk. - https://diziyiizle2.com/sweet-magnolias/4-sezon-3-bolum/
📺 Bölüm bulundu: 4. Sezon 4. BölümDublaj08.10.202550 dk. - https://diziyiizle2.com/sweet-magnolias/4-sezon-4-bolum/
📺 Bölüm bulundu: 4. Sezon 5. BölümDublaj08.10.202554 dk. - https://diziyiizle2.com/sweet-magnolias/4-sezon-5-bolum/
📺 Bölüm bulundu: 4. Sezon 6. BölümDublaj08.10.202546 dk. - https://diziyiizle2.com/sweet-magnolias/4-sezon-6-bolum/
📺 Bölüm bulundu: 4. Sezon 7. BölümDublaj08.10.202552 dk. - https://diziyiizle2.com/sweet-magnolias/4-sezon-7-bolum/
📺 Bölüm bulundu: 4. Sezon 8. BölümDublaj08.10.202550 dk. - https://diziyiizle2.com/sweet-magnolias/4-sezon-8-bolum/
📺 Bölüm bulundu: 4. Sezon 9. BölümAltyazılı08.10.202550 dk. - https://diziyiizle2.com/sweet-magnolias/4-sezon-9-bolum/
📺 Bölüm bulundu: 4. Sezon 10. BölümAltyazılı08.10.202550 dk. - https://diziyiizle2.com/sweet-magnolias/4-sezon-10-bolum/

📊 Toplam 40 bölüm bulundu
   🔍 [1/40] Bölüm: https://diziyiizle2.com/sweet-magnolias/1-sezon-1-bolum/

🔍 Vidlax direkt analizi: https://diziyiizle2.com/sweet-magnolias/1-sezon-1-bolum/
📄 Sayfa içeriği alındı: 139680 karakter
❌ m3u8 URL'si bulunamadı
      ❌ m3u8 bulunamadı
   🔍 [2/40] Bölüm: https://diziyiizle2.com/sweet-magnolias/1-sezon-2-bolum/

🔍 Vidlax direkt analizi: https://diziyiizle2.com/sweet-magnolias/1-sezon-2-bolum/
📄 Sayfa içeriği alındı: 139680 karakter
❌ m3u8 URL'si bulunamadı
      ❌ m3u8 bulunamadı
   🔍 [3/40] Bölüm: https://diziyiizle2.com/sweet-magnolias/1-sezon-3-bolum/

🔍 Vidlax direkt analizi: https://diziyiizle2.com/sweet-magnolias/1-sezon-3-bolum/
📄 Sayfa içeriği alındı: 139679 karakter
❌ m3u8 URL'si bulunamadı
      ❌ m3u8 bulunamadı
   🔍 [4/40] Bölüm: https://diziyiizle2.com/sweet-magnolias/1-sezon-4-bolum/

🔍 Vidlax direkt analizi: https://diziyiizle2.com/sweet-magnolias/1-sezon-4-bolum/
📄 Sayfa içeriği alındı: 139680 karakter
❌ m3u8 URL'si bulunamadı
      ❌ m3u8 bulunamadı
   🔍 [5/40] Bölüm: https://diziyiizle2.com/sweet-magnolias/1-sezon-5-bolum/

🔍 Vidlax direkt analizi: https://diziyiizle2.com/sweet-magnolias/1-sezon-5-bolum/
📄 Sayfa içeriği alındı: 139680 karakter
❌ m3u8 URL'si bulunamadı
      ❌ m3u8 bulunamadı
   🔍 [6/40] Bölüm: https://diziyiizle2.com/sweet-magnolias/1-sezon-6-bolum/

🔍 Vidlax direkt analizi: https://diziyiizle2.com/sweet-magnolias/1-sezon-6-bolum/
📄 Sayfa içeriği alındı: 139680 karakter
❌ m3u8 URL'si bulunamadı
      ❌ m3u8 bulunamadı
   🔍 [7/40] Bölüm: https://diziyiizle2.com/sweet-magnolias/1-sezon-7-bolum/

🔍 Vidlax direkt analizi: https://diziyiizle2.com/sweet-magnolias/1-sezon-7-bolum/
📄 Sayfa içeriği alındı: 139679 karakter
❌ m3u8 URL'si bulunamadı
      ❌ m3u8 bulunamadı
   🔍 [8/40] Bölüm: https://diziyiizle2.com/sweet-magnolias/1-sezon-8-bolum/

🔍 Vidlax direkt analizi: https://diziyiizle2.com/sweet-magnolias/1-sezon-8-bolum/
📄 Sayfa içeriği alındı: 139680 karakter
❌ m3u8 URL'si bulunamadı
      ❌ m3u8 bulunamadı
   🔍 [9/40] Bölüm: https://diziyiizle2.com/sweet-magnolias/1-sezon-9-bolum/

🔍 Vidlax direkt analizi: https://diziyiizle2.com/sweet-magnolias/1-sezon-9-bolum/
📄 Sayfa içeriği alındı: 139679 karakter
❌ m3u8 URL'si bulunamadı
      ❌ m3u8 bulunamadı
   🔍 [10/40] Bölüm: https://diziyiizle2.com/sweet-magnolias/1-sezon-10-bolum/

🔍 Vidlax direkt analizi: https://diziyiizle2.com/sweet-magnolias/1-sezon-10-bolum/
📄 Sayfa içeriği alındı: 139699 karakter
❌ m3u8 URL'si bulunamadı
      ❌ m3u8 bulunamadı
   🔍 [11/40] Bölüm: https://diziyiizle2.com/sweet-magnolias/2-sezon-1-bolum/

🔍 Vidlax direkt analizi: https://diziyiizle2.com/sweet-magnolias/2-sezon-1-bolum/
📄 Sayfa içeriği alındı: 139679 karakter
❌ m3u8 URL'si bulunamadı
      ❌ m3u8 bulunamadı
   🔍 [12/40] Bölüm: https://diziyiizle2.com/sweet-magnolias/2-sezon-2-bolum/

🔍 Vidlax direkt analizi: https://diziyiizle2.com/sweet-magnolias/2-sezon-2-bolum/
📄 Sayfa içeriği alındı: 139680 karakter
❌ m3u8 URL'si bulunamadı
      ❌ m3u8 bulunamadı
   🔍 [13/40] Bölüm: https://diziyiizle2.com/sweet-magnolias/2-sezon-3-bolum/
📺 Embed URL bulundu: https://vidlax.xyz/embed/e7d3e7aaa7774fac
🔍 Embed URL kontrol ediliyor: https://vidlax.xyz/embed/e7d3e7aaa7774fac
❌ Embed URL kontrol hatası (https://vidlax.xyz/embed/e7d3e7aaa7774fac): 404 Client Error: Not Found for url: https://vidlax.xyz/embed/e7d3e7aaa7774fac

🔍 Vidlax direkt analizi: https://vidlax.xyz/embed/e7d3e7aaa7774fac
Vidlax analiz hatası: 404 Client Error: Not Found for url: https://vidlax.xyz/embed/e7d3e7aaa7774fac

🔍 Vidlax direkt analizi: https://diziyiizle2.com/sweet-magnolias/2-sezon-3-bolum/
📄 Sayfa içeriği alındı: 139725 karakter
❌ m3u8 URL'si bulunamadı
      ❌ m3u8 bulunamadı
   🔍 [14/40] Bölüm: https://diziyiizle2.com/sweet-magnolias/2-sezon-4-bolum/
📺 Embed URL bulundu: https://vidlax.xyz/embed/3fc0fcb225a7e1eb
🔍 Embed URL kontrol ediliyor: https://vidlax.xyz/embed/3fc0fcb225a7e1eb
❌ Embed URL kontrol hatası (https://vidlax.xyz/embed/3fc0fcb225a7e1eb): 404 Client Error: Not Found for url: https://vidlax.xyz/embed/3fc0fcb225a7e1eb

🔍 Vidlax direkt analizi: https://vidlax.xyz/embed/3fc0fcb225a7e1eb
Vidlax analiz hatası: 404 Client Error: Not Found for url: https://vidlax.xyz/embed/3fc0fcb225a7e1eb

🔍 Vidlax direkt analizi: https://diziyiizle2.com/sweet-magnolias/2-sezon-4-bolum/
📄 Sayfa içeriği alındı: 139724 karakter
❌ m3u8 URL'si bulunamadı
      ❌ m3u8 bulunamadı
   🔍 [15/40] Bölüm: https://diziyiizle2.com/sweet-magnolias/2-sezon-5-bolum/

🔍 Vidlax direkt analizi: https://diziyiizle2.com/sweet-magnolias/2-sezon-5-bolum/
📄 Sayfa içeriği alındı: 139680 karakter
❌ m3u8 URL'si bulunamadı
      ❌ m3u8 bulunamadı
   🔍 [16/40] Bölüm: https://diziyiizle2.com/sweet-magnolias/2-sezon-6-bolum/

🔍 Vidlax direkt analizi: https://diziyiizle2.com/sweet-magnolias/2-sezon-6-bolum/
📄 Sayfa içeriği alındı: 139679 karakter
❌ m3u8 URL'si bulunamadı
      ❌ m3u8 bulunamadı
   🔍 [17/40] Bölüm: https://diziyiizle2.com/sweet-magnolias/2-sezon-7-bolum/

🔍 Vidlax direkt analizi: https://diziyiizle2.com/sweet-magnolias/2-sezon-7-bolum/
📄 Sayfa içeriği alındı: 139679 karakter
❌ m3u8 URL'si bulunamadı
      ❌ m3u8 bulunamadı
   🔍 [18/40] Bölüm: https://diziyiizle2.com/sweet-magnolias/2-sezon-8-bolum/
📺 Embed URL bulundu: https://vidlax.xyz/embed/8ae9cbcd66fce958
🔍 Embed URL kontrol ediliyor: https://vidlax.xyz/embed/8ae9cbcd66fce958
❌ Embed URL kontrol hatası (https://vidlax.xyz/embed/8ae9cbcd66fce958): 404 Client Error: Not Found for url: https://vidlax.xyz/embed/8ae9cbcd66fce958

🔍 Vidlax direkt analizi: https://vidlax.xyz/embed/8ae9cbcd66fce958
Vidlax analiz hatası: 404 Client Error: Not Found for url: https://vidlax.xyz/embed/8ae9cbcd66fce958

🔍 Vidlax direkt analizi: https://diziyiizle2.com/sweet-magnolias/2-sezon-8-bolum/
📄 Sayfa içeriği alındı: 139725 karakter
❌ m3u8 URL'si bulunamadı
      ❌ m3u8 bulunamadı
   🔍 [19/40] Bölüm: https://diziyiizle2.com/sweet-magnolias/2-sezon-9-bolum/
📺 Embed URL bulundu: https://vidlax.xyz/embed/b9c4e7a6ac05bb8c
🔍 Embed URL kontrol ediliyor: https://vidlax.xyz/embed/b9c4e7a6ac05bb8c
❌ Embed URL kontrol hatası (https://vidlax.xyz/embed/b9c4e7a6ac05bb8c): 404 Client Error: Not Found for url: https://vidlax.xyz/embed/b9c4e7a6ac05bb8c

🔍 Vidlax direkt analizi: https://vidlax.xyz/embed/b9c4e7a6ac05bb8c
Vidlax analiz hatası: 404 Client Error: Not Found for url: https://vidlax.xyz/embed/b9c4e7a6ac05bb8c

🔍 Vidlax direkt analizi: https://diziyiizle2.com/sweet-magnolias/2-sezon-9-bolum/
📄 Sayfa içeriği alındı: 139724 karakter
❌ m3u8 URL'si bulunamadı
      ❌ m3u8 bulunamadı
   🔍 [20/40] Bölüm: https://diziyiizle2.com/sweet-magnolias/2-sezon-10-bolum/
📺 Embed URL bulundu: https://vidlax.xyz/embed/de745bfbacf40826
🔍 Embed URL kontrol ediliyor: https://vidlax.xyz/embed/de745bfbacf40826
❌ Embed URL kontrol hatası (https://vidlax.xyz/embed/de745bfbacf40826): 404 Client Error: Not Found for url: https://vidlax.xyz/embed/de745bfbacf40826

🔍 Vidlax direkt analizi: https://vidlax.xyz/embed/de745bfbacf40826
Vidlax analiz hatası: 404 Client Error: Not Found for url: https://vidlax.xyz/embed/de745bfbacf40826

🔍 Vidlax direkt analizi: https://diziyiizle2.com/sweet-magnolias/2-sezon-10-bolum/
📄 Sayfa içeriği alındı: 139744 karakter
❌ m3u8 URL'si bulunamadı
      ❌ m3u8 bulunamadı
   🔍 [21/40] Bölüm: https://diziyiizle2.com/sweet-magnolias/3-sezon-1-bolum/
📺 Embed URL bulundu: https://vidlax.xyz/embed/c8efd0b19e2174fd
🔍 Embed URL kontrol ediliyor: https://vidlax.xyz/embed/c8efd0b19e2174fd
❌ Embed URL kontrol hatası (https://vidlax.xyz/embed/c8efd0b19e2174fd): 404 Client Error: Not Found for url: https://vidlax.xyz/embed/c8efd0b19e2174fd

🔍 Vidlax direkt analizi: https://vidlax.xyz/embed/c8efd0b19e2174fd
Vidlax analiz hatası: 404 Client Error: Not Found for url: https://vidlax.xyz/embed/c8efd0b19e2174fd

🔍 Vidlax direkt analizi: https://diziyiizle2.com/sweet-magnolias/3-sezon-1-bolum/
📄 Sayfa içeriği alındı: 139725 karakter
❌ m3u8 URL'si bulunamadı
      ❌ m3u8 bulunamadı
   🔍 [22/40] Bölüm: https://diziyiizle2.com/sweet-magnolias/3-sezon-2-bolum/
📺 Embed URL bulundu: https://vidlax.xyz/embed/c538d44d9e3f1855
🔍 Embed URL kontrol ediliyor: https://vidlax.xyz/embed/c538d44d9e3f1855
❌ Embed URL kontrol hatası (https://vidlax.xyz/embed/c538d44d9e3f1855): 404 Client Error: Not Found for url: https://vidlax.xyz/embed/c538d44d9e3f1855

🔍 Vidlax direkt analizi: https://vidlax.xyz/embed/c538d44d9e3f1855
Vidlax analiz hatası: 404 Client Error: Not Found for url: https://vidlax.xyz/embed/c538d44d9e3f1855

🔍 Vidlax direkt analizi: https://diziyiizle2.com/sweet-magnolias/3-sezon-2-bolum/
📄 Sayfa içeriği alındı: 139725 karakter
❌ m3u8 URL'si bulunamadı
      ❌ m3u8 bulunamadı
   🔍 [23/40] Bölüm: https://diziyiizle2.com/sweet-magnolias/3-sezon-3-bolum/
📺 Embed URL bulundu: https://vidlax.xyz/embed/f8122175bda01990
🔍 Embed URL kontrol ediliyor: https://vidlax.xyz/embed/f8122175bda01990
❌ Embed URL kontrol hatası (https://vidlax.xyz/embed/f8122175bda01990): 404 Client Error: Not Found for url: https://vidlax.xyz/embed/f8122175bda01990

🔍 Vidlax direkt analizi: https://vidlax.xyz/embed/f8122175bda01990
Vidlax analiz hatası: 404 Client Error: Not Found for url: https://vidlax.xyz/embed/f8122175bda01990

🔍 Vidlax direkt analizi: https://diziyiizle2.com/sweet-magnolias/3-sezon-3-bolum/
📄 Sayfa içeriği alındı: 139725 karakter
❌ m3u8 URL'si bulunamadı
      ❌ m3u8 bulunamadı
   🔍 [24/40] Bölüm: https://diziyiizle2.com/sweet-magnolias/3-sezon-4-bolum/
📺 Embed URL bulundu: https://vidlax.xyz/embed/ea8da81dad4f6ace
🔍 Embed URL kontrol ediliyor: https://vidlax.xyz/embed/ea8da81dad4f6ace
❌ Embed URL kontrol hatası (https://vidlax.xyz/embed/ea8da81dad4f6ace): 404 Client Error: Not Found for url: https://vidlax.xyz/embed/ea8da81dad4f6ace

🔍 Vidlax direkt analizi: https://vidlax.xyz/embed/ea8da81dad4f6ace
Vidlax analiz hatası: 404 Client Error: Not Found for url: https://vidlax.xyz/embed/ea8da81dad4f6ace

🔍 Vidlax direkt analizi: https://diziyiizle2.com/sweet-magnolias/3-sezon-4-bolum/
📄 Sayfa içeriği alındı: 139725 karakter
❌ m3u8 URL'si bulunamadı
      ❌ m3u8 bulunamadı
   🔍 [25/40] Bölüm: https://diziyiizle2.com/sweet-magnolias/3-sezon-5-bolum/
📺 Embed URL bulundu: https://vidlax.xyz/embed/43e9e99e7f975634
🔍 Embed URL kontrol ediliyor: https://vidlax.xyz/embed/43e9e99e7f975634
❌ Embed URL kontrol hatası (https://vidlax.xyz/embed/43e9e99e7f975634): 404 Client Error: Not Found for url: https://vidlax.xyz/embed/43e9e99e7f975634

🔍 Vidlax direkt analizi: https://vidlax.xyz/embed/43e9e99e7f975634
Vidlax analiz hatası: 404 Client Error: Not Found for url: https://vidlax.xyz/embed/43e9e99e7f975634

🔍 Vidlax direkt analizi: https://diziyiizle2.com/sweet-magnolias/3-sezon-5-bolum/
📄 Sayfa içeriği alındı: 139724 karakter
❌ m3u8 URL'si bulunamadı
      ❌ m3u8 bulunamadı
   🔍 [26/40] Bölüm: https://diziyiizle2.com/sweet-magnolias/3-sezon-6-bolum/
📺 Embed URL bulundu: https://vidlax.xyz/embed/51e1570c12f78803
🔍 Embed URL kontrol ediliyor: https://vidlax.xyz/embed/51e1570c12f78803
❌ Embed URL kontrol hatası (https://vidlax.xyz/embed/51e1570c12f78803): 404 Client Error: Not Found for url: https://vidlax.xyz/embed/51e1570c12f78803

🔍 Vidlax direkt analizi: https://vidlax.xyz/embed/51e1570c12f78803
Vidlax analiz hatası: 404 Client Error: Not Found for url: https://vidlax.xyz/embed/51e1570c12f78803

🔍 Vidlax direkt analizi: https://diziyiizle2.com/sweet-magnolias/3-sezon-6-bolum/
📄 Sayfa içeriği alındı: 139725 karakter
❌ m3u8 URL'si bulunamadı
      ❌ m3u8 bulunamadı
   🔍 [27/40] Bölüm: https://diziyiizle2.com/sweet-magnolias/3-sezon-7-bolum/
📺 Embed URL bulundu: https://vidlax.xyz/embed/fd61213be3fde9b0
🔍 Embed URL kontrol ediliyor: https://vidlax.xyz/embed/fd61213be3fde9b0
❌ Embed URL kontrol hatası (https://vidlax.xyz/embed/fd61213be3fde9b0): 404 Client Error: Not Found for url: https://vidlax.xyz/embed/fd61213be3fde9b0

🔍 Vidlax direkt analizi: https://vidlax.xyz/embed/fd61213be3fde9b0
Vidlax analiz hatası: 404 Client Error: Not Found for url: https://vidlax.xyz/embed/fd61213be3fde9b0

🔍 Vidlax direkt analizi: https://diziyiizle2.com/sweet-magnolias/3-sezon-7-bolum/
📄 Sayfa içeriği alındı: 139723 karakter
❌ m3u8 URL'si bulunamadı
      ❌ m3u8 bulunamadı
   🔍 [28/40] Bölüm: https://diziyiizle2.com/sweet-magnolias/3-sezon-8-bolum/
📺 Embed URL bulundu: https://vidlax.xyz/embed/16efed3c05a2fb3b
🔍 Embed URL kontrol ediliyor: https://vidlax.xyz/embed/16efed3c05a2fb3b
❌ Embed URL kontrol hatası (https://vidlax.xyz/embed/16efed3c05a2fb3b): 404 Client Error: Not Found for url: https://vidlax.xyz/embed/16efed3c05a2fb3b

🔍 Vidlax direkt analizi: https://vidlax.xyz/embed/16efed3c05a2fb3b
Vidlax analiz hatası: 404 Client Error: Not Found for url: https://vidlax.xyz/embed/16efed3c05a2fb3b

🔍 Vidlax direkt analizi: https://diziyiizle2.com/sweet-magnolias/3-sezon-8-bolum/
📄 Sayfa içeriği alındı: 139725 karakter
❌ m3u8 URL'si bulunamadı
      ❌ m3u8 bulunamadı
   🔍 [29/40] Bölüm: https://diziyiizle2.com/sweet-magnolias/3-sezon-9-bolum/
📺 Embed URL bulundu: https://vidlax.xyz/embed/5ba67c46fd1997ce
🔍 Embed URL kontrol ediliyor: https://vidlax.xyz/embed/5ba67c46fd1997ce
❌ Embed URL kontrol hatası (https://vidlax.xyz/embed/5ba67c46fd1997ce): 404 Client Error: Not Found for url: https://vidlax.xyz/embed/5ba67c46fd1997ce

🔍 Vidlax direkt analizi: https://vidlax.xyz/embed/5ba67c46fd1997ce
Vidlax analiz hatası: 404 Client Error: Not Found for url: https://vidlax.xyz/embed/5ba67c46fd1997ce

🔍 Vidlax direkt analizi: https://diziyiizle2.com/sweet-magnolias/3-sezon-9-bolum/
📄 Sayfa içeriği alındı: 139725 karakter
❌ m3u8 URL'si bulunamadı
      ❌ m3u8 bulunamadı
   🔍 [30/40] Bölüm: https://diziyiizle2.com/sweet-magnolias/3-sezon-10-bolum/
📺 Embed URL bulundu: https://vidlax.xyz/embed/dc0aa86cefb70116
🔍 Embed URL kontrol ediliyor: https://vidlax.xyz/embed/dc0aa86cefb70116
❌ Embed URL kontrol hatası (https://vidlax.xyz/embed/dc0aa86cefb70116): 404 Client Error: Not Found for url: https://vidlax.xyz/embed/dc0aa86cefb70116

🔍 Vidlax direkt analizi: https://vidlax.xyz/embed/dc0aa86cefb70116
Vidlax analiz hatası: 404 Client Error: Not Found for url: https://vidlax.xyz/embed/dc0aa86cefb70116

🔍 Vidlax direkt analizi: https://diziyiizle2.com/sweet-magnolias/3-sezon-10-bolum/
📄 Sayfa içeriği alındı: 139743 karakter
❌ m3u8 URL'si bulunamadı
      ❌ m3u8 bulunamadı
   🔍 [31/40] Bölüm: https://diziyiizle2.com/sweet-magnolias/4-sezon-1-bolum/
📺 Embed URL bulundu: https://vidlax.xyz/embed/177ef1e3de0c2162
🔍 Embed URL kontrol ediliyor: https://vidlax.xyz/embed/177ef1e3de0c2162
❌ Embed URL kontrol hatası (https://vidlax.xyz/embed/177ef1e3de0c2162): 404 Client Error: Not Found for url: https://vidlax.xyz/embed/177ef1e3de0c2162

🔍 Vidlax direkt analizi: https://vidlax.xyz/embed/177ef1e3de0c2162
Vidlax analiz hatası: 404 Client Error: Not Found for url: https://vidlax.xyz/embed/177ef1e3de0c2162

🔍 Vidlax direkt analizi: https://diziyiizle2.com/sweet-magnolias/4-sezon-1-bolum/
📄 Sayfa içeriği alındı: 139725 karakter
❌ m3u8 URL'si bulunamadı
      ❌ m3u8 bulunamadı
   🔍 [32/40] Bölüm: https://diziyiizle2.com/sweet-magnolias/4-sezon-2-bolum/
📺 Embed URL bulundu: https://vidlax.xyz/embed/3a6b4093316a2966
🔍 Embed URL kontrol ediliyor: https://vidlax.xyz/embed/3a6b4093316a2966
❌ Embed URL kontrol hatası (https://vidlax.xyz/embed/3a6b4093316a2966): 404 Client Error: Not Found for url: https://vidlax.xyz/embed/3a6b4093316a2966

🔍 Vidlax direkt analizi: https://vidlax.xyz/embed/3a6b4093316a2966
Vidlax analiz hatası: 404 Client Error: Not Found for url: https://vidlax.xyz/embed/3a6b4093316a2966

🔍 Vidlax direkt analizi: https://diziyiizle2.com/sweet-magnolias/4-sezon-2-bolum/
📄 Sayfa içeriği alındı: 139724 karakter
❌ m3u8 URL'si bulunamadı
      ❌ m3u8 bulunamadı
   🔍 [33/40] Bölüm: https://diziyiizle2.com/sweet-magnolias/4-sezon-3-bolum/
📺 Embed URL bulundu: https://vidlax.xyz/embed/169379e23fad0ab7
🔍 Embed URL kontrol ediliyor: https://vidlax.xyz/embed/169379e23fad0ab7
❌ Embed URL kontrol hatası (https://vidlax.xyz/embed/169379e23fad0ab7): 404 Client Error: Not Found for url: https://vidlax.xyz/embed/169379e23fad0ab7

🔍 Vidlax direkt analizi: https://vidlax.xyz/embed/169379e23fad0ab7
Vidlax analiz hatası: 404 Client Error: Not Found for url: https://vidlax.xyz/embed/169379e23fad0ab7

🔍 Vidlax direkt analizi: https://diziyiizle2.com/sweet-magnolias/4-sezon-3-bolum/
📄 Sayfa içeriği alındı: 139725 karakter
❌ m3u8 URL'si bulunamadı
      ❌ m3u8 bulunamadı
   🔍 [34/40] Bölüm: https://diziyiizle2.com/sweet-magnolias/4-sezon-4-bolum/
📺 Embed URL bulundu: https://vidlax.xyz/embed/2960c7c17860e4d1
🔍 Embed URL kontrol ediliyor: https://vidlax.xyz/embed/2960c7c17860e4d1
❌ Embed URL kontrol hatası (https://vidlax.xyz/embed/2960c7c17860e4d1): 404 Client Error: Not Found for url: https://vidlax.xyz/embed/2960c7c17860e4d1

🔍 Vidlax direkt analizi: https://vidlax.xyz/embed/2960c7c17860e4d1
Vidlax analiz hatası: 404 Client Error: Not Found for url: https://vidlax.xyz/embed/2960c7c17860e4d1

🔍 Vidlax direkt analizi: https://diziyiizle2.com/sweet-magnolias/4-sezon-4-bolum/
📄 Sayfa içeriği alındı: 139725 karakter
❌ m3u8 URL'si bulunamadı
      ❌ m3u8 bulunamadı
   🔍 [35/40] Bölüm: https://diziyiizle2.com/sweet-magnolias/4-sezon-5-bolum/
📺 Embed URL bulundu: https://vidlax.xyz/embed/f4090c5ddc00e4d4
🔍 Embed URL kontrol ediliyor: https://vidlax.xyz/embed/f4090c5ddc00e4d4
❌ Embed URL kontrol hatası (https://vidlax.xyz/embed/f4090c5ddc00e4d4): 404 Client Error: Not Found for url: https://vidlax.xyz/embed/f4090c5ddc00e4d4

🔍 Vidlax direkt analizi: https://vidlax.xyz/embed/f4090c5ddc00e4d4
Vidlax analiz hatası: 404 Client Error: Not Found for url: https://vidlax.xyz/embed/f4090c5ddc00e4d4

🔍 Vidlax direkt analizi: https://diziyiizle2.com/sweet-magnolias/4-sezon-5-bolum/
📄 Sayfa içeriği alındı: 139725 karakter
❌ m3u8 URL'si bulunamadı
      ❌ m3u8 bulunamadı
   🔍 [36/40] Bölüm: https://diziyiizle2.com/sweet-magnolias/4-sezon-6-bolum/
📺 Embed URL bulundu: https://vidlax.xyz/embed/545cdf50636ed89c
🔍 Embed URL kontrol ediliyor: https://vidlax.xyz/embed/545cdf50636ed89c
❌ Embed URL kontrol hatası (https://vidlax.xyz/embed/545cdf50636ed89c): 404 Client Error: Not Found for url: https://vidlax.xyz/embed/545cdf50636ed89c

🔍 Vidlax direkt analizi: https://vidlax.xyz/embed/545cdf50636ed89c
Vidlax analiz hatası: 404 Client Error: Not Found for url: https://vidlax.xyz/embed/545cdf50636ed89c

🔍 Vidlax direkt analizi: https://diziyiizle2.com/sweet-magnolias/4-sezon-6-bolum/
📄 Sayfa içeriği alındı: 139725 karakter
❌ m3u8 URL'si bulunamadı
      ❌ m3u8 bulunamadı
   🔍 [37/40] Bölüm: https://diziyiizle2.com/sweet-magnolias/4-sezon-7-bolum/
📺 Embed URL bulundu: https://vidlax.xyz/embed/094718b331301707
🔍 Embed URL kontrol ediliyor: https://vidlax.xyz/embed/094718b331301707
❌ Embed URL kontrol hatası (https://vidlax.xyz/embed/094718b331301707): 404 Client Error: Not Found for url: https://vidlax.xyz/embed/094718b331301707

🔍 Vidlax direkt analizi: https://vidlax.xyz/embed/094718b331301707
Vidlax analiz hatası: 404 Client Error: Not Found for url: https://vidlax.xyz/embed/094718b331301707

🔍 Vidlax direkt analizi: https://diziyiizle2.com/sweet-magnolias/4-sezon-7-bolum/
📄 Sayfa içeriği alındı: 139725 karakter
❌ m3u8 URL'si bulunamadı
      ❌ m3u8 bulunamadı
   🔍 [38/40] Bölüm: https://diziyiizle2.com/sweet-magnolias/4-sezon-8-bolum/
📺 Embed URL bulundu: https://vidlax.xyz/embed/3b6dc21d9ee5864d
🔍 Embed URL kontrol ediliyor: https://vidlax.xyz/embed/3b6dc21d9ee5864d
❌ Embed URL kontrol hatası (https://vidlax.xyz/embed/3b6dc21d9ee5864d): 404 Client Error: Not Found for url: https://vidlax.xyz/embed/3b6dc21d9ee5864d

🔍 Vidlax direkt analizi: https://vidlax.xyz/embed/3b6dc21d9ee5864d
Vidlax analiz hatası: 404 Client Error: Not Found for url: https://vidlax.xyz/embed/3b6dc21d9ee5864d

🔍 Vidlax direkt analizi: https://diziyiizle2.com/sweet-magnolias/4-sezon-8-bolum/
📄 Sayfa içeriği alındı: 139723 karakter
❌ m3u8 URL'si bulunamadı
      ❌ m3u8 bulunamadı
   🔍 [39/40] Bölüm: https://diziyiizle2.com/sweet-magnolias/4-sezon-9-bolum/

🔍 Vidlax direkt analizi: https://diziyiizle2.com/sweet-magnolias/4-sezon-9-bolum/
📄 Sayfa içeriği alındı: 139680 karakter
❌ m3u8 URL'si bulunamadı
      ❌ m3u8 bulunamadı
   🔍 [40/40] Bölüm: https://diziyiizle2.com/sweet-magnolias/4-sezon-10-bolum/

🔍 Vidlax direkt analizi: https://diziyiizle2.com/sweet-magnolias/4-sezon-10-bolum/
📄 Sayfa içeriği alındı: 139699 karakter
❌ m3u8 URL'si bulunamadı
      ❌ m3u8 bulunamadı
   ❌ Bu dizi için hiç m3u8 bulunamadı

============================================================
🎬 [38/56] İşleniyor: https://diziyiizle2.com/dizi/adsiz-asiklar/
📺 Bölüm bulundu: 1. Sezon 1. BölümDual08.10.202548 dk. - https://diziyiizle2.com/adsiz-asiklar/1-sezon-1-bolum/
📺 Bölüm bulundu: 1. Sezon 2. BölümDual08.10.202550 dk. - https://diziyiizle2.com/adsiz-asiklar/1-sezon-2-bolum/
📺 Bölüm bulundu: 1. Sezon 3. BölümDual08.10.202554 dk. - https://diziyiizle2.com/adsiz-asiklar/1-sezon-3-bolum/
📺 Bölüm bulundu: 1. Sezon 4. BölümDual08.10.202550 dk. - https://diziyiizle2.com/adsiz-asiklar/1-sezon-4-bolum/
📺 Bölüm bulundu: 1. Sezon 5. BölümDual08.10.202555 dk. - https://diziyiizle2.com/adsiz-asiklar/1-sezon-5-bolum/
📺 Bölüm bulundu: 1. Sezon 6. BölümDual08.10.202557 dk. - https://diziyiizle2.com/adsiz-asiklar/1-sezon-6-bolum/
📺 Bölüm bulundu: 1. Sezon 7. BölümDual08.10.202553 dk. - https://diziyiizle2.com/adsiz-asiklar/1-sezon-7-bolum/
📺 Bölüm bulundu: 1. Sezon 8. BölümDual08.10.202553 dk. - https://diziyiizle2.com/adsiz-asiklar/1-sezon-8-bolum/

📊 Toplam 8 bölüm bulundu
   🔍 [1/8] Bölüm: https://diziyiizle2.com/adsiz-asiklar/1-sezon-1-bolum/
📺 Embed URL bulundu: https://vidlax.xyz/embed/3dced584bb26efa2
🔍 Embed URL kontrol ediliyor: https://vidlax.xyz/embed/3dced584bb26efa2
❌ Embed URL kontrol hatası (https://vidlax.xyz/embed/3dced584bb26efa2): 404 Client Error: Not Found for url: https://vidlax.xyz/embed/3dced584bb26efa2

🔍 Vidlax direkt analizi: https://vidlax.xyz/embed/3dced584bb26efa2
Vidlax analiz hatası: 404 Client Error: Not Found for url: https://vidlax.xyz/embed/3dced584bb26efa2

🔍 Vidlax direkt analizi: https://diziyiizle2.com/adsiz-asiklar/1-sezon-1-bolum/
📄 Sayfa içeriği alındı: 96122 karakter
❌ m3u8 URL'si bulunamadı
      ❌ m3u8 bulunamadı
   🔍 [2/8] Bölüm: https://diziyiizle2.com/adsiz-asiklar/1-sezon-2-bolum/
📺 Embed URL bulundu: https://vidlax.xyz/embed/487922e825d88db5
🔍 Embed URL kontrol ediliyor: https://vidlax.xyz/embed/487922e825d88db5
❌ Embed URL kontrol hatası (https://vidlax.xyz/embed/487922e825d88db5): 404 Client Error: Not Found for url: https://vidlax.xyz/embed/487922e825d88db5

🔍 Vidlax direkt analizi: https://vidlax.xyz/embed/487922e825d88db5
Vidlax analiz hatası: 404 Client Error: Not Found for url: https://vidlax.xyz/embed/487922e825d88db5

🔍 Vidlax direkt analizi: https://diziyiizle2.com/adsiz-asiklar/1-sezon-2-bolum/
📄 Sayfa içeriği alındı: 96009 karakter
❌ m3u8 URL'si bulunamadı
      ❌ m3u8 bulunamadı
   🔍 [3/8] Bölüm: https://diziyiizle2.com/adsiz-asiklar/1-sezon-3-bolum/
📺 Embed URL bulundu: https://vidlax.xyz/embed/062e84180b33a96d
🔍 Embed URL kontrol ediliyor: https://vidlax.xyz/embed/062e84180b33a96d
❌ Embed URL kontrol hatası (https://vidlax.xyz/embed/062e84180b33a96d): 404 Client Error: Not Found for url: https://vidlax.xyz/embed/062e84180b33a96d

🔍 Vidlax direkt analizi: https://vidlax.xyz/embed/062e84180b33a96d
Vidlax analiz hatası: 404 Client Error: Not Found for url: https://vidlax.xyz/embed/062e84180b33a96d

🔍 Vidlax direkt analizi: https://diziyiizle2.com/adsiz-asiklar/1-sezon-3-bolum/
📄 Sayfa içeriği alındı: 96170 karakter
❌ m3u8 URL'si bulunamadı
      ❌ m3u8 bulunamadı
   🔍 [4/8] Bölüm: https://diziyiizle2.com/adsiz-asiklar/1-sezon-4-bolum/
📺 Embed URL bulundu: https://vidlax.xyz/embed/e097a1c06a1617a4
🔍 Embed URL kontrol ediliyor: https://vidlax.xyz/embed/e097a1c06a1617a4
❌ Embed URL kontrol hatası (https://vidlax.xyz/embed/e097a1c06a1617a4): 404 Client Error: Not Found for url: https://vidlax.xyz/embed/e097a1c06a1617a4

🔍 Vidlax direkt analizi: https://vidlax.xyz/embed/e097a1c06a1617a4
Vidlax analiz hatası: 404 Client Error: Not Found for url: https://vidlax.xyz/embed/e097a1c06a1617a4

🔍 Vidlax direkt analizi: https://diziyiizle2.com/adsiz-asiklar/1-sezon-4-bolum/
📄 Sayfa içeriği alındı: 96024 karakter
❌ m3u8 URL'si bulunamadı
      ❌ m3u8 bulunamadı
   🔍 [5/8] Bölüm: https://diziyiizle2.com/adsiz-asiklar/1-sezon-5-bolum/
📺 Embed URL bulundu: https://vidlax.xyz/embed/0d4c62c085677dc5
🔍 Embed URL kontrol ediliyor: https://vidlax.xyz/embed/0d4c62c085677dc5
❌ Embed URL kontrol hatası (https://vidlax.xyz/embed/0d4c62c085677dc5): 404 Client Error: Not Found for url: https://vidlax.xyz/embed/0d4c62c085677dc5

🔍 Vidlax direkt analizi: https://vidlax.xyz/embed/0d4c62c085677dc5
Vidlax analiz hatası: 404 Client Error: Not Found for url: https://vidlax.xyz/embed/0d4c62c085677dc5

🔍 Vidlax direkt analizi: https://diziyiizle2.com/adsiz-asiklar/1-sezon-5-bolum/
📄 Sayfa içeriği alındı: 96003 karakter
❌ m3u8 URL'si bulunamadı
      ❌ m3u8 bulunamadı
   🔍 [6/8] Bölüm: https://diziyiizle2.com/adsiz-asiklar/1-sezon-6-bolum/
📺 Embed URL bulundu: https://vidlax.xyz/embed/210f633a99cab3f2
🔍 Embed URL kontrol ediliyor: https://vidlax.xyz/embed/210f633a99cab3f2
❌ Embed URL kontrol hatası (https://vidlax.xyz/embed/210f633a99cab3f2): 404 Client Error: Not Found for url: https://vidlax.xyz/embed/210f633a99cab3f2

🔍 Vidlax direkt analizi: https://vidlax.xyz/embed/210f633a99cab3f2
Vidlax analiz hatası: 404 Client Error: Not Found for url: https://vidlax.xyz/embed/210f633a99cab3f2

🔍 Vidlax direkt analizi: https://diziyiizle2.com/adsiz-asiklar/1-sezon-6-bolum/
📄 Sayfa içeriği alındı: 96059 karakter
❌ m3u8 URL'si bulunamadı
      ❌ m3u8 bulunamadı
   🔍 [7/8] Bölüm: https://diziyiizle2.com/adsiz-asiklar/1-sezon-7-bolum/
📺 Embed URL bulundu: https://vidlax.xyz/embed/ebe0ec88acf065d0
🔍 Embed URL kontrol ediliyor: https://vidlax.xyz/embed/ebe0ec88acf065d0
❌ Embed URL kontrol hatası (https://vidlax.xyz/embed/ebe0ec88acf065d0): 404 Client Error: Not Found for url: https://vidlax.xyz/embed/ebe0ec88acf065d0

🔍 Vidlax direkt analizi: https://vidlax.xyz/embed/ebe0ec88acf065d0
Vidlax analiz hatası: 404 Client Error: Not Found for url: https://vidlax.xyz/embed/ebe0ec88acf065d0

🔍 Vidlax direkt analizi: https://diziyiizle2.com/adsiz-asiklar/1-sezon-7-bolum/
📄 Sayfa içeriği alındı: 96192 karakter
❌ m3u8 URL'si bulunamadı
      ❌ m3u8 bulunamadı
   🔍 [8/8] Bölüm: https://diziyiizle2.com/adsiz-asiklar/1-sezon-8-bolum/
📺 Embed URL bulundu: https://vidlax.xyz/embed/fb95d81889160452
🔍 Embed URL kontrol ediliyor: https://vidlax.xyz/embed/fb95d81889160452
❌ Embed URL kontrol hatası (https://vidlax.xyz/embed/fb95d81889160452): 404 Client Error: Not Found for url: https://vidlax.xyz/embed/fb95d81889160452

🔍 Vidlax direkt analizi: https://vidlax.xyz/embed/fb95d81889160452
Vidlax analiz hatası: 404 Client Error: Not Found for url: https://vidlax.xyz/embed/fb95d81889160452

🔍 Vidlax direkt analizi: https://diziyiizle2.com/adsiz-asiklar/1-sezon-8-bolum/
📄 Sayfa içeriği alındı: 96100 karakter
❌ m3u8 URL'si bulunamadı
      ❌ m3u8 bulunamadı
   ❌ Bu dizi için hiç m3u8 bulunamadı

============================================================
🎬 [39/56] İşleniyor: https://diziyiizle2.com/dizi/the-peripheral/
📺 Bölüm bulundu: 1. Sezon 1. BölümDublaj07.10.202573 dk. - https://diziyiizle2.com/the-peripheral/1-sezon-1-bolum/
📺 Bölüm bulundu: 1. Sezon 2. BölümDublaj07.10.202565 dk. - https://diziyiizle2.com/the-peripheral/1-sezon-2-bolum/
📺 Bölüm bulundu: 1. Sezon 3. BölümDublaj07.10.202572 dk. - https://diziyiizle2.com/the-peripheral/1-sezon-3-bolum/
📺 Bölüm bulundu: 1. Sezon 4. BölümDublaj07.10.202559 dk. - https://diziyiizle2.com/the-peripheral/1-sezon-4-bolum/
📺 Bölüm bulundu: 1. Sezon 5. BölümDublaj07.10.202559 dk. - https://diziyiizle2.com/the-peripheral/1-sezon-5-bolum/
📺 Bölüm bulundu: 1. Sezon 6. BölümDublaj07.10.202562 dk. - https://diziyiizle2.com/the-peripheral/1-sezon-6-bolum/
📺 Bölüm bulundu: 1. Sezon 7. BölümDublaj07.10.202555 dk. - https://diziyiizle2.com/the-peripheral/1-sezon-7-bolum/
📺 Bölüm bulundu: 1. Sezon 8. BölümDublaj07.10.202558 dk. - https://diziyiizle2.com/the-peripheral/1-sezon-8-bolum/

📊 Toplam 8 bölüm bulundu
   🔍 [1/8] Bölüm: https://diziyiizle2.com/the-peripheral/1-sezon-1-bolum/
📺 Embed URL bulundu: https://vidlax.xyz/embed/6b7f01ee2b40991c
🔍 Embed URL kontrol ediliyor: https://vidlax.xyz/embed/6b7f01ee2b40991c
❌ Embed URL kontrol hatası (https://vidlax.xyz/embed/6b7f01ee2b40991c): 404 Client Error: Not Found for url: https://vidlax.xyz/embed/6b7f01ee2b40991c

🔍 Vidlax direkt analizi: https://vidlax.xyz/embed/6b7f01ee2b40991c
Vidlax analiz hatası: 404 Client Error: Not Found for url: https://vidlax.xyz/embed/6b7f01ee2b40991c

🔍 Vidlax direkt analizi: https://diziyiizle2.com/the-peripheral/1-sezon-1-bolum/
📄 Sayfa içeriği alındı: 96271 karakter
❌ m3u8 URL'si bulunamadı
      ❌ m3u8 bulunamadı
   🔍 [2/8] Bölüm: https://diziyiizle2.com/the-peripheral/1-sezon-2-bolum/
📺 Embed URL bulundu: https://vidlax.xyz/embed/d6889b0c713f57fe
🔍 Embed URL kontrol ediliyor: https://vidlax.xyz/embed/d6889b0c713f57fe
❌ Embed URL kontrol hatası (https://vidlax.xyz/embed/d6889b0c713f57fe): 404 Client Error: Not Found for url: https://vidlax.xyz/embed/d6889b0c713f57fe

🔍 Vidlax direkt analizi: https://vidlax.xyz/embed/d6889b0c713f57fe
Vidlax analiz hatası: 404 Client Error: Not Found for url: https://vidlax.xyz/embed/d6889b0c713f57fe

🔍 Vidlax direkt analizi: https://diziyiizle2.com/the-peripheral/1-sezon-2-bolum/
📄 Sayfa içeriği alındı: 96174 karakter
❌ m3u8 URL'si bulunamadı
      ❌ m3u8 bulunamadı
   🔍 [3/8] Bölüm: https://diziyiizle2.com/the-peripheral/1-sezon-3-bolum/
📺 Embed URL bulundu: https://vidlax.xyz/embed/efebb356537cff34
🔍 Embed URL kontrol ediliyor: https://vidlax.xyz/embed/efebb356537cff34
❌ Embed URL kontrol hatası (https://vidlax.xyz/embed/efebb356537cff34): 404 Client Error: Not Found for url: https://vidlax.xyz/embed/efebb356537cff34

🔍 Vidlax direkt analizi: https://vidlax.xyz/embed/efebb356537cff34
Vidlax analiz hatası: 404 Client Error: Not Found for url: https://vidlax.xyz/embed/efebb356537cff34

🔍 Vidlax direkt analizi: https://diziyiizle2.com/the-peripheral/1-sezon-3-bolum/
📄 Sayfa içeriği alındı: 95957 karakter
❌ m3u8 URL'si bulunamadı
      ❌ m3u8 bulunamadı
   🔍 [4/8] Bölüm: https://diziyiizle2.com/the-peripheral/1-sezon-4-bolum/
📺 Embed URL bulundu: https://vidlax.xyz/embed/4dfb011e03038e04
🔍 Embed URL kontrol ediliyor: https://vidlax.xyz/embed/4dfb011e03038e04
❌ Embed URL kontrol hatası (https://vidlax.xyz/embed/4dfb011e03038e04): 404 Client Error: Not Found for url: https://vidlax.xyz/embed/4dfb011e03038e04

🔍 Vidlax direkt analizi: https://vidlax.xyz/embed/4dfb011e03038e04
Vidlax analiz hatası: 404 Client Error: Not Found for url: https://vidlax.xyz/embed/4dfb011e03038e04

🔍 Vidlax direkt analizi: https://diziyiizle2.com/the-peripheral/1-sezon-4-bolum/
📄 Sayfa içeriği alındı: 96104 karakter
❌ m3u8 URL'si bulunamadı
      ❌ m3u8 bulunamadı
   🔍 [5/8] Bölüm: https://diziyiizle2.com/the-peripheral/1-sezon-5-bolum/
📺 Embed URL bulundu: https://vidlax.xyz/embed/22f21debce699cd6
🔍 Embed URL kontrol ediliyor: https://vidlax.xyz/embed/22f21debce699cd6
❌ Embed URL kontrol hatası (https://vidlax.xyz/embed/22f21debce699cd6): 404 Client Error: Not Found for url: https://vidlax.xyz/embed/22f21debce699cd6

🔍 Vidlax direkt analizi: https://vidlax.xyz/embed/22f21debce699cd6
Vidlax analiz hatası: 404 Client Error: Not Found for url: https://vidlax.xyz/embed/22f21debce699cd6

🔍 Vidlax direkt analizi: https://diziyiizle2.com/the-peripheral/1-sezon-5-bolum/
📄 Sayfa içeriği alındı: 95838 karakter
❌ m3u8 URL'si bulunamadı
      ❌ m3u8 bulunamadı
   🔍 [6/8] Bölüm: https://diziyiizle2.com/the-peripheral/1-sezon-6-bolum/
📺 Embed URL bulundu: https://vidlax.xyz/embed/1cff93bb5e35189b
🔍 Embed URL kontrol ediliyor: https://vidlax.xyz/embed/1cff93bb5e35189b
❌ Embed URL kontrol hatası (https://vidlax.xyz/embed/1cff93bb5e35189b): 404 Client Error: Not Found for url: https://vidlax.xyz/embed/1cff93bb5e35189b

🔍 Vidlax direkt analizi: https://vidlax.xyz/embed/1cff93bb5e35189b
Vidlax analiz hatası: 404 Client Error: Not Found for url: https://vidlax.xyz/embed/1cff93bb5e35189b

🔍 Vidlax direkt analizi: https://diziyiizle2.com/the-peripheral/1-sezon-6-bolum/
📄 Sayfa içeriği alındı: 96175 karakter
❌ m3u8 URL'si bulunamadı
      ❌ m3u8 bulunamadı
   🔍 [7/8] Bölüm: https://diziyiizle2.com/the-peripheral/1-sezon-7-bolum/
📺 Embed URL bulundu: https://vidlax.xyz/embed/f301ee89ffa08900
🔍 Embed URL kontrol ediliyor: https://vidlax.xyz/embed/f301ee89ffa08900
❌ Embed URL kontrol hatası (https://vidlax.xyz/embed/f301ee89ffa08900): 404 Client Error: Not Found for url: https://vidlax.xyz/embed/f301ee89ffa08900

🔍 Vidlax direkt analizi: https://vidlax.xyz/embed/f301ee89ffa08900
Vidlax analiz hatası: 404 Client Error: Not Found for url: https://vidlax.xyz/embed/f301ee89ffa08900

🔍 Vidlax direkt analizi: https://diziyiizle2.com/the-peripheral/1-sezon-7-bolum/
📄 Sayfa içeriği alındı: 96102 karakter
❌ m3u8 URL'si bulunamadı
      ❌ m3u8 bulunamadı
   🔍 [8/8] Bölüm: https://diziyiizle2.com/the-peripheral/1-sezon-8-bolum/
📺 Embed URL bulundu: https://vidlax.xyz/embed/f1af1cb975dc2c7c
🔍 Embed URL kontrol ediliyor: https://vidlax.xyz/embed/f1af1cb975dc2c7c
❌ Embed URL kontrol hatası (https://vidlax.xyz/embed/f1af1cb975dc2c7c): 404 Client Error: Not Found for url: https://vidlax.xyz/embed/f1af1cb975dc2c7c

🔍 Vidlax direkt analizi: https://vidlax.xyz/embed/f1af1cb975dc2c7c
Vidlax analiz hatası: 404 Client Error: Not Found for url: https://vidlax.xyz/embed/f1af1cb975dc2c7c

🔍 Vidlax direkt analizi: https://diziyiizle2.com/the-peripheral/1-sezon-8-bolum/
📄 Sayfa içeriği alındı: 96374 karakter
❌ m3u8 URL'si bulunamadı
      ❌ m3u8 bulunamadı
   ❌ Bu dizi için hiç m3u8 bulunamadı

============================================================
🎬 [40/56] İşleniyor: https://diziyiizle2.com/dizi/dead-ringers/
📺 Bölüm bulundu: 1. Sezon 1. BölümDublaj07.10.202564 dk. - https://diziyiizle2.com/dead-ringers/1-sezon-1-bolum/
📺 Bölüm bulundu: 1. Sezon 2. BölümDublaj07.10.202552 dk. - https://diziyiizle2.com/dead-ringers/1-sezon-2-bolum/
📺 Bölüm bulundu: 1. Sezon 3. BölümDublaj07.10.202559 dk. - https://diziyiizle2.com/dead-ringers/1-sezon-3-bolum/
📺 Bölüm bulundu: 1. Sezon 4. BölümDublaj07.10.202558 dk. - https://diziyiizle2.com/dead-ringers/1-sezon-4-bolum/
📺 Bölüm bulundu: 1. Sezon 5. BölümDublaj07.10.202560 dk. - https://diziyiizle2.com/dead-ringers/1-sezon-5-bolum/
📺 Bölüm bulundu: 1. Sezon 6. BölümDublaj07.10.202561 dk. - https://diziyiizle2.com/dead-ringers/1-sezon-6-bolum/

📊 Toplam 6 bölüm bulundu
   🔍 [1/6] Bölüm: https://diziyiizle2.com/dead-ringers/1-sezon-1-bolum/
📺 Embed URL bulundu: https://vidlax.xyz/embed/d703ae5302238247
🔍 Embed URL kontrol ediliyor: https://vidlax.xyz/embed/d703ae5302238247
❌ Embed URL kontrol hatası (https://vidlax.xyz/embed/d703ae5302238247): 404 Client Error: Not Found for url: https://vidlax.xyz/embed/d703ae5302238247

🔍 Vidlax direkt analizi: https://vidlax.xyz/embed/d703ae5302238247
Vidlax analiz hatası: 404 Client Error: Not Found for url: https://vidlax.xyz/embed/d703ae5302238247

🔍 Vidlax direkt analizi: https://diziyiizle2.com/dead-ringers/1-sezon-1-bolum/
📄 Sayfa içeriği alındı: 92983 karakter
❌ m3u8 URL'si bulunamadı
      ❌ m3u8 bulunamadı
   🔍 [2/6] Bölüm: https://diziyiizle2.com/dead-ringers/1-sezon-2-bolum/
📺 Embed URL bulundu: https://vidlax.xyz/embed/d34a5fb8fc4d8c51
🔍 Embed URL kontrol ediliyor: https://vidlax.xyz/embed/d34a5fb8fc4d8c51
❌ Embed URL kontrol hatası (https://vidlax.xyz/embed/d34a5fb8fc4d8c51): 404 Client Error: Not Found for url: https://vidlax.xyz/embed/d34a5fb8fc4d8c51

🔍 Vidlax direkt analizi: https://vidlax.xyz/embed/d34a5fb8fc4d8c51
Vidlax analiz hatası: 404 Client Error: Not Found for url: https://vidlax.xyz/embed/d34a5fb8fc4d8c51

🔍 Vidlax direkt analizi: https://diziyiizle2.com/dead-ringers/1-sezon-2-bolum/
📄 Sayfa içeriği alındı: 93267 karakter
❌ m3u8 URL'si bulunamadı
      ❌ m3u8 bulunamadı
   🔍 [3/6] Bölüm: https://diziyiizle2.com/dead-ringers/1-sezon-3-bolum/
📺 Embed URL bulundu: https://vidlax.xyz/embed/4948846c261863b3
🔍 Embed URL kontrol ediliyor: https://vidlax.xyz/embed/4948846c261863b3
❌ Embed URL kontrol hatası (https://vidlax.xyz/embed/4948846c261863b3): 404 Client Error: Not Found for url: https://vidlax.xyz/embed/4948846c261863b3

🔍 Vidlax direkt analizi: https://vidlax.xyz/embed/4948846c261863b3
Vidlax analiz hatası: 404 Client Error: Not Found for url: https://vidlax.xyz/embed/4948846c261863b3

🔍 Vidlax direkt analizi: https://diziyiizle2.com/dead-ringers/1-sezon-3-bolum/
📄 Sayfa içeriği alındı: 93453 karakter
❌ m3u8 URL'si bulunamadı
      ❌ m3u8 bulunamadı
   🔍 [4/6] Bölüm: https://diziyiizle2.com/dead-ringers/1-sezon-4-bolum/
📺 Embed URL bulundu: https://vidlax.xyz/embed/b6615a77115debfc
🔍 Embed URL kontrol ediliyor: https://vidlax.xyz/embed/b6615a77115debfc
❌ Embed URL kontrol hatası (https://vidlax.xyz/embed/b6615a77115debfc): 404 Client Error: Not Found for url: https://vidlax.xyz/embed/b6615a77115debfc

🔍 Vidlax direkt analizi: https://vidlax.xyz/embed/b6615a77115debfc
Vidlax analiz hatası: 404 Client Error: Not Found for url: https://vidlax.xyz/embed/b6615a77115debfc

🔍 Vidlax direkt analizi: https://diziyiizle2.com/dead-ringers/1-sezon-4-bolum/
📄 Sayfa içeriği alındı: 93191 karakter
❌ m3u8 URL'si bulunamadı
      ❌ m3u8 bulunamadı
   🔍 [5/6] Bölüm: https://diziyiizle2.com/dead-ringers/1-sezon-5-bolum/
📺 Embed URL bulundu: https://vidlax.xyz/embed/1a607f96aa2d1e87
🔍 Embed URL kontrol ediliyor: https://vidlax.xyz/embed/1a607f96aa2d1e87
❌ Embed URL kontrol hatası (https://vidlax.xyz/embed/1a607f96aa2d1e87): 404 Client Error: Not Found for url: https://vidlax.xyz/embed/1a607f96aa2d1e87

🔍 Vidlax direkt analizi: https://vidlax.xyz/embed/1a607f96aa2d1e87
Vidlax analiz hatası: 404 Client Error: Not Found for url: https://vidlax.xyz/embed/1a607f96aa2d1e87

🔍 Vidlax direkt analizi: https://diziyiizle2.com/dead-ringers/1-sezon-5-bolum/
📄 Sayfa içeriği alındı: 93404 karakter
❌ m3u8 URL'si bulunamadı
      ❌ m3u8 bulunamadı
   🔍 [6/6] Bölüm: https://diziyiizle2.com/dead-ringers/1-sezon-6-bolum/
📺 Embed URL bulundu: https://vidlax.xyz/embed/ebda581a26d3c3cb
🔍 Embed URL kontrol ediliyor: https://vidlax.xyz/embed/ebda581a26d3c3cb
❌ Embed URL kontrol hatası (https://vidlax.xyz/embed/ebda581a26d3c3cb): 404 Client Error: Not Found for url: https://vidlax.xyz/embed/ebda581a26d3c3cb

🔍 Vidlax direkt analizi: https://vidlax.xyz/embed/ebda581a26d3c3cb
Vidlax analiz hatası: 404 Client Error: Not Found for url: https://vidlax.xyz/embed/ebda581a26d3c3cb

🔍 Vidlax direkt analizi: https://diziyiizle2.com/dead-ringers/1-sezon-6-bolum/
📄 Sayfa içeriği alındı: 93254 karakter
❌ m3u8 URL'si bulunamadı
      ❌ m3u8 bulunamadı
   ❌ Bu dizi için hiç m3u8 bulunamadı

============================================================
🎬 [41/56] İşleniyor: https://diziyiizle2.com/dizi/deadloch/
📺 Bölüm bulundu: 1. Sezon 1. BölümDublaj07.10.202559 dk. - https://diziyiizle2.com/deadloch/1-sezon-1-bolum/
📺 Bölüm bulundu: 1. Sezon 2. BölümDublaj07.10.202562 dk. - https://diziyiizle2.com/deadloch/1-sezon-2-bolum/
📺 Bölüm bulundu: 1. Sezon 3. BölümDublaj07.10.202561 dk. - https://diziyiizle2.com/deadloch/1-sezon-3-bolum/
📺 Bölüm bulundu: 1. Sezon 4. BölümDublaj07.10.202558 dk. - https://diziyiizle2.com/deadloch/1-sezon-4-bolum/
📺 Bölüm bulundu: 1. Sezon 5. BölümDublaj07.10.202556 dk. - https://diziyiizle2.com/deadloch/1-sezon-5-bolum/
📺 Bölüm bulundu: 1. Sezon 6. BölümDublaj07.10.202558 dk. - https://diziyiizle2.com/deadloch/1-sezon-6-bolum/
📺 Bölüm bulundu: 1. Sezon 7. BölümDublaj07.10.202557 dk. - https://diziyiizle2.com/deadloch/1-sezon-7-bolum/
📺 Bölüm bulundu: 1. Sezon 8. BölümDublaj07.10.202564 dk. - https://diziyiizle2.com/deadloch/1-sezon-8-bolum/

📊 Toplam 8 bölüm bulundu
   🔍 [1/8] Bölüm: https://diziyiizle2.com/deadloch/1-sezon-1-bolum/
📺 Embed URL bulundu: https://vidlax.xyz/embed/edab5ca05c609865
🔍 Embed URL kontrol ediliyor: https://vidlax.xyz/embed/edab5ca05c609865
❌ Embed URL kontrol hatası (https://vidlax.xyz/embed/edab5ca05c609865): 404 Client Error: Not Found for url: https://vidlax.xyz/embed/edab5ca05c609865

🔍 Vidlax direkt analizi: https://vidlax.xyz/embed/edab5ca05c609865
Vidlax analiz hatası: 404 Client Error: Not Found for url: https://vidlax.xyz/embed/edab5ca05c609865

🔍 Vidlax direkt analizi: https://diziyiizle2.com/deadloch/1-sezon-1-bolum/
📄 Sayfa içeriği alındı: 96064 karakter
❌ m3u8 URL'si bulunamadı
      ❌ m3u8 bulunamadı
   🔍 [2/8] Bölüm: https://diziyiizle2.com/deadloch/1-sezon-2-bolum/
📺 Embed URL bulundu: https://vidlax.xyz/embed/7ac514d441215d09
🔍 Embed URL kontrol ediliyor: https://vidlax.xyz/embed/7ac514d441215d09
❌ Embed URL kontrol hatası (https://vidlax.xyz/embed/7ac514d441215d09): 404 Client Error: Not Found for url: https://vidlax.xyz/embed/7ac514d441215d09

🔍 Vidlax direkt analizi: https://vidlax.xyz/embed/7ac514d441215d09
Vidlax analiz hatası: 404 Client Error: Not Found for url: https://vidlax.xyz/embed/7ac514d441215d09

🔍 Vidlax direkt analizi: https://diziyiizle2.com/deadloch/1-sezon-2-bolum/
📄 Sayfa içeriği alındı: 96038 karakter
❌ m3u8 URL'si bulunamadı
      ❌ m3u8 bulunamadı
   🔍 [3/8] Bölüm: https://diziyiizle2.com/deadloch/1-sezon-3-bolum/
📺 Embed URL bulundu: https://vidlax.xyz/embed/05b69f32ff171008
🔍 Embed URL kontrol ediliyor: https://vidlax.xyz/embed/05b69f32ff171008
❌ Embed URL kontrol hatası (https://vidlax.xyz/embed/05b69f32ff171008): 404 Client Error: Not Found for url: https://vidlax.xyz/embed/05b69f32ff171008

🔍 Vidlax direkt analizi: https://vidlax.xyz/embed/05b69f32ff171008
Vidlax analiz hatası: 404 Client Error: Not Found for url: https://vidlax.xyz/embed/05b69f32ff171008

🔍 Vidlax direkt analizi: https://diziyiizle2.com/deadloch/1-sezon-3-bolum/
📄 Sayfa içeriği alındı: 95975 karakter
❌ m3u8 URL'si bulunamadı
      ❌ m3u8 bulunamadı
   🔍 [4/8] Bölüm: https://diziyiizle2.com/deadloch/1-sezon-4-bolum/
📺 Embed URL bulundu: https://vidlax.xyz/embed/b597e887789b7b4e
🔍 Embed URL kontrol ediliyor: https://vidlax.xyz/embed/b597e887789b7b4e
❌ Embed URL kontrol hatası (https://vidlax.xyz/embed/b597e887789b7b4e): 404 Client Error: Not Found for url: https://vidlax.xyz/embed/b597e887789b7b4e

🔍 Vidlax direkt analizi: https://vidlax.xyz/embed/b597e887789b7b4e
Vidlax analiz hatası: 404 Client Error: Not Found for url: https://vidlax.xyz/embed/b597e887789b7b4e

🔍 Vidlax direkt analizi: https://diziyiizle2.com/deadloch/1-sezon-4-bolum/
📄 Sayfa içeriği alındı: 95965 karakter
❌ m3u8 URL'si bulunamadı
      ❌ m3u8 bulunamadı
   🔍 [5/8] Bölüm: https://diziyiizle2.com/deadloch/1-sezon-5-bolum/
📺 Embed URL bulundu: https://vidlax.xyz/embed/6da17b809d3ff2e9
🔍 Embed URL kontrol ediliyor: https://vidlax.xyz/embed/6da17b809d3ff2e9
❌ Embed URL kontrol hatası (https://vidlax.xyz/embed/6da17b809d3ff2e9): 404 Client Error: Not Found for url: https://vidlax.xyz/embed/6da17b809d3ff2e9

🔍 Vidlax direkt analizi: https://vidlax.xyz/embed/6da17b809d3ff2e9
Vidlax analiz hatası: 404 Client Error: Not Found for url: https://vidlax.xyz/embed/6da17b809d3ff2e9

🔍 Vidlax direkt analizi: https://diziyiizle2.com/deadloch/1-sezon-5-bolum/
📄 Sayfa içeriği alındı: 96000 karakter
❌ m3u8 URL'si bulunamadı
      ❌ m3u8 bulunamadı
   🔍 [6/8] Bölüm: https://diziyiizle2.com/deadloch/1-sezon-6-bolum/
📺 Embed URL bulundu: https://vidlax.xyz/embed/1d6285bc782408a3
🔍 Embed URL kontrol ediliyor: https://vidlax.xyz/embed/1d6285bc782408a3
❌ Embed URL kontrol hatası (https://vidlax.xyz/embed/1d6285bc782408a3): 404 Client Error: Not Found for url: https://vidlax.xyz/embed/1d6285bc782408a3

🔍 Vidlax direkt analizi: https://vidlax.xyz/embed/1d6285bc782408a3
Vidlax analiz hatası: 404 Client Error: Not Found for url: https://vidlax.xyz/embed/1d6285bc782408a3

🔍 Vidlax direkt analizi: https://diziyiizle2.com/deadloch/1-sezon-6-bolum/
📄 Sayfa içeriği alındı: 95929 karakter
❌ m3u8 URL'si bulunamadı
      ❌ m3u8 bulunamadı
   🔍 [7/8] Bölüm: https://diziyiizle2.com/deadloch/1-sezon-7-bolum/
📺 Embed URL bulundu: https://vidlax.xyz/embed/c7a42a54ab98020a
🔍 Embed URL kontrol ediliyor: https://vidlax.xyz/embed/c7a42a54ab98020a
❌ Embed URL kontrol hatası (https://vidlax.xyz/embed/c7a42a54ab98020a): 404 Client Error: Not Found for url: https://vidlax.xyz/embed/c7a42a54ab98020a

🔍 Vidlax direkt analizi: https://vidlax.xyz/embed/c7a42a54ab98020a
Vidlax analiz hatası: 404 Client Error: Not Found for url: https://vidlax.xyz/embed/c7a42a54ab98020a

🔍 Vidlax direkt analizi: https://diziyiizle2.com/deadloch/1-sezon-7-bolum/
📄 Sayfa içeriği alındı: 96007 karakter
❌ m3u8 URL'si bulunamadı
      ❌ m3u8 bulunamadı
   🔍 [8/8] Bölüm: https://diziyiizle2.com/deadloch/1-sezon-8-bolum/
📺 Embed URL bulundu: https://vidlax.xyz/embed/f1aeb0b8492c698d
🔍 Embed URL kontrol ediliyor: https://vidlax.xyz/embed/f1aeb0b8492c698d
❌ Embed URL kontrol hatası (https://vidlax.xyz/embed/f1aeb0b8492c698d): 404 Client Error: Not Found for url: https://vidlax.xyz/embed/f1aeb0b8492c698d

🔍 Vidlax direkt analizi: https://vidlax.xyz/embed/f1aeb0b8492c698d
Vidlax analiz hatası: 404 Client Error: Not Found for url: https://vidlax.xyz/embed/f1aeb0b8492c698d

🔍 Vidlax direkt analizi: https://diziyiizle2.com/deadloch/1-sezon-8-bolum/
📄 Sayfa içeriği alındı: 96006 karakter
❌ m3u8 URL'si bulunamadı
      ❌ m3u8 bulunamadı
   ❌ Bu dizi için hiç m3u8 bulunamadı

============================================================
🎬 [42/56] İşleniyor: https://diziyiizle2.com/dizi/camino-a-arcadia/
📺 Bölüm bulundu: 1. Sezon 1. BölümAltyazılı07.10.202547 dk. - https://diziyiizle2.com/camino-a-arcadia/1-sezon-1-bolum/
📺 Bölüm bulundu: 1. Sezon 2. BölümAltyazılı07.10.202547 dk. - https://diziyiizle2.com/camino-a-arcadia/1-sezon-2-bolum/
📺 Bölüm bulundu: 1. Sezon 3. BölümAltyazılı07.10.202549 dk. - https://diziyiizle2.com/camino-a-arcadia/1-sezon-3-bolum/
📺 Bölüm bulundu: 1. Sezon 4. BölümAltyazılı07.10.202551 dk. - https://diziyiizle2.com/camino-a-arcadia/1-sezon-4-bolum/
📺 Bölüm bulundu: 1. Sezon 5. BölümAltyazılı07.10.202550 dk. - https://diziyiizle2.com/camino-a-arcadia/1-sezon-5-bolum/
📺 Bölüm bulundu: 1. Sezon 6. BölümAltyazılı07.10.202547 dk. - https://diziyiizle2.com/camino-a-arcadia/1-sezon-6-bolum/

📊 Toplam 6 bölüm bulundu
   🔍 [1/6] Bölüm: https://diziyiizle2.com/camino-a-arcadia/1-sezon-1-bolum/
📺 Embed URL bulundu: https://vidlax.xyz/embed/7c0ba656d2a6a2e4
🔍 Embed URL kontrol ediliyor: https://vidlax.xyz/embed/7c0ba656d2a6a2e4
❌ Embed URL kontrol hatası (https://vidlax.xyz/embed/7c0ba656d2a6a2e4): 404 Client Error: Not Found for url: https://vidlax.xyz/embed/7c0ba656d2a6a2e4

🔍 Vidlax direkt analizi: https://vidlax.xyz/embed/7c0ba656d2a6a2e4
Vidlax analiz hatası: 404 Client Error: Not Found for url: https://vidlax.xyz/embed/7c0ba656d2a6a2e4

🔍 Vidlax direkt analizi: https://diziyiizle2.com/camino-a-arcadia/1-sezon-1-bolum/
📄 Sayfa içeriği alındı: 93049 karakter
❌ m3u8 URL'si bulunamadı
      ❌ m3u8 bulunamadı
   🔍 [2/6] Bölüm: https://diziyiizle2.com/camino-a-arcadia/1-sezon-2-bolum/
📺 Embed URL bulundu: https://vidlax.xyz/embed/dc9e8bd95502f293
🔍 Embed URL kontrol ediliyor: https://vidlax.xyz/embed/dc9e8bd95502f293
❌ Embed URL kontrol hatası (https://vidlax.xyz/embed/dc9e8bd95502f293): 404 Client Error: Not Found for url: https://vidlax.xyz/embed/dc9e8bd95502f293

🔍 Vidlax direkt analizi: https://vidlax.xyz/embed/dc9e8bd95502f293
Vidlax analiz hatası: 404 Client Error: Not Found for url: https://vidlax.xyz/embed/dc9e8bd95502f293

🔍 Vidlax direkt analizi: https://diziyiizle2.com/camino-a-arcadia/1-sezon-2-bolum/
📄 Sayfa içeriği alındı: 93049 karakter
❌ m3u8 URL'si bulunamadı
      ❌ m3u8 bulunamadı
   🔍 [3/6] Bölüm: https://diziyiizle2.com/camino-a-arcadia/1-sezon-3-bolum/
📺 Embed URL bulundu: https://vidlax.xyz/embed/7e522a695f817877
🔍 Embed URL kontrol ediliyor: https://vidlax.xyz/embed/7e522a695f817877
❌ Embed URL kontrol hatası (https://vidlax.xyz/embed/7e522a695f817877): 404 Client Error: Not Found for url: https://vidlax.xyz/embed/7e522a695f817877

🔍 Vidlax direkt analizi: https://vidlax.xyz/embed/7e522a695f817877
Vidlax analiz hatası: 404 Client Error: Not Found for url: https://vidlax.xyz/embed/7e522a695f817877

🔍 Vidlax direkt analizi: https://diziyiizle2.com/camino-a-arcadia/1-sezon-3-bolum/
📄 Sayfa içeriği alındı: 93049 karakter
❌ m3u8 URL'si bulunamadı
      ❌ m3u8 bulunamadı
   🔍 [4/6] Bölüm: https://diziyiizle2.com/camino-a-arcadia/1-sezon-4-bolum/
📺 Embed URL bulundu: https://vidlax.xyz/embed/7d8111b838db0042
🔍 Embed URL kontrol ediliyor: https://vidlax.xyz/embed/7d8111b838db0042
❌ Embed URL kontrol hatası (https://vidlax.xyz/embed/7d8111b838db0042): 404 Client Error: Not Found for url: https://vidlax.xyz/embed/7d8111b838db0042

🔍 Vidlax direkt analizi: https://vidlax.xyz/embed/7d8111b838db0042
Vidlax analiz hatası: 404 Client Error: Not Found for url: https://vidlax.xyz/embed/7d8111b838db0042

🔍 Vidlax direkt analizi: https://diziyiizle2.com/camino-a-arcadia/1-sezon-4-bolum/
📄 Sayfa içeriği alındı: 93049 karakter
❌ m3u8 URL'si bulunamadı
      ❌ m3u8 bulunamadı
   🔍 [5/6] Bölüm: https://diziyiizle2.com/camino-a-arcadia/1-sezon-5-bolum/
📺 Embed URL bulundu: https://vidlax.xyz/embed/f20e7b9b35f59328
🔍 Embed URL kontrol ediliyor: https://vidlax.xyz/embed/f20e7b9b35f59328
❌ Embed URL kontrol hatası (https://vidlax.xyz/embed/f20e7b9b35f59328): 404 Client Error: Not Found for url: https://vidlax.xyz/embed/f20e7b9b35f59328

🔍 Vidlax direkt analizi: https://vidlax.xyz/embed/f20e7b9b35f59328
Vidlax analiz hatası: 404 Client Error: Not Found for url: https://vidlax.xyz/embed/f20e7b9b35f59328

🔍 Vidlax direkt analizi: https://diziyiizle2.com/camino-a-arcadia/1-sezon-5-bolum/
📄 Sayfa içeriği alındı: 93048 karakter
❌ m3u8 URL'si bulunamadı
      ❌ m3u8 bulunamadı
   🔍 [6/6] Bölüm: https://diziyiizle2.com/camino-a-arcadia/1-sezon-6-bolum/
📺 Embed URL bulundu: https://vidlax.xyz/embed/79816da0773fb4d9
🔍 Embed URL kontrol ediliyor: https://vidlax.xyz/embed/79816da0773fb4d9
❌ Embed URL kontrol hatası (https://vidlax.xyz/embed/79816da0773fb4d9): 404 Client Error: Not Found for url: https://vidlax.xyz/embed/79816da0773fb4d9

🔍 Vidlax direkt analizi: https://vidlax.xyz/embed/79816da0773fb4d9
Vidlax analiz hatası: 404 Client Error: Not Found for url: https://vidlax.xyz/embed/79816da0773fb4d9

🔍 Vidlax direkt analizi: https://diziyiizle2.com/camino-a-arcadia/1-sezon-6-bolum/
📄 Sayfa içeriği alındı: 93049 karakter
❌ m3u8 URL'si bulunamadı
      ❌ m3u8 bulunamadı
   ❌ Bu dizi için hiç m3u8 bulunamadı

============================================================
🎬 [43/56] İşleniyor: https://diziyiizle2.com/dizi/knutby/
📺 Bölüm bulundu: 1. Sezon 1. BölümAltyazılı07.10.202545 dk. - https://diziyiizle2.com/knutby/1-sezon-1-bolum/
📺 Bölüm bulundu: 1. Sezon 2. BölümAltyazılı07.10.202545 dk. - https://diziyiizle2.com/knutby/1-sezon-2-bolum/
📺 Bölüm bulundu: 1. Sezon 3. BölümAltyazılı07.10.202545 dk. - https://diziyiizle2.com/knutby/1-sezon-3-bolum/
📺 Bölüm bulundu: 1. Sezon 4. BölümAltyazılı07.10.202545 dk. - https://diziyiizle2.com/knutby/1-sezon-4-bolum/
📺 Bölüm bulundu: 1. Sezon 5. BölümAltyazılı07.10.202545 dk. - https://diziyiizle2.com/knutby/1-sezon-5-bolum/
📺 Bölüm bulundu: 1. Sezon 6. BölümAltyazılı07.10.202545 dk. - https://diziyiizle2.com/knutby/1-sezon-6-bolum/
📺 Bölüm bulundu: 2. Sezon 1. BölümAltyazılı07.10.202544 dk. - https://diziyiizle2.com/knutby/2-sezon-1-bolum/
📺 Bölüm bulundu: 2. Sezon 2. BölümAltyazılı07.10.202544 dk. - https://diziyiizle2.com/knutby/2-sezon-2-bolum/
📺 Bölüm bulundu: 2. Sezon 3. BölümAltyazılı07.10.202544 dk. - https://diziyiizle2.com/knutby/2-sezon-3-bolum/
📺 Bölüm bulundu: 2. Sezon 4. BölümAltyazılı07.10.202544 dk. - https://diziyiizle2.com/knutby/2-sezon-4-bolum/
📺 Bölüm bulundu: 2. Sezon 5. BölümAltyazılı07.10.202544 dk. - https://diziyiizle2.com/knutby/2-sezon-5-bolum/
📺 Bölüm bulundu: 2. Sezon 6. BölümAltyazılı07.10.202544 dk. - https://diziyiizle2.com/knutby/2-sezon-6-bolum/

📊 Toplam 12 bölüm bulundu
   🔍 [1/12] Bölüm: https://diziyiizle2.com/knutby/1-sezon-1-bolum/
📺 Embed URL bulundu: https://vidlax.xyz/embed/7eb74e211a6c5706
🔍 Embed URL kontrol ediliyor: https://vidlax.xyz/embed/7eb74e211a6c5706
❌ Embed URL kontrol hatası (https://vidlax.xyz/embed/7eb74e211a6c5706): 404 Client Error: Not Found for url: https://vidlax.xyz/embed/7eb74e211a6c5706

🔍 Vidlax direkt analizi: https://vidlax.xyz/embed/7eb74e211a6c5706
Vidlax analiz hatası: 404 Client Error: Not Found for url: https://vidlax.xyz/embed/7eb74e211a6c5706

🔍 Vidlax direkt analizi: https://diziyiizle2.com/knutby/1-sezon-1-bolum/
📄 Sayfa içeriği alındı: 101920 karakter
❌ m3u8 URL'si bulunamadı
      ❌ m3u8 bulunamadı
   🔍 [2/12] Bölüm: https://diziyiizle2.com/knutby/1-sezon-2-bolum/
📺 Embed URL bulundu: https://vidlax.xyz/embed/4ebcd69c41166d14
🔍 Embed URL kontrol ediliyor: https://vidlax.xyz/embed/4ebcd69c41166d14
❌ Embed URL kontrol hatası (https://vidlax.xyz/embed/4ebcd69c41166d14): 404 Client Error: Not Found for url: https://vidlax.xyz/embed/4ebcd69c41166d14

🔍 Vidlax direkt analizi: https://vidlax.xyz/embed/4ebcd69c41166d14
Vidlax analiz hatası: 404 Client Error: Not Found for url: https://vidlax.xyz/embed/4ebcd69c41166d14

🔍 Vidlax direkt analizi: https://diziyiizle2.com/knutby/1-sezon-2-bolum/
📄 Sayfa içeriği alındı: 101920 karakter
❌ m3u8 URL'si bulunamadı
      ❌ m3u8 bulunamadı
   🔍 [3/12] Bölüm: https://diziyiizle2.com/knutby/1-sezon-3-bolum/
📺 Embed URL bulundu: https://vidlax.xyz/embed/f0040e958737ae21
🔍 Embed URL kontrol ediliyor: https://vidlax.xyz/embed/f0040e958737ae21
❌ Embed URL kontrol hatası (https://vidlax.xyz/embed/f0040e958737ae21): 404 Client Error: Not Found for url: https://vidlax.xyz/embed/f0040e958737ae21

🔍 Vidlax direkt analizi: https://vidlax.xyz/embed/f0040e958737ae21
Vidlax analiz hatası: 404 Client Error: Not Found for url: https://vidlax.xyz/embed/f0040e958737ae21

🔍 Vidlax direkt analizi: https://diziyiizle2.com/knutby/1-sezon-3-bolum/
📄 Sayfa içeriği alındı: 101920 karakter
❌ m3u8 URL'si bulunamadı
      ❌ m3u8 bulunamadı
   🔍 [4/12] Bölüm: https://diziyiizle2.com/knutby/1-sezon-4-bolum/
📺 Embed URL bulundu: https://vidlax.xyz/embed/75cdc608c0ff1930
🔍 Embed URL kontrol ediliyor: https://vidlax.xyz/embed/75cdc608c0ff1930
❌ Embed URL kontrol hatası (https://vidlax.xyz/embed/75cdc608c0ff1930): 404 Client Error: Not Found for url: https://vidlax.xyz/embed/75cdc608c0ff1930

🔍 Vidlax direkt analizi: https://vidlax.xyz/embed/75cdc608c0ff1930
Vidlax analiz hatası: 404 Client Error: Not Found for url: https://vidlax.xyz/embed/75cdc608c0ff1930

🔍 Vidlax direkt analizi: https://diziyiizle2.com/knutby/1-sezon-4-bolum/
📄 Sayfa içeriği alındı: 101919 karakter
❌ m3u8 URL'si bulunamadı
      ❌ m3u8 bulunamadı
   🔍 [5/12] Bölüm: https://diziyiizle2.com/knutby/1-sezon-5-bolum/
📺 Embed URL bulundu: https://vidlax.xyz/embed/9da57c3f0754c073
🔍 Embed URL kontrol ediliyor: https://vidlax.xyz/embed/9da57c3f0754c073
❌ Embed URL kontrol hatası (https://vidlax.xyz/embed/9da57c3f0754c073): 404 Client Error: Not Found for url: https://vidlax.xyz/embed/9da57c3f0754c073

🔍 Vidlax direkt analizi: https://vidlax.xyz/embed/9da57c3f0754c073
Vidlax analiz hatası: 404 Client Error: Not Found for url: https://vidlax.xyz/embed/9da57c3f0754c073

🔍 Vidlax direkt analizi: https://diziyiizle2.com/knutby/1-sezon-5-bolum/
📄 Sayfa içeriği alındı: 101919 karakter
❌ m3u8 URL'si bulunamadı
      ❌ m3u8 bulunamadı
   🔍 [6/12] Bölüm: https://diziyiizle2.com/knutby/1-sezon-6-bolum/
📺 Embed URL bulundu: https://vidlax.xyz/embed/e9bb88d9f23c97cd
🔍 Embed URL kontrol ediliyor: https://vidlax.xyz/embed/e9bb88d9f23c97cd
❌ Embed URL kontrol hatası (https://vidlax.xyz/embed/e9bb88d9f23c97cd): 404 Client Error: Not Found for url: https://vidlax.xyz/embed/e9bb88d9f23c97cd

🔍 Vidlax direkt analizi: https://vidlax.xyz/embed/e9bb88d9f23c97cd
Vidlax analiz hatası: 404 Client Error: Not Found for url: https://vidlax.xyz/embed/e9bb88d9f23c97cd

🔍 Vidlax direkt analizi: https://diziyiizle2.com/knutby/1-sezon-6-bolum/
📄 Sayfa içeriği alındı: 101919 karakter
❌ m3u8 URL'si bulunamadı
      ❌ m3u8 bulunamadı
   🔍 [7/12] Bölüm: https://diziyiizle2.com/knutby/2-sezon-1-bolum/
📺 Embed URL bulundu: https://vidlax.xyz/embed/d71a5a80eb1268b2
🔍 Embed URL kontrol ediliyor: https://vidlax.xyz/embed/d71a5a80eb1268b2
❌ Embed URL kontrol hatası (https://vidlax.xyz/embed/d71a5a80eb1268b2): 404 Client Error: Not Found for url: https://vidlax.xyz/embed/d71a5a80eb1268b2

🔍 Vidlax direkt analizi: https://vidlax.xyz/embed/d71a5a80eb1268b2
Vidlax analiz hatası: 404 Client Error: Not Found for url: https://vidlax.xyz/embed/d71a5a80eb1268b2

🔍 Vidlax direkt analizi: https://diziyiizle2.com/knutby/2-sezon-1-bolum/
📄 Sayfa içeriği alındı: 101919 karakter
❌ m3u8 URL'si bulunamadı
      ❌ m3u8 bulunamadı
   🔍 [8/12] Bölüm: https://diziyiizle2.com/knutby/2-sezon-2-bolum/
📺 Embed URL bulundu: https://vidlax.xyz/embed/c202c8a8aca7c349
🔍 Embed URL kontrol ediliyor: https://vidlax.xyz/embed/c202c8a8aca7c349
❌ Embed URL kontrol hatası (https://vidlax.xyz/embed/c202c8a8aca7c349): 404 Client Error: Not Found for url: https://vidlax.xyz/embed/c202c8a8aca7c349

🔍 Vidlax direkt analizi: https://vidlax.xyz/embed/c202c8a8aca7c349
Vidlax analiz hatası: 404 Client Error: Not Found for url: https://vidlax.xyz/embed/c202c8a8aca7c349

🔍 Vidlax direkt analizi: https://diziyiizle2.com/knutby/2-sezon-2-bolum/
📄 Sayfa içeriği alındı: 101919 karakter
❌ m3u8 URL'si bulunamadı
      ❌ m3u8 bulunamadı
   🔍 [9/12] Bölüm: https://diziyiizle2.com/knutby/2-sezon-3-bolum/
📺 Embed URL bulundu: https://vidlax.xyz/embed/0ab3d61a93381783
🔍 Embed URL kontrol ediliyor: https://vidlax.xyz/embed/0ab3d61a93381783
❌ Embed URL kontrol hatası (https://vidlax.xyz/embed/0ab3d61a93381783): 404 Client Error: Not Found for url: https://vidlax.xyz/embed/0ab3d61a93381783

🔍 Vidlax direkt analizi: https://vidlax.xyz/embed/0ab3d61a93381783
Vidlax analiz hatası: 404 Client Error: Not Found for url: https://vidlax.xyz/embed/0ab3d61a93381783

🔍 Vidlax direkt analizi: https://diziyiizle2.com/knutby/2-sezon-3-bolum/
📄 Sayfa içeriği alındı: 101920 karakter
❌ m3u8 URL'si bulunamadı
      ❌ m3u8 bulunamadı
   🔍 [10/12] Bölüm: https://diziyiizle2.com/knutby/2-sezon-4-bolum/
📺 Embed URL bulundu: https://vidlax.xyz/embed/8250f43f5fbfe5ab
🔍 Embed URL kontrol ediliyor: https://vidlax.xyz/embed/8250f43f5fbfe5ab
❌ Embed URL kontrol hatası (https://vidlax.xyz/embed/8250f43f5fbfe5ab): 404 Client Error: Not Found for url: https://vidlax.xyz/embed/8250f43f5fbfe5ab

🔍 Vidlax direkt analizi: https://vidlax.xyz/embed/8250f43f5fbfe5ab
Vidlax analiz hatası: 404 Client Error: Not Found for url: https://vidlax.xyz/embed/8250f43f5fbfe5ab

🔍 Vidlax direkt analizi: https://diziyiizle2.com/knutby/2-sezon-4-bolum/
📄 Sayfa içeriği alındı: 101920 karakter
❌ m3u8 URL'si bulunamadı
      ❌ m3u8 bulunamadı
   🔍 [11/12] Bölüm: https://diziyiizle2.com/knutby/2-sezon-5-bolum/
📺 Embed URL bulundu: https://vidlax.xyz/embed/e87c2821f2e36890
🔍 Embed URL kontrol ediliyor: https://vidlax.xyz/embed/e87c2821f2e36890
❌ Embed URL kontrol hatası (https://vidlax.xyz/embed/e87c2821f2e36890): 404 Client Error: Not Found for url: https://vidlax.xyz/embed/e87c2821f2e36890

🔍 Vidlax direkt analizi: https://vidlax.xyz/embed/e87c2821f2e36890
Vidlax analiz hatası: 404 Client Error: Not Found for url: https://vidlax.xyz/embed/e87c2821f2e36890

🔍 Vidlax direkt analizi: https://diziyiizle2.com/knutby/2-sezon-5-bolum/
📄 Sayfa içeriği alındı: 101920 karakter
❌ m3u8 URL'si bulunamadı
      ❌ m3u8 bulunamadı
   🔍 [12/12] Bölüm: https://diziyiizle2.com/knutby/2-sezon-6-bolum/
📺 Embed URL bulundu: https://vidlax.xyz/embed/d954a48c4a935942
🔍 Embed URL kontrol ediliyor: https://vidlax.xyz/embed/d954a48c4a935942
❌ Embed URL kontrol hatası (https://vidlax.xyz/embed/d954a48c4a935942): 404 Client Error: Not Found for url: https://vidlax.xyz/embed/d954a48c4a935942

🔍 Vidlax direkt analizi: https://vidlax.xyz/embed/d954a48c4a935942
Vidlax analiz hatası: 404 Client Error: Not Found for url: https://vidlax.xyz/embed/d954a48c4a935942

🔍 Vidlax direkt analizi: https://diziyiizle2.com/knutby/2-sezon-6-bolum/
📄 Sayfa içeriği alındı: 101919 karakter
❌ m3u8 URL'si bulunamadı
      ❌ m3u8 bulunamadı
   ❌ Bu dizi için hiç m3u8 bulunamadı

============================================================
🎬 [44/56] İşleniyor: https://diziyiizle2.com/dizi/true-haunting/
📺 Bölüm bulundu: 1. Sezon 1. BölümAltyazılı07.10.2025 - https://diziyiizle2.com/true-haunting/1-sezon-1-bolum/
📺 Bölüm bulundu: 1. Sezon 2. BölümAltyazılı07.10.2025 - https://diziyiizle2.com/true-haunting/1-sezon-2-bolum/
📺 Bölüm bulundu: 1. Sezon 3. BölümAltyazılı07.10.2025 - https://diziyiizle2.com/true-haunting/1-sezon-3-bolum/
📺 Bölüm bulundu: 1. Sezon 4. BölümAltyazılı07.10.2025 - https://diziyiizle2.com/true-haunting/1-sezon-4-bolum/
📺 Bölüm bulundu: 1. Sezon 5. BölümAltyazılı07.10.2025 - https://diziyiizle2.com/true-haunting/1-sezon-5-bolum/

📊 Toplam 5 bölüm bulundu
   🔍 [1/5] Bölüm: https://diziyiizle2.com/true-haunting/1-sezon-1-bolum/
📺 Embed URL bulundu: https://vidlax.xyz/embed/f7b68e4bff9d7637
🔍 Embed URL kontrol ediliyor: https://vidlax.xyz/embed/f7b68e4bff9d7637
❌ Embed URL kontrol hatası (https://vidlax.xyz/embed/f7b68e4bff9d7637): 404 Client Error: Not Found for url: https://vidlax.xyz/embed/f7b68e4bff9d7637

🔍 Vidlax direkt analizi: https://vidlax.xyz/embed/f7b68e4bff9d7637
Vidlax analiz hatası: 404 Client Error: Not Found for url: https://vidlax.xyz/embed/f7b68e4bff9d7637

🔍 Vidlax direkt analizi: https://diziyiizle2.com/true-haunting/1-sezon-1-bolum/
📄 Sayfa içeriği alındı: 91467 karakter
❌ m3u8 URL'si bulunamadı
      ❌ m3u8 bulunamadı
   🔍 [2/5] Bölüm: https://diziyiizle2.com/true-haunting/1-sezon-2-bolum/
📺 Embed URL bulundu: https://vidlax.xyz/embed/99d8ff824f0590be
🔍 Embed URL kontrol ediliyor: https://vidlax.xyz/embed/99d8ff824f0590be
❌ Embed URL kontrol hatası (https://vidlax.xyz/embed/99d8ff824f0590be): 404 Client Error: Not Found for url: https://vidlax.xyz/embed/99d8ff824f0590be

🔍 Vidlax direkt analizi: https://vidlax.xyz/embed/99d8ff824f0590be
Vidlax analiz hatası: 404 Client Error: Not Found for url: https://vidlax.xyz/embed/99d8ff824f0590be

🔍 Vidlax direkt analizi: https://diziyiizle2.com/true-haunting/1-sezon-2-bolum/
📄 Sayfa içeriği alındı: 91467 karakter
❌ m3u8 URL'si bulunamadı
      ❌ m3u8 bulunamadı
   🔍 [3/5] Bölüm: https://diziyiizle2.com/true-haunting/1-sezon-3-bolum/
📺 Embed URL bulundu: https://vidlax.xyz/embed/ab25b56e139c8bdc
🔍 Embed URL kontrol ediliyor: https://vidlax.xyz/embed/ab25b56e139c8bdc
❌ Embed URL kontrol hatası (https://vidlax.xyz/embed/ab25b56e139c8bdc): 404 Client Error: Not Found for url: https://vidlax.xyz/embed/ab25b56e139c8bdc

🔍 Vidlax direkt analizi: https://vidlax.xyz/embed/ab25b56e139c8bdc
Vidlax analiz hatası: 404 Client Error: Not Found for url: https://vidlax.xyz/embed/ab25b56e139c8bdc

🔍 Vidlax direkt analizi: https://diziyiizle2.com/true-haunting/1-sezon-3-bolum/
📄 Sayfa içeriği alındı: 91466 karakter
❌ m3u8 URL'si bulunamadı
      ❌ m3u8 bulunamadı
   🔍 [4/5] Bölüm: https://diziyiizle2.com/true-haunting/1-sezon-4-bolum/
📺 Embed URL bulundu: https://vidlax.xyz/embed/c26c93c76bc6820c
🔍 Embed URL kontrol ediliyor: https://vidlax.xyz/embed/c26c93c76bc6820c
❌ Embed URL kontrol hatası (https://vidlax.xyz/embed/c26c93c76bc6820c): 404 Client Error: Not Found for url: https://vidlax.xyz/embed/c26c93c76bc6820c

🔍 Vidlax direkt analizi: https://vidlax.xyz/embed/c26c93c76bc6820c
Vidlax analiz hatası: 404 Client Error: Not Found for url: https://vidlax.xyz/embed/c26c93c76bc6820c

🔍 Vidlax direkt analizi: https://diziyiizle2.com/true-haunting/1-sezon-4-bolum/
📄 Sayfa içeriği alındı: 91466 karakter
❌ m3u8 URL'si bulunamadı
      ❌ m3u8 bulunamadı
   🔍 [5/5] Bölüm: https://diziyiizle2.com/true-haunting/1-sezon-5-bolum/
📺 Embed URL bulundu: https://vidlax.xyz/embed/6ec1b5f1433dd819
🔍 Embed URL kontrol ediliyor: https://vidlax.xyz/embed/6ec1b5f1433dd819
❌ Embed URL kontrol hatası (https://vidlax.xyz/embed/6ec1b5f1433dd819): 404 Client Error: Not Found for url: https://vidlax.xyz/embed/6ec1b5f1433dd819

🔍 Vidlax direkt analizi: https://vidlax.xyz/embed/6ec1b5f1433dd819
Vidlax analiz hatası: 404 Client Error: Not Found for url: https://vidlax.xyz/embed/6ec1b5f1433dd819

🔍 Vidlax direkt analizi: https://diziyiizle2.com/true-haunting/1-sezon-5-bolum/
📄 Sayfa içeriği alındı: 91467 karakter
❌ m3u8 URL'si bulunamadı
      ❌ m3u8 bulunamadı
   ❌ Bu dizi için hiç m3u8 bulunamadı

============================================================
🎬 [45/56] İşleniyor: https://diziyiizle2.com/dizi/dr-seusss-horton-1/
📺 Bölüm bulundu: 1. Sezon 1. BölümDublaj07.10.202525 dk. - https://diziyiizle2.com/dr-seusss-horton-1/1-sezon-1-bolum/
📺 Bölüm bulundu: 1. Sezon 2. BölümAltyazılı07.10.202523 dk. - https://diziyiizle2.com/dr-seusss-horton-1/1-sezon-2-bolum/
📺 Bölüm bulundu: 1. Sezon 3. BölümDublaj07.10.202523 dk. - https://diziyiizle2.com/dr-seusss-horton-1/1-sezon-3-bolum/
📺 Bölüm bulundu: 1. Sezon 4. BölümDublaj07.10.202523 dk. - https://diziyiizle2.com/dr-seusss-horton-1/1-sezon-4-bolum/
📺 Bölüm bulundu: 1. Sezon 5. BölümDublaj07.10.202524 dk. - https://diziyiizle2.com/dr-seusss-horton-1/1-sezon-5-bolum/
📺 Bölüm bulundu: 1. Sezon 6. BölümDublaj07.10.202524 dk. - https://diziyiizle2.com/dr-seusss-horton-1/1-sezon-6-bolum/
📺 Bölüm bulundu: 1. Sezon 7. BölümDublaj07.10.202523 dk. - https://diziyiizle2.com/dr-seusss-horton-1/1-sezon-7-bolum/

📊 Toplam 7 bölüm bulundu
   🔍 [1/7] Bölüm: https://diziyiizle2.com/dr-seusss-horton-1/1-sezon-1-bolum/
📺 Embed URL bulundu: https://vidlax.xyz/embed/6c600593871f8763
🔍 Embed URL kontrol ediliyor: https://vidlax.xyz/embed/6c600593871f8763
❌ Embed URL kontrol hatası (https://vidlax.xyz/embed/6c600593871f8763): 404 Client Error: Not Found for url: https://vidlax.xyz/embed/6c600593871f8763

🔍 Vidlax direkt analizi: https://vidlax.xyz/embed/6c600593871f8763
Vidlax analiz hatası: 404 Client Error: Not Found for url: https://vidlax.xyz/embed/6c600593871f8763

🔍 Vidlax direkt analizi: https://diziyiizle2.com/dr-seusss-horton-1/1-sezon-1-bolum/
📄 Sayfa içeriği alındı: 94447 karakter
❌ m3u8 URL'si bulunamadı
      ❌ m3u8 bulunamadı
   🔍 [2/7] Bölüm: https://diziyiizle2.com/dr-seusss-horton-1/1-sezon-2-bolum/
📺 Embed URL bulundu: https://vidlax.xyz/embed/fc18cce28e4beae1
🔍 Embed URL kontrol ediliyor: https://vidlax.xyz/embed/fc18cce28e4beae1
❌ Embed URL kontrol hatası (https://vidlax.xyz/embed/fc18cce28e4beae1): 404 Client Error: Not Found for url: https://vidlax.xyz/embed/fc18cce28e4beae1

🔍 Vidlax direkt analizi: https://vidlax.xyz/embed/fc18cce28e4beae1
Vidlax analiz hatası: 404 Client Error: Not Found for url: https://vidlax.xyz/embed/fc18cce28e4beae1

🔍 Vidlax direkt analizi: https://diziyiizle2.com/dr-seusss-horton-1/1-sezon-2-bolum/
📄 Sayfa içeriği alındı: 94448 karakter
❌ m3u8 URL'si bulunamadı
      ❌ m3u8 bulunamadı
   🔍 [3/7] Bölüm: https://diziyiizle2.com/dr-seusss-horton-1/1-sezon-3-bolum/
📺 Embed URL bulundu: https://vidlax.xyz/embed/96f9ee7404b6c50a
🔍 Embed URL kontrol ediliyor: https://vidlax.xyz/embed/96f9ee7404b6c50a
❌ Embed URL kontrol hatası (https://vidlax.xyz/embed/96f9ee7404b6c50a): 404 Client Error: Not Found for url: https://vidlax.xyz/embed/96f9ee7404b6c50a

🔍 Vidlax direkt analizi: https://vidlax.xyz/embed/96f9ee7404b6c50a
Vidlax analiz hatası: 404 Client Error: Not Found for url: https://vidlax.xyz/embed/96f9ee7404b6c50a

🔍 Vidlax direkt analizi: https://diziyiizle2.com/dr-seusss-horton-1/1-sezon-3-bolum/
📄 Sayfa içeriği alındı: 94447 karakter
❌ m3u8 URL'si bulunamadı
      ❌ m3u8 bulunamadı
   🔍 [4/7] Bölüm: https://diziyiizle2.com/dr-seusss-horton-1/1-sezon-4-bolum/
📺 Embed URL bulundu: https://vidlax.xyz/embed/3ab8f317764ee2a6
🔍 Embed URL kontrol ediliyor: https://vidlax.xyz/embed/3ab8f317764ee2a6
❌ Embed URL kontrol hatası (https://vidlax.xyz/embed/3ab8f317764ee2a6): 404 Client Error: Not Found for url: https://vidlax.xyz/embed/3ab8f317764ee2a6

🔍 Vidlax direkt analizi: https://vidlax.xyz/embed/3ab8f317764ee2a6
Vidlax analiz hatası: 404 Client Error: Not Found for url: https://vidlax.xyz/embed/3ab8f317764ee2a6

🔍 Vidlax direkt analizi: https://diziyiizle2.com/dr-seusss-horton-1/1-sezon-4-bolum/
📄 Sayfa içeriği alındı: 94446 karakter
❌ m3u8 URL'si bulunamadı
      ❌ m3u8 bulunamadı
   🔍 [5/7] Bölüm: https://diziyiizle2.com/dr-seusss-horton-1/1-sezon-5-bolum/
📺 Embed URL bulundu: https://vidlax.xyz/embed/403d8e564f24e81f
🔍 Embed URL kontrol ediliyor: https://vidlax.xyz/embed/403d8e564f24e81f
❌ Embed URL kontrol hatası (https://vidlax.xyz/embed/403d8e564f24e81f): 404 Client Error: Not Found for url: https://vidlax.xyz/embed/403d8e564f24e81f

🔍 Vidlax direkt analizi: https://vidlax.xyz/embed/403d8e564f24e81f
Vidlax analiz hatası: 404 Client Error: Not Found for url: https://vidlax.xyz/embed/403d8e564f24e81f

🔍 Vidlax direkt analizi: https://diziyiizle2.com/dr-seusss-horton-1/1-sezon-5-bolum/
📄 Sayfa içeriği alındı: 94448 karakter
❌ m3u8 URL'si bulunamadı
      ❌ m3u8 bulunamadı
   🔍 [6/7] Bölüm: https://diziyiizle2.com/dr-seusss-horton-1/1-sezon-6-bolum/
📺 Embed URL bulundu: https://vidlax.xyz/embed/7b15c8f2ab3b2ac9
🔍 Embed URL kontrol ediliyor: https://vidlax.xyz/embed/7b15c8f2ab3b2ac9
❌ Embed URL kontrol hatası (https://vidlax.xyz/embed/7b15c8f2ab3b2ac9): 404 Client Error: Not Found for url: https://vidlax.xyz/embed/7b15c8f2ab3b2ac9

🔍 Vidlax direkt analizi: https://vidlax.xyz/embed/7b15c8f2ab3b2ac9
Vidlax analiz hatası: 404 Client Error: Not Found for url: https://vidlax.xyz/embed/7b15c8f2ab3b2ac9

🔍 Vidlax direkt analizi: https://diziyiizle2.com/dr-seusss-horton-1/1-sezon-6-bolum/
📄 Sayfa içeriği alındı: 94448 karakter
❌ m3u8 URL'si bulunamadı
      ❌ m3u8 bulunamadı
   🔍 [7/7] Bölüm: https://diziyiizle2.com/dr-seusss-horton-1/1-sezon-7-bolum/
📺 Embed URL bulundu: https://vidlax.xyz/embed/5ca2fae99240662d
🔍 Embed URL kontrol ediliyor: https://vidlax.xyz/embed/5ca2fae99240662d
❌ Embed URL kontrol hatası (https://vidlax.xyz/embed/5ca2fae99240662d): 404 Client Error: Not Found for url: https://vidlax.xyz/embed/5ca2fae99240662d

🔍 Vidlax direkt analizi: https://vidlax.xyz/embed/5ca2fae99240662d
Vidlax analiz hatası: 404 Client Error: Not Found for url: https://vidlax.xyz/embed/5ca2fae99240662d

🔍 Vidlax direkt analizi: https://diziyiizle2.com/dr-seusss-horton-1/1-sezon-7-bolum/
📄 Sayfa içeriği alındı: 94448 karakter
❌ m3u8 URL'si bulunamadı
      ❌ m3u8 bulunamadı
   ❌ Bu dizi için hiç m3u8 bulunamadı

============================================================
🎬 [46/56] İşleniyor: https://diziyiizle2.com/dizi/zero-day/
📺 Bölüm bulundu: 1. Sezon 1. BölümDublaj05.10.202550 dk. - https://diziyiizle2.com/zero-day/1-sezon-1-bolum/
📺 Bölüm bulundu: 1. Sezon 2. BölümDublaj05.10.202559 dk. - https://diziyiizle2.com/zero-day/1-sezon-2-bolum/
📺 Bölüm bulundu: 1. Sezon 3. BölümDublaj05.10.202551 dk. - https://diziyiizle2.com/zero-day/1-sezon-3-bolum/
📺 Bölüm bulundu: 1. Sezon 4. BölümDublaj05.10.202554 dk. - https://diziyiizle2.com/zero-day/1-sezon-4-bolum/
📺 Bölüm bulundu: 1. Sezon 5. BölümDublaj05.10.202544 dk. - https://diziyiizle2.com/zero-day/1-sezon-5-bolum/
📺 Bölüm bulundu: 1. Sezon 6. BölümDublaj05.10.202554 dk. - https://diziyiizle2.com/zero-day/1-sezon-6-bolum/

📊 Toplam 6 bölüm bulundu
   🔍 [1/6] Bölüm: https://diziyiizle2.com/zero-day/1-sezon-1-bolum/
📺 Embed URL bulundu: https://vidlax.xyz/embed/2952f8268810f410
🔍 Embed URL kontrol ediliyor: https://vidlax.xyz/embed/2952f8268810f410
❌ Embed URL kontrol hatası (https://vidlax.xyz/embed/2952f8268810f410): 404 Client Error: Not Found for url: https://vidlax.xyz/embed/2952f8268810f410

🔍 Vidlax direkt analizi: https://vidlax.xyz/embed/2952f8268810f410
Vidlax analiz hatası: 404 Client Error: Not Found for url: https://vidlax.xyz/embed/2952f8268810f410

🔍 Vidlax direkt analizi: https://diziyiizle2.com/zero-day/1-sezon-1-bolum/
📄 Sayfa içeriği alındı: 93350 karakter
❌ m3u8 URL'si bulunamadı
      ❌ m3u8 bulunamadı
   🔍 [2/6] Bölüm: https://diziyiizle2.com/zero-day/1-sezon-2-bolum/
📺 Embed URL bulundu: https://vidlax.xyz/embed/b926f5834172e304
🔍 Embed URL kontrol ediliyor: https://vidlax.xyz/embed/b926f5834172e304
❌ Embed URL kontrol hatası (https://vidlax.xyz/embed/b926f5834172e304): 404 Client Error: Not Found for url: https://vidlax.xyz/embed/b926f5834172e304

🔍 Vidlax direkt analizi: https://vidlax.xyz/embed/b926f5834172e304
Vidlax analiz hatası: 404 Client Error: Not Found for url: https://vidlax.xyz/embed/b926f5834172e304

🔍 Vidlax direkt analizi: https://diziyiizle2.com/zero-day/1-sezon-2-bolum/
📄 Sayfa içeriği alındı: 93380 karakter
❌ m3u8 URL'si bulunamadı
      ❌ m3u8 bulunamadı
   🔍 [3/6] Bölüm: https://diziyiizle2.com/zero-day/1-sezon-3-bolum/
📺 Embed URL bulundu: https://vidlax.xyz/embed/85623edd4e0b16bc
🔍 Embed URL kontrol ediliyor: https://vidlax.xyz/embed/85623edd4e0b16bc
❌ Embed URL kontrol hatası (https://vidlax.xyz/embed/85623edd4e0b16bc): 404 Client Error: Not Found for url: https://vidlax.xyz/embed/85623edd4e0b16bc

🔍 Vidlax direkt analizi: https://vidlax.xyz/embed/85623edd4e0b16bc
Vidlax analiz hatası: 404 Client Error: Not Found for url: https://vidlax.xyz/embed/85623edd4e0b16bc

🔍 Vidlax direkt analizi: https://diziyiizle2.com/zero-day/1-sezon-3-bolum/
📄 Sayfa içeriği alındı: 93407 karakter
❌ m3u8 URL'si bulunamadı
      ❌ m3u8 bulunamadı
   🔍 [4/6] Bölüm: https://diziyiizle2.com/zero-day/1-sezon-4-bolum/
📺 Embed URL bulundu: https://vidlax.xyz/embed/3384ace9dfa9fd0c
🔍 Embed URL kontrol ediliyor: https://vidlax.xyz/embed/3384ace9dfa9fd0c
❌ Embed URL kontrol hatası (https://vidlax.xyz/embed/3384ace9dfa9fd0c): 404 Client Error: Not Found for url: https://vidlax.xyz/embed/3384ace9dfa9fd0c

🔍 Vidlax direkt analizi: https://vidlax.xyz/embed/3384ace9dfa9fd0c
Vidlax analiz hatası: 404 Client Error: Not Found for url: https://vidlax.xyz/embed/3384ace9dfa9fd0c

🔍 Vidlax direkt analizi: https://diziyiizle2.com/zero-day/1-sezon-4-bolum/
📄 Sayfa içeriği alındı: 93420 karakter
❌ m3u8 URL'si bulunamadı
      ❌ m3u8 bulunamadı
   🔍 [5/6] Bölüm: https://diziyiizle2.com/zero-day/1-sezon-5-bolum/
📺 Embed URL bulundu: https://vidlax.xyz/embed/b6d1bf90376ff152
🔍 Embed URL kontrol ediliyor: https://vidlax.xyz/embed/b6d1bf90376ff152
❌ Embed URL kontrol hatası (https://vidlax.xyz/embed/b6d1bf90376ff152): 404 Client Error: Not Found for url: https://vidlax.xyz/embed/b6d1bf90376ff152

🔍 Vidlax direkt analizi: https://vidlax.xyz/embed/b6d1bf90376ff152
Vidlax analiz hatası: 404 Client Error: Not Found for url: https://vidlax.xyz/embed/b6d1bf90376ff152

🔍 Vidlax direkt analizi: https://diziyiizle2.com/zero-day/1-sezon-5-bolum/
📄 Sayfa içeriği alındı: 93375 karakter
❌ m3u8 URL'si bulunamadı
      ❌ m3u8 bulunamadı
   🔍 [6/6] Bölüm: https://diziyiizle2.com/zero-day/1-sezon-6-bolum/
📺 Embed URL bulundu: https://vidlax.xyz/embed/fe70d809e2673afa
🔍 Embed URL kontrol ediliyor: https://vidlax.xyz/embed/fe70d809e2673afa
❌ Embed URL kontrol hatası (https://vidlax.xyz/embed/fe70d809e2673afa): 404 Client Error: Not Found for url: https://vidlax.xyz/embed/fe70d809e2673afa

🔍 Vidlax direkt analizi: https://vidlax.xyz/embed/fe70d809e2673afa
Vidlax analiz hatası: 404 Client Error: Not Found for url: https://vidlax.xyz/embed/fe70d809e2673afa

🔍 Vidlax direkt analizi: https://diziyiizle2.com/zero-day/1-sezon-6-bolum/
📄 Sayfa içeriği alındı: 93370 karakter
❌ m3u8 URL'si bulunamadı
      ❌ m3u8 bulunamadı
   ❌ Bu dizi için hiç m3u8 bulunamadı

============================================================
🎬 [47/56] İşleniyor: https://diziyiizle2.com/dizi/skiftet/
📺 Bölüm bulundu: 1. Sezon 1. BölümDublaj03.10.202540 dk. - https://diziyiizle2.com/skiftet/1-sezon-1-bolum/
📺 Bölüm bulundu: 1. Sezon 2. BölümDublaj03.10.202539 dk. - https://diziyiizle2.com/skiftet/1-sezon-2-bolum/
📺 Bölüm bulundu: 1. Sezon 3. BölümDublaj03.10.202537 dk. - https://diziyiizle2.com/skiftet/1-sezon-3-bolum/
📺 Bölüm bulundu: 1. Sezon 4. BölümDublaj03.10.202539 dk. - https://diziyiizle2.com/skiftet/1-sezon-4-bolum/
📺 Bölüm bulundu: 1. Sezon 5. BölümAltyazılı03.10.202543 dk. - https://diziyiizle2.com/skiftet/1-sezon-5-bolum/
📺 Bölüm bulundu: 1. Sezon 6. BölümDublaj03.10.202541 dk. - https://diziyiizle2.com/skiftet/1-sezon-6-bolum/

📊 Toplam 6 bölüm bulundu
   🔍 [1/6] Bölüm: https://diziyiizle2.com/skiftet/1-sezon-1-bolum/
📺 Embed URL bulundu: https://vidlax.xyz/embed/b7615f689d1bb90e
🔍 Embed URL kontrol ediliyor: https://vidlax.xyz/embed/b7615f689d1bb90e
❌ Embed URL kontrol hatası (https://vidlax.xyz/embed/b7615f689d1bb90e): 404 Client Error: Not Found for url: https://vidlax.xyz/embed/b7615f689d1bb90e

🔍 Vidlax direkt analizi: https://vidlax.xyz/embed/b7615f689d1bb90e
Vidlax analiz hatası: 404 Client Error: Not Found for url: https://vidlax.xyz/embed/b7615f689d1bb90e

🔍 Vidlax direkt analizi: https://diziyiizle2.com/skiftet/1-sezon-1-bolum/
📄 Sayfa içeriği alındı: 92796 karakter
❌ m3u8 URL'si bulunamadı
      ❌ m3u8 bulunamadı
   🔍 [2/6] Bölüm: https://diziyiizle2.com/skiftet/1-sezon-2-bolum/
📺 Embed URL bulundu: https://vidlax.xyz/embed/ced62b05dfb461e0
🔍 Embed URL kontrol ediliyor: https://vidlax.xyz/embed/ced62b05dfb461e0
❌ Embed URL kontrol hatası (https://vidlax.xyz/embed/ced62b05dfb461e0): 404 Client Error: Not Found for url: https://vidlax.xyz/embed/ced62b05dfb461e0

🔍 Vidlax direkt analizi: https://vidlax.xyz/embed/ced62b05dfb461e0
Vidlax analiz hatası: 404 Client Error: Not Found for url: https://vidlax.xyz/embed/ced62b05dfb461e0

🔍 Vidlax direkt analizi: https://diziyiizle2.com/skiftet/1-sezon-2-bolum/
📄 Sayfa içeriği alındı: 92797 karakter
❌ m3u8 URL'si bulunamadı
      ❌ m3u8 bulunamadı
   🔍 [3/6] Bölüm: https://diziyiizle2.com/skiftet/1-sezon-3-bolum/
📺 Embed URL bulundu: https://vidlax.xyz/embed/8e6256ec217a94df
🔍 Embed URL kontrol ediliyor: https://vidlax.xyz/embed/8e6256ec217a94df
❌ Embed URL kontrol hatası (https://vidlax.xyz/embed/8e6256ec217a94df): 404 Client Error: Not Found for url: https://vidlax.xyz/embed/8e6256ec217a94df

🔍 Vidlax direkt analizi: https://vidlax.xyz/embed/8e6256ec217a94df
Vidlax analiz hatası: 404 Client Error: Not Found for url: https://vidlax.xyz/embed/8e6256ec217a94df

🔍 Vidlax direkt analizi: https://diziyiizle2.com/skiftet/1-sezon-3-bolum/
📄 Sayfa içeriği alındı: 92795 karakter
❌ m3u8 URL'si bulunamadı
      ❌ m3u8 bulunamadı
   🔍 [4/6] Bölüm: https://diziyiizle2.com/skiftet/1-sezon-4-bolum/
📺 Embed URL bulundu: https://vidlax.xyz/embed/ee47670d7705df5c
🔍 Embed URL kontrol ediliyor: https://vidlax.xyz/embed/ee47670d7705df5c
❌ Embed URL kontrol hatası (https://vidlax.xyz/embed/ee47670d7705df5c): 404 Client Error: Not Found for url: https://vidlax.xyz/embed/ee47670d7705df5c

🔍 Vidlax direkt analizi: https://vidlax.xyz/embed/ee47670d7705df5c
Vidlax analiz hatası: 404 Client Error: Not Found for url: https://vidlax.xyz/embed/ee47670d7705df5c

🔍 Vidlax direkt analizi: https://diziyiizle2.com/skiftet/1-sezon-4-bolum/
📄 Sayfa içeriği alındı: 92797 karakter
❌ m3u8 URL'si bulunamadı
      ❌ m3u8 bulunamadı
   🔍 [5/6] Bölüm: https://diziyiizle2.com/skiftet/1-sezon-5-bolum/

🔍 Vidlax direkt analizi: https://diziyiizle2.com/skiftet/1-sezon-5-bolum/
📄 Sayfa içeriği alındı: 92752 karakter
❌ m3u8 URL'si bulunamadı
      ❌ m3u8 bulunamadı
   🔍 [6/6] Bölüm: https://diziyiizle2.com/skiftet/1-sezon-6-bolum/
📺 Embed URL bulundu: https://vidlax.xyz/embed/5b4ac96494e7c083
🔍 Embed URL kontrol ediliyor: https://vidlax.xyz/embed/5b4ac96494e7c083
❌ Embed URL kontrol hatası (https://vidlax.xyz/embed/5b4ac96494e7c083): 404 Client Error: Not Found for url: https://vidlax.xyz/embed/5b4ac96494e7c083

🔍 Vidlax direkt analizi: https://vidlax.xyz/embed/5b4ac96494e7c083
Vidlax analiz hatası: 404 Client Error: Not Found for url: https://vidlax.xyz/embed/5b4ac96494e7c083

🔍 Vidlax direkt analizi: https://diziyiizle2.com/skiftet/1-sezon-6-bolum/
📄 Sayfa içeriği alındı: 92797 karakter
❌ m3u8 URL'si bulunamadı
      ❌ m3u8 bulunamadı
   ❌ Bu dizi için hiç m3u8 bulunamadı

============================================================
🎬 [48/56] İşleniyor: https://diziyiizle2.com/dizi/canavar-ed-geinin-hikayesi/
📺 Bölüm bulundu: 1. Sezon 1. BölümAltyazılı03.10.2025 - https://diziyiizle2.com/canavar-ed-geinin-hikayesi/1-sezon-1-bolum/
📺 Bölüm bulundu: 1. Sezon 2. BölümAltyazılı03.10.2025 - https://diziyiizle2.com/canavar-ed-geinin-hikayesi/1-sezon-2-bolum/
📺 Bölüm bulundu: 1. Sezon 3. BölümAltyazılı03.10.2025 - https://diziyiizle2.com/canavar-ed-geinin-hikayesi/1-sezon-3-bolum/
📺 Bölüm bulundu: 1. Sezon 4. BölümAltyazılı03.10.2025 - https://diziyiizle2.com/canavar-ed-geinin-hikayesi/1-sezon-4-bolum/
📺 Bölüm bulundu: 1. Sezon 5. BölümAltyazılı03.10.2025 - https://diziyiizle2.com/canavar-ed-geinin-hikayesi/1-sezon-5-bolum/
📺 Bölüm bulundu: 1. Sezon 6. BölümAltyazılı03.10.2025 - https://diziyiizle2.com/canavar-ed-geinin-hikayesi/1-sezon-6-bolum/
📺 Bölüm bulundu: 1. Sezon 7. BölümAltyazılı03.10.2025 - https://diziyiizle2.com/canavar-ed-geinin-hikayesi/1-sezon-7-bolum/
📺 Bölüm bulundu: 1. Sezon 8. BölümAltyazılı03.10.2025 - https://diziyiizle2.com/canavar-ed-geinin-hikayesi/1-sezon-8-bolum/

📊 Toplam 8 bölüm bulundu
   🔍 [1/8] Bölüm: https://diziyiizle2.com/canavar-ed-geinin-hikayesi/1-sezon-1-bolum/
📺 Embed URL bulundu: https://vidlax.xyz/embed/929d622b56518125
🔍 Embed URL kontrol ediliyor: https://vidlax.xyz/embed/929d622b56518125
❌ Embed URL kontrol hatası (https://vidlax.xyz/embed/929d622b56518125): 404 Client Error: Not Found for url: https://vidlax.xyz/embed/929d622b56518125

🔍 Vidlax direkt analizi: https://vidlax.xyz/embed/929d622b56518125
Vidlax analiz hatası: 404 Client Error: Not Found for url: https://vidlax.xyz/embed/929d622b56518125

🔍 Vidlax direkt analizi: https://diziyiizle2.com/canavar-ed-geinin-hikayesi/1-sezon-1-bolum/
📄 Sayfa içeriği alındı: 95632 karakter
❌ m3u8 URL'si bulunamadı
      ❌ m3u8 bulunamadı
   🔍 [2/8] Bölüm: https://diziyiizle2.com/canavar-ed-geinin-hikayesi/1-sezon-2-bolum/
📺 Embed URL bulundu: https://vidlax.xyz/embed/d4fd42c2bcd33732
🔍 Embed URL kontrol ediliyor: https://vidlax.xyz/embed/d4fd42c2bcd33732
❌ Embed URL kontrol hatası (https://vidlax.xyz/embed/d4fd42c2bcd33732): 404 Client Error: Not Found for url: https://vidlax.xyz/embed/d4fd42c2bcd33732

🔍 Vidlax direkt analizi: https://vidlax.xyz/embed/d4fd42c2bcd33732
Vidlax analiz hatası: 404 Client Error: Not Found for url: https://vidlax.xyz/embed/d4fd42c2bcd33732

🔍 Vidlax direkt analizi: https://diziyiizle2.com/canavar-ed-geinin-hikayesi/1-sezon-2-bolum/
📄 Sayfa içeriği alındı: 95633 karakter
❌ m3u8 URL'si bulunamadı
      ❌ m3u8 bulunamadı
   🔍 [3/8] Bölüm: https://diziyiizle2.com/canavar-ed-geinin-hikayesi/1-sezon-3-bolum/
📺 Embed URL bulundu: https://vidlax.xyz/embed/d0bf667747c9bf58
🔍 Embed URL kontrol ediliyor: https://vidlax.xyz/embed/d0bf667747c9bf58
❌ Embed URL kontrol hatası (https://vidlax.xyz/embed/d0bf667747c9bf58): 404 Client Error: Not Found for url: https://vidlax.xyz/embed/d0bf667747c9bf58

🔍 Vidlax direkt analizi: https://vidlax.xyz/embed/d0bf667747c9bf58
Vidlax analiz hatası: 404 Client Error: Not Found for url: https://vidlax.xyz/embed/d0bf667747c9bf58

🔍 Vidlax direkt analizi: https://diziyiizle2.com/canavar-ed-geinin-hikayesi/1-sezon-3-bolum/
📄 Sayfa içeriği alındı: 95633 karakter
❌ m3u8 URL'si bulunamadı
      ❌ m3u8 bulunamadı
   🔍 [4/8] Bölüm: https://diziyiizle2.com/canavar-ed-geinin-hikayesi/1-sezon-4-bolum/
📺 Embed URL bulundu: https://vidlax.xyz/embed/999cd4025ffdcdde
🔍 Embed URL kontrol ediliyor: https://vidlax.xyz/embed/999cd4025ffdcdde
❌ Embed URL kontrol hatası (https://vidlax.xyz/embed/999cd4025ffdcdde): 404 Client Error: Not Found for url: https://vidlax.xyz/embed/999cd4025ffdcdde

🔍 Vidlax direkt analizi: https://vidlax.xyz/embed/999cd4025ffdcdde
Vidlax analiz hatası: 404 Client Error: Not Found for url: https://vidlax.xyz/embed/999cd4025ffdcdde

🔍 Vidlax direkt analizi: https://diziyiizle2.com/canavar-ed-geinin-hikayesi/1-sezon-4-bolum/
📄 Sayfa içeriği alındı: 95632 karakter
❌ m3u8 URL'si bulunamadı
      ❌ m3u8 bulunamadı
   🔍 [5/8] Bölüm: https://diziyiizle2.com/canavar-ed-geinin-hikayesi/1-sezon-5-bolum/
📺 Embed URL bulundu: https://vidlax.xyz/embed/338547f3b8ebedb3
🔍 Embed URL kontrol ediliyor: https://vidlax.xyz/embed/338547f3b8ebedb3
❌ Embed URL kontrol hatası (https://vidlax.xyz/embed/338547f3b8ebedb3): 404 Client Error: Not Found for url: https://vidlax.xyz/embed/338547f3b8ebedb3

🔍 Vidlax direkt analizi: https://vidlax.xyz/embed/338547f3b8ebedb3
Vidlax analiz hatası: 404 Client Error: Not Found for url: https://vidlax.xyz/embed/338547f3b8ebedb3

🔍 Vidlax direkt analizi: https://diziyiizle2.com/canavar-ed-geinin-hikayesi/1-sezon-5-bolum/
📄 Sayfa içeriği alındı: 95633 karakter
❌ m3u8 URL'si bulunamadı
      ❌ m3u8 bulunamadı
   🔍 [6/8] Bölüm: https://diziyiizle2.com/canavar-ed-geinin-hikayesi/1-sezon-6-bolum/
📺 Embed URL bulundu: https://vidlax.xyz/embed/161e0bd25e60bb7e
🔍 Embed URL kontrol ediliyor: https://vidlax.xyz/embed/161e0bd25e60bb7e
❌ Embed URL kontrol hatası (https://vidlax.xyz/embed/161e0bd25e60bb7e): 404 Client Error: Not Found for url: https://vidlax.xyz/embed/161e0bd25e60bb7e

🔍 Vidlax direkt analizi: https://vidlax.xyz/embed/161e0bd25e60bb7e
Vidlax analiz hatası: 404 Client Error: Not Found for url: https://vidlax.xyz/embed/161e0bd25e60bb7e

🔍 Vidlax direkt analizi: https://diziyiizle2.com/canavar-ed-geinin-hikayesi/1-sezon-6-bolum/
📄 Sayfa içeriği alındı: 95632 karakter
❌ m3u8 URL'si bulunamadı
      ❌ m3u8 bulunamadı
   🔍 [7/8] Bölüm: https://diziyiizle2.com/canavar-ed-geinin-hikayesi/1-sezon-7-bolum/
📺 Embed URL bulundu: https://vidlax.xyz/embed/4201b4b005a0ced3
🔍 Embed URL kontrol ediliyor: https://vidlax.xyz/embed/4201b4b005a0ced3
❌ Embed URL kontrol hatası (https://vidlax.xyz/embed/4201b4b005a0ced3): 404 Client Error: Not Found for url: https://vidlax.xyz/embed/4201b4b005a0ced3

🔍 Vidlax direkt analizi: https://vidlax.xyz/embed/4201b4b005a0ced3
Vidlax analiz hatası: 404 Client Error: Not Found for url: https://vidlax.xyz/embed/4201b4b005a0ced3

🔍 Vidlax direkt analizi: https://diziyiizle2.com/canavar-ed-geinin-hikayesi/1-sezon-7-bolum/
📄 Sayfa içeriği alındı: 95632 karakter
❌ m3u8 URL'si bulunamadı
      ❌ m3u8 bulunamadı
   🔍 [8/8] Bölüm: https://diziyiizle2.com/canavar-ed-geinin-hikayesi/1-sezon-8-bolum/

🔍 Vidlax direkt analizi: https://diziyiizle2.com/canavar-ed-geinin-hikayesi/1-sezon-8-bolum/
📄 Sayfa içeriği alındı: 95587 karakter
❌ m3u8 URL'si bulunamadı
      ❌ m3u8 bulunamadı
   ❌ Bu dizi için hiç m3u8 bulunamadı

============================================================
🎬 [49/56] İşleniyor: https://diziyiizle2.com/dizi/the-old-dog-new-tricks-1/
📺 Bölüm bulundu: 1. Sezon 1. BölümDublaj03.10.202554 dk. - https://diziyiizle2.com/the-old-dog-new-tricks-1/1-sezon-1-bolum/
📺 Bölüm bulundu: 1. Sezon 2. BölümAltyazılı03.10.202554 dk. - https://diziyiizle2.com/the-old-dog-new-tricks-1/1-sezon-2-bolum/
📺 Bölüm bulundu: 1. Sezon 3. BölümDublaj03.10.202554 dk. - https://diziyiizle2.com/the-old-dog-new-tricks-1/1-sezon-3-bolum/
📺 Bölüm bulundu: 1. Sezon 4. BölümDublaj03.10.202554 dk. - https://diziyiizle2.com/the-old-dog-new-tricks-1/1-sezon-4-bolum/
📺 Bölüm bulundu: 1. Sezon 5. BölümDublaj03.10.202554 dk. - https://diziyiizle2.com/the-old-dog-new-tricks-1/1-sezon-5-bolum/
📺 Bölüm bulundu: 1. Sezon 6. BölümDublaj03.10.202554 dk. - https://diziyiizle2.com/the-old-dog-new-tricks-1/1-sezon-6-bolum/
📺 Bölüm bulundu: 1. Sezon 7. BölümDublaj03.10.202554 dk. - https://diziyiizle2.com/the-old-dog-new-tricks-1/1-sezon-7-bolum/
📺 Bölüm bulundu: 1. Sezon 8. BölümDublaj03.10.202554 dk. - https://diziyiizle2.com/the-old-dog-new-tricks-1/1-sezon-8-bolum/
📺 Bölüm bulundu: 1. Sezon 9. BölümDublaj03.10.202554 dk. - https://diziyiizle2.com/the-old-dog-new-tricks-1/1-sezon-9-bolum/
📺 Bölüm bulundu: 1. Sezon 10. BölümAltyazılı03.10.202554 dk. - https://diziyiizle2.com/the-old-dog-new-tricks-1/1-sezon-10-bolum/

📊 Toplam 10 bölüm bulundu
   🔍 [1/10] Bölüm: https://diziyiizle2.com/the-old-dog-new-tricks-1/1-sezon-1-bolum/
📺 Embed URL bulundu: https://vidlax.xyz/embed/fe4b1d3db660e466
🔍 Embed URL kontrol ediliyor: https://vidlax.xyz/embed/fe4b1d3db660e466
❌ Embed URL kontrol hatası (https://vidlax.xyz/embed/fe4b1d3db660e466): 404 Client Error: Not Found for url: https://vidlax.xyz/embed/fe4b1d3db660e466

🔍 Vidlax direkt analizi: https://vidlax.xyz/embed/fe4b1d3db660e466
Vidlax analiz hatası: 404 Client Error: Not Found for url: https://vidlax.xyz/embed/fe4b1d3db660e466

🔍 Vidlax direkt analizi: https://diziyiizle2.com/the-old-dog-new-tricks-1/1-sezon-1-bolum/
📄 Sayfa içeriği alındı: 98919 karakter
❌ m3u8 URL'si bulunamadı
      ❌ m3u8 bulunamadı
   🔍 [2/10] Bölüm: https://diziyiizle2.com/the-old-dog-new-tricks-1/1-sezon-2-bolum/
📺 Embed URL bulundu: https://vidlax.xyz/embed/0f1674d3dcb2e0d6
🔍 Embed URL kontrol ediliyor: https://vidlax.xyz/embed/0f1674d3dcb2e0d6
❌ Embed URL kontrol hatası (https://vidlax.xyz/embed/0f1674d3dcb2e0d6): 404 Client Error: Not Found for url: https://vidlax.xyz/embed/0f1674d3dcb2e0d6

🔍 Vidlax direkt analizi: https://vidlax.xyz/embed/0f1674d3dcb2e0d6
Vidlax analiz hatası: 404 Client Error: Not Found for url: https://vidlax.xyz/embed/0f1674d3dcb2e0d6

🔍 Vidlax direkt analizi: https://diziyiizle2.com/the-old-dog-new-tricks-1/1-sezon-2-bolum/
📄 Sayfa içeriği alındı: 98948 karakter
❌ m3u8 URL'si bulunamadı
      ❌ m3u8 bulunamadı
   🔍 [3/10] Bölüm: https://diziyiizle2.com/the-old-dog-new-tricks-1/1-sezon-3-bolum/
📺 Embed URL bulundu: https://vidlax.xyz/embed/75ab5b684f0b79bc
🔍 Embed URL kontrol ediliyor: https://vidlax.xyz/embed/75ab5b684f0b79bc
❌ Embed URL kontrol hatası (https://vidlax.xyz/embed/75ab5b684f0b79bc): 404 Client Error: Not Found for url: https://vidlax.xyz/embed/75ab5b684f0b79bc

🔍 Vidlax direkt analizi: https://vidlax.xyz/embed/75ab5b684f0b79bc
Vidlax analiz hatası: 404 Client Error: Not Found for url: https://vidlax.xyz/embed/75ab5b684f0b79bc

🔍 Vidlax direkt analizi: https://diziyiizle2.com/the-old-dog-new-tricks-1/1-sezon-3-bolum/
📄 Sayfa içeriği alındı: 99082 karakter
❌ m3u8 URL'si bulunamadı
      ❌ m3u8 bulunamadı
   🔍 [4/10] Bölüm: https://diziyiizle2.com/the-old-dog-new-tricks-1/1-sezon-4-bolum/
📺 Embed URL bulundu: https://vidlax.xyz/embed/219a0b70fd2d0e14
🔍 Embed URL kontrol ediliyor: https://vidlax.xyz/embed/219a0b70fd2d0e14
❌ Embed URL kontrol hatası (https://vidlax.xyz/embed/219a0b70fd2d0e14): 404 Client Error: Not Found for url: https://vidlax.xyz/embed/219a0b70fd2d0e14

🔍 Vidlax direkt analizi: https://vidlax.xyz/embed/219a0b70fd2d0e14
Vidlax analiz hatası: 404 Client Error: Not Found for url: https://vidlax.xyz/embed/219a0b70fd2d0e14

🔍 Vidlax direkt analizi: https://diziyiizle2.com/the-old-dog-new-tricks-1/1-sezon-4-bolum/
📄 Sayfa içeriği alındı: 98827 karakter
❌ m3u8 URL'si bulunamadı
      ❌ m3u8 bulunamadı
   🔍 [5/10] Bölüm: https://diziyiizle2.com/the-old-dog-new-tricks-1/1-sezon-5-bolum/
📺 Embed URL bulundu: https://vidlax.xyz/embed/06e7bdb624c867b1
🔍 Embed URL kontrol ediliyor: https://vidlax.xyz/embed/06e7bdb624c867b1
❌ Embed URL kontrol hatası (https://vidlax.xyz/embed/06e7bdb624c867b1): 404 Client Error: Not Found for url: https://vidlax.xyz/embed/06e7bdb624c867b1

🔍 Vidlax direkt analizi: https://vidlax.xyz/embed/06e7bdb624c867b1
Vidlax analiz hatası: 404 Client Error: Not Found for url: https://vidlax.xyz/embed/06e7bdb624c867b1

🔍 Vidlax direkt analizi: https://diziyiizle2.com/the-old-dog-new-tricks-1/1-sezon-5-bolum/
📄 Sayfa içeriği alındı: 98941 karakter
❌ m3u8 URL'si bulunamadı
      ❌ m3u8 bulunamadı
   🔍 [6/10] Bölüm: https://diziyiizle2.com/the-old-dog-new-tricks-1/1-sezon-6-bolum/
📺 Embed URL bulundu: https://vidlax.xyz/embed/136e10a68c02a072
🔍 Embed URL kontrol ediliyor: https://vidlax.xyz/embed/136e10a68c02a072
❌ Embed URL kontrol hatası (https://vidlax.xyz/embed/136e10a68c02a072): 404 Client Error: Not Found for url: https://vidlax.xyz/embed/136e10a68c02a072

🔍 Vidlax direkt analizi: https://vidlax.xyz/embed/136e10a68c02a072
Vidlax analiz hatası: 404 Client Error: Not Found for url: https://vidlax.xyz/embed/136e10a68c02a072

🔍 Vidlax direkt analizi: https://diziyiizle2.com/the-old-dog-new-tricks-1/1-sezon-6-bolum/
📄 Sayfa içeriği alındı: 98940 karakter
❌ m3u8 URL'si bulunamadı
      ❌ m3u8 bulunamadı
   🔍 [7/10] Bölüm: https://diziyiizle2.com/the-old-dog-new-tricks-1/1-sezon-7-bolum/
📺 Embed URL bulundu: https://vidlax.xyz/embed/9e2817032aa213d6
🔍 Embed URL kontrol ediliyor: https://vidlax.xyz/embed/9e2817032aa213d6
❌ Embed URL kontrol hatası (https://vidlax.xyz/embed/9e2817032aa213d6): 404 Client Error: Not Found for url: https://vidlax.xyz/embed/9e2817032aa213d6

🔍 Vidlax direkt analizi: https://vidlax.xyz/embed/9e2817032aa213d6
Vidlax analiz hatası: 404 Client Error: Not Found for url: https://vidlax.xyz/embed/9e2817032aa213d6

🔍 Vidlax direkt analizi: https://diziyiizle2.com/the-old-dog-new-tricks-1/1-sezon-7-bolum/
📄 Sayfa içeriği alındı: 98973 karakter
❌ m3u8 URL'si bulunamadı
      ❌ m3u8 bulunamadı
   🔍 [8/10] Bölüm: https://diziyiizle2.com/the-old-dog-new-tricks-1/1-sezon-8-bolum/
📺 Embed URL bulundu: https://vidlax.xyz/embed/a08f9c84ff3644ec
🔍 Embed URL kontrol ediliyor: https://vidlax.xyz/embed/a08f9c84ff3644ec
❌ Embed URL kontrol hatası (https://vidlax.xyz/embed/a08f9c84ff3644ec): 404 Client Error: Not Found for url: https://vidlax.xyz/embed/a08f9c84ff3644ec

🔍 Vidlax direkt analizi: https://vidlax.xyz/embed/a08f9c84ff3644ec
Vidlax analiz hatası: 404 Client Error: Not Found for url: https://vidlax.xyz/embed/a08f9c84ff3644ec

🔍 Vidlax direkt analizi: https://diziyiizle2.com/the-old-dog-new-tricks-1/1-sezon-8-bolum/
📄 Sayfa içeriği alındı: 98904 karakter
❌ m3u8 URL'si bulunamadı
      ❌ m3u8 bulunamadı
   🔍 [9/10] Bölüm: https://diziyiizle2.com/the-old-dog-new-tricks-1/1-sezon-9-bolum/
📺 Embed URL bulundu: https://vidlax.xyz/embed/85f81228bca3823b
🔍 Embed URL kontrol ediliyor: https://vidlax.xyz/embed/85f81228bca3823b
❌ Embed URL kontrol hatası (https://vidlax.xyz/embed/85f81228bca3823b): 404 Client Error: Not Found for url: https://vidlax.xyz/embed/85f81228bca3823b

🔍 Vidlax direkt analizi: https://vidlax.xyz/embed/85f81228bca3823b
Vidlax analiz hatası: 404 Client Error: Not Found for url: https://vidlax.xyz/embed/85f81228bca3823b

🔍 Vidlax direkt analizi: https://diziyiizle2.com/the-old-dog-new-tricks-1/1-sezon-9-bolum/
📄 Sayfa içeriği alındı: 98949 karakter
❌ m3u8 URL'si bulunamadı
      ❌ m3u8 bulunamadı
   🔍 [10/10] Bölüm: https://diziyiizle2.com/the-old-dog-new-tricks-1/1-sezon-10-bolum/

🔍 Vidlax direkt analizi: https://diziyiizle2.com/the-old-dog-new-tricks-1/1-sezon-10-bolum/
📄 Sayfa içeriği alındı: 98910 karakter
❌ m3u8 URL'si bulunamadı
      ❌ m3u8 bulunamadı
   ❌ Bu dizi için hiç m3u8 bulunamadı

============================================================
🎬 [50/56] İşleniyor: https://diziyiizle2.com/dizi/genie-make-a-wish/
📺 Bölüm bulundu: 1. Sezon 1. BölümDublaj03.10.202554 dk. - https://diziyiizle2.com/genie-make-a-wish/1-sezon-1-bolum/
📺 Bölüm bulundu: 1. Sezon 2. BölümDublaj03.10.202558 dk. - https://diziyiizle2.com/genie-make-a-wish/1-sezon-2-bolum/
📺 Bölüm bulundu: 1. Sezon 3. BölümDublaj03.10.202559 dk. - https://diziyiizle2.com/genie-make-a-wish/1-sezon-3-bolum/
📺 Bölüm bulundu: 1. Sezon 4. BölümDublaj03.10.202559 dk. - https://diziyiizle2.com/genie-make-a-wish/1-sezon-4-bolum/
📺 Bölüm bulundu: 1. Sezon 5. BölümDublaj03.10.202560 dk. - https://diziyiizle2.com/genie-make-a-wish/1-sezon-5-bolum/
📺 Bölüm bulundu: 1. Sezon 6. BölümDublaj03.10.202560 dk. - https://diziyiizle2.com/genie-make-a-wish/1-sezon-6-bolum/
📺 Bölüm bulundu: 1. Sezon 7. BölümDublaj03.10.202558 dk. - https://diziyiizle2.com/genie-make-a-wish/1-sezon-7-bolum/
📺 Bölüm bulundu: 1. Sezon 8. BölümDublaj03.10.202558 dk. - https://diziyiizle2.com/genie-make-a-wish/1-sezon-8-bolum/
📺 Bölüm bulundu: 1. Sezon 9. BölümDublaj03.10.202562 dk. - https://diziyiizle2.com/genie-make-a-wish/1-sezon-9-bolum/
📺 Bölüm bulundu: 1. Sezon 10. BölümDublaj03.10.202558 dk. - https://diziyiizle2.com/genie-make-a-wish/1-sezon-10-bolum/
📺 Bölüm bulundu: 1. Sezon 11. BölümDublaj03.10.202559 dk. - https://diziyiizle2.com/genie-make-a-wish/1-sezon-11-bolum/
📺 Bölüm bulundu: 1. Sezon 12. BölümDublaj03.10.202556 dk. - https://diziyiizle2.com/genie-make-a-wish/1-sezon-12-bolum/
📺 Bölüm bulundu: 1. Sezon 13. BölümDublaj03.10.202562 dk. - https://diziyiizle2.com/genie-make-a-wish/1-sezon-13-bolum/

📊 Toplam 13 bölüm bulundu
   🔍 [1/13] Bölüm: https://diziyiizle2.com/genie-make-a-wish/1-sezon-1-bolum/
📺 Embed URL bulundu: https://vidlax.xyz/embed/a5581fdb5226d788
🔍 Embed URL kontrol ediliyor: https://vidlax.xyz/embed/a5581fdb5226d788
❌ Embed URL kontrol hatası (https://vidlax.xyz/embed/a5581fdb5226d788): 404 Client Error: Not Found for url: https://vidlax.xyz/embed/a5581fdb5226d788

🔍 Vidlax direkt analizi: https://vidlax.xyz/embed/a5581fdb5226d788
Vidlax analiz hatası: 404 Client Error: Not Found for url: https://vidlax.xyz/embed/a5581fdb5226d788

🔍 Vidlax direkt analizi: https://diziyiizle2.com/genie-make-a-wish/1-sezon-1-bolum/
📄 Sayfa içeriği alındı: 102668 karakter
❌ m3u8 URL'si bulunamadı
      ❌ m3u8 bulunamadı
   🔍 [2/13] Bölüm: https://diziyiizle2.com/genie-make-a-wish/1-sezon-2-bolum/
📺 Embed URL bulundu: https://vidlax.xyz/embed/ac48418c81dd3d8e
🔍 Embed URL kontrol ediliyor: https://vidlax.xyz/embed/ac48418c81dd3d8e
❌ Embed URL kontrol hatası (https://vidlax.xyz/embed/ac48418c81dd3d8e): 404 Client Error: Not Found for url: https://vidlax.xyz/embed/ac48418c81dd3d8e

🔍 Vidlax direkt analizi: https://vidlax.xyz/embed/ac48418c81dd3d8e
Vidlax analiz hatası: 404 Client Error: Not Found for url: https://vidlax.xyz/embed/ac48418c81dd3d8e

🔍 Vidlax direkt analizi: https://diziyiizle2.com/genie-make-a-wish/1-sezon-2-bolum/
📄 Sayfa içeriği alındı: 102668 karakter
❌ m3u8 URL'si bulunamadı
      ❌ m3u8 bulunamadı
   🔍 [3/13] Bölüm: https://diziyiizle2.com/genie-make-a-wish/1-sezon-3-bolum/
📺 Embed URL bulundu: https://vidlax.xyz/embed/430ee07b66157e01
🔍 Embed URL kontrol ediliyor: https://vidlax.xyz/embed/430ee07b66157e01
❌ Embed URL kontrol hatası (https://vidlax.xyz/embed/430ee07b66157e01): 404 Client Error: Not Found for url: https://vidlax.xyz/embed/430ee07b66157e01

🔍 Vidlax direkt analizi: https://vidlax.xyz/embed/430ee07b66157e01
Vidlax analiz hatası: 404 Client Error: Not Found for url: https://vidlax.xyz/embed/430ee07b66157e01

🔍 Vidlax direkt analizi: https://diziyiizle2.com/genie-make-a-wish/1-sezon-3-bolum/
📄 Sayfa içeriği alındı: 102669 karakter
❌ m3u8 URL'si bulunamadı
      ❌ m3u8 bulunamadı
   🔍 [4/13] Bölüm: https://diziyiizle2.com/genie-make-a-wish/1-sezon-4-bolum/
📺 Embed URL bulundu: https://vidlax.xyz/embed/b7934c0a85b3a4f1
🔍 Embed URL kontrol ediliyor: https://vidlax.xyz/embed/b7934c0a85b3a4f1
❌ Embed URL kontrol hatası (https://vidlax.xyz/embed/b7934c0a85b3a4f1): 404 Client Error: Not Found for url: https://vidlax.xyz/embed/b7934c0a85b3a4f1

🔍 Vidlax direkt analizi: https://vidlax.xyz/embed/b7934c0a85b3a4f1
Vidlax analiz hatası: 404 Client Error: Not Found for url: https://vidlax.xyz/embed/b7934c0a85b3a4f1

🔍 Vidlax direkt analizi: https://diziyiizle2.com/genie-make-a-wish/1-sezon-4-bolum/
📄 Sayfa içeriği alındı: 102669 karakter
❌ m3u8 URL'si bulunamadı
      ❌ m3u8 bulunamadı
   🔍 [5/13] Bölüm: https://diziyiizle2.com/genie-make-a-wish/1-sezon-5-bolum/
📺 Embed URL bulundu: https://vidlax.xyz/embed/d28c3023a3e1536d
🔍 Embed URL kontrol ediliyor: https://vidlax.xyz/embed/d28c3023a3e1536d
❌ Embed URL kontrol hatası (https://vidlax.xyz/embed/d28c3023a3e1536d): 404 Client Error: Not Found for url: https://vidlax.xyz/embed/d28c3023a3e1536d

🔍 Vidlax direkt analizi: https://vidlax.xyz/embed/d28c3023a3e1536d
Vidlax analiz hatası: 404 Client Error: Not Found for url: https://vidlax.xyz/embed/d28c3023a3e1536d

🔍 Vidlax direkt analizi: https://diziyiizle2.com/genie-make-a-wish/1-sezon-5-bolum/
📄 Sayfa içeriği alındı: 102009 karakter
❌ m3u8 URL'si bulunamadı
      ❌ m3u8 bulunamadı
   🔍 [6/13] Bölüm: https://diziyiizle2.com/genie-make-a-wish/1-sezon-6-bolum/
📺 Embed URL bulundu: https://vidlax.xyz/embed/1117bc4b24f42c68
🔍 Embed URL kontrol ediliyor: https://vidlax.xyz/embed/1117bc4b24f42c68
❌ Embed URL kontrol hatası (https://vidlax.xyz/embed/1117bc4b24f42c68): 404 Client Error: Not Found for url: https://vidlax.xyz/embed/1117bc4b24f42c68

🔍 Vidlax direkt analizi: https://vidlax.xyz/embed/1117bc4b24f42c68
Vidlax analiz hatası: 404 Client Error: Not Found for url: https://vidlax.xyz/embed/1117bc4b24f42c68

🔍 Vidlax direkt analizi: https://diziyiizle2.com/genie-make-a-wish/1-sezon-6-bolum/
📄 Sayfa içeriği alındı: 102010 karakter
❌ m3u8 URL'si bulunamadı
      ❌ m3u8 bulunamadı
   🔍 [7/13] Bölüm: https://diziyiizle2.com/genie-make-a-wish/1-sezon-7-bolum/
📺 Embed URL bulundu: https://vidlax.xyz/embed/ae9c7b825d4ae652
🔍 Embed URL kontrol ediliyor: https://vidlax.xyz/embed/ae9c7b825d4ae652
❌ Embed URL kontrol hatası (https://vidlax.xyz/embed/ae9c7b825d4ae652): 404 Client Error: Not Found for url: https://vidlax.xyz/embed/ae9c7b825d4ae652

🔍 Vidlax direkt analizi: https://vidlax.xyz/embed/ae9c7b825d4ae652
Vidlax analiz hatası: 404 Client Error: Not Found for url: https://vidlax.xyz/embed/ae9c7b825d4ae652

🔍 Vidlax direkt analizi: https://diziyiizle2.com/genie-make-a-wish/1-sezon-7-bolum/
📄 Sayfa içeriği alındı: 102009 karakter
❌ m3u8 URL'si bulunamadı
      ❌ m3u8 bulunamadı
   🔍 [8/13] Bölüm: https://diziyiizle2.com/genie-make-a-wish/1-sezon-8-bolum/
📺 Embed URL bulundu: https://vidlax.xyz/embed/5f654f5ebe55619e
🔍 Embed URL kontrol ediliyor: https://vidlax.xyz/embed/5f654f5ebe55619e
❌ Embed URL kontrol hatası (https://vidlax.xyz/embed/5f654f5ebe55619e): 404 Client Error: Not Found for url: https://vidlax.xyz/embed/5f654f5ebe55619e

🔍 Vidlax direkt analizi: https://vidlax.xyz/embed/5f654f5ebe55619e
Vidlax analiz hatası: 404 Client Error: Not Found for url: https://vidlax.xyz/embed/5f654f5ebe55619e

🔍 Vidlax direkt analizi: https://diziyiizle2.com/genie-make-a-wish/1-sezon-8-bolum/
📄 Sayfa içeriği alındı: 102008 karakter
❌ m3u8 URL'si bulunamadı
      ❌ m3u8 bulunamadı
   🔍 [9/13] Bölüm: https://diziyiizle2.com/genie-make-a-wish/1-sezon-9-bolum/
📺 Embed URL bulundu: https://vidlax.xyz/embed/3472bf3280610a87
🔍 Embed URL kontrol ediliyor: https://vidlax.xyz/embed/3472bf3280610a87
❌ Embed URL kontrol hatası (https://vidlax.xyz/embed/3472bf3280610a87): 404 Client Error: Not Found for url: https://vidlax.xyz/embed/3472bf3280610a87

🔍 Vidlax direkt analizi: https://vidlax.xyz/embed/3472bf3280610a87
Vidlax analiz hatası: 404 Client Error: Not Found for url: https://vidlax.xyz/embed/3472bf3280610a87

🔍 Vidlax direkt analizi: https://diziyiizle2.com/genie-make-a-wish/1-sezon-9-bolum/
📄 Sayfa içeriği alındı: 102009 karakter
❌ m3u8 URL'si bulunamadı
      ❌ m3u8 bulunamadı
   🔍 [10/13] Bölüm: https://diziyiizle2.com/genie-make-a-wish/1-sezon-10-bolum/
📺 Embed URL bulundu: https://vidlax.xyz/embed/64588c152d3d64a6
🔍 Embed URL kontrol ediliyor: https://vidlax.xyz/embed/64588c152d3d64a6
❌ Embed URL kontrol hatası (https://vidlax.xyz/embed/64588c152d3d64a6): 404 Client Error: Not Found for url: https://vidlax.xyz/embed/64588c152d3d64a6

🔍 Vidlax direkt analizi: https://vidlax.xyz/embed/64588c152d3d64a6
Vidlax analiz hatası: 404 Client Error: Not Found for url: https://vidlax.xyz/embed/64588c152d3d64a6

🔍 Vidlax direkt analizi: https://diziyiizle2.com/genie-make-a-wish/1-sezon-10-bolum/
📄 Sayfa içeriği alındı: 102028 karakter
❌ m3u8 URL'si bulunamadı
      ❌ m3u8 bulunamadı
   🔍 [11/13] Bölüm: https://diziyiizle2.com/genie-make-a-wish/1-sezon-11-bolum/
📺 Embed URL bulundu: https://vidlax.xyz/embed/670a3324604cebe1
🔍 Embed URL kontrol ediliyor: https://vidlax.xyz/embed/670a3324604cebe1
❌ Embed URL kontrol hatası (https://vidlax.xyz/embed/670a3324604cebe1): 404 Client Error: Not Found for url: https://vidlax.xyz/embed/670a3324604cebe1

🔍 Vidlax direkt analizi: https://vidlax.xyz/embed/670a3324604cebe1
Vidlax analiz hatası: 404 Client Error: Not Found for url: https://vidlax.xyz/embed/670a3324604cebe1

🔍 Vidlax direkt analizi: https://diziyiizle2.com/genie-make-a-wish/1-sezon-11-bolum/
📄 Sayfa içeriği alındı: 102028 karakter
❌ m3u8 URL'si bulunamadı
      ❌ m3u8 bulunamadı
   🔍 [12/13] Bölüm: https://diziyiizle2.com/genie-make-a-wish/1-sezon-12-bolum/
📺 Embed URL bulundu: https://vidlax.xyz/embed/9da8f1239b145bb3
🔍 Embed URL kontrol ediliyor: https://vidlax.xyz/embed/9da8f1239b145bb3
❌ Embed URL kontrol hatası (https://vidlax.xyz/embed/9da8f1239b145bb3): 404 Client Error: Not Found for url: https://vidlax.xyz/embed/9da8f1239b145bb3

🔍 Vidlax direkt analizi: https://vidlax.xyz/embed/9da8f1239b145bb3
Vidlax analiz hatası: 404 Client Error: Not Found for url: https://vidlax.xyz/embed/9da8f1239b145bb3

🔍 Vidlax direkt analizi: https://diziyiizle2.com/genie-make-a-wish/1-sezon-12-bolum/
📄 Sayfa içeriği alındı: 102027 karakter
❌ m3u8 URL'si bulunamadı
      ❌ m3u8 bulunamadı
   🔍 [13/13] Bölüm: https://diziyiizle2.com/genie-make-a-wish/1-sezon-13-bolum/
📺 Embed URL bulundu: https://vidlax.xyz/embed/9f03a02b0141607b
🔍 Embed URL kontrol ediliyor: https://vidlax.xyz/embed/9f03a02b0141607b
❌ Embed URL kontrol hatası (https://vidlax.xyz/embed/9f03a02b0141607b): 404 Client Error: Not Found for url: https://vidlax.xyz/embed/9f03a02b0141607b

🔍 Vidlax direkt analizi: https://vidlax.xyz/embed/9f03a02b0141607b
Vidlax analiz hatası: 404 Client Error: Not Found for url: https://vidlax.xyz/embed/9f03a02b0141607b

🔍 Vidlax direkt analizi: https://diziyiizle2.com/genie-make-a-wish/1-sezon-13-bolum/
📄 Sayfa içeriği alındı: 102028 karakter
❌ m3u8 URL'si bulunamadı
      ❌ m3u8 bulunamadı
   ❌ Bu dizi için hiç m3u8 bulunamadı

============================================================
🎬 [51/56] İşleniyor: https://diziyiizle2.com/dizi/konusanlar/
📺 Bölüm bulundu: 1. Sezon 1. BölümDual13.08.202528 dk. - https://diziyiizle2.com/konusanlar-3/1-sezon-1-bolum/
📺 Bölüm bulundu: 1. Sezon 2. BölümDual13.08.202529 dk. - https://diziyiizle2.com/konusanlar-3/1-sezon-2-bolum/
📺 Bölüm bulundu: 1. Sezon 3. BölümDual13.08.202535 dk. - https://diziyiizle2.com/konusanlar-3/1-sezon-3-bolum/
📺 Bölüm bulundu: 1. Sezon 4. BölümDual13.08.202529 dk. - https://diziyiizle2.com/konusanlar-3/1-sezon-4-bolum/
📺 Bölüm bulundu: 1. Sezon 5. BölümDual13.08.202530 dk. - https://diziyiizle2.com/konusanlar-3/1-sezon-5-bolum/
📺 Bölüm bulundu: 1. Sezon 6. BölümDual13.08.202531 dk. - https://diziyiizle2.com/konusanlar-3/1-sezon-6-bolum/
📺 Bölüm bulundu: 1. Sezon 7. BölümDual13.08.202543 dk. - https://diziyiizle2.com/konusanlar-3/1-sezon-7-bolum/
📺 Bölüm bulundu: 1. Sezon 8. BölümDual13.08.202534 dk. - https://diziyiizle2.com/konusanlar-3/1-sezon-8-bolum/
📺 Bölüm bulundu: 1. Sezon 9. BölümDual13.08.202545 dk. - https://diziyiizle2.com/konusanlar-3/1-sezon-9-bolum/
📺 Bölüm bulundu: 1. Sezon 10. BölümDual13.08.202561 dk. - https://diziyiizle2.com/konusanlar-3/1-sezon-10-bolum/
📺 Bölüm bulundu: 1. Sezon 11. BölümDual13.08.202562 dk. - https://diziyiizle2.com/konusanlar-3/1-sezon-11-bolum/
📺 Bölüm bulundu: 1. Sezon 12. BölümDual13.08.202565 dk. - https://diziyiizle2.com/konusanlar-3/1-sezon-12-bolum/
📺 Bölüm bulundu: 1. Sezon 13. BölümDual13.08.202580 dk. - https://diziyiizle2.com/konusanlar-3/1-sezon-13-bolum/
📺 Bölüm bulundu: 1. Sezon 14. BölümDual13.08.202565 dk. - https://diziyiizle2.com/konusanlar-3/1-sezon-14-bolum/
📺 Bölüm bulundu: 1. Sezon 15. BölümDual13.08.202565 dk. - https://diziyiizle2.com/konusanlar-3/1-sezon-15-bolum/
📺 Bölüm bulundu: 1. Sezon 16. BölümDual13.08.202578 dk. - https://diziyiizle2.com/konusanlar-3/1-sezon-16-bolum/
📺 Bölüm bulundu: 1. Sezon 17. BölümDual13.08.202567 dk. - https://diziyiizle2.com/konusanlar-3/1-sezon-17-bolum/
📺 Bölüm bulundu: 1. Sezon 18. BölümDual13.08.202568 dk. - https://diziyiizle2.com/konusanlar-3/1-sezon-18-bolum/
📺 Bölüm bulundu: 1. Sezon 19. BölümDual13.08.202551 dk. - https://diziyiizle2.com/konusanlar-3/1-sezon-19-bolum/
📺 Bölüm bulundu: 1. Sezon 20. BölümDual13.08.202550 dk. - https://diziyiizle2.com/konusanlar-3/1-sezon-20-bolum/
📺 Bölüm bulundu: 1. Sezon 21. BölümDual13.08.202552 dk. - https://diziyiizle2.com/konusanlar-3/1-sezon-21-bolum/
📺 Bölüm bulundu: 1. Sezon 22. BölümDual13.08.202558 dk. - https://diziyiizle2.com/konusanlar-3/1-sezon-22-bolum/
📺 Bölüm bulundu: 1. Sezon 23. BölümDual13.08.202552 dk. - https://diziyiizle2.com/konusanlar-3/1-sezon-23-bolum/
📺 Bölüm bulundu: 1. Sezon 24. BölümDual13.08.202559 dk. - https://diziyiizle2.com/konusanlar-3/1-sezon-24-bolum/
📺 Bölüm bulundu: 1. Sezon 25. BölümDual13.08.202545 dk. - https://diziyiizle2.com/konusanlar-3/1-sezon-25-bolum/
📺 Bölüm bulundu: 1. Sezon 26. BölümDual13.08.202560 dk. - https://diziyiizle2.com/konusanlar-3/1-sezon-26-bolum/
📺 Bölüm bulundu: 1. Sezon 27. BölümDual13.08.202555 dk. - https://diziyiizle2.com/konusanlar-3/1-sezon-27-bolum/
📺 Bölüm bulundu: 1. Sezon 28. BölümDual13.08.202552 dk. - https://diziyiizle2.com/konusanlar-3/1-sezon-28-bolum/
📺 Bölüm bulundu: 1. Sezon 29. BölümDual13.08.202544 dk. - https://diziyiizle2.com/konusanlar-3/1-sezon-29-bolum/
📺 Bölüm bulundu: 1. Sezon 30. BölümAltyazılı13.08.202554 dk. - https://diziyiizle2.com/konusanlar-3/1-sezon-30-bolum/
📺 Bölüm bulundu: 1. Sezon 31. BölümAltyazılı13.08.2025 - https://diziyiizle2.com/konusanlar-3/1-sezon-31-bolum/
📺 Bölüm bulundu: 2. Sezon 1. BölümAltyazılı13.08.202554 dk. - https://diziyiizle2.com/konusanlar-3/2-sezon-1-bolum/
📺 Bölüm bulundu: 2. Sezon 2. BölümDual13.08.202557 dk. - https://diziyiizle2.com/konusanlar-3/2-sezon-2-bolum/
📺 Bölüm bulundu: 2. Sezon 3. BölümDual13.08.202560 dk. - https://diziyiizle2.com/konusanlar-3/2-sezon-3-bolum/
📺 Bölüm bulundu: 2. Sezon 4. BölümDual13.08.202551 dk. - https://diziyiizle2.com/konusanlar-3/2-sezon-4-bolum/
📺 Bölüm bulundu: 2. Sezon 5. BölümDual13.08.202552 dk. - https://diziyiizle2.com/konusanlar-3/2-sezon-5-bolum/
📺 Bölüm bulundu: 2. Sezon 6. BölümDual13.08.202552 dk. - https://diziyiizle2.com/konusanlar-3/2-sezon-6-bolum/
📺 Bölüm bulundu: 2. Sezon 7. BölümDual13.08.202550 dk. - https://diziyiizle2.com/konusanlar-3/2-sezon-7-bolum/
📺 Bölüm bulundu: 2. Sezon 8. BölümDual13.08.202553 dk. - https://diziyiizle2.com/konusanlar-3/2-sezon-8-bolum/
📺 Bölüm bulundu: 2. Sezon 9. BölümDual13.08.202550 dk. - https://diziyiizle2.com/konusanlar-3/2-sezon-9-bolum/
📺 Bölüm bulundu: 2. Sezon 10. BölümDual13.08.202551 dk. - https://diziyiizle2.com/konusanlar-3/2-sezon-10-bolum/
📺 Bölüm bulundu: 2. Sezon 11. BölümDual13.08.202566 dk. - https://diziyiizle2.com/konusanlar-3/2-sezon-11-bolum/
📺 Bölüm bulundu: 2. Sezon 12. BölümDual13.08.202562 dk. - https://diziyiizle2.com/konusanlar-3/2-sezon-12-bolum/
📺 Bölüm bulundu: 2. Sezon 13. BölümDual13.08.202558 dk. - https://diziyiizle2.com/konusanlar-3/2-sezon-13-bolum/
📺 Bölüm bulundu: 2. Sezon 14. BölümDual13.08.202552 dk. - https://diziyiizle2.com/konusanlar-3/2-sezon-14-bolum/
📺 Bölüm bulundu: 2. Sezon 15. BölümDual13.08.202559 dk. - https://diziyiizle2.com/konusanlar-3/2-sezon-15-bolum/
📺 Bölüm bulundu: 2. Sezon 16. BölümDual13.08.202550 dk. - https://diziyiizle2.com/konusanlar-3/2-sezon-16-bolum/
📺 Bölüm bulundu: 2. Sezon 17. BölümDual13.08.202546 dk. - https://diziyiizle2.com/konusanlar-3/2-sezon-17-bolum/
📺 Bölüm bulundu: 2. Sezon 18. BölümDual13.08.202556 dk. - https://diziyiizle2.com/konusanlar-3/2-sezon-18-bolum/
📺 Bölüm bulundu: 2. Sezon 19. BölümDual13.08.202556 dk. - https://diziyiizle2.com/konusanlar-3/2-sezon-19-bolum/
📺 Bölüm bulundu: 2. Sezon 20. BölümDual13.08.202559 dk. - https://diziyiizle2.com/konusanlar-3/2-sezon-20-bolum/
📺 Bölüm bulundu: 2. Sezon 21. BölümDual13.08.202556 dk. - https://diziyiizle2.com/konusanlar-3/2-sezon-21-bolum/
📺 Bölüm bulundu: 2. Sezon 22. BölümDual13.08.202549 dk. - https://diziyiizle2.com/konusanlar-3/2-sezon-22-bolum/
📺 Bölüm bulundu: 2. Sezon 23. BölümDual13.08.202546 dk. - https://diziyiizle2.com/konusanlar-3/2-sezon-23-bolum/
📺 Bölüm bulundu: 2. Sezon 24. BölümDual13.08.202549 dk. - https://diziyiizle2.com/konusanlar-3/2-sezon-24-bolum/
📺 Bölüm bulundu: 2. Sezon 25. BölümDual13.08.202552 dk. - https://diziyiizle2.com/konusanlar-3/2-sezon-25-bolum/
📺 Bölüm bulundu: 2. Sezon 26. BölümDual13.08.202555 dk. - https://diziyiizle2.com/konusanlar-3/2-sezon-26-bolum/
📺 Bölüm bulundu: 2. Sezon 27. BölümDual13.08.202555 dk. - https://diziyiizle2.com/konusanlar-3/2-sezon-27-bolum/
📺 Bölüm bulundu: 2. Sezon 28. BölümDual13.08.202548 dk. - https://diziyiizle2.com/konusanlar-3/2-sezon-28-bolum/
📺 Bölüm bulundu: 2. Sezon 29. BölümDual13.08.202559 dk. - https://diziyiizle2.com/konusanlar-3/2-sezon-29-bolum/
📺 Bölüm bulundu: 2. Sezon 30. BölümDual13.08.202558 dk. - https://diziyiizle2.com/konusanlar-3/2-sezon-30-bolum/
📺 Bölüm bulundu: 2. Sezon 31. BölümDual13.08.202556 dk. - https://diziyiizle2.com/konusanlar-3/2-sezon-31-bolum/
📺 Bölüm bulundu: 2. Sezon 32. BölümDual13.08.202553 dk. - https://diziyiizle2.com/konusanlar-3/2-sezon-32-bolum/
📺 Bölüm bulundu: 2. Sezon 33. BölümDual13.08.202553 dk. - https://diziyiizle2.com/konusanlar-3/2-sezon-33-bolum/
📺 Bölüm bulundu: 2. Sezon 34. BölümDual13.08.202546 dk. - https://diziyiizle2.com/konusanlar-3/2-sezon-34-bolum/
📺 Bölüm bulundu: 2. Sezon 35. BölümDual13.08.202559 dk. - https://diziyiizle2.com/konusanlar-3/2-sezon-35-bolum/
📺 Bölüm bulundu: 2. Sezon 36. BölümDual13.08.202547 dk. - https://diziyiizle2.com/konusanlar-3/2-sezon-36-bolum/
📺 Bölüm bulundu: 2. Sezon 37. BölümDual13.08.202548 dk. - https://diziyiizle2.com/konusanlar-3/2-sezon-37-bolum/
📺 Bölüm bulundu: 2. Sezon 38. BölümDual13.08.202551 dk. - https://diziyiizle2.com/konusanlar-3/2-sezon-38-bolum/
📺 Bölüm bulundu: 2. Sezon 39. BölümAltyazılı13.08.202556 dk. - https://diziyiizle2.com/konusanlar-3/2-sezon-39-bolum/
📺 Bölüm bulundu: 2. Sezon 40. BölümAltyazılı13.08.202546 dk. - https://diziyiizle2.com/konusanlar-3/2-sezon-40-bolum/
📺 Bölüm bulundu: 2. Sezon 41. BölümAltyazılı13.08.202555 dk. - https://diziyiizle2.com/konusanlar-3/2-sezon-41-bolum/
📺 Bölüm bulundu: 2. Sezon 42. BölümAltyazılı13.08.202552 dk. - https://diziyiizle2.com/konusanlar-3/2-sezon-42-bolum/
📺 Bölüm bulundu: 2. Sezon 43. BölümAltyazılı13.08.202548 dk. - https://diziyiizle2.com/konusanlar-3/2-sezon-43-bolum/
📺 Bölüm bulundu: 2. Sezon 44. BölümAltyazılı13.08.202546 dk. - https://diziyiizle2.com/konusanlar-3/2-sezon-44-bolum/
📺 Bölüm bulundu: 2. Sezon 45. BölümAltyazılı13.08.202559 dk. - https://diziyiizle2.com/konusanlar-3/2-sezon-45-bolum/
📺 Bölüm bulundu: 2. Sezon 46. BölümAltyazılı13.08.202552 dk. - https://diziyiizle2.com/konusanlar-3/2-sezon-46-bolum/
📺 Bölüm bulundu: 2. Sezon 47. BölümAltyazılı13.08.202545 dk. - https://diziyiizle2.com/konusanlar-3/2-sezon-47-bolum/
📺 Bölüm bulundu: 2. Sezon 48. BölümAltyazılı13.08.202549 dk. - https://diziyiizle2.com/konusanlar-3/2-sezon-48-bolum/
📺 Bölüm bulundu: 2. Sezon 49. BölümAltyazılı13.08.202558 dk. - https://diziyiizle2.com/konusanlar-3/2-sezon-49-bolum/
📺 Bölüm bulundu: 2. Sezon 50. BölümAltyazılı13.08.202552 dk. - https://diziyiizle2.com/konusanlar-3/2-sezon-50-bolum/
📺 Bölüm bulundu: 2. Sezon 51. BölümAltyazılı13.08.202563 dk. - https://diziyiizle2.com/konusanlar-3/2-sezon-51-bolum/
📺 Bölüm bulundu: 2. Sezon 52. BölümAltyazılı13.08.202553 dk. - https://diziyiizle2.com/konusanlar-3/2-sezon-52-bolum/
📺 Bölüm bulundu: 2. Sezon 53. BölümAltyazılı13.08.202554 dk. - https://diziyiizle2.com/konusanlar-3/2-sezon-53-bolum/
📺 Bölüm bulundu: 2. Sezon 54. BölümAltyazılı13.08.202560 dk. - https://diziyiizle2.com/konusanlar-3/2-sezon-54-bolum/
📺 Bölüm bulundu: 2. Sezon 55. BölümAltyazılı13.08.202552 dk. - https://diziyiizle2.com/konusanlar-3/2-sezon-55-bolum/
📺 Bölüm bulundu: 2. Sezon 56. BölümAltyazılı13.08.202561 dk. - https://diziyiizle2.com/konusanlar-3/2-sezon-56-bolum/
📺 Bölüm bulundu: 2. Sezon 57. BölümAltyazılı13.08.202553 dk. - https://diziyiizle2.com/konusanlar-3/2-sezon-57-bolum/
📺 Bölüm bulundu: 2. Sezon 58. BölümAltyazılı13.08.202556 dk. - https://diziyiizle2.com/konusanlar-3/2-sezon-58-bolum/
📺 Bölüm bulundu: 2. Sezon 59. BölümAltyazılı13.08.202560 dk. - https://diziyiizle2.com/konusanlar-3/2-sezon-59-bolum/
📺 Bölüm bulundu: 2. Sezon 60. BölümAltyazılı13.08.202552 dk. - https://diziyiizle2.com/konusanlar-3/2-sezon-60-bolum/
📺 Bölüm bulundu: 2. Sezon 61. BölümAltyazılı13.08.202542 dk. - https://diziyiizle2.com/konusanlar-3/2-sezon-61-bolum/
📺 Bölüm bulundu: 2. Sezon 62. BölümAltyazılı13.08.202554 dk. - https://diziyiizle2.com/konusanlar-3/2-sezon-62-bolum/
📺 Bölüm bulundu: 2. Sezon 63. BölümAltyazılı13.08.202552 dk. - https://diziyiizle2.com/konusanlar-3/2-sezon-63-bolum/
📺 Bölüm bulundu: 2. Sezon 64. BölümAltyazılı13.08.202565 dk. - https://diziyiizle2.com/konusanlar-3/2-sezon-64-bolum/
📺 Bölüm bulundu: 2. Sezon 65. BölümAltyazılı13.08.202562 dk. - https://diziyiizle2.com/konusanlar-3/2-sezon-65-bolum/
📺 Bölüm bulundu: 2. Sezon 66. BölümAltyazılı13.08.202555 dk. - https://diziyiizle2.com/konusanlar-3/2-sezon-66-bolum/
📺 Bölüm bulundu: 2. Sezon 67. BölümAltyazılı13.08.202552 dk. - https://diziyiizle2.com/konusanlar-3/2-sezon-67-bolum/
📺 Bölüm bulundu: 2. Sezon 68. BölümAltyazılı13.08.202555 dk. - https://diziyiizle2.com/konusanlar-3/2-sezon-68-bolum/
📺 Bölüm bulundu: 2. Sezon 69. BölümAltyazılı13.08.202561 dk. - https://diziyiizle2.com/konusanlar-3/2-sezon-69-bolum/
📺 Bölüm bulundu: 2. Sezon 70. BölümAltyazılı13.08.202560 dk. - https://diziyiizle2.com/konusanlar-3/2-sezon-70-bolum/
📺 Bölüm bulundu: 2. Sezon 71. BölümAltyazılı13.08.202549 dk. - https://diziyiizle2.com/konusanlar-3/2-sezon-71-bolum/
📺 Bölüm bulundu: 2. Sezon 72. BölümAltyazılı13.08.202550 dk. - https://diziyiizle2.com/konusanlar-3/2-sezon-72-bolum/
📺 Bölüm bulundu: 3. Sezon 1. BölümDual13.08.202551 dk. - https://diziyiizle2.com/konusanlar-3/3-sezon-1-bolum/
📺 Bölüm bulundu: 3. Sezon 2. BölümDual13.08.202560 dk. - https://diziyiizle2.com/konusanlar-3/3-sezon-2-bolum/
📺 Bölüm bulundu: 3. Sezon 3. BölümDual13.08.202551 dk. - https://diziyiizle2.com/konusanlar-3/3-sezon-3-bolum/
📺 Bölüm bulundu: 3. Sezon 4. BölümDual13.08.202553 dk. - https://diziyiizle2.com/konusanlar-3/3-sezon-4-bolum/
📺 Bölüm bulundu: 3. Sezon 5. BölümDual13.08.202557 dk. - https://diziyiizle2.com/konusanlar-3/3-sezon-5-bolum/
📺 Bölüm bulundu: 3. Sezon 6. BölümDual13.08.202554 dk. - https://diziyiizle2.com/konusanlar-3/3-sezon-6-bolum/
📺 Bölüm bulundu: 3. Sezon 7. BölümDual13.08.202554 dk. - https://diziyiizle2.com/konusanlar-3/3-sezon-7-bolum/
📺 Bölüm bulundu: 3. Sezon 8. BölümDual13.08.202563 dk. - https://diziyiizle2.com/konusanlar-3/3-sezon-8-bolum/
📺 Bölüm bulundu: 3. Sezon 9. BölümAltyazılı13.08.202554 dk. - https://diziyiizle2.com/konusanlar-3/3-sezon-9-bolum/
📺 Bölüm bulundu: 3. Sezon 10. BölümDual13.08.202547 dk. - https://diziyiizle2.com/konusanlar-3/3-sezon-10-bolum/
📺 Bölüm bulundu: 3. Sezon 11. BölümDual13.08.202553 dk. - https://diziyiizle2.com/konusanlar-3/3-sezon-11-bolum/
📺 Bölüm bulundu: 3. Sezon 12. BölümAltyazılı13.08.202547 dk. - https://diziyiizle2.com/konusanlar-3/3-sezon-12-bolum/
📺 Bölüm bulundu: 3. Sezon 13. BölümAltyazılı13.08.202549 dk. - https://diziyiizle2.com/konusanlar-3/3-sezon-13-bolum/
📺 Bölüm bulundu: 3. Sezon 14. BölümAltyazılı13.08.202547 dk. - https://diziyiizle2.com/konusanlar-3/3-sezon-14-bolum/
📺 Bölüm bulundu: 3. Sezon 15. BölümAltyazılı13.08.202546 dk. - https://diziyiizle2.com/konusanlar-3/3-sezon-15-bolum/
📺 Bölüm bulundu: 3. Sezon 16. BölümDual13.08.202548 dk. - https://diziyiizle2.com/konusanlar-3/3-sezon-16-bolum/
📺 Bölüm bulundu: 3. Sezon 17. BölümAltyazılı13.08.202550 dk. - https://diziyiizle2.com/konusanlar-3/3-sezon-17-bolum/
📺 Bölüm bulundu: 3. Sezon 18. BölümAltyazılı13.08.202559 dk. - https://diziyiizle2.com/konusanlar-3/3-sezon-18-bolum/
📺 Bölüm bulundu: 3. Sezon 19. BölümAltyazılı13.08.202549 dk. - https://diziyiizle2.com/konusanlar-3/3-sezon-19-bolum/
📺 Bölüm bulundu: 3. Sezon 20. BölümAltyazılı13.08.202552 dk. - https://diziyiizle2.com/konusanlar-3/3-sezon-20-bolum/
📺 Bölüm bulundu: 3. Sezon 21. BölümDual13.08.202549 dk. - https://diziyiizle2.com/konusanlar-3/3-sezon-21-bolum/
📺 Bölüm bulundu: 3. Sezon 22. BölümAltyazılı13.08.202552 dk. - https://diziyiizle2.com/konusanlar-3/3-sezon-22-bolum/
📺 Bölüm bulundu: 3. Sezon 23. BölümAltyazılı13.08.202551 dk. - https://diziyiizle2.com/konusanlar-3/3-sezon-23-bolum/
📺 Bölüm bulundu: 3. Sezon 24. BölümAltyazılı13.08.202550 dk. - https://diziyiizle2.com/konusanlar-3/3-sezon-24-bolum/
📺 Bölüm bulundu: 3. Sezon 25. BölümAltyazılı13.08.202551 dk. - https://diziyiizle2.com/konusanlar-3/3-sezon-25-bolum/
📺 Bölüm bulundu: 3. Sezon 26. BölümAltyazılı13.08.202552 dk. - https://diziyiizle2.com/konusanlar-3/3-sezon-26-bolum/
📺 Bölüm bulundu: 3. Sezon 27. BölümAltyazılı13.08.202550 dk. - https://diziyiizle2.com/konusanlar-3/3-sezon-27-bolum/
📺 Bölüm bulundu: 3. Sezon 28. BölümAltyazılı13.08.202559 dk. - https://diziyiizle2.com/konusanlar-3/3-sezon-28-bolum/
📺 Bölüm bulundu: 3. Sezon 29. BölümAltyazılı13.08.202550 dk. - https://diziyiizle2.com/konusanlar-3/3-sezon-29-bolum/
📺 Bölüm bulundu: 3. Sezon 30. BölümAltyazılı13.08.202555 dk. - https://diziyiizle2.com/konusanlar-3/3-sezon-30-bolum/
📺 Bölüm bulundu: 3. Sezon 31. BölümAltyazılı13.08.202557 dk. - https://diziyiizle2.com/konusanlar-3/3-sezon-31-bolum/
📺 Bölüm bulundu: 3. Sezon 32. BölümAltyazılı13.08.202556 dk. - https://diziyiizle2.com/konusanlar-3/3-sezon-32-bolum/
📺 Bölüm bulundu: 3. Sezon 33. BölümAltyazılı13.08.202545 dk. - https://diziyiizle2.com/konusanlar-3/3-sezon-33-bolum/
📺 Bölüm bulundu: 3. Sezon 34. BölümAltyazılı13.08.202552 dk. - https://diziyiizle2.com/konusanlar-3/3-sezon-34-bolum/
📺 Bölüm bulundu: 3. Sezon 35. BölümAltyazılı13.08.202549 dk. - https://diziyiizle2.com/konusanlar-3/3-sezon-35-bolum/
📺 Bölüm bulundu: 3. Sezon 36. BölümAltyazılı13.08.2025 - https://diziyiizle2.com/konusanlar-3/3-sezon-36-bolum/
📺 Bölüm bulundu: 3. Sezon 37. BölümAltyazılı13.08.202549 dk. - https://diziyiizle2.com/konusanlar-3/3-sezon-37-bolum/
📺 Bölüm bulundu: 3. Sezon 38. BölümAltyazılı13.08.202553 dk. - https://diziyiizle2.com/konusanlar-3/3-sezon-38-bolum/
📺 Bölüm bulundu: 4. Sezon 1. BölümDual13.08.202547 dk. - https://diziyiizle2.com/konusanlar-3/4-sezon-1-bolum/
📺 Bölüm bulundu: 4. Sezon 2. BölümDual13.08.202546 dk. - https://diziyiizle2.com/konusanlar-3/4-sezon-2-bolum/
📺 Bölüm bulundu: 4. Sezon 3. BölümDual13.08.202546 dk. - https://diziyiizle2.com/konusanlar-3/4-sezon-3-bolum/
📺 Bölüm bulundu: 4. Sezon 4. BölümDual13.08.202549 dk. - https://diziyiizle2.com/konusanlar-3/4-sezon-4-bolum/
📺 Bölüm bulundu: 4. Sezon 5. BölümDual13.08.202546 dk. - https://diziyiizle2.com/konusanlar-3/4-sezon-5-bolum/
📺 Bölüm bulundu: 4. Sezon 6. BölümDual13.08.202545 dk. - https://diziyiizle2.com/konusanlar-3/4-sezon-6-bolum/
📺 Bölüm bulundu: 4. Sezon 7. BölümDual13.08.202555 dk. - https://diziyiizle2.com/konusanlar-3/4-sezon-7-bolum/
📺 Bölüm bulundu: 4. Sezon 8. BölümDual13.08.202548 dk. - https://diziyiizle2.com/konusanlar-3/4-sezon-8-bolum/
📺 Bölüm bulundu: 4. Sezon 9. BölümDual13.08.202552 dk. - https://diziyiizle2.com/konusanlar-3/4-sezon-9-bolum/
📺 Bölüm bulundu: 4. Sezon 10. BölümDual13.08.202556 dk. - https://diziyiizle2.com/konusanlar-3/4-sezon-10-bolum/
📺 Bölüm bulundu: 4. Sezon 11. BölümDual13.08.202550 dk. - https://diziyiizle2.com/konusanlar-3/4-sezon-11-bolum/
📺 Bölüm bulundu: 4. Sezon 12. BölümDual13.08.202545 dk. - https://diziyiizle2.com/konusanlar-3/4-sezon-12-bolum/
📺 Bölüm bulundu: 4. Sezon 13. BölümDual13.08.202546 dk. - https://diziyiizle2.com/konusanlar-3/4-sezon-13-bolum/
📺 Bölüm bulundu: 4. Sezon 14. BölümDual13.08.202550 dk. - https://diziyiizle2.com/konusanlar-3/4-sezon-14-bolum/
📺 Bölüm bulundu: 4. Sezon 15. BölümDual13.08.202544 dk. - https://diziyiizle2.com/konusanlar-3/4-sezon-15-bolum/
📺 Bölüm bulundu: 4. Sezon 16. BölümDual13.08.202546 dk. - https://diziyiizle2.com/konusanlar-3/4-sezon-16-bolum/
📺 Bölüm bulundu: 4. Sezon 17. BölümDual13.08.202551 dk. - https://diziyiizle2.com/konusanlar-3/4-sezon-17-bolum/
📺 Bölüm bulundu: 4. Sezon 18. BölümDual13.08.202544 dk. - https://diziyiizle2.com/konusanlar-3/4-sezon-18-bolum/
📺 Bölüm bulundu: 4. Sezon 19. BölümDual13.08.202544 dk. - https://diziyiizle2.com/konusanlar-3/4-sezon-19-bolum/
📺 Bölüm bulundu: 4. Sezon 20. BölümDual13.08.202541 dk. - https://diziyiizle2.com/konusanlar-3/4-sezon-20-bolum/
📺 Bölüm bulundu: 4. Sezon 21. BölümDual13.08.202547 dk. - https://diziyiizle2.com/konusanlar-3/4-sezon-21-bolum/
📺 Bölüm bulundu: 4. Sezon 22. BölümDual13.08.202550 dk. - https://diziyiizle2.com/konusanlar-3/4-sezon-22-bolum/
📺 Bölüm bulundu: 4. Sezon 23. BölümDual13.08.202548 dk. - https://diziyiizle2.com/konusanlar-3/4-sezon-23-bolum/
📺 Bölüm bulundu: 4. Sezon 24. BölümDual13.08.202557 dk. - https://diziyiizle2.com/konusanlar-3/4-sezon-24-bolum/
📺 Bölüm bulundu: 4. Sezon 25. BölümDual13.08.202550 dk. - https://diziyiizle2.com/konusanlar-3/4-sezon-25-bolum/
📺 Bölüm bulundu: 4. Sezon 26. BölümDual13.08.202541 dk. - https://diziyiizle2.com/konusanlar-3/4-sezon-26-bolum/
📺 Bölüm bulundu: 4. Sezon 27. BölümDual13.08.202549 dk. - https://diziyiizle2.com/konusanlar-3/4-sezon-27-bolum/
📺 Bölüm bulundu: 4. Sezon 28. BölümDual13.08.202547 dk. - https://diziyiizle2.com/konusanlar-3/4-sezon-28-bolum/
📺 Bölüm bulundu: 4. Sezon 29. BölümDual13.08.202555 dk. - https://diziyiizle2.com/konusanlar-3/4-sezon-29-bolum/
📺 Bölüm bulundu: 4. Sezon 30. BölümDual13.08.2025 - https://diziyiizle2.com/konusanlar-3/4-sezon-30-bolum/
📺 Bölüm bulundu: 4. Sezon 31. BölümDual13.08.202545 dk. - https://diziyiizle2.com/konusanlar-3/4-sezon-31-bolum/
📺 Bölüm bulundu: 4. Sezon 32. BölümDual13.08.202548 dk. - https://diziyiizle2.com/konusanlar-3/4-sezon-32-bolum/
📺 Bölüm bulundu: 4. Sezon 33. BölümAltyazılı13.08.202545 dk. - https://diziyiizle2.com/konusanlar-3/4-sezon-33-bolum/
📺 Bölüm bulundu: 4. Sezon 34. BölümAltyazılı13.08.202559 dk. - https://diziyiizle2.com/konusanlar-3/4-sezon-34-bolum/
📺 Bölüm bulundu: 4. Sezon 35. BölümAltyazılı13.08.202539 dk. - https://diziyiizle2.com/konusanlar-3/4-sezon-35-bolum/
📺 Bölüm bulundu: 4. Sezon 36. BölümAltyazılı13.08.202557 dk. - https://diziyiizle2.com/konusanlar-3/4-sezon-36-bolum/
📺 Bölüm bulundu: 4. Sezon 37. BölümAltyazılı13.08.202551 dk. - https://diziyiizle2.com/konusanlar-3/4-sezon-37-bolum/
📺 Bölüm bulundu: 4. Sezon 38. BölümAltyazılı13.08.202547 dk. - https://diziyiizle2.com/konusanlar-3/4-sezon-38-bolum/
📺 Bölüm bulundu: 4. Sezon 39. BölümAltyazılı13.08.202546 dk. - https://diziyiizle2.com/konusanlar-3/4-sezon-39-bolum/
📺 Bölüm bulundu: 4. Sezon 40. BölümAltyazılı13.08.202553 dk. - https://diziyiizle2.com/konusanlar-3/4-sezon-40-bolum/
📺 Bölüm bulundu: 5. Sezon 1. BölümDual19.09.202549 dk. - https://diziyiizle2.com/konusanlar-3/5-sezon-1-bolum/
📺 Bölüm bulundu: 5. Sezon 2. BölümAltyazılı13.08.202548 dk. - https://diziyiizle2.com/konusanlar-3/5-sezon-2-bolum/
📺 Bölüm bulundu: 5. Sezon 3. BölümAltyazılı13.08.202553 dk. - https://diziyiizle2.com/konusanlar-3/5-sezon-3-bolum/
📺 Bölüm bulundu: 5. Sezon 4. BölümAltyazılı13.08.202563 dk. - https://diziyiizle2.com/konusanlar-3/5-sezon-4-bolum/
📺 Bölüm bulundu: 5. Sezon 5. BölümAltyazılı13.08.202540 dk. - https://diziyiizle2.com/konusanlar-3/5-sezon-5-bolum/
📺 Bölüm bulundu: 5. Sezon 6. BölümAltyazılı13.08.202539 dk. - https://diziyiizle2.com/konusanlar-3/5-sezon-6-bolum/
📺 Bölüm bulundu: 5. Sezon 7. BölümAltyazılı13.08.202553 dk. - https://diziyiizle2.com/konusanlar-3/5-sezon-7-bolum/
📺 Bölüm bulundu: 5. Sezon 8. BölümAltyazılı13.08.202559 dk. - https://diziyiizle2.com/konusanlar-3/5-sezon-8-bolum/
📺 Bölüm bulundu: 5. Sezon 9. BölümAltyazılı13.08.202544 dk. - https://diziyiizle2.com/konusanlar-3/5-sezon-9-bolum/
📺 Bölüm bulundu: 5. Sezon 10. BölümAltyazılı13.08.202556 dk. - https://diziyiizle2.com/konusanlar-3/5-sezon-10-bolum/
📺 Bölüm bulundu: 5. Sezon 11. BölümAltyazılı13.08.202571 dk. - https://diziyiizle2.com/konusanlar-3/5-sezon-11-bolum/
📺 Bölüm bulundu: 5. Sezon 12. BölümAltyazılı13.08.202563 dk. - https://diziyiizle2.com/konusanlar-3/5-sezon-12-bolum/
📺 Bölüm bulundu: 5. Sezon 13. BölümAltyazılı13.08.202547 dk. - https://diziyiizle2.com/konusanlar-3/5-sezon-13-bolum/
📺 Bölüm bulundu: 5. Sezon 14. BölümAltyazılı13.08.202555 dk. - https://diziyiizle2.com/konusanlar-3/5-sezon-14-bolum/
📺 Bölüm bulundu: 5. Sezon 15. BölümAltyazılı13.08.202553 dk. - https://diziyiizle2.com/konusanlar-3/5-sezon-15-bolum/
📺 Bölüm bulundu: 5. Sezon 16. BölümAltyazılı13.08.202547 dk. - https://diziyiizle2.com/konusanlar-3/5-sezon-16-bolum/
📺 Bölüm bulundu: 5. Sezon 17. BölümAltyazılı13.08.202548 dk. - https://diziyiizle2.com/konusanlar-3/5-sezon-17-bolum/
📺 Bölüm bulundu: 5. Sezon 18. BölümAltyazılı13.08.202549 dk. - https://diziyiizle2.com/konusanlar-3/5-sezon-18-bolum/
📺 Bölüm bulundu: 5. Sezon 19. BölümAltyazılı13.08.202546 dk. - https://diziyiizle2.com/konusanlar-3/5-sezon-19-bolum/
📺 Bölüm bulundu: 5. Sezon 20. BölümAltyazılı13.08.202539 dk. - https://diziyiizle2.com/konusanlar-3/5-sezon-20-bolum/
📺 Bölüm bulundu: 5. Sezon 21. BölümAltyazılı13.08.202565 dk. - https://diziyiizle2.com/konusanlar-3/5-sezon-21-bolum/
📺 Bölüm bulundu: 5. Sezon 22. BölümAltyazılı13.08.202537 dk. - https://diziyiizle2.com/konusanlar-3/5-sezon-22-bolum/
📺 Bölüm bulundu: 5. Sezon 23. BölümAltyazılı13.08.202547 dk. - https://diziyiizle2.com/konusanlar-3/5-sezon-23-bolum/
📺 Bölüm bulundu: 5. Sezon 24. BölümAltyazılı13.08.202540 dk. - https://diziyiizle2.com/konusanlar-3/5-sezon-24-bolum/
📺 Bölüm bulundu: 5. Sezon 25. BölümAltyazılı13.08.202568 dk. - https://diziyiizle2.com/konusanlar-3/5-sezon-25-bolum/
📺 Bölüm bulundu: 5. Sezon 26. BölümAltyazılı13.08.202551 dk. - https://diziyiizle2.com/konusanlar-3/5-sezon-26-bolum/
📺 Bölüm bulundu: 5. Sezon 27. BölümAltyazılı13.08.202546 dk. - https://diziyiizle2.com/konusanlar-3/5-sezon-27-bolum/
📺 Bölüm bulundu: 5. Sezon 28. BölümAltyazılı13.08.202554 dk. - https://diziyiizle2.com/konusanlar-3/5-sezon-28-bolum/
📺 Bölüm bulundu: 5. Sezon 29. BölümAltyazılı13.08.202554 dk. - https://diziyiizle2.com/konusanlar-3/5-sezon-29-bolum/
📺 Bölüm bulundu: 5. Sezon 30. BölümAltyazılı13.08.202557 dk. - https://diziyiizle2.com/konusanlar-3/5-sezon-30-bolum/
📺 Bölüm bulundu: 5. Sezon 31. BölümAltyazılı13.08.202558 dk. - https://diziyiizle2.com/konusanlar-3/5-sezon-31-bolum/
📺 Bölüm bulundu: 5. Sezon 32. BölümAltyazılı13.08.202561 dk. - https://diziyiizle2.com/konusanlar-3/5-sezon-32-bolum/

📊 Toplam 213 bölüm bulundu
   🔍 [1/213] Bölüm: https://diziyiizle2.com/konusanlar-3/1-sezon-1-bolum/
📺 Embed URL bulundu: https://vidlax.xyz/embed/7e78fd02c91b2c03
🔍 Embed URL kontrol ediliyor: https://vidlax.xyz/embed/7e78fd02c91b2c03
❌ Embed URL kontrol hatası (https://vidlax.xyz/embed/7e78fd02c91b2c03): 404 Client Error: Not Found for url: https://vidlax.xyz/embed/7e78fd02c91b2c03

🔍 Vidlax direkt analizi: https://vidlax.xyz/embed/7e78fd02c91b2c03
Vidlax analiz hatası: 404 Client Error: Not Found for url: https://vidlax.xyz/embed/7e78fd02c91b2c03

🔍 Vidlax direkt analizi: https://diziyiizle2.com/konusanlar-3/1-sezon-1-bolum/
📄 Sayfa içeriği alındı: 360149 karakter
❌ m3u8 URL'si bulunamadı
      ❌ m3u8 bulunamadı
   🔍 [2/213] Bölüm: https://diziyiizle2.com/konusanlar-3/1-sezon-2-bolum/
📺 Embed URL bulundu: https://vidlax.xyz/embed/ca742e8bd3ad67ad
🔍 Embed URL kontrol ediliyor: https://vidlax.xyz/embed/ca742e8bd3ad67ad
❌ Embed URL kontrol hatası (https://vidlax.xyz/embed/ca742e8bd3ad67ad): 404 Client Error: Not Found for url: https://vidlax.xyz/embed/ca742e8bd3ad67ad

🔍 Vidlax direkt analizi: https://vidlax.xyz/embed/ca742e8bd3ad67ad
Vidlax analiz hatası: 404 Client Error: Not Found for url: https://vidlax.xyz/embed/ca742e8bd3ad67ad

🔍 Vidlax direkt analizi: https://diziyiizle2.com/konusanlar-3/1-sezon-2-bolum/
📄 Sayfa içeriği alındı: 360070 karakter
❌ m3u8 URL'si bulunamadı
      ❌ m3u8 bulunamadı
   🔍 [3/213] Bölüm: https://diziyiizle2.com/konusanlar-3/1-sezon-3-bolum/
📺 Embed URL bulundu: https://vidlax.xyz/embed/448a0da0193167e2
🔍 Embed URL kontrol ediliyor: https://vidlax.xyz/embed/448a0da0193167e2
❌ Embed URL kontrol hatası (https://vidlax.xyz/embed/448a0da0193167e2): 404 Client Error: Not Found for url: https://vidlax.xyz/embed/448a0da0193167e2

🔍 Vidlax direkt analizi: https://vidlax.xyz/embed/448a0da0193167e2
Vidlax analiz hatası: 404 Client Error: Not Found for url: https://vidlax.xyz/embed/448a0da0193167e2

🔍 Vidlax direkt analizi: https://diziyiizle2.com/konusanlar-3/1-sezon-3-bolum/
📄 Sayfa içeriği alındı: 360219 karakter
❌ m3u8 URL'si bulunamadı
      ❌ m3u8 bulunamadı
   🔍 [4/213] Bölüm: https://diziyiizle2.com/konusanlar-3/1-sezon-4-bolum/
📺 Embed URL bulundu: https://vidlax.xyz/embed/09dcaf4b558701d8
🔍 Embed URL kontrol ediliyor: https://vidlax.xyz/embed/09dcaf4b558701d8
❌ Embed URL kontrol hatası (https://vidlax.xyz/embed/09dcaf4b558701d8): 404 Client Error: Not Found for url: https://vidlax.xyz/embed/09dcaf4b558701d8

🔍 Vidlax direkt analizi: https://vidlax.xyz/embed/09dcaf4b558701d8
Vidlax analiz hatası: 404 Client Error: Not Found for url: https://vidlax.xyz/embed/09dcaf4b558701d8

🔍 Vidlax direkt analizi: https://diziyiizle2.com/konusanlar-3/1-sezon-4-bolum/
📄 Sayfa içeriği alındı: 360012 karakter
❌ m3u8 URL'si bulunamadı
      ❌ m3u8 bulunamadı
   🔍 [5/213] Bölüm: https://diziyiizle2.com/konusanlar-3/1-sezon-5-bolum/
📺 Embed URL bulundu: https://vidlax.xyz/embed/1ad2f506c76dcffd
🔍 Embed URL kontrol ediliyor: https://vidlax.xyz/embed/1ad2f506c76dcffd
❌ Embed URL kontrol hatası (https://vidlax.xyz/embed/1ad2f506c76dcffd): 404 Client Error: Not Found for url: https://vidlax.xyz/embed/1ad2f506c76dcffd

🔍 Vidlax direkt analizi: https://vidlax.xyz/embed/1ad2f506c76dcffd
Vidlax analiz hatası: 404 Client Error: Not Found for url: https://vidlax.xyz/embed/1ad2f506c76dcffd

🔍 Vidlax direkt analizi: https://diziyiizle2.com/konusanlar-3/1-sezon-5-bolum/
📄 Sayfa içeriği alındı: 360053 karakter
❌ m3u8 URL'si bulunamadı
      ❌ m3u8 bulunamadı
   🔍 [6/213] Bölüm: https://diziyiizle2.com/konusanlar-3/1-sezon-6-bolum/
📺 Embed URL bulundu: https://vidlax.xyz/embed/d72a3bff3ec73944
🔍 Embed URL kontrol ediliyor: https://vidlax.xyz/embed/d72a3bff3ec73944
❌ Embed URL kontrol hatası (https://vidlax.xyz/embed/d72a3bff3ec73944): 404 Client Error: Not Found for url: https://vidlax.xyz/embed/d72a3bff3ec73944

🔍 Vidlax direkt analizi: https://vidlax.xyz/embed/d72a3bff3ec73944
Vidlax analiz hatası: 404 Client Error: Not Found for url: https://vidlax.xyz/embed/d72a3bff3ec73944

🔍 Vidlax direkt analizi: https://diziyiizle2.com/konusanlar-3/1-sezon-6-bolum/
📄 Sayfa içeriği alındı: 360011 karakter
❌ m3u8 URL'si bulunamadı
      ❌ m3u8 bulunamadı
   🔍 [7/213] Bölüm: https://diziyiizle2.com/konusanlar-3/1-sezon-7-bolum/
📺 Embed URL bulundu: https://vidlax.xyz/embed/fac8124e73bcbd99
🔍 Embed URL kontrol ediliyor: https://vidlax.xyz/embed/fac8124e73bcbd99
❌ Embed URL kontrol hatası (https://vidlax.xyz/embed/fac8124e73bcbd99): 404 Client Error: Not Found for url: https://vidlax.xyz/embed/fac8124e73bcbd99

🔍 Vidlax direkt analizi: https://vidlax.xyz/embed/fac8124e73bcbd99
Vidlax analiz hatası: 404 Client Error: Not Found for url: https://vidlax.xyz/embed/fac8124e73bcbd99

🔍 Vidlax direkt analizi: https://diziyiizle2.com/konusanlar-3/1-sezon-7-bolum/
📄 Sayfa içeriği alındı: 360078 karakter
❌ m3u8 URL'si bulunamadı
      ❌ m3u8 bulunamadı
   🔍 [8/213] Bölüm: https://diziyiizle2.com/konusanlar-3/1-sezon-8-bolum/
📺 Embed URL bulundu: https://vidlax.xyz/embed/226051df9426e525
🔍 Embed URL kontrol ediliyor: https://vidlax.xyz/embed/226051df9426e525
❌ Embed URL kontrol hatası (https://vidlax.xyz/embed/226051df9426e525): 404 Client Error: Not Found for url: https://vidlax.xyz/embed/226051df9426e525

🔍 Vidlax direkt analizi: https://vidlax.xyz/embed/226051df9426e525
Vidlax analiz hatası: 404 Client Error: Not Found for url: https://vidlax.xyz/embed/226051df9426e525

🔍 Vidlax direkt analizi: https://diziyiizle2.com/konusanlar-3/1-sezon-8-bolum/
📄 Sayfa içeriği alındı: 359983 karakter
❌ m3u8 URL'si bulunamadı
      ❌ m3u8 bulunamadı
   🔍 [9/213] Bölüm: https://diziyiizle2.com/konusanlar-3/1-sezon-9-bolum/
📺 Embed URL bulundu: https://vidlax.xyz/embed/2a8f27d26f962e02
🔍 Embed URL kontrol ediliyor: https://vidlax.xyz/embed/2a8f27d26f962e02
❌ Embed URL kontrol hatası (https://vidlax.xyz/embed/2a8f27d26f962e02): 404 Client Error: Not Found for url: https://vidlax.xyz/embed/2a8f27d26f962e02

🔍 Vidlax direkt analizi: https://vidlax.xyz/embed/2a8f27d26f962e02
Vidlax analiz hatası: 404 Client Error: Not Found for url: https://vidlax.xyz/embed/2a8f27d26f962e02

🔍 Vidlax direkt analizi: https://diziyiizle2.com/konusanlar-3/1-sezon-9-bolum/
📄 Sayfa içeriği alındı: 360206 karakter
❌ m3u8 URL'si bulunamadı
      ❌ m3u8 bulunamadı
   🔍 [10/213] Bölüm: https://diziyiizle2.com/konusanlar-3/1-sezon-10-bolum/
📺 Embed URL bulundu: https://vidlax.xyz/embed/e5d490503c70fd29
🔍 Embed URL kontrol ediliyor: https://vidlax.xyz/embed/e5d490503c70fd29
❌ Embed URL kontrol hatası (https://vidlax.xyz/embed/e5d490503c70fd29): 404 Client Error: Not Found for url: https://vidlax.xyz/embed/e5d490503c70fd29

🔍 Vidlax direkt analizi: https://vidlax.xyz/embed/e5d490503c70fd29
Vidlax analiz hatası: 404 Client Error: Not Found for url: https://vidlax.xyz/embed/e5d490503c70fd29

🔍 Vidlax direkt analizi: https://diziyiizle2.com/konusanlar-3/1-sezon-10-bolum/
📄 Sayfa içeriği alındı: 360053 karakter
❌ m3u8 URL'si bulunamadı
      ❌ m3u8 bulunamadı
   🔍 [11/213] Bölüm: https://diziyiizle2.com/konusanlar-3/1-sezon-11-bolum/
📺 Embed URL bulundu: https://vidlax.xyz/embed/80d0213cd95ed4e5
🔍 Embed URL kontrol ediliyor: https://vidlax.xyz/embed/80d0213cd95ed4e5
❌ Embed URL kontrol hatası (https://vidlax.xyz/embed/80d0213cd95ed4e5): 404 Client Error: Not Found for url: https://vidlax.xyz/embed/80d0213cd95ed4e5

🔍 Vidlax direkt analizi: https://vidlax.xyz/embed/80d0213cd95ed4e5
Vidlax analiz hatası: 404 Client Error: Not Found for url: https://vidlax.xyz/embed/80d0213cd95ed4e5

🔍 Vidlax direkt analizi: https://diziyiizle2.com/konusanlar-3/1-sezon-11-bolum/
📄 Sayfa içeriği alındı: 359989 karakter
❌ m3u8 URL'si bulunamadı
      ❌ m3u8 bulunamadı
   🔍 [12/213] Bölüm: https://diziyiizle2.com/konusanlar-3/1-sezon-12-bolum/
📺 Embed URL bulundu: https://vidlax.xyz/embed/390e3248e2cdc01b
🔍 Embed URL kontrol ediliyor: https://vidlax.xyz/embed/390e3248e2cdc01b
❌ Embed URL kontrol hatası (https://vidlax.xyz/embed/390e3248e2cdc01b): 404 Client Error: Not Found for url: https://vidlax.xyz/embed/390e3248e2cdc01b

🔍 Vidlax direkt analizi: https://vidlax.xyz/embed/390e3248e2cdc01b
Vidlax analiz hatası: 404 Client Error: Not Found for url: https://vidlax.xyz/embed/390e3248e2cdc01b

🔍 Vidlax direkt analizi: https://diziyiizle2.com/konusanlar-3/1-sezon-12-bolum/
📄 Sayfa içeriği alındı: 360001 karakter
❌ m3u8 URL'si bulunamadı
      ❌ m3u8 bulunamadı
   🔍 [13/213] Bölüm: https://diziyiizle2.com/konusanlar-3/1-sezon-13-bolum/
📺 Embed URL bulundu: https://vidlax.xyz/embed/5db12d9e3c1ab636
🔍 Embed URL kontrol ediliyor: https://vidlax.xyz/embed/5db12d9e3c1ab636
❌ Embed URL kontrol hatası (https://vidlax.xyz/embed/5db12d9e3c1ab636): 404 Client Error: Not Found for url: https://vidlax.xyz/embed/5db12d9e3c1ab636

🔍 Vidlax direkt analizi: https://vidlax.xyz/embed/5db12d9e3c1ab636
Vidlax analiz hatası: 404 Client Error: Not Found for url: https://vidlax.xyz/embed/5db12d9e3c1ab636

🔍 Vidlax direkt analizi: https://diziyiizle2.com/konusanlar-3/1-sezon-13-bolum/
📄 Sayfa içeriği alındı: 360049 karakter
❌ m3u8 URL'si bulunamadı
      ❌ m3u8 bulunamadı
   🔍 [14/213] Bölüm: https://diziyiizle2.com/konusanlar-3/1-sezon-14-bolum/
📺 Embed URL bulundu: https://vidlax.xyz/embed/4e807a8d01be264f
🔍 Embed URL kontrol ediliyor: https://vidlax.xyz/embed/4e807a8d01be264f
❌ Embed URL kontrol hatası (https://vidlax.xyz/embed/4e807a8d01be264f): 404 Client Error: Not Found for url: https://vidlax.xyz/embed/4e807a8d01be264f

🔍 Vidlax direkt analizi: https://vidlax.xyz/embed/4e807a8d01be264f
Vidlax analiz hatası: 404 Client Error: Not Found for url: https://vidlax.xyz/embed/4e807a8d01be264f

🔍 Vidlax direkt analizi: https://diziyiizle2.com/konusanlar-3/1-sezon-14-bolum/
📄 Sayfa içeriği alındı: 360121 karakter
❌ m3u8 URL'si bulunamadı
      ❌ m3u8 bulunamadı
   🔍 [15/213] Bölüm: https://diziyiizle2.com/konusanlar-3/1-sezon-15-bolum/
📺 Embed URL bulundu: https://vidlax.xyz/embed/a6b28ce7992e137d
🔍 Embed URL kontrol ediliyor: https://vidlax.xyz/embed/a6b28ce7992e137d
❌ Embed URL kontrol hatası (https://vidlax.xyz/embed/a6b28ce7992e137d): 404 Client Error: Not Found for url: https://vidlax.xyz/embed/a6b28ce7992e137d

🔍 Vidlax direkt analizi: https://vidlax.xyz/embed/a6b28ce7992e137d
Vidlax analiz hatası: 404 Client Error: Not Found for url: https://vidlax.xyz/embed/a6b28ce7992e137d

🔍 Vidlax direkt analizi: https://diziyiizle2.com/konusanlar-3/1-sezon-15-bolum/
📄 Sayfa içeriği alındı: 359984 karakter
❌ m3u8 URL'si bulunamadı
      ❌ m3u8 bulunamadı
   🔍 [16/213] Bölüm: https://diziyiizle2.com/konusanlar-3/1-sezon-16-bolum/
📺 Embed URL bulundu: https://vidlax.xyz/embed/29a070b04940e0e6
🔍 Embed URL kontrol ediliyor: https://vidlax.xyz/embed/29a070b04940e0e6
❌ Embed URL kontrol hatası (https://vidlax.xyz/embed/29a070b04940e0e6): 404 Client Error: Not Found for url: https://vidlax.xyz/embed/29a070b04940e0e6

🔍 Vidlax direkt analizi: https://vidlax.xyz/embed/29a070b04940e0e6
Vidlax analiz hatası: 404 Client Error: Not Found for url: https://vidlax.xyz/embed/29a070b04940e0e6

🔍 Vidlax direkt analizi: https://diziyiizle2.com/konusanlar-3/1-sezon-16-bolum/
📄 Sayfa içeriği alındı: 360160 karakter
❌ m3u8 URL'si bulunamadı
      ❌ m3u8 bulunamadı
   🔍 [17/213] Bölüm: https://diziyiizle2.com/konusanlar-3/1-sezon-17-bolum/
📺 Embed URL bulundu: https://vidlax.xyz/embed/bc01713b1df6af56
🔍 Embed URL kontrol ediliyor: https://vidlax.xyz/embed/bc01713b1df6af56
❌ Embed URL kontrol hatası (https://vidlax.xyz/embed/bc01713b1df6af56): 404 Client Error: Not Found for url: https://vidlax.xyz/embed/bc01713b1df6af56

🔍 Vidlax direkt analizi: https://vidlax.xyz/embed/bc01713b1df6af56
Vidlax analiz hatası: 404 Client Error: Not Found for url: https://vidlax.xyz/embed/bc01713b1df6af56

🔍 Vidlax direkt analizi: https://diziyiizle2.com/konusanlar-3/1-sezon-17-bolum/
📄 Sayfa içeriği alındı: 359965 karakter
❌ m3u8 URL'si bulunamadı
      ❌ m3u8 bulunamadı
   🔍 [18/213] Bölüm: https://diziyiizle2.com/konusanlar-3/1-sezon-18-bolum/
📺 Embed URL bulundu: https://vidlax.xyz/embed/93f73b07096e4873
🔍 Embed URL kontrol ediliyor: https://vidlax.xyz/embed/93f73b07096e4873
❌ Embed URL kontrol hatası (https://vidlax.xyz/embed/93f73b07096e4873): 404 Client Error: Not Found for url: https://vidlax.xyz/embed/93f73b07096e4873

🔍 Vidlax direkt analizi: https://vidlax.xyz/embed/93f73b07096e4873
Vidlax analiz hatası: 404 Client Error: Not Found for url: https://vidlax.xyz/embed/93f73b07096e4873

🔍 Vidlax direkt analizi: https://diziyiizle2.com/konusanlar-3/1-sezon-18-bolum/
📄 Sayfa içeriği alındı: 360106 karakter
❌ m3u8 URL'si bulunamadı
      ❌ m3u8 bulunamadı
   🔍 [19/213] Bölüm: https://diziyiizle2.com/konusanlar-3/1-sezon-19-bolum/
📺 Embed URL bulundu: https://vidlax.xyz/embed/797b69a249ef0b71
🔍 Embed URL kontrol ediliyor: https://vidlax.xyz/embed/797b69a249ef0b71
❌ Embed URL kontrol hatası (https://vidlax.xyz/embed/797b69a249ef0b71): 404 Client Error: Not Found for url: https://vidlax.xyz/embed/797b69a249ef0b71

🔍 Vidlax direkt analizi: https://vidlax.xyz/embed/797b69a249ef0b71
Vidlax analiz hatası: 404 Client Error: Not Found for url: https://vidlax.xyz/embed/797b69a249ef0b71

🔍 Vidlax direkt analizi: https://diziyiizle2.com/konusanlar-3/1-sezon-19-bolum/
📄 Sayfa içeriği alındı: 360048 karakter
❌ m3u8 URL'si bulunamadı
      ❌ m3u8 bulunamadı
   🔍 [20/213] Bölüm: https://diziyiizle2.com/konusanlar-3/1-sezon-20-bolum/
📺 Embed URL bulundu: https://vidlax.xyz/embed/5a498d3abeb37e72
🔍 Embed URL kontrol ediliyor: https://vidlax.xyz/embed/5a498d3abeb37e72
❌ Embed URL kontrol hatası (https://vidlax.xyz/embed/5a498d3abeb37e72): 404 Client Error: Not Found for url: https://vidlax.xyz/embed/5a498d3abeb37e72

🔍 Vidlax direkt analizi: https://vidlax.xyz/embed/5a498d3abeb37e72
Vidlax analiz hatası: 404 Client Error: Not Found for url: https://vidlax.xyz/embed/5a498d3abeb37e72

🔍 Vidlax direkt analizi: https://diziyiizle2.com/konusanlar-3/1-sezon-20-bolum/
📄 Sayfa içeriği alındı: 360032 karakter
❌ m3u8 URL'si bulunamadı
      ❌ m3u8 bulunamadı
   🔍 [21/213] Bölüm: https://diziyiizle2.com/konusanlar-3/1-sezon-21-bolum/
📺 Embed URL bulundu: https://vidlax.xyz/embed/1279e11f79f8a35e
🔍 Embed URL kontrol ediliyor: https://vidlax.xyz/embed/1279e11f79f8a35e
❌ Embed URL kontrol hatası (https://vidlax.xyz/embed/1279e11f79f8a35e): 404 Client Error: Not Found for url: https://vidlax.xyz/embed/1279e11f79f8a35e

🔍 Vidlax direkt analizi: https://vidlax.xyz/embed/1279e11f79f8a35e
Vidlax analiz hatası: 404 Client Error: Not Found for url: https://vidlax.xyz/embed/1279e11f79f8a35e

🔍 Vidlax direkt analizi: https://diziyiizle2.com/konusanlar-3/1-sezon-21-bolum/
📄 Sayfa içeriği alındı: 360169 karakter
❌ m3u8 URL'si bulunamadı
      ❌ m3u8 bulunamadı
   🔍 [22/213] Bölüm: https://diziyiizle2.com/konusanlar-3/1-sezon-22-bolum/
📺 Embed URL bulundu: https://vidlax.xyz/embed/a27811f581cef259
🔍 Embed URL kontrol ediliyor: https://vidlax.xyz/embed/a27811f581cef259
❌ Embed URL kontrol hatası (https://vidlax.xyz/embed/a27811f581cef259): 404 Client Error: Not Found for url: https://vidlax.xyz/embed/a27811f581cef259

🔍 Vidlax direkt analizi: https://vidlax.xyz/embed/a27811f581cef259
Vidlax analiz hatası: 404 Client Error: Not Found for url: https://vidlax.xyz/embed/a27811f581cef259

🔍 Vidlax direkt analizi: https://diziyiizle2.com/konusanlar-3/1-sezon-22-bolum/
📄 Sayfa içeriği alındı: 360082 karakter
❌ m3u8 URL'si bulunamadı
      ❌ m3u8 bulunamadı
   🔍 [23/213] Bölüm: https://diziyiizle2.com/konusanlar-3/1-sezon-23-bolum/
📺 Embed URL bulundu: https://vidlax.xyz/embed/5d8d16c1986eb7b4
🔍 Embed URL kontrol ediliyor: https://vidlax.xyz/embed/5d8d16c1986eb7b4
❌ Embed URL kontrol hatası (https://vidlax.xyz/embed/5d8d16c1986eb7b4): 404 Client Error: Not Found for url: https://vidlax.xyz/embed/5d8d16c1986eb7b4

🔍 Vidlax direkt analizi: https://vidlax.xyz/embed/5d8d16c1986eb7b4
Vidlax analiz hatası: 404 Client Error: Not Found for url: https://vidlax.xyz/embed/5d8d16c1986eb7b4

🔍 Vidlax direkt analizi: https://diziyiizle2.com/konusanlar-3/1-sezon-23-bolum/
📄 Sayfa içeriği alındı: 359989 karakter
❌ m3u8 URL'si bulunamadı
      ❌ m3u8 bulunamadı
   🔍 [24/213] Bölüm: https://diziyiizle2.com/konusanlar-3/1-sezon-24-bolum/
📺 Embed URL bulundu: https://vidlax.xyz/embed/e1dcac4681cdd416
🔍 Embed URL kontrol ediliyor: https://vidlax.xyz/embed/e1dcac4681cdd416
❌ Embed URL kontrol hatası (https://vidlax.xyz/embed/e1dcac4681cdd416): 404 Client Error: Not Found for url: https://vidlax.xyz/embed/e1dcac4681cdd416

🔍 Vidlax direkt analizi: https://vidlax.xyz/embed/e1dcac4681cdd416
Vidlax analiz hatası: 404 Client Error: Not Found for url: https://vidlax.xyz/embed/e1dcac4681cdd416

🔍 Vidlax direkt analizi: https://diziyiizle2.com/konusanlar-3/1-sezon-24-bolum/
📄 Sayfa içeriği alındı: 360109 karakter
❌ m3u8 URL'si bulunamadı
      ❌ m3u8 bulunamadı
   🔍 [25/213] Bölüm: https://diziyiizle2.com/konusanlar-3/1-sezon-25-bolum/
📺 Embed URL bulundu: https://vidlax.xyz/embed/9bef83d780e77c5b
🔍 Embed URL kontrol ediliyor: https://vidlax.xyz/embed/9bef83d780e77c5b
❌ Embed URL kontrol hatası (https://vidlax.xyz/embed/9bef83d780e77c5b): 404 Client Error: Not Found for url: https://vidlax.xyz/embed/9bef83d780e77c5b

🔍 Vidlax direkt analizi: https://vidlax.xyz/embed/9bef83d780e77c5b
Vidlax analiz hatası: 404 Client Error: Not Found for url: https://vidlax.xyz/embed/9bef83d780e77c5b

🔍 Vidlax direkt analizi: https://diziyiizle2.com/konusanlar-3/1-sezon-25-bolum/
📄 Sayfa içeriği alındı: 359949 karakter
❌ m3u8 URL'si bulunamadı
      ❌ m3u8 bulunamadı
   🔍 [26/213] Bölüm: https://diziyiizle2.com/konusanlar-3/1-sezon-26-bolum/
📺 Embed URL bulundu: https://vidlax.xyz/embed/7cb9038ff738b461
🔍 Embed URL kontrol ediliyor: https://vidlax.xyz/embed/7cb9038ff738b461
❌ Embed URL kontrol hatası (https://vidlax.xyz/embed/7cb9038ff738b461): 404 Client Error: Not Found for url: https://vidlax.xyz/embed/7cb9038ff738b461

🔍 Vidlax direkt analizi: https://vidlax.xyz/embed/7cb9038ff738b461
Vidlax analiz hatası: 404 Client Error: Not Found for url: https://vidlax.xyz/embed/7cb9038ff738b461

🔍 Vidlax direkt analizi: https://diziyiizle2.com/konusanlar-3/1-sezon-26-bolum/
📄 Sayfa içeriği alındı: 360013 karakter
❌ m3u8 URL'si bulunamadı
      ❌ m3u8 bulunamadı
   🔍 [27/213] Bölüm: https://diziyiizle2.com/konusanlar-3/1-sezon-27-bolum/
📺 Embed URL bulundu: https://vidlax.xyz/embed/002f53b4d63c1dd1
🔍 Embed URL kontrol ediliyor: https://vidlax.xyz/embed/002f53b4d63c1dd1
❌ Embed URL kontrol hatası (https://vidlax.xyz/embed/002f53b4d63c1dd1): 404 Client Error: Not Found for url: https://vidlax.xyz/embed/002f53b4d63c1dd1

🔍 Vidlax direkt analizi: https://vidlax.xyz/embed/002f53b4d63c1dd1
Vidlax analiz hatası: 404 Client Error: Not Found for url: https://vidlax.xyz/embed/002f53b4d63c1dd1

🔍 Vidlax direkt analizi: https://diziyiizle2.com/konusanlar-3/1-sezon-27-bolum/
📄 Sayfa içeriği alındı: 360192 karakter
❌ m3u8 URL'si bulunamadı
      ❌ m3u8 bulunamadı
   🔍 [28/213] Bölüm: https://diziyiizle2.com/konusanlar-3/1-sezon-28-bolum/
📺 Embed URL bulundu: https://vidlax.xyz/embed/a446fa337ca70485
🔍 Embed URL kontrol ediliyor: https://vidlax.xyz/embed/a446fa337ca70485
❌ Embed URL kontrol hatası (https://vidlax.xyz/embed/a446fa337ca70485): 404 Client Error: Not Found for url: https://vidlax.xyz/embed/a446fa337ca70485

🔍 Vidlax direkt analizi: https://vidlax.xyz/embed/a446fa337ca70485
Vidlax analiz hatası: 404 Client Error: Not Found for url: https://vidlax.xyz/embed/a446fa337ca70485

🔍 Vidlax direkt analizi: https://diziyiizle2.com/konusanlar-3/1-sezon-28-bolum/
📄 Sayfa içeriği alındı: 360093 karakter
❌ m3u8 URL'si bulunamadı
      ❌ m3u8 bulunamadı
   🔍 [29/213] Bölüm: https://diziyiizle2.com/konusanlar-3/1-sezon-29-bolum/
📺 Embed URL bulundu: https://vidlax.xyz/embed/5c9cddf2c8c8e9ec
🔍 Embed URL kontrol ediliyor: https://vidlax.xyz/embed/5c9cddf2c8c8e9ec
❌ Embed URL kontrol hatası (https://vidlax.xyz/embed/5c9cddf2c8c8e9ec): 404 Client Error: Not Found for url: https://vidlax.xyz/embed/5c9cddf2c8c8e9ec

🔍 Vidlax direkt analizi: https://vidlax.xyz/embed/5c9cddf2c8c8e9ec
Vidlax analiz hatası: 404 Client Error: Not Found for url: https://vidlax.xyz/embed/5c9cddf2c8c8e9ec

🔍 Vidlax direkt analizi: https://diziyiizle2.com/konusanlar-3/1-sezon-29-bolum/
📄 Sayfa içeriği alındı: 360040 karakter
❌ m3u8 URL'si bulunamadı
      ❌ m3u8 bulunamadı
   🔍 [30/213] Bölüm: https://diziyiizle2.com/konusanlar-3/1-sezon-30-bolum/

🔍 Vidlax direkt analizi: https://diziyiizle2.com/konusanlar-3/1-sezon-30-bolum/
📄 Sayfa içeriği alındı: 360005 karakter
❌ m3u8 URL'si bulunamadı
      ❌ m3u8 bulunamadı
   🔍 [31/213] Bölüm: https://diziyiizle2.com/konusanlar-3/1-sezon-31-bolum/

🔍 Vidlax direkt analizi: https://diziyiizle2.com/konusanlar-3/1-sezon-31-bolum/
📄 Sayfa içeriği alındı: 359647 karakter
❌ m3u8 URL'si bulunamadı
      ❌ m3u8 bulunamadı
   🔍 [32/213] Bölüm: https://diziyiizle2.com/konusanlar-3/2-sezon-1-bolum/

🔍 Vidlax direkt analizi: https://diziyiizle2.com/konusanlar-3/2-sezon-1-bolum/
📄 Sayfa içeriği alındı: 359981 karakter
❌ m3u8 URL'si bulunamadı
      ❌ m3u8 bulunamadı
   🔍 [33/213] Bölüm: https://diziyiizle2.com/konusanlar-3/2-sezon-2-bolum/
📺 Embed URL bulundu: https://vidlax.xyz/embed/7f44542ad6972791
🔍 Embed URL kontrol ediliyor: https://vidlax.xyz/embed/7f44542ad6972791
❌ Embed URL kontrol hatası (https://vidlax.xyz/embed/7f44542ad6972791): 404 Client Error: Not Found for url: https://vidlax.xyz/embed/7f44542ad6972791

🔍 Vidlax direkt analizi: https://vidlax.xyz/embed/7f44542ad6972791
Vidlax analiz hatası: 404 Client Error: Not Found for url: https://vidlax.xyz/embed/7f44542ad6972791

🔍 Vidlax direkt analizi: https://diziyiizle2.com/konusanlar-3/2-sezon-2-bolum/
📄 Sayfa içeriği alındı: 359913 karakter
❌ m3u8 URL'si bulunamadı
      ❌ m3u8 bulunamadı
   🔍 [34/213] Bölüm: https://diziyiizle2.com/konusanlar-3/2-sezon-3-bolum/
📺 Embed URL bulundu: https://vidlax.xyz/embed/af5c74e5bba2a453
🔍 Embed URL kontrol ediliyor: https://vidlax.xyz/embed/af5c74e5bba2a453
❌ Embed URL kontrol hatası (https://vidlax.xyz/embed/af5c74e5bba2a453): 404 Client Error: Not Found for url: https://vidlax.xyz/embed/af5c74e5bba2a453

🔍 Vidlax direkt analizi: https://vidlax.xyz/embed/af5c74e5bba2a453
Vidlax analiz hatası: 404 Client Error: Not Found for url: https://vidlax.xyz/embed/af5c74e5bba2a453

🔍 Vidlax direkt analizi: https://diziyiizle2.com/konusanlar-3/2-sezon-3-bolum/
📄 Sayfa içeriği alındı: 360005 karakter
❌ m3u8 URL'si bulunamadı
      ❌ m3u8 bulunamadı
   🔍 [35/213] Bölüm: https://diziyiizle2.com/konusanlar-3/2-sezon-4-bolum/
📺 Embed URL bulundu: https://vidlax.xyz/embed/ea1a5d39e6b7993b
🔍 Embed URL kontrol ediliyor: https://vidlax.xyz/embed/ea1a5d39e6b7993b
❌ Embed URL kontrol hatası (https://vidlax.xyz/embed/ea1a5d39e6b7993b): 404 Client Error: Not Found for url: https://vidlax.xyz/embed/ea1a5d39e6b7993b

🔍 Vidlax direkt analizi: https://vidlax.xyz/embed/ea1a5d39e6b7993b
Vidlax analiz hatası: 404 Client Error: Not Found for url: https://vidlax.xyz/embed/ea1a5d39e6b7993b

🔍 Vidlax direkt analizi: https://diziyiizle2.com/konusanlar-3/2-sezon-4-bolum/
📄 Sayfa içeriği alındı: 359945 karakter
❌ m3u8 URL'si bulunamadı
      ❌ m3u8 bulunamadı
   🔍 [36/213] Bölüm: https://diziyiizle2.com/konusanlar-3/2-sezon-5-bolum/
📺 Embed URL bulundu: https://vidlax.xyz/embed/32957bc56e51c669
🔍 Embed URL kontrol ediliyor: https://vidlax.xyz/embed/32957bc56e51c669
❌ Embed URL kontrol hatası (https://vidlax.xyz/embed/32957bc56e51c669): 404 Client Error: Not Found for url: https://vidlax.xyz/embed/32957bc56e51c669

🔍 Vidlax direkt analizi: https://vidlax.xyz/embed/32957bc56e51c669
Vidlax analiz hatası: 404 Client Error: Not Found for url: https://vidlax.xyz/embed/32957bc56e51c669

🔍 Vidlax direkt analizi: https://diziyiizle2.com/konusanlar-3/2-sezon-5-bolum/
📄 Sayfa içeriği alındı: 360090 karakter
❌ m3u8 URL'si bulunamadı
      ❌ m3u8 bulunamadı
   🔍 [37/213] Bölüm: https://diziyiizle2.com/konusanlar-3/2-sezon-6-bolum/
📺 Embed URL bulundu: https://vidlax.xyz/embed/5157a01bce2c3ee7
🔍 Embed URL kontrol ediliyor: https://vidlax.xyz/embed/5157a01bce2c3ee7
❌ Embed URL kontrol hatası (https://vidlax.xyz/embed/5157a01bce2c3ee7): 404 Client Error: Not Found for url: https://vidlax.xyz/embed/5157a01bce2c3ee7

🔍 Vidlax direkt analizi: https://vidlax.xyz/embed/5157a01bce2c3ee7
Vidlax analiz hatası: 404 Client Error: Not Found for url: https://vidlax.xyz/embed/5157a01bce2c3ee7

🔍 Vidlax direkt analizi: https://diziyiizle2.com/konusanlar-3/2-sezon-6-bolum/
📄 Sayfa içeriği alındı: 359994 karakter
❌ m3u8 URL'si bulunamadı
      ❌ m3u8 bulunamadı
   🔍 [38/213] Bölüm: https://diziyiizle2.com/konusanlar-3/2-sezon-7-bolum/
📺 Embed URL bulundu: https://vidlax.xyz/embed/5b5952a6d8dd4df4
🔍 Embed URL kontrol ediliyor: https://vidlax.xyz/embed/5b5952a6d8dd4df4
❌ Embed URL kontrol hatası (https://vidlax.xyz/embed/5b5952a6d8dd4df4): 404 Client Error: Not Found for url: https://vidlax.xyz/embed/5b5952a6d8dd4df4

🔍 Vidlax direkt analizi: https://vidlax.xyz/embed/5b5952a6d8dd4df4
Vidlax analiz hatası: 404 Client Error: Not Found for url: https://vidlax.xyz/embed/5b5952a6d8dd4df4

🔍 Vidlax direkt analizi: https://diziyiizle2.com/konusanlar-3/2-sezon-7-bolum/
📄 Sayfa içeriği alındı: 359978 karakter
❌ m3u8 URL'si bulunamadı
      ❌ m3u8 bulunamadı
   🔍 [39/213] Bölüm: https://diziyiizle2.com/konusanlar-3/2-sezon-8-bolum/
📺 Embed URL bulundu: https://vidlax.xyz/embed/6eccc7b52e630f84
🔍 Embed URL kontrol ediliyor: https://vidlax.xyz/embed/6eccc7b52e630f84
❌ Embed URL kontrol hatası (https://vidlax.xyz/embed/6eccc7b52e630f84): 404 Client Error: Not Found for url: https://vidlax.xyz/embed/6eccc7b52e630f84

🔍 Vidlax direkt analizi: https://vidlax.xyz/embed/6eccc7b52e630f84
Vidlax analiz hatası: 404 Client Error: Not Found for url: https://vidlax.xyz/embed/6eccc7b52e630f84

🔍 Vidlax direkt analizi: https://diziyiizle2.com/konusanlar-3/2-sezon-8-bolum/
📄 Sayfa içeriği alındı: 360091 karakter
❌ m3u8 URL'si bulunamadı
      ❌ m3u8 bulunamadı
   🔍 [40/213] Bölüm: https://diziyiizle2.com/konusanlar-3/2-sezon-9-bolum/
📺 Embed URL bulundu: https://vidlax.xyz/embed/350e20dfbfcc1aca
🔍 Embed URL kontrol ediliyor: https://vidlax.xyz/embed/350e20dfbfcc1aca
❌ Embed URL kontrol hatası (https://vidlax.xyz/embed/350e20dfbfcc1aca): 404 Client Error: Not Found for url: https://vidlax.xyz/embed/350e20dfbfcc1aca

🔍 Vidlax direkt analizi: https://vidlax.xyz/embed/350e20dfbfcc1aca
Vidlax analiz hatası: 404 Client Error: Not Found for url: https://vidlax.xyz/embed/350e20dfbfcc1aca

🔍 Vidlax direkt analizi: https://diziyiizle2.com/konusanlar-3/2-sezon-9-bolum/
📄 Sayfa içeriği alındı: 360095 karakter
❌ m3u8 URL'si bulunamadı
      ❌ m3u8 bulunamadı
   🔍 [41/213] Bölüm: https://diziyiizle2.com/konusanlar-3/2-sezon-10-bolum/
📺 Embed URL bulundu: https://vidlax.xyz/embed/5116a8a01a1beacc
🔍 Embed URL kontrol ediliyor: https://vidlax.xyz/embed/5116a8a01a1beacc
❌ Embed URL kontrol hatası (https://vidlax.xyz/embed/5116a8a01a1beacc): 404 Client Error: Not Found for url: https://vidlax.xyz/embed/5116a8a01a1beacc

🔍 Vidlax direkt analizi: https://vidlax.xyz/embed/5116a8a01a1beacc
Vidlax analiz hatası: 404 Client Error: Not Found for url: https://vidlax.xyz/embed/5116a8a01a1beacc

🔍 Vidlax direkt analizi: https://diziyiizle2.com/konusanlar-3/2-sezon-10-bolum/
📄 Sayfa içeriği alındı: 360070 karakter
❌ m3u8 URL'si bulunamadı
      ❌ m3u8 bulunamadı
   🔍 [42/213] Bölüm: https://diziyiizle2.com/konusanlar-3/2-sezon-11-bolum/
📺 Embed URL bulundu: https://vidlax.xyz/embed/33ab5c9e5e8d9264
🔍 Embed URL kontrol ediliyor: https://vidlax.xyz/embed/33ab5c9e5e8d9264
❌ Embed URL kontrol hatası (https://vidlax.xyz/embed/33ab5c9e5e8d9264): 404 Client Error: Not Found for url: https://vidlax.xyz/embed/33ab5c9e5e8d9264

🔍 Vidlax direkt analizi: https://vidlax.xyz/embed/33ab5c9e5e8d9264
Vidlax analiz hatası: 404 Client Error: Not Found for url: https://vidlax.xyz/embed/33ab5c9e5e8d9264

🔍 Vidlax direkt analizi: https://diziyiizle2.com/konusanlar-3/2-sezon-11-bolum/
📄 Sayfa içeriği alındı: 359922 karakter
❌ m3u8 URL'si bulunamadı
      ❌ m3u8 bulunamadı
   🔍 [43/213] Bölüm: https://diziyiizle2.com/konusanlar-3/2-sezon-12-bolum/
📺 Embed URL bulundu: https://vidlax.xyz/embed/d405e92c5d65f16d
🔍 Embed URL kontrol ediliyor: https://vidlax.xyz/embed/d405e92c5d65f16d
❌ Embed URL kontrol hatası (https://vidlax.xyz/embed/d405e92c5d65f16d): 404 Client Error: Not Found for url: https://vidlax.xyz/embed/d405e92c5d65f16d

🔍 Vidlax direkt analizi: https://vidlax.xyz/embed/d405e92c5d65f16d
Vidlax analiz hatası: 404 Client Error: Not Found for url: https://vidlax.xyz/embed/d405e92c5d65f16d

🔍 Vidlax direkt analizi: https://diziyiizle2.com/konusanlar-3/2-sezon-12-bolum/
📄 Sayfa içeriği alındı: 360088 karakter
❌ m3u8 URL'si bulunamadı
      ❌ m3u8 bulunamadı
   🔍 [44/213] Bölüm: https://diziyiizle2.com/konusanlar-3/2-sezon-13-bolum/
📺 Embed URL bulundu: https://vidlax.xyz/embed/2db422a214a1314c
🔍 Embed URL kontrol ediliyor: https://vidlax.xyz/embed/2db422a214a1314c
❌ Embed URL kontrol hatası (https://vidlax.xyz/embed/2db422a214a1314c): 404 Client Error: Not Found for url: https://vidlax.xyz/embed/2db422a214a1314c

🔍 Vidlax direkt analizi: https://vidlax.xyz/embed/2db422a214a1314c
Vidlax analiz hatası: 404 Client Error: Not Found for url: https://vidlax.xyz/embed/2db422a214a1314c

🔍 Vidlax direkt analizi: https://diziyiizle2.com/konusanlar-3/2-sezon-13-bolum/
📄 Sayfa içeriği alındı: 360146 karakter
❌ m3u8 URL'si bulunamadı
      ❌ m3u8 bulunamadı
   🔍 [45/213] Bölüm: https://diziyiizle2.com/konusanlar-3/2-sezon-14-bolum/
📺 Embed URL bulundu: https://vidlax.xyz/embed/bc9fc2fd1ffb2a8b
🔍 Embed URL kontrol ediliyor: https://vidlax.xyz/embed/bc9fc2fd1ffb2a8b
❌ Embed URL kontrol hatası (https://vidlax.xyz/embed/bc9fc2fd1ffb2a8b): 404 Client Error: Not Found for url: https://vidlax.xyz/embed/bc9fc2fd1ffb2a8b

🔍 Vidlax direkt analizi: https://vidlax.xyz/embed/bc9fc2fd1ffb2a8b
Vidlax analiz hatası: 404 Client Error: Not Found for url: https://vidlax.xyz/embed/bc9fc2fd1ffb2a8b

🔍 Vidlax direkt analizi: https://diziyiizle2.com/konusanlar-3/2-sezon-14-bolum/
📄 Sayfa içeriği alındı: 360310 karakter
❌ m3u8 URL'si bulunamadı
      ❌ m3u8 bulunamadı
   🔍 [46/213] Bölüm: https://diziyiizle2.com/konusanlar-3/2-sezon-15-bolum/
📺 Embed URL bulundu: https://vidlax.xyz/embed/af16321455c8ceee
🔍 Embed URL kontrol ediliyor: https://vidlax.xyz/embed/af16321455c8ceee
❌ Embed URL kontrol hatası (https://vidlax.xyz/embed/af16321455c8ceee): 404 Client Error: Not Found for url: https://vidlax.xyz/embed/af16321455c8ceee

🔍 Vidlax direkt analizi: https://vidlax.xyz/embed/af16321455c8ceee
Vidlax analiz hatası: 404 Client Error: Not Found for url: https://vidlax.xyz/embed/af16321455c8ceee

🔍 Vidlax direkt analizi: https://diziyiizle2.com/konusanlar-3/2-sezon-15-bolum/
📄 Sayfa içeriği alındı: 360218 karakter
❌ m3u8 URL'si bulunamadı
      ❌ m3u8 bulunamadı
   🔍 [47/213] Bölüm: https://diziyiizle2.com/konusanlar-3/2-sezon-16-bolum/
📺 Embed URL bulundu: https://vidlax.xyz/embed/a8b78b44caf09d8f
🔍 Embed URL kontrol ediliyor: https://vidlax.xyz/embed/a8b78b44caf09d8f
❌ Embed URL kontrol hatası (https://vidlax.xyz/embed/a8b78b44caf09d8f): 404 Client Error: Not Found for url: https://vidlax.xyz/embed/a8b78b44caf09d8f

🔍 Vidlax direkt analizi: https://vidlax.xyz/embed/a8b78b44caf09d8f
Vidlax analiz hatası: 404 Client Error: Not Found for url: https://vidlax.xyz/embed/a8b78b44caf09d8f

🔍 Vidlax direkt analizi: https://diziyiizle2.com/konusanlar-3/2-sezon-16-bolum/
📄 Sayfa içeriği alındı: 360091 karakter
❌ m3u8 URL'si bulunamadı
      ❌ m3u8 bulunamadı
   🔍 [48/213] Bölüm: https://diziyiizle2.com/konusanlar-3/2-sezon-17-bolum/
📺 Embed URL bulundu: https://vidlax.xyz/embed/95f1b1b29975fdb3
🔍 Embed URL kontrol ediliyor: https://vidlax.xyz/embed/95f1b1b29975fdb3
❌ Embed URL kontrol hatası (https://vidlax.xyz/embed/95f1b1b29975fdb3): 404 Client Error: Not Found for url: https://vidlax.xyz/embed/95f1b1b29975fdb3

🔍 Vidlax direkt analizi: https://vidlax.xyz/embed/95f1b1b29975fdb3
Vidlax analiz hatası: 404 Client Error: Not Found for url: https://vidlax.xyz/embed/95f1b1b29975fdb3

🔍 Vidlax direkt analizi: https://diziyiizle2.com/konusanlar-3/2-sezon-17-bolum/
📄 Sayfa içeriği alındı: 360138 karakter
❌ m3u8 URL'si bulunamadı
      ❌ m3u8 bulunamadı
   🔍 [49/213] Bölüm: https://diziyiizle2.com/konusanlar-3/2-sezon-18-bolum/
📺 Embed URL bulundu: https://vidlax.xyz/embed/cf129a1bf66a96ed
🔍 Embed URL kontrol ediliyor: https://vidlax.xyz/embed/cf129a1bf66a96ed
❌ Embed URL kontrol hatası (https://vidlax.xyz/embed/cf129a1bf66a96ed): 404 Client Error: Not Found for url: https://vidlax.xyz/embed/cf129a1bf66a96ed

🔍 Vidlax direkt analizi: https://vidlax.xyz/embed/cf129a1bf66a96ed
Vidlax analiz hatası: 404 Client Error: Not Found for url: https://vidlax.xyz/embed/cf129a1bf66a96ed

🔍 Vidlax direkt analizi: https://diziyiizle2.com/konusanlar-3/2-sezon-18-bolum/
📄 Sayfa içeriği alındı: 360050 karakter
❌ m3u8 URL'si bulunamadı
      ❌ m3u8 bulunamadı
   🔍 [50/213] Bölüm: https://diziyiizle2.com/konusanlar-3/2-sezon-19-bolum/
📺 Embed URL bulundu: https://vidlax.xyz/embed/5dcbb5b9704a04ce
🔍 Embed URL kontrol ediliyor: https://vidlax.xyz/embed/5dcbb5b9704a04ce
❌ Embed URL kontrol hatası (https://vidlax.xyz/embed/5dcbb5b9704a04ce): 404 Client Error: Not Found for url: https://vidlax.xyz/embed/5dcbb5b9704a04ce

🔍 Vidlax direkt analizi: https://vidlax.xyz/embed/5dcbb5b9704a04ce
Vidlax analiz hatası: 404 Client Error: Not Found for url: https://vidlax.xyz/embed/5dcbb5b9704a04ce

🔍 Vidlax direkt analizi: https://diziyiizle2.com/konusanlar-3/2-sezon-19-bolum/
📄 Sayfa içeriği alındı: 360029 karakter
❌ m3u8 URL'si bulunamadı
      ❌ m3u8 bulunamadı
   🔍 [51/213] Bölüm: https://diziyiizle2.com/konusanlar-3/2-sezon-20-bolum/
📺 Embed URL bulundu: https://vidlax.xyz/embed/2ce09b52112b4224
🔍 Embed URL kontrol ediliyor: https://vidlax.xyz/embed/2ce09b52112b4224
❌ Embed URL kontrol hatası (https://vidlax.xyz/embed/2ce09b52112b4224): 404 Client Error: Not Found for url: https://vidlax.xyz/embed/2ce09b52112b4224

🔍 Vidlax direkt analizi: https://vidlax.xyz/embed/2ce09b52112b4224
Vidlax analiz hatası: 404 Client Error: Not Found for url: https://vidlax.xyz/embed/2ce09b52112b4224

🔍 Vidlax direkt analizi: https://diziyiizle2.com/konusanlar-3/2-sezon-20-bolum/
📄 Sayfa içeriği alındı: 360211 karakter
❌ m3u8 URL'si bulunamadı
      ❌ m3u8 bulunamadı
   🔍 [52/213] Bölüm: https://diziyiizle2.com/konusanlar-3/2-sezon-21-bolum/
📺 Embed URL bulundu: https://vidlax.xyz/embed/04f021d9fdb323d6
🔍 Embed URL kontrol ediliyor: https://vidlax.xyz/embed/04f021d9fdb323d6
❌ Embed URL kontrol hatası (https://vidlax.xyz/embed/04f021d9fdb323d6): 404 Client Error: Not Found for url: https://vidlax.xyz/embed/04f021d9fdb323d6

🔍 Vidlax direkt analizi: https://vidlax.xyz/embed/04f021d9fdb323d6
Vidlax analiz hatası: 404 Client Error: Not Found for url: https://vidlax.xyz/embed/04f021d9fdb323d6

🔍 Vidlax direkt analizi: https://diziyiizle2.com/konusanlar-3/2-sezon-21-bolum/
📄 Sayfa içeriği alındı: 360222 karakter
❌ m3u8 URL'si bulunamadı
      ❌ m3u8 bulunamadı
   🔍 [53/213] Bölüm: https://diziyiizle2.com/konusanlar-3/2-sezon-22-bolum/
📺 Embed URL bulundu: https://vidlax.xyz/embed/8ea82c2cf951f0ff
🔍 Embed URL kontrol ediliyor: https://vidlax.xyz/embed/8ea82c2cf951f0ff
❌ Embed URL kontrol hatası (https://vidlax.xyz/embed/8ea82c2cf951f0ff): 404 Client Error: Not Found for url: https://vidlax.xyz/embed/8ea82c2cf951f0ff

🔍 Vidlax direkt analizi: https://vidlax.xyz/embed/8ea82c2cf951f0ff
Vidlax analiz hatası: 404 Client Error: Not Found for url: https://vidlax.xyz/embed/8ea82c2cf951f0ff

🔍 Vidlax direkt analizi: https://diziyiizle2.com/konusanlar-3/2-sezon-22-bolum/
📄 Sayfa içeriği alındı: 360102 karakter
❌ m3u8 URL'si bulunamadı
      ❌ m3u8 bulunamadı
   🔍 [54/213] Bölüm: https://diziyiizle2.com/konusanlar-3/2-sezon-23-bolum/
📺 Embed URL bulundu: https://vidlax.xyz/embed/3ae438f8ff77e474
🔍 Embed URL kontrol ediliyor: https://vidlax.xyz/embed/3ae438f8ff77e474
❌ Embed URL kontrol hatası (https://vidlax.xyz/embed/3ae438f8ff77e474): 404 Client Error: Not Found for url: https://vidlax.xyz/embed/3ae438f8ff77e474

🔍 Vidlax direkt analizi: https://vidlax.xyz/embed/3ae438f8ff77e474
Vidlax analiz hatası: 404 Client Error: Not Found for url: https://vidlax.xyz/embed/3ae438f8ff77e474

🔍 Vidlax direkt analizi: https://diziyiizle2.com/konusanlar-3/2-sezon-23-bolum/
📄 Sayfa içeriği alındı: 360058 karakter
❌ m3u8 URL'si bulunamadı
      ❌ m3u8 bulunamadı
   🔍 [55/213] Bölüm: https://diziyiizle2.com/konusanlar-3/2-sezon-24-bolum/
📺 Embed URL bulundu: https://vidlax.xyz/embed/89c0aa3b9a33d563
🔍 Embed URL kontrol ediliyor: https://vidlax.xyz/embed/89c0aa3b9a33d563
❌ Embed URL kontrol hatası (https://vidlax.xyz/embed/89c0aa3b9a33d563): 404 Client Error: Not Found for url: https://vidlax.xyz/embed/89c0aa3b9a33d563

🔍 Vidlax direkt analizi: https://vidlax.xyz/embed/89c0aa3b9a33d563
Vidlax analiz hatası: 404 Client Error: Not Found for url: https://vidlax.xyz/embed/89c0aa3b9a33d563

🔍 Vidlax direkt analizi: https://diziyiizle2.com/konusanlar-3/2-sezon-24-bolum/
📄 Sayfa içeriği alındı: 360002 karakter
❌ m3u8 URL'si bulunamadı
      ❌ m3u8 bulunamadı
   🔍 [56/213] Bölüm: https://diziyiizle2.com/konusanlar-3/2-sezon-25-bolum/
📺 Embed URL bulundu: https://vidlax.xyz/embed/3966c70480ea0b6b
🔍 Embed URL kontrol ediliyor: https://vidlax.xyz/embed/3966c70480ea0b6b
❌ Embed URL kontrol hatası (https://vidlax.xyz/embed/3966c70480ea0b6b): 404 Client Error: Not Found for url: https://vidlax.xyz/embed/3966c70480ea0b6b

🔍 Vidlax direkt analizi: https://vidlax.xyz/embed/3966c70480ea0b6b
Vidlax analiz hatası: 404 Client Error: Not Found for url: https://vidlax.xyz/embed/3966c70480ea0b6b

🔍 Vidlax direkt analizi: https://diziyiizle2.com/konusanlar-3/2-sezon-25-bolum/
📄 Sayfa içeriği alındı: 360145 karakter
❌ m3u8 URL'si bulunamadı
      ❌ m3u8 bulunamadı
   🔍 [57/213] Bölüm: https://diziyiizle2.com/konusanlar-3/2-sezon-26-bolum/
📺 Embed URL bulundu: https://vidlax.xyz/embed/4cc1a5ba88bf9bf0
🔍 Embed URL kontrol ediliyor: https://vidlax.xyz/embed/4cc1a5ba88bf9bf0
❌ Embed URL kontrol hatası (https://vidlax.xyz/embed/4cc1a5ba88bf9bf0): 404 Client Error: Not Found for url: https://vidlax.xyz/embed/4cc1a5ba88bf9bf0

🔍 Vidlax direkt analizi: https://vidlax.xyz/embed/4cc1a5ba88bf9bf0
Vidlax analiz hatası: 404 Client Error: Not Found for url: https://vidlax.xyz/embed/4cc1a5ba88bf9bf0

🔍 Vidlax direkt analizi: https://diziyiizle2.com/konusanlar-3/2-sezon-26-bolum/
📄 Sayfa içeriği alındı: 360123 karakter
❌ m3u8 URL'si bulunamadı
      ❌ m3u8 bulunamadı
   🔍 [58/213] Bölüm: https://diziyiizle2.com/konusanlar-3/2-sezon-27-bolum/
📺 Embed URL bulundu: https://vidlax.xyz/embed/5be7de8cb2abe1ff
🔍 Embed URL kontrol ediliyor: https://vidlax.xyz/embed/5be7de8cb2abe1ff
❌ Embed URL kontrol hatası (https://vidlax.xyz/embed/5be7de8cb2abe1ff): 404 Client Error: Not Found for url: https://vidlax.xyz/embed/5be7de8cb2abe1ff

🔍 Vidlax direkt analizi: https://vidlax.xyz/embed/5be7de8cb2abe1ff
Vidlax analiz hatası: 404 Client Error: Not Found for url: https://vidlax.xyz/embed/5be7de8cb2abe1ff

🔍 Vidlax direkt analizi: https://diziyiizle2.com/konusanlar-3/2-sezon-27-bolum/
📄 Sayfa içeriği alındı: 360182 karakter
❌ m3u8 URL'si bulunamadı
      ❌ m3u8 bulunamadı
   🔍 [59/213] Bölüm: https://diziyiizle2.com/konusanlar-3/2-sezon-28-bolum/
📺 Embed URL bulundu: https://vidlax.xyz/embed/c17c0ea16f2a6544
🔍 Embed URL kontrol ediliyor: https://vidlax.xyz/embed/c17c0ea16f2a6544
❌ Embed URL kontrol hatası (https://vidlax.xyz/embed/c17c0ea16f2a6544): 404 Client Error: Not Found for url: https://vidlax.xyz/embed/c17c0ea16f2a6544

🔍 Vidlax direkt analizi: https://vidlax.xyz/embed/c17c0ea16f2a6544
Vidlax analiz hatası: 404 Client Error: Not Found for url: https://vidlax.xyz/embed/c17c0ea16f2a6544

🔍 Vidlax direkt analizi: https://diziyiizle2.com/konusanlar-3/2-sezon-28-bolum/
📄 Sayfa içeriği alındı: 360233 karakter
❌ m3u8 URL'si bulunamadı
      ❌ m3u8 bulunamadı
   🔍 [60/213] Bölüm: https://diziyiizle2.com/konusanlar-3/2-sezon-29-bolum/
📺 Embed URL bulundu: https://vidlax.xyz/embed/1fd9968983a5065c
🔍 Embed URL kontrol ediliyor: https://vidlax.xyz/embed/1fd9968983a5065c
❌ Embed URL kontrol hatası (https://vidlax.xyz/embed/1fd9968983a5065c): 404 Client Error: Not Found for url: https://vidlax.xyz/embed/1fd9968983a5065c

🔍 Vidlax direkt analizi: https://vidlax.xyz/embed/1fd9968983a5065c
Vidlax analiz hatası: 404 Client Error: Not Found for url: https://vidlax.xyz/embed/1fd9968983a5065c

🔍 Vidlax direkt analizi: https://diziyiizle2.com/konusanlar-3/2-sezon-29-bolum/
📄 Sayfa içeriği alındı: 360141 karakter
❌ m3u8 URL'si bulunamadı
      ❌ m3u8 bulunamadı
   🔍 [61/213] Bölüm: https://diziyiizle2.com/konusanlar-3/2-sezon-30-bolum/
📺 Embed URL bulundu: https://vidlax.xyz/embed/82bdd5878d3d88f2
🔍 Embed URL kontrol ediliyor: https://vidlax.xyz/embed/82bdd5878d3d88f2
❌ Embed URL kontrol hatası (https://vidlax.xyz/embed/82bdd5878d3d88f2): 404 Client Error: Not Found for url: https://vidlax.xyz/embed/82bdd5878d3d88f2

🔍 Vidlax direkt analizi: https://vidlax.xyz/embed/82bdd5878d3d88f2
Vidlax analiz hatası: 404 Client Error: Not Found for url: https://vidlax.xyz/embed/82bdd5878d3d88f2

🔍 Vidlax direkt analizi: https://diziyiizle2.com/konusanlar-3/2-sezon-30-bolum/
📄 Sayfa içeriği alındı: 360152 karakter
❌ m3u8 URL'si bulunamadı
      ❌ m3u8 bulunamadı
   🔍 [62/213] Bölüm: https://diziyiizle2.com/konusanlar-3/2-sezon-31-bolum/
📺 Embed URL bulundu: https://vidlax.xyz/embed/1b6f564518eed05b
🔍 Embed URL kontrol ediliyor: https://vidlax.xyz/embed/1b6f564518eed05b
❌ Embed URL kontrol hatası (https://vidlax.xyz/embed/1b6f564518eed05b): 404 Client Error: Not Found for url: https://vidlax.xyz/embed/1b6f564518eed05b

🔍 Vidlax direkt analizi: https://vidlax.xyz/embed/1b6f564518eed05b
Vidlax analiz hatası: 404 Client Error: Not Found for url: https://vidlax.xyz/embed/1b6f564518eed05b

🔍 Vidlax direkt analizi: https://diziyiizle2.com/konusanlar-3/2-sezon-31-bolum/
📄 Sayfa içeriği alındı: 360150 karakter
❌ m3u8 URL'si bulunamadı
      ❌ m3u8 bulunamadı
   🔍 [63/213] Bölüm: https://diziyiizle2.com/konusanlar-3/2-sezon-32-bolum/
📺 Embed URL bulundu: https://vidlax.xyz/embed/a15ba1fcfd68cc8a
🔍 Embed URL kontrol ediliyor: https://vidlax.xyz/embed/a15ba1fcfd68cc8a
❌ Embed URL kontrol hatası (https://vidlax.xyz/embed/a15ba1fcfd68cc8a): 404 Client Error: Not Found for url: https://vidlax.xyz/embed/a15ba1fcfd68cc8a

🔍 Vidlax direkt analizi: https://vidlax.xyz/embed/a15ba1fcfd68cc8a
Vidlax analiz hatası: 404 Client Error: Not Found for url: https://vidlax.xyz/embed/a15ba1fcfd68cc8a

🔍 Vidlax direkt analizi: https://diziyiizle2.com/konusanlar-3/2-sezon-32-bolum/
📄 Sayfa içeriği alındı: 360158 karakter
❌ m3u8 URL'si bulunamadı
      ❌ m3u8 bulunamadı
   🔍 [64/213] Bölüm: https://diziyiizle2.com/konusanlar-3/2-sezon-33-bolum/
📺 Embed URL bulundu: https://vidlax.xyz/embed/80a1201e6ee7b0f5
🔍 Embed URL kontrol ediliyor: https://vidlax.xyz/embed/80a1201e6ee7b0f5
❌ Embed URL kontrol hatası (https://vidlax.xyz/embed/80a1201e6ee7b0f5): 404 Client Error: Not Found for url: https://vidlax.xyz/embed/80a1201e6ee7b0f5

🔍 Vidlax direkt analizi: https://vidlax.xyz/embed/80a1201e6ee7b0f5
Vidlax analiz hatası: 404 Client Error: Not Found for url: https://vidlax.xyz/embed/80a1201e6ee7b0f5

🔍 Vidlax direkt analizi: https://diziyiizle2.com/konusanlar-3/2-sezon-33-bolum/
📄 Sayfa içeriği alındı: 360375 karakter
❌ m3u8 URL'si bulunamadı
      ❌ m3u8 bulunamadı
   🔍 [65/213] Bölüm: https://diziyiizle2.com/konusanlar-3/2-sezon-34-bolum/
📺 Embed URL bulundu: https://vidlax.xyz/embed/acc61e31c88b6edc
🔍 Embed URL kontrol ediliyor: https://vidlax.xyz/embed/acc61e31c88b6edc
❌ Embed URL kontrol hatası (https://vidlax.xyz/embed/acc61e31c88b6edc): 404 Client Error: Not Found for url: https://vidlax.xyz/embed/acc61e31c88b6edc

🔍 Vidlax direkt analizi: https://vidlax.xyz/embed/acc61e31c88b6edc
Vidlax analiz hatası: 404 Client Error: Not Found for url: https://vidlax.xyz/embed/acc61e31c88b6edc

🔍 Vidlax direkt analizi: https://diziyiizle2.com/konusanlar-3/2-sezon-34-bolum/
📄 Sayfa içeriği alındı: 360038 karakter
❌ m3u8 URL'si bulunamadı
      ❌ m3u8 bulunamadı
   🔍 [66/213] Bölüm: https://diziyiizle2.com/konusanlar-3/2-sezon-35-bolum/
📺 Embed URL bulundu: https://vidlax.xyz/embed/ec8e103f2ebd4853
🔍 Embed URL kontrol ediliyor: https://vidlax.xyz/embed/ec8e103f2ebd4853
❌ Embed URL kontrol hatası (https://vidlax.xyz/embed/ec8e103f2ebd4853): 404 Client Error: Not Found for url: https://vidlax.xyz/embed/ec8e103f2ebd4853

🔍 Vidlax direkt analizi: https://vidlax.xyz/embed/ec8e103f2ebd4853
Vidlax analiz hatası: 404 Client Error: Not Found for url: https://vidlax.xyz/embed/ec8e103f2ebd4853

🔍 Vidlax direkt analizi: https://diziyiizle2.com/konusanlar-3/2-sezon-35-bolum/
📄 Sayfa içeriği alındı: 360334 karakter
❌ m3u8 URL'si bulunamadı
      ❌ m3u8 bulunamadı
   🔍 [67/213] Bölüm: https://diziyiizle2.com/konusanlar-3/2-sezon-36-bolum/
📺 Embed URL bulundu: https://vidlax.xyz/embed/ab0790c10f1d023c
🔍 Embed URL kontrol ediliyor: https://vidlax.xyz/embed/ab0790c10f1d023c
❌ Embed URL kontrol hatası (https://vidlax.xyz/embed/ab0790c10f1d023c): 404 Client Error: Not Found for url: https://vidlax.xyz/embed/ab0790c10f1d023c

🔍 Vidlax direkt analizi: https://vidlax.xyz/embed/ab0790c10f1d023c
Vidlax analiz hatası: 404 Client Error: Not Found for url: https://vidlax.xyz/embed/ab0790c10f1d023c

🔍 Vidlax direkt analizi: https://diziyiizle2.com/konusanlar-3/2-sezon-36-bolum/
📄 Sayfa içeriği alındı: 360273 karakter
❌ m3u8 URL'si bulunamadı
      ❌ m3u8 bulunamadı
   🔍 [68/213] Bölüm: https://diziyiizle2.com/konusanlar-3/2-sezon-37-bolum/
📺 Embed URL bulundu: https://vidlax.xyz/embed/c5b7759ee83a5ea5
🔍 Embed URL kontrol ediliyor: https://vidlax.xyz/embed/c5b7759ee83a5ea5
❌ Embed URL kontrol hatası (https://vidlax.xyz/embed/c5b7759ee83a5ea5): 404 Client Error: Not Found for url: https://vidlax.xyz/embed/c5b7759ee83a5ea5

🔍 Vidlax direkt analizi: https://vidlax.xyz/embed/c5b7759ee83a5ea5
Vidlax analiz hatası: 404 Client Error: Not Found for url: https://vidlax.xyz/embed/c5b7759ee83a5ea5

🔍 Vidlax direkt analizi: https://diziyiizle2.com/konusanlar-3/2-sezon-37-bolum/
📄 Sayfa içeriği alındı: 360245 karakter
❌ m3u8 URL'si bulunamadı
      ❌ m3u8 bulunamadı
   🔍 [69/213] Bölüm: https://diziyiizle2.com/konusanlar-3/2-sezon-38-bolum/
📺 Embed URL bulundu: https://vidlax.xyz/embed/9ff6cd06ceed87dd
🔍 Embed URL kontrol ediliyor: https://vidlax.xyz/embed/9ff6cd06ceed87dd
❌ Embed URL kontrol hatası (https://vidlax.xyz/embed/9ff6cd06ceed87dd): 404 Client Error: Not Found for url: https://vidlax.xyz/embed/9ff6cd06ceed87dd

🔍 Vidlax direkt analizi: https://vidlax.xyz/embed/9ff6cd06ceed87dd
Vidlax analiz hatası: 404 Client Error: Not Found for url: https://vidlax.xyz/embed/9ff6cd06ceed87dd

🔍 Vidlax direkt analizi: https://diziyiizle2.com/konusanlar-3/2-sezon-38-bolum/
📄 Sayfa içeriği alındı: 360070 karakter
❌ m3u8 URL'si bulunamadı
      ❌ m3u8 bulunamadı
   🔍 [70/213] Bölüm: https://diziyiizle2.com/konusanlar-3/2-sezon-39-bolum/

🔍 Vidlax direkt analizi: https://diziyiizle2.com/konusanlar-3/2-sezon-39-bolum/
📄 Sayfa içeriği alındı: 360043 karakter
❌ m3u8 URL'si bulunamadı
      ❌ m3u8 bulunamadı
   🔍 [71/213] Bölüm: https://diziyiizle2.com/konusanlar-3/2-sezon-40-bolum/

🔍 Vidlax direkt analizi: https://diziyiizle2.com/konusanlar-3/2-sezon-40-bolum/
📄 Sayfa içeriği alındı: 360245 karakter
❌ m3u8 URL'si bulunamadı
      ❌ m3u8 bulunamadı
   🔍 [72/213] Bölüm: https://diziyiizle2.com/konusanlar-3/2-sezon-41-bolum/

🔍 Vidlax direkt analizi: https://diziyiizle2.com/konusanlar-3/2-sezon-41-bolum/
📄 Sayfa içeriği alındı: 359977 karakter
❌ m3u8 URL'si bulunamadı
      ❌ m3u8 bulunamadı
   🔍 [73/213] Bölüm: https://diziyiizle2.com/konusanlar-3/2-sezon-42-bolum/

🔍 Vidlax direkt analizi: https://diziyiizle2.com/konusanlar-3/2-sezon-42-bolum/
📄 Sayfa içeriği alındı: 359974 karakter
❌ m3u8 URL'si bulunamadı
      ❌ m3u8 bulunamadı
   🔍 [74/213] Bölüm: https://diziyiizle2.com/konusanlar-3/2-sezon-43-bolum/

🔍 Vidlax direkt analizi: https://diziyiizle2.com/konusanlar-3/2-sezon-43-bolum/
📄 Sayfa içeriği alındı: 359871 karakter
❌ m3u8 URL'si bulunamadı
      ❌ m3u8 bulunamadı
   🔍 [75/213] Bölüm: https://diziyiizle2.com/konusanlar-3/2-sezon-44-bolum/

🔍 Vidlax direkt analizi: https://diziyiizle2.com/konusanlar-3/2-sezon-44-bolum/
📄 Sayfa içeriği alındı: 359748 karakter
❌ m3u8 URL'si bulunamadı
      ❌ m3u8 bulunamadı
   🔍 [76/213] Bölüm: https://diziyiizle2.com/konusanlar-3/2-sezon-45-bolum/

🔍 Vidlax direkt analizi: https://diziyiizle2.com/konusanlar-3/2-sezon-45-bolum/
📄 Sayfa içeriği alındı: 360069 karakter
❌ m3u8 URL'si bulunamadı
      ❌ m3u8 bulunamadı
   🔍 [77/213] Bölüm: https://diziyiizle2.com/konusanlar-3/2-sezon-46-bolum/

🔍 Vidlax direkt analizi: https://diziyiizle2.com/konusanlar-3/2-sezon-46-bolum/
📄 Sayfa içeriği alındı: 360017 karakter
❌ m3u8 URL'si bulunamadı
      ❌ m3u8 bulunamadı
   🔍 [78/213] Bölüm: https://diziyiizle2.com/konusanlar-3/2-sezon-47-bolum/

🔍 Vidlax direkt analizi: https://diziyiizle2.com/konusanlar-3/2-sezon-47-bolum/
📄 Sayfa içeriği alındı: 360001 karakter
❌ m3u8 URL'si bulunamadı
      ❌ m3u8 bulunamadı
   🔍 [79/213] Bölüm: https://diziyiizle2.com/konusanlar-3/2-sezon-48-bolum/

🔍 Vidlax direkt analizi: https://diziyiizle2.com/konusanlar-3/2-sezon-48-bolum/
📄 Sayfa içeriği alındı: 359950 karakter
❌ m3u8 URL'si bulunamadı
      ❌ m3u8 bulunamadı
   🔍 [80/213] Bölüm: https://diziyiizle2.com/konusanlar-3/2-sezon-49-bolum/

🔍 Vidlax direkt analizi: https://diziyiizle2.com/konusanlar-3/2-sezon-49-bolum/
📄 Sayfa içeriği alındı: 359967 karakter
❌ m3u8 URL'si bulunamadı
      ❌ m3u8 bulunamadı
   🔍 [81/213] Bölüm: https://diziyiizle2.com/konusanlar-3/2-sezon-50-bolum/

🔍 Vidlax direkt analizi: https://diziyiizle2.com/konusanlar-3/2-sezon-50-bolum/
📄 Sayfa içeriği alındı: 360006 karakter
❌ m3u8 URL'si bulunamadı
      ❌ m3u8 bulunamadı
   🔍 [82/213] Bölüm: https://diziyiizle2.com/konusanlar-3/2-sezon-51-bolum/

🔍 Vidlax direkt analizi: https://diziyiizle2.com/konusanlar-3/2-sezon-51-bolum/
📄 Sayfa içeriği alındı: 360095 karakter
❌ m3u8 URL'si bulunamadı
      ❌ m3u8 bulunamadı
   🔍 [83/213] Bölüm: https://diziyiizle2.com/konusanlar-3/2-sezon-52-bolum/

🔍 Vidlax direkt analizi: https://diziyiizle2.com/konusanlar-3/2-sezon-52-bolum/
📄 Sayfa içeriği alındı: 360162 karakter
❌ m3u8 URL'si bulunamadı
      ❌ m3u8 bulunamadı
   🔍 [84/213] Bölüm: https://diziyiizle2.com/konusanlar-3/2-sezon-53-bolum/

🔍 Vidlax direkt analizi: https://diziyiizle2.com/konusanlar-3/2-sezon-53-bolum/
📄 Sayfa içeriği alındı: 360135 karakter
❌ m3u8 URL'si bulunamadı
      ❌ m3u8 bulunamadı
   🔍 [85/213] Bölüm: https://diziyiizle2.com/konusanlar-3/2-sezon-54-bolum/

🔍 Vidlax direkt analizi: https://diziyiizle2.com/konusanlar-3/2-sezon-54-bolum/
📄 Sayfa içeriği alındı: 360106 karakter
❌ m3u8 URL'si bulunamadı
      ❌ m3u8 bulunamadı
   🔍 [86/213] Bölüm: https://diziyiizle2.com/konusanlar-3/2-sezon-55-bolum/

🔍 Vidlax direkt analizi: https://diziyiizle2.com/konusanlar-3/2-sezon-55-bolum/
📄 Sayfa içeriği alındı: 360022 karakter
❌ m3u8 URL'si bulunamadı
      ❌ m3u8 bulunamadı
   🔍 [87/213] Bölüm: https://diziyiizle2.com/konusanlar-3/2-sezon-56-bolum/

🔍 Vidlax direkt analizi: https://diziyiizle2.com/konusanlar-3/2-sezon-56-bolum/
📄 Sayfa içeriği alındı: 360011 karakter
❌ m3u8 URL'si bulunamadı
      ❌ m3u8 bulunamadı
   🔍 [88/213] Bölüm: https://diziyiizle2.com/konusanlar-3/2-sezon-57-bolum/

🔍 Vidlax direkt analizi: https://diziyiizle2.com/konusanlar-3/2-sezon-57-bolum/
📄 Sayfa içeriği alındı: 360164 karakter
❌ m3u8 URL'si bulunamadı
      ❌ m3u8 bulunamadı
   🔍 [89/213] Bölüm: https://diziyiizle2.com/konusanlar-3/2-sezon-58-bolum/

🔍 Vidlax direkt analizi: https://diziyiizle2.com/konusanlar-3/2-sezon-58-bolum/
📄 Sayfa içeriği alındı: 360102 karakter
❌ m3u8 URL'si bulunamadı
      ❌ m3u8 bulunamadı
   🔍 [90/213] Bölüm: https://diziyiizle2.com/konusanlar-3/2-sezon-59-bolum/

🔍 Vidlax direkt analizi: https://diziyiizle2.com/konusanlar-3/2-sezon-59-bolum/
📄 Sayfa içeriği alındı: 359937 karakter
❌ m3u8 URL'si bulunamadı
      ❌ m3u8 bulunamadı
   🔍 [91/213] Bölüm: https://diziyiizle2.com/konusanlar-3/2-sezon-60-bolum/

🔍 Vidlax direkt analizi: https://diziyiizle2.com/konusanlar-3/2-sezon-60-bolum/
📄 Sayfa içeriği alındı: 359973 karakter
❌ m3u8 URL'si bulunamadı
      ❌ m3u8 bulunamadı
   🔍 [92/213] Bölüm: https://diziyiizle2.com/konusanlar-3/2-sezon-61-bolum/

🔍 Vidlax direkt analizi: https://diziyiizle2.com/konusanlar-3/2-sezon-61-bolum/
📄 Sayfa içeriği alındı: 360045 karakter
❌ m3u8 URL'si bulunamadı
      ❌ m3u8 bulunamadı
   🔍 [93/213] Bölüm: https://diziyiizle2.com/konusanlar-3/2-sezon-62-bolum/

🔍 Vidlax direkt analizi: https://diziyiizle2.com/konusanlar-3/2-sezon-62-bolum/
📄 Sayfa içeriği alındı: 360081 karakter
❌ m3u8 URL'si bulunamadı
      ❌ m3u8 bulunamadı
   🔍 [94/213] Bölüm: https://diziyiizle2.com/konusanlar-3/2-sezon-63-bolum/

🔍 Vidlax direkt analizi: https://diziyiizle2.com/konusanlar-3/2-sezon-63-bolum/
📄 Sayfa içeriği alındı: 359989 karakter
❌ m3u8 URL'si bulunamadı
      ❌ m3u8 bulunamadı
   🔍 [95/213] Bölüm: https://diziyiizle2.com/konusanlar-3/2-sezon-64-bolum/

🔍 Vidlax direkt analizi: https://diziyiizle2.com/konusanlar-3/2-sezon-64-bolum/
📄 Sayfa içeriği alındı: 359965 karakter
❌ m3u8 URL'si bulunamadı
      ❌ m3u8 bulunamadı
   🔍 [96/213] Bölüm: https://diziyiizle2.com/konusanlar-3/2-sezon-65-bolum/

🔍 Vidlax direkt analizi: https://diziyiizle2.com/konusanlar-3/2-sezon-65-bolum/
📄 Sayfa içeriği alındı: 360101 karakter
❌ m3u8 URL'si bulunamadı
      ❌ m3u8 bulunamadı
   🔍 [97/213] Bölüm: https://diziyiizle2.com/konusanlar-3/2-sezon-66-bolum/

🔍 Vidlax direkt analizi: https://diziyiizle2.com/konusanlar-3/2-sezon-66-bolum/
📄 Sayfa içeriği alındı: 360059 karakter
❌ m3u8 URL'si bulunamadı
      ❌ m3u8 bulunamadı
   🔍 [98/213] Bölüm: https://diziyiizle2.com/konusanlar-3/2-sezon-67-bolum/

🔍 Vidlax direkt analizi: https://diziyiizle2.com/konusanlar-3/2-sezon-67-bolum/
📄 Sayfa içeriği alındı: 359945 karakter
❌ m3u8 URL'si bulunamadı
      ❌ m3u8 bulunamadı
   🔍 [99/213] Bölüm: https://diziyiizle2.com/konusanlar-3/2-sezon-68-bolum/

🔍 Vidlax direkt analizi: https://diziyiizle2.com/konusanlar-3/2-sezon-68-bolum/
📄 Sayfa içeriği alındı: 360001 karakter
❌ m3u8 URL'si bulunamadı
      ❌ m3u8 bulunamadı
   🔍 [100/213] Bölüm: https://diziyiizle2.com/konusanlar-3/2-sezon-69-bolum/

🔍 Vidlax direkt analizi: https://diziyiizle2.com/konusanlar-3/2-sezon-69-bolum/
📄 Sayfa içeriği alındı: 360121 karakter
❌ m3u8 URL'si bulunamadı
      ❌ m3u8 bulunamadı
   🔍 [101/213] Bölüm: https://diziyiizle2.com/konusanlar-3/2-sezon-70-bolum/

🔍 Vidlax direkt analizi: https://diziyiizle2.com/konusanlar-3/2-sezon-70-bolum/
📄 Sayfa içeriği alındı: 360076 karakter
❌ m3u8 URL'si bulunamadı
      ❌ m3u8 bulunamadı
   🔍 [102/213] Bölüm: https://diziyiizle2.com/konusanlar-3/2-sezon-71-bolum/

🔍 Vidlax direkt analizi: https://diziyiizle2.com/konusanlar-3/2-sezon-71-bolum/
📄 Sayfa içeriği alındı: 360217 karakter
❌ m3u8 URL'si bulunamadı
      ❌ m3u8 bulunamadı
   🔍 [103/213] Bölüm: https://diziyiizle2.com/konusanlar-3/2-sezon-72-bolum/

🔍 Vidlax direkt analizi: https://diziyiizle2.com/konusanlar-3/2-sezon-72-bolum/
📄 Sayfa içeriği alındı: 360133 karakter
❌ m3u8 URL'si bulunamadı
      ❌ m3u8 bulunamadı
   🔍 [104/213] Bölüm: https://diziyiizle2.com/konusanlar-3/3-sezon-1-bolum/
📺 Embed URL bulundu: https://vidlax.xyz/embed/d1d3f13b2e7389ef
🔍 Embed URL kontrol ediliyor: https://vidlax.xyz/embed/d1d3f13b2e7389ef
❌ Embed URL kontrol hatası (https://vidlax.xyz/embed/d1d3f13b2e7389ef): 404 Client Error: Not Found for url: https://vidlax.xyz/embed/d1d3f13b2e7389ef

🔍 Vidlax direkt analizi: https://vidlax.xyz/embed/d1d3f13b2e7389ef
Vidlax analiz hatası: 404 Client Error: Not Found for url: https://vidlax.xyz/embed/d1d3f13b2e7389ef

🔍 Vidlax direkt analizi: https://diziyiizle2.com/konusanlar-3/3-sezon-1-bolum/
📄 Sayfa içeriği alındı: 360126 karakter
❌ m3u8 URL'si bulunamadı
      ❌ m3u8 bulunamadı
   🔍 [105/213] Bölüm: https://diziyiizle2.com/konusanlar-3/3-sezon-2-bolum/
📺 Embed URL bulundu: https://vidlax.xyz/embed/9dbd7c9c87d1568a
🔍 Embed URL kontrol ediliyor: https://vidlax.xyz/embed/9dbd7c9c87d1568a
❌ Embed URL kontrol hatası (https://vidlax.xyz/embed/9dbd7c9c87d1568a): 404 Client Error: Not Found for url: https://vidlax.xyz/embed/9dbd7c9c87d1568a

🔍 Vidlax direkt analizi: https://vidlax.xyz/embed/9dbd7c9c87d1568a
Vidlax analiz hatası: 404 Client Error: Not Found for url: https://vidlax.xyz/embed/9dbd7c9c87d1568a

🔍 Vidlax direkt analizi: https://diziyiizle2.com/konusanlar-3/3-sezon-2-bolum/
📄 Sayfa içeriği alındı: 360111 karakter
❌ m3u8 URL'si bulunamadı
      ❌ m3u8 bulunamadı
   🔍 [106/213] Bölüm: https://diziyiizle2.com/konusanlar-3/3-sezon-3-bolum/
📺 Embed URL bulundu: https://vidlax.xyz/embed/31cf8e087dc835fc
🔍 Embed URL kontrol ediliyor: https://vidlax.xyz/embed/31cf8e087dc835fc
❌ Embed URL kontrol hatası (https://vidlax.xyz/embed/31cf8e087dc835fc): 404 Client Error: Not Found for url: https://vidlax.xyz/embed/31cf8e087dc835fc

🔍 Vidlax direkt analizi: https://vidlax.xyz/embed/31cf8e087dc835fc
Vidlax analiz hatası: 404 Client Error: Not Found for url: https://vidlax.xyz/embed/31cf8e087dc835fc

🔍 Vidlax direkt analizi: https://diziyiizle2.com/konusanlar-3/3-sezon-3-bolum/
📄 Sayfa içeriği alındı: 360327 karakter
❌ m3u8 URL'si bulunamadı
      ❌ m3u8 bulunamadı
   🔍 [107/213] Bölüm: https://diziyiizle2.com/konusanlar-3/3-sezon-4-bolum/
📺 Embed URL bulundu: https://vidlax.xyz/embed/78da10bead27ada6
🔍 Embed URL kontrol ediliyor: https://vidlax.xyz/embed/78da10bead27ada6
❌ Embed URL kontrol hatası (https://vidlax.xyz/embed/78da10bead27ada6): 404 Client Error: Not Found for url: https://vidlax.xyz/embed/78da10bead27ada6

🔍 Vidlax direkt analizi: https://vidlax.xyz/embed/78da10bead27ada6
Vidlax analiz hatası: 404 Client Error: Not Found for url: https://vidlax.xyz/embed/78da10bead27ada6

🔍 Vidlax direkt analizi: https://diziyiizle2.com/konusanlar-3/3-sezon-4-bolum/
📄 Sayfa içeriği alındı: 360290 karakter
❌ m3u8 URL'si bulunamadı
      ❌ m3u8 bulunamadı
   🔍 [108/213] Bölüm: https://diziyiizle2.com/konusanlar-3/3-sezon-5-bolum/
📺 Embed URL bulundu: https://vidlax.xyz/embed/7a08456bae9339e3
🔍 Embed URL kontrol ediliyor: https://vidlax.xyz/embed/7a08456bae9339e3
❌ Embed URL kontrol hatası (https://vidlax.xyz/embed/7a08456bae9339e3): 404 Client Error: Not Found for url: https://vidlax.xyz/embed/7a08456bae9339e3

🔍 Vidlax direkt analizi: https://vidlax.xyz/embed/7a08456bae9339e3
Vidlax analiz hatası: 404 Client Error: Not Found for url: https://vidlax.xyz/embed/7a08456bae9339e3

🔍 Vidlax direkt analizi: https://diziyiizle2.com/konusanlar-3/3-sezon-5-bolum/
📄 Sayfa içeriği alındı: 360409 karakter
❌ m3u8 URL'si bulunamadı
      ❌ m3u8 bulunamadı
   🔍 [109/213] Bölüm: https://diziyiizle2.com/konusanlar-3/3-sezon-6-bolum/
📺 Embed URL bulundu: https://vidlax.xyz/embed/2e662ef72ba05201
🔍 Embed URL kontrol ediliyor: https://vidlax.xyz/embed/2e662ef72ba05201
❌ Embed URL kontrol hatası (https://vidlax.xyz/embed/2e662ef72ba05201): 404 Client Error: Not Found for url: https://vidlax.xyz/embed/2e662ef72ba05201

🔍 Vidlax direkt analizi: https://vidlax.xyz/embed/2e662ef72ba05201
Vidlax analiz hatası: 404 Client Error: Not Found for url: https://vidlax.xyz/embed/2e662ef72ba05201

🔍 Vidlax direkt analizi: https://diziyiizle2.com/konusanlar-3/3-sezon-6-bolum/
📄 Sayfa içeriği alındı: 360359 karakter
❌ m3u8 URL'si bulunamadı
      ❌ m3u8 bulunamadı
   🔍 [110/213] Bölüm: https://diziyiizle2.com/konusanlar-3/3-sezon-7-bolum/
📺 Embed URL bulundu: https://vidlax.xyz/embed/f6a16b262f3c8810
🔍 Embed URL kontrol ediliyor: https://vidlax.xyz/embed/f6a16b262f3c8810
❌ Embed URL kontrol hatası (https://vidlax.xyz/embed/f6a16b262f3c8810): 404 Client Error: Not Found for url: https://vidlax.xyz/embed/f6a16b262f3c8810

🔍 Vidlax direkt analizi: https://vidlax.xyz/embed/f6a16b262f3c8810
Vidlax analiz hatası: 404 Client Error: Not Found for url: https://vidlax.xyz/embed/f6a16b262f3c8810

🔍 Vidlax direkt analizi: https://diziyiizle2.com/konusanlar-3/3-sezon-7-bolum/
📄 Sayfa içeriği alındı: 360384 karakter
❌ m3u8 URL'si bulunamadı
      ❌ m3u8 bulunamadı
   🔍 [111/213] Bölüm: https://diziyiizle2.com/konusanlar-3/3-sezon-8-bolum/
📺 Embed URL bulundu: https://vidlax.xyz/embed/716df6cebfb129c7
🔍 Embed URL kontrol ediliyor: https://vidlax.xyz/embed/716df6cebfb129c7
❌ Embed URL kontrol hatası (https://vidlax.xyz/embed/716df6cebfb129c7): 404 Client Error: Not Found for url: https://vidlax.xyz/embed/716df6cebfb129c7

🔍 Vidlax direkt analizi: https://vidlax.xyz/embed/716df6cebfb129c7
Vidlax analiz hatası: 404 Client Error: Not Found for url: https://vidlax.xyz/embed/716df6cebfb129c7

🔍 Vidlax direkt analizi: https://diziyiizle2.com/konusanlar-3/3-sezon-8-bolum/
📄 Sayfa içeriği alındı: 360301 karakter
❌ m3u8 URL'si bulunamadı
      ❌ m3u8 bulunamadı
   🔍 [112/213] Bölüm: https://diziyiizle2.com/konusanlar-3/3-sezon-9-bolum/

🔍 Vidlax direkt analizi: https://diziyiizle2.com/konusanlar-3/3-sezon-9-bolum/
📄 Sayfa içeriği alındı: 360211 karakter
❌ m3u8 URL'si bulunamadı
      ❌ m3u8 bulunamadı
   🔍 [113/213] Bölüm: https://diziyiizle2.com/konusanlar-3/3-sezon-10-bolum/
📺 Embed URL bulundu: https://vidlax.xyz/embed/cbbbd55b69be390c
🔍 Embed URL kontrol ediliyor: https://vidlax.xyz/embed/cbbbd55b69be390c
❌ Embed URL kontrol hatası (https://vidlax.xyz/embed/cbbbd55b69be390c): 404 Client Error: Not Found for url: https://vidlax.xyz/embed/cbbbd55b69be390c

🔍 Vidlax direkt analizi: https://vidlax.xyz/embed/cbbbd55b69be390c
Vidlax analiz hatası: 404 Client Error: Not Found for url: https://vidlax.xyz/embed/cbbbd55b69be390c

🔍 Vidlax direkt analizi: https://diziyiizle2.com/konusanlar-3/3-sezon-10-bolum/
📄 Sayfa içeriği alındı: 360391 karakter
❌ m3u8 URL'si bulunamadı
      ❌ m3u8 bulunamadı
   🔍 [114/213] Bölüm: https://diziyiizle2.com/konusanlar-3/3-sezon-11-bolum/
📺 Embed URL bulundu: https://vidlax.xyz/embed/06f93a05fc5abbba
🔍 Embed URL kontrol ediliyor: https://vidlax.xyz/embed/06f93a05fc5abbba
❌ Embed URL kontrol hatası (https://vidlax.xyz/embed/06f93a05fc5abbba): 404 Client Error: Not Found for url: https://vidlax.xyz/embed/06f93a05fc5abbba

🔍 Vidlax direkt analizi: https://vidlax.xyz/embed/06f93a05fc5abbba
Vidlax analiz hatası: 404 Client Error: Not Found for url: https://vidlax.xyz/embed/06f93a05fc5abbba

🔍 Vidlax direkt analizi: https://diziyiizle2.com/konusanlar-3/3-sezon-11-bolum/
📄 Sayfa içeriği alındı: 360401 karakter
❌ m3u8 URL'si bulunamadı
      ❌ m3u8 bulunamadı
   🔍 [115/213] Bölüm: https://diziyiizle2.com/konusanlar-3/3-sezon-12-bolum/

🔍 Vidlax direkt analizi: https://diziyiizle2.com/konusanlar-3/3-sezon-12-bolum/
📄 Sayfa içeriği alındı: 360273 karakter
❌ m3u8 URL'si bulunamadı
      ❌ m3u8 bulunamadı
   🔍 [116/213] Bölüm: https://diziyiizle2.com/konusanlar-3/3-sezon-13-bolum/

🔍 Vidlax direkt analizi: https://diziyiizle2.com/konusanlar-3/3-sezon-13-bolum/
📄 Sayfa içeriği alındı: 360245 karakter
❌ m3u8 URL'si bulunamadı
      ❌ m3u8 bulunamadı
   🔍 [117/213] Bölüm: https://diziyiizle2.com/konusanlar-3/3-sezon-14-bolum/

🔍 Vidlax direkt analizi: https://diziyiizle2.com/konusanlar-3/3-sezon-14-bolum/
📄 Sayfa içeriği alındı: 360241 karakter
❌ m3u8 URL'si bulunamadı
      ❌ m3u8 bulunamadı
   🔍 [118/213] Bölüm: https://diziyiizle2.com/konusanlar-3/3-sezon-15-bolum/

🔍 Vidlax direkt analizi: https://diziyiizle2.com/konusanlar-3/3-sezon-15-bolum/
📄 Sayfa içeriği alındı: 360096 karakter
❌ m3u8 URL'si bulunamadı
      ❌ m3u8 bulunamadı
   🔍 [119/213] Bölüm: https://diziyiizle2.com/konusanlar-3/3-sezon-16-bolum/
📺 Embed URL bulundu: https://vidlax.xyz/embed/7fa80f6c5f09aa97
🔍 Embed URL kontrol ediliyor: https://vidlax.xyz/embed/7fa80f6c5f09aa97
❌ Embed URL kontrol hatası (https://vidlax.xyz/embed/7fa80f6c5f09aa97): 404 Client Error: Not Found for url: https://vidlax.xyz/embed/7fa80f6c5f09aa97

🔍 Vidlax direkt analizi: https://vidlax.xyz/embed/7fa80f6c5f09aa97
Vidlax analiz hatası: 404 Client Error: Not Found for url: https://vidlax.xyz/embed/7fa80f6c5f09aa97

🔍 Vidlax direkt analizi: https://diziyiizle2.com/konusanlar-3/3-sezon-16-bolum/
📄 Sayfa içeriği alındı: 360321 karakter
❌ m3u8 URL'si bulunamadı
      ❌ m3u8 bulunamadı
   🔍 [120/213] Bölüm: https://diziyiizle2.com/konusanlar-3/3-sezon-17-bolum/

🔍 Vidlax direkt analizi: https://diziyiizle2.com/konusanlar-3/3-sezon-17-bolum/
📄 Sayfa içeriği alındı: 360210 karakter
❌ m3u8 URL'si bulunamadı
      ❌ m3u8 bulunamadı
   🔍 [121/213] Bölüm: https://diziyiizle2.com/konusanlar-3/3-sezon-18-bolum/

🔍 Vidlax direkt analizi: https://diziyiizle2.com/konusanlar-3/3-sezon-18-bolum/
📄 Sayfa içeriği alındı: 360253 karakter
❌ m3u8 URL'si bulunamadı
      ❌ m3u8 bulunamadı
   🔍 [122/213] Bölüm: https://diziyiizle2.com/konusanlar-3/3-sezon-19-bolum/

🔍 Vidlax direkt analizi: https://diziyiizle2.com/konusanlar-3/3-sezon-19-bolum/
📄 Sayfa içeriği alındı: 360302 karakter
❌ m3u8 URL'si bulunamadı
      ❌ m3u8 bulunamadı
   🔍 [123/213] Bölüm: https://diziyiizle2.com/konusanlar-3/3-sezon-20-bolum/

🔍 Vidlax direkt analizi: https://diziyiizle2.com/konusanlar-3/3-sezon-20-bolum/
📄 Sayfa içeriği alındı: 360221 karakter
❌ m3u8 URL'si bulunamadı
      ❌ m3u8 bulunamadı
   🔍 [124/213] Bölüm: https://diziyiizle2.com/konusanlar-3/3-sezon-21-bolum/
📺 Embed URL bulundu: https://vidlax.xyz/embed/1c4553932154da78
🔍 Embed URL kontrol ediliyor: https://vidlax.xyz/embed/1c4553932154da78
❌ Embed URL kontrol hatası (https://vidlax.xyz/embed/1c4553932154da78): 404 Client Error: Not Found for url: https://vidlax.xyz/embed/1c4553932154da78

🔍 Vidlax direkt analizi: https://vidlax.xyz/embed/1c4553932154da78
Vidlax analiz hatası: 404 Client Error: Not Found for url: https://vidlax.xyz/embed/1c4553932154da78

🔍 Vidlax direkt analizi: https://diziyiizle2.com/konusanlar-3/3-sezon-21-bolum/
📄 Sayfa içeriği alındı: 360300 karakter
❌ m3u8 URL'si bulunamadı
      ❌ m3u8 bulunamadı
   🔍 [125/213] Bölüm: https://diziyiizle2.com/konusanlar-3/3-sezon-22-bolum/

🔍 Vidlax direkt analizi: https://diziyiizle2.com/konusanlar-3/3-sezon-22-bolum/
📄 Sayfa içeriği alındı: 360289 karakter
❌ m3u8 URL'si bulunamadı
      ❌ m3u8 bulunamadı
   🔍 [126/213] Bölüm: https://diziyiizle2.com/konusanlar-3/3-sezon-23-bolum/

🔍 Vidlax direkt analizi: https://diziyiizle2.com/konusanlar-3/3-sezon-23-bolum/
📄 Sayfa içeriği alındı: 360334 karakter
❌ m3u8 URL'si bulunamadı
      ❌ m3u8 bulunamadı
   🔍 [127/213] Bölüm: https://diziyiizle2.com/konusanlar-3/3-sezon-24-bolum/

🔍 Vidlax direkt analizi: https://diziyiizle2.com/konusanlar-3/3-sezon-24-bolum/
📄 Sayfa içeriği alındı: 360085 karakter
❌ m3u8 URL'si bulunamadı
      ❌ m3u8 bulunamadı
   🔍 [128/213] Bölüm: https://diziyiizle2.com/konusanlar-3/3-sezon-25-bolum/

🔍 Vidlax direkt analizi: https://diziyiizle2.com/konusanlar-3/3-sezon-25-bolum/
📄 Sayfa içeriği alındı: 360330 karakter
❌ m3u8 URL'si bulunamadı
      ❌ m3u8 bulunamadı
   🔍 [129/213] Bölüm: https://diziyiizle2.com/konusanlar-3/3-sezon-26-bolum/

🔍 Vidlax direkt analizi: https://diziyiizle2.com/konusanlar-3/3-sezon-26-bolum/
📄 Sayfa içeriği alındı: 360331 karakter
❌ m3u8 URL'si bulunamadı
      ❌ m3u8 bulunamadı
   🔍 [130/213] Bölüm: https://diziyiizle2.com/konusanlar-3/3-sezon-27-bolum/

🔍 Vidlax direkt analizi: https://diziyiizle2.com/konusanlar-3/3-sezon-27-bolum/
📄 Sayfa içeriği alındı: 360134 karakter
❌ m3u8 URL'si bulunamadı
      ❌ m3u8 bulunamadı
   🔍 [131/213] Bölüm: https://diziyiizle2.com/konusanlar-3/3-sezon-28-bolum/

🔍 Vidlax direkt analizi: https://diziyiizle2.com/konusanlar-3/3-sezon-28-bolum/
📄 Sayfa içeriği alındı: 360259 karakter
❌ m3u8 URL'si bulunamadı
      ❌ m3u8 bulunamadı
   🔍 [132/213] Bölüm: https://diziyiizle2.com/konusanlar-3/3-sezon-29-bolum/

🔍 Vidlax direkt analizi: https://diziyiizle2.com/konusanlar-3/3-sezon-29-bolum/
📄 Sayfa içeriği alındı: 360131 karakter
❌ m3u8 URL'si bulunamadı
      ❌ m3u8 bulunamadı
   🔍 [133/213] Bölüm: https://diziyiizle2.com/konusanlar-3/3-sezon-30-bolum/

🔍 Vidlax direkt analizi: https://diziyiizle2.com/konusanlar-3/3-sezon-30-bolum/
📄 Sayfa içeriği alındı: 360118 karakter
❌ m3u8 URL'si bulunamadı
      ❌ m3u8 bulunamadı
   🔍 [134/213] Bölüm: https://diziyiizle2.com/konusanlar-3/3-sezon-31-bolum/

🔍 Vidlax direkt analizi: https://diziyiizle2.com/konusanlar-3/3-sezon-31-bolum/
📄 Sayfa içeriği alındı: 360176 karakter
❌ m3u8 URL'si bulunamadı
      ❌ m3u8 bulunamadı
   🔍 [135/213] Bölüm: https://diziyiizle2.com/konusanlar-3/3-sezon-32-bolum/

🔍 Vidlax direkt analizi: https://diziyiizle2.com/konusanlar-3/3-sezon-32-bolum/
📄 Sayfa içeriği alındı: 360141 karakter
❌ m3u8 URL'si bulunamadı
      ❌ m3u8 bulunamadı
   🔍 [136/213] Bölüm: https://diziyiizle2.com/konusanlar-3/3-sezon-33-bolum/

🔍 Vidlax direkt analizi: https://diziyiizle2.com/konusanlar-3/3-sezon-33-bolum/
📄 Sayfa içeriği alındı: 360143 karakter
❌ m3u8 URL'si bulunamadı
      ❌ m3u8 bulunamadı
   🔍 [137/213] Bölüm: https://diziyiizle2.com/konusanlar-3/3-sezon-34-bolum/

🔍 Vidlax direkt analizi: https://diziyiizle2.com/konusanlar-3/3-sezon-34-bolum/
📄 Sayfa içeriği alındı: 360172 karakter
❌ m3u8 URL'si bulunamadı
      ❌ m3u8 bulunamadı
   🔍 [138/213] Bölüm: https://diziyiizle2.com/konusanlar-3/3-sezon-35-bolum/

🔍 Vidlax direkt analizi: https://diziyiizle2.com/konusanlar-3/3-sezon-35-bolum/
📄 Sayfa içeriği alındı: 360277 karakter
❌ m3u8 URL'si bulunamadı
      ❌ m3u8 bulunamadı
   🔍 [139/213] Bölüm: https://diziyiizle2.com/konusanlar-3/3-sezon-36-bolum/

🔍 Vidlax direkt analizi: https://diziyiizle2.com/konusanlar-3/3-sezon-36-bolum/
📄 Sayfa içeriği alındı: 360025 karakter
❌ m3u8 URL'si bulunamadı
      ❌ m3u8 bulunamadı
   🔍 [140/213] Bölüm: https://diziyiizle2.com/konusanlar-3/3-sezon-37-bolum/

🔍 Vidlax direkt analizi: https://diziyiizle2.com/konusanlar-3/3-sezon-37-bolum/
📄 Sayfa içeriği alındı: 360036 karakter
❌ m3u8 URL'si bulunamadı
      ❌ m3u8 bulunamadı
   🔍 [141/213] Bölüm: https://diziyiizle2.com/konusanlar-3/3-sezon-38-bolum/

🔍 Vidlax direkt analizi: https://diziyiizle2.com/konusanlar-3/3-sezon-38-bolum/
📄 Sayfa içeriği alındı: 360202 karakter
❌ m3u8 URL'si bulunamadı
      ❌ m3u8 bulunamadı
   🔍 [142/213] Bölüm: https://diziyiizle2.com/konusanlar-3/4-sezon-1-bolum/
📺 Embed URL bulundu: https://vidlax.xyz/embed/bfc6143b14119f88
🔍 Embed URL kontrol ediliyor: https://vidlax.xyz/embed/bfc6143b14119f88
❌ Embed URL kontrol hatası (https://vidlax.xyz/embed/bfc6143b14119f88): 404 Client Error: Not Found for url: https://vidlax.xyz/embed/bfc6143b14119f88

🔍 Vidlax direkt analizi: https://vidlax.xyz/embed/bfc6143b14119f88
Vidlax analiz hatası: 404 Client Error: Not Found for url: https://vidlax.xyz/embed/bfc6143b14119f88

🔍 Vidlax direkt analizi: https://diziyiizle2.com/konusanlar-3/4-sezon-1-bolum/
📄 Sayfa içeriği alındı: 360434 karakter
❌ m3u8 URL'si bulunamadı
      ❌ m3u8 bulunamadı
   🔍 [143/213] Bölüm: https://diziyiizle2.com/konusanlar-3/4-sezon-2-bolum/
📺 Embed URL bulundu: https://vidlax.xyz/embed/93f8937af70b76b3
🔍 Embed URL kontrol ediliyor: https://vidlax.xyz/embed/93f8937af70b76b3
❌ Embed URL kontrol hatası (https://vidlax.xyz/embed/93f8937af70b76b3): 404 Client Error: Not Found for url: https://vidlax.xyz/embed/93f8937af70b76b3

🔍 Vidlax direkt analizi: https://vidlax.xyz/embed/93f8937af70b76b3
Vidlax analiz hatası: 404 Client Error: Not Found for url: https://vidlax.xyz/embed/93f8937af70b76b3

🔍 Vidlax direkt analizi: https://diziyiizle2.com/konusanlar-3/4-sezon-2-bolum/
📄 Sayfa içeriği alındı: 360217 karakter
❌ m3u8 URL'si bulunamadı
      ❌ m3u8 bulunamadı
   🔍 [144/213] Bölüm: https://diziyiizle2.com/konusanlar-3/4-sezon-3-bolum/
📺 Embed URL bulundu: https://vidlax.xyz/embed/fd219c1ee507961c
🔍 Embed URL kontrol ediliyor: https://vidlax.xyz/embed/fd219c1ee507961c
❌ Embed URL kontrol hatası (https://vidlax.xyz/embed/fd219c1ee507961c): 404 Client Error: Not Found for url: https://vidlax.xyz/embed/fd219c1ee507961c

🔍 Vidlax direkt analizi: https://vidlax.xyz/embed/fd219c1ee507961c
Vidlax analiz hatası: 404 Client Error: Not Found for url: https://vidlax.xyz/embed/fd219c1ee507961c

🔍 Vidlax direkt analizi: https://diziyiizle2.com/konusanlar-3/4-sezon-3-bolum/
📄 Sayfa içeriği alındı: 360358 karakter
❌ m3u8 URL'si bulunamadı
      ❌ m3u8 bulunamadı
   🔍 [145/213] Bölüm: https://diziyiizle2.com/konusanlar-3/4-sezon-4-bolum/
📺 Embed URL bulundu: https://vidlax.xyz/embed/f6e042c088f03884
🔍 Embed URL kontrol ediliyor: https://vidlax.xyz/embed/f6e042c088f03884
❌ Embed URL kontrol hatası (https://vidlax.xyz/embed/f6e042c088f03884): 404 Client Error: Not Found for url: https://vidlax.xyz/embed/f6e042c088f03884

🔍 Vidlax direkt analizi: https://vidlax.xyz/embed/f6e042c088f03884
Vidlax analiz hatası: 404 Client Error: Not Found for url: https://vidlax.xyz/embed/f6e042c088f03884

🔍 Vidlax direkt analizi: https://diziyiizle2.com/konusanlar-3/4-sezon-4-bolum/
📄 Sayfa içeriği alındı: 360307 karakter
❌ m3u8 URL'si bulunamadı
      ❌ m3u8 bulunamadı
   🔍 [146/213] Bölüm: https://diziyiizle2.com/konusanlar-3/4-sezon-5-bolum/
📺 Embed URL bulundu: https://vidlax.xyz/embed/165ed6cf5fb60819
🔍 Embed URL kontrol ediliyor: https://vidlax.xyz/embed/165ed6cf5fb60819
❌ Embed URL kontrol hatası (https://vidlax.xyz/embed/165ed6cf5fb60819): 404 Client Error: Not Found for url: https://vidlax.xyz/embed/165ed6cf5fb60819

🔍 Vidlax direkt analizi: https://vidlax.xyz/embed/165ed6cf5fb60819
Vidlax analiz hatası: 404 Client Error: Not Found for url: https://vidlax.xyz/embed/165ed6cf5fb60819

🔍 Vidlax direkt analizi: https://diziyiizle2.com/konusanlar-3/4-sezon-5-bolum/
📄 Sayfa içeriği alındı: 360305 karakter
❌ m3u8 URL'si bulunamadı
      ❌ m3u8 bulunamadı
   🔍 [147/213] Bölüm: https://diziyiizle2.com/konusanlar-3/4-sezon-6-bolum/
📺 Embed URL bulundu: https://vidlax.xyz/embed/117dda43c4f9b223
🔍 Embed URL kontrol ediliyor: https://vidlax.xyz/embed/117dda43c4f9b223
❌ Embed URL kontrol hatası (https://vidlax.xyz/embed/117dda43c4f9b223): 404 Client Error: Not Found for url: https://vidlax.xyz/embed/117dda43c4f9b223

🔍 Vidlax direkt analizi: https://vidlax.xyz/embed/117dda43c4f9b223
Vidlax analiz hatası: 404 Client Error: Not Found for url: https://vidlax.xyz/embed/117dda43c4f9b223

🔍 Vidlax direkt analizi: https://diziyiizle2.com/konusanlar-3/4-sezon-6-bolum/
📄 Sayfa içeriği alındı: 360223 karakter
❌ m3u8 URL'si bulunamadı
      ❌ m3u8 bulunamadı
   🔍 [148/213] Bölüm: https://diziyiizle2.com/konusanlar-3/4-sezon-7-bolum/
📺 Embed URL bulundu: https://vidlax.xyz/embed/fed2fa0925d459a3
🔍 Embed URL kontrol ediliyor: https://vidlax.xyz/embed/fed2fa0925d459a3
❌ Embed URL kontrol hatası (https://vidlax.xyz/embed/fed2fa0925d459a3): 404 Client Error: Not Found for url: https://vidlax.xyz/embed/fed2fa0925d459a3

🔍 Vidlax direkt analizi: https://vidlax.xyz/embed/fed2fa0925d459a3
Vidlax analiz hatası: 404 Client Error: Not Found for url: https://vidlax.xyz/embed/fed2fa0925d459a3

🔍 Vidlax direkt analizi: https://diziyiizle2.com/konusanlar-3/4-sezon-7-bolum/
📄 Sayfa içeriği alındı: 360435 karakter
❌ m3u8 URL'si bulunamadı
      ❌ m3u8 bulunamadı
   🔍 [149/213] Bölüm: https://diziyiizle2.com/konusanlar-3/4-sezon-8-bolum/
📺 Embed URL bulundu: https://vidlax.xyz/embed/1a63e2bb2b44556b
🔍 Embed URL kontrol ediliyor: https://vidlax.xyz/embed/1a63e2bb2b44556b
❌ Embed URL kontrol hatası (https://vidlax.xyz/embed/1a63e2bb2b44556b): 404 Client Error: Not Found for url: https://vidlax.xyz/embed/1a63e2bb2b44556b

🔍 Vidlax direkt analizi: https://vidlax.xyz/embed/1a63e2bb2b44556b
Vidlax analiz hatası: 404 Client Error: Not Found for url: https://vidlax.xyz/embed/1a63e2bb2b44556b

🔍 Vidlax direkt analizi: https://diziyiizle2.com/konusanlar-3/4-sezon-8-bolum/
📄 Sayfa içeriği alındı: 360203 karakter
❌ m3u8 URL'si bulunamadı
      ❌ m3u8 bulunamadı
   🔍 [150/213] Bölüm: https://diziyiizle2.com/konusanlar-3/4-sezon-9-bolum/
📺 Embed URL bulundu: https://vidlax.xyz/embed/831c853a9526a8e2
🔍 Embed URL kontrol ediliyor: https://vidlax.xyz/embed/831c853a9526a8e2
❌ Embed URL kontrol hatası (https://vidlax.xyz/embed/831c853a9526a8e2): 404 Client Error: Not Found for url: https://vidlax.xyz/embed/831c853a9526a8e2

🔍 Vidlax direkt analizi: https://vidlax.xyz/embed/831c853a9526a8e2
Vidlax analiz hatası: 404 Client Error: Not Found for url: https://vidlax.xyz/embed/831c853a9526a8e2

🔍 Vidlax direkt analizi: https://diziyiizle2.com/konusanlar-3/4-sezon-9-bolum/
📄 Sayfa içeriği alındı: 360391 karakter
❌ m3u8 URL'si bulunamadı
      ❌ m3u8 bulunamadı
   🔍 [151/213] Bölüm: https://diziyiizle2.com/konusanlar-3/4-sezon-10-bolum/
📺 Embed URL bulundu: https://vidlax.xyz/embed/2aae9a33e84f61e3
🔍 Embed URL kontrol ediliyor: https://vidlax.xyz/embed/2aae9a33e84f61e3
❌ Embed URL kontrol hatası (https://vidlax.xyz/embed/2aae9a33e84f61e3): 404 Client Error: Not Found for url: https://vidlax.xyz/embed/2aae9a33e84f61e3

🔍 Vidlax direkt analizi: https://vidlax.xyz/embed/2aae9a33e84f61e3
Vidlax analiz hatası: 404 Client Error: Not Found for url: https://vidlax.xyz/embed/2aae9a33e84f61e3

🔍 Vidlax direkt analizi: https://diziyiizle2.com/konusanlar-3/4-sezon-10-bolum/
📄 Sayfa içeriği alındı: 360288 karakter
❌ m3u8 URL'si bulunamadı
      ❌ m3u8 bulunamadı
   🔍 [152/213] Bölüm: https://diziyiizle2.com/konusanlar-3/4-sezon-11-bolum/
📺 Embed URL bulundu: https://vidlax.xyz/embed/505d0c0aa9f5edf1
🔍 Embed URL kontrol ediliyor: https://vidlax.xyz/embed/505d0c0aa9f5edf1
❌ Embed URL kontrol hatası (https://vidlax.xyz/embed/505d0c0aa9f5edf1): 404 Client Error: Not Found for url: https://vidlax.xyz/embed/505d0c0aa9f5edf1

🔍 Vidlax direkt analizi: https://vidlax.xyz/embed/505d0c0aa9f5edf1
Vidlax analiz hatası: 404 Client Error: Not Found for url: https://vidlax.xyz/embed/505d0c0aa9f5edf1

🔍 Vidlax direkt analizi: https://diziyiizle2.com/konusanlar-3/4-sezon-11-bolum/
📄 Sayfa içeriği alındı: 360248 karakter
❌ m3u8 URL'si bulunamadı
      ❌ m3u8 bulunamadı
   🔍 [153/213] Bölüm: https://diziyiizle2.com/konusanlar-3/4-sezon-12-bolum/
📺 Embed URL bulundu: https://vidlax.xyz/embed/a4fe8dfce28fe704
🔍 Embed URL kontrol ediliyor: https://vidlax.xyz/embed/a4fe8dfce28fe704
❌ Embed URL kontrol hatası (https://vidlax.xyz/embed/a4fe8dfce28fe704): 404 Client Error: Not Found for url: https://vidlax.xyz/embed/a4fe8dfce28fe704

🔍 Vidlax direkt analizi: https://vidlax.xyz/embed/a4fe8dfce28fe704
Vidlax analiz hatası: 404 Client Error: Not Found for url: https://vidlax.xyz/embed/a4fe8dfce28fe704

🔍 Vidlax direkt analizi: https://diziyiizle2.com/konusanlar-3/4-sezon-12-bolum/
📄 Sayfa içeriği alındı: 360405 karakter
❌ m3u8 URL'si bulunamadı
      ❌ m3u8 bulunamadı
   🔍 [154/213] Bölüm: https://diziyiizle2.com/konusanlar-3/4-sezon-13-bolum/
📺 Embed URL bulundu: https://vidlax.xyz/embed/4302cbb77172ceb8
🔍 Embed URL kontrol ediliyor: https://vidlax.xyz/embed/4302cbb77172ceb8
❌ Embed URL kontrol hatası (https://vidlax.xyz/embed/4302cbb77172ceb8): 404 Client Error: Not Found for url: https://vidlax.xyz/embed/4302cbb77172ceb8

🔍 Vidlax direkt analizi: https://vidlax.xyz/embed/4302cbb77172ceb8
Vidlax analiz hatası: 404 Client Error: Not Found for url: https://vidlax.xyz/embed/4302cbb77172ceb8

🔍 Vidlax direkt analizi: https://diziyiizle2.com/konusanlar-3/4-sezon-13-bolum/
📄 Sayfa içeriği alındı: 360341 karakter
❌ m3u8 URL'si bulunamadı
      ❌ m3u8 bulunamadı
   🔍 [155/213] Bölüm: https://diziyiizle2.com/konusanlar-3/4-sezon-14-bolum/
📺 Embed URL bulundu: https://vidlax.xyz/embed/8ef55f23a5401ad0
🔍 Embed URL kontrol ediliyor: https://vidlax.xyz/embed/8ef55f23a5401ad0
❌ Embed URL kontrol hatası (https://vidlax.xyz/embed/8ef55f23a5401ad0): 404 Client Error: Not Found for url: https://vidlax.xyz/embed/8ef55f23a5401ad0

🔍 Vidlax direkt analizi: https://vidlax.xyz/embed/8ef55f23a5401ad0
Vidlax analiz hatası: 404 Client Error: Not Found for url: https://vidlax.xyz/embed/8ef55f23a5401ad0

🔍 Vidlax direkt analizi: https://diziyiizle2.com/konusanlar-3/4-sezon-14-bolum/
📄 Sayfa içeriği alındı: 360110 karakter
❌ m3u8 URL'si bulunamadı
      ❌ m3u8 bulunamadı
   🔍 [156/213] Bölüm: https://diziyiizle2.com/konusanlar-3/4-sezon-15-bolum/
📺 Embed URL bulundu: https://vidlax.xyz/embed/4cddbcc94fec9151
🔍 Embed URL kontrol ediliyor: https://vidlax.xyz/embed/4cddbcc94fec9151
❌ Embed URL kontrol hatası (https://vidlax.xyz/embed/4cddbcc94fec9151): 404 Client Error: Not Found for url: https://vidlax.xyz/embed/4cddbcc94fec9151

🔍 Vidlax direkt analizi: https://vidlax.xyz/embed/4cddbcc94fec9151
Vidlax analiz hatası: 404 Client Error: Not Found for url: https://vidlax.xyz/embed/4cddbcc94fec9151

🔍 Vidlax direkt analizi: https://diziyiizle2.com/konusanlar-3/4-sezon-15-bolum/
📄 Sayfa içeriği alındı: 360196 karakter
❌ m3u8 URL'si bulunamadı
      ❌ m3u8 bulunamadı
   🔍 [157/213] Bölüm: https://diziyiizle2.com/konusanlar-3/4-sezon-16-bolum/
📺 Embed URL bulundu: https://vidlax.xyz/embed/414d6b0370e476d8
🔍 Embed URL kontrol ediliyor: https://vidlax.xyz/embed/414d6b0370e476d8
❌ Embed URL kontrol hatası (https://vidlax.xyz/embed/414d6b0370e476d8): 404 Client Error: Not Found for url: https://vidlax.xyz/embed/414d6b0370e476d8

🔍 Vidlax direkt analizi: https://vidlax.xyz/embed/414d6b0370e476d8
Vidlax analiz hatası: 404 Client Error: Not Found for url: https://vidlax.xyz/embed/414d6b0370e476d8

🔍 Vidlax direkt analizi: https://diziyiizle2.com/konusanlar-3/4-sezon-16-bolum/
📄 Sayfa içeriği alındı: 360326 karakter
❌ m3u8 URL'si bulunamadı
      ❌ m3u8 bulunamadı
   🔍 [158/213] Bölüm: https://diziyiizle2.com/konusanlar-3/4-sezon-17-bolum/
📺 Embed URL bulundu: https://vidlax.xyz/embed/2c7207fb217f2d5f
🔍 Embed URL kontrol ediliyor: https://vidlax.xyz/embed/2c7207fb217f2d5f
❌ Embed URL kontrol hatası (https://vidlax.xyz/embed/2c7207fb217f2d5f): 404 Client Error: Not Found for url: https://vidlax.xyz/embed/2c7207fb217f2d5f

🔍 Vidlax direkt analizi: https://vidlax.xyz/embed/2c7207fb217f2d5f
Vidlax analiz hatası: 404 Client Error: Not Found for url: https://vidlax.xyz/embed/2c7207fb217f2d5f

🔍 Vidlax direkt analizi: https://diziyiizle2.com/konusanlar-3/4-sezon-17-bolum/
📄 Sayfa içeriği alındı: 360326 karakter
❌ m3u8 URL'si bulunamadı
      ❌ m3u8 bulunamadı
   🔍 [159/213] Bölüm: https://diziyiizle2.com/konusanlar-3/4-sezon-18-bolum/
📺 Embed URL bulundu: https://vidlax.xyz/embed/e9b9873bae141322
🔍 Embed URL kontrol ediliyor: https://vidlax.xyz/embed/e9b9873bae141322
❌ Embed URL kontrol hatası (https://vidlax.xyz/embed/e9b9873bae141322): 404 Client Error: Not Found for url: https://vidlax.xyz/embed/e9b9873bae141322

🔍 Vidlax direkt analizi: https://vidlax.xyz/embed/e9b9873bae141322
Vidlax analiz hatası: 404 Client Error: Not Found for url: https://vidlax.xyz/embed/e9b9873bae141322

🔍 Vidlax direkt analizi: https://diziyiizle2.com/konusanlar-3/4-sezon-18-bolum/
📄 Sayfa içeriği alındı: 360365 karakter
❌ m3u8 URL'si bulunamadı
      ❌ m3u8 bulunamadı
   🔍 [160/213] Bölüm: https://diziyiizle2.com/konusanlar-3/4-sezon-19-bolum/
📺 Embed URL bulundu: https://vidlax.xyz/embed/44206d4a42253017
🔍 Embed URL kontrol ediliyor: https://vidlax.xyz/embed/44206d4a42253017
❌ Embed URL kontrol hatası (https://vidlax.xyz/embed/44206d4a42253017): 404 Client Error: Not Found for url: https://vidlax.xyz/embed/44206d4a42253017

🔍 Vidlax direkt analizi: https://vidlax.xyz/embed/44206d4a42253017
Vidlax analiz hatası: 404 Client Error: Not Found for url: https://vidlax.xyz/embed/44206d4a42253017

🔍 Vidlax direkt analizi: https://diziyiizle2.com/konusanlar-3/4-sezon-19-bolum/
📄 Sayfa içeriği alındı: 360160 karakter
❌ m3u8 URL'si bulunamadı
      ❌ m3u8 bulunamadı
   🔍 [161/213] Bölüm: https://diziyiizle2.com/konusanlar-3/4-sezon-20-bolum/
📺 Embed URL bulundu: https://vidlax.xyz/embed/087b622f5d1e53fd
🔍 Embed URL kontrol ediliyor: https://vidlax.xyz/embed/087b622f5d1e53fd
❌ Embed URL kontrol hatası (https://vidlax.xyz/embed/087b622f5d1e53fd): 404 Client Error: Not Found for url: https://vidlax.xyz/embed/087b622f5d1e53fd

🔍 Vidlax direkt analizi: https://vidlax.xyz/embed/087b622f5d1e53fd
Vidlax analiz hatası: 404 Client Error: Not Found for url: https://vidlax.xyz/embed/087b622f5d1e53fd

🔍 Vidlax direkt analizi: https://diziyiizle2.com/konusanlar-3/4-sezon-20-bolum/
📄 Sayfa içeriği alındı: 360329 karakter
❌ m3u8 URL'si bulunamadı
      ❌ m3u8 bulunamadı
   🔍 [162/213] Bölüm: https://diziyiizle2.com/konusanlar-3/4-sezon-21-bolum/
📺 Embed URL bulundu: https://vidlax.xyz/embed/955401beb2cfe1b2
🔍 Embed URL kontrol ediliyor: https://vidlax.xyz/embed/955401beb2cfe1b2
❌ Embed URL kontrol hatası (https://vidlax.xyz/embed/955401beb2cfe1b2): 404 Client Error: Not Found for url: https://vidlax.xyz/embed/955401beb2cfe1b2

🔍 Vidlax direkt analizi: https://vidlax.xyz/embed/955401beb2cfe1b2
Vidlax analiz hatası: 404 Client Error: Not Found for url: https://vidlax.xyz/embed/955401beb2cfe1b2

🔍 Vidlax direkt analizi: https://diziyiizle2.com/konusanlar-3/4-sezon-21-bolum/
📄 Sayfa içeriği alındı: 360314 karakter
❌ m3u8 URL'si bulunamadı
      ❌ m3u8 bulunamadı
   🔍 [163/213] Bölüm: https://diziyiizle2.com/konusanlar-3/4-sezon-22-bolum/
📺 Embed URL bulundu: https://vidlax.xyz/embed/f35f6464b7d4b42d
🔍 Embed URL kontrol ediliyor: https://vidlax.xyz/embed/f35f6464b7d4b42d
❌ Embed URL kontrol hatası (https://vidlax.xyz/embed/f35f6464b7d4b42d): 404 Client Error: Not Found for url: https://vidlax.xyz/embed/f35f6464b7d4b42d

🔍 Vidlax direkt analizi: https://vidlax.xyz/embed/f35f6464b7d4b42d
Vidlax analiz hatası: 404 Client Error: Not Found for url: https://vidlax.xyz/embed/f35f6464b7d4b42d

🔍 Vidlax direkt analizi: https://diziyiizle2.com/konusanlar-3/4-sezon-22-bolum/
📄 Sayfa içeriği alındı: 360271 karakter
❌ m3u8 URL'si bulunamadı
      ❌ m3u8 bulunamadı
   🔍 [164/213] Bölüm: https://diziyiizle2.com/konusanlar-3/4-sezon-23-bolum/
📺 Embed URL bulundu: https://vidlax.xyz/embed/6b1f1d396da609dc
🔍 Embed URL kontrol ediliyor: https://vidlax.xyz/embed/6b1f1d396da609dc
❌ Embed URL kontrol hatası (https://vidlax.xyz/embed/6b1f1d396da609dc): 404 Client Error: Not Found for url: https://vidlax.xyz/embed/6b1f1d396da609dc

🔍 Vidlax direkt analizi: https://vidlax.xyz/embed/6b1f1d396da609dc
Vidlax analiz hatası: 404 Client Error: Not Found for url: https://vidlax.xyz/embed/6b1f1d396da609dc

🔍 Vidlax direkt analizi: https://diziyiizle2.com/konusanlar-3/4-sezon-23-bolum/
📄 Sayfa içeriği alındı: 360338 karakter
❌ m3u8 URL'si bulunamadı
      ❌ m3u8 bulunamadı
   🔍 [165/213] Bölüm: https://diziyiizle2.com/konusanlar-3/4-sezon-24-bolum/
📺 Embed URL bulundu: https://vidlax.xyz/embed/5525a41b85f71b5d
🔍 Embed URL kontrol ediliyor: https://vidlax.xyz/embed/5525a41b85f71b5d
❌ Embed URL kontrol hatası (https://vidlax.xyz/embed/5525a41b85f71b5d): 404 Client Error: Not Found for url: https://vidlax.xyz/embed/5525a41b85f71b5d

🔍 Vidlax direkt analizi: https://vidlax.xyz/embed/5525a41b85f71b5d
Vidlax analiz hatası: 404 Client Error: Not Found for url: https://vidlax.xyz/embed/5525a41b85f71b5d

🔍 Vidlax direkt analizi: https://diziyiizle2.com/konusanlar-3/4-sezon-24-bolum/
📄 Sayfa içeriği alındı: 360338 karakter
❌ m3u8 URL'si bulunamadı
      ❌ m3u8 bulunamadı
   🔍 [166/213] Bölüm: https://diziyiizle2.com/konusanlar-3/4-sezon-25-bolum/
📺 Embed URL bulundu: https://vidlax.xyz/embed/7659e18e9bec9984
🔍 Embed URL kontrol ediliyor: https://vidlax.xyz/embed/7659e18e9bec9984
❌ Embed URL kontrol hatası (https://vidlax.xyz/embed/7659e18e9bec9984): 404 Client Error: Not Found for url: https://vidlax.xyz/embed/7659e18e9bec9984

🔍 Vidlax direkt analizi: https://vidlax.xyz/embed/7659e18e9bec9984
Vidlax analiz hatası: 404 Client Error: Not Found for url: https://vidlax.xyz/embed/7659e18e9bec9984

🔍 Vidlax direkt analizi: https://diziyiizle2.com/konusanlar-3/4-sezon-25-bolum/
📄 Sayfa içeriği alındı: 360159 karakter
❌ m3u8 URL'si bulunamadı
      ❌ m3u8 bulunamadı
   🔍 [167/213] Bölüm: https://diziyiizle2.com/konusanlar-3/4-sezon-26-bolum/
📺 Embed URL bulundu: https://vidlax.xyz/embed/18dd09ed54212e34
🔍 Embed URL kontrol ediliyor: https://vidlax.xyz/embed/18dd09ed54212e34
❌ Embed URL kontrol hatası (https://vidlax.xyz/embed/18dd09ed54212e34): 404 Client Error: Not Found for url: https://vidlax.xyz/embed/18dd09ed54212e34

🔍 Vidlax direkt analizi: https://vidlax.xyz/embed/18dd09ed54212e34
Vidlax analiz hatası: 404 Client Error: Not Found for url: https://vidlax.xyz/embed/18dd09ed54212e34

🔍 Vidlax direkt analizi: https://diziyiizle2.com/konusanlar-3/4-sezon-26-bolum/
📄 Sayfa içeriği alındı: 360224 karakter
❌ m3u8 URL'si bulunamadı
      ❌ m3u8 bulunamadı
   🔍 [168/213] Bölüm: https://diziyiizle2.com/konusanlar-3/4-sezon-27-bolum/
📺 Embed URL bulundu: https://vidlax.xyz/embed/9943ab9453abf7cf
🔍 Embed URL kontrol ediliyor: https://vidlax.xyz/embed/9943ab9453abf7cf
❌ Embed URL kontrol hatası (https://vidlax.xyz/embed/9943ab9453abf7cf): 404 Client Error: Not Found for url: https://vidlax.xyz/embed/9943ab9453abf7cf

🔍 Vidlax direkt analizi: https://vidlax.xyz/embed/9943ab9453abf7cf
Vidlax analiz hatası: 404 Client Error: Not Found for url: https://vidlax.xyz/embed/9943ab9453abf7cf

🔍 Vidlax direkt analizi: https://diziyiizle2.com/konusanlar-3/4-sezon-27-bolum/
📄 Sayfa içeriği alındı: 360324 karakter
❌ m3u8 URL'si bulunamadı
      ❌ m3u8 bulunamadı
   🔍 [169/213] Bölüm: https://diziyiizle2.com/konusanlar-3/4-sezon-28-bolum/
📺 Embed URL bulundu: https://vidlax.xyz/embed/5ef2fba45a4ac35e
🔍 Embed URL kontrol ediliyor: https://vidlax.xyz/embed/5ef2fba45a4ac35e
❌ Embed URL kontrol hatası (https://vidlax.xyz/embed/5ef2fba45a4ac35e): 404 Client Error: Not Found for url: https://vidlax.xyz/embed/5ef2fba45a4ac35e

🔍 Vidlax direkt analizi: https://vidlax.xyz/embed/5ef2fba45a4ac35e
Vidlax analiz hatası: 404 Client Error: Not Found for url: https://vidlax.xyz/embed/5ef2fba45a4ac35e

🔍 Vidlax direkt analizi: https://diziyiizle2.com/konusanlar-3/4-sezon-28-bolum/
📄 Sayfa içeriği alındı: 360192 karakter
❌ m3u8 URL'si bulunamadı
      ❌ m3u8 bulunamadı
   🔍 [170/213] Bölüm: https://diziyiizle2.com/konusanlar-3/4-sezon-29-bolum/
📺 Embed URL bulundu: https://vidlax.xyz/embed/3195f6e0c054fa3c
🔍 Embed URL kontrol ediliyor: https://vidlax.xyz/embed/3195f6e0c054fa3c
❌ Embed URL kontrol hatası (https://vidlax.xyz/embed/3195f6e0c054fa3c): 404 Client Error: Not Found for url: https://vidlax.xyz/embed/3195f6e0c054fa3c

🔍 Vidlax direkt analizi: https://vidlax.xyz/embed/3195f6e0c054fa3c
Vidlax analiz hatası: 404 Client Error: Not Found for url: https://vidlax.xyz/embed/3195f6e0c054fa3c

🔍 Vidlax direkt analizi: https://diziyiizle2.com/konusanlar-3/4-sezon-29-bolum/
📄 Sayfa içeriği alındı: 360235 karakter
❌ m3u8 URL'si bulunamadı
      ❌ m3u8 bulunamadı
   🔍 [171/213] Bölüm: https://diziyiizle2.com/konusanlar-3/4-sezon-30-bolum/
📺 Embed URL bulundu: https://vidlax.xyz/embed/1293b89967c8f1ea
🔍 Embed URL kontrol ediliyor: https://vidlax.xyz/embed/1293b89967c8f1ea
❌ Embed URL kontrol hatası (https://vidlax.xyz/embed/1293b89967c8f1ea): 404 Client Error: Not Found for url: https://vidlax.xyz/embed/1293b89967c8f1ea

🔍 Vidlax direkt analizi: https://vidlax.xyz/embed/1293b89967c8f1ea
Vidlax analiz hatası: 404 Client Error: Not Found for url: https://vidlax.xyz/embed/1293b89967c8f1ea

🔍 Vidlax direkt analizi: https://diziyiizle2.com/konusanlar-3/4-sezon-30-bolum/
📄 Sayfa içeriği alındı: 360203 karakter
❌ m3u8 URL'si bulunamadı
      ❌ m3u8 bulunamadı
   🔍 [172/213] Bölüm: https://diziyiizle2.com/konusanlar-3/4-sezon-31-bolum/
📺 Embed URL bulundu: https://vidlax.xyz/embed/2a9f7f22ea498c8b
🔍 Embed URL kontrol ediliyor: https://vidlax.xyz/embed/2a9f7f22ea498c8b
❌ Embed URL kontrol hatası (https://vidlax.xyz/embed/2a9f7f22ea498c8b): 404 Client Error: Not Found for url: https://vidlax.xyz/embed/2a9f7f22ea498c8b

🔍 Vidlax direkt analizi: https://vidlax.xyz/embed/2a9f7f22ea498c8b
Vidlax analiz hatası: 404 Client Error: Not Found for url: https://vidlax.xyz/embed/2a9f7f22ea498c8b

🔍 Vidlax direkt analizi: https://diziyiizle2.com/konusanlar-3/4-sezon-31-bolum/
📄 Sayfa içeriği alındı: 360207 karakter
❌ m3u8 URL'si bulunamadı
      ❌ m3u8 bulunamadı
   🔍 [173/213] Bölüm: https://diziyiizle2.com/konusanlar-3/4-sezon-32-bolum/
📺 Embed URL bulundu: https://vidlax.xyz/embed/8d203365dfcc8cf2
🔍 Embed URL kontrol ediliyor: https://vidlax.xyz/embed/8d203365dfcc8cf2
❌ Embed URL kontrol hatası (https://vidlax.xyz/embed/8d203365dfcc8cf2): 404 Client Error: Not Found for url: https://vidlax.xyz/embed/8d203365dfcc8cf2

🔍 Vidlax direkt analizi: https://vidlax.xyz/embed/8d203365dfcc8cf2
Vidlax analiz hatası: 404 Client Error: Not Found for url: https://vidlax.xyz/embed/8d203365dfcc8cf2

🔍 Vidlax direkt analizi: https://diziyiizle2.com/konusanlar-3/4-sezon-32-bolum/
📄 Sayfa içeriği alındı: 360237 karakter
❌ m3u8 URL'si bulunamadı
      ❌ m3u8 bulunamadı
   🔍 [174/213] Bölüm: https://diziyiizle2.com/konusanlar-3/4-sezon-33-bolum/

🔍 Vidlax direkt analizi: https://diziyiizle2.com/konusanlar-3/4-sezon-33-bolum/
📄 Sayfa içeriği alındı: 359984 karakter
❌ m3u8 URL'si bulunamadı
      ❌ m3u8 bulunamadı
   🔍 [175/213] Bölüm: https://diziyiizle2.com/konusanlar-3/4-sezon-34-bolum/

🔍 Vidlax direkt analizi: https://diziyiizle2.com/konusanlar-3/4-sezon-34-bolum/
📄 Sayfa içeriği alındı: 360055 karakter
❌ m3u8 URL'si bulunamadı
      ❌ m3u8 bulunamadı
   🔍 [176/213] Bölüm: https://diziyiizle2.com/konusanlar-3/4-sezon-35-bolum/

🔍 Vidlax direkt analizi: https://diziyiizle2.com/konusanlar-3/4-sezon-35-bolum/
📄 Sayfa içeriği alındı: 360116 karakter
❌ m3u8 URL'si bulunamadı
      ❌ m3u8 bulunamadı
   🔍 [177/213] Bölüm: https://diziyiizle2.com/konusanlar-3/4-sezon-36-bolum/

🔍 Vidlax direkt analizi: https://diziyiizle2.com/konusanlar-3/4-sezon-36-bolum/
📄 Sayfa içeriği alındı: 360064 karakter
❌ m3u8 URL'si bulunamadı
      ❌ m3u8 bulunamadı
   🔍 [178/213] Bölüm: https://diziyiizle2.com/konusanlar-3/4-sezon-37-bolum/

🔍 Vidlax direkt analizi: https://diziyiizle2.com/konusanlar-3/4-sezon-37-bolum/
📄 Sayfa içeriği alındı: 360181 karakter
❌ m3u8 URL'si bulunamadı
      ❌ m3u8 bulunamadı
   🔍 [179/213] Bölüm: https://diziyiizle2.com/konusanlar-3/4-sezon-38-bolum/

🔍 Vidlax direkt analizi: https://diziyiizle2.com/konusanlar-3/4-sezon-38-bolum/
📄 Sayfa içeriği alındı: 360188 karakter
❌ m3u8 URL'si bulunamadı
      ❌ m3u8 bulunamadı
   🔍 [180/213] Bölüm: https://diziyiizle2.com/konusanlar-3/4-sezon-39-bolum/

🔍 Vidlax direkt analizi: https://diziyiizle2.com/konusanlar-3/4-sezon-39-bolum/
📄 Sayfa içeriği alındı: 359956 karakter
❌ m3u8 URL'si bulunamadı
      ❌ m3u8 bulunamadı
   🔍 [181/213] Bölüm: https://diziyiizle2.com/konusanlar-3/4-sezon-40-bolum/

🔍 Vidlax direkt analizi: https://diziyiizle2.com/konusanlar-3/4-sezon-40-bolum/
📄 Sayfa içeriği alındı: 360089 karakter
❌ m3u8 URL'si bulunamadı
      ❌ m3u8 bulunamadı
   🔍 [182/213] Bölüm: https://diziyiizle2.com/konusanlar-3/5-sezon-1-bolum/
📺 Embed URL bulundu: https://vidlax.xyz/embed/7e78fd02c91b2c03
🔍 Embed URL kontrol ediliyor: https://vidlax.xyz/embed/7e78fd02c91b2c03
❌ Embed URL kontrol hatası (https://vidlax.xyz/embed/7e78fd02c91b2c03): 404 Client Error: Not Found for url: https://vidlax.xyz/embed/7e78fd02c91b2c03

🔍 Vidlax direkt analizi: https://vidlax.xyz/embed/7e78fd02c91b2c03
Vidlax analiz hatası: 404 Client Error: Not Found for url: https://vidlax.xyz/embed/7e78fd02c91b2c03

🔍 Vidlax direkt analizi: https://diziyiizle2.com/konusanlar-3/5-sezon-1-bolum/
📄 Sayfa içeriği alındı: 360319 karakter
❌ m3u8 URL'si bulunamadı
      ❌ m3u8 bulunamadı
   🔍 [183/213] Bölüm: https://diziyiizle2.com/konusanlar-3/5-sezon-2-bolum/

🔍 Vidlax direkt analizi: https://diziyiizle2.com/konusanlar-3/5-sezon-2-bolum/
📄 Sayfa içeriği alındı: 359965 karakter
❌ m3u8 URL'si bulunamadı
      ❌ m3u8 bulunamadı
   🔍 [184/213] Bölüm: https://diziyiizle2.com/konusanlar-3/5-sezon-3-bolum/

🔍 Vidlax direkt analizi: https://diziyiizle2.com/konusanlar-3/5-sezon-3-bolum/
📄 Sayfa içeriği alındı: 360137 karakter
❌ m3u8 URL'si bulunamadı
      ❌ m3u8 bulunamadı
   🔍 [185/213] Bölüm: https://diziyiizle2.com/konusanlar-3/5-sezon-4-bolum/

🔍 Vidlax direkt analizi: https://diziyiizle2.com/konusanlar-3/5-sezon-4-bolum/
📄 Sayfa içeriği alındı: 359877 karakter
❌ m3u8 URL'si bulunamadı
      ❌ m3u8 bulunamadı
   🔍 [186/213] Bölüm: https://diziyiizle2.com/konusanlar-3/5-sezon-5-bolum/

🔍 Vidlax direkt analizi: https://diziyiizle2.com/konusanlar-3/5-sezon-5-bolum/
📄 Sayfa içeriği alındı: 360015 karakter
❌ m3u8 URL'si bulunamadı
      ❌ m3u8 bulunamadı
   🔍 [187/213] Bölüm: https://diziyiizle2.com/konusanlar-3/5-sezon-6-bolum/

🔍 Vidlax direkt analizi: https://diziyiizle2.com/konusanlar-3/5-sezon-6-bolum/
📄 Sayfa içeriği alındı: 359989 karakter
❌ m3u8 URL'si bulunamadı
      ❌ m3u8 bulunamadı
   🔍 [188/213] Bölüm: https://diziyiizle2.com/konusanlar-3/5-sezon-7-bolum/

🔍 Vidlax direkt analizi: https://diziyiizle2.com/konusanlar-3/5-sezon-7-bolum/
📄 Sayfa içeriği alındı: 360150 karakter
❌ m3u8 URL'si bulunamadı
      ❌ m3u8 bulunamadı
   🔍 [189/213] Bölüm: https://diziyiizle2.com/konusanlar-3/5-sezon-8-bolum/

🔍 Vidlax direkt analizi: https://diziyiizle2.com/konusanlar-3/5-sezon-8-bolum/
📄 Sayfa içeriği alındı: 360046 karakter
❌ m3u8 URL'si bulunamadı
      ❌ m3u8 bulunamadı
   🔍 [190/213] Bölüm: https://diziyiizle2.com/konusanlar-3/5-sezon-9-bolum/

🔍 Vidlax direkt analizi: https://diziyiizle2.com/konusanlar-3/5-sezon-9-bolum/
📄 Sayfa içeriği alındı: 360061 karakter
❌ m3u8 URL'si bulunamadı
      ❌ m3u8 bulunamadı
   🔍 [191/213] Bölüm: https://diziyiizle2.com/konusanlar-3/5-sezon-10-bolum/

🔍 Vidlax direkt analizi: https://diziyiizle2.com/konusanlar-3/5-sezon-10-bolum/
📄 Sayfa içeriği alındı: 360031 karakter
❌ m3u8 URL'si bulunamadı
      ❌ m3u8 bulunamadı
   🔍 [192/213] Bölüm: https://diziyiizle2.com/konusanlar-3/5-sezon-11-bolum/

🔍 Vidlax direkt analizi: https://diziyiizle2.com/konusanlar-3/5-sezon-11-bolum/
📄 Sayfa içeriği alındı: 359988 karakter
❌ m3u8 URL'si bulunamadı
      ❌ m3u8 bulunamadı
   🔍 [193/213] Bölüm: https://diziyiizle2.com/konusanlar-3/5-sezon-12-bolum/

🔍 Vidlax direkt analizi: https://diziyiizle2.com/konusanlar-3/5-sezon-12-bolum/
📄 Sayfa içeriği alındı: 359948 karakter
❌ m3u8 URL'si bulunamadı
      ❌ m3u8 bulunamadı
   🔍 [194/213] Bölüm: https://diziyiizle2.com/konusanlar-3/5-sezon-13-bolum/

🔍 Vidlax direkt analizi: https://diziyiizle2.com/konusanlar-3/5-sezon-13-bolum/
📄 Sayfa içeriği alındı: 359932 karakter
❌ m3u8 URL'si bulunamadı
      ❌ m3u8 bulunamadı
   🔍 [195/213] Bölüm: https://diziyiizle2.com/konusanlar-3/5-sezon-14-bolum/

🔍 Vidlax direkt analizi: https://diziyiizle2.com/konusanlar-3/5-sezon-14-bolum/
📄 Sayfa içeriği alındı: 360019 karakter
❌ m3u8 URL'si bulunamadı
      ❌ m3u8 bulunamadı
   🔍 [196/213] Bölüm: https://diziyiizle2.com/konusanlar-3/5-sezon-15-bolum/

🔍 Vidlax direkt analizi: https://diziyiizle2.com/konusanlar-3/5-sezon-15-bolum/
📄 Sayfa içeriği alındı: 360054 karakter
❌ m3u8 URL'si bulunamadı
      ❌ m3u8 bulunamadı
   🔍 [197/213] Bölüm: https://diziyiizle2.com/konusanlar-3/5-sezon-16-bolum/

🔍 Vidlax direkt analizi: https://diziyiizle2.com/konusanlar-3/5-sezon-16-bolum/
📄 Sayfa içeriği alındı: 360105 karakter
❌ m3u8 URL'si bulunamadı
      ❌ m3u8 bulunamadı
   🔍 [198/213] Bölüm: https://diziyiizle2.com/konusanlar-3/5-sezon-17-bolum/

🔍 Vidlax direkt analizi: https://diziyiizle2.com/konusanlar-3/5-sezon-17-bolum/
📄 Sayfa içeriği alındı: 360043 karakter
❌ m3u8 URL'si bulunamadı
      ❌ m3u8 bulunamadı
   🔍 [199/213] Bölüm: https://diziyiizle2.com/konusanlar-3/5-sezon-18-bolum/

🔍 Vidlax direkt analizi: https://diziyiizle2.com/konusanlar-3/5-sezon-18-bolum/
📄 Sayfa içeriği alındı: 360035 karakter
❌ m3u8 URL'si bulunamadı
      ❌ m3u8 bulunamadı
   🔍 [200/213] Bölüm: https://diziyiizle2.com/konusanlar-3/5-sezon-19-bolum/

🔍 Vidlax direkt analizi: https://diziyiizle2.com/konusanlar-3/5-sezon-19-bolum/
📄 Sayfa içeriği alındı: 360032 karakter
❌ m3u8 URL'si bulunamadı
      ❌ m3u8 bulunamadı
   🔍 [201/213] Bölüm: https://diziyiizle2.com/konusanlar-3/5-sezon-20-bolum/

🔍 Vidlax direkt analizi: https://diziyiizle2.com/konusanlar-3/5-sezon-20-bolum/
📄 Sayfa içeriği alındı: 359996 karakter
❌ m3u8 URL'si bulunamadı
      ❌ m3u8 bulunamadı
   🔍 [202/213] Bölüm: https://diziyiizle2.com/konusanlar-3/5-sezon-21-bolum/

🔍 Vidlax direkt analizi: https://diziyiizle2.com/konusanlar-3/5-sezon-21-bolum/
📄 Sayfa içeriği alındı: 360088 karakter
❌ m3u8 URL'si bulunamadı
      ❌ m3u8 bulunamadı
   🔍 [203/213] Bölüm: https://diziyiizle2.com/konusanlar-3/5-sezon-22-bolum/

🔍 Vidlax direkt analizi: https://diziyiizle2.com/konusanlar-3/5-sezon-22-bolum/
📄 Sayfa içeriği alındı: 360068 karakter
❌ m3u8 URL'si bulunamadı
      ❌ m3u8 bulunamadı
   🔍 [204/213] Bölüm: https://diziyiizle2.com/konusanlar-3/5-sezon-23-bolum/

🔍 Vidlax direkt analizi: https://diziyiizle2.com/konusanlar-3/5-sezon-23-bolum/
📄 Sayfa içeriği alındı: 360047 karakter
❌ m3u8 URL'si bulunamadı
      ❌ m3u8 bulunamadı
   🔍 [205/213] Bölüm: https://diziyiizle2.com/konusanlar-3/5-sezon-24-bolum/

🔍 Vidlax direkt analizi: https://diziyiizle2.com/konusanlar-3/5-sezon-24-bolum/
📄 Sayfa içeriği alındı: 359984 karakter
❌ m3u8 URL'si bulunamadı
      ❌ m3u8 bulunamadı
   🔍 [206/213] Bölüm: https://diziyiizle2.com/konusanlar-3/5-sezon-25-bolum/

🔍 Vidlax direkt analizi: https://diziyiizle2.com/konusanlar-3/5-sezon-25-bolum/
📄 Sayfa içeriği alındı: 360059 karakter
❌ m3u8 URL'si bulunamadı
      ❌ m3u8 bulunamadı
   🔍 [207/213] Bölüm: https://diziyiizle2.com/konusanlar-3/5-sezon-26-bolum/

🔍 Vidlax direkt analizi: https://diziyiizle2.com/konusanlar-3/5-sezon-26-bolum/
📄 Sayfa içeriği alındı: 360035 karakter
❌ m3u8 URL'si bulunamadı
      ❌ m3u8 bulunamadı
   🔍 [208/213] Bölüm: https://diziyiizle2.com/konusanlar-3/5-sezon-27-bolum/

🔍 Vidlax direkt analizi: https://diziyiizle2.com/konusanlar-3/5-sezon-27-bolum/
📄 Sayfa içeriği alındı: 360084 karakter
❌ m3u8 URL'si bulunamadı
      ❌ m3u8 bulunamadı
   🔍 [209/213] Bölüm: https://diziyiizle2.com/konusanlar-3/5-sezon-28-bolum/

🔍 Vidlax direkt analizi: https://diziyiizle2.com/konusanlar-3/5-sezon-28-bolum/
📄 Sayfa içeriği alındı: 360047 karakter
❌ m3u8 URL'si bulunamadı
      ❌ m3u8 bulunamadı
   🔍 [210/213] Bölüm: https://diziyiizle2.com/konusanlar-3/5-sezon-29-bolum/

🔍 Vidlax direkt analizi: https://diziyiizle2.com/konusanlar-3/5-sezon-29-bolum/
📄 Sayfa içeriği alındı: 360257 karakter
❌ m3u8 URL'si bulunamadı
      ❌ m3u8 bulunamadı
   🔍 [211/213] Bölüm: https://diziyiizle2.com/konusanlar-3/5-sezon-30-bolum/

🔍 Vidlax direkt analizi: https://diziyiizle2.com/konusanlar-3/5-sezon-30-bolum/
📄 Sayfa içeriği alındı: 360085 karakter
❌ m3u8 URL'si bulunamadı
      ❌ m3u8 bulunamadı
   🔍 [212/213] Bölüm: https://diziyiizle2.com/konusanlar-3/5-sezon-31-bolum/

🔍 Vidlax direkt analizi: https://diziyiizle2.com/konusanlar-3/5-sezon-31-bolum/
📄 Sayfa içeriği alındı: 360004 karakter
❌ m3u8 URL'si bulunamadı
      ❌ m3u8 bulunamadı
   🔍 [213/213] Bölüm: https://diziyiizle2.com/konusanlar-3/5-sezon-32-bolum/

🔍 Vidlax direkt analizi: https://diziyiizle2.com/konusanlar-3/5-sezon-32-bolum/
📄 Sayfa içeriği alındı: 360040 karakter
❌ m3u8 URL'si bulunamadı
      ❌ m3u8 bulunamadı
   ❌ Bu dizi için hiç m3u8 bulunamadı

============================================================
🎬 [52/56] İşleniyor: https://diziyiizle2.com/dizi/watching-you/
📺 Bölüm bulundu: 1. Sezon 1. BölümAltyazılı03.10.2025 - https://diziyiizle2.com/watching-you/1-sezon-1-bolum/
📺 Bölüm bulundu: 1. Sezon 2. BölümAltyazılı03.10.2025 - https://diziyiizle2.com/watching-you/1-sezon-2-bolum/
📺 Bölüm bulundu: 1. Sezon 3. BölümAltyazılı10.10.2025 - https://diziyiizle2.com/watching-you/1-sezon-3-bolum/
📺 Bölüm bulundu: 1. Sezon 4. BölümAltyazılı17.10.2025 - https://diziyiizle2.com/watching-you/1-sezon-4-bolum/
📺 Bölüm bulundu: 1. Sezon 5. BölümAltyazılı10.10.2025 - https://diziyiizle2.com/watching-you/1-sezon-5-bolum/
📺 Bölüm bulundu: 1. Sezon 6. BölümAltyazılı10.10.2025 - https://diziyiizle2.com/watching-you/1-sezon-6-bolum/

📊 Toplam 6 bölüm bulundu
   🔍 [1/6] Bölüm: https://diziyiizle2.com/watching-you/1-sezon-1-bolum/
📺 Embed URL bulundu: https://vidlax.xyz/embed/b4da296ccf422e2d
🔍 Embed URL kontrol ediliyor: https://vidlax.xyz/embed/b4da296ccf422e2d
❌ Embed URL kontrol hatası (https://vidlax.xyz/embed/b4da296ccf422e2d): 404 Client Error: Not Found for url: https://vidlax.xyz/embed/b4da296ccf422e2d

🔍 Vidlax direkt analizi: https://vidlax.xyz/embed/b4da296ccf422e2d
Vidlax analiz hatası: 404 Client Error: Not Found for url: https://vidlax.xyz/embed/b4da296ccf422e2d

🔍 Vidlax direkt analizi: https://diziyiizle2.com/watching-you/1-sezon-1-bolum/
📄 Sayfa içeriği alındı: 92690 karakter
❌ m3u8 URL'si bulunamadı
      ❌ m3u8 bulunamadı
   🔍 [2/6] Bölüm: https://diziyiizle2.com/watching-you/1-sezon-2-bolum/
📺 Embed URL bulundu: https://vidlax.xyz/embed/62cdcd73613b262f
🔍 Embed URL kontrol ediliyor: https://vidlax.xyz/embed/62cdcd73613b262f
❌ Embed URL kontrol hatası (https://vidlax.xyz/embed/62cdcd73613b262f): 404 Client Error: Not Found for url: https://vidlax.xyz/embed/62cdcd73613b262f

🔍 Vidlax direkt analizi: https://vidlax.xyz/embed/62cdcd73613b262f
Vidlax analiz hatası: 404 Client Error: Not Found for url: https://vidlax.xyz/embed/62cdcd73613b262f

🔍 Vidlax direkt analizi: https://diziyiizle2.com/watching-you/1-sezon-2-bolum/
📄 Sayfa içeriği alındı: 92690 karakter
❌ m3u8 URL'si bulunamadı
      ❌ m3u8 bulunamadı
   🔍 [3/6] Bölüm: https://diziyiizle2.com/watching-you/1-sezon-3-bolum/
📺 Embed URL bulundu: https://vidlax.xyz/embed/58914800e6d517f0
🔍 Embed URL kontrol ediliyor: https://vidlax.xyz/embed/58914800e6d517f0
❌ Embed URL kontrol hatası (https://vidlax.xyz/embed/58914800e6d517f0): 404 Client Error: Not Found for url: https://vidlax.xyz/embed/58914800e6d517f0

🔍 Vidlax direkt analizi: https://vidlax.xyz/embed/58914800e6d517f0
Vidlax analiz hatası: 404 Client Error: Not Found for url: https://vidlax.xyz/embed/58914800e6d517f0

🔍 Vidlax direkt analizi: https://diziyiizle2.com/watching-you/1-sezon-3-bolum/
📄 Sayfa içeriği alındı: 93344 karakter
❌ m3u8 URL'si bulunamadı
      ❌ m3u8 bulunamadı
   🔍 [4/6] Bölüm: https://diziyiizle2.com/watching-you/1-sezon-4-bolum/

🔍 Vidlax direkt analizi: https://diziyiizle2.com/watching-you/1-sezon-4-bolum/
📄 Sayfa içeriği alındı: 92644 karakter
❌ m3u8 URL'si bulunamadı
      ❌ m3u8 bulunamadı
   🔍 [5/6] Bölüm: https://diziyiizle2.com/watching-you/1-sezon-5-bolum/

🔍 Vidlax direkt analizi: https://diziyiizle2.com/watching-you/1-sezon-5-bolum/
📄 Sayfa içeriği alındı: 92644 karakter
❌ m3u8 URL'si bulunamadı
      ❌ m3u8 bulunamadı
   🔍 [6/6] Bölüm: https://diziyiizle2.com/watching-you/1-sezon-6-bolum/

🔍 Vidlax direkt analizi: https://diziyiizle2.com/watching-you/1-sezon-6-bolum/
📄 Sayfa içeriği alındı: 92644 karakter
❌ m3u8 URL'si bulunamadı
      ❌ m3u8 bulunamadı
   ❌ Bu dizi için hiç m3u8 bulunamadı

============================================================
🎬 [53/56] İşleniyor: https://diziyiizle2.com/dizi/dudes/
📺 Bölüm bulundu: 1. Sezon 1. BölümAltyazılı02.10.202538 dk. - https://diziyiizle2.com/dudes/1-sezon-1-bolum/
📺 Bölüm bulundu: 1. Sezon 2. BölümDublaj02.10.202536 dk. - https://diziyiizle2.com/dudes/1-sezon-2-bolum/
📺 Bölüm bulundu: 1. Sezon 3. BölümAltyazılı02.10.202536 dk. - https://diziyiizle2.com/dudes/1-sezon-3-bolum/
📺 Bölüm bulundu: 1. Sezon 4. BölümAltyazılı02.10.202535 dk. - https://diziyiizle2.com/dudes/1-sezon-4-bolum/
📺 Bölüm bulundu: 1. Sezon 5. BölümAltyazılı02.10.202533 dk. - https://diziyiizle2.com/dudes/1-sezon-5-bolum/
📺 Bölüm bulundu: 1. Sezon 6. BölümDublaj02.10.202535 dk. - https://diziyiizle2.com/dudes/1-sezon-6-bolum/
📺 Bölüm bulundu: 1. Sezon 7. BölümAltyazılı02.10.202534 dk. - https://diziyiizle2.com/dudes/1-sezon-7-bolum/
📺 Bölüm bulundu: 1. Sezon 8. BölümAltyazılı02.10.202536 dk. - https://diziyiizle2.com/dudes/1-sezon-8-bolum/

📊 Toplam 8 bölüm bulundu
   🔍 [1/8] Bölüm: https://diziyiizle2.com/dudes/1-sezon-1-bolum/
📺 Embed URL bulundu: https://vidlax.xyz/embed/a3ccd62b2ced48e8
🔍 Embed URL kontrol ediliyor: https://vidlax.xyz/embed/a3ccd62b2ced48e8
❌ Embed URL kontrol hatası (https://vidlax.xyz/embed/a3ccd62b2ced48e8): 404 Client Error: Not Found for url: https://vidlax.xyz/embed/a3ccd62b2ced48e8

🔍 Vidlax direkt analizi: https://vidlax.xyz/embed/a3ccd62b2ced48e8
Vidlax analiz hatası: 404 Client Error: Not Found for url: https://vidlax.xyz/embed/a3ccd62b2ced48e8

🔍 Vidlax direkt analizi: https://diziyiizle2.com/dudes/1-sezon-1-bolum/
📄 Sayfa içeriği alındı: 95266 karakter
❌ m3u8 URL'si bulunamadı
      ❌ m3u8 bulunamadı
   🔍 [2/8] Bölüm: https://diziyiizle2.com/dudes/1-sezon-2-bolum/
📺 Embed URL bulundu: https://vidlax.xyz/embed/acfe717a90997d2d
🔍 Embed URL kontrol ediliyor: https://vidlax.xyz/embed/acfe717a90997d2d
❌ Embed URL kontrol hatası (https://vidlax.xyz/embed/acfe717a90997d2d): 404 Client Error: Not Found for url: https://vidlax.xyz/embed/acfe717a90997d2d

🔍 Vidlax direkt analizi: https://vidlax.xyz/embed/acfe717a90997d2d
Vidlax analiz hatası: 404 Client Error: Not Found for url: https://vidlax.xyz/embed/acfe717a90997d2d

🔍 Vidlax direkt analizi: https://diziyiizle2.com/dudes/1-sezon-2-bolum/
📄 Sayfa içeriği alındı: 95267 karakter
❌ m3u8 URL'si bulunamadı
      ❌ m3u8 bulunamadı
   🔍 [3/8] Bölüm: https://diziyiizle2.com/dudes/1-sezon-3-bolum/
📺 Embed URL bulundu: https://vidlax.xyz/embed/c1cfe7c5a8eb2d20
🔍 Embed URL kontrol ediliyor: https://vidlax.xyz/embed/c1cfe7c5a8eb2d20
❌ Embed URL kontrol hatası (https://vidlax.xyz/embed/c1cfe7c5a8eb2d20): 404 Client Error: Not Found for url: https://vidlax.xyz/embed/c1cfe7c5a8eb2d20

🔍 Vidlax direkt analizi: https://vidlax.xyz/embed/c1cfe7c5a8eb2d20
Vidlax analiz hatası: 404 Client Error: Not Found for url: https://vidlax.xyz/embed/c1cfe7c5a8eb2d20

🔍 Vidlax direkt analizi: https://diziyiizle2.com/dudes/1-sezon-3-bolum/
📄 Sayfa içeriği alındı: 95267 karakter
❌ m3u8 URL'si bulunamadı
      ❌ m3u8 bulunamadı
   🔍 [4/8] Bölüm: https://diziyiizle2.com/dudes/1-sezon-4-bolum/
📺 Embed URL bulundu: https://vidlax.xyz/embed/38e93ef122bb9034
🔍 Embed URL kontrol ediliyor: https://vidlax.xyz/embed/38e93ef122bb9034
❌ Embed URL kontrol hatası (https://vidlax.xyz/embed/38e93ef122bb9034): 404 Client Error: Not Found for url: https://vidlax.xyz/embed/38e93ef122bb9034

🔍 Vidlax direkt analizi: https://vidlax.xyz/embed/38e93ef122bb9034
Vidlax analiz hatası: 404 Client Error: Not Found for url: https://vidlax.xyz/embed/38e93ef122bb9034

🔍 Vidlax direkt analizi: https://diziyiizle2.com/dudes/1-sezon-4-bolum/
📄 Sayfa içeriği alındı: 95266 karakter
❌ m3u8 URL'si bulunamadı
      ❌ m3u8 bulunamadı
   🔍 [5/8] Bölüm: https://diziyiizle2.com/dudes/1-sezon-5-bolum/
📺 Embed URL bulundu: https://vidlax.xyz/embed/80b89f6ca4130e5e
🔍 Embed URL kontrol ediliyor: https://vidlax.xyz/embed/80b89f6ca4130e5e
❌ Embed URL kontrol hatası (https://vidlax.xyz/embed/80b89f6ca4130e5e): 404 Client Error: Not Found for url: https://vidlax.xyz/embed/80b89f6ca4130e5e

🔍 Vidlax direkt analizi: https://vidlax.xyz/embed/80b89f6ca4130e5e
Vidlax analiz hatası: 404 Client Error: Not Found for url: https://vidlax.xyz/embed/80b89f6ca4130e5e

🔍 Vidlax direkt analizi: https://diziyiizle2.com/dudes/1-sezon-5-bolum/
📄 Sayfa içeriği alındı: 95267 karakter
❌ m3u8 URL'si bulunamadı
      ❌ m3u8 bulunamadı
   🔍 [6/8] Bölüm: https://diziyiizle2.com/dudes/1-sezon-6-bolum/
📺 Embed URL bulundu: https://vidlax.xyz/embed/36fe6b73969243d2
🔍 Embed URL kontrol ediliyor: https://vidlax.xyz/embed/36fe6b73969243d2
❌ Embed URL kontrol hatası (https://vidlax.xyz/embed/36fe6b73969243d2): 404 Client Error: Not Found for url: https://vidlax.xyz/embed/36fe6b73969243d2

🔍 Vidlax direkt analizi: https://vidlax.xyz/embed/36fe6b73969243d2
Vidlax analiz hatası: 404 Client Error: Not Found for url: https://vidlax.xyz/embed/36fe6b73969243d2

🔍 Vidlax direkt analizi: https://diziyiizle2.com/dudes/1-sezon-6-bolum/
📄 Sayfa içeriği alındı: 95267 karakter
❌ m3u8 URL'si bulunamadı
      ❌ m3u8 bulunamadı
   🔍 [7/8] Bölüm: https://diziyiizle2.com/dudes/1-sezon-7-bolum/
📺 Embed URL bulundu: https://vidlax.xyz/embed/3bbaaaaf9b387fe1
🔍 Embed URL kontrol ediliyor: https://vidlax.xyz/embed/3bbaaaaf9b387fe1
❌ Embed URL kontrol hatası (https://vidlax.xyz/embed/3bbaaaaf9b387fe1): 404 Client Error: Not Found for url: https://vidlax.xyz/embed/3bbaaaaf9b387fe1

🔍 Vidlax direkt analizi: https://vidlax.xyz/embed/3bbaaaaf9b387fe1
Vidlax analiz hatası: 404 Client Error: Not Found for url: https://vidlax.xyz/embed/3bbaaaaf9b387fe1

🔍 Vidlax direkt analizi: https://diziyiizle2.com/dudes/1-sezon-7-bolum/
📄 Sayfa içeriği alındı: 95267 karakter
❌ m3u8 URL'si bulunamadı
      ❌ m3u8 bulunamadı
   🔍 [8/8] Bölüm: https://diziyiizle2.com/dudes/1-sezon-8-bolum/
📺 Embed URL bulundu: https://vidlax.xyz/embed/1bb67c55cc492273
🔍 Embed URL kontrol ediliyor: https://vidlax.xyz/embed/1bb67c55cc492273
❌ Embed URL kontrol hatası (https://vidlax.xyz/embed/1bb67c55cc492273): 404 Client Error: Not Found for url: https://vidlax.xyz/embed/1bb67c55cc492273

🔍 Vidlax direkt analizi: https://vidlax.xyz/embed/1bb67c55cc492273
Vidlax analiz hatası: 404 Client Error: Not Found for url: https://vidlax.xyz/embed/1bb67c55cc492273

🔍 Vidlax direkt analizi: https://diziyiizle2.com/dudes/1-sezon-8-bolum/
📄 Sayfa içeriği alındı: 95267 karakter
❌ m3u8 URL'si bulunamadı
      ❌ m3u8 bulunamadı
   ❌ Bu dizi için hiç m3u8 bulunamadı

============================================================
🎬 [54/56] İşleniyor: https://diziyiizle2.com/dizi/riv4li/
📺 Bölüm bulundu: 1. Sezon 1. BölümAltyazılı02.10.202544 dk. - https://diziyiizle2.com/riv4li/1-sezon-1-bolum/
📺 Bölüm bulundu: 1. Sezon 2. BölümAltyazılı02.10.202534 dk. - https://diziyiizle2.com/riv4li/1-sezon-2-bolum/
📺 Bölüm bulundu: 1. Sezon 3. BölümAltyazılı02.10.202534 dk. - https://diziyiizle2.com/riv4li/1-sezon-3-bolum/
📺 Bölüm bulundu: 1. Sezon 4. BölümAltyazılı02.10.202531 dk. - https://diziyiizle2.com/riv4li/1-sezon-4-bolum/
📺 Bölüm bulundu: 1. Sezon 5. BölümAltyazılı02.10.202528 dk. - https://diziyiizle2.com/riv4li/1-sezon-5-bolum/
📺 Bölüm bulundu: 1. Sezon 6. BölümAltyazılı02.10.202531 dk. - https://diziyiizle2.com/riv4li/1-sezon-6-bolum/
📺 Bölüm bulundu: 1. Sezon 7. BölümAltyazılı02.10.202534 dk. - https://diziyiizle2.com/riv4li/1-sezon-7-bolum/
📺 Bölüm bulundu: 1. Sezon 8. BölümAltyazılı02.10.202535 dk. - https://diziyiizle2.com/riv4li/1-sezon-8-bolum/
📺 Bölüm bulundu: 1. Sezon 9. BölümAltyazılı02.10.202526 dk. - https://diziyiizle2.com/riv4li/1-sezon-9-bolum/
📺 Bölüm bulundu: 1. Sezon 10. BölümAltyazılı02.10.202531 dk. - https://diziyiizle2.com/riv4li/1-sezon-10-bolum/
📺 Bölüm bulundu: 1. Sezon 11. BölümAltyazılı02.10.202532 dk. - https://diziyiizle2.com/riv4li/1-sezon-11-bolum/
📺 Bölüm bulundu: 1. Sezon 12. BölümAltyazılı02.10.202532 dk. - https://diziyiizle2.com/riv4li/1-sezon-12-bolum/
📺 Bölüm bulundu: 1. Sezon 13. BölümAltyazılı02.10.202530 dk. - https://diziyiizle2.com/riv4li/1-sezon-13-bolum/
📺 Bölüm bulundu: 1. Sezon 14. BölümAltyazılı02.10.202530 dk. - https://diziyiizle2.com/riv4li/1-sezon-14-bolum/

📊 Toplam 14 bölüm bulundu
   🔍 [1/14] Bölüm: https://diziyiizle2.com/riv4li/1-sezon-1-bolum/
📺 Embed URL bulundu: https://vidlax.xyz/embed/ad18ad970f663b8d
🔍 Embed URL kontrol ediliyor: https://vidlax.xyz/embed/ad18ad970f663b8d
❌ Embed URL kontrol hatası (https://vidlax.xyz/embed/ad18ad970f663b8d): 404 Client Error: Not Found for url: https://vidlax.xyz/embed/ad18ad970f663b8d

🔍 Vidlax direkt analizi: https://vidlax.xyz/embed/ad18ad970f663b8d
Vidlax analiz hatası: 404 Client Error: Not Found for url: https://vidlax.xyz/embed/ad18ad970f663b8d

🔍 Vidlax direkt analizi: https://diziyiizle2.com/riv4li/1-sezon-1-bolum/
📄 Sayfa içeriği alındı: 102890 karakter
❌ m3u8 URL'si bulunamadı
      ❌ m3u8 bulunamadı
   🔍 [2/14] Bölüm: https://diziyiizle2.com/riv4li/1-sezon-2-bolum/
📺 Embed URL bulundu: https://vidlax.xyz/embed/4dd5610564abca9e
🔍 Embed URL kontrol ediliyor: https://vidlax.xyz/embed/4dd5610564abca9e
❌ Embed URL kontrol hatası (https://vidlax.xyz/embed/4dd5610564abca9e): 404 Client Error: Not Found for url: https://vidlax.xyz/embed/4dd5610564abca9e

🔍 Vidlax direkt analizi: https://vidlax.xyz/embed/4dd5610564abca9e
Vidlax analiz hatası: 404 Client Error: Not Found for url: https://vidlax.xyz/embed/4dd5610564abca9e

🔍 Vidlax direkt analizi: https://diziyiizle2.com/riv4li/1-sezon-2-bolum/
📄 Sayfa içeriği alındı: 102890 karakter
❌ m3u8 URL'si bulunamadı
      ❌ m3u8 bulunamadı
   🔍 [3/14] Bölüm: https://diziyiizle2.com/riv4li/1-sezon-3-bolum/
📺 Embed URL bulundu: https://vidlax.xyz/embed/c562993353b6a875
🔍 Embed URL kontrol ediliyor: https://vidlax.xyz/embed/c562993353b6a875
❌ Embed URL kontrol hatası (https://vidlax.xyz/embed/c562993353b6a875): 404 Client Error: Not Found for url: https://vidlax.xyz/embed/c562993353b6a875

🔍 Vidlax direkt analizi: https://vidlax.xyz/embed/c562993353b6a875
Vidlax analiz hatası: 404 Client Error: Not Found for url: https://vidlax.xyz/embed/c562993353b6a875

🔍 Vidlax direkt analizi: https://diziyiizle2.com/riv4li/1-sezon-3-bolum/
📄 Sayfa içeriği alındı: 102891 karakter
❌ m3u8 URL'si bulunamadı
      ❌ m3u8 bulunamadı
   🔍 [4/14] Bölüm: https://diziyiizle2.com/riv4li/1-sezon-4-bolum/
📺 Embed URL bulundu: https://vidlax.xyz/embed/c14acb321cbc6ae2
🔍 Embed URL kontrol ediliyor: https://vidlax.xyz/embed/c14acb321cbc6ae2
❌ Embed URL kontrol hatası (https://vidlax.xyz/embed/c14acb321cbc6ae2): 404 Client Error: Not Found for url: https://vidlax.xyz/embed/c14acb321cbc6ae2

🔍 Vidlax direkt analizi: https://vidlax.xyz/embed/c14acb321cbc6ae2
Vidlax analiz hatası: 404 Client Error: Not Found for url: https://vidlax.xyz/embed/c14acb321cbc6ae2

🔍 Vidlax direkt analizi: https://diziyiizle2.com/riv4li/1-sezon-4-bolum/
📄 Sayfa içeriği alındı: 102890 karakter
❌ m3u8 URL'si bulunamadı
      ❌ m3u8 bulunamadı
   🔍 [5/14] Bölüm: https://diziyiizle2.com/riv4li/1-sezon-5-bolum/
📺 Embed URL bulundu: https://vidlax.xyz/embed/2bdc19392c358f59
🔍 Embed URL kontrol ediliyor: https://vidlax.xyz/embed/2bdc19392c358f59
❌ Embed URL kontrol hatası (https://vidlax.xyz/embed/2bdc19392c358f59): 404 Client Error: Not Found for url: https://vidlax.xyz/embed/2bdc19392c358f59

🔍 Vidlax direkt analizi: https://vidlax.xyz/embed/2bdc19392c358f59
Vidlax analiz hatası: 404 Client Error: Not Found for url: https://vidlax.xyz/embed/2bdc19392c358f59

🔍 Vidlax direkt analizi: https://diziyiizle2.com/riv4li/1-sezon-5-bolum/
📄 Sayfa içeriği alındı: 102890 karakter
❌ m3u8 URL'si bulunamadı
      ❌ m3u8 bulunamadı
   🔍 [6/14] Bölüm: https://diziyiizle2.com/riv4li/1-sezon-6-bolum/
📺 Embed URL bulundu: https://vidlax.xyz/embed/e78de353a535f6e2
🔍 Embed URL kontrol ediliyor: https://vidlax.xyz/embed/e78de353a535f6e2
❌ Embed URL kontrol hatası (https://vidlax.xyz/embed/e78de353a535f6e2): 404 Client Error: Not Found for url: https://vidlax.xyz/embed/e78de353a535f6e2

🔍 Vidlax direkt analizi: https://vidlax.xyz/embed/e78de353a535f6e2
Vidlax analiz hatası: 404 Client Error: Not Found for url: https://vidlax.xyz/embed/e78de353a535f6e2

🔍 Vidlax direkt analizi: https://diziyiizle2.com/riv4li/1-sezon-6-bolum/
📄 Sayfa içeriği alındı: 102891 karakter
❌ m3u8 URL'si bulunamadı
      ❌ m3u8 bulunamadı
   🔍 [7/14] Bölüm: https://diziyiizle2.com/riv4li/1-sezon-7-bolum/
📺 Embed URL bulundu: https://vidlax.xyz/embed/624f9134fa7a27d7
🔍 Embed URL kontrol ediliyor: https://vidlax.xyz/embed/624f9134fa7a27d7
❌ Embed URL kontrol hatası (https://vidlax.xyz/embed/624f9134fa7a27d7): 404 Client Error: Not Found for url: https://vidlax.xyz/embed/624f9134fa7a27d7

🔍 Vidlax direkt analizi: https://vidlax.xyz/embed/624f9134fa7a27d7
Vidlax analiz hatası: 404 Client Error: Not Found for url: https://vidlax.xyz/embed/624f9134fa7a27d7

🔍 Vidlax direkt analizi: https://diziyiizle2.com/riv4li/1-sezon-7-bolum/
📄 Sayfa içeriği alındı: 102890 karakter
❌ m3u8 URL'si bulunamadı
      ❌ m3u8 bulunamadı
   🔍 [8/14] Bölüm: https://diziyiizle2.com/riv4li/1-sezon-8-bolum/
📺 Embed URL bulundu: https://vidlax.xyz/embed/f1f3534b393f5b0b
🔍 Embed URL kontrol ediliyor: https://vidlax.xyz/embed/f1f3534b393f5b0b
❌ Embed URL kontrol hatası (https://vidlax.xyz/embed/f1f3534b393f5b0b): 404 Client Error: Not Found for url: https://vidlax.xyz/embed/f1f3534b393f5b0b

🔍 Vidlax direkt analizi: https://vidlax.xyz/embed/f1f3534b393f5b0b
Vidlax analiz hatası: 404 Client Error: Not Found for url: https://vidlax.xyz/embed/f1f3534b393f5b0b

🔍 Vidlax direkt analizi: https://diziyiizle2.com/riv4li/1-sezon-8-bolum/
📄 Sayfa içeriği alındı: 102889 karakter
❌ m3u8 URL'si bulunamadı
      ❌ m3u8 bulunamadı
   🔍 [9/14] Bölüm: https://diziyiizle2.com/riv4li/1-sezon-9-bolum/
📺 Embed URL bulundu: https://vidlax.xyz/embed/42cf52ca2e8eeb20
🔍 Embed URL kontrol ediliyor: https://vidlax.xyz/embed/42cf52ca2e8eeb20
❌ Embed URL kontrol hatası (https://vidlax.xyz/embed/42cf52ca2e8eeb20): 404 Client Error: Not Found for url: https://vidlax.xyz/embed/42cf52ca2e8eeb20

🔍 Vidlax direkt analizi: https://vidlax.xyz/embed/42cf52ca2e8eeb20
Vidlax analiz hatası: 404 Client Error: Not Found for url: https://vidlax.xyz/embed/42cf52ca2e8eeb20

🔍 Vidlax direkt analizi: https://diziyiizle2.com/riv4li/1-sezon-9-bolum/
📄 Sayfa içeriği alındı: 102890 karakter
❌ m3u8 URL'si bulunamadı
      ❌ m3u8 bulunamadı
   🔍 [10/14] Bölüm: https://diziyiizle2.com/riv4li/1-sezon-10-bolum/
📺 Embed URL bulundu: https://vidlax.xyz/embed/1ed2f498f3dbffe7
🔍 Embed URL kontrol ediliyor: https://vidlax.xyz/embed/1ed2f498f3dbffe7
❌ Embed URL kontrol hatası (https://vidlax.xyz/embed/1ed2f498f3dbffe7): 404 Client Error: Not Found for url: https://vidlax.xyz/embed/1ed2f498f3dbffe7

🔍 Vidlax direkt analizi: https://vidlax.xyz/embed/1ed2f498f3dbffe7
Vidlax analiz hatası: 404 Client Error: Not Found for url: https://vidlax.xyz/embed/1ed2f498f3dbffe7

🔍 Vidlax direkt analizi: https://diziyiizle2.com/riv4li/1-sezon-10-bolum/
📄 Sayfa içeriği alındı: 102907 karakter
❌ m3u8 URL'si bulunamadı
      ❌ m3u8 bulunamadı
   🔍 [11/14] Bölüm: https://diziyiizle2.com/riv4li/1-sezon-11-bolum/
📺 Embed URL bulundu: https://vidlax.xyz/embed/4134f4fc3a393d08
🔍 Embed URL kontrol ediliyor: https://vidlax.xyz/embed/4134f4fc3a393d08
❌ Embed URL kontrol hatası (https://vidlax.xyz/embed/4134f4fc3a393d08): 404 Client Error: Not Found for url: https://vidlax.xyz/embed/4134f4fc3a393d08

🔍 Vidlax direkt analizi: https://vidlax.xyz/embed/4134f4fc3a393d08
Vidlax analiz hatası: 404 Client Error: Not Found for url: https://vidlax.xyz/embed/4134f4fc3a393d08

🔍 Vidlax direkt analizi: https://diziyiizle2.com/riv4li/1-sezon-11-bolum/
📄 Sayfa içeriği alındı: 102908 karakter
❌ m3u8 URL'si bulunamadı
      ❌ m3u8 bulunamadı
   🔍 [12/14] Bölüm: https://diziyiizle2.com/riv4li/1-sezon-12-bolum/
📺 Embed URL bulundu: https://vidlax.xyz/embed/1485bd272f027de0
🔍 Embed URL kontrol ediliyor: https://vidlax.xyz/embed/1485bd272f027de0
❌ Embed URL kontrol hatası (https://vidlax.xyz/embed/1485bd272f027de0): 404 Client Error: Not Found for url: https://vidlax.xyz/embed/1485bd272f027de0

🔍 Vidlax direkt analizi: https://vidlax.xyz/embed/1485bd272f027de0
Vidlax analiz hatası: 404 Client Error: Not Found for url: https://vidlax.xyz/embed/1485bd272f027de0

🔍 Vidlax direkt analizi: https://diziyiizle2.com/riv4li/1-sezon-12-bolum/
📄 Sayfa içeriği alındı: 102909 karakter
❌ m3u8 URL'si bulunamadı
      ❌ m3u8 bulunamadı
   🔍 [13/14] Bölüm: https://diziyiizle2.com/riv4li/1-sezon-13-bolum/
📺 Embed URL bulundu: https://vidlax.xyz/embed/897dea5b8189576b
🔍 Embed URL kontrol ediliyor: https://vidlax.xyz/embed/897dea5b8189576b
❌ Embed URL kontrol hatası (https://vidlax.xyz/embed/897dea5b8189576b): 404 Client Error: Not Found for url: https://vidlax.xyz/embed/897dea5b8189576b

🔍 Vidlax direkt analizi: https://vidlax.xyz/embed/897dea5b8189576b
Vidlax analiz hatası: 404 Client Error: Not Found for url: https://vidlax.xyz/embed/897dea5b8189576b

🔍 Vidlax direkt analizi: https://diziyiizle2.com/riv4li/1-sezon-13-bolum/
📄 Sayfa içeriği alındı: 102909 karakter
❌ m3u8 URL'si bulunamadı
      ❌ m3u8 bulunamadı
   🔍 [14/14] Bölüm: https://diziyiizle2.com/riv4li/1-sezon-14-bolum/
📺 Embed URL bulundu: https://vidlax.xyz/embed/24124876839ee5e4
🔍 Embed URL kontrol ediliyor: https://vidlax.xyz/embed/24124876839ee5e4
❌ Embed URL kontrol hatası (https://vidlax.xyz/embed/24124876839ee5e4): 404 Client Error: Not Found for url: https://vidlax.xyz/embed/24124876839ee5e4

🔍 Vidlax direkt analizi: https://vidlax.xyz/embed/24124876839ee5e4
Vidlax analiz hatası: 404 Client Error: Not Found for url: https://vidlax.xyz/embed/24124876839ee5e4

🔍 Vidlax direkt analizi: https://diziyiizle2.com/riv4li/1-sezon-14-bolum/
📄 Sayfa içeriği alındı: 102908 karakter
❌ m3u8 URL'si bulunamadı
      ❌ m3u8 bulunamadı
   ❌ Bu dizi için hiç m3u8 bulunamadı

============================================================
🎬 [55/56] İşleniyor: https://diziyiizle2.com/dizi/crime-scene-zero/
📺 Bölüm bulundu: 1. Sezon 1. BölümAltyazılı02.10.202579 dk. - https://diziyiizle2.com/crime-scene-zero/1-sezon-1-bolum/
📺 Bölüm bulundu: 1. Sezon 2. BölümAltyazılı02.10.202587 dk. - https://diziyiizle2.com/crime-scene-zero/1-sezon-2-bolum/
📺 Bölüm bulundu: 1. Sezon 3. BölümAltyazılı02.10.202578 dk. - https://diziyiizle2.com/crime-scene-zero/1-sezon-3-bolum/
📺 Bölüm bulundu: 1. Sezon 4. BölümAltyazılı02.10.202583 dk. - https://diziyiizle2.com/crime-scene-zero/1-sezon-4-bolum/
📺 Bölüm bulundu: 1. Sezon 5. BölümAltyazılı02.10.202582 dk. - https://diziyiizle2.com/crime-scene-zero/1-sezon-5-bolum/
📺 Bölüm bulundu: 1. Sezon 6. BölümDublaj02.10.202581 dk. - https://diziyiizle2.com/crime-scene-zero/1-sezon-6-bolum/
📺 Bölüm bulundu: 1. Sezon 7. BölümAltyazılı02.10.202584 dk. - https://diziyiizle2.com/crime-scene-zero/1-sezon-7-bolum/
📺 Bölüm bulundu: 1. Sezon 8. BölümAltyazılı02.10.202587 dk. - https://diziyiizle2.com/crime-scene-zero/1-sezon-8-bolum/
📺 Bölüm bulundu: 1. Sezon 9. BölümAltyazılı07.10.2025 - https://diziyiizle2.com/crime-scene-zero/1-sezon-9-bolum/
📺 Bölüm bulundu: 1. Sezon 10. BölümAltyazılı07.10.2025 - https://diziyiizle2.com/crime-scene-zero/1-sezon-10-bolum/

📊 Toplam 10 bölüm bulundu
   🔍 [1/10] Bölüm: https://diziyiizle2.com/crime-scene-zero/1-sezon-1-bolum/
📺 Embed URL bulundu: https://vidlax.xyz/embed/8b78efc7b4f4b117
🔍 Embed URL kontrol ediliyor: https://vidlax.xyz/embed/8b78efc7b4f4b117
❌ Embed URL kontrol hatası (https://vidlax.xyz/embed/8b78efc7b4f4b117): 404 Client Error: Not Found for url: https://vidlax.xyz/embed/8b78efc7b4f4b117

🔍 Vidlax direkt analizi: https://vidlax.xyz/embed/8b78efc7b4f4b117
Vidlax analiz hatası: 404 Client Error: Not Found for url: https://vidlax.xyz/embed/8b78efc7b4f4b117

🔍 Vidlax direkt analizi: https://diziyiizle2.com/crime-scene-zero/1-sezon-1-bolum/
📄 Sayfa içeriği alındı: 98765 karakter
❌ m3u8 URL'si bulunamadı
      ❌ m3u8 bulunamadı
   🔍 [2/10] Bölüm: https://diziyiizle2.com/crime-scene-zero/1-sezon-2-bolum/
📺 Embed URL bulundu: https://vidlax.xyz/embed/549b5fee03e13164
🔍 Embed URL kontrol ediliyor: https://vidlax.xyz/embed/549b5fee03e13164
❌ Embed URL kontrol hatası (https://vidlax.xyz/embed/549b5fee03e13164): 404 Client Error: Not Found for url: https://vidlax.xyz/embed/549b5fee03e13164

🔍 Vidlax direkt analizi: https://vidlax.xyz/embed/549b5fee03e13164
Vidlax analiz hatası: 404 Client Error: Not Found for url: https://vidlax.xyz/embed/549b5fee03e13164

🔍 Vidlax direkt analizi: https://diziyiizle2.com/crime-scene-zero/1-sezon-2-bolum/
📄 Sayfa içeriği alındı: 98765 karakter
❌ m3u8 URL'si bulunamadı
      ❌ m3u8 bulunamadı
   🔍 [3/10] Bölüm: https://diziyiizle2.com/crime-scene-zero/1-sezon-3-bolum/
📺 Embed URL bulundu: https://vidlax.xyz/embed/b25f25a7d17c4342
🔍 Embed URL kontrol ediliyor: https://vidlax.xyz/embed/b25f25a7d17c4342
❌ Embed URL kontrol hatası (https://vidlax.xyz/embed/b25f25a7d17c4342): 404 Client Error: Not Found for url: https://vidlax.xyz/embed/b25f25a7d17c4342

🔍 Vidlax direkt analizi: https://vidlax.xyz/embed/b25f25a7d17c4342
Vidlax analiz hatası: 404 Client Error: Not Found for url: https://vidlax.xyz/embed/b25f25a7d17c4342

🔍 Vidlax direkt analizi: https://diziyiizle2.com/crime-scene-zero/1-sezon-3-bolum/
📄 Sayfa içeriği alındı: 98765 karakter
❌ m3u8 URL'si bulunamadı
      ❌ m3u8 bulunamadı
   🔍 [4/10] Bölüm: https://diziyiizle2.com/crime-scene-zero/1-sezon-4-bolum/
📺 Embed URL bulundu: https://vidlax.xyz/embed/d8faa76be7b0de49
🔍 Embed URL kontrol ediliyor: https://vidlax.xyz/embed/d8faa76be7b0de49
❌ Embed URL kontrol hatası (https://vidlax.xyz/embed/d8faa76be7b0de49): 404 Client Error: Not Found for url: https://vidlax.xyz/embed/d8faa76be7b0de49

🔍 Vidlax direkt analizi: https://vidlax.xyz/embed/d8faa76be7b0de49
Vidlax analiz hatası: 404 Client Error: Not Found for url: https://vidlax.xyz/embed/d8faa76be7b0de49

🔍 Vidlax direkt analizi: https://diziyiizle2.com/crime-scene-zero/1-sezon-4-bolum/
📄 Sayfa içeriği alındı: 98765 karakter
❌ m3u8 URL'si bulunamadı
      ❌ m3u8 bulunamadı
   🔍 [5/10] Bölüm: https://diziyiizle2.com/crime-scene-zero/1-sezon-5-bolum/
📺 Embed URL bulundu: https://vidlax.xyz/embed/4bafce15025f466f
🔍 Embed URL kontrol ediliyor: https://vidlax.xyz/embed/4bafce15025f466f
❌ Embed URL kontrol hatası (https://vidlax.xyz/embed/4bafce15025f466f): 404 Client Error: Not Found for url: https://vidlax.xyz/embed/4bafce15025f466f

🔍 Vidlax direkt analizi: https://vidlax.xyz/embed/4bafce15025f466f
Vidlax analiz hatası: 404 Client Error: Not Found for url: https://vidlax.xyz/embed/4bafce15025f466f

🔍 Vidlax direkt analizi: https://diziyiizle2.com/crime-scene-zero/1-sezon-5-bolum/
📄 Sayfa içeriği alındı: 98764 karakter
❌ m3u8 URL'si bulunamadı
      ❌ m3u8 bulunamadı
   🔍 [6/10] Bölüm: https://diziyiizle2.com/crime-scene-zero/1-sezon-6-bolum/
📺 Embed URL bulundu: https://vidlax.xyz/embed/7a1e7ca8a8198be0
🔍 Embed URL kontrol ediliyor: https://vidlax.xyz/embed/7a1e7ca8a8198be0
❌ Embed URL kontrol hatası (https://vidlax.xyz/embed/7a1e7ca8a8198be0): 404 Client Error: Not Found for url: https://vidlax.xyz/embed/7a1e7ca8a8198be0

🔍 Vidlax direkt analizi: https://vidlax.xyz/embed/7a1e7ca8a8198be0
Vidlax analiz hatası: 404 Client Error: Not Found for url: https://vidlax.xyz/embed/7a1e7ca8a8198be0

🔍 Vidlax direkt analizi: https://diziyiizle2.com/crime-scene-zero/1-sezon-6-bolum/
📄 Sayfa içeriği alındı: 98765 karakter
❌ m3u8 URL'si bulunamadı
      ❌ m3u8 bulunamadı
   🔍 [7/10] Bölüm: https://diziyiizle2.com/crime-scene-zero/1-sezon-7-bolum/
📺 Embed URL bulundu: https://vidlax.xyz/embed/5c641f0f9b92be38
🔍 Embed URL kontrol ediliyor: https://vidlax.xyz/embed/5c641f0f9b92be38
❌ Embed URL kontrol hatası (https://vidlax.xyz/embed/5c641f0f9b92be38): 404 Client Error: Not Found for url: https://vidlax.xyz/embed/5c641f0f9b92be38

🔍 Vidlax direkt analizi: https://vidlax.xyz/embed/5c641f0f9b92be38
Vidlax analiz hatası: 404 Client Error: Not Found for url: https://vidlax.xyz/embed/5c641f0f9b92be38

🔍 Vidlax direkt analizi: https://diziyiizle2.com/crime-scene-zero/1-sezon-7-bolum/
📄 Sayfa içeriği alındı: 98764 karakter
❌ m3u8 URL'si bulunamadı
      ❌ m3u8 bulunamadı
   🔍 [8/10] Bölüm: https://diziyiizle2.com/crime-scene-zero/1-sezon-8-bolum/
📺 Embed URL bulundu: https://vidlax.xyz/embed/2428697b2dd3ccd2
🔍 Embed URL kontrol ediliyor: https://vidlax.xyz/embed/2428697b2dd3ccd2
❌ Embed URL kontrol hatası (https://vidlax.xyz/embed/2428697b2dd3ccd2): 404 Client Error: Not Found for url: https://vidlax.xyz/embed/2428697b2dd3ccd2

🔍 Vidlax direkt analizi: https://vidlax.xyz/embed/2428697b2dd3ccd2
Vidlax analiz hatası: 404 Client Error: Not Found for url: https://vidlax.xyz/embed/2428697b2dd3ccd2

🔍 Vidlax direkt analizi: https://diziyiizle2.com/crime-scene-zero/1-sezon-8-bolum/
📄 Sayfa içeriği alındı: 98765 karakter
❌ m3u8 URL'si bulunamadı
      ❌ m3u8 bulunamadı
   🔍 [9/10] Bölüm: https://diziyiizle2.com/crime-scene-zero/1-sezon-9-bolum/
📺 Embed URL bulundu: https://vidlax.xyz/embed/1178f4746f05f786
🔍 Embed URL kontrol ediliyor: https://vidlax.xyz/embed/1178f4746f05f786
❌ Embed URL kontrol hatası (https://vidlax.xyz/embed/1178f4746f05f786): 404 Client Error: Not Found for url: https://vidlax.xyz/embed/1178f4746f05f786

🔍 Vidlax direkt analizi: https://vidlax.xyz/embed/1178f4746f05f786
Vidlax analiz hatası: 404 Client Error: Not Found for url: https://vidlax.xyz/embed/1178f4746f05f786

🔍 Vidlax direkt analizi: https://diziyiizle2.com/crime-scene-zero/1-sezon-9-bolum/
📄 Sayfa içeriği alındı: 97979 karakter
❌ m3u8 URL'si bulunamadı
      ❌ m3u8 bulunamadı
   🔍 [10/10] Bölüm: https://diziyiizle2.com/crime-scene-zero/1-sezon-10-bolum/
📺 Embed URL bulundu: https://vidlax.xyz/embed/5f9175ac773390a2
🔍 Embed URL kontrol ediliyor: https://vidlax.xyz/embed/5f9175ac773390a2
❌ Embed URL kontrol hatası (https://vidlax.xyz/embed/5f9175ac773390a2): 404 Client Error: Not Found for url: https://vidlax.xyz/embed/5f9175ac773390a2

🔍 Vidlax direkt analizi: https://vidlax.xyz/embed/5f9175ac773390a2
Vidlax analiz hatası: 404 Client Error: Not Found for url: https://vidlax.xyz/embed/5f9175ac773390a2

🔍 Vidlax direkt analizi: https://diziyiizle2.com/crime-scene-zero/1-sezon-10-bolum/
📄 Sayfa içeriği alındı: 97998 karakter
❌ m3u8 URL'si bulunamadı
      ❌ m3u8 bulunamadı
   ❌ Bu dizi için hiç m3u8 bulunamadı

============================================================
🎬 [56/56] İşleniyor: https://diziyiizle2.com/dizi/nightmares-of-nature/
📺 Bölüm bulundu: 1. Sezon 1. BölümAltyazılı02.10.202544 dk. - https://diziyiizle2.com/nightmares-of-nature/1-sezon-1-bolum/
📺 Bölüm bulundu: 1. Sezon 2. BölümAltyazılı02.10.202544 dk. - https://diziyiizle2.com/nightmares-of-nature/1-sezon-2-bolum/
📺 Bölüm bulundu: 1. Sezon 3. BölümAltyazılı02.10.202548 dk. - https://diziyiizle2.com/nightmares-of-nature/1-sezon-3-bolum/
📺 Bölüm bulundu: 2. Sezon 1. BölümAltyazılı02.10.2025 - https://diziyiizle2.com/nightmares-of-nature/2-sezon-1-bolum/

📊 Toplam 4 bölüm bulundu
   🔍 [1/4] Bölüm: https://diziyiizle2.com/nightmares-of-nature/1-sezon-1-bolum/
📺 Embed URL bulundu: https://vidlax.xyz/embed/4e55ba083633f56e
🔍 Embed URL kontrol ediliyor: https://vidlax.xyz/embed/4e55ba083633f56e
❌ Embed URL kontrol hatası (https://vidlax.xyz/embed/4e55ba083633f56e): 404 Client Error: Not Found for url: https://vidlax.xyz/embed/4e55ba083633f56e

🔍 Vidlax direkt analizi: https://vidlax.xyz/embed/4e55ba083633f56e
Vidlax analiz hatası: 404 Client Error: Not Found for url: https://vidlax.xyz/embed/4e55ba083633f56e

🔍 Vidlax direkt analizi: https://diziyiizle2.com/nightmares-of-nature/1-sezon-1-bolum/
📄 Sayfa içeriği alındı: 92166 karakter
❌ m3u8 URL'si bulunamadı
      ❌ m3u8 bulunamadı
   🔍 [2/4] Bölüm: https://diziyiizle2.com/nightmares-of-nature/1-sezon-2-bolum/
📺 Embed URL bulundu: https://vidlax.xyz/embed/081aae704b0f82f6
🔍 Embed URL kontrol ediliyor: https://vidlax.xyz/embed/081aae704b0f82f6
❌ Embed URL kontrol hatası (https://vidlax.xyz/embed/081aae704b0f82f6): 404 Client Error: Not Found for url: https://vidlax.xyz/embed/081aae704b0f82f6

🔍 Vidlax direkt analizi: https://vidlax.xyz/embed/081aae704b0f82f6
Vidlax analiz hatası: 404 Client Error: Not Found for url: https://vidlax.xyz/embed/081aae704b0f82f6

🔍 Vidlax direkt analizi: https://diziyiizle2.com/nightmares-of-nature/1-sezon-2-bolum/
📄 Sayfa içeriği alındı: 92165 karakter
❌ m3u8 URL'si bulunamadı
      ❌ m3u8 bulunamadı
   🔍 [3/4] Bölüm: https://diziyiizle2.com/nightmares-of-nature/1-sezon-3-bolum/
📺 Embed URL bulundu: https://vidlax.xyz/embed/84198d9cf8ebb239
🔍 Embed URL kontrol ediliyor: https://vidlax.xyz/embed/84198d9cf8ebb239
❌ Embed URL kontrol hatası (https://vidlax.xyz/embed/84198d9cf8ebb239): 404 Client Error: Not Found for url: https://vidlax.xyz/embed/84198d9cf8ebb239

🔍 Vidlax direkt analizi: https://vidlax.xyz/embed/84198d9cf8ebb239
Vidlax analiz hatası: 404 Client Error: Not Found for url: https://vidlax.xyz/embed/84198d9cf8ebb239

🔍 Vidlax direkt analizi: https://diziyiizle2.com/nightmares-of-nature/1-sezon-3-bolum/
📄 Sayfa içeriği alındı: 92166 karakter
❌ m3u8 URL'si bulunamadı
      ❌ m3u8 bulunamadı
   🔍 [4/4] Bölüm: https://diziyiizle2.com/nightmares-of-nature/2-sezon-1-bolum/

🔍 Vidlax direkt analizi: https://diziyiizle2.com/nightmares-of-nature/2-sezon-1-bolum/
📄 Sayfa içeriği alındı: 91332 karakter
❌ m3u8 URL'si bulunamadı
      ❌ m3u8 bulunamadı
   ❌ Bu dizi için hiç m3u8 bulunamadı

❌ Hiç m3u8 bulunamadı, master playlist oluşturulmadı.
