Running atp/atp.py at 20251105T101025Z (UTC)
🚀 TÜM DİZİLERİN M3U8'LERİ TOPLANIYOR
⚡ FULL MODE: Tüm diziler işlenecek!
⏰ Bu işlem uzun sürebilir...
🌟 PROCESS ALL: https://diziyiizle.com/?post_type=series
📺 Dizi bulundu: https://diziyiizle2.com/dizi/
📺 Dizi bulundu: https://diziyiizle2.com/dizi/heweliusz/
📺 Dizi bulundu: https://diziyiizle2.com/dizi/hazbin-hotel/
📺 Dizi bulundu: https://diziyiizle2.com/dizi/robin-hood/
📺 Dizi bulundu: https://diziyiizle2.com/dizi/de-big-fuck-up/
📺 Dizi bulundu: https://diziyiizle2.com/dizi/return-to-paradise/
📺 Dizi bulundu: https://diziyiizle2.com/dizi/alls-fair/
📺 Dizi bulundu: https://diziyiizle2.com/dizi/the-quest/
📺 Dizi bulundu: https://diziyiizle2.com/dizi/sketchbook/
📺 Dizi bulundu: https://diziyiizle2.com/dizi/salgin/
📺 Dizi bulundu: https://diziyiizle2.com/dizi/paraleller/
📺 Dizi bulundu: https://diziyiizle2.com/dizi/lego-star-wars-droid-tales/
📺 Dizi bulundu: https://diziyiizle2.com/dizi/lego-star-wars-all-stars/
📺 Dizi bulundu: https://diziyiizle2.com/dizi/family-reboot/
📺 Dizi bulundu: https://diziyiizle2.com/dizi/captive-audience-a-real-american-horror-story/
📺 Dizi bulundu: https://diziyiizle2.com/dizi/buz-devri-scrat-hikayeleri/
📺 Dizi bulundu: https://diziyiizle2.com/dizi/continental-john-wick-dunyasindan/
📺 Dizi bulundu: https://diziyiizle2.com/dizi/bir-tutam-buyu-gizemli-sehir/
📺 Dizi bulundu: https://diziyiizle2.com/dizi/nice-to-not-meet-you/
📺 Dizi bulundu: https://diziyiizle2.com/dizi/deep-state/
📺 Dizi bulundu: https://diziyiizle2.com/dizi/a-teacher/
📺 Dizi bulundu: https://diziyiizle2.com/dizi/y-the-last-man/
📺 Dizi bulundu: https://diziyiizle2.com/dizi/tom-swift/
📺 Dizi bulundu: https://diziyiizle2.com/dizi/nails/
📺 Dizi bulundu: https://diziyiizle2.com/dizi/i-love-la/
📺 Dizi bulundu: https://diziyiizle2.com/dizi/good-omens/
📺 Dizi bulundu: https://diziyiizle2.com/dizi/mahsun-j-12/
📺 Dizi bulundu: https://diziyiizle2.com/dizi/esref-ruya-9/
📺 Dizi bulundu: https://diziyiizle2.com/dizi/gibi/
📺 Dizi bulundu: https://diziyiizle2.com/dizi/var-bunlar-izle-14/
📺 Dizi bulundu: https://diziyiizle2.com/dizi/prens-izle-4/
📺 Dizi bulundu (sayfa): https://diziyiizle2.com/dizi/yesilcam/
📺 Dizi bulundu (sayfa): https://diziyiizle2.com/dizi/cometierra/
📺 Dizi bulundu (sayfa): https://diziyiizle2.com/dizi/gupi/
📺 Dizi bulundu (sayfa): https://diziyiizle2.com/dizi/amsterdam-empire/
📺 Dizi bulundu (sayfa): https://diziyiizle2.com/dizi/juan-gabriel-debo-puedo-y-quiero/
📺 Dizi bulundu (sayfa): https://diziyiizle2.com/dizi/son-of-a-donkey-1/
📺 Dizi bulundu (sayfa): https://diziyiizle2.com/dizi/ultimate-airport-dubai/
📺 Dizi bulundu (sayfa): https://diziyiizle2.com/dizi/breeders/
📺 Dizi bulundu (sayfa): https://diziyiizle2.com/dizi/yildizlarin-altinda/
📺 Dizi bulundu (sayfa): https://diziyiizle2.com/dizi/memeliler/
📺 Dizi bulundu (sayfa): https://diziyiizle2.com/dizi/kizlar-sahada/
📺 Dizi bulundu (sayfa): https://diziyiizle2.com/dizi/ozel-iliskiler/
📺 Dizi bulundu (sayfa): https://diziyiizle2.com/dizi/buyuk-iskender-nasil-buyuk-oldu/
📺 Dizi bulundu (sayfa): https://diziyiizle2.com/dizi/disney-wisted-wonderland-the-animation/
📺 Dizi bulundu (sayfa): https://diziyiizle2.com/dizi/rulers-of-fortune/
📺 Dizi bulundu (sayfa): https://diziyiizle2.com/dizi/down-cemetery-road/
📺 Dizi bulundu (sayfa): https://diziyiizle2.com/dizi/physical-asia/
📺 Dizi bulundu (sayfa): https://diziyiizle2.com/dizi/legenden/
📺 Dizi bulundu (sayfa): https://diziyiizle2.com/dizi/it-welcome-to-derry/
📺 Dizi bulundu (sayfa): https://diziyiizle2.com/dizi/citadel-honey-bunny/
📺 Dizi bulundu (sayfa): https://diziyiizle2.com/dizi/sheriff-country/
📺 Dizi bulundu (sayfa): https://diziyiizle2.com/dizi/boston-blue/
📺 Dizi bulundu (sayfa): https://diziyiizle2.com/dizi/the-kardashians/
📺 Dizi bulundu (sayfa): https://diziyiizle2.com/dizi/sorgu/
📺 Dizi bulundu (sayfa): https://diziyiizle2.com/dizi/shogun/

📊 Toplam 56 dizi bulundu

============================================================
🎬 [1/56] İşleniyor: https://diziyiizle2.com/dizi/
📺 Bölüm bulundu: Heweliusz1.Sezon 1.BölümAltyazılı - https://diziyiizle2.com/heweliusz/1-sezon-1-bolum/
📺 Bölüm bulundu: Hazbin Hotel2.Sezon 3.BölümAltyazılı - https://diziyiizle2.com/hazbin-hotel/2-sezon-3-bolum/
📺 Bölüm bulundu: Gümrük Muhafaza Türkiye1.Sezon 10.BölümAltyazılı - https://diziyiizle2.com/gumruk-muhafaza-turkiye/1-sezon-10-bolum/
📺 Bölüm bulundu: Robin Hood1.Sezon 1.BölümDublaj - https://diziyiizle2.com/robin-hood/1-sezon-1-bolum/
📺 Bölüm bulundu: Murdaugh: Death in the Family1.Sezon 6.BölümAltyazılı - https://diziyiizle2.com/murdaugh-death-in-the-family/1-sezon-6-bolum/
📺 Bölüm bulundu: Loot3.Sezon 5.BölümAltyazılı - https://diziyiizle2.com/loot/3-sezon-5-bolum/
📺 Bölüm bulundu: The Morning Show4.Sezon 8.BölümAltyazılı - https://diziyiizle2.com/the-morning-show/4-sezon-8-bolum/
📺 Bölüm bulundu: Down Cemetery Road1.Sezon 3.BölümAltyazılı - https://diziyiizle2.com/down-cemetery-road/1-sezon-3-bolum/
📺 Bölüm bulundu: De Big Fuck-up1.Sezon 1.BölümAltyazılı - https://diziyiizle2.com/de-big-fuck-up/1-sezon-1-bolum/
📺 Bölüm bulundu: Nice to Not Meet You1.Sezon 2.BölümAltyazılı - https://diziyiizle2.com/nice-to-not-meet-you/1-sezon-2-bolum/
📺 Bölüm bulundu: Physical: Asia1.Sezon 5.BölümAltyazılı - https://diziyiizle2.com/physical-asia/1-sezon-5-bolum/
📺 Bölüm bulundu: Return to Paradise2.Sezon 1.BölümAltyazılı - https://diziyiizle2.com/return-to-paradise/2-sezon-1-bolum/

📊 Toplam 12 bölüm bulundu
   🔍 [1/12] Bölüm: https://diziyiizle2.com/heweliusz/1-sezon-1-bolum/
📺 Embed URL bulundu: https://vidlax1.xyz/embed/46a17e52ded33a86
🔍 Embed URL kontrol ediliyor: https://vidlax1.xyz/embed/46a17e52ded33a86
📄 Embed sayfa içeriği alındı, boyut: 43807 karakter
🎬 Video Başlığı: Heweliusz
📝 Video Açıklaması: 1.Sezon 1.Bölüm
🎯 Tam Başlık: Heweliusz - 1.Sezon 1.Bölüm
🎯 HEX DECODE - m3u8 bulundu: https://vidlax.xyz/tmp-upload/bab5b9b9e9e50548da35f95bab4c902816f5/master.m3u8
      ✅ Heweliusz - 1.Sezon 1.Bölüm - 1 m3u8
   🔍 [2/12] Bölüm: https://diziyiizle2.com/hazbin-hotel/2-sezon-3-bolum/
📺 Embed URL bulundu: https://vidlax1.xyz/embed/58d95d2a3177b900
🔍 Embed URL kontrol ediliyor: https://vidlax1.xyz/embed/58d95d2a3177b900
📄 Embed sayfa içeriği alındı, boyut: 42137 karakter
🎬 Video Başlığı: Hazbin Hotel
📝 Video Açıklaması: 2.Sezon 3.Bölüm
🎯 Tam Başlık: Hazbin Hotel - 2.Sezon 3.Bölüm
🎯 HEX DECODE - m3u8 bulundu: https://vidlax.xyz/upload/5c96ec788ba3019f83f817dd267092fc229a/master.m3u8
      ✅ Hazbin Hotel - 2.Sezon 3.Bölüm - 1 m3u8
   🔍 [3/12] Bölüm: https://diziyiizle2.com/gumruk-muhafaza-turkiye/1-sezon-10-bolum/
📺 Embed URL bulundu: https://vidlax1.xyz/embed/d156bd5827a6da31
🔍 Embed URL kontrol ediliyor: https://vidlax1.xyz/embed/d156bd5827a6da31
📄 Embed sayfa içeriği alındı, boyut: 39597 karakter
🎬 Video Başlığı: Gümrük Muhafaza Türkiye
📝 Video Açıklaması: 1.Sezon 10.Bölüm
🎯 Tam Başlık: Gümrük Muhafaza Türkiye - 1.Sezon 10.Bölüm
🎯 HEX DECODE - m3u8 bulundu: https://vidlax.xyz/upload/83fd685ff7a6159b622745a85c965612fffc/master.m3u8
      ✅ Gümrük Muhafaza Türkiye - 1.Sezon 10.Bölüm - 1 m3u8
   🔍 [4/12] Bölüm: https://diziyiizle2.com/robin-hood/1-sezon-1-bolum/
📺 Embed URL bulundu: https://vidlax1.xyz/embed/3d95361284a22142
🔍 Embed URL kontrol ediliyor: https://vidlax1.xyz/embed/3d95361284a22142
📄 Embed sayfa içeriği alındı, boyut: 39751 karakter
🎬 Video Başlığı: Robin Hood
📝 Video Açıklaması: 1.Sezon 1.Bölüm
🎯 Tam Başlık: Robin Hood - 1.Sezon 1.Bölüm
🎯 HEX DECODE - m3u8 bulundu: https://vidlax.xyz/upload/ab4481fcc3208cc5fc49d4277e6fe2027c43/master.m3u8
      ✅ Robin Hood - 1.Sezon 1.Bölüm - 1 m3u8
   🔍 [5/12] Bölüm: https://diziyiizle2.com/murdaugh-death-in-the-family/1-sezon-6-bolum/
📺 Embed URL bulundu: https://vidlax1.xyz/embed/f5e4e27a1537e26d
🔍 Embed URL kontrol ediliyor: https://vidlax1.xyz/embed/f5e4e27a1537e26d
📄 Embed sayfa içeriği alındı, boyut: 39916 karakter
🎬 Video Başlığı: Murdaugh: Death in the Family
📝 Video Açıklaması: 1.Sezon 6.Bölüm
🎯 Tam Başlık: Murdaugh: Death in the Family - 1.Sezon 6.Bölüm
🎯 HEX DECODE - m3u8 bulundu: https://vidlax.xyz/upload/dd902ca00cfca87e4758f543abb06ba69487/master.m3u8
      ✅ Murdaugh: Death in the Family - 1.Sezon 6.Bölüm - 1 m3u8
   🔍 [6/12] Bölüm: https://diziyiizle2.com/loot/3-sezon-5-bolum/
📺 Embed URL bulundu: https://vidlax1.xyz/embed/003047a9189af27e
🔍 Embed URL kontrol ediliyor: https://vidlax1.xyz/embed/003047a9189af27e
📄 Embed sayfa içeriği alındı, boyut: 43321 karakter
🎬 Video Başlığı: Loot
📝 Video Açıklaması: 3.Sezon 5.Bölüm
🎯 Tam Başlık: Loot - 3.Sezon 5.Bölüm
🎯 HEX DECODE - m3u8 bulundu: https://vidlax.xyz/upload/4c7d37d0bf69954d2b15450df890c57511ff/master.m3u8
      ✅ Loot - 3.Sezon 5.Bölüm - 1 m3u8
   🔍 [7/12] Bölüm: https://diziyiizle2.com/the-morning-show/4-sezon-8-bolum/
📺 Embed URL bulundu: https://vidlax1.xyz/embed/96d6b73f85f93347
🔍 Embed URL kontrol ediliyor: https://vidlax1.xyz/embed/96d6b73f85f93347
📄 Embed sayfa içeriği alındı, boyut: 43013 karakter
🎬 Video Başlığı: The Morning Show
📝 Video Açıklaması: 4.Sezon 8.Bölüm
🎯 Tam Başlık: The Morning Show - 4.Sezon 8.Bölüm
🎯 HEX DECODE - m3u8 bulundu: https://vidlax.xyz/upload/554b4ae533face49cd9d79217f7302885713/master.m3u8
      ✅ The Morning Show - 4.Sezon 8.Bölüm - 1 m3u8
   🔍 [8/12] Bölüm: https://diziyiizle2.com/down-cemetery-road/1-sezon-3-bolum/
📺 Embed URL bulundu: https://vidlax1.xyz/embed/307cfbd7a5c113cc
🔍 Embed URL kontrol ediliyor: https://vidlax1.xyz/embed/307cfbd7a5c113cc
📄 Embed sayfa içeriği alındı, boyut: 43020 karakter
🎬 Video Başlığı: Down Cemetery Road
📝 Video Açıklaması: 1.Sezon 3.Bölüm
🎯 Tam Başlık: Down Cemetery Road - 1.Sezon 3.Bölüm
🎯 HEX DECODE - m3u8 bulundu: https://vidlax.xyz/upload/2e8ea64327c7f6e5fd550facd730559a45bb/master.m3u8
      ✅ Down Cemetery Road - 1.Sezon 3.Bölüm - 1 m3u8
   🔍 [9/12] Bölüm: https://diziyiizle2.com/de-big-fuck-up/1-sezon-1-bolum/
📺 Embed URL bulundu: https://vidlax1.xyz/embed/c9ddb56be4a31626
🔍 Embed URL kontrol ediliyor: https://vidlax1.xyz/embed/c9ddb56be4a31626
📄 Embed sayfa içeriği alındı, boyut: 39897 karakter
🎬 Video Başlığı: De Big Fuck-up
📝 Video Açıklaması: 1.Sezon 1.Bölüm
🎯 Tam Başlık: De Big Fuck-up - 1.Sezon 1.Bölüm
🎯 HEX DECODE - m3u8 bulundu: https://vidlax.xyz/upload/30cb57cc88b178438fe60250198adec61665/master.m3u8
      ✅ De Big Fuck-up - 1.Sezon 1.Bölüm - 1 m3u8
   🔍 [10/12] Bölüm: https://diziyiizle2.com/nice-to-not-meet-you/1-sezon-2-bolum/

🔍 Vidlax direkt analizi: https://diziyiizle2.com/nice-to-not-meet-you/1-sezon-2-bolum/
📄 Sayfa içeriği alındı: 94006 karakter
❌ m3u8 URL'si bulunamadı
      ❌ m3u8 bulunamadı
   🔍 [11/12] Bölüm: https://diziyiizle2.com/physical-asia/1-sezon-5-bolum/
📺 Embed URL bulundu: https://vidlax1.xyz/embed/f13c0ec974bc41be
🔍 Embed URL kontrol ediliyor: https://vidlax1.xyz/embed/f13c0ec974bc41be
📄 Embed sayfa içeriği alındı, boyut: 42823 karakter
🎬 Video Başlığı: Physical: Asia
📝 Video Açıklaması: 1.Sezon 5.Bölüm
🎯 Tam Başlık: Physical: Asia - 1.Sezon 5.Bölüm
🎯 HEX DECODE - m3u8 bulundu: https://vidlax.xyz/upload/e051849074787d706359b750a8bea55836a3/master.m3u8
      ✅ Physical: Asia - 1.Sezon 5.Bölüm - 1 m3u8
   🔍 [12/12] Bölüm: https://diziyiizle2.com/return-to-paradise/2-sezon-1-bolum/
📺 Embed URL bulundu: https://vidlax1.xyz/embed/e17f0497ea56c922
🔍 Embed URL kontrol ediliyor: https://vidlax1.xyz/embed/e17f0497ea56c922
📄 Embed sayfa içeriği alındı, boyut: 39763 karakter
🎬 Video Başlığı: Return To Paradise
📝 Video Açıklaması: 2.Sezon 1.Bölüm
🎯 Tam Başlık: Return To Paradise - 2.Sezon 1.Bölüm
🎯 HEX DECODE - m3u8 bulundu: https://vidlax.xyz/upload/c768e3e31ffb71c99e947de48caa77d08afb/master.m3u8
      ✅ Return To Paradise - 2.Sezon 1.Bölüm - 1 m3u8
      📁 Dizi playlist: playlists/dizi_playlist.m3u
   ✅ Dizi tamamlandı: 11 m3u8 eklendi

============================================================
🎬 [2/56] İşleniyor: https://diziyiizle2.com/dizi/heweliusz/
📺 Bölüm bulundu: 1. Sezon 1. BölümAltyazılı05.11.2025 - https://diziyiizle2.com/heweliusz/1-sezon-1-bolum/
📺 Bölüm bulundu: 1. Sezon 2. BölümAltyazılı05.11.2025 - https://diziyiizle2.com/heweliusz/1-sezon-2-bolum/
📺 Bölüm bulundu: 1. Sezon 3. BölümAltyazılı05.11.2025 - https://diziyiizle2.com/heweliusz/1-sezon-3-bolum/
📺 Bölüm bulundu: 1. Sezon 4. BölümAltyazılı05.11.2025 - https://diziyiizle2.com/heweliusz/1-sezon-4-bolum/
📺 Bölüm bulundu: 1. Sezon 5. BölümAltyazılı05.11.2025 - https://diziyiizle2.com/heweliusz/1-sezon-5-bolum/

📊 Toplam 5 bölüm bulundu
   🔍 [1/5] Bölüm: https://diziyiizle2.com/heweliusz/1-sezon-1-bolum/
📺 Embed URL bulundu: https://vidlax1.xyz/embed/46a17e52ded33a86
🔍 Embed URL kontrol ediliyor: https://vidlax1.xyz/embed/46a17e52ded33a86
📄 Embed sayfa içeriği alındı, boyut: 43807 karakter
🎬 Video Başlığı: Heweliusz
📝 Video Açıklaması: 1.Sezon 1.Bölüm
🎯 Tam Başlık: Heweliusz - 1.Sezon 1.Bölüm
🎯 HEX DECODE - m3u8 bulundu: https://vidlax.xyz/tmp-upload/bab5b9b9e9e50548da35f95bab4c902816f5/master.m3u8
      ✅ Heweliusz - 1.Sezon 1.Bölüm - 1 m3u8
   🔍 [2/5] Bölüm: https://diziyiizle2.com/heweliusz/1-sezon-2-bolum/
📺 Embed URL bulundu: https://vidlax1.xyz/embed/13fb1674d8736df8
🔍 Embed URL kontrol ediliyor: https://vidlax1.xyz/embed/13fb1674d8736df8
📄 Embed sayfa içeriği alındı, boyut: 43979 karakter
🎬 Video Başlığı: Heweliusz
📝 Video Açıklaması: 1.Sezon 2.Bölüm
🎯 Tam Başlık: Heweliusz - 1.Sezon 2.Bölüm
🎯 HEX DECODE - m3u8 bulundu: https://vidlax.xyz/tmp-upload/6abfff414ce6ab5e24be3b705e39d1c6a182/master.m3u8
      ✅ Heweliusz - 1.Sezon 2.Bölüm - 1 m3u8
   🔍 [3/5] Bölüm: https://diziyiizle2.com/heweliusz/1-sezon-3-bolum/
📺 Embed URL bulundu: https://vidlax1.xyz/embed/00438f833fb2557b
🔍 Embed URL kontrol ediliyor: https://vidlax1.xyz/embed/00438f833fb2557b
📄 Embed sayfa içeriği alındı, boyut: 43617 karakter
🎬 Video Başlığı: Heweliusz
📝 Video Açıklaması: 1.Sezon 3.Bölüm
🎯 Tam Başlık: Heweliusz - 1.Sezon 3.Bölüm
🎯 HEX DECODE - m3u8 bulundu: https://vidlax.xyz/tmp-upload/546ebc8e79e7df21e22383ee3d50f0ac84c3/master.m3u8
      ✅ Heweliusz - 1.Sezon 3.Bölüm - 1 m3u8
   🔍 [4/5] Bölüm: https://diziyiizle2.com/heweliusz/1-sezon-4-bolum/
📺 Embed URL bulundu: https://vidlax1.xyz/embed/4f215123436eb1e1
🔍 Embed URL kontrol ediliyor: https://vidlax1.xyz/embed/4f215123436eb1e1
📄 Embed sayfa içeriği alındı, boyut: 43979 karakter
🎬 Video Başlığı: Heweliusz
📝 Video Açıklaması: 1.Sezon 4.Bölüm
🎯 Tam Başlık: Heweliusz - 1.Sezon 4.Bölüm
🎯 HEX DECODE - m3u8 bulundu: https://vidlax.xyz/tmp-upload/1108a8adda8c34388e1703d7ff927e044b25/master.m3u8
      ✅ Heweliusz - 1.Sezon 4.Bölüm - 1 m3u8
   🔍 [5/5] Bölüm: https://diziyiizle2.com/heweliusz/1-sezon-5-bolum/

🔍 Vidlax direkt analizi: https://diziyiizle2.com/heweliusz/1-sezon-5-bolum/
📄 Sayfa içeriği alındı: 56958 karakter
❌ m3u8 URL'si bulunamadı
      ❌ m3u8 bulunamadı
      📁 Dizi playlist: playlists/heweliusz_playlist.m3u
   ✅ Dizi tamamlandı: 4 m3u8 eklendi

============================================================
🎬 [3/56] İşleniyor: https://diziyiizle2.com/dizi/hazbin-hotel/
📺 Bölüm bulundu: 1. Sezon 1. BölümDual05.11.202525 dk. - https://diziyiizle2.com/hazbin-hotel/1-sezon-1-bolum/
📺 Bölüm bulundu: 1. Sezon 2. BölümDual05.11.202525 dk. - https://diziyiizle2.com/hazbin-hotel/1-sezon-2-bolum/
📺 Bölüm bulundu: 1. Sezon 3. BölümDual05.11.202525 dk. - https://diziyiizle2.com/hazbin-hotel/1-sezon-3-bolum/
📺 Bölüm bulundu: 1. Sezon 4. BölümDual05.11.202525 dk. - https://diziyiizle2.com/hazbin-hotel/1-sezon-4-bolum/
📺 Bölüm bulundu: 1. Sezon 5. BölümDual05.11.202525 dk. - https://diziyiizle2.com/hazbin-hotel/1-sezon-5-bolum/
📺 Bölüm bulundu: 1. Sezon 6. BölümDual05.11.202525 dk. - https://diziyiizle2.com/hazbin-hotel/1-sezon-6-bolum/
📺 Bölüm bulundu: 1. Sezon 7. BölümDual05.11.202525 dk. - https://diziyiizle2.com/hazbin-hotel/1-sezon-7-bolum/
📺 Bölüm bulundu: 1. Sezon 8. BölümDual05.11.202525 dk. - https://diziyiizle2.com/hazbin-hotel/1-sezon-8-bolum/
📺 Bölüm bulundu: 2. Sezon 1. BölümDublaj05.11.202529 dk. - https://diziyiizle2.com/hazbin-hotel/2-sezon-1-bolum/
📺 Bölüm bulundu: 2. Sezon 2. BölümDublaj05.11.202529 dk. - https://diziyiizle2.com/hazbin-hotel/2-sezon-2-bolum/
📺 Bölüm bulundu: 2. Sezon 3. BölümAltyazılı05.11.2025 - https://diziyiizle2.com/hazbin-hotel/2-sezon-3-bolum/
📺 Bölüm bulundu: 2. Sezon 4. BölümAltyazılı05.11.2025 - https://diziyiizle2.com/hazbin-hotel/2-sezon-4-bolum/
📺 Bölüm bulundu: 2. Sezon 5. BölümAltyazılı05.11.2025 - https://diziyiizle2.com/hazbin-hotel/2-sezon-5-bolum/
📺 Bölüm bulundu: 2. Sezon 6. BölümAltyazılı05.11.2025 - https://diziyiizle2.com/hazbin-hotel/2-sezon-6-bolum/
📺 Bölüm bulundu: 2. Sezon 7. BölümAltyazılı05.11.2025 - https://diziyiizle2.com/hazbin-hotel/2-sezon-7-bolum/
📺 Bölüm bulundu: 2. Sezon 8. BölümAltyazılı05.11.2025 - https://diziyiizle2.com/hazbin-hotel/2-sezon-8-bolum/

📊 Toplam 16 bölüm bulundu
   🔍 [1/16] Bölüm: https://diziyiizle2.com/hazbin-hotel/1-sezon-1-bolum/
📺 Embed URL bulundu: https://vidlax1.xyz/embed/bf86c60dfd50abf9
🔍 Embed URL kontrol ediliyor: https://vidlax1.xyz/embed/bf86c60dfd50abf9
📄 Embed sayfa içeriği alındı, boyut: 39931 karakter
🎬 Video Başlığı: Hazbin Hotel
📝 Video Açıklaması: 1.Sezon 1.Bölüm
🎯 Tam Başlık: Hazbin Hotel - 1.Sezon 1.Bölüm
🎯 HEX DECODE - m3u8 bulundu: https://vidlax.xyz/upload/066b81f6573e0640f0069fd01abac9655ec3/master.m3u8
      ✅ Hazbin Hotel - 1.Sezon 1.Bölüm - 1 m3u8
   🔍 [2/16] Bölüm: https://diziyiizle2.com/hazbin-hotel/1-sezon-2-bolum/
📺 Embed URL bulundu: https://vidlax1.xyz/embed/d3c04e7e92f5b92d
🔍 Embed URL kontrol ediliyor: https://vidlax1.xyz/embed/d3c04e7e92f5b92d
📄 Embed sayfa içeriği alındı, boyut: 39931 karakter
🎬 Video Başlığı: Hazbin Hotel
📝 Video Açıklaması: 1.Sezon 2.Bölüm
🎯 Tam Başlık: Hazbin Hotel - 1.Sezon 2.Bölüm
🎯 HEX DECODE - m3u8 bulundu: https://vidlax.xyz/upload/697cc20ecfd0c029c5e2c352cfe0fe9876e7/master.m3u8
      ✅ Hazbin Hotel - 1.Sezon 2.Bölüm - 1 m3u8
   🔍 [3/16] Bölüm: https://diziyiizle2.com/hazbin-hotel/1-sezon-3-bolum/
📺 Embed URL bulundu: https://vidlax1.xyz/embed/42b3cb17b27d6364
🔍 Embed URL kontrol ediliyor: https://vidlax1.xyz/embed/42b3cb17b27d6364
📄 Embed sayfa içeriği alındı, boyut: 39931 karakter
🎬 Video Başlığı: Hazbin Hotel
📝 Video Açıklaması: 1.Sezon 3.Bölüm
🎯 Tam Başlık: Hazbin Hotel - 1.Sezon 3.Bölüm
🎯 HEX DECODE - m3u8 bulundu: https://vidlax.xyz/upload/70f7658fa5264923e5c7580714d795c99901/master.m3u8
      ✅ Hazbin Hotel - 1.Sezon 3.Bölüm - 1 m3u8
   🔍 [4/16] Bölüm: https://diziyiizle2.com/hazbin-hotel/1-sezon-4-bolum/
📺 Embed URL bulundu: https://vidlax1.xyz/embed/7277fc90baba7e06
🔍 Embed URL kontrol ediliyor: https://vidlax1.xyz/embed/7277fc90baba7e06
📄 Embed sayfa içeriği alındı, boyut: 39931 karakter
🎬 Video Başlığı: Hazbin Hotel
📝 Video Açıklaması: 1.Sezon 4.Bölüm
🎯 Tam Başlık: Hazbin Hotel - 1.Sezon 4.Bölüm
🎯 HEX DECODE - m3u8 bulundu: https://vidlax.xyz/upload/a3b8bc96be23c9e797dd0e5caf167df8ab33/master.m3u8
      ✅ Hazbin Hotel - 1.Sezon 4.Bölüm - 1 m3u8
   🔍 [5/16] Bölüm: https://diziyiizle2.com/hazbin-hotel/1-sezon-5-bolum/
📺 Embed URL bulundu: https://vidlax1.xyz/embed/becd53099fb20b34
🔍 Embed URL kontrol ediliyor: https://vidlax1.xyz/embed/becd53099fb20b34
📄 Embed sayfa içeriği alındı, boyut: 39931 karakter
🎬 Video Başlığı: Hazbin Hotel
📝 Video Açıklaması: 1.Sezon 5.Bölüm
🎯 Tam Başlık: Hazbin Hotel - 1.Sezon 5.Bölüm
🎯 HEX DECODE - m3u8 bulundu: https://vidlax.xyz/upload/38c7f38283ead73092ef6b23243d5f1b815a/master.m3u8
      ✅ Hazbin Hotel - 1.Sezon 5.Bölüm - 1 m3u8
   🔍 [6/16] Bölüm: https://diziyiizle2.com/hazbin-hotel/1-sezon-6-bolum/
📺 Embed URL bulundu: https://vidlax1.xyz/embed/4862f5d843b06249
🔍 Embed URL kontrol ediliyor: https://vidlax1.xyz/embed/4862f5d843b06249
📄 Embed sayfa içeriği alındı, boyut: 39931 karakter
🎬 Video Başlığı: Hazbin Hotel
📝 Video Açıklaması: 1.Sezon 6.Bölüm
🎯 Tam Başlık: Hazbin Hotel - 1.Sezon 6.Bölüm
🎯 HEX DECODE - m3u8 bulundu: https://vidlax.xyz/upload/8616c18cf08b4fbc552939d93a752fe6ab66/master.m3u8
      ✅ Hazbin Hotel - 1.Sezon 6.Bölüm - 1 m3u8
   🔍 [7/16] Bölüm: https://diziyiizle2.com/hazbin-hotel/1-sezon-7-bolum/
📺 Embed URL bulundu: https://vidlax1.xyz/embed/edbe01d7695eb04b
🔍 Embed URL kontrol ediliyor: https://vidlax1.xyz/embed/edbe01d7695eb04b
📄 Embed sayfa içeriği alındı, boyut: 39931 karakter
🎬 Video Başlığı: Hazbin Hotel
📝 Video Açıklaması: 1.Sezon 7.Bölüm
🎯 Tam Başlık: Hazbin Hotel - 1.Sezon 7.Bölüm
🎯 HEX DECODE - m3u8 bulundu: https://vidlax.xyz/upload/c163fa265736bcffc8daa8948d0318ab8508/master.m3u8
      ✅ Hazbin Hotel - 1.Sezon 7.Bölüm - 1 m3u8
   🔍 [8/16] Bölüm: https://diziyiizle2.com/hazbin-hotel/1-sezon-8-bolum/
📺 Embed URL bulundu: https://vidlax1.xyz/embed/a4ebaa3205384dc6
🔍 Embed URL kontrol ediliyor: https://vidlax1.xyz/embed/a4ebaa3205384dc6
📄 Embed sayfa içeriği alındı, boyut: 39931 karakter
🎬 Video Başlığı: Hazbin Hotel
📝 Video Açıklaması: 1.Sezon 8.Bölüm
🎯 Tam Başlık: Hazbin Hotel - 1.Sezon 8.Bölüm
🎯 HEX DECODE - m3u8 bulundu: https://vidlax.xyz/upload/e61073d4abdf778b36704bb93f715bbdda67/master.m3u8
      ✅ Hazbin Hotel - 1.Sezon 8.Bölüm - 1 m3u8
   🔍 [9/16] Bölüm: https://diziyiizle2.com/hazbin-hotel/2-sezon-1-bolum/
📺 Embed URL bulundu: https://vidlax1.xyz/embed/aaf4846491c796cd
🔍 Embed URL kontrol ediliyor: https://vidlax1.xyz/embed/aaf4846491c796cd
📄 Embed sayfa içeriği alındı, boyut: 42164 karakter
🎬 Video Başlığı: Hazbin Hotel
📝 Video Açıklaması: 2.Sezon 1.Bölüm
🎯 Tam Başlık: Hazbin Hotel - 2.Sezon 1.Bölüm
🎯 HEX DECODE - m3u8 bulundu: https://vidlax.xyz/upload/35d47920aa5090702284b3ba17c98d21d0c0/master.m3u8
      ✅ Hazbin Hotel - 2.Sezon 1.Bölüm - 1 m3u8
   🔍 [10/16] Bölüm: https://diziyiizle2.com/hazbin-hotel/2-sezon-2-bolum/
📺 Embed URL bulundu: https://vidlax1.xyz/embed/c71e8fd0635885e5
🔍 Embed URL kontrol ediliyor: https://vidlax1.xyz/embed/c71e8fd0635885e5
📄 Embed sayfa içeriği alındı, boyut: 42164 karakter
🎬 Video Başlığı: Hazbin Hotel
📝 Video Açıklaması: 2.Sezon 2.Bölüm
🎯 Tam Başlık: Hazbin Hotel - 2.Sezon 2.Bölüm
🎯 HEX DECODE - m3u8 bulundu: https://vidlax.xyz/upload/e1bed4dda8061ab34c4dd6de482a9253ef5c/master.m3u8
      ✅ Hazbin Hotel - 2.Sezon 2.Bölüm - 1 m3u8
   🔍 [11/16] Bölüm: https://diziyiizle2.com/hazbin-hotel/2-sezon-3-bolum/
📺 Embed URL bulundu: https://vidlax1.xyz/embed/58d95d2a3177b900
🔍 Embed URL kontrol ediliyor: https://vidlax1.xyz/embed/58d95d2a3177b900
📄 Embed sayfa içeriği alındı, boyut: 42137 karakter
🎬 Video Başlığı: Hazbin Hotel
📝 Video Açıklaması: 2.Sezon 3.Bölüm
🎯 Tam Başlık: Hazbin Hotel - 2.Sezon 3.Bölüm
🎯 HEX DECODE - m3u8 bulundu: https://vidlax.xyz/upload/5c96ec788ba3019f83f817dd267092fc229a/master.m3u8
      ✅ Hazbin Hotel - 2.Sezon 3.Bölüm - 1 m3u8
   🔍 [12/16] Bölüm: https://diziyiizle2.com/hazbin-hotel/2-sezon-4-bolum/
📺 Embed URL bulundu: https://vidlax1.xyz/embed/1b288727b98ddd3a
🔍 Embed URL kontrol ediliyor: https://vidlax1.xyz/embed/1b288727b98ddd3a
📄 Embed sayfa içeriği alındı, boyut: 42137 karakter
🎬 Video Başlığı: Hazbin Hotel
📝 Video Açıklaması: 2.Sezon 4.Bölüm
🎯 Tam Başlık: Hazbin Hotel - 2.Sezon 4.Bölüm
🎯 HEX DECODE - m3u8 bulundu: https://vidlax.xyz/upload/664fb33b5cda685cba04e187858e524d1a1d/master.m3u8
      ✅ Hazbin Hotel - 2.Sezon 4.Bölüm - 1 m3u8
   🔍 [13/16] Bölüm: https://diziyiizle2.com/hazbin-hotel/2-sezon-5-bolum/

🔍 Vidlax direkt analizi: https://diziyiizle2.com/hazbin-hotel/2-sezon-5-bolum/
📄 Sayfa içeriği alındı: 72298 karakter
❌ m3u8 URL'si bulunamadı
      ❌ m3u8 bulunamadı
   🔍 [14/16] Bölüm: https://diziyiizle2.com/hazbin-hotel/2-sezon-6-bolum/

🔍 Vidlax direkt analizi: https://diziyiizle2.com/hazbin-hotel/2-sezon-6-bolum/
📄 Sayfa içeriği alındı: 72321 karakter
❌ m3u8 URL'si bulunamadı
      ❌ m3u8 bulunamadı
   🔍 [15/16] Bölüm: https://diziyiizle2.com/hazbin-hotel/2-sezon-7-bolum/

🔍 Vidlax direkt analizi: https://diziyiizle2.com/hazbin-hotel/2-sezon-7-bolum/
📄 Sayfa içeriği alındı: 72175 karakter
❌ m3u8 URL'si bulunamadı
      ❌ m3u8 bulunamadı
   🔍 [16/16] Bölüm: https://diziyiizle2.com/hazbin-hotel/2-sezon-8-bolum/

🔍 Vidlax direkt analizi: https://diziyiizle2.com/hazbin-hotel/2-sezon-8-bolum/
📄 Sayfa içeriği alındı: 72416 karakter
❌ m3u8 URL'si bulunamadı
      ❌ m3u8 bulunamadı
      📁 Dizi playlist: playlists/hazbin_hotel_playlist.m3u
   ✅ Dizi tamamlandı: 12 m3u8 eklendi

============================================================
🎬 [4/56] İşleniyor: https://diziyiizle2.com/dizi/robin-hood/
📺 Bölüm bulundu: 1. Sezon 1. BölümDublaj05.11.202559 dk. - https://diziyiizle2.com/robin-hood/1-sezon-1-bolum/
📺 Bölüm bulundu: 1. Sezon 2. BölümDublaj05.11.202560 dk. - https://diziyiizle2.com/robin-hood/1-sezon-2-bolum/
📺 Bölüm bulundu: 1. Sezon 3. BölümAltyazılı05.11.202552 dk. - https://diziyiizle2.com/robin-hood/1-sezon-3-bolum/
📺 Bölüm bulundu: 1. Sezon 4. BölümAltyazılı05.11.2025 - https://diziyiizle2.com/robin-hood/1-sezon-4-bolum/
📺 Bölüm bulundu: 1. Sezon 5. BölümAltyazılı05.11.2025 - https://diziyiizle2.com/robin-hood/1-sezon-5-bolum/
📺 Bölüm bulundu: 1. Sezon 6. BölümAltyazılı05.11.2025 - https://diziyiizle2.com/robin-hood/1-sezon-6-bolum/
📺 Bölüm bulundu: 1. Sezon 7. BölümAltyazılı05.11.2025 - https://diziyiizle2.com/robin-hood/1-sezon-7-bolum/
📺 Bölüm bulundu: 1. Sezon 8. BölümAltyazılı05.11.2025 - https://diziyiizle2.com/robin-hood/1-sezon-8-bolum/
📺 Bölüm bulundu: 1. Sezon 9. BölümAltyazılı05.11.2025 - https://diziyiizle2.com/robin-hood/1-sezon-9-bolum/
📺 Bölüm bulundu: 1. Sezon 10. BölümAltyazılı05.11.2025 - https://diziyiizle2.com/robin-hood/1-sezon-10-bolum/

📊 Toplam 10 bölüm bulundu
   🔍 [1/10] Bölüm: https://diziyiizle2.com/robin-hood/1-sezon-1-bolum/
📺 Embed URL bulundu: https://vidlax1.xyz/embed/3d95361284a22142
🔍 Embed URL kontrol ediliyor: https://vidlax1.xyz/embed/3d95361284a22142
📄 Embed sayfa içeriği alındı, boyut: 39751 karakter
🎬 Video Başlığı: Robin Hood
📝 Video Açıklaması: 1.Sezon 1.Bölüm
🎯 Tam Başlık: Robin Hood - 1.Sezon 1.Bölüm
🎯 HEX DECODE - m3u8 bulundu: https://vidlax.xyz/upload/ab4481fcc3208cc5fc49d4277e6fe2027c43/master.m3u8
      ✅ Robin Hood - 1.Sezon 1.Bölüm - 1 m3u8
   🔍 [2/10] Bölüm: https://diziyiizle2.com/robin-hood/1-sezon-2-bolum/
📺 Embed URL bulundu: https://vidlax1.xyz/embed/45ed03052864d658
🔍 Embed URL kontrol ediliyor: https://vidlax1.xyz/embed/45ed03052864d658
📄 Embed sayfa içeriği alındı, boyut: 39751 karakter
🎬 Video Başlığı: Robin Hood
📝 Video Açıklaması: 1.Sezon 2.Bölüm
🎯 Tam Başlık: Robin Hood - 1.Sezon 2.Bölüm
🎯 HEX DECODE - m3u8 bulundu: https://vidlax.xyz/upload/388b1ebb768a14a02887aca6ce9c994e8c17/master.m3u8
      ✅ Robin Hood - 1.Sezon 2.Bölüm - 1 m3u8
   🔍 [3/10] Bölüm: https://diziyiizle2.com/robin-hood/1-sezon-3-bolum/

🔍 Vidlax direkt analizi: https://diziyiizle2.com/robin-hood/1-sezon-3-bolum/
📄 Sayfa içeriği alındı: 64054 karakter
❌ m3u8 URL'si bulunamadı
      ❌ m3u8 bulunamadı
   🔍 [4/10] Bölüm: https://diziyiizle2.com/robin-hood/1-sezon-4-bolum/

🔍 Vidlax direkt analizi: https://diziyiizle2.com/robin-hood/1-sezon-4-bolum/
📄 Sayfa içeriği alındı: 63830 karakter
❌ m3u8 URL'si bulunamadı
      ❌ m3u8 bulunamadı
   🔍 [5/10] Bölüm: https://diziyiizle2.com/robin-hood/1-sezon-5-bolum/

🔍 Vidlax direkt analizi: https://diziyiizle2.com/robin-hood/1-sezon-5-bolum/
📄 Sayfa içeriği alındı: 63876 karakter
❌ m3u8 URL'si bulunamadı
      ❌ m3u8 bulunamadı
   🔍 [6/10] Bölüm: https://diziyiizle2.com/robin-hood/1-sezon-6-bolum/

🔍 Vidlax direkt analizi: https://diziyiizle2.com/robin-hood/1-sezon-6-bolum/
📄 Sayfa içeriği alındı: 63937 karakter
❌ m3u8 URL'si bulunamadı
      ❌ m3u8 bulunamadı
   🔍 [7/10] Bölüm: https://diziyiizle2.com/robin-hood/1-sezon-7-bolum/

🔍 Vidlax direkt analizi: https://diziyiizle2.com/robin-hood/1-sezon-7-bolum/
📄 Sayfa içeriği alındı: 63287 karakter
❌ m3u8 URL'si bulunamadı
      ❌ m3u8 bulunamadı
   🔍 [8/10] Bölüm: https://diziyiizle2.com/robin-hood/1-sezon-8-bolum/

🔍 Vidlax direkt analizi: https://diziyiizle2.com/robin-hood/1-sezon-8-bolum/
📄 Sayfa içeriği alındı: 63286 karakter
❌ m3u8 URL'si bulunamadı
      ❌ m3u8 bulunamadı
   🔍 [9/10] Bölüm: https://diziyiizle2.com/robin-hood/1-sezon-9-bolum/

🔍 Vidlax direkt analizi: https://diziyiizle2.com/robin-hood/1-sezon-9-bolum/
📄 Sayfa içeriği alındı: 63287 karakter
❌ m3u8 URL'si bulunamadı
      ❌ m3u8 bulunamadı
   🔍 [10/10] Bölüm: https://diziyiizle2.com/robin-hood/1-sezon-10-bolum/

🔍 Vidlax direkt analizi: https://diziyiizle2.com/robin-hood/1-sezon-10-bolum/
📄 Sayfa içeriği alındı: 63305 karakter
❌ m3u8 URL'si bulunamadı
      ❌ m3u8 bulunamadı
      📁 Dizi playlist: playlists/robin_hood_playlist.m3u
   ✅ Dizi tamamlandı: 2 m3u8 eklendi

============================================================
🎬 [5/56] İşleniyor: https://diziyiizle2.com/dizi/de-big-fuck-up/
📺 Bölüm bulundu: 1. Sezon 1. BölümAltyazılı05.11.202548 dk. - https://diziyiizle2.com/de-big-fuck-up/1-sezon-1-bolum/
📺 Bölüm bulundu: 1. Sezon 2. BölümAltyazılı05.11.202550 dk. - https://diziyiizle2.com/de-big-fuck-up/1-sezon-2-bolum/
📺 Bölüm bulundu: 1. Sezon 3. BölümAltyazılı05.11.2025 - https://diziyiizle2.com/de-big-fuck-up/1-sezon-3-bolum/
📺 Bölüm bulundu: 1. Sezon 4. BölümAltyazılı05.11.2025 - https://diziyiizle2.com/de-big-fuck-up/1-sezon-4-bolum/
📺 Bölüm bulundu: 1. Sezon 5. BölümAltyazılı05.11.2025 - https://diziyiizle2.com/de-big-fuck-up/1-sezon-5-bolum/
📺 Bölüm bulundu: 1. Sezon 6. BölümAltyazılı05.11.2025 - https://diziyiizle2.com/de-big-fuck-up/1-sezon-6-bolum/
📺 Bölüm bulundu: 1. Sezon 7. BölümAltyazılı05.11.2025 - https://diziyiizle2.com/de-big-fuck-up/1-sezon-7-bolum/
📺 Bölüm bulundu: 1. Sezon 8. BölümAltyazılı05.11.2025 - https://diziyiizle2.com/de-big-fuck-up/1-sezon-8-bolum/

📊 Toplam 8 bölüm bulundu
   🔍 [1/8] Bölüm: https://diziyiizle2.com/de-big-fuck-up/1-sezon-1-bolum/
📺 Embed URL bulundu: https://vidlax1.xyz/embed/c9ddb56be4a31626
🔍 Embed URL kontrol ediliyor: https://vidlax1.xyz/embed/c9ddb56be4a31626
📄 Embed sayfa içeriği alındı, boyut: 39897 karakter
🎬 Video Başlığı: De Big Fuck-up
📝 Video Açıklaması: 1.Sezon 1.Bölüm
🎯 Tam Başlık: De Big Fuck-up - 1.Sezon 1.Bölüm
🎯 HEX DECODE - m3u8 bulundu: https://vidlax.xyz/upload/30cb57cc88b178438fe60250198adec61665/master.m3u8
      ✅ De Big Fuck-up - 1.Sezon 1.Bölüm - 1 m3u8
   🔍 [2/8] Bölüm: https://diziyiizle2.com/de-big-fuck-up/1-sezon-2-bolum/

🔍 Vidlax direkt analizi: https://diziyiizle2.com/de-big-fuck-up/1-sezon-2-bolum/
📄 Sayfa içeriği alındı: 61672 karakter
❌ m3u8 URL'si bulunamadı
      ❌ m3u8 bulunamadı
   🔍 [3/8] Bölüm: https://diziyiizle2.com/de-big-fuck-up/1-sezon-3-bolum/

🔍 Vidlax direkt analizi: https://diziyiizle2.com/de-big-fuck-up/1-sezon-3-bolum/
📄 Sayfa içeriği alındı: 60889 karakter
❌ m3u8 URL'si bulunamadı
      ❌ m3u8 bulunamadı
   🔍 [4/8] Bölüm: https://diziyiizle2.com/de-big-fuck-up/1-sezon-4-bolum/

🔍 Vidlax direkt analizi: https://diziyiizle2.com/de-big-fuck-up/1-sezon-4-bolum/
📄 Sayfa içeriği alındı: 60889 karakter
❌ m3u8 URL'si bulunamadı
      ❌ m3u8 bulunamadı
   🔍 [5/8] Bölüm: https://diziyiizle2.com/de-big-fuck-up/1-sezon-5-bolum/

🔍 Vidlax direkt analizi: https://diziyiizle2.com/de-big-fuck-up/1-sezon-5-bolum/
📄 Sayfa içeriği alındı: 60889 karakter
❌ m3u8 URL'si bulunamadı
      ❌ m3u8 bulunamadı
   🔍 [6/8] Bölüm: https://diziyiizle2.com/de-big-fuck-up/1-sezon-6-bolum/

🔍 Vidlax direkt analizi: https://diziyiizle2.com/de-big-fuck-up/1-sezon-6-bolum/
📄 Sayfa içeriği alındı: 60888 karakter
❌ m3u8 URL'si bulunamadı
      ❌ m3u8 bulunamadı
   🔍 [7/8] Bölüm: https://diziyiizle2.com/de-big-fuck-up/1-sezon-7-bolum/

🔍 Vidlax direkt analizi: https://diziyiizle2.com/de-big-fuck-up/1-sezon-7-bolum/
📄 Sayfa içeriği alındı: 60889 karakter
❌ m3u8 URL'si bulunamadı
      ❌ m3u8 bulunamadı
   🔍 [8/8] Bölüm: https://diziyiizle2.com/de-big-fuck-up/1-sezon-8-bolum/

🔍 Vidlax direkt analizi: https://diziyiizle2.com/de-big-fuck-up/1-sezon-8-bolum/
📄 Sayfa içeriği alındı: 60887 karakter
❌ m3u8 URL'si bulunamadı
      ❌ m3u8 bulunamadı
      📁 Dizi playlist: playlists/de_big_fuck_up_playlist.m3u
   ✅ Dizi tamamlandı: 1 m3u8 eklendi

============================================================
🎬 [6/56] İşleniyor: https://diziyiizle2.com/dizi/return-to-paradise/
📺 Bölüm bulundu: 1. Sezon 1. BölümAltyazılı04.11.202552 dk. - https://diziyiizle2.com/return-to-paradise/1-sezon-1-bolum/
📺 Bölüm bulundu: 1. Sezon 2. BölümAltyazılı04.11.202552 dk. - https://diziyiizle2.com/return-to-paradise/1-sezon-2-bolum/
📺 Bölüm bulundu: 1. Sezon 3. BölümAltyazılı04.11.202552 dk. - https://diziyiizle2.com/return-to-paradise/1-sezon-3-bolum/
📺 Bölüm bulundu: 1. Sezon 4. BölümAltyazılı04.11.202552 dk. - https://diziyiizle2.com/return-to-paradise/1-sezon-4-bolum/
📺 Bölüm bulundu: 1. Sezon 5. BölümAltyazılı04.11.202552 dk. - https://diziyiizle2.com/return-to-paradise/1-sezon-5-bolum/
📺 Bölüm bulundu: 1. Sezon 6. BölümAltyazılı04.11.202552 dk. - https://diziyiizle2.com/return-to-paradise/1-sezon-6-bolum/
📺 Bölüm bulundu: 2. Sezon 1. BölümAltyazılı04.11.202557 dk. - https://diziyiizle2.com/return-to-paradise/2-sezon-1-bolum/
📺 Bölüm bulundu: 2. Sezon 2. BölümAltyazılı04.11.202557 dk. - https://diziyiizle2.com/return-to-paradise/2-sezon-2-bolum/
📺 Bölüm bulundu: 2. Sezon 3. BölümAltyazılı04.11.202557 dk. - https://diziyiizle2.com/return-to-paradise/2-sezon-3-bolum/
📺 Bölüm bulundu: 2. Sezon 4. BölümAltyazılı04.11.202557 dk. - https://diziyiizle2.com/return-to-paradise/2-sezon-4-bolum/
📺 Bölüm bulundu: 2. Sezon 5. BölümAltyazılı04.11.202557 dk. - https://diziyiizle2.com/return-to-paradise/2-sezon-5-bolum/
📺 Bölüm bulundu: 2. Sezon 6. BölümAltyazılı04.11.202557 dk. - https://diziyiizle2.com/return-to-paradise/2-sezon-6-bolum/

📊 Toplam 12 bölüm bulundu
   🔍 [1/12] Bölüm: https://diziyiizle2.com/return-to-paradise/1-sezon-1-bolum/
📺 Embed URL bulundu: https://vidlax1.xyz/embed/8784ca9d71883428
🔍 Embed URL kontrol ediliyor: https://vidlax1.xyz/embed/8784ca9d71883428
📄 Embed sayfa içeriği alındı, boyut: 39591 karakter
🎬 Video Başlığı: Return to Paradise
📝 Video Açıklaması: 1.Sezon 1.Bölüm
🎯 Tam Başlık: Return to Paradise - 1.Sezon 1.Bölüm
🎯 HEX DECODE - m3u8 bulundu: https://vidlax.xyz/upload/604818bf786fccf190d309b6edf3c2a96285/master.m3u8
      ✅ Return to Paradise - 1.Sezon 1.Bölüm - 1 m3u8
   🔍 [2/12] Bölüm: https://diziyiizle2.com/return-to-paradise/1-sezon-2-bolum/
📺 Embed URL bulundu: https://vidlax1.xyz/embed/10f0855d2eb7ee3d
🔍 Embed URL kontrol ediliyor: https://vidlax1.xyz/embed/10f0855d2eb7ee3d
📄 Embed sayfa içeriği alındı, boyut: 39591 karakter
🎬 Video Başlığı: Return to Paradise
📝 Video Açıklaması: 1.Sezon 2.Bölüm
🎯 Tam Başlık: Return to Paradise - 1.Sezon 2.Bölüm
🎯 HEX DECODE - m3u8 bulundu: https://vidlax.xyz/upload/c216f25ecabb513b9738b93c7d27151fd8b3/master.m3u8
      ✅ Return to Paradise - 1.Sezon 2.Bölüm - 1 m3u8
   🔍 [3/12] Bölüm: https://diziyiizle2.com/return-to-paradise/1-sezon-3-bolum/
📺 Embed URL bulundu: https://vidlax1.xyz/embed/55524a189c294052
🔍 Embed URL kontrol ediliyor: https://vidlax1.xyz/embed/55524a189c294052
📄 Embed sayfa içeriği alındı, boyut: 39591 karakter
🎬 Video Başlığı: Return to Paradise
📝 Video Açıklaması: 1.Sezon 3.Bölüm
🎯 Tam Başlık: Return to Paradise - 1.Sezon 3.Bölüm
🎯 HEX DECODE - m3u8 bulundu: https://vidlax.xyz/upload/db3b6bd707d8b4452e4326f94cc74e177bbf/master.m3u8
      ✅ Return to Paradise - 1.Sezon 3.Bölüm - 1 m3u8
   🔍 [4/12] Bölüm: https://diziyiizle2.com/return-to-paradise/1-sezon-4-bolum/
📺 Embed URL bulundu: https://vidlax1.xyz/embed/62b2d5fadb7edd60
🔍 Embed URL kontrol ediliyor: https://vidlax1.xyz/embed/62b2d5fadb7edd60
📄 Embed sayfa içeriği alındı, boyut: 39591 karakter
🎬 Video Başlığı: Return to Paradise
📝 Video Açıklaması: 1.Sezon 4.Bölüm
🎯 Tam Başlık: Return to Paradise - 1.Sezon 4.Bölüm
🎯 HEX DECODE - m3u8 bulundu: https://vidlax.xyz/upload/6b594f0a91a7567d0bd963b2184f4351e3d9/master.m3u8
      ✅ Return to Paradise - 1.Sezon 4.Bölüm - 1 m3u8
   🔍 [5/12] Bölüm: https://diziyiizle2.com/return-to-paradise/1-sezon-5-bolum/
📺 Embed URL bulundu: https://vidlax1.xyz/embed/0f1b9fe19c176fc2
🔍 Embed URL kontrol ediliyor: https://vidlax1.xyz/embed/0f1b9fe19c176fc2
📄 Embed sayfa içeriği alındı, boyut: 39591 karakter
🎬 Video Başlığı: Return to Paradise
📝 Video Açıklaması: 1.Sezon 5.Bölüm
🎯 Tam Başlık: Return to Paradise - 1.Sezon 5.Bölüm
🎯 HEX DECODE - m3u8 bulundu: https://vidlax.xyz/upload/1d20e9d7cd7c70515e4a59bf017b03e0a1ec/master.m3u8
      ✅ Return to Paradise - 1.Sezon 5.Bölüm - 1 m3u8
   🔍 [6/12] Bölüm: https://diziyiizle2.com/return-to-paradise/1-sezon-6-bolum/
📺 Embed URL bulundu: https://vidlax1.xyz/embed/0b8ebebdad251505
🔍 Embed URL kontrol ediliyor: https://vidlax1.xyz/embed/0b8ebebdad251505
📄 Embed sayfa içeriği alındı, boyut: 39591 karakter
🎬 Video Başlığı: Return to Paradise
📝 Video Açıklaması: 1.Sezon 6.Bölüm
🎯 Tam Başlık: Return to Paradise - 1.Sezon 6.Bölüm
🎯 HEX DECODE - m3u8 bulundu: https://vidlax.xyz/upload/0ff3b6567fd6fbb40ebb954d1cc5bc286da2/master.m3u8
      ✅ Return to Paradise - 1.Sezon 6.Bölüm - 1 m3u8
   🔍 [7/12] Bölüm: https://diziyiizle2.com/return-to-paradise/2-sezon-1-bolum/
📺 Embed URL bulundu: https://vidlax1.xyz/embed/e17f0497ea56c922
🔍 Embed URL kontrol ediliyor: https://vidlax1.xyz/embed/e17f0497ea56c922
📄 Embed sayfa içeriği alındı, boyut: 39763 karakter
🎬 Video Başlığı: Return To Paradise
📝 Video Açıklaması: 2.Sezon 1.Bölüm
🎯 Tam Başlık: Return To Paradise - 2.Sezon 1.Bölüm
🎯 HEX DECODE - m3u8 bulundu: https://vidlax.xyz/upload/c768e3e31ffb71c99e947de48caa77d08afb/master.m3u8
      ✅ Return To Paradise - 2.Sezon 1.Bölüm - 1 m3u8
   🔍 [8/12] Bölüm: https://diziyiizle2.com/return-to-paradise/2-sezon-2-bolum/

🔍 Vidlax direkt analizi: https://diziyiizle2.com/return-to-paradise/2-sezon-2-bolum/
📄 Sayfa içeriği alındı: 67939 karakter
❌ m3u8 URL'si bulunamadı
      ❌ m3u8 bulunamadı
   🔍 [9/12] Bölüm: https://diziyiizle2.com/return-to-paradise/2-sezon-3-bolum/

🔍 Vidlax direkt analizi: https://diziyiizle2.com/return-to-paradise/2-sezon-3-bolum/
📄 Sayfa içeriği alındı: 67279 karakter
❌ m3u8 URL'si bulunamadı
      ❌ m3u8 bulunamadı
   🔍 [10/12] Bölüm: https://diziyiizle2.com/return-to-paradise/2-sezon-4-bolum/

🔍 Vidlax direkt analizi: https://diziyiizle2.com/return-to-paradise/2-sezon-4-bolum/
📄 Sayfa içeriği alındı: 67279 karakter
❌ m3u8 URL'si bulunamadı
      ❌ m3u8 bulunamadı
   🔍 [11/12] Bölüm: https://diziyiizle2.com/return-to-paradise/2-sezon-5-bolum/

🔍 Vidlax direkt analizi: https://diziyiizle2.com/return-to-paradise/2-sezon-5-bolum/
📄 Sayfa içeriği alındı: 67279 karakter
❌ m3u8 URL'si bulunamadı
      ❌ m3u8 bulunamadı
   🔍 [12/12] Bölüm: https://diziyiizle2.com/return-to-paradise/2-sezon-6-bolum/

🔍 Vidlax direkt analizi: https://diziyiizle2.com/return-to-paradise/2-sezon-6-bolum/
📄 Sayfa içeriği alındı: 67278 karakter
❌ m3u8 URL'si bulunamadı
      ❌ m3u8 bulunamadı
      📁 Dizi playlist: playlists/return_to_paradise_playlist.m3u
   ✅ Dizi tamamlandı: 7 m3u8 eklendi

============================================================
🎬 [7/56] İşleniyor: https://diziyiizle2.com/dizi/alls-fair/
📺 Bölüm bulundu: 1. Sezon 1. BölümAltyazılı04.11.2025 - https://diziyiizle2.com/alls-fair/1-sezon-1-bolum/
📺 Bölüm bulundu: 1. Sezon 2. BölümAltyazılı04.11.2025 - https://diziyiizle2.com/alls-fair/1-sezon-2-bolum/
📺 Bölüm bulundu: 1. Sezon 3. BölümAltyazılı04.11.2025 - https://diziyiizle2.com/alls-fair/1-sezon-3-bolum/
📺 Bölüm bulundu: 1. Sezon 4. BölümAltyazılı04.11.2025 - https://diziyiizle2.com/alls-fair/1-sezon-4-bolum/
📺 Bölüm bulundu: 1. Sezon 5. BölümAltyazılı04.11.2025 - https://diziyiizle2.com/alls-fair/1-sezon-5-bolum/
📺 Bölüm bulundu: 1. Sezon 6. BölümAltyazılı04.11.2025 - https://diziyiizle2.com/alls-fair/1-sezon-6-bolum/
📺 Bölüm bulundu: 1. Sezon 7. BölümAltyazılı04.11.2025 - https://diziyiizle2.com/alls-fair/1-sezon-7-bolum/
📺 Bölüm bulundu: 1. Sezon 8. BölümAltyazılı04.11.2025 - https://diziyiizle2.com/alls-fair/1-sezon-8-bolum/
📺 Bölüm bulundu: 1. Sezon 9. BölümAltyazılı04.11.2025 - https://diziyiizle2.com/alls-fair/1-sezon-9-bolum/
📺 Bölüm bulundu: 1. Sezon 10. BölümAltyazılı04.11.2025 - https://diziyiizle2.com/alls-fair/1-sezon-10-bolum/

📊 Toplam 10 bölüm bulundu
   🔍 [1/10] Bölüm: https://diziyiizle2.com/alls-fair/1-sezon-1-bolum/
📺 Embed URL bulundu: https://vidlax1.xyz/embed/e87619d7b21dcc35
🔍 Embed URL kontrol ediliyor: https://vidlax1.xyz/embed/e87619d7b21dcc35
📄 Embed sayfa içeriği alındı, boyut: 39902 karakter
🎬 Video Başlığı: All&#039;s Fair
📝 Video Açıklaması: 1.Sezon 1.Bölüm
🎯 Tam Başlık: All&#039;s Fair - 1.Sezon 1.Bölüm
🎯 HEX DECODE - m3u8 bulundu: https://vidlax.xyz/upload/01ecc637801a0b35ee84291290271a4084e2/master.m3u8
      ✅ All&#039;s Fair - 1.Sezon 1.Bölüm - 1 m3u8
   🔍 [2/10] Bölüm: https://diziyiizle2.com/alls-fair/1-sezon-2-bolum/
📺 Embed URL bulundu: https://vidlax1.xyz/embed/60f05840618d0457
🔍 Embed URL kontrol ediliyor: https://vidlax1.xyz/embed/60f05840618d0457
📄 Embed sayfa içeriği alındı, boyut: 39902 karakter
🎬 Video Başlığı: All&#039;s Fair
📝 Video Açıklaması: 1.Sezon 2.Bölüm
🎯 Tam Başlık: All&#039;s Fair - 1.Sezon 2.Bölüm
🎯 HEX DECODE - m3u8 bulundu: https://vidlax.xyz/upload/66bdc850b835b13332d5fc4746054db89f41/master.m3u8
      ✅ All&#039;s Fair - 1.Sezon 2.Bölüm - 1 m3u8
   🔍 [3/10] Bölüm: https://diziyiizle2.com/alls-fair/1-sezon-3-bolum/
📺 Embed URL bulundu: https://vidlax1.xyz/embed/4afd3ccd5ab27377
🔍 Embed URL kontrol ediliyor: https://vidlax1.xyz/embed/4afd3ccd5ab27377
📄 Embed sayfa içeriği alındı, boyut: 39902 karakter
🎬 Video Başlığı: All&#039;s Fair
📝 Video Açıklaması: 1.Sezon 3.Bölüm
🎯 Tam Başlık: All&#039;s Fair - 1.Sezon 3.Bölüm
🎯 HEX DECODE - m3u8 bulundu: https://vidlax.xyz/upload/4c14d43c8466581f58fc972d840c5480289d/master.m3u8
      ✅ All&#039;s Fair - 1.Sezon 3.Bölüm - 1 m3u8
   🔍 [4/10] Bölüm: https://diziyiizle2.com/alls-fair/1-sezon-4-bolum/

🔍 Vidlax direkt analizi: https://diziyiizle2.com/alls-fair/1-sezon-4-bolum/
📄 Sayfa içeriği alındı: 63238 karakter
❌ m3u8 URL'si bulunamadı
      ❌ m3u8 bulunamadı
   🔍 [5/10] Bölüm: https://diziyiizle2.com/alls-fair/1-sezon-5-bolum/

🔍 Vidlax direkt analizi: https://diziyiizle2.com/alls-fair/1-sezon-5-bolum/
📄 Sayfa içeriği alındı: 63236 karakter
❌ m3u8 URL'si bulunamadı
      ❌ m3u8 bulunamadı
   🔍 [6/10] Bölüm: https://diziyiizle2.com/alls-fair/1-sezon-6-bolum/

🔍 Vidlax direkt analizi: https://diziyiizle2.com/alls-fair/1-sezon-6-bolum/
📄 Sayfa içeriği alındı: 63238 karakter
❌ m3u8 URL'si bulunamadı
      ❌ m3u8 bulunamadı
   🔍 [7/10] Bölüm: https://diziyiizle2.com/alls-fair/1-sezon-7-bolum/

🔍 Vidlax direkt analizi: https://diziyiizle2.com/alls-fair/1-sezon-7-bolum/
📄 Sayfa içeriği alındı: 63238 karakter
❌ m3u8 URL'si bulunamadı
      ❌ m3u8 bulunamadı
   🔍 [8/10] Bölüm: https://diziyiizle2.com/alls-fair/1-sezon-8-bolum/

🔍 Vidlax direkt analizi: https://diziyiizle2.com/alls-fair/1-sezon-8-bolum/
📄 Sayfa içeriği alındı: 63238 karakter
❌ m3u8 URL'si bulunamadı
      ❌ m3u8 bulunamadı
   🔍 [9/10] Bölüm: https://diziyiizle2.com/alls-fair/1-sezon-9-bolum/

🔍 Vidlax direkt analizi: https://diziyiizle2.com/alls-fair/1-sezon-9-bolum/
📄 Sayfa içeriği alındı: 63237 karakter
❌ m3u8 URL'si bulunamadı
      ❌ m3u8 bulunamadı
   🔍 [10/10] Bölüm: https://diziyiizle2.com/alls-fair/1-sezon-10-bolum/

🔍 Vidlax direkt analizi: https://diziyiizle2.com/alls-fair/1-sezon-10-bolum/
📄 Sayfa içeriği alındı: 63231 karakter
❌ m3u8 URL'si bulunamadı
      ❌ m3u8 bulunamadı
      📁 Dizi playlist: playlists/alls_fair_playlist.m3u
   ✅ Dizi tamamlandı: 3 m3u8 eklendi

============================================================
🎬 [8/56] İşleniyor: https://diziyiizle2.com/dizi/the-quest/
📺 Bölüm bulundu: 1. Sezon 1. BölümDublaj04.11.202547 dk. - https://diziyiizle2.com/the-quest/1-sezon-1-bolum/
📺 Bölüm bulundu: 1. Sezon 2. BölümAltyazılı04.11.202544 dk. - https://diziyiizle2.com/the-quest/1-sezon-2-bolum/
📺 Bölüm bulundu: 1. Sezon 3. BölümDublaj04.11.202541 dk. - https://diziyiizle2.com/the-quest/1-sezon-3-bolum/
📺 Bölüm bulundu: 1. Sezon 4. BölümDublaj04.11.202546 dk. - https://diziyiizle2.com/the-quest/1-sezon-4-bolum/
📺 Bölüm bulundu: 1. Sezon 5. BölümDublaj04.11.202542 dk. - https://diziyiizle2.com/the-quest/1-sezon-5-bolum/
📺 Bölüm bulundu: 1. Sezon 6. BölümDublaj04.11.202547 dk. - https://diziyiizle2.com/the-quest/1-sezon-6-bolum/
📺 Bölüm bulundu: 1. Sezon 7. BölümDublaj04.11.202540 dk. - https://diziyiizle2.com/the-quest/1-sezon-7-bolum/
📺 Bölüm bulundu: 1. Sezon 8. BölümDublaj04.11.202545 dk. - https://diziyiizle2.com/the-quest/1-sezon-8-bolum/

📊 Toplam 8 bölüm bulundu
   🔍 [1/8] Bölüm: https://diziyiizle2.com/the-quest/1-sezon-1-bolum/
📺 Embed URL bulundu: https://vidlax1.xyz/embed/6aee09009b90bb38
🔍 Embed URL kontrol ediliyor: https://vidlax1.xyz/embed/6aee09009b90bb38
📄 Embed sayfa içeriği alındı, boyut: 39582 karakter
🎬 Video Başlığı: The Quest
📝 Video Açıklaması: 1.Sezon 1.Bölüm
🎯 Tam Başlık: The Quest - 1.Sezon 1.Bölüm
🎯 HEX DECODE - m3u8 bulundu: https://vidlax.xyz/upload/04c659a9768a73111bb4e0a3cae35b5c9b12/master.m3u8
      ✅ The Quest - 1.Sezon 1.Bölüm - 1 m3u8
   🔍 [2/8] Bölüm: https://diziyiizle2.com/the-quest/1-sezon-2-bolum/

🔍 Vidlax direkt analizi: https://diziyiizle2.com/the-quest/1-sezon-2-bolum/
📄 Sayfa içeriği alındı: 61363 karakter
❌ m3u8 URL'si bulunamadı
      ❌ m3u8 bulunamadı
   🔍 [3/8] Bölüm: https://diziyiizle2.com/the-quest/1-sezon-3-bolum/
📺 Embed URL bulundu: https://vidlax1.xyz/embed/63c65814b0d69d03
🔍 Embed URL kontrol ediliyor: https://vidlax1.xyz/embed/63c65814b0d69d03
📄 Embed sayfa içeriği alındı, boyut: 39582 karakter
🎬 Video Başlığı: The Quest
📝 Video Açıklaması: 1.Sezon 3.Bölüm
🎯 Tam Başlık: The Quest - 1.Sezon 3.Bölüm
🎯 HEX DECODE - m3u8 bulundu: https://vidlax.xyz/upload/825a616030e4415e5b2e3c5e588733ac550b/master.m3u8
      ✅ The Quest - 1.Sezon 3.Bölüm - 1 m3u8
   🔍 [4/8] Bölüm: https://diziyiizle2.com/the-quest/1-sezon-4-bolum/
📺 Embed URL bulundu: https://vidlax1.xyz/embed/62a3bb720b46f3c8
🔍 Embed URL kontrol ediliyor: https://vidlax1.xyz/embed/62a3bb720b46f3c8
📄 Embed sayfa içeriği alındı, boyut: 39582 karakter
🎬 Video Başlığı: The Quest
📝 Video Açıklaması: 1.Sezon 4.Bölüm
🎯 Tam Başlık: The Quest - 1.Sezon 4.Bölüm
🎯 HEX DECODE - m3u8 bulundu: https://vidlax.xyz/upload/180e5d5c17ab19a7efcfe725039aa508581d/master.m3u8
      ✅ The Quest - 1.Sezon 4.Bölüm - 1 m3u8
   🔍 [5/8] Bölüm: https://diziyiizle2.com/the-quest/1-sezon-5-bolum/
📺 Embed URL bulundu: https://vidlax1.xyz/embed/c231e02756334fee
🔍 Embed URL kontrol ediliyor: https://vidlax1.xyz/embed/c231e02756334fee
📄 Embed sayfa içeriği alındı, boyut: 39582 karakter
🎬 Video Başlığı: The Quest
📝 Video Açıklaması: 1.Sezon 5.Bölüm
🎯 Tam Başlık: The Quest - 1.Sezon 5.Bölüm
🎯 HEX DECODE - m3u8 bulundu: https://vidlax.xyz/upload/9c826b65dc01b2bb71ab7dbab242ccd288be/master.m3u8
      ✅ The Quest - 1.Sezon 5.Bölüm - 1 m3u8
   🔍 [6/8] Bölüm: https://diziyiizle2.com/the-quest/1-sezon-6-bolum/
📺 Embed URL bulundu: https://vidlax1.xyz/embed/e4d3c51ffb240f9f
🔍 Embed URL kontrol ediliyor: https://vidlax1.xyz/embed/e4d3c51ffb240f9f
📄 Embed sayfa içeriği alındı, boyut: 39582 karakter
🎬 Video Başlığı: The Quest
📝 Video Açıklaması: 1.Sezon 6.Bölüm
🎯 Tam Başlık: The Quest - 1.Sezon 6.Bölüm
🎯 HEX DECODE - m3u8 bulundu: https://vidlax.xyz/upload/6d28f33d1a0c68726274ddf5a317566e32e8/master.m3u8
      ✅ The Quest - 1.Sezon 6.Bölüm - 1 m3u8
   🔍 [7/8] Bölüm: https://diziyiizle2.com/the-quest/1-sezon-7-bolum/
📺 Embed URL bulundu: https://vidlax1.xyz/embed/9bafaead4f0b98be
🔍 Embed URL kontrol ediliyor: https://vidlax1.xyz/embed/9bafaead4f0b98be
📄 Embed sayfa içeriği alındı, boyut: 39582 karakter
🎬 Video Başlığı: The Quest
📝 Video Açıklaması: 1.Sezon 7.Bölüm
🎯 Tam Başlık: The Quest - 1.Sezon 7.Bölüm
🎯 HEX DECODE - m3u8 bulundu: https://vidlax.xyz/upload/779719c64028cb1400ff7c058f1b4e61cf5a/master.m3u8
      ✅ The Quest - 1.Sezon 7.Bölüm - 1 m3u8
   🔍 [8/8] Bölüm: https://diziyiizle2.com/the-quest/1-sezon-8-bolum/
📺 Embed URL bulundu: https://vidlax1.xyz/embed/71f085290b218e7d
🔍 Embed URL kontrol ediliyor: https://vidlax1.xyz/embed/71f085290b218e7d
📄 Embed sayfa içeriği alındı, boyut: 39582 karakter
🎬 Video Başlığı: The Quest
📝 Video Açıklaması: 1.Sezon 8.Bölüm
🎯 Tam Başlık: The Quest - 1.Sezon 8.Bölüm
🎯 HEX DECODE - m3u8 bulundu: https://vidlax.xyz/upload/396f94a31ca110b03ce1de25348eb6c6b04c/master.m3u8
      ✅ The Quest - 1.Sezon 8.Bölüm - 1 m3u8
      📁 Dizi playlist: playlists/the_quest_playlist.m3u
   ✅ Dizi tamamlandı: 7 m3u8 eklendi

============================================================
🎬 [9/56] İşleniyor: https://diziyiizle2.com/dizi/sketchbook/
📺 Bölüm bulundu: 1. Sezon 1. BölümDublaj04.11.202523 dk. - https://diziyiizle2.com/sketchbook/1-sezon-1-bolum/
📺 Bölüm bulundu: 1. Sezon 2. BölümDublaj04.11.202523 dk. - https://diziyiizle2.com/sketchbook/1-sezon-2-bolum/
📺 Bölüm bulundu: 1. Sezon 3. BölümDublaj04.11.202523 dk. - https://diziyiizle2.com/sketchbook/1-sezon-3-bolum/
📺 Bölüm bulundu: 1. Sezon 4. BölümDublaj04.11.202523 dk. - https://diziyiizle2.com/sketchbook/1-sezon-4-bolum/
📺 Bölüm bulundu: 1. Sezon 5. BölümDublaj04.11.202522 dk. - https://diziyiizle2.com/sketchbook/1-sezon-5-bolum/
📺 Bölüm bulundu: 1. Sezon 6. BölümDublaj04.11.202522 dk. - https://diziyiizle2.com/sketchbook/1-sezon-6-bolum/

📊 Toplam 6 bölüm bulundu
   🔍 [1/6] Bölüm: https://diziyiizle2.com/sketchbook/1-sezon-1-bolum/
📺 Embed URL bulundu: https://vidlax1.xyz/embed/a13dacc7fcca17ba
🔍 Embed URL kontrol ediliyor: https://vidlax1.xyz/embed/a13dacc7fcca17ba
📄 Embed sayfa içeriği alındı, boyut: 39579 karakter
🎬 Video Başlığı: Sketchbook
📝 Video Açıklaması: 1.Sezon 1.Bölüm
🎯 Tam Başlık: Sketchbook - 1.Sezon 1.Bölüm
🎯 HEX DECODE - m3u8 bulundu: https://vidlax.xyz/upload/c47dc911863eefcb20eeffa3b04f8e3396a6/master.m3u8
      ✅ Sketchbook - 1.Sezon 1.Bölüm - 1 m3u8
   🔍 [2/6] Bölüm: https://diziyiizle2.com/sketchbook/1-sezon-2-bolum/
📺 Embed URL bulundu: https://vidlax1.xyz/embed/4a83ea829e295fbb
🔍 Embed URL kontrol ediliyor: https://vidlax1.xyz/embed/4a83ea829e295fbb
📄 Embed sayfa içeriği alındı, boyut: 39579 karakter
🎬 Video Başlığı: Sketchbook
📝 Video Açıklaması: 1.Sezon 2.Bölüm
🎯 Tam Başlık: Sketchbook - 1.Sezon 2.Bölüm
🎯 HEX DECODE - m3u8 bulundu: https://vidlax.xyz/upload/7c6fb6b7feb818fdf292eb456a86d9404ac8/master.m3u8
      ✅ Sketchbook - 1.Sezon 2.Bölüm - 1 m3u8
   🔍 [3/6] Bölüm: https://diziyiizle2.com/sketchbook/1-sezon-3-bolum/
📺 Embed URL bulundu: https://vidlax1.xyz/embed/a794e1cb93c2c70f
🔍 Embed URL kontrol ediliyor: https://vidlax1.xyz/embed/a794e1cb93c2c70f
📄 Embed sayfa içeriği alındı, boyut: 39579 karakter
🎬 Video Başlığı: Sketchbook
📝 Video Açıklaması: 1.Sezon 3.Bölüm
🎯 Tam Başlık: Sketchbook - 1.Sezon 3.Bölüm
🎯 HEX DECODE - m3u8 bulundu: https://vidlax.xyz/upload/746d51b8bf02fab570fae6e593128f8dd5b4/master.m3u8
      ✅ Sketchbook - 1.Sezon 3.Bölüm - 1 m3u8
   🔍 [4/6] Bölüm: https://diziyiizle2.com/sketchbook/1-sezon-4-bolum/
📺 Embed URL bulundu: https://vidlax1.xyz/embed/2fab85a1be563216
🔍 Embed URL kontrol ediliyor: https://vidlax1.xyz/embed/2fab85a1be563216
📄 Embed sayfa içeriği alındı, boyut: 39579 karakter
🎬 Video Başlığı: Sketchbook
📝 Video Açıklaması: 1.Sezon 4.Bölüm
🎯 Tam Başlık: Sketchbook - 1.Sezon 4.Bölüm
🎯 HEX DECODE - m3u8 bulundu: https://vidlax.xyz/upload/c93eb3b6c532a8071d2c5bee8eb932414e17/master.m3u8
      ✅ Sketchbook - 1.Sezon 4.Bölüm - 1 m3u8
   🔍 [5/6] Bölüm: https://diziyiizle2.com/sketchbook/1-sezon-5-bolum/
📺 Embed URL bulundu: https://vidlax1.xyz/embed/366903335ccf62eb
🔍 Embed URL kontrol ediliyor: https://vidlax1.xyz/embed/366903335ccf62eb
📄 Embed sayfa içeriği alındı, boyut: 39579 karakter
🎬 Video Başlığı: Sketchbook
📝 Video Açıklaması: 1.Sezon 5.Bölüm
🎯 Tam Başlık: Sketchbook - 1.Sezon 5.Bölüm
🎯 HEX DECODE - m3u8 bulundu: https://vidlax.xyz/upload/214cad1443d1fea35684eebb31ff9e02ce9a/master.m3u8
      ✅ Sketchbook - 1.Sezon 5.Bölüm - 1 m3u8
   🔍 [6/6] Bölüm: https://diziyiizle2.com/sketchbook/1-sezon-6-bolum/
📺 Embed URL bulundu: https://vidlax1.xyz/embed/9983548f7d536ba0
🔍 Embed URL kontrol ediliyor: https://vidlax1.xyz/embed/9983548f7d536ba0
📄 Embed sayfa içeriği alındı, boyut: 39579 karakter
🎬 Video Başlığı: Sketchbook
📝 Video Açıklaması: 1.Sezon 6.Bölüm
🎯 Tam Başlık: Sketchbook - 1.Sezon 6.Bölüm
🎯 HEX DECODE - m3u8 bulundu: https://vidlax.xyz/upload/15d9285c29259b56d49d509b34292187d5e0/master.m3u8
      ✅ Sketchbook - 1.Sezon 6.Bölüm - 1 m3u8
      📁 Dizi playlist: playlists/sketchbook_playlist.m3u
   ✅ Dizi tamamlandı: 6 m3u8 eklendi

============================================================
🎬 [10/56] İşleniyor: https://diziyiizle2.com/dizi/salgin/
📺 Bölüm bulundu: 1. Sezon 1. BölümDublaj04.11.202546 dk. - https://diziyiizle2.com/salgin/1-sezon-1-bolum/
📺 Bölüm bulundu: 1. Sezon 2. BölümDublaj04.11.202549 dk. - https://diziyiizle2.com/salgin/1-sezon-2-bolum/
📺 Bölüm bulundu: 1. Sezon 3. BölümDublaj04.11.202545 dk. - https://diziyiizle2.com/salgin/1-sezon-3-bolum/
📺 Bölüm bulundu: 1. Sezon 4. BölümDublaj04.11.202547 dk. - https://diziyiizle2.com/salgin/1-sezon-4-bolum/
📺 Bölüm bulundu: 1. Sezon 5. BölümDublaj04.11.202545 dk. - https://diziyiizle2.com/salgin/1-sezon-5-bolum/
📺 Bölüm bulundu: 1. Sezon 6. BölümDublaj04.11.202543 dk. - https://diziyiizle2.com/salgin/1-sezon-6-bolum/
📺 Bölüm bulundu: 2. Sezon 1. BölümDublaj04.11.202550 dk. - https://diziyiizle2.com/salgin/2-sezon-1-bolum/
📺 Bölüm bulundu: 2. Sezon 2. BölümDublaj04.11.202549 dk. - https://diziyiizle2.com/salgin/2-sezon-2-bolum/
📺 Bölüm bulundu: 2. Sezon 3. BölümDublaj04.11.202546 dk. - https://diziyiizle2.com/salgin/2-sezon-3-bolum/
📺 Bölüm bulundu: 2. Sezon 4. BölümDublaj04.11.202547 dk. - https://diziyiizle2.com/salgin/2-sezon-4-bolum/
📺 Bölüm bulundu: 2. Sezon 5. BölümDublaj04.11.202551 dk. - https://diziyiizle2.com/salgin/2-sezon-5-bolum/
📺 Bölüm bulundu: 2. Sezon 6. BölümDublaj04.11.202552 dk. - https://diziyiizle2.com/salgin/2-sezon-6-bolum/

📊 Toplam 12 bölüm bulundu
   🔍 [1/12] Bölüm: https://diziyiizle2.com/salgin/1-sezon-1-bolum/
📺 Embed URL bulundu: https://vidlax1.xyz/embed/13262416f3da8749
🔍 Embed URL kontrol ediliyor: https://vidlax1.xyz/embed/13262416f3da8749
📄 Embed sayfa içeriği alındı, boyut: 39585 karakter
🎬 Video Başlığı: The Hot Zone
📝 Video Açıklaması: 1.Sezon 1.Bölüm
🎯 Tam Başlık: The Hot Zone - 1.Sezon 1.Bölüm
🎯 HEX DECODE - m3u8 bulundu: https://vidlax.xyz/upload/ba667d82993fa92e6dcf09934f651e537a23/master.m3u8
      ✅ The Hot Zone - 1.Sezon 1.Bölüm - 1 m3u8
   🔍 [2/12] Bölüm: https://diziyiizle2.com/salgin/1-sezon-2-bolum/
📺 Embed URL bulundu: https://vidlax1.xyz/embed/569b677f41f15415
🔍 Embed URL kontrol ediliyor: https://vidlax1.xyz/embed/569b677f41f15415
📄 Embed sayfa içeriği alındı, boyut: 39585 karakter
🎬 Video Başlığı: The Hot Zone
📝 Video Açıklaması: 1.Sezon 2.Bölüm
🎯 Tam Başlık: The Hot Zone - 1.Sezon 2.Bölüm
🎯 HEX DECODE - m3u8 bulundu: https://vidlax.xyz/upload/5b8311db1852ab4de35e5f43daac1023e858/master.m3u8
      ✅ The Hot Zone - 1.Sezon 2.Bölüm - 1 m3u8
   🔍 [3/12] Bölüm: https://diziyiizle2.com/salgin/1-sezon-3-bolum/
📺 Embed URL bulundu: https://vidlax1.xyz/embed/1c270d41ffbe4e1c
🔍 Embed URL kontrol ediliyor: https://vidlax1.xyz/embed/1c270d41ffbe4e1c
📄 Embed sayfa içeriği alındı, boyut: 39585 karakter
🎬 Video Başlığı: The Hot Zone
📝 Video Açıklaması: 1.Sezon 3.Bölüm
🎯 Tam Başlık: The Hot Zone - 1.Sezon 3.Bölüm
🎯 HEX DECODE - m3u8 bulundu: https://vidlax.xyz/upload/e60273d58060b3490a254c5a19af948bf66b/master.m3u8
      ✅ The Hot Zone - 1.Sezon 3.Bölüm - 1 m3u8
   🔍 [4/12] Bölüm: https://diziyiizle2.com/salgin/1-sezon-4-bolum/
📺 Embed URL bulundu: https://vidlax1.xyz/embed/d0556d62069af1bc
🔍 Embed URL kontrol ediliyor: https://vidlax1.xyz/embed/d0556d62069af1bc
📄 Embed sayfa içeriği alındı, boyut: 39585 karakter
🎬 Video Başlığı: The Hot Zone
📝 Video Açıklaması: 1.Sezon 4.Bölüm
🎯 Tam Başlık: The Hot Zone - 1.Sezon 4.Bölüm
🎯 HEX DECODE - m3u8 bulundu: https://vidlax.xyz/upload/ff747f1e3379d3fb6539b14aad14f77d09cf/master.m3u8
      ✅ The Hot Zone - 1.Sezon 4.Bölüm - 1 m3u8
   🔍 [5/12] Bölüm: https://diziyiizle2.com/salgin/1-sezon-5-bolum/
📺 Embed URL bulundu: https://vidlax1.xyz/embed/c4dcf857bb44533e
🔍 Embed URL kontrol ediliyor: https://vidlax1.xyz/embed/c4dcf857bb44533e
📄 Embed sayfa içeriği alındı, boyut: 39585 karakter
🎬 Video Başlığı: The Hot Zone
📝 Video Açıklaması: 1.Sezon 5.Bölüm
🎯 Tam Başlık: The Hot Zone - 1.Sezon 5.Bölüm
🎯 HEX DECODE - m3u8 bulundu: https://vidlax.xyz/upload/920937e88283ac16cbecdd1ccca3c725f817/master.m3u8
      ✅ The Hot Zone - 1.Sezon 5.Bölüm - 1 m3u8
   🔍 [6/12] Bölüm: https://diziyiizle2.com/salgin/1-sezon-6-bolum/
📺 Embed URL bulundu: https://vidlax1.xyz/embed/8128f52d10df49ac
🔍 Embed URL kontrol ediliyor: https://vidlax1.xyz/embed/8128f52d10df49ac
📄 Embed sayfa içeriği alındı, boyut: 39585 karakter
🎬 Video Başlığı: The Hot Zone
📝 Video Açıklaması: 1.Sezon 6.Bölüm
🎯 Tam Başlık: The Hot Zone - 1.Sezon 6.Bölüm
🎯 HEX DECODE - m3u8 bulundu: https://vidlax.xyz/upload/b573ee1add634acf228cfb8885938cc43a46/master.m3u8
      ✅ The Hot Zone - 1.Sezon 6.Bölüm - 1 m3u8
   🔍 [7/12] Bölüm: https://diziyiizle2.com/salgin/2-sezon-1-bolum/
📺 Embed URL bulundu: https://vidlax1.xyz/embed/747257a582454f34
🔍 Embed URL kontrol ediliyor: https://vidlax1.xyz/embed/747257a582454f34
📄 Embed sayfa içeriği alındı, boyut: 39585 karakter
🎬 Video Başlığı: The Hot Zone
📝 Video Açıklaması: 2.Sezon 1.Bölüm
🎯 Tam Başlık: The Hot Zone - 2.Sezon 1.Bölüm
🎯 HEX DECODE - m3u8 bulundu: https://vidlax.xyz/upload/b188b7c5c4cd959ef2e1aaa047c1611bdebc/master.m3u8
      ✅ The Hot Zone - 2.Sezon 1.Bölüm - 1 m3u8
   🔍 [8/12] Bölüm: https://diziyiizle2.com/salgin/2-sezon-2-bolum/
📺 Embed URL bulundu: https://vidlax1.xyz/embed/5bd980b8be73de3f
🔍 Embed URL kontrol ediliyor: https://vidlax1.xyz/embed/5bd980b8be73de3f
📄 Embed sayfa içeriği alındı, boyut: 39585 karakter
🎬 Video Başlığı: The Hot Zone
📝 Video Açıklaması: 2.Sezon 2.Bölüm
🎯 Tam Başlık: The Hot Zone - 2.Sezon 2.Bölüm
🎯 HEX DECODE - m3u8 bulundu: https://vidlax.xyz/upload/0d7caba8007710e6acb3d195211dbe6e7669/master.m3u8
      ✅ The Hot Zone - 2.Sezon 2.Bölüm - 1 m3u8
   🔍 [9/12] Bölüm: https://diziyiizle2.com/salgin/2-sezon-3-bolum/
📺 Embed URL bulundu: https://vidlax1.xyz/embed/34461c893667a68c
🔍 Embed URL kontrol ediliyor: https://vidlax1.xyz/embed/34461c893667a68c
📄 Embed sayfa içeriği alındı, boyut: 39585 karakter
🎬 Video Başlığı: The Hot Zone
📝 Video Açıklaması: 2.Sezon 3.Bölüm
🎯 Tam Başlık: The Hot Zone - 2.Sezon 3.Bölüm
🎯 HEX DECODE - m3u8 bulundu: https://vidlax.xyz/upload/7413b528ef8748151856de93198149b6695f/master.m3u8
      ✅ The Hot Zone - 2.Sezon 3.Bölüm - 1 m3u8
   🔍 [10/12] Bölüm: https://diziyiizle2.com/salgin/2-sezon-4-bolum/
📺 Embed URL bulundu: https://vidlax1.xyz/embed/7bb883d2aecdaf8d
🔍 Embed URL kontrol ediliyor: https://vidlax1.xyz/embed/7bb883d2aecdaf8d
📄 Embed sayfa içeriği alındı, boyut: 39585 karakter
🎬 Video Başlığı: The Hot Zone
📝 Video Açıklaması: 2.Sezon 4.Bölüm
🎯 Tam Başlık: The Hot Zone - 2.Sezon 4.Bölüm
🎯 HEX DECODE - m3u8 bulundu: https://vidlax.xyz/upload/17c5dec92dd06e18314f36fcf4ad2dc7767c/master.m3u8
      ✅ The Hot Zone - 2.Sezon 4.Bölüm - 1 m3u8
   🔍 [11/12] Bölüm: https://diziyiizle2.com/salgin/2-sezon-5-bolum/
📺 Embed URL bulundu: https://vidlax1.xyz/embed/2dce8fc812174487
🔍 Embed URL kontrol ediliyor: https://vidlax1.xyz/embed/2dce8fc812174487
📄 Embed sayfa içeriği alındı, boyut: 39585 karakter
🎬 Video Başlığı: The Hot Zone
📝 Video Açıklaması: 2.Sezon 5.Bölüm
🎯 Tam Başlık: The Hot Zone - 2.Sezon 5.Bölüm
🎯 HEX DECODE - m3u8 bulundu: https://vidlax.xyz/upload/2f3fd6f80a58de2d96a381d1ddfa4f299942/master.m3u8
      ✅ The Hot Zone - 2.Sezon 5.Bölüm - 1 m3u8
   🔍 [12/12] Bölüm: https://diziyiizle2.com/salgin/2-sezon-6-bolum/
📺 Embed URL bulundu: https://vidlax1.xyz/embed/4fadc218153fbe5f
🔍 Embed URL kontrol ediliyor: https://vidlax1.xyz/embed/4fadc218153fbe5f
📄 Embed sayfa içeriği alındı, boyut: 39585 karakter
🎬 Video Başlığı: The Hot Zone
📝 Video Açıklaması: 2.Sezon 6.Bölüm
🎯 Tam Başlık: The Hot Zone - 2.Sezon 6.Bölüm
🎯 HEX DECODE - m3u8 bulundu: https://vidlax.xyz/upload/15daa7a4659850507549999aaa67cd60de1f/master.m3u8
      ✅ The Hot Zone - 2.Sezon 6.Bölüm - 1 m3u8
      📁 Dizi playlist: playlists/salgin_playlist.m3u
   ✅ Dizi tamamlandı: 12 m3u8 eklendi

============================================================
🎬 [11/56] İşleniyor: https://diziyiizle2.com/dizi/paraleller/
📺 Bölüm bulundu: 1. Sezon 1. BölümDublaj04.11.202538 dk. - https://diziyiizle2.com/paraleller/1-sezon-1-bolum/
📺 Bölüm bulundu: 1. Sezon 2. BölümDublaj04.11.202537 dk. - https://diziyiizle2.com/paraleller/1-sezon-2-bolum/
📺 Bölüm bulundu: 1. Sezon 3. BölümDublaj04.11.202537 dk. - https://diziyiizle2.com/paraleller/1-sezon-3-bolum/
📺 Bölüm bulundu: 1. Sezon 4. BölümDublaj04.11.202539 dk. - https://diziyiizle2.com/paraleller/1-sezon-4-bolum/
📺 Bölüm bulundu: 1. Sezon 5. BölümDublaj04.11.202534 dk. - https://diziyiizle2.com/paraleller/1-sezon-5-bolum/
📺 Bölüm bulundu: 1. Sezon 6. BölümDublaj04.11.202542 dk. - https://diziyiizle2.com/paraleller/1-sezon-6-bolum/

📊 Toplam 6 bölüm bulundu
   🔍 [1/6] Bölüm: https://diziyiizle2.com/paraleller/1-sezon-1-bolum/
📺 Embed URL bulundu: https://vidlax1.xyz/embed/2bc5020c07407a3b
🔍 Embed URL kontrol ediliyor: https://vidlax1.xyz/embed/2bc5020c07407a3b
📄 Embed sayfa içeriği alındı, boyut: 39582 karakter
🎬 Video Başlığı: Parallels
📝 Video Açıklaması: 1.Sezon 1.Bölüm
🎯 Tam Başlık: Parallels - 1.Sezon 1.Bölüm
🎯 HEX DECODE - m3u8 bulundu: https://vidlax.xyz/upload/d670f34a364b38f15df7265f27e319c05bf2/master.m3u8
      ✅ Parallels - 1.Sezon 1.Bölüm - 1 m3u8
   🔍 [2/6] Bölüm: https://diziyiizle2.com/paraleller/1-sezon-2-bolum/
📺 Embed URL bulundu: https://vidlax1.xyz/embed/8edb619181dc9c4f
🔍 Embed URL kontrol ediliyor: https://vidlax1.xyz/embed/8edb619181dc9c4f
📄 Embed sayfa içeriği alındı, boyut: 39582 karakter
🎬 Video Başlığı: Parallels
📝 Video Açıklaması: 1.Sezon 2.Bölüm
🎯 Tam Başlık: Parallels - 1.Sezon 2.Bölüm
🎯 HEX DECODE - m3u8 bulundu: https://vidlax.xyz/upload/5d4810254a2d927d952257c64b3158788a3a/master.m3u8
      ✅ Parallels - 1.Sezon 2.Bölüm - 1 m3u8
   🔍 [3/6] Bölüm: https://diziyiizle2.com/paraleller/1-sezon-3-bolum/
📺 Embed URL bulundu: https://vidlax1.xyz/embed/e867600d9926c52e
🔍 Embed URL kontrol ediliyor: https://vidlax1.xyz/embed/e867600d9926c52e
📄 Embed sayfa içeriği alındı, boyut: 39582 karakter
🎬 Video Başlığı: Parallels
📝 Video Açıklaması: 1.Sezon 3.Bölüm
🎯 Tam Başlık: Parallels - 1.Sezon 3.Bölüm
🎯 HEX DECODE - m3u8 bulundu: https://vidlax.xyz/upload/47f3fcc5768c07beed94c0613d928c0149b0/master.m3u8
      ✅ Parallels - 1.Sezon 3.Bölüm - 1 m3u8
   🔍 [4/6] Bölüm: https://diziyiizle2.com/paraleller/1-sezon-4-bolum/
📺 Embed URL bulundu: https://vidlax1.xyz/embed/83737cf821949820
🔍 Embed URL kontrol ediliyor: https://vidlax1.xyz/embed/83737cf821949820
📄 Embed sayfa içeriği alındı, boyut: 39582 karakter
🎬 Video Başlığı: Parallels
📝 Video Açıklaması: 1.Sezon 4.Bölüm
🎯 Tam Başlık: Parallels - 1.Sezon 4.Bölüm
🎯 HEX DECODE - m3u8 bulundu: https://vidlax.xyz/upload/71738e2d6c638905fa89067b3f8dc3268e71/master.m3u8
      ✅ Parallels - 1.Sezon 4.Bölüm - 1 m3u8
   🔍 [5/6] Bölüm: https://diziyiizle2.com/paraleller/1-sezon-5-bolum/
📺 Embed URL bulundu: https://vidlax1.xyz/embed/cf0b9f34119ef0f2
🔍 Embed URL kontrol ediliyor: https://vidlax1.xyz/embed/cf0b9f34119ef0f2
📄 Embed sayfa içeriği alındı, boyut: 39582 karakter
🎬 Video Başlığı: Parallels
📝 Video Açıklaması: 1.Sezon 5.Bölüm
🎯 Tam Başlık: Parallels - 1.Sezon 5.Bölüm
🎯 HEX DECODE - m3u8 bulundu: https://vidlax.xyz/upload/01ab913528a0591fab6e292b37d0aa2c4414/master.m3u8
      ✅ Parallels - 1.Sezon 5.Bölüm - 1 m3u8
   🔍 [6/6] Bölüm: https://diziyiizle2.com/paraleller/1-sezon-6-bolum/
📺 Embed URL bulundu: https://vidlax1.xyz/embed/60224aa43e6e16f1
🔍 Embed URL kontrol ediliyor: https://vidlax1.xyz/embed/60224aa43e6e16f1
📄 Embed sayfa içeriği alındı, boyut: 39582 karakter
🎬 Video Başlığı: Parallels
📝 Video Açıklaması: 1.Sezon 6.Bölüm
🎯 Tam Başlık: Parallels - 1.Sezon 6.Bölüm
🎯 HEX DECODE - m3u8 bulundu: https://vidlax.xyz/upload/31c5830100f087561923564f74f28105d4bc/master.m3u8
      ✅ Parallels - 1.Sezon 6.Bölüm - 1 m3u8
      📁 Dizi playlist: playlists/paraleller_playlist.m3u
   ✅ Dizi tamamlandı: 6 m3u8 eklendi

============================================================
🎬 [12/56] İşleniyor: https://diziyiizle2.com/dizi/lego-star-wars-droid-tales/
📺 Bölüm bulundu: 1. Sezon 1. BölümDublaj04.11.202524 dk. - https://diziyiizle2.com/lego-star-wars-droid-tales/1-sezon-1-bolum/
📺 Bölüm bulundu: 1. Sezon 2. BölümDublaj04.11.202524 dk. - https://diziyiizle2.com/lego-star-wars-droid-tales/1-sezon-2-bolum/
📺 Bölüm bulundu: 1. Sezon 3. BölümDublaj04.11.202524 dk. - https://diziyiizle2.com/lego-star-wars-droid-tales/1-sezon-3-bolum/
📺 Bölüm bulundu: 1. Sezon 4. BölümDublaj04.11.202524 dk. - https://diziyiizle2.com/lego-star-wars-droid-tales/1-sezon-4-bolum/
📺 Bölüm bulundu: 1. Sezon 5. BölümDublaj04.11.202524 dk. - https://diziyiizle2.com/lego-star-wars-droid-tales/1-sezon-5-bolum/

📊 Toplam 5 bölüm bulundu
   🔍 [1/5] Bölüm: https://diziyiizle2.com/lego-star-wars-droid-tales/1-sezon-1-bolum/
📺 Embed URL bulundu: https://vidlax1.xyz/embed/3cad52fcbba46111
🔍 Embed URL kontrol ediliyor: https://vidlax1.xyz/embed/3cad52fcbba46111
📄 Embed sayfa içeriği alındı, boyut: 39600 karakter
🎬 Video Başlığı: LEGO Star Wars: Droid Tales
📝 Video Açıklaması: 1.Sezon 1.Bölüm
🎯 Tam Başlık: LEGO Star Wars: Droid Tales - 1.Sezon 1.Bölüm
🎯 HEX DECODE - m3u8 bulundu: https://vidlax.xyz/upload/01e851e3d30ef25dc818251d97bb15845428/master.m3u8
      ✅ LEGO Star Wars: Droid Tales - 1.Sezon 1.Bölüm - 1 m3u8
   🔍 [2/5] Bölüm: https://diziyiizle2.com/lego-star-wars-droid-tales/1-sezon-2-bolum/
📺 Embed URL bulundu: https://vidlax1.xyz/embed/bd380a7c007c55d0
🔍 Embed URL kontrol ediliyor: https://vidlax1.xyz/embed/bd380a7c007c55d0
📄 Embed sayfa içeriği alındı, boyut: 39600 karakter
🎬 Video Başlığı: LEGO Star Wars: Droid Tales
📝 Video Açıklaması: 1.Sezon 2.Bölüm
🎯 Tam Başlık: LEGO Star Wars: Droid Tales - 1.Sezon 2.Bölüm
🎯 HEX DECODE - m3u8 bulundu: https://vidlax.xyz/upload/57f4a1d0ac1d222ad11077d12e06eaf2c360/master.m3u8
      ✅ LEGO Star Wars: Droid Tales - 1.Sezon 2.Bölüm - 1 m3u8
   🔍 [3/5] Bölüm: https://diziyiizle2.com/lego-star-wars-droid-tales/1-sezon-3-bolum/
📺 Embed URL bulundu: https://vidlax1.xyz/embed/3736431411c6bbc6
🔍 Embed URL kontrol ediliyor: https://vidlax1.xyz/embed/3736431411c6bbc6
📄 Embed sayfa içeriği alındı, boyut: 39600 karakter
🎬 Video Başlığı: LEGO Star Wars: Droid Tales
📝 Video Açıklaması: 1.Sezon 3.Bölüm
🎯 Tam Başlık: LEGO Star Wars: Droid Tales - 1.Sezon 3.Bölüm
🎯 HEX DECODE - m3u8 bulundu: https://vidlax.xyz/upload/0ae147b492325c0358465482b263591a52d6/master.m3u8
      ✅ LEGO Star Wars: Droid Tales - 1.Sezon 3.Bölüm - 1 m3u8
   🔍 [4/5] Bölüm: https://diziyiizle2.com/lego-star-wars-droid-tales/1-sezon-4-bolum/
📺 Embed URL bulundu: https://vidlax1.xyz/embed/d70a0bf83c8f9dec
🔍 Embed URL kontrol ediliyor: https://vidlax1.xyz/embed/d70a0bf83c8f9dec
📄 Embed sayfa içeriği alındı, boyut: 39600 karakter
🎬 Video Başlığı: LEGO Star Wars: Droid Tales
📝 Video Açıklaması: 1.Sezon 4.Bölüm
🎯 Tam Başlık: LEGO Star Wars: Droid Tales - 1.Sezon 4.Bölüm
🎯 HEX DECODE - m3u8 bulundu: https://vidlax.xyz/upload/2baed2f0be67c4fafc3b16729da6d152a01c/master.m3u8
      ✅ LEGO Star Wars: Droid Tales - 1.Sezon 4.Bölüm - 1 m3u8
   🔍 [5/5] Bölüm: https://diziyiizle2.com/lego-star-wars-droid-tales/1-sezon-5-bolum/
📺 Embed URL bulundu: https://vidlax1.xyz/embed/c4464651846e16cd
🔍 Embed URL kontrol ediliyor: https://vidlax1.xyz/embed/c4464651846e16cd
📄 Embed sayfa içeriği alındı, boyut: 39600 karakter
🎬 Video Başlığı: LEGO Star Wars: Droid Tales
📝 Video Açıklaması: 1.Sezon 5.Bölüm
🎯 Tam Başlık: LEGO Star Wars: Droid Tales - 1.Sezon 5.Bölüm
🎯 HEX DECODE - m3u8 bulundu: https://vidlax.xyz/upload/bd79ce01026cd040d642abc4e012fa4c76c7/master.m3u8
      ✅ LEGO Star Wars: Droid Tales - 1.Sezon 5.Bölüm - 1 m3u8
      📁 Dizi playlist: playlists/lego_star_wars_droid_tales_playlist.m3u
   ✅ Dizi tamamlandı: 5 m3u8 eklendi

============================================================
🎬 [13/56] İşleniyor: https://diziyiizle2.com/dizi/lego-star-wars-all-stars/
📺 Bölüm bulundu: 1. Sezon 1. BölümDublaj04.11.202523 dk. - https://diziyiizle2.com/lego-star-wars-all-stars/1-sezon-1-bolum/
📺 Bölüm bulundu: 1. Sezon 2. BölümDublaj04.11.202512 dk. - https://diziyiizle2.com/lego-star-wars-all-stars/1-sezon-2-bolum/
📺 Bölüm bulundu: 1. Sezon 3. BölümDublaj04.11.202512 dk. - https://diziyiizle2.com/lego-star-wars-all-stars/1-sezon-3-bolum/
📺 Bölüm bulundu: 1. Sezon 4. BölümDublaj04.11.202512 dk. - https://diziyiizle2.com/lego-star-wars-all-stars/1-sezon-4-bolum/
📺 Bölüm bulundu: 1. Sezon 5. BölümDublaj04.11.202512 dk. - https://diziyiizle2.com/lego-star-wars-all-stars/1-sezon-5-bolum/
📺 Bölüm bulundu: 1. Sezon 6. BölümAltyazılı04.11.202512 dk. - https://diziyiizle2.com/lego-star-wars-all-stars/1-sezon-6-bolum/
📺 Bölüm bulundu: 1. Sezon 7. BölümAltyazılı04.11.202512 dk. - https://diziyiizle2.com/lego-star-wars-all-stars/1-sezon-7-bolum/
📺 Bölüm bulundu: 1. Sezon 8. BölümAltyazılı04.11.202512 dk. - https://diziyiizle2.com/lego-star-wars-all-stars/1-sezon-8-bolum/
📺 Bölüm bulundu: 1. Sezon 9. BölümAltyazılı04.11.202512 dk. - https://diziyiizle2.com/lego-star-wars-all-stars/1-sezon-9-bolum/

📊 Toplam 9 bölüm bulundu
   🔍 [1/9] Bölüm: https://diziyiizle2.com/lego-star-wars-all-stars/1-sezon-1-bolum/
📺 Embed URL bulundu: https://vidlax1.xyz/embed/4aa50b6a3bc3dcba
🔍 Embed URL kontrol ediliyor: https://vidlax1.xyz/embed/4aa50b6a3bc3dcba
📄 Embed sayfa içeriği alındı, boyut: 39598 karakter
🎬 Video Başlığı: LEGO Star Wars: All-Stars
📝 Video Açıklaması: 1.Sezon 1.Bölüm
🎯 Tam Başlık: LEGO Star Wars: All-Stars - 1.Sezon 1.Bölüm
🎯 HEX DECODE - m3u8 bulundu: https://vidlax.xyz/upload/019e0df7c2b52fc39044083d462e95a46859/master.m3u8
      ✅ LEGO Star Wars: All-Stars - 1.Sezon 1.Bölüm - 1 m3u8
   🔍 [2/9] Bölüm: https://diziyiizle2.com/lego-star-wars-all-stars/1-sezon-2-bolum/
📺 Embed URL bulundu: https://vidlax1.xyz/embed/ba838616130fb12b
🔍 Embed URL kontrol ediliyor: https://vidlax1.xyz/embed/ba838616130fb12b
📄 Embed sayfa içeriği alındı, boyut: 39598 karakter
🎬 Video Başlığı: LEGO Star Wars: All Stars
📝 Video Açıklaması: 1.Sezon 2.Bölüm
🎯 Tam Başlık: LEGO Star Wars: All Stars - 1.Sezon 2.Bölüm
🎯 HEX DECODE - m3u8 bulundu: https://vidlax.xyz/upload/3fcd1cb0ef4eaf6fca99f66d52a63b7a6f4a/master.m3u8
      ✅ LEGO Star Wars: All Stars - 1.Sezon 2.Bölüm - 1 m3u8
   🔍 [3/9] Bölüm: https://diziyiizle2.com/lego-star-wars-all-stars/1-sezon-3-bolum/
📺 Embed URL bulundu: https://vidlax1.xyz/embed/5cc7e0ce45de9b34
🔍 Embed URL kontrol ediliyor: https://vidlax1.xyz/embed/5cc7e0ce45de9b34
📄 Embed sayfa içeriği alındı, boyut: 39598 karakter
🎬 Video Başlığı: LEGO Star Wars: All Stars
📝 Video Açıklaması: 1.Sezon 3.Bölüm
🎯 Tam Başlık: LEGO Star Wars: All Stars - 1.Sezon 3.Bölüm
🎯 HEX DECODE - m3u8 bulundu: https://vidlax.xyz/upload/d7cb3afc4166ce172320d9e3ea5696b54bc3/master.m3u8
      ✅ LEGO Star Wars: All Stars - 1.Sezon 3.Bölüm - 1 m3u8
   🔍 [4/9] Bölüm: https://diziyiizle2.com/lego-star-wars-all-stars/1-sezon-4-bolum/
📺 Embed URL bulundu: https://vidlax1.xyz/embed/e974441f966c7dd5
🔍 Embed URL kontrol ediliyor: https://vidlax1.xyz/embed/e974441f966c7dd5
📄 Embed sayfa içeriği alındı, boyut: 39598 karakter
🎬 Video Başlığı: LEGO Star Wars: All Stars
📝 Video Açıklaması: 1.Sezon 4.Bölüm
🎯 Tam Başlık: LEGO Star Wars: All Stars - 1.Sezon 4.Bölüm
🎯 HEX DECODE - m3u8 bulundu: https://vidlax.xyz/upload/f16027ea302f2e4dc285abaa7d6e9b6023f9/master.m3u8
      ✅ LEGO Star Wars: All Stars - 1.Sezon 4.Bölüm - 1 m3u8
   🔍 [5/9] Bölüm: https://diziyiizle2.com/lego-star-wars-all-stars/1-sezon-5-bolum/
📺 Embed URL bulundu: https://vidlax1.xyz/embed/32b55404870359f0
🔍 Embed URL kontrol ediliyor: https://vidlax1.xyz/embed/32b55404870359f0
📄 Embed sayfa içeriği alındı, boyut: 39598 karakter
🎬 Video Başlığı: LEGO Star Wars: All Stars
📝 Video Açıklaması: 1.Sezon 5.Bölüm
🎯 Tam Başlık: LEGO Star Wars: All Stars - 1.Sezon 5.Bölüm
🎯 HEX DECODE - m3u8 bulundu: https://vidlax.xyz/upload/c0551c657f484af652ec39533f141e315821/master.m3u8
      ✅ LEGO Star Wars: All Stars - 1.Sezon 5.Bölüm - 1 m3u8
   🔍 [6/9] Bölüm: https://diziyiizle2.com/lego-star-wars-all-stars/1-sezon-6-bolum/

🔍 Vidlax direkt analizi: https://diziyiizle2.com/lego-star-wars-all-stars/1-sezon-6-bolum/
📄 Sayfa içeriği alındı: 63397 karakter
❌ m3u8 URL'si bulunamadı
      ❌ m3u8 bulunamadı
   🔍 [7/9] Bölüm: https://diziyiizle2.com/lego-star-wars-all-stars/1-sezon-7-bolum/

🔍 Vidlax direkt analizi: https://diziyiizle2.com/lego-star-wars-all-stars/1-sezon-7-bolum/
📄 Sayfa içeriği alındı: 63397 karakter
❌ m3u8 URL'si bulunamadı
      ❌ m3u8 bulunamadı
   🔍 [8/9] Bölüm: https://diziyiizle2.com/lego-star-wars-all-stars/1-sezon-8-bolum/

🔍 Vidlax direkt analizi: https://diziyiizle2.com/lego-star-wars-all-stars/1-sezon-8-bolum/
📄 Sayfa içeriği alındı: 63397 karakter
❌ m3u8 URL'si bulunamadı
      ❌ m3u8 bulunamadı
   🔍 [9/9] Bölüm: https://diziyiizle2.com/lego-star-wars-all-stars/1-sezon-9-bolum/

🔍 Vidlax direkt analizi: https://diziyiizle2.com/lego-star-wars-all-stars/1-sezon-9-bolum/
📄 Sayfa içeriği alındı: 63398 karakter
❌ m3u8 URL'si bulunamadı
      ❌ m3u8 bulunamadı
      📁 Dizi playlist: playlists/lego_star_wars_all_stars_playlist.m3u
   ✅ Dizi tamamlandı: 5 m3u8 eklendi

============================================================
🎬 [14/56] İşleniyor: https://diziyiizle2.com/dizi/family-reboot/
📺 Bölüm bulundu: 1. Sezon 1. BölümDublaj04.11.202525 dk. - https://diziyiizle2.com/family-reboot/1-sezon-1-bolum/
📺 Bölüm bulundu: 1. Sezon 2. BölümDublaj04.11.202525 dk. - https://diziyiizle2.com/family-reboot/1-sezon-2-bolum/
📺 Bölüm bulundu: 1. Sezon 3. BölümDublaj04.11.202525 dk. - https://diziyiizle2.com/family-reboot/1-sezon-3-bolum/
📺 Bölüm bulundu: 1. Sezon 4. BölümDublaj04.11.202525 dk. - https://diziyiizle2.com/family-reboot/1-sezon-4-bolum/
📺 Bölüm bulundu: 1. Sezon 5. BölümDublaj04.11.202525 dk. - https://diziyiizle2.com/family-reboot/1-sezon-5-bolum/
📺 Bölüm bulundu: 1. Sezon 6. BölümDublaj04.11.202525 dk. - https://diziyiizle2.com/family-reboot/1-sezon-6-bolum/

📊 Toplam 6 bölüm bulundu
   🔍 [1/6] Bölüm: https://diziyiizle2.com/family-reboot/1-sezon-1-bolum/
📺 Embed URL bulundu: https://vidlax1.xyz/embed/7c3a26084c16137f
🔍 Embed URL kontrol ediliyor: https://vidlax1.xyz/embed/7c3a26084c16137f
📄 Embed sayfa içeriği alındı, boyut: 39586 karakter
🎬 Video Başlığı: Family Reboot
📝 Video Açıklaması: 1.Sezon 1.Bölüm
🎯 Tam Başlık: Family Reboot - 1.Sezon 1.Bölüm
🎯 HEX DECODE - m3u8 bulundu: https://vidlax.xyz/upload/2be787bf0a4c958937da71ebbfab95bc6c70/master.m3u8
      ✅ Family Reboot - 1.Sezon 1.Bölüm - 1 m3u8
   🔍 [2/6] Bölüm: https://diziyiizle2.com/family-reboot/1-sezon-2-bolum/
📺 Embed URL bulundu: https://vidlax1.xyz/embed/2c575742220f3bb7
🔍 Embed URL kontrol ediliyor: https://vidlax1.xyz/embed/2c575742220f3bb7
📄 Embed sayfa içeriği alındı, boyut: 39586 karakter
🎬 Video Başlığı: Family Reboot
📝 Video Açıklaması: 1.Sezon 2.Bölüm
🎯 Tam Başlık: Family Reboot - 1.Sezon 2.Bölüm
🎯 HEX DECODE - m3u8 bulundu: https://vidlax.xyz/upload/38032ff8a47d960512ea1f84951a06c4adcf/master.m3u8
      ✅ Family Reboot - 1.Sezon 2.Bölüm - 1 m3u8
   🔍 [3/6] Bölüm: https://diziyiizle2.com/family-reboot/1-sezon-3-bolum/
📺 Embed URL bulundu: https://vidlax1.xyz/embed/05c316b0c30b00a2
🔍 Embed URL kontrol ediliyor: https://vidlax1.xyz/embed/05c316b0c30b00a2
📄 Embed sayfa içeriği alındı, boyut: 39586 karakter
🎬 Video Başlığı: Family Reboot
📝 Video Açıklaması: 1.Sezon 3.Bölüm
🎯 Tam Başlık: Family Reboot - 1.Sezon 3.Bölüm
🎯 HEX DECODE - m3u8 bulundu: https://vidlax.xyz/upload/5abdbb63b880c7a8267f49eda2e44368431f/master.m3u8
      ✅ Family Reboot - 1.Sezon 3.Bölüm - 1 m3u8
   🔍 [4/6] Bölüm: https://diziyiizle2.com/family-reboot/1-sezon-4-bolum/
📺 Embed URL bulundu: https://vidlax1.xyz/embed/db6b7dae25e8c9f3
🔍 Embed URL kontrol ediliyor: https://vidlax1.xyz/embed/db6b7dae25e8c9f3
📄 Embed sayfa içeriği alındı, boyut: 39586 karakter
🎬 Video Başlığı: Family Reboot
📝 Video Açıklaması: 1.Sezon 4.Bölüm
🎯 Tam Başlık: Family Reboot - 1.Sezon 4.Bölüm
🎯 HEX DECODE - m3u8 bulundu: https://vidlax.xyz/upload/30ca64da8bb7295b89cca9bb386bac15715d/master.m3u8
      ✅ Family Reboot - 1.Sezon 4.Bölüm - 1 m3u8
   🔍 [5/6] Bölüm: https://diziyiizle2.com/family-reboot/1-sezon-5-bolum/
📺 Embed URL bulundu: https://vidlax1.xyz/embed/6df30cc361f56416
🔍 Embed URL kontrol ediliyor: https://vidlax1.xyz/embed/6df30cc361f56416
📄 Embed sayfa içeriği alındı, boyut: 39586 karakter
🎬 Video Başlığı: Family Reboot
📝 Video Açıklaması: 1.Sezon 5.Bölüm
🎯 Tam Başlık: Family Reboot - 1.Sezon 5.Bölüm
🎯 HEX DECODE - m3u8 bulundu: https://vidlax.xyz/upload/f7b17610958c591fa11b22d9c1cea4d0c91b/master.m3u8
      ✅ Family Reboot - 1.Sezon 5.Bölüm - 1 m3u8
   🔍 [6/6] Bölüm: https://diziyiizle2.com/family-reboot/1-sezon-6-bolum/
📺 Embed URL bulundu: https://vidlax1.xyz/embed/322b8acce147405d
🔍 Embed URL kontrol ediliyor: https://vidlax1.xyz/embed/322b8acce147405d
📄 Embed sayfa içeriği alındı, boyut: 39586 karakter
🎬 Video Başlığı: Family Reboot
📝 Video Açıklaması: 1.Sezon 6.Bölüm
🎯 Tam Başlık: Family Reboot - 1.Sezon 6.Bölüm
🎯 HEX DECODE - m3u8 bulundu: https://vidlax.xyz/upload/9fa5535410262fe4817df4412ff4e3a568e4/master.m3u8
      ✅ Family Reboot - 1.Sezon 6.Bölüm - 1 m3u8
      📁 Dizi playlist: playlists/family_reboot_playlist.m3u
   ✅ Dizi tamamlandı: 6 m3u8 eklendi

============================================================
🎬 [15/56] İşleniyor: https://diziyiizle2.com/dizi/captive-audience-a-real-american-horror-story/
📺 Bölüm bulundu: 1. Sezon 1. BölümDublaj04.11.202549 dk. - https://diziyiizle2.com/captive-audience-a-real-american-horror-story/1-sezon-1-bolum/
📺 Bölüm bulundu: 1. Sezon 2. BölümDublaj04.11.202544 dk. - https://diziyiizle2.com/captive-audience-a-real-american-horror-story/1-sezon-2-bolum/
📺 Bölüm bulundu: 1. Sezon 3. BölümDublaj04.11.202548 dk. - https://diziyiizle2.com/captive-audience-a-real-american-horror-story/1-sezon-3-bolum/

📊 Toplam 3 bölüm bulundu
   🔍 [1/3] Bölüm: https://diziyiizle2.com/captive-audience-a-real-american-horror-story/1-sezon-1-bolum/
📺 Embed URL bulundu: https://vidlax1.xyz/embed/350ee0ed5b94d069
🔍 Embed URL kontrol ediliyor: https://vidlax1.xyz/embed/350ee0ed5b94d069
📄 Embed sayfa içeriği alındı, boyut: 39619 karakter
🎬 Video Başlığı: Captive Audience: A Real American Horror Story
📝 Video Açıklaması: 1.Sezon 1.Bölüm
🎯 Tam Başlık: Captive Audience: A Real American Horror Story - 1.Sezon 1.Bölüm
🎯 HEX DECODE - m3u8 bulundu: https://vidlax.xyz/upload/43d30917cb60f0ec709edd34ea6e1958b5c0/master.m3u8
      ✅ Captive Audience: A Real American Horror Story - 1.Sezon 1.Bölüm - 1 m3u8
   🔍 [2/3] Bölüm: https://diziyiizle2.com/captive-audience-a-real-american-horror-story/1-sezon-2-bolum/
📺 Embed URL bulundu: https://vidlax1.xyz/embed/f28d67659a02e441
🔍 Embed URL kontrol ediliyor: https://vidlax1.xyz/embed/f28d67659a02e441
📄 Embed sayfa içeriği alındı, boyut: 39619 karakter
🎬 Video Başlığı: Captive Audience: A Real American Horror Story
📝 Video Açıklaması: 1.Sezon 2.Bölüm
🎯 Tam Başlık: Captive Audience: A Real American Horror Story - 1.Sezon 2.Bölüm
🎯 HEX DECODE - m3u8 bulundu: https://vidlax.xyz/upload/46ab073772edaf58bdad578c01cc23340dd7/master.m3u8
      ✅ Captive Audience: A Real American Horror Story - 1.Sezon 2.Bölüm - 1 m3u8
   🔍 [3/3] Bölüm: https://diziyiizle2.com/captive-audience-a-real-american-horror-story/1-sezon-3-bolum/
📺 Embed URL bulundu: https://vidlax1.xyz/embed/aef167e8c351df67
🔍 Embed URL kontrol ediliyor: https://vidlax1.xyz/embed/aef167e8c351df67
📄 Embed sayfa içeriği alındı, boyut: 39619 karakter
🎬 Video Başlığı: Captive Audience: A Real American Horror Story
📝 Video Açıklaması: 1.Sezon 3.Bölüm
🎯 Tam Başlık: Captive Audience: A Real American Horror Story - 1.Sezon 3.Bölüm
🎯 HEX DECODE - m3u8 bulundu: https://vidlax.xyz/upload/5a96ef5d9e1afbd1c065d7685a28c9450f7e/master.m3u8
      ✅ Captive Audience: A Real American Horror Story - 1.Sezon 3.Bölüm - 1 m3u8
      📁 Dizi playlist: playlists/captive_audience_a_real_american_horror_story_playlist.m3u
   ✅ Dizi tamamlandı: 3 m3u8 eklendi

============================================================
🎬 [16/56] İşleniyor: https://diziyiizle2.com/dizi/buz-devri-scrat-hikayeleri/
📺 Bölüm bulundu: 1. Sezon 1. BölümDublaj04.11.20253 dk. - https://diziyiizle2.com/buz-devri-scrat-hikayeleri/1-sezon-1-bolum/
📺 Bölüm bulundu: 1. Sezon 2. BölümDublaj04.11.20253 dk. - https://diziyiizle2.com/buz-devri-scrat-hikayeleri/1-sezon-2-bolum/
📺 Bölüm bulundu: 1. Sezon 3. BölümDublaj04.11.20253 dk. - https://diziyiizle2.com/buz-devri-scrat-hikayeleri/1-sezon-3-bolum/
📺 Bölüm bulundu: 1. Sezon 4. BölümDublaj04.11.20253 dk. - https://diziyiizle2.com/buz-devri-scrat-hikayeleri/1-sezon-4-bolum/
📺 Bölüm bulundu: 1. Sezon 5. BölümDublaj04.11.20254 dk. - https://diziyiizle2.com/buz-devri-scrat-hikayeleri/1-sezon-5-bolum/
📺 Bölüm bulundu: 1. Sezon 6. BölümDublaj04.11.20254 dk. - https://diziyiizle2.com/buz-devri-scrat-hikayeleri/1-sezon-6-bolum/

📊 Toplam 6 bölüm bulundu
   🔍 [1/6] Bölüm: https://diziyiizle2.com/buz-devri-scrat-hikayeleri/1-sezon-1-bolum/
📺 Embed URL bulundu: https://vidlax1.xyz/embed/86c7743e709ca884
🔍 Embed URL kontrol ediliyor: https://vidlax1.xyz/embed/86c7743e709ca884
📄 Embed sayfa içeriği alındı, boyut: 39765 karakter
🎬 Video Başlığı: Ice Age: Scrat Tales
📝 Video Açıklaması: 1.Sezon 1.Bölüm
🎯 Tam Başlık: Ice Age: Scrat Tales - 1.Sezon 1.Bölüm
🎯 HEX DECODE - m3u8 bulundu: https://vidlax.xyz/upload/19693f3b330f6b566d96ad795997e470e4e0/master.m3u8
      ✅ Ice Age: Scrat Tales - 1.Sezon 1.Bölüm - 1 m3u8
   🔍 [2/6] Bölüm: https://diziyiizle2.com/buz-devri-scrat-hikayeleri/1-sezon-2-bolum/
📺 Embed URL bulundu: https://vidlax1.xyz/embed/2caa5855a13454b5
🔍 Embed URL kontrol ediliyor: https://vidlax1.xyz/embed/2caa5855a13454b5
📄 Embed sayfa içeriği alındı, boyut: 39765 karakter
🎬 Video Başlığı: Ice Age: Scrat Tales
📝 Video Açıklaması: 1.Sezon 2.Bölüm
🎯 Tam Başlık: Ice Age: Scrat Tales - 1.Sezon 2.Bölüm
🎯 HEX DECODE - m3u8 bulundu: https://vidlax.xyz/upload/c13f4a631d11b76921d8a53b3fd82654643b/master.m3u8
      ✅ Ice Age: Scrat Tales - 1.Sezon 2.Bölüm - 1 m3u8
   🔍 [3/6] Bölüm: https://diziyiizle2.com/buz-devri-scrat-hikayeleri/1-sezon-3-bolum/
📺 Embed URL bulundu: https://vidlax1.xyz/embed/cff899a1c21c8584
🔍 Embed URL kontrol ediliyor: https://vidlax1.xyz/embed/cff899a1c21c8584
📄 Embed sayfa içeriği alındı, boyut: 39765 karakter
🎬 Video Başlığı: Ice Age: Scrat Tales
📝 Video Açıklaması: 1.Sezon 3.Bölüm
🎯 Tam Başlık: Ice Age: Scrat Tales - 1.Sezon 3.Bölüm
🎯 HEX DECODE - m3u8 bulundu: https://vidlax.xyz/upload/6c6fa4f112224dbdb71fe1263795d5d3d9d2/master.m3u8
      ✅ Ice Age: Scrat Tales - 1.Sezon 3.Bölüm - 1 m3u8
   🔍 [4/6] Bölüm: https://diziyiizle2.com/buz-devri-scrat-hikayeleri/1-sezon-4-bolum/
📺 Embed URL bulundu: https://vidlax1.xyz/embed/b58e1c9e829eafd7
🔍 Embed URL kontrol ediliyor: https://vidlax1.xyz/embed/b58e1c9e829eafd7
📄 Embed sayfa içeriği alındı, boyut: 39765 karakter
🎬 Video Başlığı: Ice Age: Scrat Tales
📝 Video Açıklaması: 1.Sezon 4.Bölüm
🎯 Tam Başlık: Ice Age: Scrat Tales - 1.Sezon 4.Bölüm
🎯 HEX DECODE - m3u8 bulundu: https://vidlax.xyz/upload/762c3f5c6fa8290dd8dd32d3e76e6cd23d60/master.m3u8
      ✅ Ice Age: Scrat Tales - 1.Sezon 4.Bölüm - 1 m3u8
   🔍 [5/6] Bölüm: https://diziyiizle2.com/buz-devri-scrat-hikayeleri/1-sezon-5-bolum/
📺 Embed URL bulundu: https://vidlax1.xyz/embed/e7196e68a9f9d4a4
🔍 Embed URL kontrol ediliyor: https://vidlax1.xyz/embed/e7196e68a9f9d4a4
📄 Embed sayfa içeriği alındı, boyut: 39765 karakter
🎬 Video Başlığı: Ice Age: Scrat Tales
📝 Video Açıklaması: 1.Sezon 5.Bölüm
🎯 Tam Başlık: Ice Age: Scrat Tales - 1.Sezon 5.Bölüm
🎯 HEX DECODE - m3u8 bulundu: https://vidlax.xyz/upload/4428b09dc12d9ccb9575b4d04d1f087e45d6/master.m3u8
      ✅ Ice Age: Scrat Tales - 1.Sezon 5.Bölüm - 1 m3u8
   🔍 [6/6] Bölüm: https://diziyiizle2.com/buz-devri-scrat-hikayeleri/1-sezon-6-bolum/
📺 Embed URL bulundu: https://vidlax1.xyz/embed/2094b88917bca0fe
🔍 Embed URL kontrol ediliyor: https://vidlax1.xyz/embed/2094b88917bca0fe
📄 Embed sayfa içeriği alındı, boyut: 39765 karakter
🎬 Video Başlığı: Ice Age: Scrat Tales
📝 Video Açıklaması: 1.Sezon 6.Bölüm
🎯 Tam Başlık: Ice Age: Scrat Tales - 1.Sezon 6.Bölüm
🎯 HEX DECODE - m3u8 bulundu: https://vidlax.xyz/upload/a393a72225f92e0f566d7b246dc64262e71d/master.m3u8
      ✅ Ice Age: Scrat Tales - 1.Sezon 6.Bölüm - 1 m3u8
      📁 Dizi playlist: playlists/buz_devri_scrat_hikayeleri_playlist.m3u
   ✅ Dizi tamamlandı: 6 m3u8 eklendi

============================================================
🎬 [17/56] İşleniyor: https://diziyiizle2.com/dizi/continental-john-wick-dunyasindan/
📺 Bölüm bulundu: 1. Sezon 1. BölümDublaj04.11.202587 dk. - https://diziyiizle2.com/continental-john-wick-dunyasindan/1-sezon-1-bolum/
📺 Bölüm bulundu: 1. Sezon 2. BölümDublaj04.11.202580 dk. - https://diziyiizle2.com/continental-john-wick-dunyasindan/1-sezon-2-bolum/
📺 Bölüm bulundu: 1. Sezon 3. BölümDublaj04.11.202598 dk. - https://diziyiizle2.com/continental-john-wick-dunyasindan/1-sezon-3-bolum/

📊 Toplam 3 bölüm bulundu
   🔍 [1/3] Bölüm: https://diziyiizle2.com/continental-john-wick-dunyasindan/1-sezon-1-bolum/
📺 Embed URL bulundu: https://vidlax1.xyz/embed/2f2faa8c9a096a55
🔍 Embed URL kontrol ediliyor: https://vidlax1.xyz/embed/2f2faa8c9a096a55
📄 Embed sayfa içeriği alındı, boyut: 39617 karakter
🎬 Video Başlığı: The Continental: From the World of John Wick
📝 Video Açıklaması: 1.Sezon 1.Bölüm
🎯 Tam Başlık: The Continental: From the World of John Wick - 1.Sezon 1.Bölüm
🎯 HEX DECODE - m3u8 bulundu: https://vidlax.xyz/upload/00d90bd59bbe9c81d7744fe88d3c689a336d/master.m3u8
      ✅ The Continental: From the World of John Wick - 1.Sezon 1.Bölüm - 1 m3u8
   🔍 [2/3] Bölüm: https://diziyiizle2.com/continental-john-wick-dunyasindan/1-sezon-2-bolum/
📺 Embed URL bulundu: https://vidlax1.xyz/embed/0316e1b7c03e021c
🔍 Embed URL kontrol ediliyor: https://vidlax1.xyz/embed/0316e1b7c03e021c
📄 Embed sayfa içeriği alındı, boyut: 39617 karakter
🎬 Video Başlığı: The Continental: From the World of John Wick
📝 Video Açıklaması: 1.Sezon 2.Bölüm
🎯 Tam Başlık: The Continental: From the World of John Wick - 1.Sezon 2.Bölüm
🎯 HEX DECODE - m3u8 bulundu: https://vidlax.xyz/upload/a8abc9b924f7256416e8bc94a6019a3ced21/master.m3u8
      ✅ The Continental: From the World of John Wick - 1.Sezon 2.Bölüm - 1 m3u8
   🔍 [3/3] Bölüm: https://diziyiizle2.com/continental-john-wick-dunyasindan/1-sezon-3-bolum/
📺 Embed URL bulundu: https://vidlax1.xyz/embed/8d7df7a17929bf97
🔍 Embed URL kontrol ediliyor: https://vidlax1.xyz/embed/8d7df7a17929bf97
📄 Embed sayfa içeriği alındı, boyut: 39617 karakter
🎬 Video Başlığı: The Continental: From the World of John Wick
📝 Video Açıklaması: 1.Sezon 3.Bölüm
🎯 Tam Başlık: The Continental: From the World of John Wick - 1.Sezon 3.Bölüm
🎯 HEX DECODE - m3u8 bulundu: https://vidlax.xyz/upload/d614b4a690c8024c0fe201cf54abc07421f5/master.m3u8
      ✅ The Continental: From the World of John Wick - 1.Sezon 3.Bölüm - 1 m3u8
      📁 Dizi playlist: playlists/continental_john_wick_dunyasindan_playlist.m3u
   ✅ Dizi tamamlandı: 3 m3u8 eklendi

============================================================
🎬 [18/56] İşleniyor: https://diziyiizle2.com/dizi/bir-tutam-buyu-gizemli-sehir/
📺 Bölüm bulundu: 1. Sezon 1. BölümDublaj04.11.202527 dk. - https://diziyiizle2.com/bir-tutam-buyu-gizemli-sehir/1-sezon-1-bolum/
📺 Bölüm bulundu: 1. Sezon 2. BölümDublaj04.11.202528 dk. - https://diziyiizle2.com/bir-tutam-buyu-gizemli-sehir/1-sezon-2-bolum/
📺 Bölüm bulundu: 1. Sezon 3. BölümDublaj04.11.202527 dk. - https://diziyiizle2.com/bir-tutam-buyu-gizemli-sehir/1-sezon-3-bolum/
📺 Bölüm bulundu: 1. Sezon 4. BölümDublaj04.11.202529 dk. - https://diziyiizle2.com/bir-tutam-buyu-gizemli-sehir/1-sezon-4-bolum/
📺 Bölüm bulundu: 1. Sezon 5. BölümDublaj04.11.202527 dk. - https://diziyiizle2.com/bir-tutam-buyu-gizemli-sehir/1-sezon-5-bolum/
📺 Bölüm bulundu: 1. Sezon 6. BölümDublaj04.11.202528 dk. - https://diziyiizle2.com/bir-tutam-buyu-gizemli-sehir/1-sezon-6-bolum/
📺 Bölüm bulundu: 1. Sezon 7. BölümDublaj04.11.202525 dk. - https://diziyiizle2.com/bir-tutam-buyu-gizemli-sehir/1-sezon-7-bolum/
📺 Bölüm bulundu: 1. Sezon 8. BölümDublaj04.11.202528 dk. - https://diziyiizle2.com/bir-tutam-buyu-gizemli-sehir/1-sezon-8-bolum/
📺 Bölüm bulundu: 1. Sezon 9. BölümDublaj04.11.202526 dk. - https://diziyiizle2.com/bir-tutam-buyu-gizemli-sehir/1-sezon-9-bolum/
📺 Bölüm bulundu: 1. Sezon 10. BölümDublaj04.11.202531 dk. - https://diziyiizle2.com/bir-tutam-buyu-gizemli-sehir/1-sezon-10-bolum/

📊 Toplam 10 bölüm bulundu
   🔍 [1/10] Bölüm: https://diziyiizle2.com/bir-tutam-buyu-gizemli-sehir/1-sezon-1-bolum/
📺 Embed URL bulundu: https://vidlax1.xyz/embed/20c4aa91820329ea
🔍 Embed URL kontrol ediliyor: https://vidlax1.xyz/embed/20c4aa91820329ea
📄 Embed sayfa içeriği alındı, boyut: 39601 karakter
🎬 Video Başlığı: Just Add Magic: Mystery City
📝 Video Açıklaması: 1.Sezon 1.Bölüm
🎯 Tam Başlık: Just Add Magic: Mystery City - 1.Sezon 1.Bölüm
🎯 HEX DECODE - m3u8 bulundu: https://vidlax.xyz/upload/964a5ce6be78d02e99cd5e46823ad58eda14/master.m3u8
      ✅ Just Add Magic: Mystery City - 1.Sezon 1.Bölüm - 1 m3u8
   🔍 [2/10] Bölüm: https://diziyiizle2.com/bir-tutam-buyu-gizemli-sehir/1-sezon-2-bolum/
📺 Embed URL bulundu: https://vidlax1.xyz/embed/1ec74d968f84cf58
🔍 Embed URL kontrol ediliyor: https://vidlax1.xyz/embed/1ec74d968f84cf58
📄 Embed sayfa içeriği alındı, boyut: 39601 karakter
🎬 Video Başlığı: Just Add Magic: Mystery City
📝 Video Açıklaması: 1.Sezon 2.Bölüm
🎯 Tam Başlık: Just Add Magic: Mystery City - 1.Sezon 2.Bölüm
🎯 HEX DECODE - m3u8 bulundu: https://vidlax.xyz/upload/85b97de52e8a24baf51a4f035f0c2151e57a/master.m3u8
      ✅ Just Add Magic: Mystery City - 1.Sezon 2.Bölüm - 1 m3u8
   🔍 [3/10] Bölüm: https://diziyiizle2.com/bir-tutam-buyu-gizemli-sehir/1-sezon-3-bolum/
📺 Embed URL bulundu: https://vidlax1.xyz/embed/8bde521ba817095b
🔍 Embed URL kontrol ediliyor: https://vidlax1.xyz/embed/8bde521ba817095b
📄 Embed sayfa içeriği alındı, boyut: 39601 karakter
🎬 Video Başlığı: Just Add Magic: Mystery City
📝 Video Açıklaması: 1.Sezon 3.Bölüm
🎯 Tam Başlık: Just Add Magic: Mystery City - 1.Sezon 3.Bölüm
🎯 HEX DECODE - m3u8 bulundu: https://vidlax.xyz/upload/28fbcc9ee8d15c63560937ffa7fa181de4ee/master.m3u8
      ✅ Just Add Magic: Mystery City - 1.Sezon 3.Bölüm - 1 m3u8
   🔍 [4/10] Bölüm: https://diziyiizle2.com/bir-tutam-buyu-gizemli-sehir/1-sezon-4-bolum/
📺 Embed URL bulundu: https://vidlax1.xyz/embed/367114d4bd1d992d
🔍 Embed URL kontrol ediliyor: https://vidlax1.xyz/embed/367114d4bd1d992d
📄 Embed sayfa içeriği alındı, boyut: 39601 karakter
🎬 Video Başlığı: Just Add Magic: Mystery City
📝 Video Açıklaması: 1.Sezon 4.Bölüm
🎯 Tam Başlık: Just Add Magic: Mystery City - 1.Sezon 4.Bölüm
🎯 HEX DECODE - m3u8 bulundu: https://vidlax.xyz/upload/f1c26ffd60186454f9d0398bfc51e8a5eaf7/master.m3u8
      ✅ Just Add Magic: Mystery City - 1.Sezon 4.Bölüm - 1 m3u8
   🔍 [5/10] Bölüm: https://diziyiizle2.com/bir-tutam-buyu-gizemli-sehir/1-sezon-5-bolum/
📺 Embed URL bulundu: https://vidlax1.xyz/embed/79d8835d00e0b6c1
🔍 Embed URL kontrol ediliyor: https://vidlax1.xyz/embed/79d8835d00e0b6c1
📄 Embed sayfa içeriği alındı, boyut: 39601 karakter
🎬 Video Başlığı: Just Add Magic: Mystery City
📝 Video Açıklaması: 1.Sezon 5.Bölüm
🎯 Tam Başlık: Just Add Magic: Mystery City - 1.Sezon 5.Bölüm
🎯 HEX DECODE - m3u8 bulundu: https://vidlax.xyz/upload/94c082fbdd87212b719aa4470a76ef74be21/master.m3u8
      ✅ Just Add Magic: Mystery City - 1.Sezon 5.Bölüm - 1 m3u8
   🔍 [6/10] Bölüm: https://diziyiizle2.com/bir-tutam-buyu-gizemli-sehir/1-sezon-6-bolum/
📺 Embed URL bulundu: https://vidlax1.xyz/embed/226695a9d3817f89
🔍 Embed URL kontrol ediliyor: https://vidlax1.xyz/embed/226695a9d3817f89
📄 Embed sayfa içeriği alındı, boyut: 39601 karakter
🎬 Video Başlığı: Just Add Magic: Mystery City
📝 Video Açıklaması: 1.Sezon 6.Bölüm
🎯 Tam Başlık: Just Add Magic: Mystery City - 1.Sezon 6.Bölüm
🎯 HEX DECODE - m3u8 bulundu: https://vidlax.xyz/upload/9064df6b8e7e7a4f111a3bae9ec5b73fbf12/master.m3u8
      ✅ Just Add Magic: Mystery City - 1.Sezon 6.Bölüm - 1 m3u8
   🔍 [7/10] Bölüm: https://diziyiizle2.com/bir-tutam-buyu-gizemli-sehir/1-sezon-7-bolum/
📺 Embed URL bulundu: https://vidlax1.xyz/embed/3d5e3bc652f46dbb
🔍 Embed URL kontrol ediliyor: https://vidlax1.xyz/embed/3d5e3bc652f46dbb
📄 Embed sayfa içeriği alındı, boyut: 39601 karakter
🎬 Video Başlığı: Just Add Magic: Mystery City
📝 Video Açıklaması: 1.Sezon 7.Bölüm
🎯 Tam Başlık: Just Add Magic: Mystery City - 1.Sezon 7.Bölüm
🎯 HEX DECODE - m3u8 bulundu: https://vidlax.xyz/upload/fc7c8f1dd03b7488fa58824881aeb1902cd0/master.m3u8
      ✅ Just Add Magic: Mystery City - 1.Sezon 7.Bölüm - 1 m3u8
   🔍 [8/10] Bölüm: https://diziyiizle2.com/bir-tutam-buyu-gizemli-sehir/1-sezon-8-bolum/
📺 Embed URL bulundu: https://vidlax1.xyz/embed/6b85b4ca617c8f5a
🔍 Embed URL kontrol ediliyor: https://vidlax1.xyz/embed/6b85b4ca617c8f5a
📄 Embed sayfa içeriği alındı, boyut: 39601 karakter
🎬 Video Başlığı: Just Add Magic: Mystery City
📝 Video Açıklaması: 1.Sezon 8.Bölüm
🎯 Tam Başlık: Just Add Magic: Mystery City - 1.Sezon 8.Bölüm
🎯 HEX DECODE - m3u8 bulundu: https://vidlax.xyz/upload/3aaa3d0e7fdd03aa88472622784c4e45a3cc/master.m3u8
      ✅ Just Add Magic: Mystery City - 1.Sezon 8.Bölüm - 1 m3u8
   🔍 [9/10] Bölüm: https://diziyiizle2.com/bir-tutam-buyu-gizemli-sehir/1-sezon-9-bolum/
📺 Embed URL bulundu: https://vidlax1.xyz/embed/0ae97841f85813e2
🔍 Embed URL kontrol ediliyor: https://vidlax1.xyz/embed/0ae97841f85813e2
📄 Embed sayfa içeriği alındı, boyut: 39601 karakter
🎬 Video Başlığı: Just Add Magic: Mystery City
📝 Video Açıklaması: 1.Sezon 9.Bölüm
🎯 Tam Başlık: Just Add Magic: Mystery City - 1.Sezon 9.Bölüm
🎯 HEX DECODE - m3u8 bulundu: https://vidlax.xyz/upload/ac1ca55f8f0e00f9301dcf770667e1e76724/master.m3u8
      ✅ Just Add Magic: Mystery City - 1.Sezon 9.Bölüm - 1 m3u8
   🔍 [10/10] Bölüm: https://diziyiizle2.com/bir-tutam-buyu-gizemli-sehir/1-sezon-10-bolum/
📺 Embed URL bulundu: https://vidlax1.xyz/embed/4b09434b55c31b24
🔍 Embed URL kontrol ediliyor: https://vidlax1.xyz/embed/4b09434b55c31b24
📄 Embed sayfa içeriği alındı, boyut: 39602 karakter
🎬 Video Başlığı: Just Add Magic: Mystery City
📝 Video Açıklaması: 1.Sezon 10.Bölüm
🎯 Tam Başlık: Just Add Magic: Mystery City - 1.Sezon 10.Bölüm
🎯 HEX DECODE - m3u8 bulundu: https://vidlax.xyz/upload/d96eca498a78a6d76d646c297219a8f5cd39/master.m3u8
      ✅ Just Add Magic: Mystery City - 1.Sezon 10.Bölüm - 1 m3u8
      📁 Dizi playlist: playlists/bir_tutam_buyu_gizemli_sehir_playlist.m3u
   ✅ Dizi tamamlandı: 10 m3u8 eklendi

============================================================
🎬 [19/56] İşleniyor: https://diziyiizle2.com/dizi/nice-to-not-meet-you/
📺 Bölüm bulundu: 1. Sezon 1. BölümAltyazılı03.11.2025 - https://diziyiizle2.com/nice-to-not-meet-you/1-sezon-1-bolum/
📺 Bölüm bulundu: 1. Sezon 2. BölümAltyazılı05.11.2025 - https://diziyiizle2.com/nice-to-not-meet-you/1-sezon-2-bolum/
📺 Bölüm bulundu: 1. Sezon 3. BölümAltyazılı03.11.2025 - https://diziyiizle2.com/nice-to-not-meet-you/1-sezon-3-bolum/
📺 Bölüm bulundu: 1. Sezon 4. BölümAltyazılı03.11.2025 - https://diziyiizle2.com/nice-to-not-meet-you/1-sezon-4-bolum/
📺 Bölüm bulundu: 1. Sezon 5. BölümAltyazılı03.11.2025 - https://diziyiizle2.com/nice-to-not-meet-you/1-sezon-5-bolum/
📺 Bölüm bulundu: 1. Sezon 6. BölümAltyazılı03.11.2025 - https://diziyiizle2.com/nice-to-not-meet-you/1-sezon-6-bolum/
📺 Bölüm bulundu: 1. Sezon 7. BölümAltyazılı03.11.2025 - https://diziyiizle2.com/nice-to-not-meet-you/1-sezon-7-bolum/
📺 Bölüm bulundu: 1. Sezon 8. BölümAltyazılı03.11.2025 - https://diziyiizle2.com/nice-to-not-meet-you/1-sezon-8-bolum/
📺 Bölüm bulundu: 1. Sezon 9. BölümAltyazılı03.11.2025 - https://diziyiizle2.com/nice-to-not-meet-you/1-sezon-9-bolum/
📺 Bölüm bulundu: 1. Sezon 10. BölümAltyazılı03.11.2025 - https://diziyiizle2.com/nice-to-not-meet-you/1-sezon-10-bolum/
📺 Bölüm bulundu: 1. Sezon 11. BölümAltyazılı03.11.2025 - https://diziyiizle2.com/nice-to-not-meet-you/1-sezon-11-bolum/
📺 Bölüm bulundu: 1. Sezon 12. BölümAltyazılı03.11.2025 - https://diziyiizle2.com/nice-to-not-meet-you/1-sezon-12-bolum/
📺 Bölüm bulundu: 1. Sezon 13. BölümAltyazılı03.11.2025 - https://diziyiizle2.com/nice-to-not-meet-you/1-sezon-13-bolum/
📺 Bölüm bulundu: 1. Sezon 14. BölümAltyazılı03.11.2025 - https://diziyiizle2.com/nice-to-not-meet-you/1-sezon-14-bolum/
📺 Bölüm bulundu: 1. Sezon 15. BölümAltyazılı03.11.2025 - https://diziyiizle2.com/nice-to-not-meet-you/1-sezon-15-bolum/
📺 Bölüm bulundu: 1. Sezon 16. BölümAltyazılı03.11.2025 - https://diziyiizle2.com/nice-to-not-meet-you/1-sezon-16-bolum/

📊 Toplam 16 bölüm bulundu
   🔍 [1/16] Bölüm: https://diziyiizle2.com/nice-to-not-meet-you/1-sezon-1-bolum/
📺 Embed URL bulundu: https://vidlax1.xyz/embed/ddf79e8cf73d4a4e
🔍 Embed URL kontrol ediliyor: https://vidlax1.xyz/embed/ddf79e8cf73d4a4e
📄 Embed sayfa içeriği alındı, boyut: 41964 karakter
🎬 Video Başlığı: Nice to Not Meet You
📝 Video Açıklaması: 1.Sezon 1.Bölüm
🎯 Tam Başlık: Nice to Not Meet You - 1.Sezon 1.Bölüm
🎯 HEX DECODE - m3u8 bulundu: https://vidlax.xyz/upload/c042049b6acf4823f2846674d29f84939a23/master.m3u8
      ✅ Nice to Not Meet You - 1.Sezon 1.Bölüm - 1 m3u8
   🔍 [2/16] Bölüm: https://diziyiizle2.com/nice-to-not-meet-you/1-sezon-2-bolum/

🔍 Vidlax direkt analizi: https://diziyiizle2.com/nice-to-not-meet-you/1-sezon-2-bolum/
📄 Sayfa içeriği alındı: 94006 karakter
❌ m3u8 URL'si bulunamadı
      ❌ m3u8 bulunamadı
   🔍 [3/16] Bölüm: https://diziyiizle2.com/nice-to-not-meet-you/1-sezon-3-bolum/

🔍 Vidlax direkt analizi: https://diziyiizle2.com/nice-to-not-meet-you/1-sezon-3-bolum/
📄 Sayfa içeriği alındı: 71107 karakter
❌ m3u8 URL'si bulunamadı
      ❌ m3u8 bulunamadı
   🔍 [4/16] Bölüm: https://diziyiizle2.com/nice-to-not-meet-you/1-sezon-4-bolum/

🔍 Vidlax direkt analizi: https://diziyiizle2.com/nice-to-not-meet-you/1-sezon-4-bolum/
📄 Sayfa içeriği alındı: 71106 karakter
❌ m3u8 URL'si bulunamadı
      ❌ m3u8 bulunamadı
   🔍 [5/16] Bölüm: https://diziyiizle2.com/nice-to-not-meet-you/1-sezon-5-bolum/

🔍 Vidlax direkt analizi: https://diziyiizle2.com/nice-to-not-meet-you/1-sezon-5-bolum/
📄 Sayfa içeriği alındı: 71107 karakter
❌ m3u8 URL'si bulunamadı
      ❌ m3u8 bulunamadı
   🔍 [6/16] Bölüm: https://diziyiizle2.com/nice-to-not-meet-you/1-sezon-6-bolum/

🔍 Vidlax direkt analizi: https://diziyiizle2.com/nice-to-not-meet-you/1-sezon-6-bolum/
📄 Sayfa içeriği alındı: 71107 karakter
❌ m3u8 URL'si bulunamadı
      ❌ m3u8 bulunamadı
   🔍 [7/16] Bölüm: https://diziyiizle2.com/nice-to-not-meet-you/1-sezon-7-bolum/

🔍 Vidlax direkt analizi: https://diziyiizle2.com/nice-to-not-meet-you/1-sezon-7-bolum/
📄 Sayfa içeriği alındı: 71107 karakter
❌ m3u8 URL'si bulunamadı
      ❌ m3u8 bulunamadı
   🔍 [8/16] Bölüm: https://diziyiizle2.com/nice-to-not-meet-you/1-sezon-8-bolum/

🔍 Vidlax direkt analizi: https://diziyiizle2.com/nice-to-not-meet-you/1-sezon-8-bolum/
📄 Sayfa içeriği alındı: 71107 karakter
❌ m3u8 URL'si bulunamadı
      ❌ m3u8 bulunamadı
   🔍 [9/16] Bölüm: https://diziyiizle2.com/nice-to-not-meet-you/1-sezon-9-bolum/

🔍 Vidlax direkt analizi: https://diziyiizle2.com/nice-to-not-meet-you/1-sezon-9-bolum/
📄 Sayfa içeriği alındı: 71107 karakter
❌ m3u8 URL'si bulunamadı
      ❌ m3u8 bulunamadı
   🔍 [10/16] Bölüm: https://diziyiizle2.com/nice-to-not-meet-you/1-sezon-10-bolum/

🔍 Vidlax direkt analizi: https://diziyiizle2.com/nice-to-not-meet-you/1-sezon-10-bolum/
📄 Sayfa içeriği alındı: 71124 karakter
❌ m3u8 URL'si bulunamadı
      ❌ m3u8 bulunamadı
   🔍 [11/16] Bölüm: https://diziyiizle2.com/nice-to-not-meet-you/1-sezon-11-bolum/

🔍 Vidlax direkt analizi: https://diziyiizle2.com/nice-to-not-meet-you/1-sezon-11-bolum/
📄 Sayfa içeriği alındı: 71124 karakter
❌ m3u8 URL'si bulunamadı
      ❌ m3u8 bulunamadı
   🔍 [12/16] Bölüm: https://diziyiizle2.com/nice-to-not-meet-you/1-sezon-12-bolum/

🔍 Vidlax direkt analizi: https://diziyiizle2.com/nice-to-not-meet-you/1-sezon-12-bolum/
📄 Sayfa içeriği alındı: 71123 karakter
❌ m3u8 URL'si bulunamadı
      ❌ m3u8 bulunamadı
   🔍 [13/16] Bölüm: https://diziyiizle2.com/nice-to-not-meet-you/1-sezon-13-bolum/

🔍 Vidlax direkt analizi: https://diziyiizle2.com/nice-to-not-meet-you/1-sezon-13-bolum/
📄 Sayfa içeriği alındı: 71125 karakter
❌ m3u8 URL'si bulunamadı
      ❌ m3u8 bulunamadı
   🔍 [14/16] Bölüm: https://diziyiizle2.com/nice-to-not-meet-you/1-sezon-14-bolum/

🔍 Vidlax direkt analizi: https://diziyiizle2.com/nice-to-not-meet-you/1-sezon-14-bolum/
📄 Sayfa içeriği alındı: 71124 karakter
❌ m3u8 URL'si bulunamadı
      ❌ m3u8 bulunamadı
   🔍 [15/16] Bölüm: https://diziyiizle2.com/nice-to-not-meet-you/1-sezon-15-bolum/

🔍 Vidlax direkt analizi: https://diziyiizle2.com/nice-to-not-meet-you/1-sezon-15-bolum/
📄 Sayfa içeriği alındı: 71125 karakter
❌ m3u8 URL'si bulunamadı
      ❌ m3u8 bulunamadı
   🔍 [16/16] Bölüm: https://diziyiizle2.com/nice-to-not-meet-you/1-sezon-16-bolum/

🔍 Vidlax direkt analizi: https://diziyiizle2.com/nice-to-not-meet-you/1-sezon-16-bolum/
📄 Sayfa içeriği alındı: 71125 karakter
❌ m3u8 URL'si bulunamadı
      ❌ m3u8 bulunamadı
      📁 Dizi playlist: playlists/nice_to_not_meet_you_playlist.m3u
   ✅ Dizi tamamlandı: 1 m3u8 eklendi

============================================================
🎬 [20/56] İşleniyor: https://diziyiizle2.com/dizi/deep-state/
📺 Bölüm bulundu: 1. Sezon 1. BölümDublaj03.11.202551 dk. - https://diziyiizle2.com/deep-state/1-sezon-1-bolum/
📺 Bölüm bulundu: 1. Sezon 2. BölümDublaj03.11.202546 dk. - https://diziyiizle2.com/deep-state/1-sezon-2-bolum/
📺 Bölüm bulundu: 1. Sezon 3. BölümDublaj03.11.202546 dk. - https://diziyiizle2.com/deep-state/1-sezon-3-bolum/
📺 Bölüm bulundu: 1. Sezon 4. BölümDublaj03.11.202549 dk. - https://diziyiizle2.com/deep-state/1-sezon-4-bolum/
📺 Bölüm bulundu: 1. Sezon 5. BölümDublaj03.11.202550 dk. - https://diziyiizle2.com/deep-state/1-sezon-5-bolum/
📺 Bölüm bulundu: 1. Sezon 6. BölümDublaj03.11.202551 dk. - https://diziyiizle2.com/deep-state/1-sezon-6-bolum/
📺 Bölüm bulundu: 1. Sezon 7. BölümDublaj03.11.202552 dk. - https://diziyiizle2.com/deep-state/1-sezon-7-bolum/
📺 Bölüm bulundu: 1. Sezon 8. BölümDublaj03.11.202555 dk. - https://diziyiizle2.com/deep-state/1-sezon-8-bolum/
📺 Bölüm bulundu: 2. Sezon 1. BölümAltyazılı03.11.202553 dk. - https://diziyiizle2.com/deep-state/2-sezon-1-bolum/
📺 Bölüm bulundu: 2. Sezon 2. BölümAltyazılı03.11.202551 dk. - https://diziyiizle2.com/deep-state/2-sezon-2-bolum/
📺 Bölüm bulundu: 2. Sezon 3. BölümAltyazılı03.11.202550 dk. - https://diziyiizle2.com/deep-state/2-sezon-3-bolum/
📺 Bölüm bulundu: 2. Sezon 4. BölümAltyazılı03.11.202551 dk. - https://diziyiizle2.com/deep-state/2-sezon-4-bolum/
📺 Bölüm bulundu: 2. Sezon 5. BölümAltyazılı03.11.202552 dk. - https://diziyiizle2.com/deep-state/2-sezon-5-bolum/
📺 Bölüm bulundu: 2. Sezon 6. BölümAltyazılı03.11.202548 dk. - https://diziyiizle2.com/deep-state/2-sezon-6-bolum/
📺 Bölüm bulundu: 2. Sezon 7. BölümAltyazılı03.11.202551 dk. - https://diziyiizle2.com/deep-state/2-sezon-7-bolum/
📺 Bölüm bulundu: 2. Sezon 8. BölümAltyazılı03.11.202556 dk. - https://diziyiizle2.com/deep-state/2-sezon-8-bolum/

📊 Toplam 16 bölüm bulundu
   🔍 [1/16] Bölüm: https://diziyiizle2.com/deep-state/1-sezon-1-bolum/
📺 Embed URL bulundu: https://vidlax1.xyz/embed/4a65ecd8a306ddd1
🔍 Embed URL kontrol ediliyor: https://vidlax1.xyz/embed/4a65ecd8a306ddd1
📄 Embed sayfa içeriği alındı, boyut: 39583 karakter
🎬 Video Başlığı: Deep State
📝 Video Açıklaması: 1.Sezon 1.Bölüm
🎯 Tam Başlık: Deep State - 1.Sezon 1.Bölüm
🎯 HEX DECODE - m3u8 bulundu: https://vidlax.xyz/upload/2cade906503b082a28b83d0d3db63c663aa2/master.m3u8
      ✅ Deep State - 1.Sezon 1.Bölüm - 1 m3u8
   🔍 [2/16] Bölüm: https://diziyiizle2.com/deep-state/1-sezon-2-bolum/
📺 Embed URL bulundu: https://vidlax1.xyz/embed/0a3e8cb88bc9a389
🔍 Embed URL kontrol ediliyor: https://vidlax1.xyz/embed/0a3e8cb88bc9a389
📄 Embed sayfa içeriği alındı, boyut: 39583 karakter
🎬 Video Başlığı: Deep State
📝 Video Açıklaması: 1.Sezon 2.Bölüm
🎯 Tam Başlık: Deep State - 1.Sezon 2.Bölüm
🎯 HEX DECODE - m3u8 bulundu: https://vidlax.xyz/upload/147fc148564ba5525a56f26aebcc247f39b8/master.m3u8
      ✅ Deep State - 1.Sezon 2.Bölüm - 1 m3u8
   🔍 [3/16] Bölüm: https://diziyiizle2.com/deep-state/1-sezon-3-bolum/
📺 Embed URL bulundu: https://vidlax1.xyz/embed/35602e8a895aeab5
🔍 Embed URL kontrol ediliyor: https://vidlax1.xyz/embed/35602e8a895aeab5
📄 Embed sayfa içeriği alındı, boyut: 39583 karakter
🎬 Video Başlığı: Deep State
📝 Video Açıklaması: 1.Sezon 3.Bölüm
🎯 Tam Başlık: Deep State - 1.Sezon 3.Bölüm
🎯 HEX DECODE - m3u8 bulundu: https://vidlax.xyz/upload/6130299ff11317eac7e9d4ddbaa93435b82c/master.m3u8
      ✅ Deep State - 1.Sezon 3.Bölüm - 1 m3u8
   🔍 [4/16] Bölüm: https://diziyiizle2.com/deep-state/1-sezon-4-bolum/
📺 Embed URL bulundu: https://vidlax1.xyz/embed/1c15be3a88048330
🔍 Embed URL kontrol ediliyor: https://vidlax1.xyz/embed/1c15be3a88048330
📄 Embed sayfa içeriği alındı, boyut: 39583 karakter
🎬 Video Başlığı: Deep State
📝 Video Açıklaması: 1.Sezon 4.Bölüm
🎯 Tam Başlık: Deep State - 1.Sezon 4.Bölüm
🎯 HEX DECODE - m3u8 bulundu: https://vidlax.xyz/upload/5384827cc94d13814497486ac3bad217b81e/master.m3u8
      ✅ Deep State - 1.Sezon 4.Bölüm - 1 m3u8
   🔍 [5/16] Bölüm: https://diziyiizle2.com/deep-state/1-sezon-5-bolum/
📺 Embed URL bulundu: https://vidlax1.xyz/embed/25d6f6ac448a0029
🔍 Embed URL kontrol ediliyor: https://vidlax1.xyz/embed/25d6f6ac448a0029
📄 Embed sayfa içeriği alındı, boyut: 39583 karakter
🎬 Video Başlığı: Deep State
📝 Video Açıklaması: 1.Sezon 5.Bölüm
🎯 Tam Başlık: Deep State - 1.Sezon 5.Bölüm
🎯 HEX DECODE - m3u8 bulundu: https://vidlax.xyz/upload/016eb7290d5275910b46ad803e57f043d9e4/master.m3u8
      ✅ Deep State - 1.Sezon 5.Bölüm - 1 m3u8
   🔍 [6/16] Bölüm: https://diziyiizle2.com/deep-state/1-sezon-6-bolum/
📺 Embed URL bulundu: https://vidlax1.xyz/embed/708d23d0116361b6
🔍 Embed URL kontrol ediliyor: https://vidlax1.xyz/embed/708d23d0116361b6
📄 Embed sayfa içeriği alındı, boyut: 39583 karakter
🎬 Video Başlığı: Deep State
📝 Video Açıklaması: 1.Sezon 6.Bölüm
🎯 Tam Başlık: Deep State - 1.Sezon 6.Bölüm
🎯 HEX DECODE - m3u8 bulundu: https://vidlax.xyz/upload/01050f2f854c57752c25a8c7a45a169ac40b/master.m3u8
      ✅ Deep State - 1.Sezon 6.Bölüm - 1 m3u8
   🔍 [7/16] Bölüm: https://diziyiizle2.com/deep-state/1-sezon-7-bolum/
📺 Embed URL bulundu: https://vidlax1.xyz/embed/093df7c9d58244a8
🔍 Embed URL kontrol ediliyor: https://vidlax1.xyz/embed/093df7c9d58244a8
📄 Embed sayfa içeriği alındı, boyut: 39583 karakter
🎬 Video Başlığı: Deep State
📝 Video Açıklaması: 1.Sezon 7.Bölüm
🎯 Tam Başlık: Deep State - 1.Sezon 7.Bölüm
🎯 HEX DECODE - m3u8 bulundu: https://vidlax.xyz/upload/1563d292cc6c769d1292d21d0daaa5a7deed/master.m3u8
      ✅ Deep State - 1.Sezon 7.Bölüm - 1 m3u8
   🔍 [8/16] Bölüm: https://diziyiizle2.com/deep-state/1-sezon-8-bolum/
📺 Embed URL bulundu: https://vidlax1.xyz/embed/47ca8809441bc3d9
🔍 Embed URL kontrol ediliyor: https://vidlax1.xyz/embed/47ca8809441bc3d9
📄 Embed sayfa içeriği alındı, boyut: 39583 karakter
🎬 Video Başlığı: Deep State
📝 Video Açıklaması: 1.Sezon 8.Bölüm
🎯 Tam Başlık: Deep State - 1.Sezon 8.Bölüm
🎯 HEX DECODE - m3u8 bulundu: https://vidlax.xyz/upload/fa7b19b3991ac10c5e9b3ab6e63e5cb15253/master.m3u8
      ✅ Deep State - 1.Sezon 8.Bölüm - 1 m3u8
   🔍 [9/16] Bölüm: https://diziyiizle2.com/deep-state/2-sezon-1-bolum/

🔍 Vidlax direkt analizi: https://diziyiizle2.com/deep-state/2-sezon-1-bolum/
📄 Sayfa içeriği alındı: 72731 karakter
❌ m3u8 URL'si bulunamadı
      ❌ m3u8 bulunamadı
   🔍 [10/16] Bölüm: https://diziyiizle2.com/deep-state/2-sezon-2-bolum/

🔍 Vidlax direkt analizi: https://diziyiizle2.com/deep-state/2-sezon-2-bolum/
📄 Sayfa içeriği alındı: 72730 karakter
❌ m3u8 URL'si bulunamadı
      ❌ m3u8 bulunamadı
   🔍 [11/16] Bölüm: https://diziyiizle2.com/deep-state/2-sezon-3-bolum/

🔍 Vidlax direkt analizi: https://diziyiizle2.com/deep-state/2-sezon-3-bolum/
📄 Sayfa içeriği alındı: 72730 karakter
❌ m3u8 URL'si bulunamadı
      ❌ m3u8 bulunamadı
   🔍 [12/16] Bölüm: https://diziyiizle2.com/deep-state/2-sezon-4-bolum/

🔍 Vidlax direkt analizi: https://diziyiizle2.com/deep-state/2-sezon-4-bolum/
📄 Sayfa içeriği alındı: 72731 karakter
❌ m3u8 URL'si bulunamadı
      ❌ m3u8 bulunamadı
   🔍 [13/16] Bölüm: https://diziyiizle2.com/deep-state/2-sezon-5-bolum/

🔍 Vidlax direkt analizi: https://diziyiizle2.com/deep-state/2-sezon-5-bolum/
📄 Sayfa içeriği alındı: 72730 karakter
❌ m3u8 URL'si bulunamadı
      ❌ m3u8 bulunamadı
   🔍 [14/16] Bölüm: https://diziyiizle2.com/deep-state/2-sezon-6-bolum/

🔍 Vidlax direkt analizi: https://diziyiizle2.com/deep-state/2-sezon-6-bolum/
📄 Sayfa içeriği alındı: 72730 karakter
❌ m3u8 URL'si bulunamadı
      ❌ m3u8 bulunamadı
   🔍 [15/16] Bölüm: https://diziyiizle2.com/deep-state/2-sezon-7-bolum/

🔍 Vidlax direkt analizi: https://diziyiizle2.com/deep-state/2-sezon-7-bolum/
📄 Sayfa içeriği alındı: 72731 karakter
❌ m3u8 URL'si bulunamadı
      ❌ m3u8 bulunamadı
   🔍 [16/16] Bölüm: https://diziyiizle2.com/deep-state/2-sezon-8-bolum/

🔍 Vidlax direkt analizi: https://diziyiizle2.com/deep-state/2-sezon-8-bolum/
📄 Sayfa içeriği alındı: 72731 karakter
❌ m3u8 URL'si bulunamadı
      ❌ m3u8 bulunamadı
      📁 Dizi playlist: playlists/deep_state_playlist.m3u
   ✅ Dizi tamamlandı: 8 m3u8 eklendi

============================================================
🎬 [21/56] İşleniyor: https://diziyiizle2.com/dizi/a-teacher/
📺 Bölüm bulundu: 1. Sezon 1. BölümDublaj03.11.202526 dk. - https://diziyiizle2.com/a-teacher/1-sezon-1-bolum/
📺 Bölüm bulundu: 1. Sezon 2. BölümDublaj03.11.202528 dk. - https://diziyiizle2.com/a-teacher/1-sezon-2-bolum/
📺 Bölüm bulundu: 1. Sezon 3. BölümDublaj03.11.202521 dk. - https://diziyiizle2.com/a-teacher/1-sezon-3-bolum/
📺 Bölüm bulundu: 1. Sezon 4. BölümDublaj03.11.202527 dk. - https://diziyiizle2.com/a-teacher/1-sezon-4-bolum/
📺 Bölüm bulundu: 1. Sezon 5. BölümDublaj03.11.202524 dk. - https://diziyiizle2.com/a-teacher/1-sezon-5-bolum/
📺 Bölüm bulundu: 1. Sezon 6. BölümDublaj03.11.202524 dk. - https://diziyiizle2.com/a-teacher/1-sezon-6-bolum/
📺 Bölüm bulundu: 1. Sezon 7. BölümDublaj03.11.202525 dk. - https://diziyiizle2.com/a-teacher/1-sezon-7-bolum/
📺 Bölüm bulundu: 1. Sezon 8. BölümDublaj03.11.202522 dk. - https://diziyiizle2.com/a-teacher/1-sezon-8-bolum/
📺 Bölüm bulundu: 1. Sezon 9. BölümDublaj03.11.202530 dk. - https://diziyiizle2.com/a-teacher/1-sezon-9-bolum/
📺 Bölüm bulundu: 1. Sezon 10. BölümDublaj03.11.202526 dk. - https://diziyiizle2.com/a-teacher/1-sezon-10-bolum/

📊 Toplam 10 bölüm bulundu
   🔍 [1/10] Bölüm: https://diziyiizle2.com/a-teacher/1-sezon-1-bolum/
📺 Embed URL bulundu: https://vidlax1.xyz/embed/4b24ef6eec64dc94
🔍 Embed URL kontrol ediliyor: https://vidlax1.xyz/embed/4b24ef6eec64dc94
📄 Embed sayfa içeriği alındı, boyut: 39582 karakter
🎬 Video Başlığı: A Teacher
📝 Video Açıklaması: 1.Sezon 1.Bölüm
🎯 Tam Başlık: A Teacher - 1.Sezon 1.Bölüm
🎯 HEX DECODE - m3u8 bulundu: https://vidlax.xyz/upload/93ac9706f9e99c7e4fbdc87aa5da2aa5ad77/master.m3u8
      ✅ A Teacher - 1.Sezon 1.Bölüm - 1 m3u8
   🔍 [2/10] Bölüm: https://diziyiizle2.com/a-teacher/1-sezon-2-bolum/
📺 Embed URL bulundu: https://vidlax1.xyz/embed/aec0a7996f3ee0d9
🔍 Embed URL kontrol ediliyor: https://vidlax1.xyz/embed/aec0a7996f3ee0d9
📄 Embed sayfa içeriği alındı, boyut: 39582 karakter
🎬 Video Başlığı: A Teacher
📝 Video Açıklaması: 1.Sezon 2.Bölüm
🎯 Tam Başlık: A Teacher - 1.Sezon 2.Bölüm
🎯 HEX DECODE - m3u8 bulundu: https://vidlax.xyz/upload/9d1e2ccd9dddf0fb8c5373e83737819a67c9/master.m3u8
      ✅ A Teacher - 1.Sezon 2.Bölüm - 1 m3u8
   🔍 [3/10] Bölüm: https://diziyiizle2.com/a-teacher/1-sezon-3-bolum/
📺 Embed URL bulundu: https://vidlax1.xyz/embed/b5bcb9c025a2b7c1
🔍 Embed URL kontrol ediliyor: https://vidlax1.xyz/embed/b5bcb9c025a2b7c1
📄 Embed sayfa içeriği alındı, boyut: 39582 karakter
🎬 Video Başlığı: A Teacher
📝 Video Açıklaması: 1.Sezon 3.Bölüm
🎯 Tam Başlık: A Teacher - 1.Sezon 3.Bölüm
🎯 HEX DECODE - m3u8 bulundu: https://vidlax.xyz/upload/e4bc3208006dc713d9711ea0aad4047a94cf/master.m3u8
      ✅ A Teacher - 1.Sezon 3.Bölüm - 1 m3u8
   🔍 [4/10] Bölüm: https://diziyiizle2.com/a-teacher/1-sezon-4-bolum/
📺 Embed URL bulundu: https://vidlax1.xyz/embed/00aab0b6f0e42699
🔍 Embed URL kontrol ediliyor: https://vidlax1.xyz/embed/00aab0b6f0e42699
📄 Embed sayfa içeriği alındı, boyut: 39582 karakter
🎬 Video Başlığı: A Teacher
📝 Video Açıklaması: 1.Sezon 4.Bölüm
🎯 Tam Başlık: A Teacher - 1.Sezon 4.Bölüm
🎯 HEX DECODE - m3u8 bulundu: https://vidlax.xyz/upload/1c49f84cbe848609447065f19560c09c3df7/master.m3u8
      ✅ A Teacher - 1.Sezon 4.Bölüm - 1 m3u8
   🔍 [5/10] Bölüm: https://diziyiizle2.com/a-teacher/1-sezon-5-bolum/
📺 Embed URL bulundu: https://vidlax1.xyz/embed/09d482645fecafa1
🔍 Embed URL kontrol ediliyor: https://vidlax1.xyz/embed/09d482645fecafa1
📄 Embed sayfa içeriği alındı, boyut: 39582 karakter
🎬 Video Başlığı: A Teacher
📝 Video Açıklaması: 1.Sezon 5.Bölüm
🎯 Tam Başlık: A Teacher - 1.Sezon 5.Bölüm
🎯 HEX DECODE - m3u8 bulundu: https://vidlax.xyz/upload/193ced229701bb34be15d30c65147ea9443c/master.m3u8
      ✅ A Teacher - 1.Sezon 5.Bölüm - 1 m3u8
   🔍 [6/10] Bölüm: https://diziyiizle2.com/a-teacher/1-sezon-6-bolum/
📺 Embed URL bulundu: https://vidlax1.xyz/embed/b93ba797d6036f1a
🔍 Embed URL kontrol ediliyor: https://vidlax1.xyz/embed/b93ba797d6036f1a
📄 Embed sayfa içeriği alındı, boyut: 39582 karakter
🎬 Video Başlığı: A Teacher
📝 Video Açıklaması: 1.Sezon 6.Bölüm
🎯 Tam Başlık: A Teacher - 1.Sezon 6.Bölüm
🎯 HEX DECODE - m3u8 bulundu: https://vidlax.xyz/upload/5865d9ec2f11e992dc98314caeb5d5bcf19d/master.m3u8
      ✅ A Teacher - 1.Sezon 6.Bölüm - 1 m3u8
   🔍 [7/10] Bölüm: https://diziyiizle2.com/a-teacher/1-sezon-7-bolum/
📺 Embed URL bulundu: https://vidlax1.xyz/embed/f9c2e8c6e763c5f5
🔍 Embed URL kontrol ediliyor: https://vidlax1.xyz/embed/f9c2e8c6e763c5f5
📄 Embed sayfa içeriği alındı, boyut: 39582 karakter
🎬 Video Başlığı: A Teacher
📝 Video Açıklaması: 1.Sezon 7.Bölüm
🎯 Tam Başlık: A Teacher - 1.Sezon 7.Bölüm
🎯 HEX DECODE - m3u8 bulundu: https://vidlax.xyz/upload/82f2ebd296884551420af2e672c9f962ebb6/master.m3u8
      ✅ A Teacher - 1.Sezon 7.Bölüm - 1 m3u8
   🔍 [8/10] Bölüm: https://diziyiizle2.com/a-teacher/1-sezon-8-bolum/
📺 Embed URL bulundu: https://vidlax1.xyz/embed/77e7d064120394c2
🔍 Embed URL kontrol ediliyor: https://vidlax1.xyz/embed/77e7d064120394c2
📄 Embed sayfa içeriği alındı, boyut: 39582 karakter
🎬 Video Başlığı: A Teacher
📝 Video Açıklaması: 1.Sezon 8.Bölüm
🎯 Tam Başlık: A Teacher - 1.Sezon 8.Bölüm
🎯 HEX DECODE - m3u8 bulundu: https://vidlax.xyz/upload/79c357c700efc5f008593de9cb63340561a6/master.m3u8
      ✅ A Teacher - 1.Sezon 8.Bölüm - 1 m3u8
   🔍 [9/10] Bölüm: https://diziyiizle2.com/a-teacher/1-sezon-9-bolum/
📺 Embed URL bulundu: https://vidlax1.xyz/embed/e396b342ec4bf276
🔍 Embed URL kontrol ediliyor: https://vidlax1.xyz/embed/e396b342ec4bf276
📄 Embed sayfa içeriği alındı, boyut: 39582 karakter
🎬 Video Başlığı: A Teacher
📝 Video Açıklaması: 1.Sezon 9.Bölüm
🎯 Tam Başlık: A Teacher - 1.Sezon 9.Bölüm
🎯 HEX DECODE - m3u8 bulundu: https://vidlax.xyz/upload/3739d7930bb4633f23627f0ab0f0deda9519/master.m3u8
      ✅ A Teacher - 1.Sezon 9.Bölüm - 1 m3u8
   🔍 [10/10] Bölüm: https://diziyiizle2.com/a-teacher/1-sezon-10-bolum/
📺 Embed URL bulundu: https://vidlax1.xyz/embed/34077bfbf8759213
🔍 Embed URL kontrol ediliyor: https://vidlax1.xyz/embed/34077bfbf8759213
📄 Embed sayfa içeriği alındı, boyut: 39583 karakter
🎬 Video Başlığı: A Teacher
📝 Video Açıklaması: 1.Sezon 10.Bölüm
🎯 Tam Başlık: A Teacher - 1.Sezon 10.Bölüm
🎯 HEX DECODE - m3u8 bulundu: https://vidlax.xyz/upload/378f815d9deb86e46162b9b77d9b4e573bb6/master.m3u8
      ✅ A Teacher - 1.Sezon 10.Bölüm - 1 m3u8
      📁 Dizi playlist: playlists/a_teacher_playlist.m3u
   ✅ Dizi tamamlandı: 10 m3u8 eklendi

============================================================
🎬 [22/56] İşleniyor: https://diziyiizle2.com/dizi/y-the-last-man/
📺 Bölüm bulundu: 1. Sezon 1. BölümDublaj03.11.202554 dk. - https://diziyiizle2.com/y-the-last-man/1-sezon-1-bolum/
📺 Bölüm bulundu: 1. Sezon 2. BölümDublaj03.11.202547 dk. - https://diziyiizle2.com/y-the-last-man/1-sezon-2-bolum/
📺 Bölüm bulundu: 1. Sezon 3. BölümDublaj03.11.202554 dk. - https://diziyiizle2.com/y-the-last-man/1-sezon-3-bolum/
📺 Bölüm bulundu: 1. Sezon 4. BölümDublaj03.11.202548 dk. - https://diziyiizle2.com/y-the-last-man/1-sezon-4-bolum/
📺 Bölüm bulundu: 1. Sezon 5. BölümDublaj03.11.202551 dk. - https://diziyiizle2.com/y-the-last-man/1-sezon-5-bolum/
📺 Bölüm bulundu: 1. Sezon 6. BölümDublaj03.11.202549 dk. - https://diziyiizle2.com/y-the-last-man/1-sezon-6-bolum/
📺 Bölüm bulundu: 1. Sezon 7. BölümDublaj03.11.202552 dk. - https://diziyiizle2.com/y-the-last-man/1-sezon-7-bolum/
📺 Bölüm bulundu: 1. Sezon 8. BölümDublaj03.11.202552 dk. - https://diziyiizle2.com/y-the-last-man/1-sezon-8-bolum/
📺 Bölüm bulundu: 1. Sezon 9. BölümDublaj03.11.202550 dk. - https://diziyiizle2.com/y-the-last-man/1-sezon-9-bolum/
📺 Bölüm bulundu: 1. Sezon 10. BölümDublaj03.11.202553 dk. - https://diziyiizle2.com/y-the-last-man/1-sezon-10-bolum/

📊 Toplam 10 bölüm bulundu
   🔍 [1/10] Bölüm: https://diziyiizle2.com/y-the-last-man/1-sezon-1-bolum/
📺 Embed URL bulundu: https://vidlax1.xyz/embed/2341e1fdde730b10
🔍 Embed URL kontrol ediliyor: https://vidlax1.xyz/embed/2341e1fdde730b10
📄 Embed sayfa içeriği alındı, boyut: 39761 karakter
🎬 Video Başlığı: Y: The Last Man
📝 Video Açıklaması: 1.Sezon 1.Bölüm
🎯 Tam Başlık: Y: The Last Man - 1.Sezon 1.Bölüm
🎯 HEX DECODE - m3u8 bulundu: https://vidlax.xyz/upload/ba9ca1f098f418082463d9c2f84f8aaa98d9/master.m3u8
      ✅ Y: The Last Man - 1.Sezon 1.Bölüm - 1 m3u8
   🔍 [2/10] Bölüm: https://diziyiizle2.com/y-the-last-man/1-sezon-2-bolum/
📺 Embed URL bulundu: https://vidlax1.xyz/embed/82ac3041f637f747
🔍 Embed URL kontrol ediliyor: https://vidlax1.xyz/embed/82ac3041f637f747
📄 Embed sayfa içeriği alındı, boyut: 39761 karakter
🎬 Video Başlığı: Y: The Last Man
📝 Video Açıklaması: 1.Sezon 2.Bölüm
🎯 Tam Başlık: Y: The Last Man - 1.Sezon 2.Bölüm
🎯 HEX DECODE - m3u8 bulundu: https://vidlax.xyz/upload/b36d292d3b717ebabbb9f174910651480386/master.m3u8
      ✅ Y: The Last Man - 1.Sezon 2.Bölüm - 1 m3u8
   🔍 [3/10] Bölüm: https://diziyiizle2.com/y-the-last-man/1-sezon-3-bolum/
📺 Embed URL bulundu: https://vidlax1.xyz/embed/6672ddbcfb93cfde
🔍 Embed URL kontrol ediliyor: https://vidlax1.xyz/embed/6672ddbcfb93cfde
📄 Embed sayfa içeriği alındı, boyut: 39761 karakter
🎬 Video Başlığı: Y: The Last Man
📝 Video Açıklaması: 1.Sezon 3.Bölüm
🎯 Tam Başlık: Y: The Last Man - 1.Sezon 3.Bölüm
🎯 HEX DECODE - m3u8 bulundu: https://vidlax.xyz/upload/3d4154bc9f6c9efa37027a30b2d1bfe4414b/master.m3u8
      ✅ Y: The Last Man - 1.Sezon 3.Bölüm - 1 m3u8
   🔍 [4/10] Bölüm: https://diziyiizle2.com/y-the-last-man/1-sezon-4-bolum/
📺 Embed URL bulundu: https://vidlax1.xyz/embed/7596118a63e0df2c
🔍 Embed URL kontrol ediliyor: https://vidlax1.xyz/embed/7596118a63e0df2c
📄 Embed sayfa içeriği alındı, boyut: 39761 karakter
🎬 Video Başlığı: Y: The Last Man
📝 Video Açıklaması: 1.Sezon 4.Bölüm
🎯 Tam Başlık: Y: The Last Man - 1.Sezon 4.Bölüm
🎯 HEX DECODE - m3u8 bulundu: https://vidlax.xyz/upload/8f1e5fb21eb16d78197c00cf3a38ad747f77/master.m3u8
      ✅ Y: The Last Man - 1.Sezon 4.Bölüm - 1 m3u8
   🔍 [5/10] Bölüm: https://diziyiizle2.com/y-the-last-man/1-sezon-5-bolum/
📺 Embed URL bulundu: https://vidlax1.xyz/embed/eebf90ebd9d7b01e
🔍 Embed URL kontrol ediliyor: https://vidlax1.xyz/embed/eebf90ebd9d7b01e
📄 Embed sayfa içeriği alındı, boyut: 39761 karakter
🎬 Video Başlığı: Y: The Last Man
📝 Video Açıklaması: 1.Sezon 5.Bölüm
🎯 Tam Başlık: Y: The Last Man - 1.Sezon 5.Bölüm
🎯 HEX DECODE - m3u8 bulundu: https://vidlax.xyz/upload/e73c542b339f414a26e4616c393a97f1c3ff/master.m3u8
      ✅ Y: The Last Man - 1.Sezon 5.Bölüm - 1 m3u8
   🔍 [6/10] Bölüm: https://diziyiizle2.com/y-the-last-man/1-sezon-6-bolum/
📺 Embed URL bulundu: https://vidlax1.xyz/embed/93fcf6a656595cfc
🔍 Embed URL kontrol ediliyor: https://vidlax1.xyz/embed/93fcf6a656595cfc
📄 Embed sayfa içeriği alındı, boyut: 39761 karakter
🎬 Video Başlığı: Y: The Last Man
📝 Video Açıklaması: 1.Sezon 6.Bölüm
🎯 Tam Başlık: Y: The Last Man - 1.Sezon 6.Bölüm
🎯 HEX DECODE - m3u8 bulundu: https://vidlax.xyz/upload/4fcb6e018e1981ab8c54f1e9367818d7e871/master.m3u8
      ✅ Y: The Last Man - 1.Sezon 6.Bölüm - 1 m3u8
   🔍 [7/10] Bölüm: https://diziyiizle2.com/y-the-last-man/1-sezon-7-bolum/
📺 Embed URL bulundu: https://vidlax1.xyz/embed/86e5c646e0061015
🔍 Embed URL kontrol ediliyor: https://vidlax1.xyz/embed/86e5c646e0061015
📄 Embed sayfa içeriği alındı, boyut: 39761 karakter
🎬 Video Başlığı: Y: The Last Man
📝 Video Açıklaması: 1.Sezon 7.Bölüm
🎯 Tam Başlık: Y: The Last Man - 1.Sezon 7.Bölüm
🎯 HEX DECODE - m3u8 bulundu: https://vidlax.xyz/upload/a751fb53ad961fb3e478576d29d498abdb54/master.m3u8
      ✅ Y: The Last Man - 1.Sezon 7.Bölüm - 1 m3u8
   🔍 [8/10] Bölüm: https://diziyiizle2.com/y-the-last-man/1-sezon-8-bolum/
📺 Embed URL bulundu: https://vidlax1.xyz/embed/255e0e25a1ead44e
🔍 Embed URL kontrol ediliyor: https://vidlax1.xyz/embed/255e0e25a1ead44e
📄 Embed sayfa içeriği alındı, boyut: 39761 karakter
🎬 Video Başlığı: Y: The Last Man
📝 Video Açıklaması: 1.Sezon 8.Bölüm
🎯 Tam Başlık: Y: The Last Man - 1.Sezon 8.Bölüm
🎯 HEX DECODE - m3u8 bulundu: https://vidlax.xyz/upload/2d76bf3515682a53e97c600d1bc0f84cb377/master.m3u8
      ✅ Y: The Last Man - 1.Sezon 8.Bölüm - 1 m3u8
   🔍 [9/10] Bölüm: https://diziyiizle2.com/y-the-last-man/1-sezon-9-bolum/
📺 Embed URL bulundu: https://vidlax1.xyz/embed/746157df6f92c506
🔍 Embed URL kontrol ediliyor: https://vidlax1.xyz/embed/746157df6f92c506
📄 Embed sayfa içeriği alındı, boyut: 39761 karakter
🎬 Video Başlığı: Y: The Last Man
📝 Video Açıklaması: 1.Sezon 9.Bölüm
🎯 Tam Başlık: Y: The Last Man - 1.Sezon 9.Bölüm
🎯 HEX DECODE - m3u8 bulundu: https://vidlax.xyz/upload/3d33468af1d2e18d020b6959a8d5e4f521c3/master.m3u8
      ✅ Y: The Last Man - 1.Sezon 9.Bölüm - 1 m3u8
   🔍 [10/10] Bölüm: https://diziyiizle2.com/y-the-last-man/1-sezon-10-bolum/
📺 Embed URL bulundu: https://vidlax1.xyz/embed/154533eb51f9c370
🔍 Embed URL kontrol ediliyor: https://vidlax1.xyz/embed/154533eb51f9c370
📄 Embed sayfa içeriği alındı, boyut: 39762 karakter
🎬 Video Başlığı: Y: The Last Man
📝 Video Açıklaması: 1.Sezon 10.Bölüm
🎯 Tam Başlık: Y: The Last Man - 1.Sezon 10.Bölüm
🎯 HEX DECODE - m3u8 bulundu: https://vidlax.xyz/upload/b90300a1272f0f5674d288a5a7c497283f29/master.m3u8
      ✅ Y: The Last Man - 1.Sezon 10.Bölüm - 1 m3u8
      📁 Dizi playlist: playlists/y_the_last_man_playlist.m3u
   ✅ Dizi tamamlandı: 10 m3u8 eklendi

============================================================
🎬 [23/56] İşleniyor: https://diziyiizle2.com/dizi/tom-swift/
📺 Bölüm bulundu: 1. Sezon 1. BölümDublaj03.11.202543 dk. - https://diziyiizle2.com/tom-swift/1-sezon-1-bolum/
📺 Bölüm bulundu: 1. Sezon 2. BölümDublaj03.11.202543 dk. - https://diziyiizle2.com/tom-swift/1-sezon-2-bolum/
📺 Bölüm bulundu: 1. Sezon 3. BölümDublaj03.11.202542 dk. - https://diziyiizle2.com/tom-swift/1-sezon-3-bolum/
📺 Bölüm bulundu: 1. Sezon 4. BölümDublaj03.11.202541 dk. - https://diziyiizle2.com/tom-swift/1-sezon-4-bolum/
📺 Bölüm bulundu: 1. Sezon 5. BölümDublaj03.11.202543 dk. - https://diziyiizle2.com/tom-swift/1-sezon-5-bolum/
📺 Bölüm bulundu: 1. Sezon 6. BölümDublaj03.11.202543 dk. - https://diziyiizle2.com/tom-swift/1-sezon-6-bolum/
📺 Bölüm bulundu: 1. Sezon 7. BölümDublaj03.11.202541 dk. - https://diziyiizle2.com/tom-swift/1-sezon-7-bolum/
📺 Bölüm bulundu: 1. Sezon 8. BölümDublaj03.11.202541 dk. - https://diziyiizle2.com/tom-swift/1-sezon-8-bolum/
📺 Bölüm bulundu: 1. Sezon 9. BölümDublaj03.11.202543 dk. - https://diziyiizle2.com/tom-swift/1-sezon-9-bolum/
📺 Bölüm bulundu: 1. Sezon 10. BölümDublaj03.11.202543 dk. - https://diziyiizle2.com/tom-swift/1-sezon-10-bolum/

📊 Toplam 10 bölüm bulundu
   🔍 [1/10] Bölüm: https://diziyiizle2.com/tom-swift/1-sezon-1-bolum/
📺 Embed URL bulundu: https://vidlax1.xyz/embed/7076dd67298612d3
🔍 Embed URL kontrol ediliyor: https://vidlax1.xyz/embed/7076dd67298612d3
📄 Embed sayfa içeriği alındı, boyut: 39582 karakter
🎬 Video Başlığı: Tom Swift
📝 Video Açıklaması: 1.Sezon 1.Bölüm
🎯 Tam Başlık: Tom Swift - 1.Sezon 1.Bölüm
🎯 HEX DECODE - m3u8 bulundu: https://vidlax.xyz/upload/8cd0a9e80bae455a4c47f06ed95843f846aa/master.m3u8
      ✅ Tom Swift - 1.Sezon 1.Bölüm - 1 m3u8
   🔍 [2/10] Bölüm: https://diziyiizle2.com/tom-swift/1-sezon-2-bolum/
📺 Embed URL bulundu: https://vidlax1.xyz/embed/3d9a813c5d50e862
🔍 Embed URL kontrol ediliyor: https://vidlax1.xyz/embed/3d9a813c5d50e862
📄 Embed sayfa içeriği alındı, boyut: 39582 karakter
🎬 Video Başlığı: Tom Swift
📝 Video Açıklaması: 1.Sezon 2.Bölüm
🎯 Tam Başlık: Tom Swift - 1.Sezon 2.Bölüm
🎯 HEX DECODE - m3u8 bulundu: https://vidlax.xyz/upload/110d3a2c6da310d9d8143d14fdc6cf16d992/master.m3u8
      ✅ Tom Swift - 1.Sezon 2.Bölüm - 1 m3u8
   🔍 [3/10] Bölüm: https://diziyiizle2.com/tom-swift/1-sezon-3-bolum/
📺 Embed URL bulundu: https://vidlax1.xyz/embed/15a98c54354eeacc
🔍 Embed URL kontrol ediliyor: https://vidlax1.xyz/embed/15a98c54354eeacc
📄 Embed sayfa içeriği alındı, boyut: 39582 karakter
🎬 Video Başlığı: Tom Swift
📝 Video Açıklaması: 1.Sezon 3.Bölüm
🎯 Tam Başlık: Tom Swift - 1.Sezon 3.Bölüm
🎯 HEX DECODE - m3u8 bulundu: https://vidlax.xyz/upload/3ed581d1a7e10578f8fcf7a324efafc71288/master.m3u8
      ✅ Tom Swift - 1.Sezon 3.Bölüm - 1 m3u8
   🔍 [4/10] Bölüm: https://diziyiizle2.com/tom-swift/1-sezon-4-bolum/
📺 Embed URL bulundu: https://vidlax1.xyz/embed/1419330f1267b948
🔍 Embed URL kontrol ediliyor: https://vidlax1.xyz/embed/1419330f1267b948
📄 Embed sayfa içeriği alındı, boyut: 39582 karakter
🎬 Video Başlığı: Tom Swift
📝 Video Açıklaması: 1.Sezon 4.Bölüm
🎯 Tam Başlık: Tom Swift - 1.Sezon 4.Bölüm
🎯 HEX DECODE - m3u8 bulundu: https://vidlax.xyz/upload/762c62b2d9ebfd7b98dd86855d72ad20d1df/master.m3u8
      ✅ Tom Swift - 1.Sezon 4.Bölüm - 1 m3u8
   🔍 [5/10] Bölüm: https://diziyiizle2.com/tom-swift/1-sezon-5-bolum/
📺 Embed URL bulundu: https://vidlax1.xyz/embed/8b9e637bd7acbb01
🔍 Embed URL kontrol ediliyor: https://vidlax1.xyz/embed/8b9e637bd7acbb01
📄 Embed sayfa içeriği alındı, boyut: 39582 karakter
🎬 Video Başlığı: Tom Swift
📝 Video Açıklaması: 1.Sezon 5.Bölüm
🎯 Tam Başlık: Tom Swift - 1.Sezon 5.Bölüm
🎯 HEX DECODE - m3u8 bulundu: https://vidlax.xyz/upload/5b48f511ebef8cb7de377e8da19219112865/master.m3u8
      ✅ Tom Swift - 1.Sezon 5.Bölüm - 1 m3u8
   🔍 [6/10] Bölüm: https://diziyiizle2.com/tom-swift/1-sezon-6-bolum/
📺 Embed URL bulundu: https://vidlax1.xyz/embed/5d652032cec90b52
🔍 Embed URL kontrol ediliyor: https://vidlax1.xyz/embed/5d652032cec90b52
📄 Embed sayfa içeriği alındı, boyut: 39582 karakter
🎬 Video Başlığı: Tom Swift
📝 Video Açıklaması: 1.Sezon 6.Bölüm
🎯 Tam Başlık: Tom Swift - 1.Sezon 6.Bölüm
🎯 HEX DECODE - m3u8 bulundu: https://vidlax.xyz/upload/0e018a22902d7704de0a3e002a61a3d03652/master.m3u8
      ✅ Tom Swift - 1.Sezon 6.Bölüm - 1 m3u8
   🔍 [7/10] Bölüm: https://diziyiizle2.com/tom-swift/1-sezon-7-bolum/
📺 Embed URL bulundu: https://vidlax1.xyz/embed/920742349ba3a75b
🔍 Embed URL kontrol ediliyor: https://vidlax1.xyz/embed/920742349ba3a75b
📄 Embed sayfa içeriği alındı, boyut: 39582 karakter
🎬 Video Başlığı: Tom Swift
📝 Video Açıklaması: 1.Sezon 7.Bölüm
🎯 Tam Başlık: Tom Swift - 1.Sezon 7.Bölüm
🎯 HEX DECODE - m3u8 bulundu: https://vidlax.xyz/upload/4c358102994800964de4ae01c6fa0bcc2f24/master.m3u8
      ✅ Tom Swift - 1.Sezon 7.Bölüm - 1 m3u8
   🔍 [8/10] Bölüm: https://diziyiizle2.com/tom-swift/1-sezon-8-bolum/
📺 Embed URL bulundu: https://vidlax1.xyz/embed/7774ac2e8f2bc341
🔍 Embed URL kontrol ediliyor: https://vidlax1.xyz/embed/7774ac2e8f2bc341
📄 Embed sayfa içeriği alındı, boyut: 39582 karakter
🎬 Video Başlığı: Tom Swift
📝 Video Açıklaması: 1.Sezon 8.Bölüm
🎯 Tam Başlık: Tom Swift - 1.Sezon 8.Bölüm
🎯 HEX DECODE - m3u8 bulundu: https://vidlax.xyz/upload/38fef37d049e2a3490184908773a8c4b1e70/master.m3u8
      ✅ Tom Swift - 1.Sezon 8.Bölüm - 1 m3u8
   🔍 [9/10] Bölüm: https://diziyiizle2.com/tom-swift/1-sezon-9-bolum/
📺 Embed URL bulundu: https://vidlax1.xyz/embed/d512de5c6d7cf099
🔍 Embed URL kontrol ediliyor: https://vidlax1.xyz/embed/d512de5c6d7cf099
📄 Embed sayfa içeriği alındı, boyut: 39582 karakter
🎬 Video Başlığı: Tom Swift
📝 Video Açıklaması: 1.Sezon 9.Bölüm
🎯 Tam Başlık: Tom Swift - 1.Sezon 9.Bölüm
🎯 HEX DECODE - m3u8 bulundu: https://vidlax.xyz/upload/37c70f417629ed234018cd4f3cc1ac76c05c/master.m3u8
      ✅ Tom Swift - 1.Sezon 9.Bölüm - 1 m3u8
   🔍 [10/10] Bölüm: https://diziyiizle2.com/tom-swift/1-sezon-10-bolum/
📺 Embed URL bulundu: https://vidlax1.xyz/embed/eeef9495445087ed
🔍 Embed URL kontrol ediliyor: https://vidlax1.xyz/embed/eeef9495445087ed
📄 Embed sayfa içeriği alındı, boyut: 39583 karakter
🎬 Video Başlığı: Tom Swift
📝 Video Açıklaması: 1.Sezon 10.Bölüm
🎯 Tam Başlık: Tom Swift - 1.Sezon 10.Bölüm
🎯 HEX DECODE - m3u8 bulundu: https://vidlax.xyz/upload/52e51c27558f3ef7ea1919a81197236b4031/master.m3u8
      ✅ Tom Swift - 1.Sezon 10.Bölüm - 1 m3u8
      📁 Dizi playlist: playlists/tom_swift_playlist.m3u
   ✅ Dizi tamamlandı: 10 m3u8 eklendi

============================================================
🎬 [24/56] İşleniyor: https://diziyiizle2.com/dizi/nails/
📺 Bölüm bulundu: 1. Sezon 1. BölümAltyazılı03.11.202532 dk. - https://diziyiizle2.com/nails/1-sezon-1-bolum/
📺 Bölüm bulundu: 1. Sezon 2. BölümAltyazılı03.11.202531 dk. - https://diziyiizle2.com/nails/1-sezon-2-bolum/
📺 Bölüm bulundu: 1. Sezon 3. BölümAltyazılı03.11.202527 dk. - https://diziyiizle2.com/nails/1-sezon-3-bolum/
📺 Bölüm bulundu: 1. Sezon 4. BölümAltyazılı03.11.202526 dk. - https://diziyiizle2.com/nails/1-sezon-4-bolum/
📺 Bölüm bulundu: 1. Sezon 5. BölümAltyazılı03.11.202527 dk. - https://diziyiizle2.com/nails/1-sezon-5-bolum/
📺 Bölüm bulundu: 1. Sezon 6. BölümAltyazılı03.11.202529 dk. - https://diziyiizle2.com/nails/1-sezon-6-bolum/
📺 Bölüm bulundu: 1. Sezon 7. BölümAltyazılı03.11.2025 - https://diziyiizle2.com/nails/1-sezon-7-bolum/
📺 Bölüm bulundu: 1. Sezon 8. BölümAltyazılı03.11.2025 - https://diziyiizle2.com/nails/1-sezon-8-bolum/

📊 Toplam 8 bölüm bulundu
   🔍 [1/8] Bölüm: https://diziyiizle2.com/nails/1-sezon-1-bolum/
📺 Embed URL bulundu: https://vidlax1.xyz/embed/32ee9b554972d3c7
🔍 Embed URL kontrol ediliyor: https://vidlax1.xyz/embed/32ee9b554972d3c7
📄 Embed sayfa içeriği alındı, boyut: 41478 karakter
🎬 Video Başlığı: Nails
📝 Video Açıklaması: 1.Sezon 1.Bölüm
🎯 Tam Başlık: Nails - 1.Sezon 1.Bölüm
🎯 HEX DECODE - m3u8 bulundu: https://vidlax.xyz/upload/704e5ebf4f858e19a9327ca8959ad3affcf8/master.m3u8
      ✅ Nails - 1.Sezon 1.Bölüm - 1 m3u8
   🔍 [2/8] Bölüm: https://diziyiizle2.com/nails/1-sezon-2-bolum/
📺 Embed URL bulundu: https://vidlax1.xyz/embed/df534b59f9ca9e6d
🔍 Embed URL kontrol ediliyor: https://vidlax1.xyz/embed/df534b59f9ca9e6d
📄 Embed sayfa içeriği alındı, boyut: 39578 karakter
🎬 Video Başlığı: Nails
📝 Video Açıklaması: 1.Sezon 2.Bölüm
🎯 Tam Başlık: Nails - 1.Sezon 2.Bölüm
🎯 HEX DECODE - m3u8 bulundu: https://vidlax.xyz/upload/95f580e92a2e5a3f0750fd4d433ae10fb4ae/master.m3u8
      ✅ Nails - 1.Sezon 2.Bölüm - 1 m3u8
   🔍 [3/8] Bölüm: https://diziyiizle2.com/nails/1-sezon-3-bolum/
📺 Embed URL bulundu: https://vidlax1.xyz/embed/d89af4492699f2ff
🔍 Embed URL kontrol ediliyor: https://vidlax1.xyz/embed/d89af4492699f2ff
📄 Embed sayfa içeriği alındı, boyut: 41457 karakter
🎬 Video Başlığı: Nails
📝 Video Açıklaması: 1.Sezon 3.Bölüm
🎯 Tam Başlık: Nails - 1.Sezon 3.Bölüm
🎯 HEX DECODE - m3u8 bulundu: https://vidlax.xyz/upload/ab970d3b35e8d776ca13e965851fcb2bc4c1/master.m3u8
      ✅ Nails - 1.Sezon 3.Bölüm - 1 m3u8
   🔍 [4/8] Bölüm: https://diziyiizle2.com/nails/1-sezon-4-bolum/
📺 Embed URL bulundu: https://vidlax1.xyz/embed/c716a0aeb557516e
🔍 Embed URL kontrol ediliyor: https://vidlax1.xyz/embed/c716a0aeb557516e
📄 Embed sayfa içeriği alındı, boyut: 39578 karakter
🎬 Video Başlığı: Nails
📝 Video Açıklaması: 1.Sezon 4.Bölüm
🎯 Tam Başlık: Nails - 1.Sezon 4.Bölüm
🎯 HEX DECODE - m3u8 bulundu: https://vidlax.xyz/upload/3fcbdb3a537ddd9e8c205ee2a968f471ee03/master.m3u8
      ✅ Nails - 1.Sezon 4.Bölüm - 1 m3u8
   🔍 [5/8] Bölüm: https://diziyiizle2.com/nails/1-sezon-5-bolum/
📺 Embed URL bulundu: https://vidlax1.xyz/embed/7f556049b32fb755
🔍 Embed URL kontrol ediliyor: https://vidlax1.xyz/embed/7f556049b32fb755
📄 Embed sayfa içeriği alındı, boyut: 41457 karakter
🎬 Video Başlığı: Nails
📝 Video Açıklaması: 1.Sezon 5.Bölüm
🎯 Tam Başlık: Nails - 1.Sezon 5.Bölüm
🎯 HEX DECODE - m3u8 bulundu: https://vidlax.xyz/upload/e4a00e39fbdbafc5a72ac3348d1331fb23d4/master.m3u8
      ✅ Nails - 1.Sezon 5.Bölüm - 1 m3u8
   🔍 [6/8] Bölüm: https://diziyiizle2.com/nails/1-sezon-6-bolum/
📺 Embed URL bulundu: https://vidlax1.xyz/embed/042e712f954230c7
🔍 Embed URL kontrol ediliyor: https://vidlax1.xyz/embed/042e712f954230c7
📄 Embed sayfa içeriği alındı, boyut: 41457 karakter
🎬 Video Başlığı: Nails
📝 Video Açıklaması: 1.Sezon 6.Bölüm
🎯 Tam Başlık: Nails - 1.Sezon 6.Bölüm
🎯 HEX DECODE - m3u8 bulundu: https://vidlax.xyz/upload/cef63a001f34ed8f7045e55b05286ca69ab5/master.m3u8
      ✅ Nails - 1.Sezon 6.Bölüm - 1 m3u8
   🔍 [7/8] Bölüm: https://diziyiizle2.com/nails/1-sezon-7-bolum/
📺 Embed URL bulundu: https://vidlax1.xyz/embed/6c3fd8470bbb33aa
🔍 Embed URL kontrol ediliyor: https://vidlax1.xyz/embed/6c3fd8470bbb33aa
📄 Embed sayfa içeriği alındı, boyut: 41457 karakter
🎬 Video Başlığı: Nails
📝 Video Açıklaması: 1.Sezon 7.Bölüm
🎯 Tam Başlık: Nails - 1.Sezon 7.Bölüm
🎯 HEX DECODE - m3u8 bulundu: https://vidlax.xyz/upload/40784b4dbb0a73edfca7250f0cb3393bb07a/master.m3u8
      ✅ Nails - 1.Sezon 7.Bölüm - 1 m3u8
   🔍 [8/8] Bölüm: https://diziyiizle2.com/nails/1-sezon-8-bolum/

🔍 Vidlax direkt analizi: https://diziyiizle2.com/nails/1-sezon-8-bolum/
📄 Sayfa içeriği alındı: 60698 karakter
❌ m3u8 URL'si bulunamadı
      ❌ m3u8 bulunamadı
      📁 Dizi playlist: playlists/nails_playlist.m3u
   ✅ Dizi tamamlandı: 7 m3u8 eklendi

============================================================
🎬 [25/56] İşleniyor: https://diziyiizle2.com/dizi/i-love-la/
📺 Bölüm bulundu: 1. Sezon 1. BölümAltyazılı03.11.202532 dk. - https://diziyiizle2.com/i-love-la/1-sezon-1-bolum/
📺 Bölüm bulundu: 1. Sezon 2. BölümAltyazılı03.11.202531 dk. - https://diziyiizle2.com/i-love-la/1-sezon-2-bolum/
📺 Bölüm bulundu: 1. Sezon 3. BölümAltyazılı03.11.202530 dk. - https://diziyiizle2.com/i-love-la/1-sezon-3-bolum/
📺 Bölüm bulundu: 1. Sezon 4. BölümAltyazılı03.11.2025 - https://diziyiizle2.com/i-love-la/1-sezon-4-bolum/
📺 Bölüm bulundu: 1. Sezon 5. BölümAltyazılı03.11.2025 - https://diziyiizle2.com/i-love-la/1-sezon-5-bolum/
📺 Bölüm bulundu: 1. Sezon 6. BölümAltyazılı03.11.2025 - https://diziyiizle2.com/i-love-la/1-sezon-6-bolum/
📺 Bölüm bulundu: 1. Sezon 7. BölümAltyazılı03.11.2025 - https://diziyiizle2.com/i-love-la/1-sezon-7-bolum/
📺 Bölüm bulundu: 1. Sezon 8. BölümAltyazılı03.11.2025 - https://diziyiizle2.com/i-love-la/1-sezon-8-bolum/

📊 Toplam 8 bölüm bulundu
   🔍 [1/8] Bölüm: https://diziyiizle2.com/i-love-la/1-sezon-1-bolum/
📺 Embed URL bulundu: https://vidlax1.xyz/embed/3f7f0d3ca598284b
🔍 Embed URL kontrol ediliyor: https://vidlax1.xyz/embed/3f7f0d3ca598284b
📄 Embed sayfa içeriği alındı, boyut: 42507 karakter
🎬 Video Başlığı: I Love LA
📝 Video Açıklaması: 1.Sezon 1.Bölüm
🎯 Tam Başlık: I Love LA - 1.Sezon 1.Bölüm
🎯 HEX DECODE - m3u8 bulundu: https://vidlax.xyz/upload/80500b102e7cd9b719e3f661e70db10f90e5/master.m3u8
      ✅ I Love LA - 1.Sezon 1.Bölüm - 1 m3u8
   🔍 [2/8] Bölüm: https://diziyiizle2.com/i-love-la/1-sezon-2-bolum/

🔍 Vidlax direkt analizi: https://diziyiizle2.com/i-love-la/1-sezon-2-bolum/
📄 Sayfa içeriği alındı: 60886 karakter
❌ m3u8 URL'si bulunamadı
      ❌ m3u8 bulunamadı
   🔍 [3/8] Bölüm: https://diziyiizle2.com/i-love-la/1-sezon-3-bolum/

🔍 Vidlax direkt analizi: https://diziyiizle2.com/i-love-la/1-sezon-3-bolum/
📄 Sayfa içeriği alındı: 60886 karakter
❌ m3u8 URL'si bulunamadı
      ❌ m3u8 bulunamadı
   🔍 [4/8] Bölüm: https://diziyiizle2.com/i-love-la/1-sezon-4-bolum/

🔍 Vidlax direkt analizi: https://diziyiizle2.com/i-love-la/1-sezon-4-bolum/
📄 Sayfa içeriği alındı: 60758 karakter
❌ m3u8 URL'si bulunamadı
      ❌ m3u8 bulunamadı
   🔍 [5/8] Bölüm: https://diziyiizle2.com/i-love-la/1-sezon-5-bolum/

🔍 Vidlax direkt analizi: https://diziyiizle2.com/i-love-la/1-sezon-5-bolum/
📄 Sayfa içeriği alındı: 60759 karakter
❌ m3u8 URL'si bulunamadı
      ❌ m3u8 bulunamadı
   🔍 [6/8] Bölüm: https://diziyiizle2.com/i-love-la/1-sezon-6-bolum/

🔍 Vidlax direkt analizi: https://diziyiizle2.com/i-love-la/1-sezon-6-bolum/
📄 Sayfa içeriği alındı: 60759 karakter
❌ m3u8 URL'si bulunamadı
      ❌ m3u8 bulunamadı
   🔍 [7/8] Bölüm: https://diziyiizle2.com/i-love-la/1-sezon-7-bolum/

🔍 Vidlax direkt analizi: https://diziyiizle2.com/i-love-la/1-sezon-7-bolum/
📄 Sayfa içeriği alındı: 60759 karakter
❌ m3u8 URL'si bulunamadı
      ❌ m3u8 bulunamadı
   🔍 [8/8] Bölüm: https://diziyiizle2.com/i-love-la/1-sezon-8-bolum/

🔍 Vidlax direkt analizi: https://diziyiizle2.com/i-love-la/1-sezon-8-bolum/
📄 Sayfa içeriği alındı: 60758 karakter
❌ m3u8 URL'si bulunamadı
      ❌ m3u8 bulunamadı
      📁 Dizi playlist: playlists/i_love_la_playlist.m3u
   ✅ Dizi tamamlandı: 1 m3u8 eklendi

============================================================
🎬 [26/56] İşleniyor: https://diziyiizle2.com/dizi/good-omens/
📺 Bölüm bulundu: 1. Sezon 1. BölümDublaj01.11.202552 dk. - https://diziyiizle2.com/good-omens/1-sezon-1-bolum/
📺 Bölüm bulundu: 1. Sezon 2. BölümDublaj01.11.202557 dk. - https://diziyiizle2.com/good-omens/1-sezon-2-bolum/
📺 Bölüm bulundu: 1. Sezon 3. BölümDublaj01.11.202558 dk. - https://diziyiizle2.com/good-omens/1-sezon-3-bolum/
📺 Bölüm bulundu: 1. Sezon 4. BölümDublaj01.11.202557 dk. - https://diziyiizle2.com/good-omens/1-sezon-4-bolum/
📺 Bölüm bulundu: 1. Sezon 5. BölümDublaj01.11.202553 dk. - https://diziyiizle2.com/good-omens/1-sezon-5-bolum/
📺 Bölüm bulundu: 1. Sezon 6. BölümDublaj01.11.202555 dk. - https://diziyiizle2.com/good-omens/1-sezon-6-bolum/
📺 Bölüm bulundu: 2. Sezon 1. BölümDublaj01.11.202549 dk. - https://diziyiizle2.com/good-omens/2-sezon-1-bolum/
📺 Bölüm bulundu: 2. Sezon 2. BölümDublaj01.11.202552 dk. - https://diziyiizle2.com/good-omens/2-sezon-2-bolum/
📺 Bölüm bulundu: 2. Sezon 3. BölümDublaj01.11.202547 dk. - https://diziyiizle2.com/good-omens/2-sezon-3-bolum/
📺 Bölüm bulundu: 2. Sezon 4. BölümDublaj01.11.202548 dk. - https://diziyiizle2.com/good-omens/2-sezon-4-bolum/
📺 Bölüm bulundu: 2. Sezon 5. BölümDublaj01.11.202546 dk. - https://diziyiizle2.com/good-omens/2-sezon-5-bolum/
📺 Bölüm bulundu: 2. Sezon 6. BölümDublaj01.11.202556 dk. - https://diziyiizle2.com/good-omens/2-sezon-6-bolum/

📊 Toplam 12 bölüm bulundu
   🔍 [1/12] Bölüm: https://diziyiizle2.com/good-omens/1-sezon-1-bolum/
📺 Embed URL bulundu: https://vidlax1.xyz/embed/da875695319db2f5
🔍 Embed URL kontrol ediliyor: https://vidlax1.xyz/embed/da875695319db2f5
📄 Embed sayfa içeriği alındı, boyut: 39579 karakter
🎬 Video Başlığı: Good Omens
📝 Video Açıklaması: 1.Sezon 1.Bölüm
🎯 Tam Başlık: Good Omens - 1.Sezon 1.Bölüm
🎯 HEX DECODE - m3u8 bulundu: https://vidlax.xyz/upload/c39d857838160e146d16134b04d297f3a4ac/master.m3u8
      ✅ Good Omens - 1.Sezon 1.Bölüm - 1 m3u8
   🔍 [2/12] Bölüm: https://diziyiizle2.com/good-omens/1-sezon-2-bolum/
📺 Embed URL bulundu: https://vidlax1.xyz/embed/7f7a5b0987f1d234
🔍 Embed URL kontrol ediliyor: https://vidlax1.xyz/embed/7f7a5b0987f1d234
📄 Embed sayfa içeriği alındı, boyut: 39579 karakter
🎬 Video Başlığı: Good Omens
📝 Video Açıklaması: 1.Sezon 2.Bölüm
🎯 Tam Başlık: Good Omens - 1.Sezon 2.Bölüm
🎯 HEX DECODE - m3u8 bulundu: https://vidlax.xyz/upload/30fcc63fe961bed78b3e2c9e429df01a4329/master.m3u8
      ✅ Good Omens - 1.Sezon 2.Bölüm - 1 m3u8
   🔍 [3/12] Bölüm: https://diziyiizle2.com/good-omens/1-sezon-3-bolum/
📺 Embed URL bulundu: https://vidlax1.xyz/embed/1e7887bf690d967f
🔍 Embed URL kontrol ediliyor: https://vidlax1.xyz/embed/1e7887bf690d967f
📄 Embed sayfa içeriği alındı, boyut: 39579 karakter
🎬 Video Başlığı: Good Omens
📝 Video Açıklaması: 1.Sezon 3.Bölüm
🎯 Tam Başlık: Good Omens - 1.Sezon 3.Bölüm
🎯 HEX DECODE - m3u8 bulundu: https://vidlax.xyz/upload/457bc80c3bf4a384990694531640a5927831/master.m3u8
      ✅ Good Omens - 1.Sezon 3.Bölüm - 1 m3u8
   🔍 [4/12] Bölüm: https://diziyiizle2.com/good-omens/1-sezon-4-bolum/
📺 Embed URL bulundu: https://vidlax1.xyz/embed/bdc0584329a53a5e
🔍 Embed URL kontrol ediliyor: https://vidlax1.xyz/embed/bdc0584329a53a5e
📄 Embed sayfa içeriği alındı, boyut: 39579 karakter
🎬 Video Başlığı: Good Omens
📝 Video Açıklaması: 1.Sezon 4.Bölüm
🎯 Tam Başlık: Good Omens - 1.Sezon 4.Bölüm
🎯 HEX DECODE - m3u8 bulundu: https://vidlax.xyz/upload/289f507ce8c0b50e12c93f038508194ef429/master.m3u8
      ✅ Good Omens - 1.Sezon 4.Bölüm - 1 m3u8
   🔍 [5/12] Bölüm: https://diziyiizle2.com/good-omens/1-sezon-5-bolum/
📺 Embed URL bulundu: https://vidlax1.xyz/embed/aec7907eb3e43be6
🔍 Embed URL kontrol ediliyor: https://vidlax1.xyz/embed/aec7907eb3e43be6
📄 Embed sayfa içeriği alındı, boyut: 39579 karakter
🎬 Video Başlığı: Good Omens
📝 Video Açıklaması: 1.Sezon 5.Bölüm
🎯 Tam Başlık: Good Omens - 1.Sezon 5.Bölüm
🎯 HEX DECODE - m3u8 bulundu: https://vidlax.xyz/upload/f1e977ae1bd769bbc6283df0c3a57b785cf3/master.m3u8
      ✅ Good Omens - 1.Sezon 5.Bölüm - 1 m3u8
   🔍 [6/12] Bölüm: https://diziyiizle2.com/good-omens/1-sezon-6-bolum/
📺 Embed URL bulundu: https://vidlax1.xyz/embed/741f7dc6b9df7b79
🔍 Embed URL kontrol ediliyor: https://vidlax1.xyz/embed/741f7dc6b9df7b79
📄 Embed sayfa içeriği alındı, boyut: 39579 karakter
🎬 Video Başlığı: Good Omens
📝 Video Açıklaması: 1.Sezon 6.Bölüm
🎯 Tam Başlık: Good Omens - 1.Sezon 6.Bölüm
🎯 HEX DECODE - m3u8 bulundu: https://vidlax.xyz/upload/48622e81858e7218dc9079e858ddd1eea628/master.m3u8
      ✅ Good Omens - 1.Sezon 6.Bölüm - 1 m3u8
   🔍 [7/12] Bölüm: https://diziyiizle2.com/good-omens/2-sezon-1-bolum/
📺 Embed URL bulundu: https://vidlax1.xyz/embed/6d3bc1e4bac33b33
🔍 Embed URL kontrol ediliyor: https://vidlax1.xyz/embed/6d3bc1e4bac33b33
📄 Embed sayfa içeriği alındı, boyut: 39579 karakter
🎬 Video Başlığı: Good Omens
📝 Video Açıklaması: 2.Sezon 1.Bölüm
🎯 Tam Başlık: Good Omens - 2.Sezon 1.Bölüm
🎯 HEX DECODE - m3u8 bulundu: https://vidlax.xyz/upload/ca912185dd127fb37bc59c33c844e274c9c8/master.m3u8
      ✅ Good Omens - 2.Sezon 1.Bölüm - 1 m3u8
   🔍 [8/12] Bölüm: https://diziyiizle2.com/good-omens/2-sezon-2-bolum/
📺 Embed URL bulundu: https://vidlax1.xyz/embed/bf728ad4a8bf5482
🔍 Embed URL kontrol ediliyor: https://vidlax1.xyz/embed/bf728ad4a8bf5482
📄 Embed sayfa içeriği alındı, boyut: 39579 karakter
🎬 Video Başlığı: Good Omens
📝 Video Açıklaması: 2.Sezon 2.Bölüm
🎯 Tam Başlık: Good Omens - 2.Sezon 2.Bölüm
🎯 HEX DECODE - m3u8 bulundu: https://vidlax.xyz/upload/9cdeb087a1e477e02cb9176d634e32b3541f/master.m3u8
      ✅ Good Omens - 2.Sezon 2.Bölüm - 1 m3u8
   🔍 [9/12] Bölüm: https://diziyiizle2.com/good-omens/2-sezon-3-bolum/
📺 Embed URL bulundu: https://vidlax1.xyz/embed/72c3711da817ba2c
🔍 Embed URL kontrol ediliyor: https://vidlax1.xyz/embed/72c3711da817ba2c
📄 Embed sayfa içeriği alındı, boyut: 39579 karakter
🎬 Video Başlığı: Good Omens
📝 Video Açıklaması: 2.Sezon 3.Bölüm
🎯 Tam Başlık: Good Omens - 2.Sezon 3.Bölüm
🎯 HEX DECODE - m3u8 bulundu: https://vidlax.xyz/upload/c93a2fd2ddd26b392b6f4949f00067de7211/master.m3u8
      ✅ Good Omens - 2.Sezon 3.Bölüm - 1 m3u8
   🔍 [10/12] Bölüm: https://diziyiizle2.com/good-omens/2-sezon-4-bolum/
📺 Embed URL bulundu: https://vidlax1.xyz/embed/7236a733581bf949
🔍 Embed URL kontrol ediliyor: https://vidlax1.xyz/embed/7236a733581bf949
📄 Embed sayfa içeriği alındı, boyut: 39579 karakter
🎬 Video Başlığı: Good Omens
📝 Video Açıklaması: 2.Sezon 4.Bölüm
🎯 Tam Başlık: Good Omens - 2.Sezon 4.Bölüm
🎯 HEX DECODE - m3u8 bulundu: https://vidlax.xyz/upload/6b11b89ec039296a04a77a37897e6b351472/master.m3u8
      ✅ Good Omens - 2.Sezon 4.Bölüm - 1 m3u8
   🔍 [11/12] Bölüm: https://diziyiizle2.com/good-omens/2-sezon-5-bolum/
📺 Embed URL bulundu: https://vidlax1.xyz/embed/4df39f5dfbbc99d0
🔍 Embed URL kontrol ediliyor: https://vidlax1.xyz/embed/4df39f5dfbbc99d0
📄 Embed sayfa içeriği alındı, boyut: 39579 karakter
🎬 Video Başlığı: Good Omens
📝 Video Açıklaması: 2.Sezon 5.Bölüm
🎯 Tam Başlık: Good Omens - 2.Sezon 5.Bölüm
🎯 HEX DECODE - m3u8 bulundu: https://vidlax.xyz/upload/68b1a879148e11dd0901af92a89890266d91/master.m3u8
      ✅ Good Omens - 2.Sezon 5.Bölüm - 1 m3u8
   🔍 [12/12] Bölüm: https://diziyiizle2.com/good-omens/2-sezon-6-bolum/
📺 Embed URL bulundu: https://vidlax1.xyz/embed/6df263f484c00ca1
🔍 Embed URL kontrol ediliyor: https://vidlax1.xyz/embed/6df263f484c00ca1
📄 Embed sayfa içeriği alındı, boyut: 39579 karakter
🎬 Video Başlığı: Good Omens
📝 Video Açıklaması: 2.Sezon 6.Bölüm
🎯 Tam Başlık: Good Omens - 2.Sezon 6.Bölüm
🎯 HEX DECODE - m3u8 bulundu: https://vidlax.xyz/upload/43c21d15881027eee1c1470b16d947412678/master.m3u8
      ✅ Good Omens - 2.Sezon 6.Bölüm - 1 m3u8
      📁 Dizi playlist: playlists/good_omens_playlist.m3u
   ✅ Dizi tamamlandı: 12 m3u8 eklendi

============================================================
🎬 [27/56] İşleniyor: https://diziyiizle2.com/dizi/mahsun-j-12/
📺 Bölüm bulundu: 1. Sezon 1. BölümDual13.08.202547 dk. - https://diziyiizle2.com/mahsun-j-13/1-sezon-1-bolum/
📺 Bölüm bulundu: 1. Sezon 2. BölümDual13.08.202548 dk. - https://diziyiizle2.com/mahsun-j-13/1-sezon-2-bolum/
📺 Bölüm bulundu: 1. Sezon 3. BölümDual13.08.202541 dk. - https://diziyiizle2.com/mahsun-j-13/1-sezon-3-bolum/
📺 Bölüm bulundu: 1. Sezon 4. BölümDual13.08.202552 dk. - https://diziyiizle2.com/mahsun-j-13/1-sezon-4-bolum/
📺 Bölüm bulundu: 1. Sezon 5. BölümDual13.08.202541 dk. - https://diziyiizle2.com/mahsun-j-13/1-sezon-5-bolum/
📺 Bölüm bulundu: 1. Sezon 6. BölümDual13.08.202539 dk. - https://diziyiizle2.com/mahsun-j-13/1-sezon-6-bolum/
📺 Bölüm bulundu: 1. Sezon 7. BölümDual13.08.202540 dk. - https://diziyiizle2.com/mahsun-j-13/1-sezon-7-bolum/
📺 Bölüm bulundu: 1. Sezon 8. BölümDual13.08.202556 dk. - https://diziyiizle2.com/mahsun-j-13/1-sezon-8-bolum/
📺 Bölüm bulundu: 2. Sezon 1. BölümDual13.08.202545 dk. - https://diziyiizle2.com/mahsun-j-13/2-sezon-1-bolum/
📺 Bölüm bulundu: 2. Sezon 2. BölümDual13.08.202545 dk. - https://diziyiizle2.com/mahsun-j-13/2-sezon-2-bolum/
📺 Bölüm bulundu: 2. Sezon 3. BölümDual13.08.202548 dk. - https://diziyiizle2.com/mahsun-j-13/2-sezon-3-bolum/
📺 Bölüm bulundu: 2. Sezon 4. BölümDual13.08.202542 dk. - https://diziyiizle2.com/mahsun-j-13/2-sezon-4-bolum/
📺 Bölüm bulundu: 2. Sezon 5. BölümDual13.08.202546 dk. - https://diziyiizle2.com/mahsun-j-13/2-sezon-5-bolum/
📺 Bölüm bulundu: 2. Sezon 6. BölümDual13.08.202549 dk. - https://diziyiizle2.com/mahsun-j-13/2-sezon-6-bolum/
📺 Bölüm bulundu: 2. Sezon 7. BölümDual13.08.202552 dk. - https://diziyiizle2.com/mahsun-j-13/2-sezon-7-bolum/
📺 Bölüm bulundu: 2. Sezon 8. BölümDual25.09.202548 dk. - https://diziyiizle2.com/mahsun-j-13/2-sezon-8-bolum/
📺 Bölüm bulundu: 2. Sezon 9. BölümDual03.10.202550 dk. - https://diziyiizle2.com/mahsun-j-13/2-sezon-9-bolum/
📺 Bölüm bulundu: 2. Sezon 10. BölümDual10.10.202560 dk. - https://diziyiizle2.com/mahsun-j-13/2-sezon-10-bolum/
📺 Bölüm bulundu: 2. Sezon 11. BölümDual17.10.202530 dk. - https://diziyiizle2.com/mahsun-j-13/2-sezon-11-bolum/
📺 Bölüm bulundu: 2. Sezon 12. BölümDual24.10.202535 dk. - https://diziyiizle2.com/mahsun-j-13/2-sezon-12-bolum/
📺 Bölüm bulundu: 2. Sezon 13. BölümDual30.10.202540 dk. - https://diziyiizle2.com/mahsun-j-13/2-sezon-13-bolum/

📊 Toplam 21 bölüm bulundu
   🔍 [1/21] Bölüm: https://diziyiizle2.com/mahsun-j-13/1-sezon-1-bolum/
📺 Embed URL bulundu: https://vidlax1.xyz/embed/778eab7a30cbfb8a
🔍 Embed URL kontrol ediliyor: https://vidlax1.xyz/embed/778eab7a30cbfb8a
📄 Embed sayfa içeriği alındı, boyut: 39754 karakter
🎬 Video Başlığı: Mahsun J 
📝 Video Açıklaması: 1.Sezon 1.Bölüm
🎯 Tam Başlık: Mahsun J  - 1.Sezon 1.Bölüm
🎯 HEX DECODE - m3u8 bulundu: https://vidlax.xyz/upload/2f16ee995d7810e7c06f40d3e9018d60104b/master.m3u8
      ✅ Mahsun J  - 1.Sezon 1.Bölüm - 1 m3u8
   🔍 [2/21] Bölüm: https://diziyiizle2.com/mahsun-j-13/1-sezon-2-bolum/
📺 Embed URL bulundu: https://vidlax1.xyz/embed/718e57e139c0bda2
🔍 Embed URL kontrol ediliyor: https://vidlax1.xyz/embed/718e57e139c0bda2
📄 Embed sayfa içeriği alındı, boyut: 39754 karakter
🎬 Video Başlığı: Mahsun J 
📝 Video Açıklaması: 1.Sezon 2.Bölüm
🎯 Tam Başlık: Mahsun J  - 1.Sezon 2.Bölüm
🎯 HEX DECODE - m3u8 bulundu: https://vidlax.xyz/upload/2cbc33d4e5a969a7cccdc8382e25786df655/master.m3u8
      ✅ Mahsun J  - 1.Sezon 2.Bölüm - 1 m3u8
   🔍 [3/21] Bölüm: https://diziyiizle2.com/mahsun-j-13/1-sezon-3-bolum/
📺 Embed URL bulundu: https://vidlax1.xyz/embed/97e8be60949c247f
🔍 Embed URL kontrol ediliyor: https://vidlax1.xyz/embed/97e8be60949c247f
📄 Embed sayfa içeriği alındı, boyut: 39581 karakter
🎬 Video Başlığı: Mahsun J 
📝 Video Açıklaması: 1.Sezon 3.Bölüm
🎯 Tam Başlık: Mahsun J  - 1.Sezon 3.Bölüm
🎯 HEX DECODE - m3u8 bulundu: https://vidlax.xyz/upload/a2fa15f6cb411e668cf331b2ba967791508f/master.m3u8
      ✅ Mahsun J  - 1.Sezon 3.Bölüm - 1 m3u8
   🔍 [4/21] Bölüm: https://diziyiizle2.com/mahsun-j-13/1-sezon-4-bolum/
📺 Embed URL bulundu: https://vidlax1.xyz/embed/768b43ac91b48034
🔍 Embed URL kontrol ediliyor: https://vidlax1.xyz/embed/768b43ac91b48034
📄 Embed sayfa içeriği alındı, boyut: 39581 karakter
🎬 Video Başlığı: Mahsun J 
📝 Video Açıklaması: 1.Sezon 4.Bölüm
🎯 Tam Başlık: Mahsun J  - 1.Sezon 4.Bölüm
🎯 HEX DECODE - m3u8 bulundu: https://vidlax.xyz/upload/ecda36a128f94ac983882616369f10d83940/master.m3u8
      ✅ Mahsun J  - 1.Sezon 4.Bölüm - 1 m3u8
   🔍 [5/21] Bölüm: https://diziyiizle2.com/mahsun-j-13/1-sezon-5-bolum/
📺 Embed URL bulundu: https://vidlax1.xyz/embed/b3e1069470d7fa84
🔍 Embed URL kontrol ediliyor: https://vidlax1.xyz/embed/b3e1069470d7fa84
📄 Embed sayfa içeriği alındı, boyut: 39581 karakter
🎬 Video Başlığı: Mahsun J 
📝 Video Açıklaması: 1.Sezon 5.Bölüm
🎯 Tam Başlık: Mahsun J  - 1.Sezon 5.Bölüm
🎯 HEX DECODE - m3u8 bulundu: https://vidlax.xyz/upload/f8640977fa52d1e01eb77a71aaf15fb7c06c/master.m3u8
      ✅ Mahsun J  - 1.Sezon 5.Bölüm - 1 m3u8
   🔍 [6/21] Bölüm: https://diziyiizle2.com/mahsun-j-13/1-sezon-6-bolum/
📺 Embed URL bulundu: https://vidlax1.xyz/embed/913c81e217d84831
🔍 Embed URL kontrol ediliyor: https://vidlax1.xyz/embed/913c81e217d84831
📄 Embed sayfa içeriği alındı, boyut: 39581 karakter
🎬 Video Başlığı: Mahsun J 
📝 Video Açıklaması: 1.Sezon 6.Bölüm
🎯 Tam Başlık: Mahsun J  - 1.Sezon 6.Bölüm
🎯 HEX DECODE - m3u8 bulundu: https://vidlax.xyz/upload/6795466c7cc5ca5af37824325ce4ca6a9b82/master.m3u8
      ✅ Mahsun J  - 1.Sezon 6.Bölüm - 1 m3u8
   🔍 [7/21] Bölüm: https://diziyiizle2.com/mahsun-j-13/1-sezon-7-bolum/
📺 Embed URL bulundu: https://vidlax1.xyz/embed/cfb522b8994527a9
🔍 Embed URL kontrol ediliyor: https://vidlax1.xyz/embed/cfb522b8994527a9
📄 Embed sayfa içeriği alındı, boyut: 39581 karakter
🎬 Video Başlığı: Mahsun J 
📝 Video Açıklaması: 1.Sezon 7.Bölüm
🎯 Tam Başlık: Mahsun J  - 1.Sezon 7.Bölüm
🎯 HEX DECODE - m3u8 bulundu: https://vidlax.xyz/upload/76507fe179a2dd440c8075f363a4f8b6dada/master.m3u8
      ✅ Mahsun J  - 1.Sezon 7.Bölüm - 1 m3u8
   🔍 [8/21] Bölüm: https://diziyiizle2.com/mahsun-j-13/1-sezon-8-bolum/
📺 Embed URL bulundu: https://vidlax1.xyz/embed/191db4a8fac6d00e
🔍 Embed URL kontrol ediliyor: https://vidlax1.xyz/embed/191db4a8fac6d00e
📄 Embed sayfa içeriği alındı, boyut: 39581 karakter
🎬 Video Başlığı: Mahsun J 
📝 Video Açıklaması: 1.Sezon 8.Bölüm
🎯 Tam Başlık: Mahsun J  - 1.Sezon 8.Bölüm
🎯 HEX DECODE - m3u8 bulundu: https://vidlax.xyz/upload/ffebec0b5c7077df3629aa2b43528526bf26/master.m3u8
      ✅ Mahsun J  - 1.Sezon 8.Bölüm - 1 m3u8
   🔍 [9/21] Bölüm: https://diziyiizle2.com/mahsun-j-13/2-sezon-1-bolum/
📺 Embed URL bulundu: https://vidlax1.xyz/embed/da6bf5da6422fd47
🔍 Embed URL kontrol ediliyor: https://vidlax1.xyz/embed/da6bf5da6422fd47
📄 Embed sayfa içeriği alındı, boyut: 39753 karakter
🎬 Video Başlığı: Mahsun J
📝 Video Açıklaması: 2.Sezon 1.Bölüm
🎯 Tam Başlık: Mahsun J - 2.Sezon 1.Bölüm
🎯 HEX DECODE - m3u8 bulundu: https://vidlax.xyz/upload/a0257161a8716c93665c96af0799b905103b/master.m3u8
      ✅ Mahsun J - 2.Sezon 1.Bölüm - 1 m3u8
   🔍 [10/21] Bölüm: https://diziyiizle2.com/mahsun-j-13/2-sezon-2-bolum/
📺 Embed URL bulundu: https://vidlax1.xyz/embed/399a181fddea51ea
🔍 Embed URL kontrol ediliyor: https://vidlax1.xyz/embed/399a181fddea51ea
📄 Embed sayfa içeriği alındı, boyut: 39753 karakter
🎬 Video Başlığı: Mahsun J
📝 Video Açıklaması: 2.Sezon 2.Bölüm
🎯 Tam Başlık: Mahsun J - 2.Sezon 2.Bölüm
🎯 HEX DECODE - m3u8 bulundu: https://vidlax.xyz/upload/e67edf7b08076fcb6459548d174f01f35d09/master.m3u8
      ✅ Mahsun J - 2.Sezon 2.Bölüm - 1 m3u8
   🔍 [11/21] Bölüm: https://diziyiizle2.com/mahsun-j-13/2-sezon-3-bolum/
📺 Embed URL bulundu: https://vidlax1.xyz/embed/dd75cd77f7436bb6
🔍 Embed URL kontrol ediliyor: https://vidlax1.xyz/embed/dd75cd77f7436bb6
📄 Embed sayfa içeriği alındı, boyut: 39753 karakter
🎬 Video Başlığı: Mahsun J
📝 Video Açıklaması: 2.Sezon 3.Bölüm
🎯 Tam Başlık: Mahsun J - 2.Sezon 3.Bölüm
🎯 HEX DECODE - m3u8 bulundu: https://vidlax.xyz/upload/45c1a8eac5d73eaf773533cc3e7ff71da891/master.m3u8
      ✅ Mahsun J - 2.Sezon 3.Bölüm - 1 m3u8
   🔍 [12/21] Bölüm: https://diziyiizle2.com/mahsun-j-13/2-sezon-4-bolum/
📺 Embed URL bulundu: https://vidlax1.xyz/embed/60605d1ec77ace3f
🔍 Embed URL kontrol ediliyor: https://vidlax1.xyz/embed/60605d1ec77ace3f
📄 Embed sayfa içeriği alındı, boyut: 39580 karakter
🎬 Video Başlığı: Mahsun J
📝 Video Açıklaması: 2.Sezon 4.Bölüm
🎯 Tam Başlık: Mahsun J - 2.Sezon 4.Bölüm
🎯 HEX DECODE - m3u8 bulundu: https://vidlax.xyz/upload/51726b84c54aed290276d3ed9edc3ddd599a/master.m3u8
      ✅ Mahsun J - 2.Sezon 4.Bölüm - 1 m3u8
   🔍 [13/21] Bölüm: https://diziyiizle2.com/mahsun-j-13/2-sezon-5-bolum/
📺 Embed URL bulundu: https://vidlax1.xyz/embed/ea94e6a1e23a03f2
🔍 Embed URL kontrol ediliyor: https://vidlax1.xyz/embed/ea94e6a1e23a03f2
📄 Embed sayfa içeriği alındı, boyut: 39580 karakter
🎬 Video Başlığı: Mahsun J
📝 Video Açıklaması: 2.Sezon 5.Bölüm
🎯 Tam Başlık: Mahsun J - 2.Sezon 5.Bölüm
🎯 HEX DECODE - m3u8 bulundu: https://vidlax.xyz/upload/572e1630058d25a36a1ddd9737abc734d10f/master.m3u8
      ✅ Mahsun J - 2.Sezon 5.Bölüm - 1 m3u8
   🔍 [14/21] Bölüm: https://diziyiizle2.com/mahsun-j-13/2-sezon-6-bolum/
📺 Embed URL bulundu: https://vidlax1.xyz/embed/d0a5697eb42ffd73
🔍 Embed URL kontrol ediliyor: https://vidlax1.xyz/embed/d0a5697eb42ffd73
📄 Embed sayfa içeriği alındı, boyut: 39580 karakter
🎬 Video Başlığı: Mahsun J
📝 Video Açıklaması: 2.Sezon 6.Bölüm
🎯 Tam Başlık: Mahsun J - 2.Sezon 6.Bölüm
🎯 HEX DECODE - m3u8 bulundu: https://vidlax.xyz/upload/a86c7432236da501de6c08479f13ec5b1dce/master.m3u8
      ✅ Mahsun J - 2.Sezon 6.Bölüm - 1 m3u8
   🔍 [15/21] Bölüm: https://diziyiizle2.com/mahsun-j-13/2-sezon-7-bolum/
📺 Embed URL bulundu: https://vidlax1.xyz/embed/2144c9d1743ccace
🔍 Embed URL kontrol ediliyor: https://vidlax1.xyz/embed/2144c9d1743ccace
📄 Embed sayfa içeriği alındı, boyut: 39580 karakter
🎬 Video Başlığı: Mahsun J
📝 Video Açıklaması: 2.Sezon 7.Bölüm
🎯 Tam Başlık: Mahsun J - 2.Sezon 7.Bölüm
🎯 HEX DECODE - m3u8 bulundu: https://vidlax.xyz/upload/0bbf9a9214393bc350bf860808f6f5a19c3b/master.m3u8
      ✅ Mahsun J - 2.Sezon 7.Bölüm - 1 m3u8
   🔍 [16/21] Bölüm: https://diziyiizle2.com/mahsun-j-13/2-sezon-8-bolum/
📺 Embed URL bulundu: https://vidlax1.xyz/embed/ea21e235b97b1fcc
🔍 Embed URL kontrol ediliyor: https://vidlax1.xyz/embed/ea21e235b97b1fcc
📄 Embed sayfa içeriği alındı, boyut: 39753 karakter
🎬 Video Başlığı: Mahsun J
📝 Video Açıklaması: 2.Sezon 8.Bölüm
🎯 Tam Başlık: Mahsun J - 2.Sezon 8.Bölüm
🎯 HEX DECODE - m3u8 bulundu: https://vidlax.xyz/upload/448d9b887369e0c3b1d30ab449593e1ba7db/master.m3u8
      ✅ Mahsun J - 2.Sezon 8.Bölüm - 1 m3u8
   🔍 [17/21] Bölüm: https://diziyiizle2.com/mahsun-j-13/2-sezon-9-bolum/
📺 Embed URL bulundu: https://vidlax1.xyz/embed/cc397d113f84bb67
🔍 Embed URL kontrol ediliyor: https://vidlax1.xyz/embed/cc397d113f84bb67
📄 Embed sayfa içeriği alındı, boyut: 39753 karakter
🎬 Video Başlığı: Mahsun J
📝 Video Açıklaması: 2.Sezon 9.Bölüm
🎯 Tam Başlık: Mahsun J - 2.Sezon 9.Bölüm
🎯 HEX DECODE - m3u8 bulundu: https://vidlax.xyz/upload/6e6e998b39c4fa7ec3d39af1430b9fdb45ad/master.m3u8
      ✅ Mahsun J - 2.Sezon 9.Bölüm - 1 m3u8
   🔍 [18/21] Bölüm: https://diziyiizle2.com/mahsun-j-13/2-sezon-10-bolum/
📺 Embed URL bulundu: https://vidlax1.xyz/embed/14de7ab8742ee64b
🔍 Embed URL kontrol ediliyor: https://vidlax1.xyz/embed/14de7ab8742ee64b
📄 Embed sayfa içeriği alındı, boyut: 39883 karakter
🎬 Video Başlığı: Mahsun J 
📝 Video Açıklaması: 2.Sezon 10.Bölüm
🎯 Tam Başlık: Mahsun J  - 2.Sezon 10.Bölüm
🎯 HEX DECODE - m3u8 bulundu: https://vidlax.xyz/upload/0b3cd83a307db29b14c2c1fdfb5e650d22b1/master.m3u8
      ✅ Mahsun J  - 2.Sezon 10.Bölüm - 1 m3u8
   🔍 [19/21] Bölüm: https://diziyiizle2.com/mahsun-j-13/2-sezon-11-bolum/
📺 Embed URL bulundu: https://vidlax1.xyz/embed/435c41138c45f672
🔍 Embed URL kontrol ediliyor: https://vidlax1.xyz/embed/435c41138c45f672
📄 Embed sayfa içeriği alındı, boyut: 39755 karakter
🎬 Video Başlığı: Mahsun J 
📝 Video Açıklaması: 2.Sezon 11.Bölüm
🎯 Tam Başlık: Mahsun J  - 2.Sezon 11.Bölüm
🎯 HEX DECODE - m3u8 bulundu: https://vidlax.xyz/upload/571014420e16605e96420769c331a5471094/master.m3u8
      ✅ Mahsun J  - 2.Sezon 11.Bölüm - 1 m3u8
   🔍 [20/21] Bölüm: https://diziyiizle2.com/mahsun-j-13/2-sezon-12-bolum/
📺 Embed URL bulundu: https://vidlax1.xyz/embed/359b6fb379ecace1
🔍 Embed URL kontrol ediliyor: https://vidlax1.xyz/embed/359b6fb379ecace1
📄 Embed sayfa içeriği alındı, boyut: 39754 karakter
🎬 Video Başlığı: Mahsun J
📝 Video Açıklaması: 2.Sezon 12.Bölüm
🎯 Tam Başlık: Mahsun J - 2.Sezon 12.Bölüm
🎯 HEX DECODE - m3u8 bulundu: https://vidlax.xyz/upload/108b80c7cf848171deb9eb32354dce2cc6e5/master.m3u8
      ✅ Mahsun J - 2.Sezon 12.Bölüm - 1 m3u8
   🔍 [21/21] Bölüm: https://diziyiizle2.com/mahsun-j-13/2-sezon-13-bolum/
📺 Embed URL bulundu: https://vidlax1.xyz/embed/aa0b0fc28effa7cf
🔍 Embed URL kontrol ediliyor: https://vidlax1.xyz/embed/aa0b0fc28effa7cf
📄 Embed sayfa içeriği alındı, boyut: 39755 karakter
🎬 Video Başlığı: Mahsun J
📝 Video Açıklaması: 2.Sezon 13.Bölüm
🎯 Tam Başlık: Mahsun J - 2.Sezon 13.Bölüm
🎯 HEX DECODE - m3u8 bulundu: https://vidlax.xyz/upload/8b9f1fa9f88442624534f7e4f049f3b0d0e6/master.m3u8
      ✅ Mahsun J - 2.Sezon 13.Bölüm - 1 m3u8
      📁 Dizi playlist: playlists/mahsun_j_12_playlist.m3u
   ✅ Dizi tamamlandı: 21 m3u8 eklendi

============================================================
🎬 [28/56] İşleniyor: https://diziyiizle2.com/dizi/esref-ruya-9/
📺 Bölüm bulundu: 1. Sezon 1. BölümDual23.09.2025137 dk. - https://diziyiizle2.com/esref-ruya-11/1-sezon-1-bolum/
📺 Bölüm bulundu: 1. Sezon 2. BölümDual23.09.2025116 dk. - https://diziyiizle2.com/esref-ruya-11/1-sezon-2-bolum/
📺 Bölüm bulundu: 1. Sezon 3. BölümDual23.09.2025137 dk. - https://diziyiizle2.com/esref-ruya-11/1-sezon-3-bolum/
📺 Bölüm bulundu: 1. Sezon 4. BölümDual23.09.2025134 dk. - https://diziyiizle2.com/esref-ruya-11/1-sezon-4-bolum/
📺 Bölüm bulundu: 1. Sezon 5. BölümDual23.09.2025134 dk. - https://diziyiizle2.com/esref-ruya-11/1-sezon-5-bolum/
📺 Bölüm bulundu: 1. Sezon 6. BölümDual23.09.2025137 dk. - https://diziyiizle2.com/esref-ruya-11/1-sezon-6-bolum/
📺 Bölüm bulundu: 1. Sezon 7. BölümDual23.09.2025140 dk. - https://diziyiizle2.com/esref-ruya-11/1-sezon-7-bolum/
📺 Bölüm bulundu: 1. Sezon 8. BölümDual23.09.2025134 dk. - https://diziyiizle2.com/esref-ruya-11/1-sezon-8-bolum/
📺 Bölüm bulundu: 1. Sezon 9. BölümDual23.09.2025120 dk. - https://diziyiizle2.com/esref-ruya-11/1-sezon-9-bolum/
📺 Bölüm bulundu: 1. Sezon 10. BölümDual23.09.2025144 dk. - https://diziyiizle2.com/esref-ruya-11/1-sezon-10-bolum/
📺 Bölüm bulundu: 1. Sezon 11. BölümAltyazılı23.09.2025133 dk. - https://diziyiizle2.com/esref-ruya-11/1-sezon-11-bolum/
📺 Bölüm bulundu: 1. Sezon 12. BölümDual23.09.2025129 dk. - https://diziyiizle2.com/esref-ruya-11/1-sezon-12-bolum/
📺 Bölüm bulundu: 1. Sezon 13. BölümDual23.09.2025153 dk. - https://diziyiizle2.com/esref-ruya-11/1-sezon-13-bolum/
📺 Bölüm bulundu: 2. Sezon 1. BölümDual23.09.2025156 dk. - https://diziyiizle2.com/esref-ruya-11/2-sezon-1-bolum/
📺 Bölüm bulundu: 2. Sezon 2. BölümDual25.09.2025 - https://diziyiizle2.com/esref-ruya-11/2-sezon-2-bolum/
📺 Bölüm bulundu: 2. Sezon 3. BölümDual02.10.2025 - https://diziyiizle2.com/esref-ruya-11/2-sezon-3-bolum/
📺 Bölüm bulundu: 2. Sezon 4. BölümDual09.10.2025 - https://diziyiizle2.com/esref-ruya-11/2-sezon-4-bolum/
📺 Bölüm bulundu: 2. Sezon 5. BölümDual16.10.2025120 dk. - https://diziyiizle2.com/esref-ruya-11/2-sezon-5-bolum/
📺 Bölüm bulundu: 2. Sezon 6. BölümDual23.10.2025120 dk. - https://diziyiizle2.com/esref-ruya-11/2-sezon-6-bolum/
📺 Bölüm bulundu: 2. Sezon 7. BölümAltyazılı30.10.2025120 dk. - https://diziyiizle2.com/esref-ruya-11/2-sezon-7-bolum/

📊 Toplam 20 bölüm bulundu
   🔍 [1/20] Bölüm: https://diziyiizle2.com/esref-ruya-11/1-sezon-1-bolum/
📺 Embed URL bulundu: https://vidlax1.xyz/embed/056a656cce56dbb0
🔍 Embed URL kontrol ediliyor: https://vidlax1.xyz/embed/056a656cce56dbb0
📄 Embed sayfa içeriği alındı, boyut: 39582 karakter
🎬 Video Başlığı: Eşref Rüya
📝 Video Açıklaması: 1.Sezon 1.Bölüm
🎯 Tam Başlık: Eşref Rüya - 1.Sezon 1.Bölüm
🎯 HEX DECODE - m3u8 bulundu: https://vidlax.xyz/upload/55aa9becd9c674f9db886ffade8cebc56e95/master.m3u8
      ✅ Eşref Rüya - 1.Sezon 1.Bölüm - 1 m3u8
   🔍 [2/20] Bölüm: https://diziyiizle2.com/esref-ruya-11/1-sezon-2-bolum/
📺 Embed URL bulundu: https://vidlax1.xyz/embed/0f9775173955ad7c
🔍 Embed URL kontrol ediliyor: https://vidlax1.xyz/embed/0f9775173955ad7c
📄 Embed sayfa içeriği alındı, boyut: 39582 karakter
🎬 Video Başlığı: Eşref Rüya
📝 Video Açıklaması: 1.Sezon 2.Bölüm
🎯 Tam Başlık: Eşref Rüya - 1.Sezon 2.Bölüm
🎯 HEX DECODE - m3u8 bulundu: https://vidlax.xyz/upload/fb79de0854c9fd989f451447fefdb0673056/master.m3u8
      ✅ Eşref Rüya - 1.Sezon 2.Bölüm - 1 m3u8
   🔍 [3/20] Bölüm: https://diziyiizle2.com/esref-ruya-11/1-sezon-3-bolum/
📺 Embed URL bulundu: https://vidlax1.xyz/embed/94d3f5465b6df675
🔍 Embed URL kontrol ediliyor: https://vidlax1.xyz/embed/94d3f5465b6df675
📄 Embed sayfa içeriği alındı, boyut: 39582 karakter
🎬 Video Başlığı: Eşref Rüya
📝 Video Açıklaması: 1.Sezon 3.Bölüm
🎯 Tam Başlık: Eşref Rüya - 1.Sezon 3.Bölüm
🎯 HEX DECODE - m3u8 bulundu: https://vidlax.xyz/upload/360b976ac8ecf5874b27c270152c6237ab4d/master.m3u8
      ✅ Eşref Rüya - 1.Sezon 3.Bölüm - 1 m3u8
   🔍 [4/20] Bölüm: https://diziyiizle2.com/esref-ruya-11/1-sezon-4-bolum/
📺 Embed URL bulundu: https://vidlax1.xyz/embed/254eeffdd3037114
🔍 Embed URL kontrol ediliyor: https://vidlax1.xyz/embed/254eeffdd3037114
📄 Embed sayfa içeriği alındı, boyut: 39582 karakter
🎬 Video Başlığı: Eşref Rüya
📝 Video Açıklaması: 1.Sezon 4.Bölüm
🎯 Tam Başlık: Eşref Rüya - 1.Sezon 4.Bölüm
🎯 HEX DECODE - m3u8 bulundu: https://vidlax.xyz/upload/6939347c230e21c030b49107e29b487faad2/master.m3u8
      ✅ Eşref Rüya - 1.Sezon 4.Bölüm - 1 m3u8
   🔍 [5/20] Bölüm: https://diziyiizle2.com/esref-ruya-11/1-sezon-5-bolum/
📺 Embed URL bulundu: https://vidlax1.xyz/embed/57f60093fff0ff2d
🔍 Embed URL kontrol ediliyor: https://vidlax1.xyz/embed/57f60093fff0ff2d
📄 Embed sayfa içeriği alındı, boyut: 39582 karakter
🎬 Video Başlığı: Eşref Rüya
📝 Video Açıklaması: 1.Sezon 5.Bölüm
🎯 Tam Başlık: Eşref Rüya - 1.Sezon 5.Bölüm
🎯 HEX DECODE - m3u8 bulundu: https://vidlax.xyz/upload/2220f245f9a1969f8a03fcfbc3497b3d7c6e/master.m3u8
      ✅ Eşref Rüya - 1.Sezon 5.Bölüm - 1 m3u8
   🔍 [6/20] Bölüm: https://diziyiizle2.com/esref-ruya-11/1-sezon-6-bolum/
📺 Embed URL bulundu: https://vidlax1.xyz/embed/476d3a43ab259412
🔍 Embed URL kontrol ediliyor: https://vidlax1.xyz/embed/476d3a43ab259412
📄 Embed sayfa içeriği alındı, boyut: 39582 karakter
🎬 Video Başlığı: Eşref Rüya
📝 Video Açıklaması: 1.Sezon 6.Bölüm
🎯 Tam Başlık: Eşref Rüya - 1.Sezon 6.Bölüm
🎯 HEX DECODE - m3u8 bulundu: https://vidlax.xyz/upload/e7403b4205830afd07735f08832fe3f48453/master.m3u8
      ✅ Eşref Rüya - 1.Sezon 6.Bölüm - 1 m3u8
   🔍 [7/20] Bölüm: https://diziyiizle2.com/esref-ruya-11/1-sezon-7-bolum/
📺 Embed URL bulundu: https://vidlax1.xyz/embed/9c61544c7a534cdf
🔍 Embed URL kontrol ediliyor: https://vidlax1.xyz/embed/9c61544c7a534cdf
📄 Embed sayfa içeriği alındı, boyut: 39582 karakter
🎬 Video Başlığı: Eşref Rüya
📝 Video Açıklaması: 1.Sezon 7.Bölüm
🎯 Tam Başlık: Eşref Rüya - 1.Sezon 7.Bölüm
🎯 HEX DECODE - m3u8 bulundu: https://vidlax.xyz/upload/9d808f367f961caa9afa96259205db7e3803/master.m3u8
      ✅ Eşref Rüya - 1.Sezon 7.Bölüm - 1 m3u8
   🔍 [8/20] Bölüm: https://diziyiizle2.com/esref-ruya-11/1-sezon-8-bolum/
📺 Embed URL bulundu: https://vidlax1.xyz/embed/6d5e79283b3d415b
🔍 Embed URL kontrol ediliyor: https://vidlax1.xyz/embed/6d5e79283b3d415b
📄 Embed sayfa içeriği alındı, boyut: 39582 karakter
🎬 Video Başlığı: Eşref Rüya
📝 Video Açıklaması: 1.Sezon 8.Bölüm
🎯 Tam Başlık: Eşref Rüya - 1.Sezon 8.Bölüm
🎯 HEX DECODE - m3u8 bulundu: https://vidlax.xyz/upload/ae53fc03b1a6bd9ce5151faa358f77ad676a/master.m3u8
      ✅ Eşref Rüya - 1.Sezon 8.Bölüm - 1 m3u8
   🔍 [9/20] Bölüm: https://diziyiizle2.com/esref-ruya-11/1-sezon-9-bolum/
📺 Embed URL bulundu: https://vidlax1.xyz/embed/65627e0d7ec79950
🔍 Embed URL kontrol ediliyor: https://vidlax1.xyz/embed/65627e0d7ec79950
📄 Embed sayfa içeriği alındı, boyut: 39582 karakter
🎬 Video Başlığı: Eşref Rüya
📝 Video Açıklaması: 1.Sezon 9.Bölüm
🎯 Tam Başlık: Eşref Rüya - 1.Sezon 9.Bölüm
🎯 HEX DECODE - m3u8 bulundu: https://vidlax.xyz/upload/53a27fb66a77733f75d632547415cc0c905b/master.m3u8
      ✅ Eşref Rüya - 1.Sezon 9.Bölüm - 1 m3u8
   🔍 [10/20] Bölüm: https://diziyiizle2.com/esref-ruya-11/1-sezon-10-bolum/
📺 Embed URL bulundu: https://vidlax1.xyz/embed/af8b440a0fe53dd9
🔍 Embed URL kontrol ediliyor: https://vidlax1.xyz/embed/af8b440a0fe53dd9
📄 Embed sayfa içeriği alındı, boyut: 39583 karakter
🎬 Video Başlığı: Eşref Rüya
📝 Video Açıklaması: 1.Sezon 10.Bölüm
🎯 Tam Başlık: Eşref Rüya - 1.Sezon 10.Bölüm
🎯 HEX DECODE - m3u8 bulundu: https://vidlax.xyz/upload/2456a88df60b9c237b40513c512fd5340e67/master.m3u8
      ✅ Eşref Rüya - 1.Sezon 10.Bölüm - 1 m3u8
   🔍 [11/20] Bölüm: https://diziyiizle2.com/esref-ruya-11/1-sezon-11-bolum/

🔍 Vidlax direkt analizi: https://diziyiizle2.com/esref-ruya-11/1-sezon-11-bolum/
📄 Sayfa içeriği alındı: 84038 karakter
❌ m3u8 URL'si bulunamadı
      ❌ m3u8 bulunamadı
   🔍 [12/20] Bölüm: https://diziyiizle2.com/esref-ruya-11/1-sezon-12-bolum/
📺 Embed URL bulundu: https://vidlax1.xyz/embed/7908ac5aa11f9194
🔍 Embed URL kontrol ediliyor: https://vidlax1.xyz/embed/7908ac5aa11f9194
📄 Embed sayfa içeriği alındı, boyut: 39583 karakter
🎬 Video Başlığı: Eşref Rüya
📝 Video Açıklaması: 1.Sezon 12.Bölüm
🎯 Tam Başlık: Eşref Rüya - 1.Sezon 12.Bölüm
🎯 HEX DECODE - m3u8 bulundu: https://vidlax.xyz/upload/4029c8ed1e8637fb315289fcfe8c5e81488c/master.m3u8
      ✅ Eşref Rüya - 1.Sezon 12.Bölüm - 1 m3u8
   🔍 [13/20] Bölüm: https://diziyiizle2.com/esref-ruya-11/1-sezon-13-bolum/
📺 Embed URL bulundu: https://vidlax1.xyz/embed/765f65b24fea8ecc
🔍 Embed URL kontrol ediliyor: https://vidlax1.xyz/embed/765f65b24fea8ecc
📄 Embed sayfa içeriği alındı, boyut: 39583 karakter
🎬 Video Başlığı: Eşref Rüya
📝 Video Açıklaması: 1.Sezon 13.Bölüm
🎯 Tam Başlık: Eşref Rüya - 1.Sezon 13.Bölüm
🎯 HEX DECODE - m3u8 bulundu: https://vidlax.xyz/upload/16c296b2bb4ea13897c8a95633ae6b70a4d1/master.m3u8
      ✅ Eşref Rüya - 1.Sezon 13.Bölüm - 1 m3u8
   🔍 [14/20] Bölüm: https://diziyiizle2.com/esref-ruya-11/2-sezon-1-bolum/
📺 Embed URL bulundu: https://vidlax1.xyz/embed/a0e6430e61731284
🔍 Embed URL kontrol ediliyor: https://vidlax1.xyz/embed/a0e6430e61731284
📄 Embed sayfa içeriği alındı, boyut: 39582 karakter
🎬 Video Başlığı: Eşref Rüya
📝 Video Açıklaması: 2.Sezon 1.Bölüm
🎯 Tam Başlık: Eşref Rüya - 2.Sezon 1.Bölüm
🎯 HEX DECODE - m3u8 bulundu: https://vidlax.xyz/upload/5fe807a35216b408b2358cbf8eae21d10f39/master.m3u8
      ✅ Eşref Rüya - 2.Sezon 1.Bölüm - 1 m3u8
   🔍 [15/20] Bölüm: https://diziyiizle2.com/esref-ruya-11/2-sezon-2-bolum/
📺 Embed URL bulundu: https://vidlax1.xyz/embed/27db9066dc161600
🔍 Embed URL kontrol ediliyor: https://vidlax1.xyz/embed/27db9066dc161600
📄 Embed sayfa içeriği alındı, boyut: 39582 karakter
🎬 Video Başlığı: Eşref Rüya
📝 Video Açıklaması: 2.Sezon 2.Bölüm
🎯 Tam Başlık: Eşref Rüya - 2.Sezon 2.Bölüm
🎯 HEX DECODE - m3u8 bulundu: https://vidlax.xyz/upload/e53edb63c1808c5f1b6af5095fbdae139b36/master.m3u8
      ✅ Eşref Rüya - 2.Sezon 2.Bölüm - 1 m3u8
   🔍 [16/20] Bölüm: https://diziyiizle2.com/esref-ruya-11/2-sezon-3-bolum/
📺 Embed URL bulundu: https://vidlax1.xyz/embed/2d83a1e68e6c7f40
🔍 Embed URL kontrol ediliyor: https://vidlax1.xyz/embed/2d83a1e68e6c7f40
📄 Embed sayfa içeriği alındı, boyut: 39582 karakter
🎬 Video Başlığı: Eşref Rüya
📝 Video Açıklaması: 2.Sezon 3.Bölüm
🎯 Tam Başlık: Eşref Rüya - 2.Sezon 3.Bölüm
🎯 HEX DECODE - m3u8 bulundu: https://vidlax.xyz/upload/6ca2a792a2e10a876079cd3f8a13c11256ff/master.m3u8
      ✅ Eşref Rüya - 2.Sezon 3.Bölüm - 1 m3u8
   🔍 [17/20] Bölüm: https://diziyiizle2.com/esref-ruya-11/2-sezon-4-bolum/
📺 Embed URL bulundu: https://vidlax1.xyz/embed/f6f87e5d58b66211
🔍 Embed URL kontrol ediliyor: https://vidlax1.xyz/embed/f6f87e5d58b66211
📄 Embed sayfa içeriği alındı, boyut: 39582 karakter
🎬 Video Başlığı: Eşref Rüya
📝 Video Açıklaması: 2.Sezon 4.Bölüm
🎯 Tam Başlık: Eşref Rüya - 2.Sezon 4.Bölüm
🎯 HEX DECODE - m3u8 bulundu: https://vidlax.xyz/upload/65615e9fea4f0b15ff852b678e48d9da942f/master.m3u8
      ✅ Eşref Rüya - 2.Sezon 4.Bölüm - 1 m3u8
   🔍 [18/20] Bölüm: https://diziyiizle2.com/esref-ruya-11/2-sezon-5-bolum/
📺 Embed URL bulundu: https://vidlax1.xyz/embed/9fbca2ebc62f6900
🔍 Embed URL kontrol ediliyor: https://vidlax1.xyz/embed/9fbca2ebc62f6900
📄 Embed sayfa içeriği alındı, boyut: 39703 karakter
🎬 Video Başlığı: Eşref Rüya
📝 Video Açıklaması: 18.Bölüm
🎯 Tam Başlık: Eşref Rüya - 18.Bölüm
🎯 HEX DECODE - m3u8 bulundu: https://vidlax.xyz/upload/843672d0261f55337580f8058aa9c29ec40a/master.m3u8
      ✅ Eşref Rüya - 18.Bölüm - 1 m3u8
   🔍 [19/20] Bölüm: https://diziyiizle2.com/esref-ruya-11/2-sezon-6-bolum/
📺 Embed URL bulundu: https://vidlax1.xyz/embed/e1b32e2cf57c89d3
🔍 Embed URL kontrol ediliyor: https://vidlax1.xyz/embed/e1b32e2cf57c89d3
📄 Embed sayfa içeriği alındı, boyut: 39575 karakter
🎬 Video Başlığı: Eşref Rüya
📝 Video Açıklaması: 19.Bölüm
🎯 Tam Başlık: Eşref Rüya - 19.Bölüm
🎯 HEX DECODE - m3u8 bulundu: https://vidlax.xyz/upload/4d03f12df6271cabf87d8c70fa1d680be790/master.m3u8
      ✅ Eşref Rüya - 19.Bölüm - 1 m3u8
   🔍 [20/20] Bölüm: https://diziyiizle2.com/esref-ruya-11/2-sezon-7-bolum/
📺 Embed URL bulundu: https://vidlax1.xyz/embed/e010f0ef3d5daa2c
🔍 Embed URL kontrol ediliyor: https://vidlax1.xyz/embed/e010f0ef3d5daa2c
📄 Embed sayfa içeriği alındı, boyut: 39576 karakter
🎬 Video Başlığı: Eşref Rüya
📝 Video Açıklaması: 20.Bölüm
🎯 Tam Başlık: Eşref Rüya - 20.Bölüm
🎯 HEX DECODE - m3u8 bulundu: https://vidlax.xyz/upload/4b35acaf14a5015c2e8659fbda0436192371/master.m3u8
      ✅ Eşref Rüya - 20.Bölüm - 1 m3u8
      📁 Dizi playlist: playlists/esref_ruya_9_playlist.m3u
   ✅ Dizi tamamlandı: 19 m3u8 eklendi

============================================================
🎬 [29/56] İşleniyor: https://diziyiizle2.com/dizi/gibi/
📺 Bölüm bulundu: 1. Sezon 1. BölümDual12.08.202527 dk. - https://diziyiizle2.com/gibi/1-sezon-1-bolum/
📺 Bölüm bulundu: 1. Sezon 2. BölümDual12.08.202528 dk. - https://diziyiizle2.com/gibi/1-sezon-2-bolum/
📺 Bölüm bulundu: 1. Sezon 3. BölümDublaj12.08.202530 dk. - https://diziyiizle2.com/gibi/1-sezon-3-bolum/
📺 Bölüm bulundu: 1. Sezon 4. BölümDual12.08.202541 dk. - https://diziyiizle2.com/gibi/1-sezon-4-bolum/
📺 Bölüm bulundu: 1. Sezon 5. BölümDual12.08.202538 dk. - https://diziyiizle2.com/gibi/1-sezon-5-bolum/
📺 Bölüm bulundu: 1. Sezon 6. BölümDual12.08.202530 dk. - https://diziyiizle2.com/gibi/1-sezon-6-bolum/
📺 Bölüm bulundu: 1. Sezon 7. BölümDual12.08.202542 dk. - https://diziyiizle2.com/gibi/1-sezon-7-bolum/
📺 Bölüm bulundu: 1. Sezon 8. BölümDual12.08.202530 dk. - https://diziyiizle2.com/gibi/1-sezon-8-bolum/
📺 Bölüm bulundu: 1. Sezon 9. BölümDual12.08.202538 dk. - https://diziyiizle2.com/gibi/1-sezon-9-bolum/
📺 Bölüm bulundu: 1. Sezon 10. BölümDual12.08.202535 dk. - https://diziyiizle2.com/gibi/1-sezon-10-bolum/
📺 Bölüm bulundu: 1. Sezon 11. BölümDual12.08.202531 dk. - https://diziyiizle2.com/gibi/1-sezon-11-bolum/
📺 Bölüm bulundu: 1. Sezon 12. BölümDual12.08.202534 dk. - https://diziyiizle2.com/gibi/1-sezon-12-bolum/
📺 Bölüm bulundu: 2. Sezon 1. BölümDual12.08.202546 dk. - https://diziyiizle2.com/gibi/2-sezon-1-bolum/
📺 Bölüm bulundu: 2. Sezon 2. BölümDual12.08.202540 dk. - https://diziyiizle2.com/gibi/2-sezon-2-bolum/
📺 Bölüm bulundu: 2. Sezon 3. BölümDual12.08.202547 dk. - https://diziyiizle2.com/gibi/2-sezon-3-bolum/
📺 Bölüm bulundu: 2. Sezon 4. BölümDual12.08.202554 dk. - https://diziyiizle2.com/gibi/2-sezon-4-bolum/
📺 Bölüm bulundu: 2. Sezon 5. BölümDual12.08.202540 dk. - https://diziyiizle2.com/gibi/2-sezon-5-bolum/
📺 Bölüm bulundu: 2. Sezon 6. BölümDual12.08.202542 dk. - https://diziyiizle2.com/gibi/2-sezon-6-bolum/
📺 Bölüm bulundu: 2. Sezon 7. BölümDual12.08.202543 dk. - https://diziyiizle2.com/gibi/2-sezon-7-bolum/
📺 Bölüm bulundu: 2. Sezon 8. BölümDual12.08.202534 dk. - https://diziyiizle2.com/gibi/2-sezon-8-bolum/
📺 Bölüm bulundu: 2. Sezon 9. BölümDual12.08.202536 dk. - https://diziyiizle2.com/gibi/2-sezon-9-bolum/
📺 Bölüm bulundu: 2. Sezon 10. BölümDual12.08.202548 dk. - https://diziyiizle2.com/gibi/2-sezon-10-bolum/
📺 Bölüm bulundu: 3. Sezon 1. BölümDual12.08.202561 dk. - https://diziyiizle2.com/gibi/3-sezon-1-bolum/
📺 Bölüm bulundu: 3. Sezon 2. BölümDual12.08.202555 dk. - https://diziyiizle2.com/gibi/3-sezon-2-bolum/
📺 Bölüm bulundu: 3. Sezon 3. BölümDual12.08.202543 dk. - https://diziyiizle2.com/gibi/3-sezon-3-bolum/
📺 Bölüm bulundu: 3. Sezon 4. BölümDual12.08.202551 dk. - https://diziyiizle2.com/gibi/3-sezon-4-bolum/
📺 Bölüm bulundu: 3. Sezon 5. BölümDual12.08.202545 dk. - https://diziyiizle2.com/gibi/3-sezon-5-bolum/
📺 Bölüm bulundu: 3. Sezon 6. BölümDual12.08.202553 dk. - https://diziyiizle2.com/gibi/3-sezon-6-bolum/
📺 Bölüm bulundu: 3. Sezon 7. BölümDual12.08.202541 dk. - https://diziyiizle2.com/gibi/3-sezon-7-bolum/
📺 Bölüm bulundu: 3. Sezon 8. BölümDual12.08.202545 dk. - https://diziyiizle2.com/gibi/3-sezon-8-bolum/
📺 Bölüm bulundu: 3. Sezon 9. BölümDual12.08.202541 dk. - https://diziyiizle2.com/gibi/3-sezon-9-bolum/
📺 Bölüm bulundu: 3. Sezon 10. BölümDual12.08.202535 dk. - https://diziyiizle2.com/gibi/3-sezon-10-bolum/
📺 Bölüm bulundu: 4. Sezon 1. BölümDual12.08.202548 dk. - https://diziyiizle2.com/gibi/4-sezon-1-bolum/
📺 Bölüm bulundu: 4. Sezon 2. BölümDual12.08.202543 dk. - https://diziyiizle2.com/gibi/4-sezon-2-bolum/
📺 Bölüm bulundu: 4. Sezon 3. BölümDual12.08.202553 dk. - https://diziyiizle2.com/gibi/4-sezon-3-bolum/
📺 Bölüm bulundu: 4. Sezon 4. BölümDual12.08.202554 dk. - https://diziyiizle2.com/gibi/4-sezon-4-bolum/
📺 Bölüm bulundu: 4. Sezon 5. BölümDual12.08.202547 dk. - https://diziyiizle2.com/gibi/4-sezon-5-bolum/
📺 Bölüm bulundu: 4. Sezon 6. BölümDual12.08.202546 dk. - https://diziyiizle2.com/gibi/4-sezon-6-bolum/
📺 Bölüm bulundu: 4. Sezon 7. BölümDual12.08.202541 dk. - https://diziyiizle2.com/gibi/4-sezon-7-bolum/
📺 Bölüm bulundu: 4. Sezon 8. BölümDual12.08.202541 dk. - https://diziyiizle2.com/gibi/4-sezon-8-bolum/
📺 Bölüm bulundu: 4. Sezon 9. BölümDual12.08.202531 dk. - https://diziyiizle2.com/gibi/4-sezon-9-bolum/
📺 Bölüm bulundu: 4. Sezon 10. BölümDual12.08.202556 dk. - https://diziyiizle2.com/gibi/4-sezon-10-bolum/
📺 Bölüm bulundu: 5. Sezon 1. BölümDual12.08.202540 dk. - https://diziyiizle2.com/gibi/5-sezon-1-bolum/
📺 Bölüm bulundu: 5. Sezon 2. BölümDual12.08.202546 dk. - https://diziyiizle2.com/gibi/5-sezon-2-bolum/
📺 Bölüm bulundu: 5. Sezon 3. BölümDual12.08.202541 dk. - https://diziyiizle2.com/gibi/5-sezon-3-bolum/
📺 Bölüm bulundu: 5. Sezon 4. BölümDual12.08.202543 dk. - https://diziyiizle2.com/gibi/5-sezon-4-bolum/
📺 Bölüm bulundu: 5. Sezon 5. BölümDual12.08.202554 dk. - https://diziyiizle2.com/gibi/5-sezon-5-bolum/
📺 Bölüm bulundu: 5. Sezon 6. BölümDual12.08.202545 dk. - https://diziyiizle2.com/gibi/5-sezon-6-bolum/
📺 Bölüm bulundu: 5. Sezon 7. BölümDual12.08.202536 dk. - https://diziyiizle2.com/gibi/5-sezon-7-bolum/
📺 Bölüm bulundu: 5. Sezon 8. BölümDual12.08.202543 dk. - https://diziyiizle2.com/gibi/5-sezon-8-bolum/
📺 Bölüm bulundu: 5. Sezon 9. BölümDual12.08.202546 dk. - https://diziyiizle2.com/gibi/5-sezon-9-bolum/
📺 Bölüm bulundu: 5. Sezon 10. BölümDual12.08.202540 dk. - https://diziyiizle2.com/gibi/5-sezon-10-bolum/
📺 Bölüm bulundu: 5. Sezon 11. BölümDual12.08.202536 dk. - https://diziyiizle2.com/gibi/5-sezon-11-bolum/
📺 Bölüm bulundu: 5. Sezon 12. BölümDual12.08.202546 dk. - https://diziyiizle2.com/gibi/5-sezon-12-bolum/
📺 Bölüm bulundu: 5. Sezon 13. BölümDual12.08.202551 dk. - https://diziyiizle2.com/gibi/5-sezon-13-bolum/
📺 Bölüm bulundu: 6. Sezon 1. BölümDual12.08.202552 dk. - https://diziyiizle2.com/gibi/6-sezon-1-bolum/
📺 Bölüm bulundu: 6. Sezon 2. BölümDual12.08.202546 dk. - https://diziyiizle2.com/gibi/6-sezon-2-bolum/
📺 Bölüm bulundu: 6. Sezon 3. BölümDual12.08.202550 dk. - https://diziyiizle2.com/gibi/6-sezon-3-bolum/
📺 Bölüm bulundu: 6. Sezon 4. BölümDual12.08.202546 dk. - https://diziyiizle2.com/gibi/6-sezon-4-bolum/
📺 Bölüm bulundu: 6. Sezon 5. BölümDual12.08.202553 dk. - https://diziyiizle2.com/gibi/6-sezon-5-bolum/
📺 Bölüm bulundu: 6. Sezon 6. BölümDual12.08.202553 dk. - https://diziyiizle2.com/gibi/6-sezon-6-bolum/
📺 Bölüm bulundu: 6. Sezon 7. BölümDual12.08.202550 dk. - https://diziyiizle2.com/gibi/6-sezon-7-bolum/
📺 Bölüm bulundu: 6. Sezon 8. BölümDual12.08.202560 dk. - https://diziyiizle2.com/gibi/6-sezon-8-bolum/
📺 Bölüm bulundu: 6. Sezon 9. BölümDual12.08.202563 dk. - https://diziyiizle2.com/gibi/6-sezon-9-bolum/
📺 Bölüm bulundu: 6. Sezon 10. BölümDual12.08.202554 dk. - https://diziyiizle2.com/gibi/6-sezon-10-bolum/
📺 Bölüm bulundu: 6. Sezon 11. BölümDual12.08.202547 dk. - https://diziyiizle2.com/gibi/6-sezon-11-bolum/
📺 Bölüm bulundu: 6. Sezon 12. BölümDual12.08.202557 dk. - https://diziyiizle2.com/gibi/6-sezon-12-bolum/
📺 Bölüm bulundu: 6. Sezon 13. BölümDual12.08.202565 dk. - https://diziyiizle2.com/gibi/6-sezon-13-bolum/

📊 Toplam 68 bölüm bulundu
   🔍 [1/68] Bölüm: https://diziyiizle2.com/gibi/1-sezon-1-bolum/
📺 Embed URL bulundu: https://vidlax1.xyz/embed/90a2681d2278fdf1
🔍 Embed URL kontrol ediliyor: https://vidlax1.xyz/embed/90a2681d2278fdf1
📄 Embed sayfa içeriği alındı, boyut: 39576 karakter
🎬 Video Başlığı: Gibi
📝 Video Açıklaması: 1.Sezon 1.Bölüm
🎯 Tam Başlık: Gibi - 1.Sezon 1.Bölüm
🎯 HEX DECODE - m3u8 bulundu: https://vidlax.xyz/upload/ef9aeb59f3bd5b5e820c6c14bb75df60a7d0/master.m3u8
      ✅ Gibi - 1.Sezon 1.Bölüm - 1 m3u8
   🔍 [2/68] Bölüm: https://diziyiizle2.com/gibi/1-sezon-2-bolum/
📺 Embed URL bulundu: https://vidlax1.xyz/embed/4e075322d5ef47cc
🔍 Embed URL kontrol ediliyor: https://vidlax1.xyz/embed/4e075322d5ef47cc
📄 Embed sayfa içeriği alındı, boyut: 39576 karakter
🎬 Video Başlığı: Gibi
📝 Video Açıklaması: 1.Sezon 2.Bölüm
🎯 Tam Başlık: Gibi - 1.Sezon 2.Bölüm
🎯 HEX DECODE - m3u8 bulundu: https://vidlax.xyz/upload/699d95f1328f23c0ffa92e110a7fd4111c53/master.m3u8
      ✅ Gibi - 1.Sezon 2.Bölüm - 1 m3u8
   🔍 [3/68] Bölüm: https://diziyiizle2.com/gibi/1-sezon-3-bolum/
📺 Embed URL bulundu: https://vidlax1.xyz/embed/c2f2c09068692f3b
🔍 Embed URL kontrol ediliyor: https://vidlax1.xyz/embed/c2f2c09068692f3b
📄 Embed sayfa içeriği alındı, boyut: 39576 karakter
🎬 Video Başlığı: Gibi
📝 Video Açıklaması: 1.Sezon 3.Bölüm
🎯 Tam Başlık: Gibi - 1.Sezon 3.Bölüm
🎯 HEX DECODE - m3u8 bulundu: https://vidlax.xyz/upload/5d8dc4f3335d040275bc23cfad3b1566ef59/master.m3u8
      ✅ Gibi - 1.Sezon 3.Bölüm - 1 m3u8
   🔍 [4/68] Bölüm: https://diziyiizle2.com/gibi/1-sezon-4-bolum/
📺 Embed URL bulundu: https://vidlax1.xyz/embed/865b9144fd3bad4d
🔍 Embed URL kontrol ediliyor: https://vidlax1.xyz/embed/865b9144fd3bad4d
📄 Embed sayfa içeriği alındı, boyut: 39576 karakter
🎬 Video Başlığı: Gibi
📝 Video Açıklaması: 1.Sezon 4.Bölüm
🎯 Tam Başlık: Gibi - 1.Sezon 4.Bölüm
🎯 HEX DECODE - m3u8 bulundu: https://vidlax.xyz/upload/2a483a6f37b3b6ceb36aac1e6e23a895b13d/master.m3u8
      ✅ Gibi - 1.Sezon 4.Bölüm - 1 m3u8
   🔍 [5/68] Bölüm: https://diziyiizle2.com/gibi/1-sezon-5-bolum/
📺 Embed URL bulundu: https://vidlax1.xyz/embed/c31aed902dbff06a
🔍 Embed URL kontrol ediliyor: https://vidlax1.xyz/embed/c31aed902dbff06a
📄 Embed sayfa içeriği alındı, boyut: 39576 karakter
🎬 Video Başlığı: Gibi
📝 Video Açıklaması: 1.Sezon 5.Bölüm
🎯 Tam Başlık: Gibi - 1.Sezon 5.Bölüm
🎯 HEX DECODE - m3u8 bulundu: https://vidlax.xyz/upload/2d9cff10f68a10a6d3b97ea7e1cb1f823d64/master.m3u8
      ✅ Gibi - 1.Sezon 5.Bölüm - 1 m3u8
   🔍 [6/68] Bölüm: https://diziyiizle2.com/gibi/1-sezon-6-bolum/
📺 Embed URL bulundu: https://vidlax1.xyz/embed/afa8b399b3a1e6e6
🔍 Embed URL kontrol ediliyor: https://vidlax1.xyz/embed/afa8b399b3a1e6e6
📄 Embed sayfa içeriği alındı, boyut: 39576 karakter
🎬 Video Başlığı: Gibi
📝 Video Açıklaması: 1.Sezon 6.Bölüm
🎯 Tam Başlık: Gibi - 1.Sezon 6.Bölüm
🎯 HEX DECODE - m3u8 bulundu: https://vidlax.xyz/upload/8712a71444da9b26baf65bb6826a6613816f/master.m3u8
      ✅ Gibi - 1.Sezon 6.Bölüm - 1 m3u8
   🔍 [7/68] Bölüm: https://diziyiizle2.com/gibi/1-sezon-7-bolum/
📺 Embed URL bulundu: https://vidlax1.xyz/embed/35e67334014730af
🔍 Embed URL kontrol ediliyor: https://vidlax1.xyz/embed/35e67334014730af
📄 Embed sayfa içeriği alındı, boyut: 39576 karakter
🎬 Video Başlığı: Gibi
📝 Video Açıklaması: 1.Sezon 7.Bölüm
🎯 Tam Başlık: Gibi - 1.Sezon 7.Bölüm
🎯 HEX DECODE - m3u8 bulundu: https://vidlax.xyz/upload/258af434f1fd58d09b54da5e439a1d2adfc5/master.m3u8
      ✅ Gibi - 1.Sezon 7.Bölüm - 1 m3u8
   🔍 [8/68] Bölüm: https://diziyiizle2.com/gibi/1-sezon-8-bolum/
📺 Embed URL bulundu: https://vidlax1.xyz/embed/e724ef40e2b0b452
🔍 Embed URL kontrol ediliyor: https://vidlax1.xyz/embed/e724ef40e2b0b452
📄 Embed sayfa içeriği alındı, boyut: 39576 karakter
🎬 Video Başlığı: Gibi
📝 Video Açıklaması: 1.Sezon 8.Bölüm
🎯 Tam Başlık: Gibi - 1.Sezon 8.Bölüm
🎯 HEX DECODE - m3u8 bulundu: https://vidlax.xyz/upload/6da913ee7e1428243056216c3641ce119343/master.m3u8
      ✅ Gibi - 1.Sezon 8.Bölüm - 1 m3u8
   🔍 [9/68] Bölüm: https://diziyiizle2.com/gibi/1-sezon-9-bolum/
📺 Embed URL bulundu: https://vidlax1.xyz/embed/0e00572d24b29f58
🔍 Embed URL kontrol ediliyor: https://vidlax1.xyz/embed/0e00572d24b29f58
📄 Embed sayfa içeriği alındı, boyut: 39576 karakter
🎬 Video Başlığı: Gibi
📝 Video Açıklaması: 1.Sezon 9.Bölüm
🎯 Tam Başlık: Gibi - 1.Sezon 9.Bölüm
🎯 HEX DECODE - m3u8 bulundu: https://vidlax.xyz/upload/5f1ca55c8c1df66875fb16eec2761b17f481/master.m3u8
      ✅ Gibi - 1.Sezon 9.Bölüm - 1 m3u8
   🔍 [10/68] Bölüm: https://diziyiizle2.com/gibi/1-sezon-10-bolum/
📺 Embed URL bulundu: https://vidlax1.xyz/embed/d61f4e168bf21cde
🔍 Embed URL kontrol ediliyor: https://vidlax1.xyz/embed/d61f4e168bf21cde
📄 Embed sayfa içeriği alındı, boyut: 39577 karakter
🎬 Video Başlığı: Gibi
📝 Video Açıklaması: 1.Sezon 10.Bölüm
🎯 Tam Başlık: Gibi - 1.Sezon 10.Bölüm
🎯 HEX DECODE - m3u8 bulundu: https://vidlax.xyz/upload/653870feba4946fc92e4e7d3e7c5d4b82373/master.m3u8
      ✅ Gibi - 1.Sezon 10.Bölüm - 1 m3u8
   🔍 [11/68] Bölüm: https://diziyiizle2.com/gibi/1-sezon-11-bolum/
📺 Embed URL bulundu: https://vidlax1.xyz/embed/d055fd5136719204
🔍 Embed URL kontrol ediliyor: https://vidlax1.xyz/embed/d055fd5136719204
📄 Embed sayfa içeriği alındı, boyut: 39577 karakter
🎬 Video Başlığı: Gibi
📝 Video Açıklaması: 1.Sezon 11.Bölüm
🎯 Tam Başlık: Gibi - 1.Sezon 11.Bölüm
🎯 HEX DECODE - m3u8 bulundu: https://vidlax.xyz/upload/e750f9409cc09608573733e45cbd623056e1/master.m3u8
      ✅ Gibi - 1.Sezon 11.Bölüm - 1 m3u8
   🔍 [12/68] Bölüm: https://diziyiizle2.com/gibi/1-sezon-12-bolum/
📺 Embed URL bulundu: https://vidlax1.xyz/embed/c8ab47b0491b9c86
🔍 Embed URL kontrol ediliyor: https://vidlax1.xyz/embed/c8ab47b0491b9c86
📄 Embed sayfa içeriği alındı, boyut: 39577 karakter
🎬 Video Başlığı: Gibi
📝 Video Açıklaması: 1.Sezon 12.Bölüm
🎯 Tam Başlık: Gibi - 1.Sezon 12.Bölüm
🎯 HEX DECODE - m3u8 bulundu: https://vidlax.xyz/upload/38b48e94a0518e69785e1e9040e08a54915a/master.m3u8
      ✅ Gibi - 1.Sezon 12.Bölüm - 1 m3u8
   🔍 [13/68] Bölüm: https://diziyiizle2.com/gibi/2-sezon-1-bolum/
📺 Embed URL bulundu: https://vidlax1.xyz/embed/b59f7af78be03e36
🔍 Embed URL kontrol ediliyor: https://vidlax1.xyz/embed/b59f7af78be03e36
📄 Embed sayfa içeriği alındı, boyut: 39576 karakter
🎬 Video Başlığı: Gibi
📝 Video Açıklaması: 2.Sezon 1.Bölüm
🎯 Tam Başlık: Gibi - 2.Sezon 1.Bölüm
🎯 HEX DECODE - m3u8 bulundu: https://vidlax.xyz/upload/a4ad52687e17e5a0fa0abc63bb7ed06512bb/master.m3u8
      ✅ Gibi - 2.Sezon 1.Bölüm - 1 m3u8
   🔍 [14/68] Bölüm: https://diziyiizle2.com/gibi/2-sezon-2-bolum/
📺 Embed URL bulundu: https://vidlax1.xyz/embed/584039877777d669
🔍 Embed URL kontrol ediliyor: https://vidlax1.xyz/embed/584039877777d669
📄 Embed sayfa içeriği alındı, boyut: 39576 karakter
🎬 Video Başlığı: Gibi
📝 Video Açıklaması: 2.Sezon 2.Bölüm
🎯 Tam Başlık: Gibi - 2.Sezon 2.Bölüm
🎯 HEX DECODE - m3u8 bulundu: https://vidlax.xyz/upload/111ff461803464d35e23caab9601b1f0a3e7/master.m3u8
      ✅ Gibi - 2.Sezon 2.Bölüm - 1 m3u8
   🔍 [15/68] Bölüm: https://diziyiizle2.com/gibi/2-sezon-3-bolum/
📺 Embed URL bulundu: https://vidlax1.xyz/embed/f791a577f7278af1
🔍 Embed URL kontrol ediliyor: https://vidlax1.xyz/embed/f791a577f7278af1
📄 Embed sayfa içeriği alındı, boyut: 39576 karakter
🎬 Video Başlığı: Gibi
📝 Video Açıklaması: 2.Sezon 3.Bölüm
🎯 Tam Başlık: Gibi - 2.Sezon 3.Bölüm
🎯 HEX DECODE - m3u8 bulundu: https://vidlax.xyz/upload/e1fd59852feb95b42f47eb3c348a6165f3a2/master.m3u8
      ✅ Gibi - 2.Sezon 3.Bölüm - 1 m3u8
   🔍 [16/68] Bölüm: https://diziyiizle2.com/gibi/2-sezon-4-bolum/
📺 Embed URL bulundu: https://vidlax1.xyz/embed/01650357aaedf3a4
🔍 Embed URL kontrol ediliyor: https://vidlax1.xyz/embed/01650357aaedf3a4
📄 Embed sayfa içeriği alındı, boyut: 39576 karakter
🎬 Video Başlığı: Gibi
📝 Video Açıklaması: 2.Sezon 4.Bölüm
🎯 Tam Başlık: Gibi - 2.Sezon 4.Bölüm
🎯 HEX DECODE - m3u8 bulundu: https://vidlax.xyz/upload/c0a6eeaf28693b88a0323b20ceb9500a422e/master.m3u8
      ✅ Gibi - 2.Sezon 4.Bölüm - 1 m3u8
   🔍 [17/68] Bölüm: https://diziyiizle2.com/gibi/2-sezon-5-bolum/
📺 Embed URL bulundu: https://vidlax1.xyz/embed/6fa89742d7c3509d
🔍 Embed URL kontrol ediliyor: https://vidlax1.xyz/embed/6fa89742d7c3509d
📄 Embed sayfa içeriği alındı, boyut: 39576 karakter
🎬 Video Başlığı: Gibi
📝 Video Açıklaması: 2.Sezon 5.Bölüm
🎯 Tam Başlık: Gibi - 2.Sezon 5.Bölüm
🎯 HEX DECODE - m3u8 bulundu: https://vidlax.xyz/upload/aebfd91b0f2617f6632366fe022f4075fbb0/master.m3u8
      ✅ Gibi - 2.Sezon 5.Bölüm - 1 m3u8
   🔍 [18/68] Bölüm: https://diziyiizle2.com/gibi/2-sezon-6-bolum/
📺 Embed URL bulundu: https://vidlax1.xyz/embed/3682243a0f3b17f3
🔍 Embed URL kontrol ediliyor: https://vidlax1.xyz/embed/3682243a0f3b17f3
📄 Embed sayfa içeriği alındı, boyut: 39576 karakter
🎬 Video Başlığı: Gibi
📝 Video Açıklaması: 2.Sezon 6.Bölüm
🎯 Tam Başlık: Gibi - 2.Sezon 6.Bölüm
🎯 HEX DECODE - m3u8 bulundu: https://vidlax.xyz/upload/62d4d7081eae822a6aeeca3359319f23953f/master.m3u8
      ✅ Gibi - 2.Sezon 6.Bölüm - 1 m3u8
   🔍 [19/68] Bölüm: https://diziyiizle2.com/gibi/2-sezon-7-bolum/
📺 Embed URL bulundu: https://vidlax1.xyz/embed/81f4203b6ec9f365
🔍 Embed URL kontrol ediliyor: https://vidlax1.xyz/embed/81f4203b6ec9f365
📄 Embed sayfa içeriği alındı, boyut: 39576 karakter
🎬 Video Başlığı: Gibi
📝 Video Açıklaması: 2.Sezon 7.Bölüm
🎯 Tam Başlık: Gibi - 2.Sezon 7.Bölüm
🎯 HEX DECODE - m3u8 bulundu: https://vidlax.xyz/upload/ac6a06bf64898e585a300786da37649785df/master.m3u8
      ✅ Gibi - 2.Sezon 7.Bölüm - 1 m3u8
   🔍 [20/68] Bölüm: https://diziyiizle2.com/gibi/2-sezon-8-bolum/
📺 Embed URL bulundu: https://vidlax1.xyz/embed/17c5d0fc9129afe4
🔍 Embed URL kontrol ediliyor: https://vidlax1.xyz/embed/17c5d0fc9129afe4
📄 Embed sayfa içeriği alındı, boyut: 39576 karakter
🎬 Video Başlığı: Gibi
📝 Video Açıklaması: 2.Sezon 8.Bölüm
🎯 Tam Başlık: Gibi - 2.Sezon 8.Bölüm
🎯 HEX DECODE - m3u8 bulundu: https://vidlax.xyz/upload/16a48775e2f3f44b5a80a668a0ba8c24e7f0/master.m3u8
      ✅ Gibi - 2.Sezon 8.Bölüm - 1 m3u8
   🔍 [21/68] Bölüm: https://diziyiizle2.com/gibi/2-sezon-9-bolum/
📺 Embed URL bulundu: https://vidlax1.xyz/embed/716f550556066b99
🔍 Embed URL kontrol ediliyor: https://vidlax1.xyz/embed/716f550556066b99
📄 Embed sayfa içeriği alındı, boyut: 39576 karakter
🎬 Video Başlığı: Gibi
📝 Video Açıklaması: 2.Sezon 9.Bölüm
🎯 Tam Başlık: Gibi - 2.Sezon 9.Bölüm
🎯 HEX DECODE - m3u8 bulundu: https://vidlax.xyz/upload/0785813b75b486ee1ffe3d59553d52f9c14b/master.m3u8
      ✅ Gibi - 2.Sezon 9.Bölüm - 1 m3u8
   🔍 [22/68] Bölüm: https://diziyiizle2.com/gibi/2-sezon-10-bolum/
📺 Embed URL bulundu: https://vidlax1.xyz/embed/daa7f7ec4789d3a6
🔍 Embed URL kontrol ediliyor: https://vidlax1.xyz/embed/daa7f7ec4789d3a6
📄 Embed sayfa içeriği alındı, boyut: 39577 karakter
🎬 Video Başlığı: Gibi
📝 Video Açıklaması: 2.Sezon 10.Bölüm
🎯 Tam Başlık: Gibi - 2.Sezon 10.Bölüm
🎯 HEX DECODE - m3u8 bulundu: https://vidlax.xyz/upload/ed3ef6eebdce4783eaf5eb6a2a4d64761e35/master.m3u8
      ✅ Gibi - 2.Sezon 10.Bölüm - 1 m3u8
   🔍 [23/68] Bölüm: https://diziyiizle2.com/gibi/3-sezon-1-bolum/
📺 Embed URL bulundu: https://vidlax1.xyz/embed/40175853001265ae
🔍 Embed URL kontrol ediliyor: https://vidlax1.xyz/embed/40175853001265ae
📄 Embed sayfa içeriği alındı, boyut: 39576 karakter
🎬 Video Başlığı: Gibi
📝 Video Açıklaması: 3.Sezon 1.Bölüm
🎯 Tam Başlık: Gibi - 3.Sezon 1.Bölüm
🎯 HEX DECODE - m3u8 bulundu: https://vidlax.xyz/upload/8ad0841fb805b8bc5cd37285a4f7da09bf85/master.m3u8
      ✅ Gibi - 3.Sezon 1.Bölüm - 1 m3u8
   🔍 [24/68] Bölüm: https://diziyiizle2.com/gibi/3-sezon-2-bolum/
📺 Embed URL bulundu: https://vidlax1.xyz/embed/18e22f7bf3081078
🔍 Embed URL kontrol ediliyor: https://vidlax1.xyz/embed/18e22f7bf3081078
📄 Embed sayfa içeriği alındı, boyut: 39576 karakter
🎬 Video Başlığı: Gibi
📝 Video Açıklaması: 3.Sezon 2.Bölüm
🎯 Tam Başlık: Gibi - 3.Sezon 2.Bölüm
🎯 HEX DECODE - m3u8 bulundu: https://vidlax.xyz/upload/2deee2459408a0e63da10470b28f0a16b2fd/master.m3u8
      ✅ Gibi - 3.Sezon 2.Bölüm - 1 m3u8
   🔍 [25/68] Bölüm: https://diziyiizle2.com/gibi/3-sezon-3-bolum/
📺 Embed URL bulundu: https://vidlax1.xyz/embed/f38cc73133e0d429
🔍 Embed URL kontrol ediliyor: https://vidlax1.xyz/embed/f38cc73133e0d429
📄 Embed sayfa içeriği alındı, boyut: 39576 karakter
🎬 Video Başlığı: Gibi
📝 Video Açıklaması: 3.Sezon 3.Bölüm
🎯 Tam Başlık: Gibi - 3.Sezon 3.Bölüm
🎯 HEX DECODE - m3u8 bulundu: https://vidlax.xyz/upload/99bbf2b4d06fc6122e314f42d5b2ba83ed28/master.m3u8
      ✅ Gibi - 3.Sezon 3.Bölüm - 1 m3u8
   🔍 [26/68] Bölüm: https://diziyiizle2.com/gibi/3-sezon-4-bolum/
📺 Embed URL bulundu: https://vidlax1.xyz/embed/3de785a506e682c0
🔍 Embed URL kontrol ediliyor: https://vidlax1.xyz/embed/3de785a506e682c0
📄 Embed sayfa içeriği alındı, boyut: 39576 karakter
🎬 Video Başlığı: Gibi
📝 Video Açıklaması: 3.Sezon 4.Bölüm
🎯 Tam Başlık: Gibi - 3.Sezon 4.Bölüm
🎯 HEX DECODE - m3u8 bulundu: https://vidlax.xyz/upload/7e227b83c771b9cc62f9d596f3d052ec00c2/master.m3u8
      ✅ Gibi - 3.Sezon 4.Bölüm - 1 m3u8
   🔍 [27/68] Bölüm: https://diziyiizle2.com/gibi/3-sezon-5-bolum/
📺 Embed URL bulundu: https://vidlax1.xyz/embed/073b1c78a264d0bd
🔍 Embed URL kontrol ediliyor: https://vidlax1.xyz/embed/073b1c78a264d0bd
📄 Embed sayfa içeriği alındı, boyut: 39576 karakter
🎬 Video Başlığı: Gibi
📝 Video Açıklaması: 3.Sezon 5.Bölüm
🎯 Tam Başlık: Gibi - 3.Sezon 5.Bölüm
🎯 HEX DECODE - m3u8 bulundu: https://vidlax.xyz/upload/a7d832fbbcefbce452a3992c1d083594dde2/master.m3u8
      ✅ Gibi - 3.Sezon 5.Bölüm - 1 m3u8
   🔍 [28/68] Bölüm: https://diziyiizle2.com/gibi/3-sezon-6-bolum/
📺 Embed URL bulundu: https://vidlax1.xyz/embed/439d9da302327a36
🔍 Embed URL kontrol ediliyor: https://vidlax1.xyz/embed/439d9da302327a36
📄 Embed sayfa içeriği alındı, boyut: 39576 karakter
🎬 Video Başlığı: Gibi
📝 Video Açıklaması: 3.Sezon 6.Bölüm
🎯 Tam Başlık: Gibi - 3.Sezon 6.Bölüm
🎯 HEX DECODE - m3u8 bulundu: https://vidlax.xyz/upload/fd0fbff41fbacdad2d620c85b87232c8613e/master.m3u8
      ✅ Gibi - 3.Sezon 6.Bölüm - 1 m3u8
   🔍 [29/68] Bölüm: https://diziyiizle2.com/gibi/3-sezon-7-bolum/
📺 Embed URL bulundu: https://vidlax1.xyz/embed/1e54d2c333fb7cd2
🔍 Embed URL kontrol ediliyor: https://vidlax1.xyz/embed/1e54d2c333fb7cd2
📄 Embed sayfa içeriği alındı, boyut: 39576 karakter
🎬 Video Başlığı: Gibi
📝 Video Açıklaması: 3.Sezon 7.Bölüm
🎯 Tam Başlık: Gibi - 3.Sezon 7.Bölüm
🎯 HEX DECODE - m3u8 bulundu: https://vidlax.xyz/upload/eb3ca7a83425093212b9600c0896fceac6c8/master.m3u8
      ✅ Gibi - 3.Sezon 7.Bölüm - 1 m3u8
   🔍 [30/68] Bölüm: https://diziyiizle2.com/gibi/3-sezon-8-bolum/
📺 Embed URL bulundu: https://vidlax1.xyz/embed/98cf2dbcbbdf5322
🔍 Embed URL kontrol ediliyor: https://vidlax1.xyz/embed/98cf2dbcbbdf5322
📄 Embed sayfa içeriği alındı, boyut: 39576 karakter
🎬 Video Başlığı: Gibi
📝 Video Açıklaması: 3.Sezon 8.Bölüm
🎯 Tam Başlık: Gibi - 3.Sezon 8.Bölüm
🎯 HEX DECODE - m3u8 bulundu: https://vidlax.xyz/upload/7a5353e486285e16b00a55d72a00c908db57/master.m3u8
      ✅ Gibi - 3.Sezon 8.Bölüm - 1 m3u8
   🔍 [31/68] Bölüm: https://diziyiizle2.com/gibi/3-sezon-9-bolum/
📺 Embed URL bulundu: https://vidlax1.xyz/embed/80783f002a46dc80
🔍 Embed URL kontrol ediliyor: https://vidlax1.xyz/embed/80783f002a46dc80
📄 Embed sayfa içeriği alındı, boyut: 39576 karakter
🎬 Video Başlığı: Gibi
📝 Video Açıklaması: 3.Sezon 9.Bölüm
🎯 Tam Başlık: Gibi - 3.Sezon 9.Bölüm
🎯 HEX DECODE - m3u8 bulundu: https://vidlax.xyz/upload/ad5fbdc066b0a31127f95f39d18fcce4e2e8/master.m3u8
      ✅ Gibi - 3.Sezon 9.Bölüm - 1 m3u8
   🔍 [32/68] Bölüm: https://diziyiizle2.com/gibi/3-sezon-10-bolum/
📺 Embed URL bulundu: https://vidlax1.xyz/embed/154110125d2b51fa
🔍 Embed URL kontrol ediliyor: https://vidlax1.xyz/embed/154110125d2b51fa
📄 Embed sayfa içeriği alındı, boyut: 39577 karakter
🎬 Video Başlığı: Gibi
📝 Video Açıklaması: 3.Sezon 10.Bölüm
🎯 Tam Başlık: Gibi - 3.Sezon 10.Bölüm
🎯 HEX DECODE - m3u8 bulundu: https://vidlax.xyz/upload/7706338cbbce2ce582fa15722f1e5a002d67/master.m3u8
      ✅ Gibi - 3.Sezon 10.Bölüm - 1 m3u8
   🔍 [33/68] Bölüm: https://diziyiizle2.com/gibi/4-sezon-1-bolum/
📺 Embed URL bulundu: https://vidlax1.xyz/embed/be87c45ed71b3c37
🔍 Embed URL kontrol ediliyor: https://vidlax1.xyz/embed/be87c45ed71b3c37
📄 Embed sayfa içeriği alındı, boyut: 39576 karakter
🎬 Video Başlığı: Gibi
📝 Video Açıklaması: 4.Sezon 1.Bölüm
🎯 Tam Başlık: Gibi - 4.Sezon 1.Bölüm
🎯 HEX DECODE - m3u8 bulundu: https://vidlax.xyz/upload/fdb702d592afd9a76967f43b5c0aa5b64f3a/master.m3u8
      ✅ Gibi - 4.Sezon 1.Bölüm - 1 m3u8
   🔍 [34/68] Bölüm: https://diziyiizle2.com/gibi/4-sezon-2-bolum/
📺 Embed URL bulundu: https://vidlax1.xyz/embed/6b4d085157bb7545
🔍 Embed URL kontrol ediliyor: https://vidlax1.xyz/embed/6b4d085157bb7545
📄 Embed sayfa içeriği alındı, boyut: 39576 karakter
🎬 Video Başlığı: Gibi
📝 Video Açıklaması: 4.Sezon 2.Bölüm
🎯 Tam Başlık: Gibi - 4.Sezon 2.Bölüm
🎯 HEX DECODE - m3u8 bulundu: https://vidlax.xyz/upload/e0a903e8818512e04af4643fe85be01639e6/master.m3u8
      ✅ Gibi - 4.Sezon 2.Bölüm - 1 m3u8
   🔍 [35/68] Bölüm: https://diziyiizle2.com/gibi/4-sezon-3-bolum/
📺 Embed URL bulundu: https://vidlax1.xyz/embed/eb1dea0853adbb77
🔍 Embed URL kontrol ediliyor: https://vidlax1.xyz/embed/eb1dea0853adbb77
📄 Embed sayfa içeriği alındı, boyut: 39576 karakter
🎬 Video Başlığı: Gibi
📝 Video Açıklaması: 4.Sezon 3.Bölüm
🎯 Tam Başlık: Gibi - 4.Sezon 3.Bölüm
🎯 HEX DECODE - m3u8 bulundu: https://vidlax.xyz/upload/8229cd423830a6f563ee2860b3a1d4a66ffa/master.m3u8
      ✅ Gibi - 4.Sezon 3.Bölüm - 1 m3u8
   🔍 [36/68] Bölüm: https://diziyiizle2.com/gibi/4-sezon-4-bolum/
📺 Embed URL bulundu: https://vidlax1.xyz/embed/bcfb4dc2f95cd9ad
🔍 Embed URL kontrol ediliyor: https://vidlax1.xyz/embed/bcfb4dc2f95cd9ad
📄 Embed sayfa içeriği alındı, boyut: 39576 karakter
🎬 Video Başlığı: Gibi
📝 Video Açıklaması: 4.Sezon 4.Bölüm
🎯 Tam Başlık: Gibi - 4.Sezon 4.Bölüm
🎯 HEX DECODE - m3u8 bulundu: https://vidlax.xyz/upload/c6c6bc3193d0e59aed452527cd994e2e848b/master.m3u8
      ✅ Gibi - 4.Sezon 4.Bölüm - 1 m3u8
   🔍 [37/68] Bölüm: https://diziyiizle2.com/gibi/4-sezon-5-bolum/
📺 Embed URL bulundu: https://vidlax1.xyz/embed/534567552743c045
🔍 Embed URL kontrol ediliyor: https://vidlax1.xyz/embed/534567552743c045
📄 Embed sayfa içeriği alındı, boyut: 39576 karakter
🎬 Video Başlığı: Gibi
📝 Video Açıklaması: 4.Sezon 5.Bölüm
🎯 Tam Başlık: Gibi - 4.Sezon 5.Bölüm
🎯 HEX DECODE - m3u8 bulundu: https://vidlax.xyz/upload/22c71f21dac50d56c7a1976deb5e2283aa5a/master.m3u8
      ✅ Gibi - 4.Sezon 5.Bölüm - 1 m3u8
   🔍 [38/68] Bölüm: https://diziyiizle2.com/gibi/4-sezon-6-bolum/
📺 Embed URL bulundu: https://vidlax1.xyz/embed/0d9b535ca2c1233c
🔍 Embed URL kontrol ediliyor: https://vidlax1.xyz/embed/0d9b535ca2c1233c
📄 Embed sayfa içeriği alındı, boyut: 39576 karakter
🎬 Video Başlığı: Gibi
📝 Video Açıklaması: 4.Sezon 6.Bölüm
🎯 Tam Başlık: Gibi - 4.Sezon 6.Bölüm
🎯 HEX DECODE - m3u8 bulundu: https://vidlax.xyz/upload/ab9500fb082e0a4ff4306c55b45a156c5dc3/master.m3u8
      ✅ Gibi - 4.Sezon 6.Bölüm - 1 m3u8
   🔍 [39/68] Bölüm: https://diziyiizle2.com/gibi/4-sezon-7-bolum/
📺 Embed URL bulundu: https://vidlax1.xyz/embed/c63ba790f80a94f0
🔍 Embed URL kontrol ediliyor: https://vidlax1.xyz/embed/c63ba790f80a94f0
📄 Embed sayfa içeriği alındı, boyut: 39576 karakter
🎬 Video Başlığı: Gibi
📝 Video Açıklaması: 4.Sezon 7.Bölüm
🎯 Tam Başlık: Gibi - 4.Sezon 7.Bölüm
🎯 HEX DECODE - m3u8 bulundu: https://vidlax.xyz/upload/395121004a6fd2216dd23515dc4b7b59606e/master.m3u8
      ✅ Gibi - 4.Sezon 7.Bölüm - 1 m3u8
   🔍 [40/68] Bölüm: https://diziyiizle2.com/gibi/4-sezon-8-bolum/
📺 Embed URL bulundu: https://vidlax1.xyz/embed/773719625a8960c8
🔍 Embed URL kontrol ediliyor: https://vidlax1.xyz/embed/773719625a8960c8
📄 Embed sayfa içeriği alındı, boyut: 39576 karakter
🎬 Video Başlığı: Gibi
📝 Video Açıklaması: 4.Sezon 8.Bölüm
🎯 Tam Başlık: Gibi - 4.Sezon 8.Bölüm
🎯 HEX DECODE - m3u8 bulundu: https://vidlax.xyz/upload/675b22a8d8fc2ac4f21cc92f70f0c570000f/master.m3u8
      ✅ Gibi - 4.Sezon 8.Bölüm - 1 m3u8
   🔍 [41/68] Bölüm: https://diziyiizle2.com/gibi/4-sezon-9-bolum/
📺 Embed URL bulundu: https://vidlax1.xyz/embed/ab3337e5aeab88ec
🔍 Embed URL kontrol ediliyor: https://vidlax1.xyz/embed/ab3337e5aeab88ec
📄 Embed sayfa içeriği alındı, boyut: 39576 karakter
🎬 Video Başlığı: Gibi
📝 Video Açıklaması: 4.Sezon 9.Bölüm
🎯 Tam Başlık: Gibi - 4.Sezon 9.Bölüm
🎯 HEX DECODE - m3u8 bulundu: https://vidlax.xyz/upload/3ca718bf51a541f684203a41ed0e77a3f584/master.m3u8
      ✅ Gibi - 4.Sezon 9.Bölüm - 1 m3u8
   🔍 [42/68] Bölüm: https://diziyiizle2.com/gibi/4-sezon-10-bolum/
📺 Embed URL bulundu: https://vidlax1.xyz/embed/760cf8f319e74b9d
🔍 Embed URL kontrol ediliyor: https://vidlax1.xyz/embed/760cf8f319e74b9d
📄 Embed sayfa içeriği alındı, boyut: 39577 karakter
🎬 Video Başlığı: Gibi
📝 Video Açıklaması: 4.Sezon 10.Bölüm
🎯 Tam Başlık: Gibi - 4.Sezon 10.Bölüm
🎯 HEX DECODE - m3u8 bulundu: https://vidlax.xyz/upload/c7d54eed9091867d787dfdb522e15bfb5a71/master.m3u8
      ✅ Gibi - 4.Sezon 10.Bölüm - 1 m3u8
   🔍 [43/68] Bölüm: https://diziyiizle2.com/gibi/5-sezon-1-bolum/
📺 Embed URL bulundu: https://vidlax1.xyz/embed/218291e897c29225
🔍 Embed URL kontrol ediliyor: https://vidlax1.xyz/embed/218291e897c29225
📄 Embed sayfa içeriği alındı, boyut: 39576 karakter
🎬 Video Başlığı: Gibi
📝 Video Açıklaması: 5.Sezon 1.Bölüm
🎯 Tam Başlık: Gibi - 5.Sezon 1.Bölüm
🎯 HEX DECODE - m3u8 bulundu: https://vidlax.xyz/upload/90783af7a9774a05ae12b046d15d30cb788e/master.m3u8
      ✅ Gibi - 5.Sezon 1.Bölüm - 1 m3u8
   🔍 [44/68] Bölüm: https://diziyiizle2.com/gibi/5-sezon-2-bolum/
📺 Embed URL bulundu: https://vidlax1.xyz/embed/02a43ec63041b294
🔍 Embed URL kontrol ediliyor: https://vidlax1.xyz/embed/02a43ec63041b294
📄 Embed sayfa içeriği alındı, boyut: 39576 karakter
🎬 Video Başlığı: Gibi
📝 Video Açıklaması: 5.Sezon 2.Bölüm
🎯 Tam Başlık: Gibi - 5.Sezon 2.Bölüm
🎯 HEX DECODE - m3u8 bulundu: https://vidlax.xyz/upload/65b37e72dec2b9abe48e173d439729e08bc8/master.m3u8
      ✅ Gibi - 5.Sezon 2.Bölüm - 1 m3u8
   🔍 [45/68] Bölüm: https://diziyiizle2.com/gibi/5-sezon-3-bolum/
📺 Embed URL bulundu: https://vidlax1.xyz/embed/dd293c8a98b47287
🔍 Embed URL kontrol ediliyor: https://vidlax1.xyz/embed/dd293c8a98b47287
📄 Embed sayfa içeriği alındı, boyut: 39576 karakter
🎬 Video Başlığı: Gibi
📝 Video Açıklaması: 5.Sezon 3.Bölüm
🎯 Tam Başlık: Gibi - 5.Sezon 3.Bölüm
🎯 HEX DECODE - m3u8 bulundu: https://vidlax.xyz/upload/cb54b7e2623aacf409a88e1d21f494028e4c/master.m3u8
      ✅ Gibi - 5.Sezon 3.Bölüm - 1 m3u8
   🔍 [46/68] Bölüm: https://diziyiizle2.com/gibi/5-sezon-4-bolum/
📺 Embed URL bulundu: https://vidlax1.xyz/embed/52578d8d9cbd35e8
🔍 Embed URL kontrol ediliyor: https://vidlax1.xyz/embed/52578d8d9cbd35e8
📄 Embed sayfa içeriği alındı, boyut: 39576 karakter
🎬 Video Başlığı: Gibi
📝 Video Açıklaması: 5.Sezon 4.Bölüm
🎯 Tam Başlık: Gibi - 5.Sezon 4.Bölüm
🎯 HEX DECODE - m3u8 bulundu: https://vidlax.xyz/upload/a2faec3ad42aea20f94994d884fb1a426b95/master.m3u8
      ✅ Gibi - 5.Sezon 4.Bölüm - 1 m3u8
   🔍 [47/68] Bölüm: https://diziyiizle2.com/gibi/5-sezon-5-bolum/
📺 Embed URL bulundu: https://vidlax1.xyz/embed/972638609a669dfb
🔍 Embed URL kontrol ediliyor: https://vidlax1.xyz/embed/972638609a669dfb
📄 Embed sayfa içeriği alındı, boyut: 39576 karakter
🎬 Video Başlığı: Gibi
📝 Video Açıklaması: 5.Sezon 5.Bölüm
🎯 Tam Başlık: Gibi - 5.Sezon 5.Bölüm
🎯 HEX DECODE - m3u8 bulundu: https://vidlax.xyz/upload/3dd17ffde5077b9288c1d8e4fe72fadbeb46/master.m3u8
      ✅ Gibi - 5.Sezon 5.Bölüm - 1 m3u8
   🔍 [48/68] Bölüm: https://diziyiizle2.com/gibi/5-sezon-6-bolum/
📺 Embed URL bulundu: https://vidlax1.xyz/embed/9deaa6d1498dfef9
🔍 Embed URL kontrol ediliyor: https://vidlax1.xyz/embed/9deaa6d1498dfef9
📄 Embed sayfa içeriği alındı, boyut: 39576 karakter
🎬 Video Başlığı: Gibi
📝 Video Açıklaması: 5.Sezon 6.Bölüm
🎯 Tam Başlık: Gibi - 5.Sezon 6.Bölüm
🎯 HEX DECODE - m3u8 bulundu: https://vidlax.xyz/upload/87e472d3dfaeddc6706e366cb7ef061939f4/master.m3u8
      ✅ Gibi - 5.Sezon 6.Bölüm - 1 m3u8
   🔍 [49/68] Bölüm: https://diziyiizle2.com/gibi/5-sezon-7-bolum/
📺 Embed URL bulundu: https://vidlax1.xyz/embed/66468b9798c1f7b7
🔍 Embed URL kontrol ediliyor: https://vidlax1.xyz/embed/66468b9798c1f7b7
📄 Embed sayfa içeriği alındı, boyut: 39576 karakter
🎬 Video Başlığı: Gibi
📝 Video Açıklaması: 5.Sezon 7.Bölüm
🎯 Tam Başlık: Gibi - 5.Sezon 7.Bölüm
🎯 HEX DECODE - m3u8 bulundu: https://vidlax.xyz/upload/b93e2fd1b9d2babf81d9fe10f53607f53b05/master.m3u8
      ✅ Gibi - 5.Sezon 7.Bölüm - 1 m3u8
   🔍 [50/68] Bölüm: https://diziyiizle2.com/gibi/5-sezon-8-bolum/
📺 Embed URL bulundu: https://vidlax1.xyz/embed/0d3a8b1cd2c60d2c
🔍 Embed URL kontrol ediliyor: https://vidlax1.xyz/embed/0d3a8b1cd2c60d2c
📄 Embed sayfa içeriği alındı, boyut: 39576 karakter
🎬 Video Başlığı: Gibi
📝 Video Açıklaması: 5.Sezon 8.Bölüm
🎯 Tam Başlık: Gibi - 5.Sezon 8.Bölüm
🎯 HEX DECODE - m3u8 bulundu: https://vidlax.xyz/upload/14a43dad7f45a5fcc7db0308cad888971eeb/master.m3u8
      ✅ Gibi - 5.Sezon 8.Bölüm - 1 m3u8
   🔍 [51/68] Bölüm: https://diziyiizle2.com/gibi/5-sezon-9-bolum/
📺 Embed URL bulundu: https://vidlax1.xyz/embed/3522df9b2d0584a1
🔍 Embed URL kontrol ediliyor: https://vidlax1.xyz/embed/3522df9b2d0584a1
📄 Embed sayfa içeriği alındı, boyut: 39576 karakter
🎬 Video Başlığı: Gibi
📝 Video Açıklaması: 5.Sezon 9.Bölüm
🎯 Tam Başlık: Gibi - 5.Sezon 9.Bölüm
🎯 HEX DECODE - m3u8 bulundu: https://vidlax.xyz/upload/8f0cf4d0a0097ed8b57f53b88dbda5ffd0ac/master.m3u8
      ✅ Gibi - 5.Sezon 9.Bölüm - 1 m3u8
   🔍 [52/68] Bölüm: https://diziyiizle2.com/gibi/5-sezon-10-bolum/
📺 Embed URL bulundu: https://vidlax1.xyz/embed/a2628a19d0f2e4d5
🔍 Embed URL kontrol ediliyor: https://vidlax1.xyz/embed/a2628a19d0f2e4d5
📄 Embed sayfa içeriği alındı, boyut: 39577 karakter
🎬 Video Başlığı: Gibi
📝 Video Açıklaması: 5.Sezon 10.Bölüm
🎯 Tam Başlık: Gibi - 5.Sezon 10.Bölüm
🎯 HEX DECODE - m3u8 bulundu: https://vidlax.xyz/upload/ce4284d91a029839cd315baa20df4881c1b2/master.m3u8
      ✅ Gibi - 5.Sezon 10.Bölüm - 1 m3u8
   🔍 [53/68] Bölüm: https://diziyiizle2.com/gibi/5-sezon-11-bolum/
📺 Embed URL bulundu: https://vidlax1.xyz/embed/5fb5296df51e75cd
🔍 Embed URL kontrol ediliyor: https://vidlax1.xyz/embed/5fb5296df51e75cd
📄 Embed sayfa içeriği alındı, boyut: 39577 karakter
🎬 Video Başlığı: Gibi
📝 Video Açıklaması: 5.Sezon 11.Bölüm
🎯 Tam Başlık: Gibi - 5.Sezon 11.Bölüm
🎯 HEX DECODE - m3u8 bulundu: https://vidlax.xyz/upload/1469cc700cf4e3d98f51681765aa565b0c6b/master.m3u8
      ✅ Gibi - 5.Sezon 11.Bölüm - 1 m3u8
   🔍 [54/68] Bölüm: https://diziyiizle2.com/gibi/5-sezon-12-bolum/
📺 Embed URL bulundu: https://vidlax1.xyz/embed/7e80af25f439ebfa
🔍 Embed URL kontrol ediliyor: https://vidlax1.xyz/embed/7e80af25f439ebfa
📄 Embed sayfa içeriği alındı, boyut: 39577 karakter
🎬 Video Başlığı: Gibi
📝 Video Açıklaması: 5.Sezon 12.Bölüm
🎯 Tam Başlık: Gibi - 5.Sezon 12.Bölüm
🎯 HEX DECODE - m3u8 bulundu: https://vidlax.xyz/upload/9773bec2df76821794837466f3fde78085ca/master.m3u8
      ✅ Gibi - 5.Sezon 12.Bölüm - 1 m3u8
   🔍 [55/68] Bölüm: https://diziyiizle2.com/gibi/5-sezon-13-bolum/
📺 Embed URL bulundu: https://vidlax1.xyz/embed/38593f7fcfc81ce4
🔍 Embed URL kontrol ediliyor: https://vidlax1.xyz/embed/38593f7fcfc81ce4
📄 Embed sayfa içeriği alındı, boyut: 39577 karakter
🎬 Video Başlığı: Gibi
📝 Video Açıklaması: 5.Sezon 13.Bölüm
🎯 Tam Başlık: Gibi - 5.Sezon 13.Bölüm
🎯 HEX DECODE - m3u8 bulundu: https://vidlax.xyz/upload/bbdacae9c448b02d63c809108399c5c42cb6/master.m3u8
      ✅ Gibi - 5.Sezon 13.Bölüm - 1 m3u8
   🔍 [56/68] Bölüm: https://diziyiizle2.com/gibi/6-sezon-1-bolum/
📺 Embed URL bulundu: https://vidlax1.xyz/embed/acde1eb5d274f515
🔍 Embed URL kontrol ediliyor: https://vidlax1.xyz/embed/acde1eb5d274f515
📄 Embed sayfa içeriği alındı, boyut: 39749 karakter
🎬 Video Başlığı: Gibi
📝 Video Açıklaması: 6.Sezon 1.Bölüm
🎯 Tam Başlık: Gibi - 6.Sezon 1.Bölüm
🎯 HEX DECODE - m3u8 bulundu: https://vidlax.xyz/upload/ebd11639d6c0078e2193d48128a60568dcf2/master.m3u8
      ✅ Gibi - 6.Sezon 1.Bölüm - 1 m3u8
   🔍 [57/68] Bölüm: https://diziyiizle2.com/gibi/6-sezon-2-bolum/
📺 Embed URL bulundu: https://vidlax1.xyz/embed/b9f5abe6db581249
🔍 Embed URL kontrol ediliyor: https://vidlax1.xyz/embed/b9f5abe6db581249
📄 Embed sayfa içeriği alındı, boyut: 39749 karakter
🎬 Video Başlığı: Gibi
📝 Video Açıklaması: 6.Sezon 2.Bölüm
🎯 Tam Başlık: Gibi - 6.Sezon 2.Bölüm
🎯 HEX DECODE - m3u8 bulundu: https://vidlax.xyz/upload/383f91ce5e0825fdb4077b1edb9218e5d650/master.m3u8
      ✅ Gibi - 6.Sezon 2.Bölüm - 1 m3u8
   🔍 [58/68] Bölüm: https://diziyiizle2.com/gibi/6-sezon-3-bolum/
📺 Embed URL bulundu: https://vidlax1.xyz/embed/6c0b7446f5788014
🔍 Embed URL kontrol ediliyor: https://vidlax1.xyz/embed/6c0b7446f5788014
📄 Embed sayfa içeriği alındı, boyut: 39749 karakter
🎬 Video Başlığı: Gibi
📝 Video Açıklaması: 6.Sezon 3.Bölüm
🎯 Tam Başlık: Gibi - 6.Sezon 3.Bölüm
🎯 HEX DECODE - m3u8 bulundu: https://vidlax.xyz/upload/c10583700467b1807ea23c27a053a755186b/master.m3u8
      ✅ Gibi - 6.Sezon 3.Bölüm - 1 m3u8
   🔍 [59/68] Bölüm: https://diziyiizle2.com/gibi/6-sezon-4-bolum/
📺 Embed URL bulundu: https://vidlax1.xyz/embed/4715bff684b935b1
🔍 Embed URL kontrol ediliyor: https://vidlax1.xyz/embed/4715bff684b935b1
📄 Embed sayfa içeriği alındı, boyut: 39749 karakter
🎬 Video Başlığı: Gibi
📝 Video Açıklaması: 6.Sezon 4.Bölüm
🎯 Tam Başlık: Gibi - 6.Sezon 4.Bölüm
🎯 HEX DECODE - m3u8 bulundu: https://vidlax.xyz/upload/8b6adca58dc29222dd7cba65e268c7b0b26d/master.m3u8
      ✅ Gibi - 6.Sezon 4.Bölüm - 1 m3u8
   🔍 [60/68] Bölüm: https://diziyiizle2.com/gibi/6-sezon-5-bolum/
📺 Embed URL bulundu: https://vidlax1.xyz/embed/bf5661150a4d5faf
🔍 Embed URL kontrol ediliyor: https://vidlax1.xyz/embed/bf5661150a4d5faf
📄 Embed sayfa içeriği alındı, boyut: 39749 karakter
🎬 Video Başlığı: Gibi
📝 Video Açıklaması: 6.Sezon 5.Bölüm
🎯 Tam Başlık: Gibi - 6.Sezon 5.Bölüm
🎯 HEX DECODE - m3u8 bulundu: https://vidlax.xyz/upload/a0348fc462b6b14c86c8837e2c6d10c8f540/master.m3u8
      ✅ Gibi - 6.Sezon 5.Bölüm - 1 m3u8
   🔍 [61/68] Bölüm: https://diziyiizle2.com/gibi/6-sezon-6-bolum/
📺 Embed URL bulundu: https://vidlax1.xyz/embed/165b9ef4a32f8eb6
🔍 Embed URL kontrol ediliyor: https://vidlax1.xyz/embed/165b9ef4a32f8eb6
📄 Embed sayfa içeriği alındı, boyut: 39749 karakter
🎬 Video Başlığı: Gibi
📝 Video Açıklaması: 6.Sezon 6.Bölüm
🎯 Tam Başlık: Gibi - 6.Sezon 6.Bölüm
🎯 HEX DECODE - m3u8 bulundu: https://vidlax.xyz/upload/02c8d96c6a070b111f8ea0f1ea199a5d5b3c/master.m3u8
      ✅ Gibi - 6.Sezon 6.Bölüm - 1 m3u8
   🔍 [62/68] Bölüm: https://diziyiizle2.com/gibi/6-sezon-7-bolum/
📺 Embed URL bulundu: https://vidlax1.xyz/embed/7f553e1cf4834f2b
🔍 Embed URL kontrol ediliyor: https://vidlax1.xyz/embed/7f553e1cf4834f2b
📄 Embed sayfa içeriği alındı, boyut: 39749 karakter
🎬 Video Başlığı: Gibi
📝 Video Açıklaması: 6.Sezon 7.Bölüm
🎯 Tam Başlık: Gibi - 6.Sezon 7.Bölüm
🎯 HEX DECODE - m3u8 bulundu: https://vidlax.xyz/upload/aaedefb0d5225fc6bbd99cc3dedae9c89890/master.m3u8
      ✅ Gibi - 6.Sezon 7.Bölüm - 1 m3u8
   🔍 [63/68] Bölüm: https://diziyiizle2.com/gibi/6-sezon-8-bolum/
📺 Embed URL bulundu: https://vidlax1.xyz/embed/7b79196b03121b47
🔍 Embed URL kontrol ediliyor: https://vidlax1.xyz/embed/7b79196b03121b47
📄 Embed sayfa içeriği alındı, boyut: 39749 karakter
🎬 Video Başlığı: Gibi
📝 Video Açıklaması: 6.Sezon 8.Bölüm
🎯 Tam Başlık: Gibi - 6.Sezon 8.Bölüm
🎯 HEX DECODE - m3u8 bulundu: https://vidlax.xyz/upload/58995a93f34f0eca8719b4494c775f410518/master.m3u8
      ✅ Gibi - 6.Sezon 8.Bölüm - 1 m3u8
   🔍 [64/68] Bölüm: https://diziyiizle2.com/gibi/6-sezon-9-bolum/
📺 Embed URL bulundu: https://vidlax1.xyz/embed/e5f2002b46d0152b
🔍 Embed URL kontrol ediliyor: https://vidlax1.xyz/embed/e5f2002b46d0152b
📄 Embed sayfa içeriği alındı, boyut: 39749 karakter
🎬 Video Başlığı: Gibi
📝 Video Açıklaması: 6.Sezon 9.Bölüm
🎯 Tam Başlık: Gibi - 6.Sezon 9.Bölüm
🎯 HEX DECODE - m3u8 bulundu: https://vidlax.xyz/upload/20a8b0f6db15b8fa7523ccdb730ec72a1d72/master.m3u8
      ✅ Gibi - 6.Sezon 9.Bölüm - 1 m3u8
   🔍 [65/68] Bölüm: https://diziyiizle2.com/gibi/6-sezon-10-bolum/
📺 Embed URL bulundu: https://vidlax1.xyz/embed/b2cbde85f8e32d50
🔍 Embed URL kontrol ediliyor: https://vidlax1.xyz/embed/b2cbde85f8e32d50
📄 Embed sayfa içeriği alındı, boyut: 39750 karakter
🎬 Video Başlığı: Gibi
📝 Video Açıklaması: 6.Sezon 10.Bölüm
🎯 Tam Başlık: Gibi - 6.Sezon 10.Bölüm
🎯 HEX DECODE - m3u8 bulundu: https://vidlax.xyz/upload/82522f90b85852b399a4d87aafe4a1e2ab2c/master.m3u8
      ✅ Gibi - 6.Sezon 10.Bölüm - 1 m3u8
   🔍 [66/68] Bölüm: https://diziyiizle2.com/gibi/6-sezon-11-bolum/
📺 Embed URL bulundu: https://vidlax1.xyz/embed/f5c75f17ec8097ca
🔍 Embed URL kontrol ediliyor: https://vidlax1.xyz/embed/f5c75f17ec8097ca
📄 Embed sayfa içeriği alındı, boyut: 39750 karakter
🎬 Video Başlığı: Gibi
📝 Video Açıklaması: 6.Sezon 11.Bölüm
🎯 Tam Başlık: Gibi - 6.Sezon 11.Bölüm
🎯 HEX DECODE - m3u8 bulundu: https://vidlax.xyz/upload/4906e3300bf4254a783dddd2aa533059f0fb/master.m3u8
      ✅ Gibi - 6.Sezon 11.Bölüm - 1 m3u8
   🔍 [67/68] Bölüm: https://diziyiizle2.com/gibi/6-sezon-12-bolum/
📺 Embed URL bulundu: https://vidlax1.xyz/embed/f44b1fdfb56fad41
🔍 Embed URL kontrol ediliyor: https://vidlax1.xyz/embed/f44b1fdfb56fad41
📄 Embed sayfa içeriği alındı, boyut: 39750 karakter
🎬 Video Başlığı: Gibi
📝 Video Açıklaması: 6.Sezon 12.Bölüm
🎯 Tam Başlık: Gibi - 6.Sezon 12.Bölüm
🎯 HEX DECODE - m3u8 bulundu: https://vidlax.xyz/upload/49f5949ee6d2372e54b048e896245b9b9851/master.m3u8
      ✅ Gibi - 6.Sezon 12.Bölüm - 1 m3u8
   🔍 [68/68] Bölüm: https://diziyiizle2.com/gibi/6-sezon-13-bolum/
📺 Embed URL bulundu: https://vidlax1.xyz/embed/8d73fd3c7edaa30e
🔍 Embed URL kontrol ediliyor: https://vidlax1.xyz/embed/8d73fd3c7edaa30e
📄 Embed sayfa içeriği alındı, boyut: 39577 karakter
🎬 Video Başlığı: Gibi
📝 Video Açıklaması: 6.Sezon 13.Bölüm
🎯 Tam Başlık: Gibi - 6.Sezon 13.Bölüm
🎯 HEX DECODE - m3u8 bulundu: https://vidlax.xyz/upload/987db5125bc41bf8cd7d97e01c74574122ce/master.m3u8
      ✅ Gibi - 6.Sezon 13.Bölüm - 1 m3u8
      📁 Dizi playlist: playlists/gibi_playlist.m3u
   ✅ Dizi tamamlandı: 68 m3u8 eklendi

============================================================
🎬 [30/56] İşleniyor: https://diziyiizle2.com/dizi/var-bunlar-izle-14/
📺 Bölüm bulundu: Heweliusz1.Sezon 1.BölümAltyazılı - https://diziyiizle2.com/heweliusz/1-sezon-1-bolum/
📺 Bölüm bulundu: Hazbin Hotel2.Sezon 3.BölümAltyazılı - https://diziyiizle2.com/hazbin-hotel/2-sezon-3-bolum/
📺 Bölüm bulundu: Gümrük Muhafaza Türkiye1.Sezon 10.BölümAltyazılı - https://diziyiizle2.com/gumruk-muhafaza-turkiye/1-sezon-10-bolum/
📺 Bölüm bulundu: Robin Hood1.Sezon 1.BölümDublaj - https://diziyiizle2.com/robin-hood/1-sezon-1-bolum/
📺 Bölüm bulundu: Murdaugh: Death in the Family1.Sezon 6.BölümAltyazılı - https://diziyiizle2.com/murdaugh-death-in-the-family/1-sezon-6-bolum/
📺 Bölüm bulundu: Loot3.Sezon 5.BölümAltyazılı - https://diziyiizle2.com/loot/3-sezon-5-bolum/
📺 Bölüm bulundu: The Morning Show4.Sezon 8.BölümAltyazılı - https://diziyiizle2.com/the-morning-show/4-sezon-8-bolum/
📺 Bölüm bulundu: Down Cemetery Road1.Sezon 3.BölümAltyazılı - https://diziyiizle2.com/down-cemetery-road/1-sezon-3-bolum/
📺 Bölüm bulundu: De Big Fuck-up1.Sezon 1.BölümAltyazılı - https://diziyiizle2.com/de-big-fuck-up/1-sezon-1-bolum/
📺 Bölüm bulundu: Nice to Not Meet You1.Sezon 2.BölümAltyazılı - https://diziyiizle2.com/nice-to-not-meet-you/1-sezon-2-bolum/
📺 Bölüm bulundu: Physical: Asia1.Sezon 5.BölümAltyazılı - https://diziyiizle2.com/physical-asia/1-sezon-5-bolum/
📺 Bölüm bulundu: Return to Paradise2.Sezon 1.BölümAltyazılı - https://diziyiizle2.com/return-to-paradise/2-sezon-1-bolum/

📊 Toplam 12 bölüm bulundu
   🔍 [1/12] Bölüm: https://diziyiizle2.com/heweliusz/1-sezon-1-bolum/
📺 Embed URL bulundu: https://vidlax1.xyz/embed/46a17e52ded33a86
🔍 Embed URL kontrol ediliyor: https://vidlax1.xyz/embed/46a17e52ded33a86
📄 Embed sayfa içeriği alındı, boyut: 43695 karakter
🎬 Video Başlığı: Heweliusz
📝 Video Açıklaması: 1.Sezon 1.Bölüm
🎯 Tam Başlık: Heweliusz - 1.Sezon 1.Bölüm
🎯 HEX DECODE - m3u8 bulundu: https://vidlax.xyz/upload/bab5b9b9e9e50548da35f95bab4c902816f5/master.m3u8
      ✅ Heweliusz - 1.Sezon 1.Bölüm - 1 m3u8
   🔍 [2/12] Bölüm: https://diziyiizle2.com/hazbin-hotel/2-sezon-3-bolum/
📺 Embed URL bulundu: https://vidlax1.xyz/embed/58d95d2a3177b900
🔍 Embed URL kontrol ediliyor: https://vidlax1.xyz/embed/58d95d2a3177b900
📄 Embed sayfa içeriği alındı, boyut: 42137 karakter
🎬 Video Başlığı: Hazbin Hotel
📝 Video Açıklaması: 2.Sezon 3.Bölüm
🎯 Tam Başlık: Hazbin Hotel - 2.Sezon 3.Bölüm
🎯 HEX DECODE - m3u8 bulundu: https://vidlax.xyz/upload/5c96ec788ba3019f83f817dd267092fc229a/master.m3u8
      ✅ Hazbin Hotel - 2.Sezon 3.Bölüm - 1 m3u8
   🔍 [3/12] Bölüm: https://diziyiizle2.com/gumruk-muhafaza-turkiye/1-sezon-10-bolum/
📺 Embed URL bulundu: https://vidlax1.xyz/embed/d156bd5827a6da31
🔍 Embed URL kontrol ediliyor: https://vidlax1.xyz/embed/d156bd5827a6da31
📄 Embed sayfa içeriği alındı, boyut: 39597 karakter
🎬 Video Başlığı: Gümrük Muhafaza Türkiye
📝 Video Açıklaması: 1.Sezon 10.Bölüm
🎯 Tam Başlık: Gümrük Muhafaza Türkiye - 1.Sezon 10.Bölüm
🎯 HEX DECODE - m3u8 bulundu: https://vidlax.xyz/upload/83fd685ff7a6159b622745a85c965612fffc/master.m3u8
      ✅ Gümrük Muhafaza Türkiye - 1.Sezon 10.Bölüm - 1 m3u8
   🔍 [4/12] Bölüm: https://diziyiizle2.com/robin-hood/1-sezon-1-bolum/
📺 Embed URL bulundu: https://vidlax1.xyz/embed/3d95361284a22142
🔍 Embed URL kontrol ediliyor: https://vidlax1.xyz/embed/3d95361284a22142
📄 Embed sayfa içeriği alındı, boyut: 39751 karakter
🎬 Video Başlığı: Robin Hood
📝 Video Açıklaması: 1.Sezon 1.Bölüm
🎯 Tam Başlık: Robin Hood - 1.Sezon 1.Bölüm
🎯 HEX DECODE - m3u8 bulundu: https://vidlax.xyz/upload/ab4481fcc3208cc5fc49d4277e6fe2027c43/master.m3u8
      ✅ Robin Hood - 1.Sezon 1.Bölüm - 1 m3u8
   🔍 [5/12] Bölüm: https://diziyiizle2.com/murdaugh-death-in-the-family/1-sezon-6-bolum/
📺 Embed URL bulundu: https://vidlax1.xyz/embed/f5e4e27a1537e26d
🔍 Embed URL kontrol ediliyor: https://vidlax1.xyz/embed/f5e4e27a1537e26d
📄 Embed sayfa içeriği alındı, boyut: 39916 karakter
🎬 Video Başlığı: Murdaugh: Death in the Family
📝 Video Açıklaması: 1.Sezon 6.Bölüm
🎯 Tam Başlık: Murdaugh: Death in the Family - 1.Sezon 6.Bölüm
🎯 HEX DECODE - m3u8 bulundu: https://vidlax.xyz/upload/dd902ca00cfca87e4758f543abb06ba69487/master.m3u8
      ✅ Murdaugh: Death in the Family - 1.Sezon 6.Bölüm - 1 m3u8
   🔍 [6/12] Bölüm: https://diziyiizle2.com/loot/3-sezon-5-bolum/
📺 Embed URL bulundu: https://vidlax1.xyz/embed/003047a9189af27e
🔍 Embed URL kontrol ediliyor: https://vidlax1.xyz/embed/003047a9189af27e
📄 Embed sayfa içeriği alındı, boyut: 43321 karakter
🎬 Video Başlığı: Loot
📝 Video Açıklaması: 3.Sezon 5.Bölüm
🎯 Tam Başlık: Loot - 3.Sezon 5.Bölüm
🎯 HEX DECODE - m3u8 bulundu: https://vidlax.xyz/upload/4c7d37d0bf69954d2b15450df890c57511ff/master.m3u8
      ✅ Loot - 3.Sezon 5.Bölüm - 1 m3u8
   🔍 [7/12] Bölüm: https://diziyiizle2.com/the-morning-show/4-sezon-8-bolum/
📺 Embed URL bulundu: https://vidlax1.xyz/embed/96d6b73f85f93347
🔍 Embed URL kontrol ediliyor: https://vidlax1.xyz/embed/96d6b73f85f93347
📄 Embed sayfa içeriği alındı, boyut: 43013 karakter
🎬 Video Başlığı: The Morning Show
📝 Video Açıklaması: 4.Sezon 8.Bölüm
🎯 Tam Başlık: The Morning Show - 4.Sezon 8.Bölüm
🎯 HEX DECODE - m3u8 bulundu: https://vidlax.xyz/upload/554b4ae533face49cd9d79217f7302885713/master.m3u8
      ✅ The Morning Show - 4.Sezon 8.Bölüm - 1 m3u8
   🔍 [8/12] Bölüm: https://diziyiizle2.com/down-cemetery-road/1-sezon-3-bolum/
📺 Embed URL bulundu: https://vidlax1.xyz/embed/307cfbd7a5c113cc
🔍 Embed URL kontrol ediliyor: https://vidlax1.xyz/embed/307cfbd7a5c113cc
📄 Embed sayfa içeriği alındı, boyut: 43020 karakter
🎬 Video Başlığı: Down Cemetery Road
📝 Video Açıklaması: 1.Sezon 3.Bölüm
🎯 Tam Başlık: Down Cemetery Road - 1.Sezon 3.Bölüm
🎯 HEX DECODE - m3u8 bulundu: https://vidlax.xyz/upload/2e8ea64327c7f6e5fd550facd730559a45bb/master.m3u8
      ✅ Down Cemetery Road - 1.Sezon 3.Bölüm - 1 m3u8
   🔍 [9/12] Bölüm: https://diziyiizle2.com/de-big-fuck-up/1-sezon-1-bolum/
📺 Embed URL bulundu: https://vidlax1.xyz/embed/c9ddb56be4a31626
🔍 Embed URL kontrol ediliyor: https://vidlax1.xyz/embed/c9ddb56be4a31626
📄 Embed sayfa içeriği alındı, boyut: 39897 karakter
🎬 Video Başlığı: De Big Fuck-up
📝 Video Açıklaması: 1.Sezon 1.Bölüm
🎯 Tam Başlık: De Big Fuck-up - 1.Sezon 1.Bölüm
🎯 HEX DECODE - m3u8 bulundu: https://vidlax.xyz/upload/30cb57cc88b178438fe60250198adec61665/master.m3u8
      ✅ De Big Fuck-up - 1.Sezon 1.Bölüm - 1 m3u8
   🔍 [10/12] Bölüm: https://diziyiizle2.com/nice-to-not-meet-you/1-sezon-2-bolum/

🔍 Vidlax direkt analizi: https://diziyiizle2.com/nice-to-not-meet-you/1-sezon-2-bolum/
📄 Sayfa içeriği alındı: 94006 karakter
❌ m3u8 URL'si bulunamadı
      ❌ m3u8 bulunamadı
   🔍 [11/12] Bölüm: https://diziyiizle2.com/physical-asia/1-sezon-5-bolum/
📺 Embed URL bulundu: https://vidlax1.xyz/embed/f13c0ec974bc41be
🔍 Embed URL kontrol ediliyor: https://vidlax1.xyz/embed/f13c0ec974bc41be
📄 Embed sayfa içeriği alındı, boyut: 42823 karakter
🎬 Video Başlığı: Physical: Asia
📝 Video Açıklaması: 1.Sezon 5.Bölüm
🎯 Tam Başlık: Physical: Asia - 1.Sezon 5.Bölüm
🎯 HEX DECODE - m3u8 bulundu: https://vidlax.xyz/upload/e051849074787d706359b750a8bea55836a3/master.m3u8
      ✅ Physical: Asia - 1.Sezon 5.Bölüm - 1 m3u8
   🔍 [12/12] Bölüm: https://diziyiizle2.com/return-to-paradise/2-sezon-1-bolum/
📺 Embed URL bulundu: https://vidlax1.xyz/embed/e17f0497ea56c922
🔍 Embed URL kontrol ediliyor: https://vidlax1.xyz/embed/e17f0497ea56c922
📄 Embed sayfa içeriği alındı, boyut: 39763 karakter
🎬 Video Başlığı: Return To Paradise
📝 Video Açıklaması: 2.Sezon 1.Bölüm
🎯 Tam Başlık: Return To Paradise - 2.Sezon 1.Bölüm
🎯 HEX DECODE - m3u8 bulundu: https://vidlax.xyz/upload/c768e3e31ffb71c99e947de48caa77d08afb/master.m3u8
      ✅ Return To Paradise - 2.Sezon 1.Bölüm - 1 m3u8
      📁 Dizi playlist: playlists/var_bunlar_izle_14_playlist.m3u
   ✅ Dizi tamamlandı: 11 m3u8 eklendi

============================================================
🎬 [31/56] İşleniyor: https://diziyiizle2.com/dizi/prens-izle-4/
📺 Bölüm bulundu: 1. Sezon 1. BölümDual10.08.202538 dk. - https://diziyiizle2.com/prens-izle-4/1-sezon-1-bolum/
📺 Bölüm bulundu: 1. Sezon 2. BölümDual10.08.202539 dk. - https://diziyiizle2.com/prens-izle-4/1-sezon-2-bolum/
📺 Bölüm bulundu: 1. Sezon 3. BölümDual10.08.202545 dk. - https://diziyiizle2.com/prens-izle-4/1-sezon-3-bolum/
📺 Bölüm bulundu: 1. Sezon 4. BölümDual10.08.202548 dk. - https://diziyiizle2.com/prens-izle-4/1-sezon-4-bolum/
📺 Bölüm bulundu: 1. Sezon 5. BölümDual10.08.202544 dk. - https://diziyiizle2.com/prens-izle-4/1-sezon-5-bolum/
📺 Bölüm bulundu: 1. Sezon 6. BölümDual10.08.202539 dk. - https://diziyiizle2.com/prens-izle-4/1-sezon-6-bolum/
📺 Bölüm bulundu: 1. Sezon 7. BölümDual10.08.202541 dk. - https://diziyiizle2.com/prens-izle-4/1-sezon-7-bolum/
📺 Bölüm bulundu: 1. Sezon 8. BölümDual10.08.202549 dk. - https://diziyiizle2.com/prens-izle-4/1-sezon-8-bolum/
📺 Bölüm bulundu: 2. Sezon 1. BölümDual10.08.202542 dk. - https://diziyiizle2.com/prens-izle-4/2-sezon-1-bolum/
📺 Bölüm bulundu: 2. Sezon 2. BölümDual10.08.202546 dk. - https://diziyiizle2.com/prens-izle-4/2-sezon-2-bolum/
📺 Bölüm bulundu: 2. Sezon 3. BölümDual10.08.202543 dk. - https://diziyiizle2.com/prens-izle-4/2-sezon-3-bolum/
📺 Bölüm bulundu: 2. Sezon 4. BölümDual10.08.202542 dk. - https://diziyiizle2.com/prens-izle-4/2-sezon-4-bolum/
📺 Bölüm bulundu: 2. Sezon 5. BölümDual10.08.202545 dk. - https://diziyiizle2.com/prens-izle-4/2-sezon-5-bolum/
📺 Bölüm bulundu: 2. Sezon 6. BölümDual10.08.202543 dk. - https://diziyiizle2.com/prens-izle-4/2-sezon-6-bolum/
📺 Bölüm bulundu: 2. Sezon 7. BölümDual10.08.202555 dk. - https://diziyiizle2.com/prens-izle-4/2-sezon-7-bolum/
📺 Bölüm bulundu: 3. Sezon 1. BölümDual10.08.202557 dk. - https://diziyiizle2.com/prens-izle-4/3-sezon-1-bolum/
📺 Bölüm bulundu: 3. Sezon 2. BölümDual10.08.202553 dk. - https://diziyiizle2.com/prens-izle-4/3-sezon-2-bolum/
📺 Bölüm bulundu: 3. Sezon 3. BölümDual10.08.202557 dk. - https://diziyiizle2.com/prens-izle-4/3-sezon-3-bolum/
📺 Bölüm bulundu: 3. Sezon 4. BölümAltyazılı10.08.202555 dk. - https://diziyiizle2.com/prens-izle-4/3-sezon-4-bolum/
📺 Bölüm bulundu: 3. Sezon 5. BölümDual10.08.202554 dk. - https://diziyiizle2.com/prens-izle-4/3-sezon-5-bolum/
📺 Bölüm bulundu: 3. Sezon 6. BölümDual10.08.202551 dk. - https://diziyiizle2.com/prens-izle-4/3-sezon-6-bolum/
📺 Bölüm bulundu: 3. Sezon 7. BölümDual10.08.202546 dk. - https://diziyiizle2.com/prens-izle-4/3-sezon-7-bolum/
📺 Bölüm bulundu: 3. Sezon 8. BölümDual10.08.202565 dk. - https://diziyiizle2.com/prens-izle-4/3-sezon-8-bolum/

📊 Toplam 23 bölüm bulundu
   🔍 [1/23] Bölüm: https://diziyiizle2.com/prens-izle-4/1-sezon-1-bolum/
📺 Embed URL bulundu: https://vidlax1.xyz/embed/ea6baadf3a8eda54
🔍 Embed URL kontrol ediliyor: https://vidlax1.xyz/embed/ea6baadf3a8eda54
📄 Embed sayfa içeriği alındı, boyut: 39748 karakter
🎬 Video Başlığı: Prens
📝 Video Açıklaması: 1.Sezon 1.Bölüm
🎯 Tam Başlık: Prens - 1.Sezon 1.Bölüm
🎯 HEX DECODE - m3u8 bulundu: https://vidlax.xyz/upload/39d518ba6fa697b00e80bf20ace59ad803ef/master.m3u8
      ✅ Prens - 1.Sezon 1.Bölüm - 1 m3u8
   🔍 [2/23] Bölüm: https://diziyiizle2.com/prens-izle-4/1-sezon-2-bolum/
📺 Embed URL bulundu: https://vidlax1.xyz/embed/b7fffab06fae0ba6
🔍 Embed URL kontrol ediliyor: https://vidlax1.xyz/embed/b7fffab06fae0ba6
📄 Embed sayfa içeriği alındı, boyut: 39748 karakter
🎬 Video Başlığı: Prens
📝 Video Açıklaması: 1.Sezon 2.Bölüm
🎯 Tam Başlık: Prens - 1.Sezon 2.Bölüm
🎯 HEX DECODE - m3u8 bulundu: https://vidlax.xyz/upload/dd56dc18ca0e5142d72f75be82249e5db57d/master.m3u8
      ✅ Prens - 1.Sezon 2.Bölüm - 1 m3u8
   🔍 [3/23] Bölüm: https://diziyiizle2.com/prens-izle-4/1-sezon-3-bolum/
📺 Embed URL bulundu: https://vidlax1.xyz/embed/c36abd0347fe7904
🔍 Embed URL kontrol ediliyor: https://vidlax1.xyz/embed/c36abd0347fe7904
📄 Embed sayfa içeriği alındı, boyut: 39748 karakter
🎬 Video Başlığı: Prens
📝 Video Açıklaması: 1.Sezon 3.Bölüm
🎯 Tam Başlık: Prens - 1.Sezon 3.Bölüm
🎯 HEX DECODE - m3u8 bulundu: https://vidlax.xyz/upload/ef1e9eca92cbc4ccfbdc8a49f6df9620f46e/master.m3u8
      ✅ Prens - 1.Sezon 3.Bölüm - 1 m3u8
   🔍 [4/23] Bölüm: https://diziyiizle2.com/prens-izle-4/1-sezon-4-bolum/
📺 Embed URL bulundu: https://vidlax1.xyz/embed/bc93ad37ebb774c0
🔍 Embed URL kontrol ediliyor: https://vidlax1.xyz/embed/bc93ad37ebb774c0
📄 Embed sayfa içeriği alındı, boyut: 39748 karakter
🎬 Video Başlığı: Prens
📝 Video Açıklaması: 1.Sezon 4.Bölüm
🎯 Tam Başlık: Prens - 1.Sezon 4.Bölüm
🎯 HEX DECODE - m3u8 bulundu: https://vidlax.xyz/upload/82e56027c903368e6e1a69aa35dfee766f66/master.m3u8
      ✅ Prens - 1.Sezon 4.Bölüm - 1 m3u8
   🔍 [5/23] Bölüm: https://diziyiizle2.com/prens-izle-4/1-sezon-5-bolum/
📺 Embed URL bulundu: https://vidlax1.xyz/embed/8a02dbd273505a8b
🔍 Embed URL kontrol ediliyor: https://vidlax1.xyz/embed/8a02dbd273505a8b
📄 Embed sayfa içeriği alındı, boyut: 39748 karakter
🎬 Video Başlığı: Prens
📝 Video Açıklaması: 1.Sezon 5.Bölüm
🎯 Tam Başlık: Prens - 1.Sezon 5.Bölüm
🎯 HEX DECODE - m3u8 bulundu: https://vidlax.xyz/upload/0a73e6f2502488cf58058b2df6775c8a6dea/master.m3u8
      ✅ Prens - 1.Sezon 5.Bölüm - 1 m3u8
   🔍 [6/23] Bölüm: https://diziyiizle2.com/prens-izle-4/1-sezon-6-bolum/
📺 Embed URL bulundu: https://vidlax1.xyz/embed/101a24d32814d075
🔍 Embed URL kontrol ediliyor: https://vidlax1.xyz/embed/101a24d32814d075
📄 Embed sayfa içeriği alındı, boyut: 39748 karakter
🎬 Video Başlığı: Prens
📝 Video Açıklaması: 1.Sezon 6.Bölüm
🎯 Tam Başlık: Prens - 1.Sezon 6.Bölüm
🎯 HEX DECODE - m3u8 bulundu: https://vidlax.xyz/upload/edcebac5ffb7c31392006fe02b6c6066d204/master.m3u8
      ✅ Prens - 1.Sezon 6.Bölüm - 1 m3u8
   🔍 [7/23] Bölüm: https://diziyiizle2.com/prens-izle-4/1-sezon-7-bolum/
📺 Embed URL bulundu: https://vidlax1.xyz/embed/40cfaf57a20c3d9f
🔍 Embed URL kontrol ediliyor: https://vidlax1.xyz/embed/40cfaf57a20c3d9f
📄 Embed sayfa içeriği alındı, boyut: 39748 karakter
🎬 Video Başlığı: Prens
📝 Video Açıklaması: 1.Sezon 7.Bölüm
🎯 Tam Başlık: Prens - 1.Sezon 7.Bölüm
🎯 HEX DECODE - m3u8 bulundu: https://vidlax.xyz/upload/325a05aa777a0f61f95f5f892a9b6771b0f3/master.m3u8
      ✅ Prens - 1.Sezon 7.Bölüm - 1 m3u8
   🔍 [8/23] Bölüm: https://diziyiizle2.com/prens-izle-4/1-sezon-8-bolum/
📺 Embed URL bulundu: https://vidlax1.xyz/embed/b307773309f2fcd5
🔍 Embed URL kontrol ediliyor: https://vidlax1.xyz/embed/b307773309f2fcd5
📄 Embed sayfa içeriği alındı, boyut: 39763 karakter
🎬 Video Başlığı: Prens
📝 Video Açıklaması: 1.Sezon 8.Bölüm | Sezon Finali
🎯 Tam Başlık: Prens - 1.Sezon 8.Bölüm | Sezon Finali
🎯 HEX DECODE - m3u8 bulundu: https://vidlax.xyz/upload/36083be07889b1afdbcad8d2e95119741a53/master.m3u8
      ✅ Prens - 1.Sezon 8.Bölüm | Sezon Finali - 1 m3u8
   🔍 [9/23] Bölüm: https://diziyiizle2.com/prens-izle-4/2-sezon-1-bolum/
📺 Embed URL bulundu: https://vidlax1.xyz/embed/3331980f19a9a7f6
🔍 Embed URL kontrol ediliyor: https://vidlax1.xyz/embed/3331980f19a9a7f6
📄 Embed sayfa içeriği alındı, boyut: 39748 karakter
🎬 Video Başlığı: Prens
📝 Video Açıklaması: 2.Sezon 1.Bölüm
🎯 Tam Başlık: Prens - 2.Sezon 1.Bölüm
🎯 HEX DECODE - m3u8 bulundu: https://vidlax.xyz/upload/282c6f5a0e1402e31586b05021e36acb5e33/master.m3u8
      ✅ Prens - 2.Sezon 1.Bölüm - 1 m3u8
   🔍 [10/23] Bölüm: https://diziyiizle2.com/prens-izle-4/2-sezon-2-bolum/
📺 Embed URL bulundu: https://vidlax1.xyz/embed/bf9616a746e11031
🔍 Embed URL kontrol ediliyor: https://vidlax1.xyz/embed/bf9616a746e11031
📄 Embed sayfa içeriği alındı, boyut: 39748 karakter
🎬 Video Başlığı: Prens
📝 Video Açıklaması: 2.Sezon 2.Bölüm
🎯 Tam Başlık: Prens - 2.Sezon 2.Bölüm
🎯 HEX DECODE - m3u8 bulundu: https://vidlax.xyz/upload/77a0416fb85930414a46acc75a6e5171f477/master.m3u8
      ✅ Prens - 2.Sezon 2.Bölüm - 1 m3u8
   🔍 [11/23] Bölüm: https://diziyiizle2.com/prens-izle-4/2-sezon-3-bolum/
📺 Embed URL bulundu: https://vidlax1.xyz/embed/7931d085cacd578d
🔍 Embed URL kontrol ediliyor: https://vidlax1.xyz/embed/7931d085cacd578d
📄 Embed sayfa içeriği alındı, boyut: 39748 karakter
🎬 Video Başlığı: Prens
📝 Video Açıklaması: 2.Sezon 3.Bölüm
🎯 Tam Başlık: Prens - 2.Sezon 3.Bölüm
🎯 HEX DECODE - m3u8 bulundu: https://vidlax.xyz/upload/8bb212d4c0e1d9a58d2d9a1c687e31c98098/master.m3u8
      ✅ Prens - 2.Sezon 3.Bölüm - 1 m3u8
   🔍 [12/23] Bölüm: https://diziyiizle2.com/prens-izle-4/2-sezon-4-bolum/
📺 Embed URL bulundu: https://vidlax1.xyz/embed/ae3bce3193ac7b42
🔍 Embed URL kontrol ediliyor: https://vidlax1.xyz/embed/ae3bce3193ac7b42
📄 Embed sayfa içeriği alındı, boyut: 39748 karakter
🎬 Video Başlığı: Prens
📝 Video Açıklaması: 2.Sezon 4.Bölüm
🎯 Tam Başlık: Prens - 2.Sezon 4.Bölüm
🎯 HEX DECODE - m3u8 bulundu: https://vidlax.xyz/upload/4271ba4a9474d51511d21c8c42f6495c7e96/master.m3u8
      ✅ Prens - 2.Sezon 4.Bölüm - 1 m3u8
   🔍 [13/23] Bölüm: https://diziyiizle2.com/prens-izle-4/2-sezon-5-bolum/
📺 Embed URL bulundu: https://vidlax1.xyz/embed/15cd05a347502dba
🔍 Embed URL kontrol ediliyor: https://vidlax1.xyz/embed/15cd05a347502dba
📄 Embed sayfa içeriği alındı, boyut: 39748 karakter
🎬 Video Başlığı: Prens
📝 Video Açıklaması: 2.Sezon 5.Bölüm
🎯 Tam Başlık: Prens - 2.Sezon 5.Bölüm
🎯 HEX DECODE - m3u8 bulundu: https://vidlax.xyz/upload/339421e5e4e7be6fce4071605cebb5232181/master.m3u8
      ✅ Prens - 2.Sezon 5.Bölüm - 1 m3u8
   🔍 [14/23] Bölüm: https://diziyiizle2.com/prens-izle-4/2-sezon-6-bolum/
📺 Embed URL bulundu: https://vidlax1.xyz/embed/28bf20484047c4cb
🔍 Embed URL kontrol ediliyor: https://vidlax1.xyz/embed/28bf20484047c4cb
📄 Embed sayfa içeriği alındı, boyut: 39748 karakter
🎬 Video Başlığı: Prens
📝 Video Açıklaması: 2.Sezon 6.Bölüm
🎯 Tam Başlık: Prens - 2.Sezon 6.Bölüm
🎯 HEX DECODE - m3u8 bulundu: https://vidlax.xyz/upload/486a3caa9366a7c695301bff50386b0f0423/master.m3u8
      ✅ Prens - 2.Sezon 6.Bölüm - 1 m3u8
   🔍 [15/23] Bölüm: https://diziyiizle2.com/prens-izle-4/2-sezon-7-bolum/
📺 Embed URL bulundu: https://vidlax1.xyz/embed/3750cb0618b69a76
🔍 Embed URL kontrol ediliyor: https://vidlax1.xyz/embed/3750cb0618b69a76
📄 Embed sayfa içeriği alındı, boyut: 39748 karakter
🎬 Video Başlığı: Prens
📝 Video Açıklaması: 2.Sezon 7.Bölüm
🎯 Tam Başlık: Prens - 2.Sezon 7.Bölüm
🎯 HEX DECODE - m3u8 bulundu: https://vidlax.xyz/upload/f46ae2fd84871dde2ed87ba886363ca47ad3/master.m3u8
      ✅ Prens - 2.Sezon 7.Bölüm - 1 m3u8
   🔍 [16/23] Bölüm: https://diziyiizle2.com/prens-izle-4/3-sezon-1-bolum/
📺 Embed URL bulundu: https://vidlax1.xyz/embed/98299665ddc2d22c
🔍 Embed URL kontrol ediliyor: https://vidlax1.xyz/embed/98299665ddc2d22c
📄 Embed sayfa içeriği alındı, boyut: 39925 karakter
🎬 Video Başlığı: Prens
📝 Video Açıklaması: 3.Sezon 1.Bölüm
🎯 Tam Başlık: Prens - 3.Sezon 1.Bölüm
🎯 HEX DECODE - m3u8 bulundu: https://vidlax.xyz/upload/f9a39d25d11c0551ec0873c9293653c24634/master.m3u8
      ✅ Prens - 3.Sezon 1.Bölüm - 1 m3u8
   🔍 [17/23] Bölüm: https://diziyiizle2.com/prens-izle-4/3-sezon-2-bolum/
📺 Embed URL bulundu: https://vidlax1.xyz/embed/7ffc27ae59479268
🔍 Embed URL kontrol ediliyor: https://vidlax1.xyz/embed/7ffc27ae59479268
📄 Embed sayfa içeriği alındı, boyut: 39906 karakter
🎬 Video Başlığı: Prens
📝 Video Açıklaması: 3.Sezon 2.Bölüm
🎯 Tam Başlık: Prens - 3.Sezon 2.Bölüm
🎯 HEX DECODE - m3u8 bulundu: https://vidlax.xyz/upload/cc250932ae61e373b483ddbb5c0dfb3a351d/master.m3u8
      ✅ Prens - 3.Sezon 2.Bölüm - 1 m3u8
   🔍 [18/23] Bölüm: https://diziyiizle2.com/prens-izle-4/3-sezon-3-bolum/
📺 Embed URL bulundu: https://vidlax1.xyz/embed/eadc2905b25812c8
🔍 Embed URL kontrol ediliyor: https://vidlax1.xyz/embed/eadc2905b25812c8
📄 Embed sayfa içeriği alındı, boyut: 39925 karakter
🎬 Video Başlığı: Prens
📝 Video Açıklaması: 3.Sezon 3.Bölüm
🎯 Tam Başlık: Prens - 3.Sezon 3.Bölüm
🎯 HEX DECODE - m3u8 bulundu: https://vidlax.xyz/upload/9cde99a3192e81ea6a4300de5beb34bd8b93/master.m3u8
      ✅ Prens - 3.Sezon 3.Bölüm - 1 m3u8
   🔍 [19/23] Bölüm: https://diziyiizle2.com/prens-izle-4/3-sezon-4-bolum/

🔍 Vidlax direkt analizi: https://diziyiizle2.com/prens-izle-4/3-sezon-4-bolum/
📄 Sayfa içeriği alındı: 81512 karakter
❌ m3u8 URL'si bulunamadı
      ❌ m3u8 bulunamadı
   🔍 [20/23] Bölüm: https://diziyiizle2.com/prens-izle-4/3-sezon-5-bolum/
📺 Embed URL bulundu: https://vidlax1.xyz/embed/9b86bd3041dcc758
🔍 Embed URL kontrol ediliyor: https://vidlax1.xyz/embed/9b86bd3041dcc758
📄 Embed sayfa içeriği alındı, boyut: 39916 karakter
🎬 Video Başlığı: Prens
📝 Video Açıklaması: 3.Sezon 5.Bölüm
🎯 Tam Başlık: Prens - 3.Sezon 5.Bölüm
🎯 HEX DECODE - m3u8 bulundu: https://vidlax.xyz/upload/10fa5533ce9ec4e04f58d40c7b7fdbb37dc1/master.m3u8
      ✅ Prens - 3.Sezon 5.Bölüm - 1 m3u8
   🔍 [21/23] Bölüm: https://diziyiizle2.com/prens-izle-4/3-sezon-6-bolum/
📺 Embed URL bulundu: https://vidlax1.xyz/embed/71923198391429a6
🔍 Embed URL kontrol ediliyor: https://vidlax1.xyz/embed/71923198391429a6
📄 Embed sayfa içeriği alındı, boyut: 40093 karakter
🎬 Video Başlığı: Prens
📝 Video Açıklaması: 3.Sezon 6.Bölüm
🎯 Tam Başlık: Prens - 3.Sezon 6.Bölüm
🎯 HEX DECODE - m3u8 bulundu: https://vidlax.xyz/upload/7e0d0c14ec48a77fd3ade353ef60f080ba71/master.m3u8
      ✅ Prens - 3.Sezon 6.Bölüm - 1 m3u8
   🔍 [22/23] Bölüm: https://diziyiizle2.com/prens-izle-4/3-sezon-7-bolum/
📺 Embed URL bulundu: https://vidlax1.xyz/embed/a8b8d1cc111d451d
🔍 Embed URL kontrol ediliyor: https://vidlax1.xyz/embed/a8b8d1cc111d451d
📄 Embed sayfa içeriği alındı, boyut: 40093 karakter
🎬 Video Başlığı: Prens
📝 Video Açıklaması: 3.Sezon 7.Bölüm
🎯 Tam Başlık: Prens - 3.Sezon 7.Bölüm
🎯 HEX DECODE - m3u8 bulundu: https://vidlax.xyz/upload/54a99c0fb0ca90ada551079258b3c6b9a521/master.m3u8
      ✅ Prens - 3.Sezon 7.Bölüm - 1 m3u8
   🔍 [23/23] Bölüm: https://diziyiizle2.com/prens-izle-4/3-sezon-8-bolum/
📺 Embed URL bulundu: https://vidlax1.xyz/embed/ebfcbadf25b631a0
🔍 Embed URL kontrol ediliyor: https://vidlax1.xyz/embed/ebfcbadf25b631a0
📄 Embed sayfa içeriği alındı, boyut: 40093 karakter
🎬 Video Başlığı: Prens
📝 Video Açıklaması: 3.Sezon 8.Bölüm
🎯 Tam Başlık: Prens - 3.Sezon 8.Bölüm
🎯 HEX DECODE - m3u8 bulundu: https://vidlax.xyz/upload/bb45de0cf8132ba9c123f2f5d44db101b9b5/master.m3u8
      ✅ Prens - 3.Sezon 8.Bölüm - 1 m3u8
      📁 Dizi playlist: playlists/prens_izle_4_playlist.m3u
   ✅ Dizi tamamlandı: 22 m3u8 eklendi

============================================================
🎬 [32/56] İşleniyor: https://diziyiizle2.com/dizi/yesilcam/
📺 Bölüm bulundu: 1. Sezon 1. BölümDual01.11.202555 dk. - https://diziyiizle2.com/yesilcam/1-sezon-1-bolum/
📺 Bölüm bulundu: 1. Sezon 2. BölümDual01.11.202555 dk. - https://diziyiizle2.com/yesilcam/1-sezon-2-bolum/
📺 Bölüm bulundu: 1. Sezon 3. BölümDual01.11.202555 dk. - https://diziyiizle2.com/yesilcam/1-sezon-3-bolum/
📺 Bölüm bulundu: 1. Sezon 4. BölümDual01.11.202555 dk. - https://diziyiizle2.com/yesilcam/1-sezon-4-bolum/
📺 Bölüm bulundu: 1. Sezon 5. BölümDual01.11.202555 dk. - https://diziyiizle2.com/yesilcam/1-sezon-5-bolum/
📺 Bölüm bulundu: 1. Sezon 6. BölümDual01.11.202555 dk. - https://diziyiizle2.com/yesilcam/1-sezon-6-bolum/
📺 Bölüm bulundu: 1. Sezon 7. BölümDual01.11.202555 dk. - https://diziyiizle2.com/yesilcam/1-sezon-7-bolum/
📺 Bölüm bulundu: 1. Sezon 8. BölümDual01.11.202555 dk. - https://diziyiizle2.com/yesilcam/1-sezon-8-bolum/
📺 Bölüm bulundu: 1. Sezon 9. BölümDual01.11.202555 dk. - https://diziyiizle2.com/yesilcam/1-sezon-9-bolum/
📺 Bölüm bulundu: 1. Sezon 10. BölümAltyazılı01.11.202555 dk. - https://diziyiizle2.com/yesilcam/1-sezon-10-bolum/
📺 Bölüm bulundu: 2. Sezon 1. BölümDual01.11.202555 dk. - https://diziyiizle2.com/yesilcam/2-sezon-1-bolum/
📺 Bölüm bulundu: 2. Sezon 2. BölümDual01.11.202555 dk. - https://diziyiizle2.com/yesilcam/2-sezon-2-bolum/
📺 Bölüm bulundu: 2. Sezon 3. BölümDual01.11.202555 dk. - https://diziyiizle2.com/yesilcam/2-sezon-3-bolum/
📺 Bölüm bulundu: 2. Sezon 4. BölümDual01.11.202555 dk. - https://diziyiizle2.com/yesilcam/2-sezon-4-bolum/
📺 Bölüm bulundu: 2. Sezon 5. BölümDual01.11.202555 dk. - https://diziyiizle2.com/yesilcam/2-sezon-5-bolum/
📺 Bölüm bulundu: 2. Sezon 6. BölümDual01.11.202555 dk. - https://diziyiizle2.com/yesilcam/2-sezon-6-bolum/
📺 Bölüm bulundu: 2. Sezon 7. BölümDual01.11.202555 dk. - https://diziyiizle2.com/yesilcam/2-sezon-7-bolum/
📺 Bölüm bulundu: 2. Sezon 8. BölümDual01.11.202555 dk. - https://diziyiizle2.com/yesilcam/2-sezon-8-bolum/
📺 Bölüm bulundu: 2. Sezon 9. BölümDual01.11.202555 dk. - https://diziyiizle2.com/yesilcam/2-sezon-9-bolum/
📺 Bölüm bulundu: 2. Sezon 10. BölümDual01.11.202555 dk. - https://diziyiizle2.com/yesilcam/2-sezon-10-bolum/

📊 Toplam 20 bölüm bulundu
   🔍 [1/20] Bölüm: https://diziyiizle2.com/yesilcam/1-sezon-1-bolum/
📺 Embed URL bulundu: https://vidlax1.xyz/embed/6a1637c738f9db13
🔍 Embed URL kontrol ediliyor: https://vidlax1.xyz/embed/6a1637c738f9db13
📄 Embed sayfa içeriği alındı, boyut: 39581 karakter
🎬 Video Başlığı: Yeşilçam
📝 Video Açıklaması: 1.Sezon 1.Bölüm
🎯 Tam Başlık: Yeşilçam - 1.Sezon 1.Bölüm
🎯 HEX DECODE - m3u8 bulundu: https://vidlax.xyz/upload/aeca011edfa43c80f0adbfa6897a16b90b80/master.m3u8
      ✅ Yeşilçam - 1.Sezon 1.Bölüm - 1 m3u8
   🔍 [2/20] Bölüm: https://diziyiizle2.com/yesilcam/1-sezon-2-bolum/
📺 Embed URL bulundu: https://vidlax1.xyz/embed/30cab84b9e7bf53f
🔍 Embed URL kontrol ediliyor: https://vidlax1.xyz/embed/30cab84b9e7bf53f
📄 Embed sayfa içeriği alındı, boyut: 39581 karakter
🎬 Video Başlığı: Yeşilçam
📝 Video Açıklaması: 1.Sezon 2.Bölüm
🎯 Tam Başlık: Yeşilçam - 1.Sezon 2.Bölüm
🎯 HEX DECODE - m3u8 bulundu: https://vidlax.xyz/upload/fc11d8e7513a2e98bcbf8bc569a6d6d046f2/master.m3u8
      ✅ Yeşilçam - 1.Sezon 2.Bölüm - 1 m3u8
   🔍 [3/20] Bölüm: https://diziyiizle2.com/yesilcam/1-sezon-3-bolum/
📺 Embed URL bulundu: https://vidlax1.xyz/embed/1e9b28afb0ee2516
🔍 Embed URL kontrol ediliyor: https://vidlax1.xyz/embed/1e9b28afb0ee2516
📄 Embed sayfa içeriği alındı, boyut: 39581 karakter
🎬 Video Başlığı: Yeşilçam
📝 Video Açıklaması: 1.Sezon 3.Bölüm
🎯 Tam Başlık: Yeşilçam - 1.Sezon 3.Bölüm
🎯 HEX DECODE - m3u8 bulundu: https://vidlax.xyz/upload/7fe279402af28a048a09e8247fed03123222/master.m3u8
      ✅ Yeşilçam - 1.Sezon 3.Bölüm - 1 m3u8
   🔍 [4/20] Bölüm: https://diziyiizle2.com/yesilcam/1-sezon-4-bolum/
📺 Embed URL bulundu: https://vidlax1.xyz/embed/6011b0db50b08795
🔍 Embed URL kontrol ediliyor: https://vidlax1.xyz/embed/6011b0db50b08795
📄 Embed sayfa içeriği alındı, boyut: 39581 karakter
🎬 Video Başlığı: Yeşilçam
📝 Video Açıklaması: 1.Sezon 4.Bölüm
🎯 Tam Başlık: Yeşilçam - 1.Sezon 4.Bölüm
🎯 HEX DECODE - m3u8 bulundu: https://vidlax.xyz/upload/ac0e6eb9ad5fc679124e98c8dad8d29be0f4/master.m3u8
      ✅ Yeşilçam - 1.Sezon 4.Bölüm - 1 m3u8
   🔍 [5/20] Bölüm: https://diziyiizle2.com/yesilcam/1-sezon-5-bolum/
📺 Embed URL bulundu: https://vidlax1.xyz/embed/e1f2e6a9c80a4e86
🔍 Embed URL kontrol ediliyor: https://vidlax1.xyz/embed/e1f2e6a9c80a4e86
📄 Embed sayfa içeriği alındı, boyut: 39581 karakter
🎬 Video Başlığı: Yeşilçam
📝 Video Açıklaması: 1.Sezon 5.Bölüm
🎯 Tam Başlık: Yeşilçam - 1.Sezon 5.Bölüm
🎯 HEX DECODE - m3u8 bulundu: https://vidlax.xyz/upload/33c701438f2c61ba8beb601abec2c5508820/master.m3u8
      ✅ Yeşilçam - 1.Sezon 5.Bölüm - 1 m3u8
   🔍 [6/20] Bölüm: https://diziyiizle2.com/yesilcam/1-sezon-6-bolum/
📺 Embed URL bulundu: https://vidlax1.xyz/embed/786db80d6c8d06a7
🔍 Embed URL kontrol ediliyor: https://vidlax1.xyz/embed/786db80d6c8d06a7
📄 Embed sayfa içeriği alındı, boyut: 39581 karakter
🎬 Video Başlığı: Yeşilçam
📝 Video Açıklaması: 1.Sezon 6.Bölüm
🎯 Tam Başlık: Yeşilçam - 1.Sezon 6.Bölüm
🎯 HEX DECODE - m3u8 bulundu: https://vidlax.xyz/upload/fde9468ccbacd6b862db9fdcb00b01d7fba7/master.m3u8
      ✅ Yeşilçam - 1.Sezon 6.Bölüm - 1 m3u8
   🔍 [7/20] Bölüm: https://diziyiizle2.com/yesilcam/1-sezon-7-bolum/
📺 Embed URL bulundu: https://vidlax1.xyz/embed/9c8eec84e693eb3c
🔍 Embed URL kontrol ediliyor: https://vidlax1.xyz/embed/9c8eec84e693eb3c
📄 Embed sayfa içeriği alındı, boyut: 39581 karakter
🎬 Video Başlığı: Yeşilçam
📝 Video Açıklaması: 1.Sezon 7.Bölüm
🎯 Tam Başlık: Yeşilçam - 1.Sezon 7.Bölüm
🎯 HEX DECODE - m3u8 bulundu: https://vidlax.xyz/upload/6b1483b637ee7a46f85b4b4d3fe643ee4c5d/master.m3u8
      ✅ Yeşilçam - 1.Sezon 7.Bölüm - 1 m3u8
   🔍 [8/20] Bölüm: https://diziyiizle2.com/yesilcam/1-sezon-8-bolum/
📺 Embed URL bulundu: https://vidlax1.xyz/embed/c9a2d208b2aefc37
🔍 Embed URL kontrol ediliyor: https://vidlax1.xyz/embed/c9a2d208b2aefc37
📄 Embed sayfa içeriği alındı, boyut: 39581 karakter
🎬 Video Başlığı: Yeşilçam
📝 Video Açıklaması: 1.Sezon 8.Bölüm
🎯 Tam Başlık: Yeşilçam - 1.Sezon 8.Bölüm
🎯 HEX DECODE - m3u8 bulundu: https://vidlax.xyz/upload/b23f1a091b50d34040d7ebdd910e5e2e9bad/master.m3u8
      ✅ Yeşilçam - 1.Sezon 8.Bölüm - 1 m3u8
   🔍 [9/20] Bölüm: https://diziyiizle2.com/yesilcam/1-sezon-9-bolum/
📺 Embed URL bulundu: https://vidlax1.xyz/embed/cd2c3b1dc591b265
🔍 Embed URL kontrol ediliyor: https://vidlax1.xyz/embed/cd2c3b1dc591b265
📄 Embed sayfa içeriği alındı, boyut: 39581 karakter
🎬 Video Başlığı: Yeşilçam
📝 Video Açıklaması: 1.Sezon 9.Bölüm
🎯 Tam Başlık: Yeşilçam - 1.Sezon 9.Bölüm
🎯 HEX DECODE - m3u8 bulundu: https://vidlax.xyz/upload/264cf8d840272a58ac896f603979fe349a96/master.m3u8
      ✅ Yeşilçam - 1.Sezon 9.Bölüm - 1 m3u8
   🔍 [10/20] Bölüm: https://diziyiizle2.com/yesilcam/1-sezon-10-bolum/

🔍 Vidlax direkt analizi: https://diziyiizle2.com/yesilcam/1-sezon-10-bolum/
📄 Sayfa içeriği alındı: 77909 karakter
❌ m3u8 URL'si bulunamadı
      ❌ m3u8 bulunamadı
   🔍 [11/20] Bölüm: https://diziyiizle2.com/yesilcam/2-sezon-1-bolum/
📺 Embed URL bulundu: https://vidlax1.xyz/embed/26f75af217310f93
🔍 Embed URL kontrol ediliyor: https://vidlax1.xyz/embed/26f75af217310f93
📄 Embed sayfa içeriği alındı, boyut: 39581 karakter
🎬 Video Başlığı: Yeşilçam
📝 Video Açıklaması: 2.Sezon 1.Bölüm
🎯 Tam Başlık: Yeşilçam - 2.Sezon 1.Bölüm
🎯 HEX DECODE - m3u8 bulundu: https://vidlax.xyz/upload/5b7988a7a9d1fc0b8c786d64a1c653d302f2/master.m3u8
      ✅ Yeşilçam - 2.Sezon 1.Bölüm - 1 m3u8
   🔍 [12/20] Bölüm: https://diziyiizle2.com/yesilcam/2-sezon-2-bolum/
📺 Embed URL bulundu: https://vidlax1.xyz/embed/dfa759c2734d691a
🔍 Embed URL kontrol ediliyor: https://vidlax1.xyz/embed/dfa759c2734d691a
📄 Embed sayfa içeriği alındı, boyut: 39581 karakter
🎬 Video Başlığı: Yeşilçam
📝 Video Açıklaması: 2.Sezon 2.Bölüm
🎯 Tam Başlık: Yeşilçam - 2.Sezon 2.Bölüm
🎯 HEX DECODE - m3u8 bulundu: https://vidlax.xyz/upload/307b3c7b4adff9212edea4777726ea76d852/master.m3u8
      ✅ Yeşilçam - 2.Sezon 2.Bölüm - 1 m3u8
   🔍 [13/20] Bölüm: https://diziyiizle2.com/yesilcam/2-sezon-3-bolum/
📺 Embed URL bulundu: https://vidlax1.xyz/embed/2ce3f171b7ab3b9a
🔍 Embed URL kontrol ediliyor: https://vidlax1.xyz/embed/2ce3f171b7ab3b9a
📄 Embed sayfa içeriği alındı, boyut: 39581 karakter
🎬 Video Başlığı: Yeşilçam
📝 Video Açıklaması: 2.Sezon 3.Bölüm
🎯 Tam Başlık: Yeşilçam - 2.Sezon 3.Bölüm
🎯 HEX DECODE - m3u8 bulundu: https://vidlax.xyz/upload/1a1c67dcfe177785fb6fbec889a5278f9e21/master.m3u8
      ✅ Yeşilçam - 2.Sezon 3.Bölüm - 1 m3u8
   🔍 [14/20] Bölüm: https://diziyiizle2.com/yesilcam/2-sezon-4-bolum/
📺 Embed URL bulundu: https://vidlax1.xyz/embed/9c476d0390cc8a3b
🔍 Embed URL kontrol ediliyor: https://vidlax1.xyz/embed/9c476d0390cc8a3b
📄 Embed sayfa içeriği alındı, boyut: 39581 karakter
🎬 Video Başlığı: Yeşilçam
📝 Video Açıklaması: 2.Sezon 4.Bölüm
🎯 Tam Başlık: Yeşilçam - 2.Sezon 4.Bölüm
🎯 HEX DECODE - m3u8 bulundu: https://vidlax.xyz/upload/a0b3543dfb7b92aca6556b529c8bbb2f4aca/master.m3u8
      ✅ Yeşilçam - 2.Sezon 4.Bölüm - 1 m3u8
   🔍 [15/20] Bölüm: https://diziyiizle2.com/yesilcam/2-sezon-5-bolum/
📺 Embed URL bulundu: https://vidlax1.xyz/embed/3cc7d47f922ead07
🔍 Embed URL kontrol ediliyor: https://vidlax1.xyz/embed/3cc7d47f922ead07
📄 Embed sayfa içeriği alındı, boyut: 39581 karakter
🎬 Video Başlığı: Yeşilçam
📝 Video Açıklaması: 2.Sezon 5.Bölüm
🎯 Tam Başlık: Yeşilçam - 2.Sezon 5.Bölüm
🎯 HEX DECODE - m3u8 bulundu: https://vidlax.xyz/upload/6986f6c776a3209da634647c409ffce5bb42/master.m3u8
      ✅ Yeşilçam - 2.Sezon 5.Bölüm - 1 m3u8
   🔍 [16/20] Bölüm: https://diziyiizle2.com/yesilcam/2-sezon-6-bolum/
📺 Embed URL bulundu: https://vidlax1.xyz/embed/0bc3bef7506647f8
🔍 Embed URL kontrol ediliyor: https://vidlax1.xyz/embed/0bc3bef7506647f8
📄 Embed sayfa içeriği alındı, boyut: 39581 karakter
🎬 Video Başlığı: Yeşilçam
📝 Video Açıklaması: 2.Sezon 6.Bölüm
🎯 Tam Başlık: Yeşilçam - 2.Sezon 6.Bölüm
🎯 HEX DECODE - m3u8 bulundu: https://vidlax.xyz/upload/ae963818224038907ee87408a6599cb9d46b/master.m3u8
      ✅ Yeşilçam - 2.Sezon 6.Bölüm - 1 m3u8
   🔍 [17/20] Bölüm: https://diziyiizle2.com/yesilcam/2-sezon-7-bolum/
📺 Embed URL bulundu: https://vidlax1.xyz/embed/8b32ec2eaef658c5
🔍 Embed URL kontrol ediliyor: https://vidlax1.xyz/embed/8b32ec2eaef658c5
📄 Embed sayfa içeriği alındı, boyut: 39581 karakter
🎬 Video Başlığı: Yeşilçam
📝 Video Açıklaması: 2.Sezon 7.Bölüm
🎯 Tam Başlık: Yeşilçam - 2.Sezon 7.Bölüm
🎯 HEX DECODE - m3u8 bulundu: https://vidlax.xyz/upload/823eb7c36e3e225e7020d332efab237c41e3/master.m3u8
      ✅ Yeşilçam - 2.Sezon 7.Bölüm - 1 m3u8
   🔍 [18/20] Bölüm: https://diziyiizle2.com/yesilcam/2-sezon-8-bolum/
📺 Embed URL bulundu: https://vidlax1.xyz/embed/3b15b523609e1107
🔍 Embed URL kontrol ediliyor: https://vidlax1.xyz/embed/3b15b523609e1107
📄 Embed sayfa içeriği alındı, boyut: 39581 karakter
🎬 Video Başlığı: Yeşilçam
📝 Video Açıklaması: 2.Sezon 8.Bölüm
🎯 Tam Başlık: Yeşilçam - 2.Sezon 8.Bölüm
🎯 HEX DECODE - m3u8 bulundu: https://vidlax.xyz/upload/071c94c0c79156d83305753d5f60abdded21/master.m3u8
      ✅ Yeşilçam - 2.Sezon 8.Bölüm - 1 m3u8
   🔍 [19/20] Bölüm: https://diziyiizle2.com/yesilcam/2-sezon-9-bolum/
📺 Embed URL bulundu: https://vidlax1.xyz/embed/6479731743eaf44f
🔍 Embed URL kontrol ediliyor: https://vidlax1.xyz/embed/6479731743eaf44f
📄 Embed sayfa içeriği alındı, boyut: 39581 karakter
🎬 Video Başlığı: Yeşilçam
📝 Video Açıklaması: 2.Sezon 9.Bölüm
🎯 Tam Başlık: Yeşilçam - 2.Sezon 9.Bölüm
🎯 HEX DECODE - m3u8 bulundu: https://vidlax.xyz/upload/8fbb6443e9e23f651d3a480dbc40f6a96101/master.m3u8
      ✅ Yeşilçam - 2.Sezon 9.Bölüm - 1 m3u8
   🔍 [20/20] Bölüm: https://diziyiizle2.com/yesilcam/2-sezon-10-bolum/
📺 Embed URL bulundu: https://vidlax1.xyz/embed/4cc25e415a6c75bc
🔍 Embed URL kontrol ediliyor: https://vidlax1.xyz/embed/4cc25e415a6c75bc
📄 Embed sayfa içeriği alındı, boyut: 39582 karakter
🎬 Video Başlığı: Yeşilçam
📝 Video Açıklaması: 2.Sezon 10.Bölüm
🎯 Tam Başlık: Yeşilçam - 2.Sezon 10.Bölüm
🎯 HEX DECODE - m3u8 bulundu: https://vidlax.xyz/upload/76a80d828e8c0d091207201dc837eba6cf7b/master.m3u8
      ✅ Yeşilçam - 2.Sezon 10.Bölüm - 1 m3u8
      📁 Dizi playlist: playlists/yesilcam_playlist.m3u
   ✅ Dizi tamamlandı: 19 m3u8 eklendi

============================================================
🎬 [33/56] İşleniyor: https://diziyiizle2.com/dizi/cometierra/
📺 Bölüm bulundu: 1. Sezon 1. BölümDublaj31.10.2025 - https://diziyiizle2.com/cometierra/1-sezon-1-bolum/
📺 Bölüm bulundu: 1. Sezon 2. BölümDublaj31.10.2025 - https://diziyiizle2.com/cometierra/1-sezon-2-bolum/
📺 Bölüm bulundu: 1. Sezon 3. BölümDublaj31.10.2025 - https://diziyiizle2.com/cometierra/1-sezon-3-bolum/
📺 Bölüm bulundu: 1. Sezon 4. BölümDublaj31.10.2025 - https://diziyiizle2.com/cometierra/1-sezon-4-bolum/
📺 Bölüm bulundu: 1. Sezon 5. BölümDublaj31.10.2025 - https://diziyiizle2.com/cometierra/1-sezon-5-bolum/
📺 Bölüm bulundu: 1. Sezon 6. BölümDublaj31.10.2025 - https://diziyiizle2.com/cometierra/1-sezon-6-bolum/
📺 Bölüm bulundu: 1. Sezon 7. BölümDublaj31.10.2025 - https://diziyiizle2.com/cometierra/1-sezon-7-bolum/

📊 Toplam 7 bölüm bulundu
   🔍 [1/7] Bölüm: https://diziyiizle2.com/cometierra/1-sezon-1-bolum/
📺 Embed URL bulundu: https://vidlax1.xyz/embed/2dc44dde12767652
🔍 Embed URL kontrol ediliyor: https://vidlax1.xyz/embed/2dc44dde12767652
📄 Embed sayfa içeriği alındı, boyut: 41970 karakter
🎬 Video Başlığı: Unburied
📝 Video Açıklaması: 1.Sezon 1.Bölüm
🎯 Tam Başlık: Unburied - 1.Sezon 1.Bölüm
🎯 HEX DECODE - m3u8 bulundu: https://vidlax.xyz/upload/1fa93d32a1d0761fe2aaa1318502ec519890/master.m3u8
      ✅ Unburied - 1.Sezon 1.Bölüm - 1 m3u8
   🔍 [2/7] Bölüm: https://diziyiizle2.com/cometierra/1-sezon-2-bolum/
📺 Embed URL bulundu: https://vidlax1.xyz/embed/766aae9efa2d774b
🔍 Embed URL kontrol ediliyor: https://vidlax1.xyz/embed/766aae9efa2d774b
📄 Embed sayfa içeriği alındı, boyut: 42141 karakter
🎬 Video Başlığı: Unburied
📝 Video Açıklaması: 1.Sezon 2.Bölüm
🎯 Tam Başlık: Unburied - 1.Sezon 2.Bölüm
🎯 HEX DECODE - m3u8 bulundu: https://vidlax.xyz/upload/bf45bc73caf9b6c230dbe7a5e3afa2a24be3/master.m3u8
      ✅ Unburied - 1.Sezon 2.Bölüm - 1 m3u8
   🔍 [3/7] Bölüm: https://diziyiizle2.com/cometierra/1-sezon-3-bolum/
📺 Embed URL bulundu: https://vidlax1.xyz/embed/da81c2b96313833f
🔍 Embed URL kontrol ediliyor: https://vidlax1.xyz/embed/da81c2b96313833f
📄 Embed sayfa içeriği alındı, boyut: 41785 karakter
🎬 Video Başlığı: Unburied
📝 Video Açıklaması: 1.Sezon 3.Bölüm
🎯 Tam Başlık: Unburied - 1.Sezon 3.Bölüm
🎯 HEX DECODE - m3u8 bulundu: https://vidlax.xyz/upload/3001cafcce9f3d4eb542aeec5f5d94569709/master.m3u8
      ✅ Unburied - 1.Sezon 3.Bölüm - 1 m3u8
   🔍 [4/7] Bölüm: https://diziyiizle2.com/cometierra/1-sezon-4-bolum/
📺 Embed URL bulundu: https://vidlax1.xyz/embed/93c4e892414ae6aa
🔍 Embed URL kontrol ediliyor: https://vidlax1.xyz/embed/93c4e892414ae6aa
📄 Embed sayfa içeriği alındı, boyut: 41785 karakter
🎬 Video Başlığı: Unburied
📝 Video Açıklaması: 1.Sezon 4.Bölüm
🎯 Tam Başlık: Unburied - 1.Sezon 4.Bölüm
🎯 HEX DECODE - m3u8 bulundu: https://vidlax.xyz/upload/1a022baf1294a02fc872ea3207fb66bc1e71/master.m3u8
      ✅ Unburied - 1.Sezon 4.Bölüm - 1 m3u8
   🔍 [5/7] Bölüm: https://diziyiizle2.com/cometierra/1-sezon-5-bolum/
📺 Embed URL bulundu: https://vidlax1.xyz/embed/7675ef50c834e2eb
🔍 Embed URL kontrol ediliyor: https://vidlax1.xyz/embed/7675ef50c834e2eb
📄 Embed sayfa içeriği alındı, boyut: 41974 karakter
🎬 Video Başlığı: Unburied
📝 Video Açıklaması: 1.Sezon 5.Bölüm
🎯 Tam Başlık: Unburied - 1.Sezon 5.Bölüm
🎯 HEX DECODE - m3u8 bulundu: https://vidlax.xyz/upload/196e4db341f038cb369abe40fcc04b8eda19/master.m3u8
      ✅ Unburied - 1.Sezon 5.Bölüm - 1 m3u8
   🔍 [6/7] Bölüm: https://diziyiizle2.com/cometierra/1-sezon-6-bolum/
📺 Embed URL bulundu: https://vidlax1.xyz/embed/d4bd712d9a96a45c
🔍 Embed URL kontrol ediliyor: https://vidlax1.xyz/embed/d4bd712d9a96a45c
📄 Embed sayfa içeriği alındı, boyut: 41974 karakter
🎬 Video Başlığı: Unburied
📝 Video Açıklaması: 1.Sezon 6.Bölüm
🎯 Tam Başlık: Unburied - 1.Sezon 6.Bölüm
🎯 HEX DECODE - m3u8 bulundu: https://vidlax.xyz/upload/699e2d058ac5d0b153457bbea2363bc96d75/master.m3u8
      ✅ Unburied - 1.Sezon 6.Bölüm - 1 m3u8
   🔍 [7/7] Bölüm: https://diziyiizle2.com/cometierra/1-sezon-7-bolum/
📺 Embed URL bulundu: https://vidlax1.xyz/embed/8c1c2166e0005919
🔍 Embed URL kontrol ediliyor: https://vidlax1.xyz/embed/8c1c2166e0005919
📄 Embed sayfa içeriği alındı, boyut: 41978 karakter
🎬 Video Başlığı: Unburied
📝 Video Açıklaması: 1.Sezon 7.Bölüm
🎯 Tam Başlık: Unburied - 1.Sezon 7.Bölüm
🎯 HEX DECODE - m3u8 bulundu: https://vidlax.xyz/upload/ff99dc643690d1a3294ae091d52cbb8dd487/master.m3u8
      ✅ Unburied - 1.Sezon 7.Bölüm - 1 m3u8
      📁 Dizi playlist: playlists/cometierra_playlist.m3u
   ✅ Dizi tamamlandı: 7 m3u8 eklendi

============================================================
🎬 [34/56] İşleniyor: https://diziyiizle2.com/dizi/gupi/
📺 Bölüm bulundu: 1. Sezon 1. BölümAltyazılı31.10.202513 dk. - https://diziyiizle2.com/gupi/1-sezon-1-bolum/

📊 Toplam 1 bölüm bulundu
   🔍 [1/1] Bölüm: https://diziyiizle2.com/gupi/1-sezon-1-bolum/

🔍 Vidlax direkt analizi: https://diziyiizle2.com/gupi/1-sezon-1-bolum/
📄 Sayfa içeriği alındı: 52576 karakter
❌ m3u8 URL'si bulunamadı
      ❌ m3u8 bulunamadı
   ❌ Bu dizi için hiç m3u8 bulunamadı

============================================================
🎬 [35/56] İşleniyor: https://diziyiizle2.com/dizi/amsterdam-empire/
📺 Bölüm bulundu: 1. Sezon 1. BölümDublaj30.10.2025 - https://diziyiizle2.com/amsterdam-empire/1-sezon-1-bolum/
📺 Bölüm bulundu: 1. Sezon 2. BölümDublaj30.10.2025 - https://diziyiizle2.com/amsterdam-empire/1-sezon-2-bolum/
📺 Bölüm bulundu: 1. Sezon 3. BölümDublaj30.10.2025 - https://diziyiizle2.com/amsterdam-empire/1-sezon-3-bolum/
📺 Bölüm bulundu: 1. Sezon 4. BölümDublaj30.10.2025 - https://diziyiizle2.com/amsterdam-empire/1-sezon-4-bolum/
📺 Bölüm bulundu: 1. Sezon 5. BölümDublaj30.10.2025 - https://diziyiizle2.com/amsterdam-empire/1-sezon-5-bolum/
📺 Bölüm bulundu: 1. Sezon 6. BölümDublaj30.10.2025 - https://diziyiizle2.com/amsterdam-empire/1-sezon-6-bolum/
📺 Bölüm bulundu: 1. Sezon 7. BölümDublaj30.10.2025 - https://diziyiizle2.com/amsterdam-empire/1-sezon-7-bolum/

📊 Toplam 7 bölüm bulundu
   🔍 [1/7] Bölüm: https://diziyiizle2.com/amsterdam-empire/1-sezon-1-bolum/
📺 Embed URL bulundu: https://vidlax1.xyz/embed/e698ddd8d04cbba5
🔍 Embed URL kontrol ediliyor: https://vidlax1.xyz/embed/e698ddd8d04cbba5
📄 Embed sayfa içeriği alındı, boyut: 42860 karakter
🎬 Video Başlığı: Amsterdam Empire
📝 Video Açıklaması: 1.Sezon 1.Bölüm
🎯 Tam Başlık: Amsterdam Empire - 1.Sezon 1.Bölüm
🎯 HEX DECODE - m3u8 bulundu: https://vidlax.xyz/upload/ffa011912a94197fe026f88e0ccc803518d5/master.m3u8
      ✅ Amsterdam Empire - 1.Sezon 1.Bölüm - 1 m3u8
   🔍 [2/7] Bölüm: https://diziyiizle2.com/amsterdam-empire/1-sezon-2-bolum/
📺 Embed URL bulundu: https://vidlax1.xyz/embed/e843530f40abea86
🔍 Embed URL kontrol ediliyor: https://vidlax1.xyz/embed/e843530f40abea86
📄 Embed sayfa içeriği alındı, boyut: 43034 karakter
🎬 Video Başlığı: Amsterdam Empire
📝 Video Açıklaması: 1.Sezon 2.Bölüm
🎯 Tam Başlık: Amsterdam Empire - 1.Sezon 2.Bölüm
🎯 HEX DECODE - m3u8 bulundu: https://vidlax.xyz/upload/4acd2869bd56a55a314131fdae66dcdc9c80/master.m3u8
      ✅ Amsterdam Empire - 1.Sezon 2.Bölüm - 1 m3u8
   🔍 [3/7] Bölüm: https://diziyiizle2.com/amsterdam-empire/1-sezon-3-bolum/
📺 Embed URL bulundu: https://vidlax1.xyz/embed/ebe182c182b3ae0b
🔍 Embed URL kontrol ediliyor: https://vidlax1.xyz/embed/ebe182c182b3ae0b
📄 Embed sayfa içeriği alındı, boyut: 42860 karakter
🎬 Video Başlığı: Amsterdam Empire
📝 Video Açıklaması: 1.Sezon 3.Bölüm
🎯 Tam Başlık: Amsterdam Empire - 1.Sezon 3.Bölüm
🎯 HEX DECODE - m3u8 bulundu: https://vidlax.xyz/upload/8fd38bccedfc2d364dd3255c1726274174f8/master.m3u8
      ✅ Amsterdam Empire - 1.Sezon 3.Bölüm - 1 m3u8
   🔍 [4/7] Bölüm: https://diziyiizle2.com/amsterdam-empire/1-sezon-4-bolum/
📺 Embed URL bulundu: https://vidlax1.xyz/embed/bd55e05c953c4976
🔍 Embed URL kontrol ediliyor: https://vidlax1.xyz/embed/bd55e05c953c4976
📄 Embed sayfa içeriği alındı, boyut: 42860 karakter
🎬 Video Başlığı: Amsterdam Empire
📝 Video Açıklaması: 1.Sezon 4.Bölüm
🎯 Tam Başlık: Amsterdam Empire - 1.Sezon 4.Bölüm
🎯 HEX DECODE - m3u8 bulundu: https://vidlax.xyz/upload/a0351cae6c377ba4c9ab669c5e7e0f80aa73/master.m3u8
      ✅ Amsterdam Empire - 1.Sezon 4.Bölüm - 1 m3u8
   🔍 [5/7] Bölüm: https://diziyiizle2.com/amsterdam-empire/1-sezon-5-bolum/
📺 Embed URL bulundu: https://vidlax1.xyz/embed/588e4959444c3819
🔍 Embed URL kontrol ediliyor: https://vidlax1.xyz/embed/588e4959444c3819
📄 Embed sayfa içeriği alındı, boyut: 42850 karakter
🎬 Video Başlığı: Amsterdam Empire
📝 Video Açıklaması: 1.Sezon 5.Bölüm
🎯 Tam Başlık: Amsterdam Empire - 1.Sezon 5.Bölüm
🎯 HEX DECODE - m3u8 bulundu: https://vidlax.xyz/upload/d4f2ca256417eef1b0038a20e412564b15de/master.m3u8
      ✅ Amsterdam Empire - 1.Sezon 5.Bölüm - 1 m3u8
   🔍 [6/7] Bölüm: https://diziyiizle2.com/amsterdam-empire/1-sezon-6-bolum/
📺 Embed URL bulundu: https://vidlax1.xyz/embed/af64396549c1c067
🔍 Embed URL kontrol ediliyor: https://vidlax1.xyz/embed/af64396549c1c067
📄 Embed sayfa içeriği alındı, boyut: 42860 karakter
🎬 Video Başlığı: Amsterdam Empire
📝 Video Açıklaması: 1.Sezon 6.Bölüm
🎯 Tam Başlık: Amsterdam Empire - 1.Sezon 6.Bölüm
🎯 HEX DECODE - m3u8 bulundu: https://vidlax.xyz/upload/e9b5e7693758998617316702a7612ab307b5/master.m3u8
      ✅ Amsterdam Empire - 1.Sezon 6.Bölüm - 1 m3u8
   🔍 [7/7] Bölüm: https://diziyiizle2.com/amsterdam-empire/1-sezon-7-bolum/
📺 Embed URL bulundu: https://vidlax1.xyz/embed/cba100af9ee9abb6
🔍 Embed URL kontrol ediliyor: https://vidlax1.xyz/embed/cba100af9ee9abb6
📄 Embed sayfa içeriği alındı, boyut: 42689 karakter
🎬 Video Başlığı: Amsterdam Empire
📝 Video Açıklaması: 1.Sezon 7.Bölüm
🎯 Tam Başlık: Amsterdam Empire - 1.Sezon 7.Bölüm
🎯 HEX DECODE - m3u8 bulundu: https://vidlax.xyz/upload/cc3b9cba753e21c92926f06534d3d661e171/master.m3u8
      ✅ Amsterdam Empire - 1.Sezon 7.Bölüm - 1 m3u8
      📁 Dizi playlist: playlists/amsterdam_empire_playlist.m3u
   ✅ Dizi tamamlandı: 7 m3u8 eklendi

============================================================
🎬 [36/56] İşleniyor: https://diziyiizle2.com/dizi/juan-gabriel-debo-puedo-y-quiero/
📺 Bölüm bulundu: 1. Sezon 1. BölümAltyazılı30.10.2025 - https://diziyiizle2.com/juan-gabriel-debo-puedo-y-quiero/1-sezon-1-bolum/
📺 Bölüm bulundu: 1. Sezon 2. BölümAltyazılı30.10.2025 - https://diziyiizle2.com/juan-gabriel-debo-puedo-y-quiero/1-sezon-2-bolum/
📺 Bölüm bulundu: 1. Sezon 3. BölümAltyazılı30.10.2025 - https://diziyiizle2.com/juan-gabriel-debo-puedo-y-quiero/1-sezon-3-bolum/
📺 Bölüm bulundu: 1. Sezon 4. BölümAltyazılı30.10.2025 - https://diziyiizle2.com/juan-gabriel-debo-puedo-y-quiero/1-sezon-4-bolum/

📊 Toplam 4 bölüm bulundu
   🔍 [1/4] Bölüm: https://diziyiizle2.com/juan-gabriel-debo-puedo-y-quiero/1-sezon-1-bolum/

🔍 Vidlax direkt analizi: https://diziyiizle2.com/juan-gabriel-debo-puedo-y-quiero/1-sezon-1-bolum/
📄 Sayfa içeriği alındı: 56219 karakter
❌ m3u8 URL'si bulunamadı
      ❌ m3u8 bulunamadı
   🔍 [2/4] Bölüm: https://diziyiizle2.com/juan-gabriel-debo-puedo-y-quiero/1-sezon-2-bolum/

🔍 Vidlax direkt analizi: https://diziyiizle2.com/juan-gabriel-debo-puedo-y-quiero/1-sezon-2-bolum/
📄 Sayfa içeriği alındı: 56290 karakter
❌ m3u8 URL'si bulunamadı
      ❌ m3u8 bulunamadı
   🔍 [3/4] Bölüm: https://diziyiizle2.com/juan-gabriel-debo-puedo-y-quiero/1-sezon-3-bolum/

🔍 Vidlax direkt analizi: https://diziyiizle2.com/juan-gabriel-debo-puedo-y-quiero/1-sezon-3-bolum/
📄 Sayfa içeriği alındı: 56291 karakter
❌ m3u8 URL'si bulunamadı
      ❌ m3u8 bulunamadı
   🔍 [4/4] Bölüm: https://diziyiizle2.com/juan-gabriel-debo-puedo-y-quiero/1-sezon-4-bolum/

🔍 Vidlax direkt analizi: https://diziyiizle2.com/juan-gabriel-debo-puedo-y-quiero/1-sezon-4-bolum/
📄 Sayfa içeriği alındı: 56291 karakter
❌ m3u8 URL'si bulunamadı
      ❌ m3u8 bulunamadı
   ❌ Bu dizi için hiç m3u8 bulunamadı

============================================================
🎬 [37/56] İşleniyor: https://diziyiizle2.com/dizi/son-of-a-donkey-1/
📺 Bölüm bulundu: 1. Sezon 1. BölümAltyazılı30.10.2025 - https://diziyiizle2.com/son-of-a-donkey-1/1-sezon-1-bolum/
📺 Bölüm bulundu: 1. Sezon 2. BölümAltyazılı30.10.2025 - https://diziyiizle2.com/son-of-a-donkey-1/1-sezon-2-bolum/
📺 Bölüm bulundu: 1. Sezon 3. BölümAltyazılı30.10.2025 - https://diziyiizle2.com/son-of-a-donkey-1/1-sezon-3-bolum/
📺 Bölüm bulundu: 1. Sezon 4. BölümAltyazılı30.10.2025 - https://diziyiizle2.com/son-of-a-donkey-1/1-sezon-4-bolum/
📺 Bölüm bulundu: 1. Sezon 5. BölümAltyazılı30.10.2025 - https://diziyiizle2.com/son-of-a-donkey-1/1-sezon-5-bolum/
📺 Bölüm bulundu: 1. Sezon 6. BölümAltyazılı30.10.2025 - https://diziyiizle2.com/son-of-a-donkey-1/1-sezon-6-bolum/

📊 Toplam 6 bölüm bulundu
   🔍 [1/6] Bölüm: https://diziyiizle2.com/son-of-a-donkey-1/1-sezon-1-bolum/
📺 Embed URL bulundu: https://vidlax1.xyz/embed/159f1fcb9931fe72
🔍 Embed URL kontrol ediliyor: https://vidlax1.xyz/embed/159f1fcb9931fe72
📄 Embed sayfa içeriği alındı, boyut: 42510 karakter
🎬 Video Başlığı: Son of a Donkey
📝 Video Açıklaması: 1.Sezon 1.Bölüm
🎯 Tam Başlık: Son of a Donkey - 1.Sezon 1.Bölüm
🎯 HEX DECODE - m3u8 bulundu: https://vidlax.xyz/upload/ad51e387ab43cce85d8d72f9962db93acd6c/master.m3u8
      ✅ Son of a Donkey - 1.Sezon 1.Bölüm - 1 m3u8
   🔍 [2/6] Bölüm: https://diziyiizle2.com/son-of-a-donkey-1/1-sezon-2-bolum/

🔍 Vidlax direkt analizi: https://diziyiizle2.com/son-of-a-donkey-1/1-sezon-2-bolum/
📄 Sayfa içeriği alındı: 58399 karakter
❌ m3u8 URL'si bulunamadı
      ❌ m3u8 bulunamadı
   🔍 [3/6] Bölüm: https://diziyiizle2.com/son-of-a-donkey-1/1-sezon-3-bolum/
📺 Embed URL bulundu: https://vidlax1.xyz/embed/dca33b00d13b5370
🔍 Embed URL kontrol ediliyor: https://vidlax1.xyz/embed/dca33b00d13b5370
📄 Embed sayfa içeriği alındı, boyut: 42468 karakter
🎬 Video Başlığı: Son of a Donkey
📝 Video Açıklaması: 1.Sezon 3.Bölüm
🎯 Tam Başlık: Son of a Donkey - 1.Sezon 3.Bölüm
🎯 HEX DECODE - m3u8 bulundu: https://vidlax.xyz/upload/46328e5f3c9200435940e310f5aababb9977/master.m3u8
      ✅ Son of a Donkey - 1.Sezon 3.Bölüm - 1 m3u8
   🔍 [4/6] Bölüm: https://diziyiizle2.com/son-of-a-donkey-1/1-sezon-4-bolum/
📺 Embed URL bulundu: https://vidlax1.xyz/embed/e1c81d63877a7e81
🔍 Embed URL kontrol ediliyor: https://vidlax1.xyz/embed/e1c81d63877a7e81
📄 Embed sayfa içeriği alındı, boyut: 42685 karakter
🎬 Video Başlığı: Son of a Donkey
📝 Video Açıklaması: 1.Sezon 4.Bölüm
🎯 Tam Başlık: Son of a Donkey - 1.Sezon 4.Bölüm
🎯 HEX DECODE - m3u8 bulundu: https://vidlax.xyz/upload/a667241fb4959c4be58e8588b612c422c48b/master.m3u8
      ✅ Son of a Donkey - 1.Sezon 4.Bölüm - 1 m3u8
   🔍 [5/6] Bölüm: https://diziyiizle2.com/son-of-a-donkey-1/1-sezon-5-bolum/
📺 Embed URL bulundu: https://vidlax1.xyz/embed/5be5ba79040ee862
🔍 Embed URL kontrol ediliyor: https://vidlax1.xyz/embed/5be5ba79040ee862
📄 Embed sayfa içeriği alındı, boyut: 42685 karakter
🎬 Video Başlığı: Son of a Donkey
📝 Video Açıklaması: 1.Sezon 5.Bölüm
🎯 Tam Başlık: Son of a Donkey - 1.Sezon 5.Bölüm
🎯 HEX DECODE - m3u8 bulundu: https://vidlax.xyz/upload/91e9dd0973247134a7ea1d56f7782af5b2ad/master.m3u8
      ✅ Son of a Donkey - 1.Sezon 5.Bölüm - 1 m3u8
   🔍 [6/6] Bölüm: https://diziyiizle2.com/son-of-a-donkey-1/1-sezon-6-bolum/
📺 Embed URL bulundu: https://vidlax1.xyz/embed/a091ee63eaadaffc
🔍 Embed URL kontrol ediliyor: https://vidlax1.xyz/embed/a091ee63eaadaffc
📄 Embed sayfa içeriği alındı, boyut: 42685 karakter
🎬 Video Başlığı: Son of a Donkey
📝 Video Açıklaması: 1.Sezon 6.Bölüm
🎯 Tam Başlık: Son of a Donkey - 1.Sezon 6.Bölüm
🎯 HEX DECODE - m3u8 bulundu: https://vidlax.xyz/upload/37153d3372dbc11aade0a17dd214768bfbb6/master.m3u8
      ✅ Son of a Donkey - 1.Sezon 6.Bölüm - 1 m3u8
      📁 Dizi playlist: playlists/son_of_a_donkey_1_playlist.m3u
   ✅ Dizi tamamlandı: 5 m3u8 eklendi

============================================================
🎬 [38/56] İşleniyor: https://diziyiizle2.com/dizi/ultimate-airport-dubai/
📺 Bölüm bulundu: 1. Sezon 1. BölümDublaj30.10.202546 dk. - https://diziyiizle2.com/ultimate-airport-dubai/1-sezon-1-bolum/
📺 Bölüm bulundu: 1. Sezon 2. BölümDublaj30.10.202546 dk. - https://diziyiizle2.com/ultimate-airport-dubai/1-sezon-2-bolum/
📺 Bölüm bulundu: 1. Sezon 3. BölümDublaj30.10.202546 dk. - https://diziyiizle2.com/ultimate-airport-dubai/1-sezon-3-bolum/
📺 Bölüm bulundu: 1. Sezon 4. BölümDublaj30.10.202546 dk. - https://diziyiizle2.com/ultimate-airport-dubai/1-sezon-4-bolum/
📺 Bölüm bulundu: 1. Sezon 5. BölümDublaj30.10.202546 dk. - https://diziyiizle2.com/ultimate-airport-dubai/1-sezon-5-bolum/
📺 Bölüm bulundu: 1. Sezon 6. BölümDublaj30.10.202546 dk. - https://diziyiizle2.com/ultimate-airport-dubai/1-sezon-6-bolum/
📺 Bölüm bulundu: 1. Sezon 7. BölümDublaj30.10.202546 dk. - https://diziyiizle2.com/ultimate-airport-dubai/1-sezon-7-bolum/
📺 Bölüm bulundu: 1. Sezon 8. BölümDublaj30.10.202546 dk. - https://diziyiizle2.com/ultimate-airport-dubai/1-sezon-8-bolum/
📺 Bölüm bulundu: 1. Sezon 9. BölümDublaj30.10.202546 dk. - https://diziyiizle2.com/ultimate-airport-dubai/1-sezon-9-bolum/
📺 Bölüm bulundu: 1. Sezon 10. BölümDublaj30.10.202546 dk. - https://diziyiizle2.com/ultimate-airport-dubai/1-sezon-10-bolum/
📺 Bölüm bulundu: 2. Sezon 1. BölümDublaj30.10.202545 dk. - https://diziyiizle2.com/ultimate-airport-dubai/2-sezon-1-bolum/
📺 Bölüm bulundu: 2. Sezon 2. BölümDublaj30.10.202545 dk. - https://diziyiizle2.com/ultimate-airport-dubai/2-sezon-2-bolum/
📺 Bölüm bulundu: 2. Sezon 3. BölümDublaj30.10.202545 dk. - https://diziyiizle2.com/ultimate-airport-dubai/2-sezon-3-bolum/
📺 Bölüm bulundu: 2. Sezon 4. BölümDublaj30.10.202545 dk. - https://diziyiizle2.com/ultimate-airport-dubai/2-sezon-4-bolum/
📺 Bölüm bulundu: 2. Sezon 5. BölümDublaj30.10.202545 dk. - https://diziyiizle2.com/ultimate-airport-dubai/2-sezon-5-bolum/
📺 Bölüm bulundu: 2. Sezon 6. BölümDublaj30.10.202545 dk. - https://diziyiizle2.com/ultimate-airport-dubai/2-sezon-6-bolum/
📺 Bölüm bulundu: 2. Sezon 7. BölümDublaj30.10.202545 dk. - https://diziyiizle2.com/ultimate-airport-dubai/2-sezon-7-bolum/
📺 Bölüm bulundu: 2. Sezon 8. BölümDublaj30.10.202545 dk. - https://diziyiizle2.com/ultimate-airport-dubai/2-sezon-8-bolum/
📺 Bölüm bulundu: 2. Sezon 9. BölümDublaj30.10.202545 dk. - https://diziyiizle2.com/ultimate-airport-dubai/2-sezon-9-bolum/
📺 Bölüm bulundu: 2. Sezon 10. BölümDublaj30.10.202545 dk. - https://diziyiizle2.com/ultimate-airport-dubai/2-sezon-10-bolum/
📺 Bölüm bulundu: 3. Sezon 1. BölümDublaj30.10.202545 dk. - https://diziyiizle2.com/ultimate-airport-dubai/3-sezon-1-bolum/
📺 Bölüm bulundu: 3. Sezon 2. BölümDublaj30.10.202545 dk. - https://diziyiizle2.com/ultimate-airport-dubai/3-sezon-2-bolum/
📺 Bölüm bulundu: 3. Sezon 3. BölümDublaj30.10.202545 dk. - https://diziyiizle2.com/ultimate-airport-dubai/3-sezon-3-bolum/
📺 Bölüm bulundu: 3. Sezon 4. BölümDublaj30.10.202545 dk. - https://diziyiizle2.com/ultimate-airport-dubai/3-sezon-4-bolum/
📺 Bölüm bulundu: 3. Sezon 5. BölümDublaj30.10.202545 dk. - https://diziyiizle2.com/ultimate-airport-dubai/3-sezon-5-bolum/
📺 Bölüm bulundu: 3. Sezon 6. BölümDublaj30.10.202545 dk. - https://diziyiizle2.com/ultimate-airport-dubai/3-sezon-6-bolum/
📺 Bölüm bulundu: 3. Sezon 7. BölümDublaj30.10.202545 dk. - https://diziyiizle2.com/ultimate-airport-dubai/3-sezon-7-bolum/
📺 Bölüm bulundu: 3. Sezon 8. BölümDublaj30.10.202545 dk. - https://diziyiizle2.com/ultimate-airport-dubai/3-sezon-8-bolum/
📺 Bölüm bulundu: 3. Sezon 9. BölümDublaj30.10.202545 dk. - https://diziyiizle2.com/ultimate-airport-dubai/3-sezon-9-bolum/
📺 Bölüm bulundu: 3. Sezon 10. BölümDublaj30.10.202545 dk. - https://diziyiizle2.com/ultimate-airport-dubai/3-sezon-10-bolum/

📊 Toplam 30 bölüm bulundu
   🔍 [1/30] Bölüm: https://diziyiizle2.com/ultimate-airport-dubai/1-sezon-1-bolum/
📺 Embed URL bulundu: https://vidlax1.xyz/embed/501fe16e7c5137b0
🔍 Embed URL kontrol ediliyor: https://vidlax1.xyz/embed/501fe16e7c5137b0
📄 Embed sayfa içeriği alındı, boyut: 40980 karakter
🎬 Video Başlığı: Ultimate Airport Dubai
📝 Video Açıklaması: 1.Sezon 1.Bölüm
🎯 Tam Başlık: Ultimate Airport Dubai - 1.Sezon 1.Bölüm
🎯 HEX DECODE - m3u8 bulundu: https://vidlax.xyz/upload/faec1bcdbecde07e479c13bc5d147bb19142/master.m3u8
      ✅ Ultimate Airport Dubai - 1.Sezon 1.Bölüm - 1 m3u8
   🔍 [2/30] Bölüm: https://diziyiizle2.com/ultimate-airport-dubai/1-sezon-2-bolum/
📺 Embed URL bulundu: https://vidlax1.xyz/embed/2007d20a0f8f8aed
🔍 Embed URL kontrol ediliyor: https://vidlax1.xyz/embed/2007d20a0f8f8aed
📄 Embed sayfa içeriği alındı, boyut: 40980 karakter
🎬 Video Başlığı: Ultimate Airport Dubai
📝 Video Açıklaması: 1.Sezon 2.Bölüm
🎯 Tam Başlık: Ultimate Airport Dubai - 1.Sezon 2.Bölüm
🎯 HEX DECODE - m3u8 bulundu: https://vidlax.xyz/upload/db2332b3216899fc5a66ba9c162d473c5915/master.m3u8
      ✅ Ultimate Airport Dubai - 1.Sezon 2.Bölüm - 1 m3u8
   🔍 [3/30] Bölüm: https://diziyiizle2.com/ultimate-airport-dubai/1-sezon-3-bolum/
📺 Embed URL bulundu: https://vidlax1.xyz/embed/b6668ed3b2ed2f44
🔍 Embed URL kontrol ediliyor: https://vidlax1.xyz/embed/b6668ed3b2ed2f44
📄 Embed sayfa içeriği alındı, boyut: 40980 karakter
🎬 Video Başlığı: Ultimate Airport Dubai
📝 Video Açıklaması: 1.Sezon 3.Bölüm
🎯 Tam Başlık: Ultimate Airport Dubai - 1.Sezon 3.Bölüm
🎯 HEX DECODE - m3u8 bulundu: https://vidlax.xyz/upload/5198b0e8d10cc7527e2a5b8f4f15e9de1daf/master.m3u8
      ✅ Ultimate Airport Dubai - 1.Sezon 3.Bölüm - 1 m3u8
   🔍 [4/30] Bölüm: https://diziyiizle2.com/ultimate-airport-dubai/1-sezon-4-bolum/
📺 Embed URL bulundu: https://vidlax1.xyz/embed/1a2c787a7617e8ec
🔍 Embed URL kontrol ediliyor: https://vidlax1.xyz/embed/1a2c787a7617e8ec
📄 Embed sayfa içeriği alındı, boyut: 40980 karakter
🎬 Video Başlığı: Ultimate Airport Dubai
📝 Video Açıklaması: 1.Sezon 4.Bölüm
🎯 Tam Başlık: Ultimate Airport Dubai - 1.Sezon 4.Bölüm
🎯 HEX DECODE - m3u8 bulundu: https://vidlax.xyz/upload/6bd4c2740aad6be2697412d8642430a62784/master.m3u8
      ✅ Ultimate Airport Dubai - 1.Sezon 4.Bölüm - 1 m3u8
   🔍 [5/30] Bölüm: https://diziyiizle2.com/ultimate-airport-dubai/1-sezon-5-bolum/
📺 Embed URL bulundu: https://vidlax1.xyz/embed/51dc70de2e2871f2
🔍 Embed URL kontrol ediliyor: https://vidlax1.xyz/embed/51dc70de2e2871f2
📄 Embed sayfa içeriği alındı, boyut: 40980 karakter
🎬 Video Başlığı: Ultimate Airport Dubai
📝 Video Açıklaması: 1.Sezon 5.Bölüm
🎯 Tam Başlık: Ultimate Airport Dubai - 1.Sezon 5.Bölüm
🎯 HEX DECODE - m3u8 bulundu: https://vidlax.xyz/upload/2e622497d730c6bc28b9a92128fd63d91e92/master.m3u8
      ✅ Ultimate Airport Dubai - 1.Sezon 5.Bölüm - 1 m3u8
   🔍 [6/30] Bölüm: https://diziyiizle2.com/ultimate-airport-dubai/1-sezon-6-bolum/
📺 Embed URL bulundu: https://vidlax1.xyz/embed/69188388a19bbd7e
🔍 Embed URL kontrol ediliyor: https://vidlax1.xyz/embed/69188388a19bbd7e
📄 Embed sayfa içeriği alındı, boyut: 40980 karakter
🎬 Video Başlığı: Ultimate Airport Dubai
📝 Video Açıklaması: 1.Sezon 6.Bölüm
🎯 Tam Başlık: Ultimate Airport Dubai - 1.Sezon 6.Bölüm
🎯 HEX DECODE - m3u8 bulundu: https://vidlax.xyz/upload/3455df06e0d5db4f946dc8a9842f4ca18222/master.m3u8
      ✅ Ultimate Airport Dubai - 1.Sezon 6.Bölüm - 1 m3u8
   🔍 [7/30] Bölüm: https://diziyiizle2.com/ultimate-airport-dubai/1-sezon-7-bolum/
📺 Embed URL bulundu: https://vidlax1.xyz/embed/fd5961a2f00d8c77
🔍 Embed URL kontrol ediliyor: https://vidlax1.xyz/embed/fd5961a2f00d8c77
📄 Embed sayfa içeriği alındı, boyut: 40980 karakter
🎬 Video Başlığı: Ultimate Airport Dubai
📝 Video Açıklaması: 1.Sezon 7.Bölüm
🎯 Tam Başlık: Ultimate Airport Dubai - 1.Sezon 7.Bölüm
🎯 HEX DECODE - m3u8 bulundu: https://vidlax.xyz/upload/0bdbaf8abd93d9398a91249383db8f8531f3/master.m3u8
      ✅ Ultimate Airport Dubai - 1.Sezon 7.Bölüm - 1 m3u8
   🔍 [8/30] Bölüm: https://diziyiizle2.com/ultimate-airport-dubai/1-sezon-8-bolum/
📺 Embed URL bulundu: https://vidlax1.xyz/embed/7b2214d29ae4a477
🔍 Embed URL kontrol ediliyor: https://vidlax1.xyz/embed/7b2214d29ae4a477
📄 Embed sayfa içeriği alındı, boyut: 40980 karakter
🎬 Video Başlığı: Ultimate Airport Dubai
📝 Video Açıklaması: 1.Sezon 8.Bölüm
🎯 Tam Başlık: Ultimate Airport Dubai - 1.Sezon 8.Bölüm
🎯 HEX DECODE - m3u8 bulundu: https://vidlax.xyz/upload/03bdc9feb5646a1f6d06c1c0d42e0a0360d7/master.m3u8
      ✅ Ultimate Airport Dubai - 1.Sezon 8.Bölüm - 1 m3u8
   🔍 [9/30] Bölüm: https://diziyiizle2.com/ultimate-airport-dubai/1-sezon-9-bolum/
📺 Embed URL bulundu: https://vidlax1.xyz/embed/1cb774ea1d41f624
🔍 Embed URL kontrol ediliyor: https://vidlax1.xyz/embed/1cb774ea1d41f624
📄 Embed sayfa içeriği alındı, boyut: 40981 karakter
🎬 Video Başlığı: Ultimate Airport Dubai
📝 Video Açıklaması: 1.Sezon 9.Bölüm
🎯 Tam Başlık: Ultimate Airport Dubai - 1.Sezon 9.Bölüm
🎯 HEX DECODE - m3u8 bulundu: https://vidlax.xyz/upload/b30c0797c919bed7a56e9fa574ebd0adbe06/master.m3u8
      ✅ Ultimate Airport Dubai - 1.Sezon 9.Bölüm - 1 m3u8
   🔍 [10/30] Bölüm: https://diziyiizle2.com/ultimate-airport-dubai/1-sezon-10-bolum/
📺 Embed URL bulundu: https://vidlax1.xyz/embed/8aa0783468aeabd1
🔍 Embed URL kontrol ediliyor: https://vidlax1.xyz/embed/8aa0783468aeabd1
📄 Embed sayfa içeriği alındı, boyut: 40981 karakter
🎬 Video Başlığı: Ultimate Airport Dubai
📝 Video Açıklaması: 1.Sezon 10.Bölüm
🎯 Tam Başlık: Ultimate Airport Dubai - 1.Sezon 10.Bölüm
🎯 HEX DECODE - m3u8 bulundu: https://vidlax.xyz/upload/dd07841fa87d33620bc54e721bb98323d7a1/master.m3u8
      ✅ Ultimate Airport Dubai - 1.Sezon 10.Bölüm - 1 m3u8
   🔍 [11/30] Bölüm: https://diziyiizle2.com/ultimate-airport-dubai/2-sezon-1-bolum/
📺 Embed URL bulundu: https://vidlax1.xyz/embed/d13a878e589cedd2
🔍 Embed URL kontrol ediliyor: https://vidlax1.xyz/embed/d13a878e589cedd2
📄 Embed sayfa içeriği alındı, boyut: 40799 karakter
🎬 Video Başlığı: Ultimate Airport Dubai
📝 Video Açıklaması: 2.Sezon 1.Bölüm
🎯 Tam Başlık: Ultimate Airport Dubai - 2.Sezon 1.Bölüm
🎯 HEX DECODE - m3u8 bulundu: https://vidlax.xyz/upload/11b8754023e7b98f7314207ab863b1c9253f/master.m3u8
      ✅ Ultimate Airport Dubai - 2.Sezon 1.Bölüm - 1 m3u8
   🔍 [12/30] Bölüm: https://diziyiizle2.com/ultimate-airport-dubai/2-sezon-2-bolum/
📺 Embed URL bulundu: https://vidlax1.xyz/embed/5e78aefdc8786ffb
🔍 Embed URL kontrol ediliyor: https://vidlax1.xyz/embed/5e78aefdc8786ffb
📄 Embed sayfa içeriği alındı, boyut: 40980 karakter
🎬 Video Başlığı: Ultimate Airport Dubai
📝 Video Açıklaması: 2.Sezon 2.Bölüm
🎯 Tam Başlık: Ultimate Airport Dubai - 2.Sezon 2.Bölüm
🎯 HEX DECODE - m3u8 bulundu: https://vidlax.xyz/upload/4b25dfdb25af0530fc8b3a1aa6e95305162f/master.m3u8
      ✅ Ultimate Airport Dubai - 2.Sezon 2.Bölüm - 1 m3u8
   🔍 [13/30] Bölüm: https://diziyiizle2.com/ultimate-airport-dubai/2-sezon-3-bolum/
📺 Embed URL bulundu: https://vidlax1.xyz/embed/9c7d38efc12343f7
🔍 Embed URL kontrol ediliyor: https://vidlax1.xyz/embed/9c7d38efc12343f7
📄 Embed sayfa içeriği alındı, boyut: 40980 karakter
🎬 Video Başlığı: Ultimate Airport Dubai
📝 Video Açıklaması: 2.Sezon 3.Bölüm
🎯 Tam Başlık: Ultimate Airport Dubai - 2.Sezon 3.Bölüm
🎯 HEX DECODE - m3u8 bulundu: https://vidlax.xyz/upload/178ce5b84f89be3de3d868172c4dc7675992/master.m3u8
      ✅ Ultimate Airport Dubai - 2.Sezon 3.Bölüm - 1 m3u8
   🔍 [14/30] Bölüm: https://diziyiizle2.com/ultimate-airport-dubai/2-sezon-4-bolum/
📺 Embed URL bulundu: https://vidlax1.xyz/embed/ca1e8e46ae622a74
🔍 Embed URL kontrol ediliyor: https://vidlax1.xyz/embed/ca1e8e46ae622a74
📄 Embed sayfa içeriği alındı, boyut: 40980 karakter
🎬 Video Başlığı: Ultimate Airport Dubai
📝 Video Açıklaması: 2.Sezon 4.Bölüm
🎯 Tam Başlık: Ultimate Airport Dubai - 2.Sezon 4.Bölüm
🎯 HEX DECODE - m3u8 bulundu: https://vidlax.xyz/upload/06dad93fb297493122cea6405f22a8637268/master.m3u8
      ✅ Ultimate Airport Dubai - 2.Sezon 4.Bölüm - 1 m3u8
   🔍 [15/30] Bölüm: https://diziyiizle2.com/ultimate-airport-dubai/2-sezon-5-bolum/
📺 Embed URL bulundu: https://vidlax1.xyz/embed/2f09bee1bcfaa384
🔍 Embed URL kontrol ediliyor: https://vidlax1.xyz/embed/2f09bee1bcfaa384
📄 Embed sayfa içeriği alındı, boyut: 40980 karakter
🎬 Video Başlığı: Ultimate Airport Dubai
📝 Video Açıklaması: 2.Sezon 5.Bölüm
🎯 Tam Başlık: Ultimate Airport Dubai - 2.Sezon 5.Bölüm
🎯 HEX DECODE - m3u8 bulundu: https://vidlax.xyz/upload/d7ab804f3062149b2023375c03960a3d0a0c/master.m3u8
      ✅ Ultimate Airport Dubai - 2.Sezon 5.Bölüm - 1 m3u8
   🔍 [16/30] Bölüm: https://diziyiizle2.com/ultimate-airport-dubai/2-sezon-6-bolum/
📺 Embed URL bulundu: https://vidlax1.xyz/embed/5ad56f87206df478
🔍 Embed URL kontrol ediliyor: https://vidlax1.xyz/embed/5ad56f87206df478
📄 Embed sayfa içeriği alındı, boyut: 40980 karakter
🎬 Video Başlığı: Ultimate Airport Dubai
📝 Video Açıklaması: 2.Sezon 6.Bölüm
🎯 Tam Başlık: Ultimate Airport Dubai - 2.Sezon 6.Bölüm
🎯 HEX DECODE - m3u8 bulundu: https://vidlax.xyz/upload/a2d9697a4323e8f6b6114235006941a5077b/master.m3u8
      ✅ Ultimate Airport Dubai - 2.Sezon 6.Bölüm - 1 m3u8
   🔍 [17/30] Bölüm: https://diziyiizle2.com/ultimate-airport-dubai/2-sezon-7-bolum/
📺 Embed URL bulundu: https://vidlax1.xyz/embed/6860cf1c3acc9ce9
🔍 Embed URL kontrol ediliyor: https://vidlax1.xyz/embed/6860cf1c3acc9ce9
📄 Embed sayfa içeriği alındı, boyut: 40980 karakter
🎬 Video Başlığı: Ultimate Airport Dubai
📝 Video Açıklaması: 2.Sezon 7.Bölüm
🎯 Tam Başlık: Ultimate Airport Dubai - 2.Sezon 7.Bölüm
🎯 HEX DECODE - m3u8 bulundu: https://vidlax.xyz/upload/f45bd65daf4d3af5d8ad57d9915be76bcb02/master.m3u8
      ✅ Ultimate Airport Dubai - 2.Sezon 7.Bölüm - 1 m3u8
   🔍 [18/30] Bölüm: https://diziyiizle2.com/ultimate-airport-dubai/2-sezon-8-bolum/
📺 Embed URL bulundu: https://vidlax1.xyz/embed/2a38cbbfc85f109c
🔍 Embed URL kontrol ediliyor: https://vidlax1.xyz/embed/2a38cbbfc85f109c
📄 Embed sayfa içeriği alındı, boyut: 40980 karakter
🎬 Video Başlığı: Ultimate Airport Dubai
📝 Video Açıklaması: 2.Sezon 8.Bölüm
🎯 Tam Başlık: Ultimate Airport Dubai - 2.Sezon 8.Bölüm
🎯 HEX DECODE - m3u8 bulundu: https://vidlax.xyz/upload/3dbdf92117cffead1c12adc0bcc7388354fb/master.m3u8
      ✅ Ultimate Airport Dubai - 2.Sezon 8.Bölüm - 1 m3u8
   🔍 [19/30] Bölüm: https://diziyiizle2.com/ultimate-airport-dubai/2-sezon-9-bolum/
📺 Embed URL bulundu: https://vidlax1.xyz/embed/c435e5344d7c6b09
🔍 Embed URL kontrol ediliyor: https://vidlax1.xyz/embed/c435e5344d7c6b09
📄 Embed sayfa içeriği alındı, boyut: 40980 karakter
🎬 Video Başlığı: Ultimate Airport Dubai
📝 Video Açıklaması: 2.Sezon 9.Bölüm
🎯 Tam Başlık: Ultimate Airport Dubai - 2.Sezon 9.Bölüm
🎯 HEX DECODE - m3u8 bulundu: https://vidlax.xyz/upload/a300514cb44ab3306f491442da04c1dacf9f/master.m3u8
      ✅ Ultimate Airport Dubai - 2.Sezon 9.Bölüm - 1 m3u8
   🔍 [20/30] Bölüm: https://diziyiizle2.com/ultimate-airport-dubai/2-sezon-10-bolum/
📺 Embed URL bulundu: https://vidlax1.xyz/embed/d686e47237694fe1
🔍 Embed URL kontrol ediliyor: https://vidlax1.xyz/embed/d686e47237694fe1
📄 Embed sayfa içeriği alındı, boyut: 40981 karakter
🎬 Video Başlığı: Ultimate Airport Dubai
📝 Video Açıklaması: 2.Sezon 10.Bölüm
🎯 Tam Başlık: Ultimate Airport Dubai - 2.Sezon 10.Bölüm
🎯 HEX DECODE - m3u8 bulundu: https://vidlax.xyz/upload/cce45d5627e814022cf66866b7e2807b68cb/master.m3u8
      ✅ Ultimate Airport Dubai - 2.Sezon 10.Bölüm - 1 m3u8
   🔍 [21/30] Bölüm: https://diziyiizle2.com/ultimate-airport-dubai/3-sezon-1-bolum/
📺 Embed URL bulundu: https://vidlax1.xyz/embed/3e2a808783514eb9
🔍 Embed URL kontrol ediliyor: https://vidlax1.xyz/embed/3e2a808783514eb9
📄 Embed sayfa içeriği alındı, boyut: 41134 karakter
🎬 Video Başlığı: Ultimate Airport Dubai
📝 Video Açıklaması: 3.Sezon 1.Bölüm
🎯 Tam Başlık: Ultimate Airport Dubai - 3.Sezon 1.Bölüm
🎯 HEX DECODE - m3u8 bulundu: https://vidlax.xyz/upload/a8a13edd47c65dac3e3aa2e877858914d99a/master.m3u8
      ✅ Ultimate Airport Dubai - 3.Sezon 1.Bölüm - 1 m3u8
   🔍 [22/30] Bölüm: https://diziyiizle2.com/ultimate-airport-dubai/3-sezon-2-bolum/
📺 Embed URL bulundu: https://vidlax1.xyz/embed/dd2d9638f049341d
🔍 Embed URL kontrol ediliyor: https://vidlax1.xyz/embed/dd2d9638f049341d
📄 Embed sayfa içeriği alındı, boyut: 41322 karakter
🎬 Video Başlığı: Ultimate Airport Dubai
📝 Video Açıklaması: 3.Sezon 2.Bölüm
🎯 Tam Başlık: Ultimate Airport Dubai - 3.Sezon 2.Bölüm
🎯 HEX DECODE - m3u8 bulundu: https://vidlax.xyz/upload/be0823d92b8770e12906d947662902fd6749/master.m3u8
      ✅ Ultimate Airport Dubai - 3.Sezon 2.Bölüm - 1 m3u8
   🔍 [23/30] Bölüm: https://diziyiizle2.com/ultimate-airport-dubai/3-sezon-3-bolum/
📺 Embed URL bulundu: https://vidlax1.xyz/embed/d421a6f6eb09ee52
🔍 Embed URL kontrol ediliyor: https://vidlax1.xyz/embed/d421a6f6eb09ee52
📄 Embed sayfa içeriği alındı, boyut: 41134 karakter
🎬 Video Başlığı: Ultimate Airport Dubai
📝 Video Açıklaması: 3.Sezon 3.Bölüm
🎯 Tam Başlık: Ultimate Airport Dubai - 3.Sezon 3.Bölüm
🎯 HEX DECODE - m3u8 bulundu: https://vidlax.xyz/upload/7333b0bd4f5314090b6d08a06330f5c0192b/master.m3u8
      ✅ Ultimate Airport Dubai - 3.Sezon 3.Bölüm - 1 m3u8
   🔍 [24/30] Bölüm: https://diziyiizle2.com/ultimate-airport-dubai/3-sezon-4-bolum/
📺 Embed URL bulundu: https://vidlax1.xyz/embed/141c3348fd1bbc47
🔍 Embed URL kontrol ediliyor: https://vidlax1.xyz/embed/141c3348fd1bbc47
📄 Embed sayfa içeriği alındı, boyut: 40980 karakter
🎬 Video Başlığı: Ultimate Airport Dubai
📝 Video Açıklaması: 3.Sezon 4.Bölüm
🎯 Tam Başlık: Ultimate Airport Dubai - 3.Sezon 4.Bölüm
🎯 HEX DECODE - m3u8 bulundu: https://vidlax.xyz/upload/c0f84b47bc62460984d2ece988607d59b425/master.m3u8
      ✅ Ultimate Airport Dubai - 3.Sezon 4.Bölüm - 1 m3u8
   🔍 [25/30] Bölüm: https://diziyiizle2.com/ultimate-airport-dubai/3-sezon-5-bolum/
📺 Embed URL bulundu: https://vidlax1.xyz/embed/e029b6095f6aa3c1
🔍 Embed URL kontrol ediliyor: https://vidlax1.xyz/embed/e029b6095f6aa3c1
📄 Embed sayfa içeriği alındı, boyut: 40980 karakter
🎬 Video Başlığı: Ultimate Airport Dubai
📝 Video Açıklaması: 3.Sezon 5.Bölüm
🎯 Tam Başlık: Ultimate Airport Dubai - 3.Sezon 5.Bölüm
🎯 HEX DECODE - m3u8 bulundu: https://vidlax.xyz/upload/87b3b5adbffb6ae5bd87965c26b6629bed68/master.m3u8
      ✅ Ultimate Airport Dubai - 3.Sezon 5.Bölüm - 1 m3u8
   🔍 [26/30] Bölüm: https://diziyiizle2.com/ultimate-airport-dubai/3-sezon-6-bolum/
📺 Embed URL bulundu: https://vidlax1.xyz/embed/164813b667fa35af
🔍 Embed URL kontrol ediliyor: https://vidlax1.xyz/embed/164813b667fa35af
📄 Embed sayfa içeriği alındı, boyut: 40980 karakter
🎬 Video Başlığı: Ultimate Airport Dubai
📝 Video Açıklaması: 3.Sezon 6.Bölüm
🎯 Tam Başlık: Ultimate Airport Dubai - 3.Sezon 6.Bölüm
🎯 HEX DECODE - m3u8 bulundu: https://vidlax.xyz/upload/315d73223e2ab9520a3d61c071f1ba263806/master.m3u8
      ✅ Ultimate Airport Dubai - 3.Sezon 6.Bölüm - 1 m3u8
   🔍 [27/30] Bölüm: https://diziyiizle2.com/ultimate-airport-dubai/3-sezon-7-bolum/
📺 Embed URL bulundu: https://vidlax1.xyz/embed/ad147ef150fc94be
🔍 Embed URL kontrol ediliyor: https://vidlax1.xyz/embed/ad147ef150fc94be
📄 Embed sayfa içeriği alındı, boyut: 40980 karakter
🎬 Video Başlığı: Ultimate Airport Dubai
📝 Video Açıklaması: 3.Sezon 7.Bölüm
🎯 Tam Başlık: Ultimate Airport Dubai - 3.Sezon 7.Bölüm
🎯 HEX DECODE - m3u8 bulundu: https://vidlax.xyz/upload/e25ef6ce7a643a53a283613025f7e2cd16c2/master.m3u8
      ✅ Ultimate Airport Dubai - 3.Sezon 7.Bölüm - 1 m3u8
   🔍 [28/30] Bölüm: https://diziyiizle2.com/ultimate-airport-dubai/3-sezon-8-bolum/
📺 Embed URL bulundu: https://vidlax1.xyz/embed/607ca4832ce6ee19
🔍 Embed URL kontrol ediliyor: https://vidlax1.xyz/embed/607ca4832ce6ee19
📄 Embed sayfa içeriği alındı, boyut: 40980 karakter
🎬 Video Başlığı: Ultimate Airport Dubai
📝 Video Açıklaması: 3.Sezon 8.Bölüm
🎯 Tam Başlık: Ultimate Airport Dubai - 3.Sezon 8.Bölüm
🎯 HEX DECODE - m3u8 bulundu: https://vidlax.xyz/upload/35b5a0252667fc15588b222b4cf7b7c630d9/master.m3u8
      ✅ Ultimate Airport Dubai - 3.Sezon 8.Bölüm - 1 m3u8
   🔍 [29/30] Bölüm: https://diziyiizle2.com/ultimate-airport-dubai/3-sezon-9-bolum/
📺 Embed URL bulundu: https://vidlax1.xyz/embed/625b64a5d22c6696
🔍 Embed URL kontrol ediliyor: https://vidlax1.xyz/embed/625b64a5d22c6696
📄 Embed sayfa içeriği alındı, boyut: 40980 karakter
🎬 Video Başlığı: Ultimate Airport Dubai
📝 Video Açıklaması: 3.Sezon 9.Bölüm
🎯 Tam Başlık: Ultimate Airport Dubai - 3.Sezon 9.Bölüm
🎯 HEX DECODE - m3u8 bulundu: https://vidlax.xyz/upload/18d06ca2b1289398388f404233329606650d/master.m3u8
      ✅ Ultimate Airport Dubai - 3.Sezon 9.Bölüm - 1 m3u8
   🔍 [30/30] Bölüm: https://diziyiizle2.com/ultimate-airport-dubai/3-sezon-10-bolum/
📺 Embed URL bulundu: https://vidlax1.xyz/embed/c7e2a4ffbfb3e162
🔍 Embed URL kontrol ediliyor: https://vidlax1.xyz/embed/c7e2a4ffbfb3e162
📄 Embed sayfa içeriği alındı, boyut: 40981 karakter
🎬 Video Başlığı: Ultimate Airport Dubai
📝 Video Açıklaması: 3.Sezon 10.Bölüm
🎯 Tam Başlık: Ultimate Airport Dubai - 3.Sezon 10.Bölüm
🎯 HEX DECODE - m3u8 bulundu: https://vidlax.xyz/upload/168c32231a2c1cb80c63b755075c8d770a9a/master.m3u8
      ✅ Ultimate Airport Dubai - 3.Sezon 10.Bölüm - 1 m3u8
      📁 Dizi playlist: playlists/ultimate_airport_dubai_playlist.m3u
   ✅ Dizi tamamlandı: 30 m3u8 eklendi

============================================================
🎬 [39/56] İşleniyor: https://diziyiizle2.com/dizi/breeders/
📺 Bölüm bulundu: 1. Sezon 1. BölümDublaj30.10.202528 dk. - https://diziyiizle2.com/breeders/1-sezon-1-bolum/
📺 Bölüm bulundu: 1. Sezon 2. BölümDublaj30.10.202527 dk. - https://diziyiizle2.com/breeders/1-sezon-2-bolum/
📺 Bölüm bulundu: 1. Sezon 3. BölümDublaj30.10.202523 dk. - https://diziyiizle2.com/breeders/1-sezon-3-bolum/
📺 Bölüm bulundu: 1. Sezon 4. BölümDublaj30.10.202526 dk. - https://diziyiizle2.com/breeders/1-sezon-4-bolum/
📺 Bölüm bulundu: 1. Sezon 5. BölümDublaj30.10.202525 dk. - https://diziyiizle2.com/breeders/1-sezon-5-bolum/
📺 Bölüm bulundu: 1. Sezon 6. BölümDublaj30.10.202523 dk. - https://diziyiizle2.com/breeders/1-sezon-6-bolum/
📺 Bölüm bulundu: 1. Sezon 7. BölümDublaj30.10.202523 dk. - https://diziyiizle2.com/breeders/1-sezon-7-bolum/
📺 Bölüm bulundu: 1. Sezon 8. BölümDublaj30.10.202525 dk. - https://diziyiizle2.com/breeders/1-sezon-8-bolum/
📺 Bölüm bulundu: 1. Sezon 9. BölümDublaj30.10.202524 dk. - https://diziyiizle2.com/breeders/1-sezon-9-bolum/
📺 Bölüm bulundu: 1. Sezon 10. BölümDublaj30.10.202523 dk. - https://diziyiizle2.com/breeders/1-sezon-10-bolum/
📺 Bölüm bulundu: 2. Sezon 1. BölümDublaj30.10.202524 dk. - https://diziyiizle2.com/breeders/2-sezon-1-bolum/
📺 Bölüm bulundu: 2. Sezon 2. BölümDublaj30.10.202521 dk. - https://diziyiizle2.com/breeders/2-sezon-2-bolum/
📺 Bölüm bulundu: 2. Sezon 3. BölümDublaj30.10.202522 dk. - https://diziyiizle2.com/breeders/2-sezon-3-bolum/
📺 Bölüm bulundu: 2. Sezon 4. BölümDublaj30.10.202523 dk. - https://diziyiizle2.com/breeders/2-sezon-4-bolum/
📺 Bölüm bulundu: 2. Sezon 5. BölümDublaj30.10.202521 dk. - https://diziyiizle2.com/breeders/2-sezon-5-bolum/
📺 Bölüm bulundu: 2. Sezon 6. BölümDublaj30.10.202524 dk. - https://diziyiizle2.com/breeders/2-sezon-6-bolum/
📺 Bölüm bulundu: 2. Sezon 7. BölümDublaj30.10.202523 dk. - https://diziyiizle2.com/breeders/2-sezon-7-bolum/
📺 Bölüm bulundu: 2. Sezon 8. BölümDublaj30.10.202527 dk. - https://diziyiizle2.com/breeders/2-sezon-8-bolum/
📺 Bölüm bulundu: 2. Sezon 9. BölümDublaj30.10.202524 dk. - https://diziyiizle2.com/breeders/2-sezon-9-bolum/
📺 Bölüm bulundu: 2. Sezon 10. BölümDublaj30.10.202524 dk. - https://diziyiizle2.com/breeders/2-sezon-10-bolum/
📺 Bölüm bulundu: 3. Sezon 1. BölümDublaj30.10.202524 dk. - https://diziyiizle2.com/breeders/3-sezon-1-bolum/
📺 Bölüm bulundu: 3. Sezon 2. BölümDublaj30.10.202524 dk. - https://diziyiizle2.com/breeders/3-sezon-2-bolum/
📺 Bölüm bulundu: 3. Sezon 3. BölümDublaj30.10.202523 dk. - https://diziyiizle2.com/breeders/3-sezon-3-bolum/
📺 Bölüm bulundu: 3. Sezon 4. BölümDublaj30.10.202524 dk. - https://diziyiizle2.com/breeders/3-sezon-4-bolum/
📺 Bölüm bulundu: 3. Sezon 5. BölümDublaj30.10.202525 dk. - https://diziyiizle2.com/breeders/3-sezon-5-bolum/
📺 Bölüm bulundu: 3. Sezon 6. BölümDublaj30.10.202525 dk. - https://diziyiizle2.com/breeders/3-sezon-6-bolum/
📺 Bölüm bulundu: 3. Sezon 7. BölümDublaj30.10.202522 dk. - https://diziyiizle2.com/breeders/3-sezon-7-bolum/
📺 Bölüm bulundu: 3. Sezon 8. BölümDublaj30.10.202530 dk. - https://diziyiizle2.com/breeders/3-sezon-8-bolum/
📺 Bölüm bulundu: 3. Sezon 9. BölümDublaj30.10.202522 dk. - https://diziyiizle2.com/breeders/3-sezon-9-bolum/
📺 Bölüm bulundu: 3. Sezon 10. BölümDublaj30.10.202522 dk. - https://diziyiizle2.com/breeders/3-sezon-10-bolum/
📺 Bölüm bulundu: 4. Sezon 1. BölümAltyazılı30.10.202527 dk. - https://diziyiizle2.com/breeders/4-sezon-1-bolum/
📺 Bölüm bulundu: 4. Sezon 2. BölümAltyazılı30.10.202522 dk. - https://diziyiizle2.com/breeders/4-sezon-2-bolum/
📺 Bölüm bulundu: 4. Sezon 3. BölümAltyazılı30.10.202527 dk. - https://diziyiizle2.com/breeders/4-sezon-3-bolum/
📺 Bölüm bulundu: 4. Sezon 4. BölümAltyazılı30.10.202524 dk. - https://diziyiizle2.com/breeders/4-sezon-4-bolum/
📺 Bölüm bulundu: 4. Sezon 5. BölümAltyazılı30.10.202524 dk. - https://diziyiizle2.com/breeders/4-sezon-5-bolum/
📺 Bölüm bulundu: 4. Sezon 6. BölümAltyazılı30.10.202522 dk. - https://diziyiizle2.com/breeders/4-sezon-6-bolum/
📺 Bölüm bulundu: 4. Sezon 7. BölümAltyazılı30.10.202524 dk. - https://diziyiizle2.com/breeders/4-sezon-7-bolum/
📺 Bölüm bulundu: 4. Sezon 8. BölümAltyazılı30.10.202523 dk. - https://diziyiizle2.com/breeders/4-sezon-8-bolum/
📺 Bölüm bulundu: 4. Sezon 9. BölümAltyazılı30.10.202523 dk. - https://diziyiizle2.com/breeders/4-sezon-9-bolum/
📺 Bölüm bulundu: 4. Sezon 10. BölümAltyazılı30.10.202526 dk. - https://diziyiizle2.com/breeders/4-sezon-10-bolum/

📊 Toplam 40 bölüm bulundu
   🔍 [1/40] Bölüm: https://diziyiizle2.com/breeders/1-sezon-1-bolum/
📺 Embed URL bulundu: https://vidlax1.xyz/embed/a0a35a2dbce2377f
🔍 Embed URL kontrol ediliyor: https://vidlax1.xyz/embed/a0a35a2dbce2377f
📄 Embed sayfa içeriği alındı, boyut: 41462 karakter
🎬 Video Başlığı: Breeders
📝 Video Açıklaması: 1.Sezon 1.Bölüm
🎯 Tam Başlık: Breeders - 1.Sezon 1.Bölüm
🎯 HEX DECODE - m3u8 bulundu: https://vidlax.xyz/upload/340bf67a8ffd1afa12b72c4aecaadba03245/master.m3u8
      ✅ Breeders - 1.Sezon 1.Bölüm - 1 m3u8
   🔍 [2/40] Bölüm: https://diziyiizle2.com/breeders/1-sezon-2-bolum/
📺 Embed URL bulundu: https://vidlax1.xyz/embed/4b84a0b1a71ac7dc
🔍 Embed URL kontrol ediliyor: https://vidlax1.xyz/embed/4b84a0b1a71ac7dc
📄 Embed sayfa içeriği alındı, boyut: 41462 karakter
🎬 Video Başlığı: Breeders
📝 Video Açıklaması: 1.Sezon 2.Bölüm
🎯 Tam Başlık: Breeders - 1.Sezon 2.Bölüm
🎯 HEX DECODE - m3u8 bulundu: https://vidlax.xyz/upload/ff088d2d4a809170edd61e7509b3998960e7/master.m3u8
      ✅ Breeders - 1.Sezon 2.Bölüm - 1 m3u8
   🔍 [3/40] Bölüm: https://diziyiizle2.com/breeders/1-sezon-3-bolum/
📺 Embed URL bulundu: https://vidlax1.xyz/embed/2eb76cd6c11fd2be
🔍 Embed URL kontrol ediliyor: https://vidlax1.xyz/embed/2eb76cd6c11fd2be
📄 Embed sayfa içeriği alındı, boyut: 41462 karakter
🎬 Video Başlığı: Breeders
📝 Video Açıklaması: 1.Sezon 3.Bölüm
🎯 Tam Başlık: Breeders - 1.Sezon 3.Bölüm
🎯 HEX DECODE - m3u8 bulundu: https://vidlax.xyz/upload/e5aa9f48dfd553c83e6fa8877b2182b3bf6d/master.m3u8
      ✅ Breeders - 1.Sezon 3.Bölüm - 1 m3u8
   🔍 [4/40] Bölüm: https://diziyiizle2.com/breeders/1-sezon-4-bolum/
📺 Embed URL bulundu: https://vidlax1.xyz/embed/cf92f583baf6318c
🔍 Embed URL kontrol ediliyor: https://vidlax1.xyz/embed/cf92f583baf6318c
📄 Embed sayfa içeriği alındı, boyut: 41462 karakter
🎬 Video Başlığı: Breeders
📝 Video Açıklaması: 1.Sezon 4.Bölüm
🎯 Tam Başlık: Breeders - 1.Sezon 4.Bölüm
🎯 HEX DECODE - m3u8 bulundu: https://vidlax.xyz/upload/b24ae19ea0ed991d65721987b2d8a1cf4fde/master.m3u8
      ✅ Breeders - 1.Sezon 4.Bölüm - 1 m3u8
   🔍 [5/40] Bölüm: https://diziyiizle2.com/breeders/1-sezon-5-bolum/
📺 Embed URL bulundu: https://vidlax1.xyz/embed/d81a99f4796a295d
🔍 Embed URL kontrol ediliyor: https://vidlax1.xyz/embed/d81a99f4796a295d
📄 Embed sayfa içeriği alındı, boyut: 41462 karakter
🎬 Video Başlığı: Breeders
📝 Video Açıklaması: 1.Sezon 5.Bölüm
🎯 Tam Başlık: Breeders - 1.Sezon 5.Bölüm
🎯 HEX DECODE - m3u8 bulundu: https://vidlax.xyz/upload/c1f26504d1a7e9cf04bba19f47c189eecd8a/master.m3u8
      ✅ Breeders - 1.Sezon 5.Bölüm - 1 m3u8
   🔍 [6/40] Bölüm: https://diziyiizle2.com/breeders/1-sezon-6-bolum/
📺 Embed URL bulundu: https://vidlax1.xyz/embed/f51ca8e61f48ee80
🔍 Embed URL kontrol ediliyor: https://vidlax1.xyz/embed/f51ca8e61f48ee80
📄 Embed sayfa içeriği alındı, boyut: 41462 karakter
🎬 Video Başlığı: Breeders
📝 Video Açıklaması: 1.Sezon 6.Bölüm
🎯 Tam Başlık: Breeders - 1.Sezon 6.Bölüm
🎯 HEX DECODE - m3u8 bulundu: https://vidlax.xyz/upload/65b83d9c22de8654cf6fca50f772c7125a74/master.m3u8
      ✅ Breeders - 1.Sezon 6.Bölüm - 1 m3u8
   🔍 [7/40] Bölüm: https://diziyiizle2.com/breeders/1-sezon-7-bolum/
📺 Embed URL bulundu: https://vidlax1.xyz/embed/c8f64f8d77994d36
🔍 Embed URL kontrol ediliyor: https://vidlax1.xyz/embed/c8f64f8d77994d36
📄 Embed sayfa içeriği alındı, boyut: 41462 karakter
🎬 Video Başlığı: Breeders
📝 Video Açıklaması: 1.Sezon 7.Bölüm
🎯 Tam Başlık: Breeders - 1.Sezon 7.Bölüm
🎯 HEX DECODE - m3u8 bulundu: https://vidlax.xyz/upload/c25b560c6142a0b035b527bee936e06f3181/master.m3u8
      ✅ Breeders - 1.Sezon 7.Bölüm - 1 m3u8
   🔍 [8/40] Bölüm: https://diziyiizle2.com/breeders/1-sezon-8-bolum/
📺 Embed URL bulundu: https://vidlax1.xyz/embed/9b68d1c3ecb0b262
🔍 Embed URL kontrol ediliyor: https://vidlax1.xyz/embed/9b68d1c3ecb0b262
📄 Embed sayfa içeriği alındı, boyut: 41462 karakter
🎬 Video Başlığı: Breeders
📝 Video Açıklaması: 1.Sezon 8.Bölüm
🎯 Tam Başlık: Breeders - 1.Sezon 8.Bölüm
🎯 HEX DECODE - m3u8 bulundu: https://vidlax.xyz/upload/f0f439a1f3b53efa2b83a0065b568fd64591/master.m3u8
      ✅ Breeders - 1.Sezon 8.Bölüm - 1 m3u8
   🔍 [9/40] Bölüm: https://diziyiizle2.com/breeders/1-sezon-9-bolum/
📺 Embed URL bulundu: https://vidlax1.xyz/embed/2e971120edfb7519
🔍 Embed URL kontrol ediliyor: https://vidlax1.xyz/embed/2e971120edfb7519
📄 Embed sayfa içeriği alındı, boyut: 41462 karakter
🎬 Video Başlığı: Breeders
📝 Video Açıklaması: 1.Sezon 9.Bölüm
🎯 Tam Başlık: Breeders - 1.Sezon 9.Bölüm
🎯 HEX DECODE - m3u8 bulundu: https://vidlax.xyz/upload/8a250192de46dc0799682a6f576cc4aeb270/master.m3u8
      ✅ Breeders - 1.Sezon 9.Bölüm - 1 m3u8
   🔍 [10/40] Bölüm: https://diziyiizle2.com/breeders/1-sezon-10-bolum/
📺 Embed URL bulundu: https://vidlax1.xyz/embed/1fb5e6365ecdb31e
🔍 Embed URL kontrol ediliyor: https://vidlax1.xyz/embed/1fb5e6365ecdb31e
📄 Embed sayfa içeriği alındı, boyut: 41463 karakter
🎬 Video Başlığı: Breeders
📝 Video Açıklaması: 1.Sezon 10.Bölüm
🎯 Tam Başlık: Breeders - 1.Sezon 10.Bölüm
🎯 HEX DECODE - m3u8 bulundu: https://vidlax.xyz/upload/7dfd051c51b872ef658fadbb07759d8647de/master.m3u8
      ✅ Breeders - 1.Sezon 10.Bölüm - 1 m3u8
   🔍 [11/40] Bölüm: https://diziyiizle2.com/breeders/2-sezon-1-bolum/
📺 Embed URL bulundu: https://vidlax1.xyz/embed/a02f6f2cafe58e2d
🔍 Embed URL kontrol ediliyor: https://vidlax1.xyz/embed/a02f6f2cafe58e2d
📄 Embed sayfa içeriği alındı, boyut: 41453 karakter
🎬 Video Başlığı: Breeders
📝 Video Açıklaması: 2.Sezon 1.Bölüm
🎯 Tam Başlık: Breeders - 2.Sezon 1.Bölüm
🎯 HEX DECODE - m3u8 bulundu: https://vidlax.xyz/upload/b446a16b0a10750510d312c6ff933a915efd/master.m3u8
      ✅ Breeders - 2.Sezon 1.Bölüm - 1 m3u8
   🔍 [12/40] Bölüm: https://diziyiizle2.com/breeders/2-sezon-2-bolum/
📺 Embed URL bulundu: https://vidlax1.xyz/embed/5fbf2d56f062153c
🔍 Embed URL kontrol ediliyor: https://vidlax1.xyz/embed/5fbf2d56f062153c
📄 Embed sayfa içeriği alındı, boyut: 41454 karakter
🎬 Video Başlığı: Breeders
📝 Video Açıklaması: 2.Sezon 2.Bölüm
🎯 Tam Başlık: Breeders - 2.Sezon 2.Bölüm
🎯 HEX DECODE - m3u8 bulundu: https://vidlax.xyz/upload/5d738cffa6b279372cf92e5cbefda47b9c6d/master.m3u8
      ✅ Breeders - 2.Sezon 2.Bölüm - 1 m3u8
   🔍 [13/40] Bölüm: https://diziyiizle2.com/breeders/2-sezon-3-bolum/
📺 Embed URL bulundu: https://vidlax1.xyz/embed/82020e0e6e214bd8
🔍 Embed URL kontrol ediliyor: https://vidlax1.xyz/embed/82020e0e6e214bd8
📄 Embed sayfa içeriği alındı, boyut: 41453 karakter
🎬 Video Başlığı: Breeders
📝 Video Açıklaması: 2.Sezon 3.Bölüm
🎯 Tam Başlık: Breeders - 2.Sezon 3.Bölüm
🎯 HEX DECODE - m3u8 bulundu: https://vidlax.xyz/upload/18dd20b629ddac49a2df2eae077dfb95c4ff/master.m3u8
      ✅ Breeders - 2.Sezon 3.Bölüm - 1 m3u8
   🔍 [14/40] Bölüm: https://diziyiizle2.com/breeders/2-sezon-4-bolum/
📺 Embed URL bulundu: https://vidlax1.xyz/embed/cc857f332c82d72b
🔍 Embed URL kontrol ediliyor: https://vidlax1.xyz/embed/cc857f332c82d72b
📄 Embed sayfa içeriği alındı, boyut: 41453 karakter
🎬 Video Başlığı: Breeders
📝 Video Açıklaması: 2.Sezon 4.Bölüm
🎯 Tam Başlık: Breeders - 2.Sezon 4.Bölüm
🎯 HEX DECODE - m3u8 bulundu: https://vidlax.xyz/upload/b64fee9fcee05ee1438b0144baf874108f61/master.m3u8
      ✅ Breeders - 2.Sezon 4.Bölüm - 1 m3u8
   🔍 [15/40] Bölüm: https://diziyiizle2.com/breeders/2-sezon-5-bolum/
📺 Embed URL bulundu: https://vidlax1.xyz/embed/0cf93da8fd255911
🔍 Embed URL kontrol ediliyor: https://vidlax1.xyz/embed/0cf93da8fd255911
📄 Embed sayfa içeriği alındı, boyut: 41453 karakter
🎬 Video Başlığı: Breeders
📝 Video Açıklaması: 2.Sezon 5.Bölüm
🎯 Tam Başlık: Breeders - 2.Sezon 5.Bölüm
🎯 HEX DECODE - m3u8 bulundu: https://vidlax.xyz/upload/aec0955738c56044abb0f534ac4ee78dc0e0/master.m3u8
      ✅ Breeders - 2.Sezon 5.Bölüm - 1 m3u8
   🔍 [16/40] Bölüm: https://diziyiizle2.com/breeders/2-sezon-6-bolum/
📺 Embed URL bulundu: https://vidlax1.xyz/embed/d5a5c8a8a44dc707
🔍 Embed URL kontrol ediliyor: https://vidlax1.xyz/embed/d5a5c8a8a44dc707
📄 Embed sayfa içeriği alındı, boyut: 41453 karakter
🎬 Video Başlığı: Breeders
📝 Video Açıklaması: 2.Sezon 6.Bölüm
🎯 Tam Başlık: Breeders - 2.Sezon 6.Bölüm
🎯 HEX DECODE - m3u8 bulundu: https://vidlax.xyz/upload/c102359d6e4141ccda6be41b79eac4d0add3/master.m3u8
      ✅ Breeders - 2.Sezon 6.Bölüm - 1 m3u8
   🔍 [17/40] Bölüm: https://diziyiizle2.com/breeders/2-sezon-7-bolum/
📺 Embed URL bulundu: https://vidlax1.xyz/embed/5b318dba4f9ab3d8
🔍 Embed URL kontrol ediliyor: https://vidlax1.xyz/embed/5b318dba4f9ab3d8
📄 Embed sayfa içeriği alındı, boyut: 41657 karakter
🎬 Video Başlığı: Breeders
📝 Video Açıklaması: 2.Sezon 7.Bölüm
🎯 Tam Başlık: Breeders - 2.Sezon 7.Bölüm
🎯 HEX DECODE - m3u8 bulundu: https://vidlax.xyz/upload/1553ab77574fd949df1fbc3a92f4d9355afc/master.m3u8
      ✅ Breeders - 2.Sezon 7.Bölüm - 1 m3u8
   🔍 [18/40] Bölüm: https://diziyiizle2.com/breeders/2-sezon-8-bolum/
📺 Embed URL bulundu: https://vidlax1.xyz/embed/140bc258a0a4bd8d
🔍 Embed URL kontrol ediliyor: https://vidlax1.xyz/embed/140bc258a0a4bd8d
📄 Embed sayfa içeriği alındı, boyut: 41453 karakter
🎬 Video Başlığı: Breeders
📝 Video Açıklaması: 2.Sezon 8.Bölüm
🎯 Tam Başlık: Breeders - 2.Sezon 8.Bölüm
🎯 HEX DECODE - m3u8 bulundu: https://vidlax.xyz/upload/f9558a33b5b727e7005bb00fa2bc9d19bea1/master.m3u8
      ✅ Breeders - 2.Sezon 8.Bölüm - 1 m3u8
   🔍 [19/40] Bölüm: https://diziyiizle2.com/breeders/2-sezon-9-bolum/
📺 Embed URL bulundu: https://vidlax1.xyz/embed/49c1df8c04e39ab3
🔍 Embed URL kontrol ediliyor: https://vidlax1.xyz/embed/49c1df8c04e39ab3
📄 Embed sayfa içeriği alındı, boyut: 41657 karakter
🎬 Video Başlığı: Breeders
📝 Video Açıklaması: 2.Sezon 9.Bölüm
🎯 Tam Başlık: Breeders - 2.Sezon 9.Bölüm
🎯 HEX DECODE - m3u8 bulundu: https://vidlax.xyz/upload/97aa5ea8dd4842e8f687444dcec9712cf314/master.m3u8
      ✅ Breeders - 2.Sezon 9.Bölüm - 1 m3u8
   🔍 [20/40] Bölüm: https://diziyiizle2.com/breeders/2-sezon-10-bolum/
📺 Embed URL bulundu: https://vidlax1.xyz/embed/a5e65deb85ae3f5f
🔍 Embed URL kontrol ediliyor: https://vidlax1.xyz/embed/a5e65deb85ae3f5f
📄 Embed sayfa içeriği alındı, boyut: 41454 karakter
🎬 Video Başlığı: Breeders
📝 Video Açıklaması: 2.Sezon 10.Bölüm
🎯 Tam Başlık: Breeders - 2.Sezon 10.Bölüm
🎯 HEX DECODE - m3u8 bulundu: https://vidlax.xyz/upload/4b51ca75d218510eb30c7f70859b571f7d84/master.m3u8
      ✅ Breeders - 2.Sezon 10.Bölüm - 1 m3u8
   🔍 [21/40] Bölüm: https://diziyiizle2.com/breeders/3-sezon-1-bolum/
📺 Embed URL bulundu: https://vidlax1.xyz/embed/136adfe09570f82a
🔍 Embed URL kontrol ediliyor: https://vidlax1.xyz/embed/136adfe09570f82a
📄 Embed sayfa içeriği alındı, boyut: 41648 karakter
🎬 Video Başlığı: Breeders
📝 Video Açıklaması: 3.Sezon 1.Bölüm
🎯 Tam Başlık: Breeders - 3.Sezon 1.Bölüm
🎯 HEX DECODE - m3u8 bulundu: https://vidlax.xyz/upload/9e93e8e8c1f01b12480bdaa1c7c97ddcd774/master.m3u8
      ✅ Breeders - 3.Sezon 1.Bölüm - 1 m3u8
   🔍 [22/40] Bölüm: https://diziyiizle2.com/breeders/3-sezon-2-bolum/
📺 Embed URL bulundu: https://vidlax1.xyz/embed/4e891a0917fe3321
🔍 Embed URL kontrol ediliyor: https://vidlax1.xyz/embed/4e891a0917fe3321
📄 Embed sayfa içeriği alındı, boyut: 41648 karakter
🎬 Video Başlığı: Breeders
📝 Video Açıklaması: 3.Sezon 2.Bölüm
🎯 Tam Başlık: Breeders - 3.Sezon 2.Bölüm
🎯 HEX DECODE - m3u8 bulundu: https://vidlax.xyz/upload/ec5685b66acd9fdb532faf83c51b2e74deb2/master.m3u8
      ✅ Breeders - 3.Sezon 2.Bölüm - 1 m3u8
   🔍 [23/40] Bölüm: https://diziyiizle2.com/breeders/3-sezon-3-bolum/
📺 Embed URL bulundu: https://vidlax1.xyz/embed/a6cff1762d9cea26
🔍 Embed URL kontrol ediliyor: https://vidlax1.xyz/embed/a6cff1762d9cea26
📄 Embed sayfa içeriği alındı, boyut: 41648 karakter
🎬 Video Başlığı: Breeders
📝 Video Açıklaması: 3.Sezon 3.Bölüm
🎯 Tam Başlık: Breeders - 3.Sezon 3.Bölüm
🎯 HEX DECODE - m3u8 bulundu: https://vidlax.xyz/upload/675a3f0dff63b455680e1a8d0049c78c15af/master.m3u8
      ✅ Breeders - 3.Sezon 3.Bölüm - 1 m3u8
   🔍 [24/40] Bölüm: https://diziyiizle2.com/breeders/3-sezon-4-bolum/
📺 Embed URL bulundu: https://vidlax1.xyz/embed/d8ee88b1e98e8e21
🔍 Embed URL kontrol ediliyor: https://vidlax1.xyz/embed/d8ee88b1e98e8e21
📄 Embed sayfa içeriği alındı, boyut: 41648 karakter
🎬 Video Başlığı: Breeders
📝 Video Açıklaması: 3.Sezon 4.Bölüm
🎯 Tam Başlık: Breeders - 3.Sezon 4.Bölüm
🎯 HEX DECODE - m3u8 bulundu: https://vidlax.xyz/upload/97c6b0afa103616b0fd3a86b51415878fdbf/master.m3u8
      ✅ Breeders - 3.Sezon 4.Bölüm - 1 m3u8
   🔍 [25/40] Bölüm: https://diziyiizle2.com/breeders/3-sezon-5-bolum/
📺 Embed URL bulundu: https://vidlax1.xyz/embed/3e43e7f3ce07fbb8
🔍 Embed URL kontrol ediliyor: https://vidlax1.xyz/embed/3e43e7f3ce07fbb8
📄 Embed sayfa içeriği alındı, boyut: 41638 karakter
🎬 Video Başlığı: Breeders
📝 Video Açıklaması: 3.Sezon 5.Bölüm
🎯 Tam Başlık: Breeders - 3.Sezon 5.Bölüm
🎯 HEX DECODE - m3u8 bulundu: https://vidlax.xyz/upload/d6da10b33ee3fabd6bf431f16d8c4c3cb0e6/master.m3u8
      ✅ Breeders - 3.Sezon 5.Bölüm - 1 m3u8
   🔍 [26/40] Bölüm: https://diziyiizle2.com/breeders/3-sezon-6-bolum/
📺 Embed URL bulundu: https://vidlax1.xyz/embed/6ebbf438a53f9237
🔍 Embed URL kontrol ediliyor: https://vidlax1.xyz/embed/6ebbf438a53f9237
📄 Embed sayfa içeriği alındı, boyut: 41648 karakter
🎬 Video Başlığı: Breeders
📝 Video Açıklaması: 3.Sezon 6.Bölüm
🎯 Tam Başlık: Breeders - 3.Sezon 6.Bölüm
🎯 HEX DECODE - m3u8 bulundu: https://vidlax.xyz/upload/e547d6989535af39abc0635fdc2b63e03eb3/master.m3u8
      ✅ Breeders - 3.Sezon 6.Bölüm - 1 m3u8
   🔍 [27/40] Bölüm: https://diziyiizle2.com/breeders/3-sezon-7-bolum/
📺 Embed URL bulundu: https://vidlax1.xyz/embed/8d42fd5001524f32
🔍 Embed URL kontrol ediliyor: https://vidlax1.xyz/embed/8d42fd5001524f32
📄 Embed sayfa içeriği alındı, boyut: 41648 karakter
🎬 Video Başlığı: Breeders
📝 Video Açıklaması: 3.Sezon 7.Bölüm
🎯 Tam Başlık: Breeders - 3.Sezon 7.Bölüm
🎯 HEX DECODE - m3u8 bulundu: https://vidlax.xyz/upload/dcb233012d3c9ae7490c2dc464938593a043/master.m3u8
      ✅ Breeders - 3.Sezon 7.Bölüm - 1 m3u8
   🔍 [28/40] Bölüm: https://diziyiizle2.com/breeders/3-sezon-8-bolum/
📺 Embed URL bulundu: https://vidlax1.xyz/embed/2982b8d13eaa43f8
🔍 Embed URL kontrol ediliyor: https://vidlax1.xyz/embed/2982b8d13eaa43f8
📄 Embed sayfa içeriği alındı, boyut: 41462 karakter
🎬 Video Başlığı: Breeders
📝 Video Açıklaması: 3.Sezon 8.Bölüm
🎯 Tam Başlık: Breeders - 3.Sezon 8.Bölüm
🎯 HEX DECODE - m3u8 bulundu: https://vidlax.xyz/upload/d9d3ea668d6be4263f3448f8453791ebb1e0/master.m3u8
      ✅ Breeders - 3.Sezon 8.Bölüm - 1 m3u8
   🔍 [29/40] Bölüm: https://diziyiizle2.com/breeders/3-sezon-9-bolum/
📺 Embed URL bulundu: https://vidlax1.xyz/embed/64eb31888c5761d8
🔍 Embed URL kontrol ediliyor: https://vidlax1.xyz/embed/64eb31888c5761d8
📄 Embed sayfa içeriği alındı, boyut: 41648 karakter
🎬 Video Başlığı: Breeders
📝 Video Açıklaması: 3.Sezon 9.Bölüm
🎯 Tam Başlık: Breeders - 3.Sezon 9.Bölüm
🎯 HEX DECODE - m3u8 bulundu: https://vidlax.xyz/upload/bb20db857c703416716632c76d13aedeab94/master.m3u8
      ✅ Breeders - 3.Sezon 9.Bölüm - 1 m3u8
   🔍 [30/40] Bölüm: https://diziyiizle2.com/breeders/3-sezon-10-bolum/
📺 Embed URL bulundu: https://vidlax1.xyz/embed/3031270708df24e3
🔍 Embed URL kontrol ediliyor: https://vidlax1.xyz/embed/3031270708df24e3
📄 Embed sayfa içeriği alındı, boyut: 41639 karakter
🎬 Video Başlığı: Breeders
📝 Video Açıklaması: 3.Sezon 10.Bölüm
🎯 Tam Başlık: Breeders - 3.Sezon 10.Bölüm
🎯 HEX DECODE - m3u8 bulundu: https://vidlax.xyz/upload/15f8f9b954cfd51f9f89ccfed6ecfd74c4f8/master.m3u8
      ✅ Breeders - 3.Sezon 10.Bölüm - 1 m3u8
   🔍 [31/40] Bölüm: https://diziyiizle2.com/breeders/4-sezon-1-bolum/

🔍 Vidlax direkt analizi: https://diziyiizle2.com/breeders/4-sezon-1-bolum/
📄 Sayfa içeriği alındı: 104883 karakter
❌ m3u8 URL'si bulunamadı
      ❌ m3u8 bulunamadı
   🔍 [32/40] Bölüm: https://diziyiizle2.com/breeders/4-sezon-2-bolum/

🔍 Vidlax direkt analizi: https://diziyiizle2.com/breeders/4-sezon-2-bolum/
📄 Sayfa içeriği alındı: 104883 karakter
❌ m3u8 URL'si bulunamadı
      ❌ m3u8 bulunamadı
   🔍 [33/40] Bölüm: https://diziyiizle2.com/breeders/4-sezon-3-bolum/

🔍 Vidlax direkt analizi: https://diziyiizle2.com/breeders/4-sezon-3-bolum/
📄 Sayfa içeriği alındı: 104883 karakter
❌ m3u8 URL'si bulunamadı
      ❌ m3u8 bulunamadı
   🔍 [34/40] Bölüm: https://diziyiizle2.com/breeders/4-sezon-4-bolum/

🔍 Vidlax direkt analizi: https://diziyiizle2.com/breeders/4-sezon-4-bolum/
📄 Sayfa içeriği alındı: 104883 karakter
❌ m3u8 URL'si bulunamadı
      ❌ m3u8 bulunamadı
   🔍 [35/40] Bölüm: https://diziyiizle2.com/breeders/4-sezon-5-bolum/

🔍 Vidlax direkt analizi: https://diziyiizle2.com/breeders/4-sezon-5-bolum/
📄 Sayfa içeriği alındı: 104883 karakter
❌ m3u8 URL'si bulunamadı
      ❌ m3u8 bulunamadı
   🔍 [36/40] Bölüm: https://diziyiizle2.com/breeders/4-sezon-6-bolum/

🔍 Vidlax direkt analizi: https://diziyiizle2.com/breeders/4-sezon-6-bolum/
📄 Sayfa içeriği alındı: 104882 karakter
❌ m3u8 URL'si bulunamadı
      ❌ m3u8 bulunamadı
   🔍 [37/40] Bölüm: https://diziyiizle2.com/breeders/4-sezon-7-bolum/

🔍 Vidlax direkt analizi: https://diziyiizle2.com/breeders/4-sezon-7-bolum/
📄 Sayfa içeriği alındı: 104883 karakter
❌ m3u8 URL'si bulunamadı
      ❌ m3u8 bulunamadı
   🔍 [38/40] Bölüm: https://diziyiizle2.com/breeders/4-sezon-8-bolum/

🔍 Vidlax direkt analizi: https://diziyiizle2.com/breeders/4-sezon-8-bolum/
📄 Sayfa içeriği alındı: 104883 karakter
❌ m3u8 URL'si bulunamadı
      ❌ m3u8 bulunamadı
   🔍 [39/40] Bölüm: https://diziyiizle2.com/breeders/4-sezon-9-bolum/

🔍 Vidlax direkt analizi: https://diziyiizle2.com/breeders/4-sezon-9-bolum/
📄 Sayfa içeriği alındı: 104882 karakter
❌ m3u8 URL'si bulunamadı
      ❌ m3u8 bulunamadı
   🔍 [40/40] Bölüm: https://diziyiizle2.com/breeders/4-sezon-10-bolum/

🔍 Vidlax direkt analizi: https://diziyiizle2.com/breeders/4-sezon-10-bolum/
📄 Sayfa içeriği alındı: 104902 karakter
❌ m3u8 URL'si bulunamadı
      ❌ m3u8 bulunamadı
      📁 Dizi playlist: playlists/breeders_playlist.m3u
   ✅ Dizi tamamlandı: 30 m3u8 eklendi

============================================================
🎬 [40/56] İşleniyor: https://diziyiizle2.com/dizi/yildizlarin-altinda/
📺 Bölüm bulundu: 1. Sezon 1. BölümDublaj30.10.202556 dk. - https://diziyiizle2.com/yildizlarin-altinda/1-sezon-1-bolum/
📺 Bölüm bulundu: 1. Sezon 2. BölümDublaj30.10.202554 dk. - https://diziyiizle2.com/yildizlarin-altinda/1-sezon-2-bolum/
📺 Bölüm bulundu: 1. Sezon 3. BölümDublaj30.10.202554 dk. - https://diziyiizle2.com/yildizlarin-altinda/1-sezon-3-bolum/
📺 Bölüm bulundu: 1. Sezon 4. BölümDublaj30.10.202555 dk. - https://diziyiizle2.com/yildizlarin-altinda/1-sezon-4-bolum/
📺 Bölüm bulundu: 1. Sezon 5. BölümDublaj30.10.202553 dk. - https://diziyiizle2.com/yildizlarin-altinda/1-sezon-5-bolum/
📺 Bölüm bulundu: 1. Sezon 6. BölümDublaj30.10.202554 dk. - https://diziyiizle2.com/yildizlarin-altinda/1-sezon-6-bolum/
📺 Bölüm bulundu: 1. Sezon 7. BölümDublaj30.10.202554 dk. - https://diziyiizle2.com/yildizlarin-altinda/1-sezon-7-bolum/
📺 Bölüm bulundu: 1. Sezon 8. BölümDublaj30.10.202553 dk. - https://diziyiizle2.com/yildizlarin-altinda/1-sezon-8-bolum/

📊 Toplam 8 bölüm bulundu
   🔍 [1/8] Bölüm: https://diziyiizle2.com/yildizlarin-altinda/1-sezon-1-bolum/
📺 Embed URL bulundu: https://vidlax1.xyz/embed/d88be1c3d66cfd3b
🔍 Embed URL kontrol ediliyor: https://vidlax1.xyz/embed/d88be1c3d66cfd3b
📄 Embed sayfa içeriği alındı, boyut: 39581 karakter
🎬 Video Başlığı: Night Sky
📝 Video Açıklaması: 1.Sezon 1.Bölüm
🎯 Tam Başlık: Night Sky - 1.Sezon 1.Bölüm
🎯 HEX DECODE - m3u8 bulundu: https://vidlax.xyz/upload/aa832427c00c8c19ed6073457cd33c884178/master.m3u8
      ✅ Night Sky - 1.Sezon 1.Bölüm - 1 m3u8
   🔍 [2/8] Bölüm: https://diziyiizle2.com/yildizlarin-altinda/1-sezon-2-bolum/
📺 Embed URL bulundu: https://vidlax1.xyz/embed/c42142082b0a1685
🔍 Embed URL kontrol ediliyor: https://vidlax1.xyz/embed/c42142082b0a1685
📄 Embed sayfa içeriği alındı, boyut: 39581 karakter
🎬 Video Başlığı: Night Sky
📝 Video Açıklaması: 1.Sezon 2.Bölüm
🎯 Tam Başlık: Night Sky - 1.Sezon 2.Bölüm
🎯 HEX DECODE - m3u8 bulundu: https://vidlax.xyz/upload/1cf5f350809120bd902296f66079689e43ce/master.m3u8
      ✅ Night Sky - 1.Sezon 2.Bölüm - 1 m3u8
   🔍 [3/8] Bölüm: https://diziyiizle2.com/yildizlarin-altinda/1-sezon-3-bolum/
📺 Embed URL bulundu: https://vidlax1.xyz/embed/15a27fd88eb420cb
🔍 Embed URL kontrol ediliyor: https://vidlax1.xyz/embed/15a27fd88eb420cb
📄 Embed sayfa içeriği alındı, boyut: 39581 karakter
🎬 Video Başlığı: Night Sky
📝 Video Açıklaması: 1.Sezon 3.Bölüm
🎯 Tam Başlık: Night Sky - 1.Sezon 3.Bölüm
🎯 HEX DECODE - m3u8 bulundu: https://vidlax.xyz/upload/3841240da726719724bc3581ed65ebe73df3/master.m3u8
      ✅ Night Sky - 1.Sezon 3.Bölüm - 1 m3u8
   🔍 [4/8] Bölüm: https://diziyiizle2.com/yildizlarin-altinda/1-sezon-4-bolum/
📺 Embed URL bulundu: https://vidlax1.xyz/embed/6abac4caa6cd8187
🔍 Embed URL kontrol ediliyor: https://vidlax1.xyz/embed/6abac4caa6cd8187
📄 Embed sayfa içeriği alındı, boyut: 39581 karakter
🎬 Video Başlığı: Night Sky
📝 Video Açıklaması: 1.Sezon 4.Bölüm
🎯 Tam Başlık: Night Sky - 1.Sezon 4.Bölüm
🎯 HEX DECODE - m3u8 bulundu: https://vidlax.xyz/upload/49a49b72a6009f2797bef9734572d20dc83c/master.m3u8
      ✅ Night Sky - 1.Sezon 4.Bölüm - 1 m3u8
   🔍 [5/8] Bölüm: https://diziyiizle2.com/yildizlarin-altinda/1-sezon-5-bolum/
📺 Embed URL bulundu: https://vidlax1.xyz/embed/9c18a8fdf5254b32
🔍 Embed URL kontrol ediliyor: https://vidlax1.xyz/embed/9c18a8fdf5254b32
📄 Embed sayfa içeriği alındı, boyut: 39581 karakter
🎬 Video Başlığı: Night Sky
📝 Video Açıklaması: 1.Sezon 5.Bölüm
🎯 Tam Başlık: Night Sky - 1.Sezon 5.Bölüm
🎯 HEX DECODE - m3u8 bulundu: https://vidlax.xyz/upload/292f114117065d069cd11a8a3d2619df1911/master.m3u8
      ✅ Night Sky - 1.Sezon 5.Bölüm - 1 m3u8
   🔍 [6/8] Bölüm: https://diziyiizle2.com/yildizlarin-altinda/1-sezon-6-bolum/
📺 Embed URL bulundu: https://vidlax1.xyz/embed/09a81651314d2cf8
🔍 Embed URL kontrol ediliyor: https://vidlax1.xyz/embed/09a81651314d2cf8
📄 Embed sayfa içeriği alındı, boyut: 39581 karakter
🎬 Video Başlığı: Night Sky
📝 Video Açıklaması: 1.Sezon 6.Bölüm
🎯 Tam Başlık: Night Sky - 1.Sezon 6.Bölüm
🎯 HEX DECODE - m3u8 bulundu: https://vidlax.xyz/upload/06fa4cdb67bddd606c98a6c21fbf9d64cddf/master.m3u8
      ✅ Night Sky - 1.Sezon 6.Bölüm - 1 m3u8
   🔍 [7/8] Bölüm: https://diziyiizle2.com/yildizlarin-altinda/1-sezon-7-bolum/
📺 Embed URL bulundu: https://vidlax1.xyz/embed/e56677239e6408dd
🔍 Embed URL kontrol ediliyor: https://vidlax1.xyz/embed/e56677239e6408dd
📄 Embed sayfa içeriği alındı, boyut: 39581 karakter
🎬 Video Başlığı: Night Sky
📝 Video Açıklaması: 1.Sezon 7.Bölüm
🎯 Tam Başlık: Night Sky - 1.Sezon 7.Bölüm
🎯 HEX DECODE - m3u8 bulundu: https://vidlax.xyz/upload/0bd9195b294e28aaa0e2e3d845c1f86b1991/master.m3u8
      ✅ Night Sky - 1.Sezon 7.Bölüm - 1 m3u8
   🔍 [8/8] Bölüm: https://diziyiizle2.com/yildizlarin-altinda/1-sezon-8-bolum/
📺 Embed URL bulundu: https://vidlax1.xyz/embed/03811955c5be8d3c
🔍 Embed URL kontrol ediliyor: https://vidlax1.xyz/embed/03811955c5be8d3c
📄 Embed sayfa içeriği alındı, boyut: 39581 karakter
🎬 Video Başlığı: Night Sky
📝 Video Açıklaması: 1.Sezon 8.Bölüm
🎯 Tam Başlık: Night Sky - 1.Sezon 8.Bölüm
🎯 HEX DECODE - m3u8 bulundu: https://vidlax.xyz/upload/4a77cf775389d43b10dab6aa8d6a38d00b21/master.m3u8
      ✅ Night Sky - 1.Sezon 8.Bölüm - 1 m3u8
      📁 Dizi playlist: playlists/yildizlarin_altinda_playlist.m3u
   ✅ Dizi tamamlandı: 8 m3u8 eklendi

============================================================
🎬 [41/56] İşleniyor: https://diziyiizle2.com/dizi/memeliler/
📺 Bölüm bulundu: 1. Sezon 1. BölümDublaj30.10.202526 dk. - https://diziyiizle2.com/memeliler/1-sezon-1-bolum/
📺 Bölüm bulundu: 1. Sezon 2. BölümDublaj30.10.202530 dk. - https://diziyiizle2.com/memeliler/1-sezon-2-bolum/
📺 Bölüm bulundu: 1. Sezon 3. BölümDublaj30.10.202524 dk. - https://diziyiizle2.com/memeliler/1-sezon-3-bolum/
📺 Bölüm bulundu: 1. Sezon 4. BölümDublaj30.10.202528 dk. - https://diziyiizle2.com/memeliler/1-sezon-4-bolum/
📺 Bölüm bulundu: 1. Sezon 5. BölümDublaj30.10.202523 dk. - https://diziyiizle2.com/memeliler/1-sezon-5-bolum/
📺 Bölüm bulundu: 1. Sezon 6. BölümDublaj30.10.202528 dk. - https://diziyiizle2.com/memeliler/1-sezon-6-bolum/

📊 Toplam 6 bölüm bulundu
   🔍 [1/6] Bölüm: https://diziyiizle2.com/memeliler/1-sezon-1-bolum/
📺 Embed URL bulundu: https://vidlax1.xyz/embed/1e3ce891fe3be2d9
🔍 Embed URL kontrol ediliyor: https://vidlax1.xyz/embed/1e3ce891fe3be2d9
📄 Embed sayfa içeriği alındı, boyut: 39579 karakter
🎬 Video Başlığı: Mammals
📝 Video Açıklaması: 1.Sezon 1.Bölüm
🎯 Tam Başlık: Mammals - 1.Sezon 1.Bölüm
🎯 HEX DECODE - m3u8 bulundu: https://vidlax.xyz/upload/fb7dc1523a09f5c4410d4a10f4fc23b1759f/master.m3u8
      ✅ Mammals - 1.Sezon 1.Bölüm - 1 m3u8
   🔍 [2/6] Bölüm: https://diziyiizle2.com/memeliler/1-sezon-2-bolum/
📺 Embed URL bulundu: https://vidlax1.xyz/embed/167bd3afda00ff2a
🔍 Embed URL kontrol ediliyor: https://vidlax1.xyz/embed/167bd3afda00ff2a
📄 Embed sayfa içeriği alındı, boyut: 39579 karakter
🎬 Video Başlığı: Mammals
📝 Video Açıklaması: 1.Sezon 2.Bölüm
🎯 Tam Başlık: Mammals - 1.Sezon 2.Bölüm
🎯 HEX DECODE - m3u8 bulundu: https://vidlax.xyz/upload/e9a482dd2b1184dda9d37bb7949cbf2ef492/master.m3u8
      ✅ Mammals - 1.Sezon 2.Bölüm - 1 m3u8
   🔍 [3/6] Bölüm: https://diziyiizle2.com/memeliler/1-sezon-3-bolum/
📺 Embed URL bulundu: https://vidlax1.xyz/embed/1eea406e402afa30
🔍 Embed URL kontrol ediliyor: https://vidlax1.xyz/embed/1eea406e402afa30
📄 Embed sayfa içeriği alındı, boyut: 39579 karakter
🎬 Video Başlığı: Mammals
📝 Video Açıklaması: 1.Sezon 3.Bölüm
🎯 Tam Başlık: Mammals - 1.Sezon 3.Bölüm
🎯 HEX DECODE - m3u8 bulundu: https://vidlax.xyz/upload/c3b8d0e20b45247623c0ba36afce9bc85b77/master.m3u8
      ✅ Mammals - 1.Sezon 3.Bölüm - 1 m3u8
   🔍 [4/6] Bölüm: https://diziyiizle2.com/memeliler/1-sezon-4-bolum/
📺 Embed URL bulundu: https://vidlax1.xyz/embed/9d625e3fa92a77b1
🔍 Embed URL kontrol ediliyor: https://vidlax1.xyz/embed/9d625e3fa92a77b1
📄 Embed sayfa içeriği alındı, boyut: 39579 karakter
🎬 Video Başlığı: Mammals
📝 Video Açıklaması: 1.Sezon 4.Bölüm
🎯 Tam Başlık: Mammals - 1.Sezon 4.Bölüm
🎯 HEX DECODE - m3u8 bulundu: https://vidlax.xyz/upload/d74973bd4e91d5e282f4ddcf639180e7228f/master.m3u8
      ✅ Mammals - 1.Sezon 4.Bölüm - 1 m3u8
   🔍 [5/6] Bölüm: https://diziyiizle2.com/memeliler/1-sezon-5-bolum/
📺 Embed URL bulundu: https://vidlax1.xyz/embed/edc4c8abd4ad3cc8
🔍 Embed URL kontrol ediliyor: https://vidlax1.xyz/embed/edc4c8abd4ad3cc8
📄 Embed sayfa içeriği alındı, boyut: 39579 karakter
🎬 Video Başlığı: Mammals
📝 Video Açıklaması: 1.Sezon 5.Bölüm
🎯 Tam Başlık: Mammals - 1.Sezon 5.Bölüm
🎯 HEX DECODE - m3u8 bulundu: https://vidlax.xyz/upload/47ad0c654a7cf62cf5064f86eefe344ebf60/master.m3u8
      ✅ Mammals - 1.Sezon 5.Bölüm - 1 m3u8
   🔍 [6/6] Bölüm: https://diziyiizle2.com/memeliler/1-sezon-6-bolum/
📺 Embed URL bulundu: https://vidlax1.xyz/embed/a465c5386568cdff
🔍 Embed URL kontrol ediliyor: https://vidlax1.xyz/embed/a465c5386568cdff
📄 Embed sayfa içeriği alındı, boyut: 39579 karakter
🎬 Video Başlığı: Mammals
📝 Video Açıklaması: 1.Sezon 6.Bölüm
🎯 Tam Başlık: Mammals - 1.Sezon 6.Bölüm
🎯 HEX DECODE - m3u8 bulundu: https://vidlax.xyz/upload/38c14302c84d9fc7c2ff745081dfb8da22c4/master.m3u8
      ✅ Mammals - 1.Sezon 6.Bölüm - 1 m3u8
      📁 Dizi playlist: playlists/memeliler_playlist.m3u
   ✅ Dizi tamamlandı: 6 m3u8 eklendi

============================================================
🎬 [42/56] İşleniyor: https://diziyiizle2.com/dizi/kizlar-sahada/
📺 Bölüm bulundu: 1. Sezon 1. BölümDublaj30.10.202552 dk. - https://diziyiizle2.com/kizlar-sahada/1-sezon-1-bolum/
📺 Bölüm bulundu: 1. Sezon 2. BölümDublaj30.10.202546 dk. - https://diziyiizle2.com/kizlar-sahada/1-sezon-2-bolum/
📺 Bölüm bulundu: 1. Sezon 3. BölümDublaj30.10.202555 dk. - https://diziyiizle2.com/kizlar-sahada/1-sezon-3-bolum/
📺 Bölüm bulundu: 1. Sezon 4. BölümDublaj30.10.202554 dk. - https://diziyiizle2.com/kizlar-sahada/1-sezon-4-bolum/
📺 Bölüm bulundu: 1. Sezon 5. BölümDublaj30.10.202552 dk. - https://diziyiizle2.com/kizlar-sahada/1-sezon-5-bolum/
📺 Bölüm bulundu: 1. Sezon 6. BölümDublaj30.10.202559 dk. - https://diziyiizle2.com/kizlar-sahada/1-sezon-6-bolum/
📺 Bölüm bulundu: 1. Sezon 7. BölümDublaj30.10.202553 dk. - https://diziyiizle2.com/kizlar-sahada/1-sezon-7-bolum/
📺 Bölüm bulundu: 1. Sezon 8. BölümAltyazılı30.10.202560 dk. - https://diziyiizle2.com/kizlar-sahada/1-sezon-8-bolum/

📊 Toplam 8 bölüm bulundu
   🔍 [1/8] Bölüm: https://diziyiizle2.com/kizlar-sahada/1-sezon-1-bolum/
📺 Embed URL bulundu: https://vidlax1.xyz/embed/2f0f82ae3207a5cf
🔍 Embed URL kontrol ediliyor: https://vidlax1.xyz/embed/2f0f82ae3207a5cf
📄 Embed sayfa içeriği alındı, boyut: 39593 karakter
🎬 Video Başlığı: A League of Their Own
📝 Video Açıklaması: 1.Sezon 1.Bölüm
🎯 Tam Başlık: A League of Their Own - 1.Sezon 1.Bölüm
🎯 HEX DECODE - m3u8 bulundu: https://vidlax.xyz/upload/7d61763c0763cbf1d3af0380d94b594be2ba/master.m3u8
      ✅ A League of Their Own - 1.Sezon 1.Bölüm - 1 m3u8
   🔍 [2/8] Bölüm: https://diziyiizle2.com/kizlar-sahada/1-sezon-2-bolum/
📺 Embed URL bulundu: https://vidlax1.xyz/embed/bdafe3482b53943e
🔍 Embed URL kontrol ediliyor: https://vidlax1.xyz/embed/bdafe3482b53943e
📄 Embed sayfa içeriği alındı, boyut: 39593 karakter
🎬 Video Başlığı: A League of Their Own
📝 Video Açıklaması: 1.Sezon 2.Bölüm
🎯 Tam Başlık: A League of Their Own - 1.Sezon 2.Bölüm
🎯 HEX DECODE - m3u8 bulundu: https://vidlax.xyz/upload/0116e1dae687d0a0b2c7f6dcf6a939a04eed/master.m3u8
      ✅ A League of Their Own - 1.Sezon 2.Bölüm - 1 m3u8
   🔍 [3/8] Bölüm: https://diziyiizle2.com/kizlar-sahada/1-sezon-3-bolum/
📺 Embed URL bulundu: https://vidlax1.xyz/embed/86725e340a8554b1
🔍 Embed URL kontrol ediliyor: https://vidlax1.xyz/embed/86725e340a8554b1
📄 Embed sayfa içeriği alındı, boyut: 39593 karakter
🎬 Video Başlığı: A League of Their Own
📝 Video Açıklaması: 1.Sezon 3.Bölüm
🎯 Tam Başlık: A League of Their Own - 1.Sezon 3.Bölüm
🎯 HEX DECODE - m3u8 bulundu: https://vidlax.xyz/upload/6dd5dba4bc0d0aa0e745732d7ffa3722a218/master.m3u8
      ✅ A League of Their Own - 1.Sezon 3.Bölüm - 1 m3u8
   🔍 [4/8] Bölüm: https://diziyiizle2.com/kizlar-sahada/1-sezon-4-bolum/
📺 Embed URL bulundu: https://vidlax1.xyz/embed/b6fc4f21d54279bd
🔍 Embed URL kontrol ediliyor: https://vidlax1.xyz/embed/b6fc4f21d54279bd
📄 Embed sayfa içeriği alındı, boyut: 39593 karakter
🎬 Video Başlığı: A League of Their Own
📝 Video Açıklaması: 1.Sezon 4.Bölüm
🎯 Tam Başlık: A League of Their Own - 1.Sezon 4.Bölüm
🎯 HEX DECODE - m3u8 bulundu: https://vidlax.xyz/upload/20d51ae0dca86c60a19f76477d2ba0ce29ac/master.m3u8
      ✅ A League of Their Own - 1.Sezon 4.Bölüm - 1 m3u8
   🔍 [5/8] Bölüm: https://diziyiizle2.com/kizlar-sahada/1-sezon-5-bolum/
📺 Embed URL bulundu: https://vidlax1.xyz/embed/05d0dfaddedbcd17
🔍 Embed URL kontrol ediliyor: https://vidlax1.xyz/embed/05d0dfaddedbcd17
📄 Embed sayfa içeriği alındı, boyut: 39593 karakter
🎬 Video Başlığı: A League of Their Own
📝 Video Açıklaması: 1.Sezon 5.Bölüm
🎯 Tam Başlık: A League of Their Own - 1.Sezon 5.Bölüm
🎯 HEX DECODE - m3u8 bulundu: https://vidlax.xyz/upload/d50c92217629eaf5073a7d5c80da49e22e0c/master.m3u8
      ✅ A League of Their Own - 1.Sezon 5.Bölüm - 1 m3u8
   🔍 [6/8] Bölüm: https://diziyiizle2.com/kizlar-sahada/1-sezon-6-bolum/
📺 Embed URL bulundu: https://vidlax1.xyz/embed/58827b564df83781
🔍 Embed URL kontrol ediliyor: https://vidlax1.xyz/embed/58827b564df83781
📄 Embed sayfa içeriği alındı, boyut: 39593 karakter
🎬 Video Başlığı: A League of Their Own
📝 Video Açıklaması: 1.Sezon 6.Bölüm
🎯 Tam Başlık: A League of Their Own - 1.Sezon 6.Bölüm
🎯 HEX DECODE - m3u8 bulundu: https://vidlax.xyz/upload/ed0cbc79eaffe21a8253099fd112cfabaa18/master.m3u8
      ✅ A League of Their Own - 1.Sezon 6.Bölüm - 1 m3u8
   🔍 [7/8] Bölüm: https://diziyiizle2.com/kizlar-sahada/1-sezon-7-bolum/
📺 Embed URL bulundu: https://vidlax1.xyz/embed/32dee97f0cc03559
🔍 Embed URL kontrol ediliyor: https://vidlax1.xyz/embed/32dee97f0cc03559
📄 Embed sayfa içeriği alındı, boyut: 39593 karakter
🎬 Video Başlığı: A League of Their Own
📝 Video Açıklaması: 1.Sezon 7.Bölüm
🎯 Tam Başlık: A League of Their Own - 1.Sezon 7.Bölüm
🎯 HEX DECODE - m3u8 bulundu: https://vidlax.xyz/upload/83a6df8fab27e806dedea60ee1f22b098e00/master.m3u8
      ✅ A League of Their Own - 1.Sezon 7.Bölüm - 1 m3u8
   🔍 [8/8] Bölüm: https://diziyiizle2.com/kizlar-sahada/1-sezon-8-bolum/

🔍 Vidlax direkt analizi: https://diziyiizle2.com/kizlar-sahada/1-sezon-8-bolum/
📄 Sayfa içeriği alındı: 61891 karakter
❌ m3u8 URL'si bulunamadı
      ❌ m3u8 bulunamadı
      📁 Dizi playlist: playlists/kizlar_sahada_playlist.m3u
   ✅ Dizi tamamlandı: 7 m3u8 eklendi

============================================================
🎬 [43/56] İşleniyor: https://diziyiizle2.com/dizi/ozel-iliskiler/
📺 Bölüm bulundu: 1. Sezon 1. BölümDublaj30.10.202552 dk. - https://diziyiizle2.com/ozel-iliskiler/1-sezon-1-bolum/
📺 Bölüm bulundu: 1. Sezon 2. BölümDublaj30.10.202545 dk. - https://diziyiizle2.com/ozel-iliskiler/1-sezon-2-bolum/
📺 Bölüm bulundu: 1. Sezon 3. BölümDublaj30.10.202541 dk. - https://diziyiizle2.com/ozel-iliskiler/1-sezon-3-bolum/
📺 Bölüm bulundu: 1. Sezon 4. BölümDublaj30.10.202544 dk. - https://diziyiizle2.com/ozel-iliskiler/1-sezon-4-bolum/
📺 Bölüm bulundu: 1. Sezon 5. BölümDublaj30.10.202543 dk. - https://diziyiizle2.com/ozel-iliskiler/1-sezon-5-bolum/
📺 Bölüm bulundu: 1. Sezon 6. BölümDublaj30.10.202543 dk. - https://diziyiizle2.com/ozel-iliskiler/1-sezon-6-bolum/
📺 Bölüm bulundu: 1. Sezon 7. BölümDublaj30.10.202546 dk. - https://diziyiizle2.com/ozel-iliskiler/1-sezon-7-bolum/
📺 Bölüm bulundu: 1. Sezon 8. BölümDublaj30.10.202548 dk. - https://diziyiizle2.com/ozel-iliskiler/1-sezon-8-bolum/

📊 Toplam 8 bölüm bulundu
   🔍 [1/8] Bölüm: https://diziyiizle2.com/ozel-iliskiler/1-sezon-1-bolum/
📺 Embed URL bulundu: https://vidlax1.xyz/embed/ad6bef7048b2acda
🔍 Embed URL kontrol ediliyor: https://vidlax1.xyz/embed/ad6bef7048b2acda
📄 Embed sayfa içeriği alındı, boyut: 39588 karakter
🎬 Video Başlığı: A Private Affair
📝 Video Açıklaması: 1.Sezon 1.Bölüm
🎯 Tam Başlık: A Private Affair - 1.Sezon 1.Bölüm
🎯 HEX DECODE - m3u8 bulundu: https://vidlax.xyz/upload/b10e2fa1271a6aee029b4b7da04d09816be4/master.m3u8
      ✅ A Private Affair - 1.Sezon 1.Bölüm - 1 m3u8
   🔍 [2/8] Bölüm: https://diziyiizle2.com/ozel-iliskiler/1-sezon-2-bolum/
📺 Embed URL bulundu: https://vidlax1.xyz/embed/92f00f0aeccc6179
🔍 Embed URL kontrol ediliyor: https://vidlax1.xyz/embed/92f00f0aeccc6179
📄 Embed sayfa içeriği alındı, boyut: 39588 karakter
🎬 Video Başlığı: A Private Affair
📝 Video Açıklaması: 1.Sezon 2.Bölüm
🎯 Tam Başlık: A Private Affair - 1.Sezon 2.Bölüm
🎯 HEX DECODE - m3u8 bulundu: https://vidlax.xyz/upload/e94e2fa92f2503764fd9ecc4f3a72d546b0a/master.m3u8
      ✅ A Private Affair - 1.Sezon 2.Bölüm - 1 m3u8
   🔍 [3/8] Bölüm: https://diziyiizle2.com/ozel-iliskiler/1-sezon-3-bolum/
📺 Embed URL bulundu: https://vidlax1.xyz/embed/dd507ed07b3e148f
🔍 Embed URL kontrol ediliyor: https://vidlax1.xyz/embed/dd507ed07b3e148f
📄 Embed sayfa içeriği alındı, boyut: 39588 karakter
🎬 Video Başlığı: A Private Affair
📝 Video Açıklaması: 1.Sezon 3.Bölüm
🎯 Tam Başlık: A Private Affair - 1.Sezon 3.Bölüm
🎯 HEX DECODE - m3u8 bulundu: https://vidlax.xyz/upload/271ec12de8c9b2faf21655df6ef413312d05/master.m3u8
      ✅ A Private Affair - 1.Sezon 3.Bölüm - 1 m3u8
   🔍 [4/8] Bölüm: https://diziyiizle2.com/ozel-iliskiler/1-sezon-4-bolum/
📺 Embed URL bulundu: https://vidlax1.xyz/embed/2c23f11647368c48
🔍 Embed URL kontrol ediliyor: https://vidlax1.xyz/embed/2c23f11647368c48
📄 Embed sayfa içeriği alındı, boyut: 39588 karakter
🎬 Video Başlığı: A Private Affair
📝 Video Açıklaması: 1.Sezon 4.Bölüm
🎯 Tam Başlık: A Private Affair - 1.Sezon 4.Bölüm
🎯 HEX DECODE - m3u8 bulundu: https://vidlax.xyz/upload/cd75db6d479a48306fc0d6937149c18a1b25/master.m3u8
      ✅ A Private Affair - 1.Sezon 4.Bölüm - 1 m3u8
   🔍 [5/8] Bölüm: https://diziyiizle2.com/ozel-iliskiler/1-sezon-5-bolum/
📺 Embed URL bulundu: https://vidlax1.xyz/embed/45d71877791da9d1
🔍 Embed URL kontrol ediliyor: https://vidlax1.xyz/embed/45d71877791da9d1
📄 Embed sayfa içeriği alındı, boyut: 39588 karakter
🎬 Video Başlığı: A Private Affair
📝 Video Açıklaması: 1.Sezon 5.Bölüm
🎯 Tam Başlık: A Private Affair - 1.Sezon 5.Bölüm
🎯 HEX DECODE - m3u8 bulundu: https://vidlax.xyz/upload/234ac041582146a53983c915c15886061cd5/master.m3u8
      ✅ A Private Affair - 1.Sezon 5.Bölüm - 1 m3u8
   🔍 [6/8] Bölüm: https://diziyiizle2.com/ozel-iliskiler/1-sezon-6-bolum/
📺 Embed URL bulundu: https://vidlax1.xyz/embed/9cc44b22df8cfdbb
🔍 Embed URL kontrol ediliyor: https://vidlax1.xyz/embed/9cc44b22df8cfdbb
📄 Embed sayfa içeriği alındı, boyut: 39588 karakter
🎬 Video Başlığı: A Private Affair
📝 Video Açıklaması: 1.Sezon 6.Bölüm
🎯 Tam Başlık: A Private Affair - 1.Sezon 6.Bölüm
🎯 HEX DECODE - m3u8 bulundu: https://vidlax.xyz/upload/0a64eddadf33c05f445dd2fe40756adabaa0/master.m3u8
      ✅ A Private Affair - 1.Sezon 6.Bölüm - 1 m3u8
   🔍 [7/8] Bölüm: https://diziyiizle2.com/ozel-iliskiler/1-sezon-7-bolum/
📺 Embed URL bulundu: https://vidlax1.xyz/embed/2417a177c2132790
🔍 Embed URL kontrol ediliyor: https://vidlax1.xyz/embed/2417a177c2132790
📄 Embed sayfa içeriği alındı, boyut: 39588 karakter
🎬 Video Başlığı: A Private Affair
📝 Video Açıklaması: 1.Sezon 7.Bölüm
🎯 Tam Başlık: A Private Affair - 1.Sezon 7.Bölüm
🎯 HEX DECODE - m3u8 bulundu: https://vidlax.xyz/upload/5fe961aaad2f22a78195c8250ea1ec3b4588/master.m3u8
      ✅ A Private Affair - 1.Sezon 7.Bölüm - 1 m3u8
   🔍 [8/8] Bölüm: https://diziyiizle2.com/ozel-iliskiler/1-sezon-8-bolum/
📺 Embed URL bulundu: https://vidlax1.xyz/embed/f35822af9216852b
🔍 Embed URL kontrol ediliyor: https://vidlax1.xyz/embed/f35822af9216852b
📄 Embed sayfa içeriği alındı, boyut: 39586 karakter
🎬 Video Başlığı: Özel İlişkiler
📝 Video Açıklaması: 1.Sezon 8.Bölüm
🎯 Tam Başlık: Özel İlişkiler - 1.Sezon 8.Bölüm
🎯 HEX DECODE - m3u8 bulundu: https://vidlax.xyz/upload/cbdb41943c7fcfb50eb3438aa51f31ad1a06/master.m3u8
      ✅ Özel İlişkiler - 1.Sezon 8.Bölüm - 1 m3u8
      📁 Dizi playlist: playlists/ozel_iliskiler_playlist.m3u
   ✅ Dizi tamamlandı: 8 m3u8 eklendi

============================================================
🎬 [44/56] İşleniyor: https://diziyiizle2.com/dizi/buyuk-iskender-nasil-buyuk-oldu/
📺 Bölüm bulundu: 1. Sezon 1. BölümDublaj30.10.202544 dk. - https://diziyiizle2.com/buyuk-iskender-nasil-buyuk-oldu/1-sezon-1-bolum/
📺 Bölüm bulundu: 1. Sezon 2. BölümDublaj30.10.202538 dk. - https://diziyiizle2.com/buyuk-iskender-nasil-buyuk-oldu/1-sezon-2-bolum/
📺 Bölüm bulundu: 1. Sezon 3. BölümDublaj30.10.202538 dk. - https://diziyiizle2.com/buyuk-iskender-nasil-buyuk-oldu/1-sezon-3-bolum/
📺 Bölüm bulundu: 1. Sezon 4. BölümDublaj30.10.202538 dk. - https://diziyiizle2.com/buyuk-iskender-nasil-buyuk-oldu/1-sezon-4-bolum/
📺 Bölüm bulundu: 1. Sezon 5. BölümDublaj30.10.202538 dk. - https://diziyiizle2.com/buyuk-iskender-nasil-buyuk-oldu/1-sezon-5-bolum/
📺 Bölüm bulundu: 1. Sezon 6. BölümDublaj30.10.202537 dk. - https://diziyiizle2.com/buyuk-iskender-nasil-buyuk-oldu/1-sezon-6-bolum/

📊 Toplam 6 bölüm bulundu
   🔍 [1/6] Bölüm: https://diziyiizle2.com/buyuk-iskender-nasil-buyuk-oldu/1-sezon-1-bolum/
📺 Embed URL bulundu: https://vidlax1.xyz/embed/83f9aa0bfbbf626a
🔍 Embed URL kontrol ediliyor: https://vidlax1.xyz/embed/83f9aa0bfbbf626a
📄 Embed sayfa içeriği alındı, boyut: 39775 karakter
🎬 Video Başlığı: Alexander: The Making of a God
📝 Video Açıklaması: 1.Sezon 1.Bölüm
🎯 Tam Başlık: Alexander: The Making of a God - 1.Sezon 1.Bölüm
🎯 HEX DECODE - m3u8 bulundu: https://vidlax.xyz/upload/dc35383065d71baa9f35281dcbd8b74788b8/master.m3u8
      ✅ Alexander: The Making of a God - 1.Sezon 1.Bölüm - 1 m3u8
   🔍 [2/6] Bölüm: https://diziyiizle2.com/buyuk-iskender-nasil-buyuk-oldu/1-sezon-2-bolum/
📺 Embed URL bulundu: https://vidlax1.xyz/embed/e506b9e8c3f5320b
🔍 Embed URL kontrol ediliyor: https://vidlax1.xyz/embed/e506b9e8c3f5320b
📄 Embed sayfa içeriği alındı, boyut: 39775 karakter
🎬 Video Başlığı: Alexander: The Making of a God
📝 Video Açıklaması: 1.Sezon 2.Bölüm
🎯 Tam Başlık: Alexander: The Making of a God - 1.Sezon 2.Bölüm
🎯 HEX DECODE - m3u8 bulundu: https://vidlax.xyz/upload/6f064daf431db85f19dfa552e9eb48982d19/master.m3u8
      ✅ Alexander: The Making of a God - 1.Sezon 2.Bölüm - 1 m3u8
   🔍 [3/6] Bölüm: https://diziyiizle2.com/buyuk-iskender-nasil-buyuk-oldu/1-sezon-3-bolum/
📺 Embed URL bulundu: https://vidlax1.xyz/embed/a651fcd4b03446e7
🔍 Embed URL kontrol ediliyor: https://vidlax1.xyz/embed/a651fcd4b03446e7
📄 Embed sayfa içeriği alındı, boyut: 39948 karakter
🎬 Video Başlığı: Alexander: The Making of a God
📝 Video Açıklaması: 1.Sezon 3.Bölüm
🎯 Tam Başlık: Alexander: The Making of a God - 1.Sezon 3.Bölüm
🎯 HEX DECODE - m3u8 bulundu: https://vidlax.xyz/upload/ae2256c945e228b11ce278f087d3c87214d7/master.m3u8
      ✅ Alexander: The Making of a God - 1.Sezon 3.Bölüm - 1 m3u8
   🔍 [4/6] Bölüm: https://diziyiizle2.com/buyuk-iskender-nasil-buyuk-oldu/1-sezon-4-bolum/
📺 Embed URL bulundu: https://vidlax1.xyz/embed/860d8aca1ee4756f
🔍 Embed URL kontrol ediliyor: https://vidlax1.xyz/embed/860d8aca1ee4756f
📄 Embed sayfa içeriği alındı, boyut: 39775 karakter
🎬 Video Başlığı: Alexander: The Making of a God
📝 Video Açıklaması: 1.Sezon 4.Bölüm
🎯 Tam Başlık: Alexander: The Making of a God - 1.Sezon 4.Bölüm
🎯 HEX DECODE - m3u8 bulundu: https://vidlax.xyz/upload/ed472e3bf238e4606c4f2447db3b93f1643b/master.m3u8
      ✅ Alexander: The Making of a God - 1.Sezon 4.Bölüm - 1 m3u8
   🔍 [5/6] Bölüm: https://diziyiizle2.com/buyuk-iskender-nasil-buyuk-oldu/1-sezon-5-bolum/
📺 Embed URL bulundu: https://vidlax1.xyz/embed/ab74c757acb8c98b
🔍 Embed URL kontrol ediliyor: https://vidlax1.xyz/embed/ab74c757acb8c98b
📄 Embed sayfa içeriği alındı, boyut: 39948 karakter
🎬 Video Başlığı: Alexander: The Making of a God
📝 Video Açıklaması: 1.Sezon 5.Bölüm
🎯 Tam Başlık: Alexander: The Making of a God - 1.Sezon 5.Bölüm
🎯 HEX DECODE - m3u8 bulundu: https://vidlax.xyz/upload/319ad121d6535fa0e1d04a77466578b5db14/master.m3u8
      ✅ Alexander: The Making of a God - 1.Sezon 5.Bölüm - 1 m3u8
   🔍 [6/6] Bölüm: https://diziyiizle2.com/buyuk-iskender-nasil-buyuk-oldu/1-sezon-6-bolum/
📺 Embed URL bulundu: https://vidlax1.xyz/embed/e1277863f05ebea4
🔍 Embed URL kontrol ediliyor: https://vidlax1.xyz/embed/e1277863f05ebea4
📄 Embed sayfa içeriği alındı, boyut: 39775 karakter
🎬 Video Başlığı: Alexander: The Making of a God
📝 Video Açıklaması: 1.Sezon 6.Bölüm
🎯 Tam Başlık: Alexander: The Making of a God - 1.Sezon 6.Bölüm
🎯 HEX DECODE - m3u8 bulundu: https://vidlax.xyz/upload/0fcef53389801e7bd03a5f983defef30ab6b/master.m3u8
      ✅ Alexander: The Making of a God - 1.Sezon 6.Bölüm - 1 m3u8
      📁 Dizi playlist: playlists/buyuk_iskender_nasil_buyuk_oldu_playlist.m3u
   ✅ Dizi tamamlandı: 6 m3u8 eklendi

============================================================
🎬 [45/56] İşleniyor: https://diziyiizle2.com/dizi/disney-wisted-wonderland-the-animation/
📺 Bölüm bulundu: 1. Sezon 1. BölümAltyazılı29.10.202527 dk. - https://diziyiizle2.com/disney-wisted-wonderland-the-animation/1-sezon-1-bolum/
📺 Bölüm bulundu: 1. Sezon 2. BölümAltyazılı29.10.2025 - https://diziyiizle2.com/disney-wisted-wonderland-the-animation/1-sezon-2-bolum/
📺 Bölüm bulundu: 1. Sezon 3. BölümAltyazılı29.10.2025 - https://diziyiizle2.com/disney-wisted-wonderland-the-animation/1-sezon-3-bolum/
📺 Bölüm bulundu: 1. Sezon 4. BölümAltyazılı29.10.2025 - https://diziyiizle2.com/disney-wisted-wonderland-the-animation/1-sezon-4-bolum/
📺 Bölüm bulundu: 1. Sezon 5. BölümAltyazılı29.10.2025 - https://diziyiizle2.com/disney-wisted-wonderland-the-animation/1-sezon-5-bolum/
📺 Bölüm bulundu: 1. Sezon 6. BölümAltyazılı29.10.2025 - https://diziyiizle2.com/disney-wisted-wonderland-the-animation/1-sezon-6-bolum/
📺 Bölüm bulundu: 1. Sezon 7. BölümAltyazılı29.10.2025 - https://diziyiizle2.com/disney-wisted-wonderland-the-animation/1-sezon-7-bolum/
📺 Bölüm bulundu: 1. Sezon 8. BölümAltyazılı29.10.2025 - https://diziyiizle2.com/disney-wisted-wonderland-the-animation/1-sezon-8-bolum/

📊 Toplam 8 bölüm bulundu
   🔍 [1/8] Bölüm: https://diziyiizle2.com/disney-wisted-wonderland-the-animation/1-sezon-1-bolum/
📺 Embed URL bulundu: https://vidlax1.xyz/embed/80a5e729d6c1956c
🔍 Embed URL kontrol ediliyor: https://vidlax1.xyz/embed/80a5e729d6c1956c
📄 Embed sayfa içeriği alındı, boyut: 41665 karakter
🎬 Video Başlığı: Disney Twisted-Wonderland the Animation
📝 Video Açıklaması: 1.Sezon 1.Bölüm
🎯 Tam Başlık: Disney Twisted-Wonderland the Animation - 1.Sezon 1.Bölüm
🎯 HEX DECODE - m3u8 bulundu: https://vidlax.xyz/upload/6295274d649d4f969b1c4e2c57bf9a3c71be/master.m3u8
      ✅ Disney Twisted-Wonderland the Animation - 1.Sezon 1.Bölüm - 1 m3u8
   🔍 [2/8] Bölüm: https://diziyiizle2.com/disney-wisted-wonderland-the-animation/1-sezon-2-bolum/

🔍 Vidlax direkt analizi: https://diziyiizle2.com/disney-wisted-wonderland-the-animation/1-sezon-2-bolum/
📄 Sayfa içeriği alındı: 61588 karakter
❌ m3u8 URL'si bulunamadı
      ❌ m3u8 bulunamadı
   🔍 [3/8] Bölüm: https://diziyiizle2.com/disney-wisted-wonderland-the-animation/1-sezon-3-bolum/

🔍 Vidlax direkt analizi: https://diziyiizle2.com/disney-wisted-wonderland-the-animation/1-sezon-3-bolum/
📄 Sayfa içeriği alındı: 61586 karakter
❌ m3u8 URL'si bulunamadı
      ❌ m3u8 bulunamadı
   🔍 [4/8] Bölüm: https://diziyiizle2.com/disney-wisted-wonderland-the-animation/1-sezon-4-bolum/

🔍 Vidlax direkt analizi: https://diziyiizle2.com/disney-wisted-wonderland-the-animation/1-sezon-4-bolum/
📄 Sayfa içeriği alındı: 61588 karakter
❌ m3u8 URL'si bulunamadı
      ❌ m3u8 bulunamadı
   🔍 [5/8] Bölüm: https://diziyiizle2.com/disney-wisted-wonderland-the-animation/1-sezon-5-bolum/

🔍 Vidlax direkt analizi: https://diziyiizle2.com/disney-wisted-wonderland-the-animation/1-sezon-5-bolum/
📄 Sayfa içeriği alındı: 61586 karakter
❌ m3u8 URL'si bulunamadı
      ❌ m3u8 bulunamadı
   🔍 [6/8] Bölüm: https://diziyiizle2.com/disney-wisted-wonderland-the-animation/1-sezon-6-bolum/

🔍 Vidlax direkt analizi: https://diziyiizle2.com/disney-wisted-wonderland-the-animation/1-sezon-6-bolum/
📄 Sayfa içeriği alındı: 61587 karakter
❌ m3u8 URL'si bulunamadı
      ❌ m3u8 bulunamadı
   🔍 [7/8] Bölüm: https://diziyiizle2.com/disney-wisted-wonderland-the-animation/1-sezon-7-bolum/

🔍 Vidlax direkt analizi: https://diziyiizle2.com/disney-wisted-wonderland-the-animation/1-sezon-7-bolum/
📄 Sayfa içeriği alındı: 61588 karakter
❌ m3u8 URL'si bulunamadı
      ❌ m3u8 bulunamadı
   🔍 [8/8] Bölüm: https://diziyiizle2.com/disney-wisted-wonderland-the-animation/1-sezon-8-bolum/

🔍 Vidlax direkt analizi: https://diziyiizle2.com/disney-wisted-wonderland-the-animation/1-sezon-8-bolum/
📄 Sayfa içeriği alındı: 61588 karakter
❌ m3u8 URL'si bulunamadı
      ❌ m3u8 bulunamadı
      📁 Dizi playlist: playlists/disney_wisted_wonderland_the_animation_playlist.m3u
   ✅ Dizi tamamlandı: 1 m3u8 eklendi

============================================================
🎬 [46/56] İşleniyor: https://diziyiizle2.com/dizi/rulers-of-fortune/
📺 Bölüm bulundu: 1. Sezon 1. BölümDublaj29.10.202550 dk. - https://diziyiizle2.com/rulers-of-fortune/1-sezon-1-bolum/
📺 Bölüm bulundu: 1. Sezon 2. BölümDublaj29.10.202560 dk. - https://diziyiizle2.com/rulers-of-fortune/1-sezon-2-bolum/
📺 Bölüm bulundu: 1. Sezon 3. BölümDublaj29.10.202556 dk. - https://diziyiizle2.com/rulers-of-fortune/1-sezon-3-bolum/
📺 Bölüm bulundu: 1. Sezon 4. BölümDublaj29.10.202559 dk. - https://diziyiizle2.com/rulers-of-fortune/1-sezon-4-bolum/
📺 Bölüm bulundu: 1. Sezon 5. BölümDublaj29.10.202554 dk. - https://diziyiizle2.com/rulers-of-fortune/1-sezon-5-bolum/
📺 Bölüm bulundu: 1. Sezon 6. BölümDublaj29.10.202556 dk. - https://diziyiizle2.com/rulers-of-fortune/1-sezon-6-bolum/
📺 Bölüm bulundu: 1. Sezon 7. BölümDublaj29.10.202553 dk. - https://diziyiizle2.com/rulers-of-fortune/1-sezon-7-bolum/
📺 Bölüm bulundu: 1. Sezon 8. BölümDublaj29.10.202562 dk. - https://diziyiizle2.com/rulers-of-fortune/1-sezon-8-bolum/

📊 Toplam 8 bölüm bulundu
   🔍 [1/8] Bölüm: https://diziyiizle2.com/rulers-of-fortune/1-sezon-1-bolum/
📺 Embed URL bulundu: https://vidlax1.xyz/embed/d4a674e365dabd87
🔍 Embed URL kontrol ediliyor: https://vidlax1.xyz/embed/d4a674e365dabd87
📄 Embed sayfa içeriği alındı, boyut: 42853 karakter
🎬 Video Başlığı: Rulers of Fortune
📝 Video Açıklaması: 1.Sezon 1.Bölüm
🎯 Tam Başlık: Rulers of Fortune - 1.Sezon 1.Bölüm
🎯 HEX DECODE - m3u8 bulundu: https://vidlax.xyz/upload/5cdb3caf3f342c13535326513e9ab90dc93d/master.m3u8
      ✅ Rulers of Fortune - 1.Sezon 1.Bölüm - 1 m3u8
   🔍 [2/8] Bölüm: https://diziyiizle2.com/rulers-of-fortune/1-sezon-2-bolum/
📺 Embed URL bulundu: https://vidlax1.xyz/embed/179e026d1a0ef203
🔍 Embed URL kontrol ediliyor: https://vidlax1.xyz/embed/179e026d1a0ef203
📄 Embed sayfa içeriği alındı, boyut: 42682 karakter
🎬 Video Başlığı: Rulers of Fortune
📝 Video Açıklaması: 1.Sezon 2.Bölüm
🎯 Tam Başlık: Rulers of Fortune - 1.Sezon 2.Bölüm
🎯 HEX DECODE - m3u8 bulundu: https://vidlax.xyz/upload/30b316c10adb246224dfac3db52be30a5671/master.m3u8
      ✅ Rulers of Fortune - 1.Sezon 2.Bölüm - 1 m3u8
   🔍 [3/8] Bölüm: https://diziyiizle2.com/rulers-of-fortune/1-sezon-3-bolum/
📺 Embed URL bulundu: https://vidlax1.xyz/embed/8b77d956a84c6df8
🔍 Embed URL kontrol ediliyor: https://vidlax1.xyz/embed/8b77d956a84c6df8
📄 Embed sayfa içeriği alındı, boyut: 42846 karakter
🎬 Video Başlığı: Rulers of Fortune
📝 Video Açıklaması: 1.Sezon 3.Bölüm
🎯 Tam Başlık: Rulers of Fortune - 1.Sezon 3.Bölüm
🎯 HEX DECODE - m3u8 bulundu: https://vidlax.xyz/upload/4d20383b72056a3f082680fcd136d1983eb7/master.m3u8
      ✅ Rulers of Fortune - 1.Sezon 3.Bölüm - 1 m3u8
   🔍 [4/8] Bölüm: https://diziyiizle2.com/rulers-of-fortune/1-sezon-4-bolum/
📺 Embed URL bulundu: https://vidlax1.xyz/embed/0ae40a77c2eb2dbc
🔍 Embed URL kontrol ediliyor: https://vidlax1.xyz/embed/0ae40a77c2eb2dbc
📄 Embed sayfa içeriği alındı, boyut: 42668 karakter
🎬 Video Başlığı: Rulers of Fortune
📝 Video Açıklaması: 1.Sezon 4.Bölüm
🎯 Tam Başlık: Rulers of Fortune - 1.Sezon 4.Bölüm
🎯 HEX DECODE - m3u8 bulundu: https://vidlax.xyz/upload/5a010bbe1dc9052985d5c81adbc2f6b0d4a5/master.m3u8
      ✅ Rulers of Fortune - 1.Sezon 4.Bölüm - 1 m3u8
   🔍 [5/8] Bölüm: https://diziyiizle2.com/rulers-of-fortune/1-sezon-5-bolum/
📺 Embed URL bulundu: https://vidlax1.xyz/embed/ab748589a761ac51
🔍 Embed URL kontrol ediliyor: https://vidlax1.xyz/embed/ab748589a761ac51
📄 Embed sayfa içeriği alındı, boyut: 42682 karakter
🎬 Video Başlığı: Rulers of Fortune
📝 Video Açıklaması: 1.Sezon 5.Bölüm
🎯 Tam Başlık: Rulers of Fortune - 1.Sezon 5.Bölüm
🎯 HEX DECODE - m3u8 bulundu: https://vidlax.xyz/upload/cfa9b7ec4c0a5d482b9ff591e0f08308979b/master.m3u8
      ✅ Rulers of Fortune - 1.Sezon 5.Bölüm - 1 m3u8
   🔍 [6/8] Bölüm: https://diziyiizle2.com/rulers-of-fortune/1-sezon-6-bolum/
📺 Embed URL bulundu: https://vidlax1.xyz/embed/16516820660f49f0
🔍 Embed URL kontrol ediliyor: https://vidlax1.xyz/embed/16516820660f49f0
📄 Embed sayfa içeriği alındı, boyut: 42669 karakter
🎬 Video Başlığı: Rulers of Fortune
📝 Video Açıklaması: 1.Sezon 6.Bölüm
🎯 Tam Başlık: Rulers of Fortune - 1.Sezon 6.Bölüm
🎯 HEX DECODE - m3u8 bulundu: https://vidlax.xyz/upload/da493dce21240436711092407d4d3e094fd5/master.m3u8
      ✅ Rulers of Fortune - 1.Sezon 6.Bölüm - 1 m3u8
   🔍 [7/8] Bölüm: https://diziyiizle2.com/rulers-of-fortune/1-sezon-7-bolum/
📺 Embed URL bulundu: https://vidlax1.xyz/embed/c6c95b29199cd736
🔍 Embed URL kontrol ediliyor: https://vidlax1.xyz/embed/c6c95b29199cd736
📄 Embed sayfa içeriği alındı, boyut: 42680 karakter
🎬 Video Başlığı: Rulers of Fortune
📝 Video Açıklaması: 1.Sezon 7.Bölüm
🎯 Tam Başlık: Rulers of Fortune - 1.Sezon 7.Bölüm
🎯 HEX DECODE - m3u8 bulundu: https://vidlax.xyz/upload/61a62f3b83425e948cae1d391dc4d34dfff3/master.m3u8
      ✅ Rulers of Fortune - 1.Sezon 7.Bölüm - 1 m3u8
   🔍 [8/8] Bölüm: https://diziyiizle2.com/rulers-of-fortune/1-sezon-8-bolum/
📺 Embed URL bulundu: https://vidlax1.xyz/embed/06b222760a4ec490
🔍 Embed URL kontrol ediliyor: https://vidlax1.xyz/embed/06b222760a4ec490
📄 Embed sayfa içeriği alındı, boyut: 42492 karakter
🎬 Video Başlığı: Rulers of Fortune
📝 Video Açıklaması: 1.Sezon 8.Bölüm
🎯 Tam Başlık: Rulers of Fortune - 1.Sezon 8.Bölüm
🎯 HEX DECODE - m3u8 bulundu: https://vidlax.xyz/upload/e81b36f19a082a7cb74c885c81830102981c/master.m3u8
      ✅ Rulers of Fortune - 1.Sezon 8.Bölüm - 1 m3u8
      📁 Dizi playlist: playlists/rulers_of_fortune_playlist.m3u
   ✅ Dizi tamamlandı: 8 m3u8 eklendi

============================================================
🎬 [47/56] İşleniyor: https://diziyiizle2.com/dizi/down-cemetery-road/
📺 Bölüm bulundu: 1. Sezon 1. BölümAltyazılı29.10.202552 dk. - https://diziyiizle2.com/down-cemetery-road/1-sezon-1-bolum/
📺 Bölüm bulundu: 1. Sezon 2. BölümAltyazılı29.10.202554 dk. - https://diziyiizle2.com/down-cemetery-road/1-sezon-2-bolum/
📺 Bölüm bulundu: 1. Sezon 3. BölümAltyazılı05.11.202555 dk. - https://diziyiizle2.com/down-cemetery-road/1-sezon-3-bolum/
📺 Bölüm bulundu: 1. Sezon 4. BölümAltyazılı29.10.202549 dk. - https://diziyiizle2.com/down-cemetery-road/1-sezon-4-bolum/
📺 Bölüm bulundu: 1. Sezon 5. BölümAltyazılı29.10.2025 - https://diziyiizle2.com/down-cemetery-road/1-sezon-5-bolum/
📺 Bölüm bulundu: 1. Sezon 6. BölümAltyazılı29.10.202551 dk. - https://diziyiizle2.com/down-cemetery-road/1-sezon-6-bolum/
📺 Bölüm bulundu: 1. Sezon 7. BölümAltyazılı29.10.202550 dk. - https://diziyiizle2.com/down-cemetery-road/1-sezon-7-bolum/
📺 Bölüm bulundu: 1. Sezon 8. BölümAltyazılı29.10.2025 - https://diziyiizle2.com/down-cemetery-road/1-sezon-8-bolum/

📊 Toplam 8 bölüm bulundu
   🔍 [1/8] Bölüm: https://diziyiizle2.com/down-cemetery-road/1-sezon-1-bolum/
📺 Embed URL bulundu: https://vidlax1.xyz/embed/451d091d2d205075
🔍 Embed URL kontrol ediliyor: https://vidlax1.xyz/embed/451d091d2d205075
📄 Embed sayfa içeriği alındı, boyut: 43163 karakter
🎬 Video Başlığı: Down Cemetery Road
📝 Video Açıklaması: 1.Sezon 1.Bölüm
🎯 Tam Başlık: Down Cemetery Road - 1.Sezon 1.Bölüm
🎯 HEX DECODE - m3u8 bulundu: https://vidlax.xyz/upload/a02ac2bbbc5c281ff62c36bfdfb06009f224/master.m3u8
      ✅ Down Cemetery Road - 1.Sezon 1.Bölüm - 1 m3u8
   🔍 [2/8] Bölüm: https://diziyiizle2.com/down-cemetery-road/1-sezon-2-bolum/
📺 Embed URL bulundu: https://vidlax1.xyz/embed/17bb870d41545eea
🔍 Embed URL kontrol ediliyor: https://vidlax1.xyz/embed/17bb870d41545eea
📄 Embed sayfa içeriği alındı, boyut: 42854 karakter
🎬 Video Başlığı: Down Cemetery Road
📝 Video Açıklaması: 1.Sezon 2.Bölüm
🎯 Tam Başlık: Down Cemetery Road - 1.Sezon 2.Bölüm
🎯 HEX DECODE - m3u8 bulundu: https://vidlax.xyz/upload/f2ff3a490ba36710f448d6e95a70ff88405b/master.m3u8
      ✅ Down Cemetery Road - 1.Sezon 2.Bölüm - 1 m3u8
   🔍 [3/8] Bölüm: https://diziyiizle2.com/down-cemetery-road/1-sezon-3-bolum/
📺 Embed URL bulundu: https://vidlax1.xyz/embed/307cfbd7a5c113cc
🔍 Embed URL kontrol ediliyor: https://vidlax1.xyz/embed/307cfbd7a5c113cc
📄 Embed sayfa içeriği alındı, boyut: 43020 karakter
🎬 Video Başlığı: Down Cemetery Road
📝 Video Açıklaması: 1.Sezon 3.Bölüm
🎯 Tam Başlık: Down Cemetery Road - 1.Sezon 3.Bölüm
🎯 HEX DECODE - m3u8 bulundu: https://vidlax.xyz/upload/2e8ea64327c7f6e5fd550facd730559a45bb/master.m3u8
      ✅ Down Cemetery Road - 1.Sezon 3.Bölüm - 1 m3u8
   🔍 [4/8] Bölüm: https://diziyiizle2.com/down-cemetery-road/1-sezon-4-bolum/

🔍 Vidlax direkt analizi: https://diziyiizle2.com/down-cemetery-road/1-sezon-4-bolum/
📄 Sayfa içeriği alındı: 61216 karakter
❌ m3u8 URL'si bulunamadı
      ❌ m3u8 bulunamadı
   🔍 [5/8] Bölüm: https://diziyiizle2.com/down-cemetery-road/1-sezon-5-bolum/

🔍 Vidlax direkt analizi: https://diziyiizle2.com/down-cemetery-road/1-sezon-5-bolum/
📄 Sayfa içeriği alındı: 61089 karakter
❌ m3u8 URL'si bulunamadı
      ❌ m3u8 bulunamadı
   🔍 [6/8] Bölüm: https://diziyiizle2.com/down-cemetery-road/1-sezon-6-bolum/

🔍 Vidlax direkt analizi: https://diziyiizle2.com/down-cemetery-road/1-sezon-6-bolum/
📄 Sayfa içeriği alındı: 61215 karakter
❌ m3u8 URL'si bulunamadı
      ❌ m3u8 bulunamadı
   🔍 [7/8] Bölüm: https://diziyiizle2.com/down-cemetery-road/1-sezon-7-bolum/

🔍 Vidlax direkt analizi: https://diziyiizle2.com/down-cemetery-road/1-sezon-7-bolum/
📄 Sayfa içeriği alındı: 61215 karakter
❌ m3u8 URL'si bulunamadı
      ❌ m3u8 bulunamadı
   🔍 [8/8] Bölüm: https://diziyiizle2.com/down-cemetery-road/1-sezon-8-bolum/

🔍 Vidlax direkt analizi: https://diziyiizle2.com/down-cemetery-road/1-sezon-8-bolum/
📄 Sayfa içeriği alındı: 61089 karakter
❌ m3u8 URL'si bulunamadı
      ❌ m3u8 bulunamadı
      📁 Dizi playlist: playlists/down_cemetery_road_playlist.m3u
   ✅ Dizi tamamlandı: 3 m3u8 eklendi

============================================================
🎬 [48/56] İşleniyor: https://diziyiizle2.com/dizi/physical-asia/
📺 Bölüm bulundu: 1. Sezon 1. BölümDublaj28.10.202565 dk. - https://diziyiizle2.com/physical-asia/1-sezon-1-bolum/
📺 Bölüm bulundu: 1. Sezon 2. BölümDublaj28.10.202556 dk. - https://diziyiizle2.com/physical-asia/1-sezon-2-bolum/
📺 Bölüm bulundu: 1. Sezon 3. BölümDublaj28.10.202558 dk. - https://diziyiizle2.com/physical-asia/1-sezon-3-bolum/
📺 Bölüm bulundu: 1. Sezon 4. BölümDublaj28.10.202582 dk. - https://diziyiizle2.com/physical-asia/1-sezon-4-bolum/
📺 Bölüm bulundu: 1. Sezon 5. BölümAltyazılı04.11.2025 - https://diziyiizle2.com/physical-asia/1-sezon-5-bolum/
📺 Bölüm bulundu: 1. Sezon 6. BölümAltyazılı28.10.2025 - https://diziyiizle2.com/physical-asia/1-sezon-6-bolum/
📺 Bölüm bulundu: 1. Sezon 7. BölümAltyazılı28.10.2025 - https://diziyiizle2.com/physical-asia/1-sezon-7-bolum/
📺 Bölüm bulundu: 1. Sezon 8. BölümAltyazılı28.10.2025 - https://diziyiizle2.com/physical-asia/1-sezon-8-bolum/
📺 Bölüm bulundu: 1. Sezon 9. BölümAltyazılı28.10.2025 - https://diziyiizle2.com/physical-asia/1-sezon-9-bolum/
📺 Bölüm bulundu: 1. Sezon 10. BölümAltyazılı28.10.2025 - https://diziyiizle2.com/physical-asia/1-sezon-10-bolum/
📺 Bölüm bulundu: 1. Sezon 11. BölümAltyazılı28.10.2025 - https://diziyiizle2.com/physical-asia/1-sezon-11-bolum/
📺 Bölüm bulundu: 1. Sezon 12. BölümAltyazılı28.10.2025 - https://diziyiizle2.com/physical-asia/1-sezon-12-bolum/

📊 Toplam 12 bölüm bulundu
   🔍 [1/12] Bölüm: https://diziyiizle2.com/physical-asia/1-sezon-1-bolum/
📺 Embed URL bulundu: https://vidlax1.xyz/embed/806053df49e6e8ae
🔍 Embed URL kontrol ediliyor: https://vidlax1.xyz/embed/806053df49e6e8ae
📄 Embed sayfa içeriği alındı, boyut: 42655 karakter
🎬 Video Başlığı: Physical: Asia
📝 Video Açıklaması: 1.Sezon 1.Bölüm
🎯 Tam Başlık: Physical: Asia - 1.Sezon 1.Bölüm
🎯 HEX DECODE - m3u8 bulundu: https://vidlax.xyz/upload/50e366f79cc252bb524d7ba842745d55eda7/master.m3u8
      ✅ Physical: Asia - 1.Sezon 1.Bölüm - 1 m3u8
   🔍 [2/12] Bölüm: https://diziyiizle2.com/physical-asia/1-sezon-2-bolum/
📺 Embed URL bulundu: https://vidlax1.xyz/embed/3488e6bd2475cf23
🔍 Embed URL kontrol ediliyor: https://vidlax1.xyz/embed/3488e6bd2475cf23
📄 Embed sayfa içeriği alındı, boyut: 42655 karakter
🎬 Video Başlığı: Physical: Asia
📝 Video Açıklaması: 1.Sezon 2.Bölüm
🎯 Tam Başlık: Physical: Asia - 1.Sezon 2.Bölüm
🎯 HEX DECODE - m3u8 bulundu: https://vidlax.xyz/upload/f1e0c05a9f2dd8fc9db44a98916a5c18cfb9/master.m3u8
      ✅ Physical: Asia - 1.Sezon 2.Bölüm - 1 m3u8
   🔍 [3/12] Bölüm: https://diziyiizle2.com/physical-asia/1-sezon-3-bolum/
📺 Embed URL bulundu: https://vidlax1.xyz/embed/a979f0b93d016b68
🔍 Embed URL kontrol ediliyor: https://vidlax1.xyz/embed/a979f0b93d016b68
📄 Embed sayfa içeriği alındı, boyut: 42655 karakter
🎬 Video Başlığı: Physical: Asia
📝 Video Açıklaması: 1.Sezon 3.Bölüm
🎯 Tam Başlık: Physical: Asia - 1.Sezon 3.Bölüm
🎯 HEX DECODE - m3u8 bulundu: https://vidlax.xyz/upload/7aed956a08e9fcfbf5d1acb3afbbff34f8dc/master.m3u8
      ✅ Physical: Asia - 1.Sezon 3.Bölüm - 1 m3u8
   🔍 [4/12] Bölüm: https://diziyiizle2.com/physical-asia/1-sezon-4-bolum/
📺 Embed URL bulundu: https://vidlax1.xyz/embed/49b41a2ed25db9c3
🔍 Embed URL kontrol ediliyor: https://vidlax1.xyz/embed/49b41a2ed25db9c3
📄 Embed sayfa içeriği alındı, boyut: 42479 karakter
🎬 Video Başlığı: Physical: Asia
📝 Video Açıklaması: 1.Sezon 4.Bölüm
🎯 Tam Başlık: Physical: Asia - 1.Sezon 4.Bölüm
🎯 HEX DECODE - m3u8 bulundu: https://vidlax.xyz/upload/5b4f783ba8ecd692c959fb5a0c5a9853d027/master.m3u8
      ✅ Physical: Asia - 1.Sezon 4.Bölüm - 1 m3u8
   🔍 [5/12] Bölüm: https://diziyiizle2.com/physical-asia/1-sezon-5-bolum/
📺 Embed URL bulundu: https://vidlax1.xyz/embed/f13c0ec974bc41be
🔍 Embed URL kontrol ediliyor: https://vidlax1.xyz/embed/f13c0ec974bc41be
📄 Embed sayfa içeriği alındı, boyut: 42823 karakter
🎬 Video Başlığı: Physical: Asia
📝 Video Açıklaması: 1.Sezon 5.Bölüm
🎯 Tam Başlık: Physical: Asia - 1.Sezon 5.Bölüm
🎯 HEX DECODE - m3u8 bulundu: https://vidlax.xyz/upload/e051849074787d706359b750a8bea55836a3/master.m3u8
      ✅ Physical: Asia - 1.Sezon 5.Bölüm - 1 m3u8
   🔍 [6/12] Bölüm: https://diziyiizle2.com/physical-asia/1-sezon-6-bolum/

🔍 Vidlax direkt analizi: https://diziyiizle2.com/physical-asia/1-sezon-6-bolum/
📄 Sayfa içeriği alındı: 65924 karakter
❌ m3u8 URL'si bulunamadı
      ❌ m3u8 bulunamadı
   🔍 [7/12] Bölüm: https://diziyiizle2.com/physical-asia/1-sezon-7-bolum/

🔍 Vidlax direkt analizi: https://diziyiizle2.com/physical-asia/1-sezon-7-bolum/
📄 Sayfa içeriği alındı: 65923 karakter
❌ m3u8 URL'si bulunamadı
      ❌ m3u8 bulunamadı
   🔍 [8/12] Bölüm: https://diziyiizle2.com/physical-asia/1-sezon-8-bolum/

🔍 Vidlax direkt analizi: https://diziyiizle2.com/physical-asia/1-sezon-8-bolum/
📄 Sayfa içeriği alındı: 65923 karakter
❌ m3u8 URL'si bulunamadı
      ❌ m3u8 bulunamadı
   🔍 [9/12] Bölüm: https://diziyiizle2.com/physical-asia/1-sezon-9-bolum/

🔍 Vidlax direkt analizi: https://diziyiizle2.com/physical-asia/1-sezon-9-bolum/
📄 Sayfa içeriği alındı: 65924 karakter
❌ m3u8 URL'si bulunamadı
      ❌ m3u8 bulunamadı
   🔍 [10/12] Bölüm: https://diziyiizle2.com/physical-asia/1-sezon-10-bolum/

🔍 Vidlax direkt analizi: https://diziyiizle2.com/physical-asia/1-sezon-10-bolum/
📄 Sayfa içeriği alındı: 65941 karakter
❌ m3u8 URL'si bulunamadı
      ❌ m3u8 bulunamadı
   🔍 [11/12] Bölüm: https://diziyiizle2.com/physical-asia/1-sezon-11-bolum/

🔍 Vidlax direkt analizi: https://diziyiizle2.com/physical-asia/1-sezon-11-bolum/
📄 Sayfa içeriği alındı: 65942 karakter
❌ m3u8 URL'si bulunamadı
      ❌ m3u8 bulunamadı
   🔍 [12/12] Bölüm: https://diziyiizle2.com/physical-asia/1-sezon-12-bolum/

🔍 Vidlax direkt analizi: https://diziyiizle2.com/physical-asia/1-sezon-12-bolum/
📄 Sayfa içeriği alındı: 65941 karakter
❌ m3u8 URL'si bulunamadı
      ❌ m3u8 bulunamadı
      📁 Dizi playlist: playlists/physical_asia_playlist.m3u
   ✅ Dizi tamamlandı: 5 m3u8 eklendi

============================================================
🎬 [49/56] İşleniyor: https://diziyiizle2.com/dizi/legenden/
📺 Bölüm bulundu: 1. Sezon 1. BölümAltyazılı27.10.2025 - https://diziyiizle2.com/legenden/1-sezon-1-bolum/
📺 Bölüm bulundu: 1. Sezon 2. BölümAltyazılı27.10.2025 - https://diziyiizle2.com/legenden/1-sezon-2-bolum/
📺 Bölüm bulundu: 1. Sezon 3. BölümAltyazılı27.10.2025 - https://diziyiizle2.com/legenden/1-sezon-3-bolum/
📺 Bölüm bulundu: 1. Sezon 4. BölümAltyazılı27.10.2025 - https://diziyiizle2.com/legenden/1-sezon-4-bolum/
📺 Bölüm bulundu: 1. Sezon 5. BölümAltyazılı27.10.2025 - https://diziyiizle2.com/legenden/1-sezon-5-bolum/
📺 Bölüm bulundu: 1. Sezon 6. BölümAltyazılı27.10.2025 - https://diziyiizle2.com/legenden/1-sezon-6-bolum/

📊 Toplam 6 bölüm bulundu
   🔍 [1/6] Bölüm: https://diziyiizle2.com/legenden/1-sezon-1-bolum/
📺 Embed URL bulundu: https://vidlax1.xyz/embed/e5043f8ba4f6bf33
🔍 Embed URL kontrol ediliyor: https://vidlax1.xyz/embed/e5043f8ba4f6bf33
📄 Embed sayfa içeriği alındı, boyut: 43169 karakter
🎬 Video Başlığı: The Asset
📝 Video Açıklaması: 1.Sezon 1.Bölüm
🎯 Tam Başlık: The Asset - 1.Sezon 1.Bölüm
🎯 HEX DECODE - m3u8 bulundu: https://vidlax.xyz/upload/4b63ad41dafa9dace5bf695b04bd22448e9d/master.m3u8
      ✅ The Asset - 1.Sezon 1.Bölüm - 1 m3u8
   🔍 [2/6] Bölüm: https://diziyiizle2.com/legenden/1-sezon-2-bolum/
📺 Embed URL bulundu: https://vidlax1.xyz/embed/3dc57423d2ce65c8
🔍 Embed URL kontrol ediliyor: https://vidlax1.xyz/embed/3dc57423d2ce65c8
📄 Embed sayfa içeriği alındı, boyut: 43155 karakter
🎬 Video Başlığı: The Asset
📝 Video Açıklaması: 1.Sezon 2.Bölüm
🎯 Tam Başlık: The Asset - 1.Sezon 2.Bölüm
🎯 HEX DECODE - m3u8 bulundu: https://vidlax.xyz/upload/ef95c1dcf037ae45ea601a390f14821d72e5/master.m3u8
      ✅ The Asset - 1.Sezon 2.Bölüm - 1 m3u8
   🔍 [3/6] Bölüm: https://diziyiizle2.com/legenden/1-sezon-3-bolum/

🔍 Vidlax direkt analizi: https://diziyiizle2.com/legenden/1-sezon-3-bolum/
📄 Sayfa içeriği alındı: 58191 karakter
❌ m3u8 URL'si bulunamadı
      ❌ m3u8 bulunamadı
   🔍 [4/6] Bölüm: https://diziyiizle2.com/legenden/1-sezon-4-bolum/

🔍 Vidlax direkt analizi: https://diziyiizle2.com/legenden/1-sezon-4-bolum/
📄 Sayfa içeriği alındı: 58190 karakter
❌ m3u8 URL'si bulunamadı
      ❌ m3u8 bulunamadı
   🔍 [5/6] Bölüm: https://diziyiizle2.com/legenden/1-sezon-5-bolum/
📺 Embed URL bulundu: https://vidlax1.xyz/embed/3acce3d0faba07c4
🔍 Embed URL kontrol ediliyor: https://vidlax1.xyz/embed/3acce3d0faba07c4
📄 Embed sayfa içeriği alındı, boyut: 43191 karakter
🎬 Video Başlığı: The Asset
📝 Video Açıklaması: 1.Sezon 5.Bölüm
🎯 Tam Başlık: The Asset - 1.Sezon 5.Bölüm
🎯 HEX DECODE - m3u8 bulundu: https://vidlax.xyz/upload/4dd541bca79983da24c0eab7e23d8c4b8ecf/master.m3u8
      ✅ The Asset - 1.Sezon 5.Bölüm - 1 m3u8
   🔍 [6/6] Bölüm: https://diziyiizle2.com/legenden/1-sezon-6-bolum/

🔍 Vidlax direkt analizi: https://diziyiizle2.com/legenden/1-sezon-6-bolum/
📄 Sayfa içeriği alındı: 81131 karakter
❌ m3u8 URL'si bulunamadı
      ❌ m3u8 bulunamadı
      📁 Dizi playlist: playlists/legenden_playlist.m3u
   ✅ Dizi tamamlandı: 3 m3u8 eklendi

============================================================
🎬 [50/56] İşleniyor: https://diziyiizle2.com/dizi/it-welcome-to-derry/
📺 Bölüm bulundu: 1. Sezon 1. BölümDublaj27.10.202554 dk. - https://diziyiizle2.com/it-welcome-to-derry/1-sezon-1-bolum/
📺 Bölüm bulundu: 1. Sezon 2. BölümDublaj31.10.202570 dk. - https://diziyiizle2.com/it-welcome-to-derry/1-sezon-2-bolum/
📺 Bölüm bulundu: 1. Sezon 3. BölümAltyazılı27.10.202560 dk. - https://diziyiizle2.com/it-welcome-to-derry/1-sezon-3-bolum/
📺 Bölüm bulundu: 1. Sezon 4. BölümAltyazılı27.10.2025 - https://diziyiizle2.com/it-welcome-to-derry/1-sezon-4-bolum/
📺 Bölüm bulundu: 1. Sezon 5. BölümAltyazılı27.10.2025 - https://diziyiizle2.com/it-welcome-to-derry/1-sezon-5-bolum/
📺 Bölüm bulundu: 1. Sezon 6. BölümAltyazılı27.10.2025 - https://diziyiizle2.com/it-welcome-to-derry/1-sezon-6-bolum/
📺 Bölüm bulundu: 1. Sezon 7. BölümAltyazılı27.10.2025 - https://diziyiizle2.com/it-welcome-to-derry/1-sezon-7-bolum/
📺 Bölüm bulundu: 1. Sezon 8. BölümAltyazılı27.10.2025 - https://diziyiizle2.com/it-welcome-to-derry/1-sezon-8-bolum/

📊 Toplam 8 bölüm bulundu
   🔍 [1/8] Bölüm: https://diziyiizle2.com/it-welcome-to-derry/1-sezon-1-bolum/
📺 Embed URL bulundu: https://vidlax1.xyz/embed/1f18e5edda886337
🔍 Embed URL kontrol ediliyor: https://vidlax1.xyz/embed/1f18e5edda886337
📄 Embed sayfa içeriği alındı, boyut: 39938 karakter
🎬 Video Başlığı: IT: Welcome to Derry
📝 Video Açıklaması: 1.Sezon 1.Bölüm
🎯 Tam Başlık: IT: Welcome to Derry - 1.Sezon 1.Bölüm
🎯 HEX DECODE - m3u8 bulundu: https://vidlax.xyz/upload/87068f9bf3a9e2ed160486c32c6ae20799bc/master.m3u8
      ✅ IT: Welcome to Derry - 1.Sezon 1.Bölüm - 1 m3u8
   🔍 [2/8] Bölüm: https://diziyiizle2.com/it-welcome-to-derry/1-sezon-2-bolum/
📺 Embed URL bulundu: https://vidlax1.xyz/embed/f0add55057844198
🔍 Embed URL kontrol ediliyor: https://vidlax1.xyz/embed/f0add55057844198
📄 Embed sayfa içeriği alındı, boyut: 42712 karakter
🎬 Video Başlığı: IT: Welcome to Derry
📝 Video Açıklaması: 1.Sezon 2.Bölüm
🎯 Tam Başlık: IT: Welcome to Derry - 1.Sezon 2.Bölüm
🎯 HEX DECODE - m3u8 bulundu: https://vidlax.xyz/upload/9032ae12343d1329921b385e64f4fe15b961/master.m3u8
      ✅ IT: Welcome to Derry - 1.Sezon 2.Bölüm - 1 m3u8
   🔍 [3/8] Bölüm: https://diziyiizle2.com/it-welcome-to-derry/1-sezon-3-bolum/

🔍 Vidlax direkt analizi: https://diziyiizle2.com/it-welcome-to-derry/1-sezon-3-bolum/
📄 Sayfa içeriği alındı: 84265 karakter
❌ m3u8 URL'si bulunamadı
      ❌ m3u8 bulunamadı
   🔍 [4/8] Bölüm: https://diziyiizle2.com/it-welcome-to-derry/1-sezon-4-bolum/

🔍 Vidlax direkt analizi: https://diziyiizle2.com/it-welcome-to-derry/1-sezon-4-bolum/
📄 Sayfa içeriği alındı: 84014 karakter
❌ m3u8 URL'si bulunamadı
      ❌ m3u8 bulunamadı
   🔍 [5/8] Bölüm: https://diziyiizle2.com/it-welcome-to-derry/1-sezon-5-bolum/

🔍 Vidlax direkt analizi: https://diziyiizle2.com/it-welcome-to-derry/1-sezon-5-bolum/
📄 Sayfa içeriği alındı: 84013 karakter
❌ m3u8 URL'si bulunamadı
      ❌ m3u8 bulunamadı
   🔍 [6/8] Bölüm: https://diziyiizle2.com/it-welcome-to-derry/1-sezon-6-bolum/

🔍 Vidlax direkt analizi: https://diziyiizle2.com/it-welcome-to-derry/1-sezon-6-bolum/
📄 Sayfa içeriği alındı: 84013 karakter
❌ m3u8 URL'si bulunamadı
      ❌ m3u8 bulunamadı
   🔍 [7/8] Bölüm: https://diziyiizle2.com/it-welcome-to-derry/1-sezon-7-bolum/

🔍 Vidlax direkt analizi: https://diziyiizle2.com/it-welcome-to-derry/1-sezon-7-bolum/
📄 Sayfa içeriği alındı: 84014 karakter
❌ m3u8 URL'si bulunamadı
      ❌ m3u8 bulunamadı
   🔍 [8/8] Bölüm: https://diziyiizle2.com/it-welcome-to-derry/1-sezon-8-bolum/

🔍 Vidlax direkt analizi: https://diziyiizle2.com/it-welcome-to-derry/1-sezon-8-bolum/
📄 Sayfa içeriği alındı: 84013 karakter
❌ m3u8 URL'si bulunamadı
      ❌ m3u8 bulunamadı
      📁 Dizi playlist: playlists/it_welcome_to_derry_playlist.m3u
   ✅ Dizi tamamlandı: 2 m3u8 eklendi

============================================================
🎬 [51/56] İşleniyor: https://diziyiizle2.com/dizi/citadel-honey-bunny/
📺 Bölüm bulundu: 1. Sezon 1. BölümDublaj26.10.202552 dk. - https://diziyiizle2.com/citadel-honey-bunny/1-sezon-1-bolum/
📺 Bölüm bulundu: 1. Sezon 2. BölümDublaj26.10.202555 dk. - https://diziyiizle2.com/citadel-honey-bunny/1-sezon-2-bolum/
📺 Bölüm bulundu: 1. Sezon 3. BölümDublaj26.10.202547 dk. - https://diziyiizle2.com/citadel-honey-bunny/1-sezon-3-bolum/
📺 Bölüm bulundu: 1. Sezon 4. BölümDublaj26.10.202552 dk. - https://diziyiizle2.com/citadel-honey-bunny/1-sezon-4-bolum/
📺 Bölüm bulundu: 1. Sezon 5. BölümDublaj26.10.202543 dk. - https://diziyiizle2.com/citadel-honey-bunny/1-sezon-5-bolum/
📺 Bölüm bulundu: 1. Sezon 6. BölümDublaj26.10.202554 dk. - https://diziyiizle2.com/citadel-honey-bunny/1-sezon-6-bolum/

📊 Toplam 6 bölüm bulundu
   🔍 [1/6] Bölüm: https://diziyiizle2.com/citadel-honey-bunny/1-sezon-1-bolum/
📺 Embed URL bulundu: https://vidlax1.xyz/embed/2566d94596f2a042
🔍 Embed URL kontrol ediliyor: https://vidlax1.xyz/embed/2566d94596f2a042
📄 Embed sayfa içeriği alındı, boyut: 39746 karakter
🎬 Video Başlığı: Citadel Honey Bunny
📝 Video Açıklaması: 1.Sezon 1.Bölüm
🎯 Tam Başlık: Citadel Honey Bunny - 1.Sezon 1.Bölüm
🎯 HEX DECODE - m3u8 bulundu: https://vidlax.xyz/upload/ecd2c7184ca9b022030607250a71fd11dd24/master.m3u8
      ✅ Citadel Honey Bunny - 1.Sezon 1.Bölüm - 1 m3u8
   🔍 [2/6] Bölüm: https://diziyiizle2.com/citadel-honey-bunny/1-sezon-2-bolum/
📺 Embed URL bulundu: https://vidlax1.xyz/embed/1479799294b3b906
🔍 Embed URL kontrol ediliyor: https://vidlax1.xyz/embed/1479799294b3b906
📄 Embed sayfa içeriği alındı, boyut: 39746 karakter
🎬 Video Başlığı: Citadel Honey Bunny
📝 Video Açıklaması: 1.Sezon 2.Bölüm
🎯 Tam Başlık: Citadel Honey Bunny - 1.Sezon 2.Bölüm
🎯 HEX DECODE - m3u8 bulundu: https://vidlax.xyz/upload/41ac495b4c0e842f5f5b7a8233f10054eda0/master.m3u8
      ✅ Citadel Honey Bunny - 1.Sezon 2.Bölüm - 1 m3u8
   🔍 [3/6] Bölüm: https://diziyiizle2.com/citadel-honey-bunny/1-sezon-3-bolum/
📺 Embed URL bulundu: https://vidlax1.xyz/embed/f7797f5d08de4516
🔍 Embed URL kontrol ediliyor: https://vidlax1.xyz/embed/f7797f5d08de4516
📄 Embed sayfa içeriği alındı, boyut: 39746 karakter
🎬 Video Başlığı: Citadel Honey Bunny
📝 Video Açıklaması: 1.Sezon 3.Bölüm
🎯 Tam Başlık: Citadel Honey Bunny - 1.Sezon 3.Bölüm
🎯 HEX DECODE - m3u8 bulundu: https://vidlax.xyz/upload/ee4c486059df80c5c9486dc90bf4017a4ca3/master.m3u8
      ✅ Citadel Honey Bunny - 1.Sezon 3.Bölüm - 1 m3u8
   🔍 [4/6] Bölüm: https://diziyiizle2.com/citadel-honey-bunny/1-sezon-4-bolum/
📺 Embed URL bulundu: https://vidlax1.xyz/embed/2b79d97d7a01c132
🔍 Embed URL kontrol ediliyor: https://vidlax1.xyz/embed/2b79d97d7a01c132
📄 Embed sayfa içeriği alındı, boyut: 39746 karakter
🎬 Video Başlığı: Citadel Honey Bunny
📝 Video Açıklaması: 1.Sezon 4.Bölüm
🎯 Tam Başlık: Citadel Honey Bunny - 1.Sezon 4.Bölüm
🎯 HEX DECODE - m3u8 bulundu: https://vidlax.xyz/upload/d6420fa7cd502a70a753a7f1c4ee5c1d4f0d/master.m3u8
      ✅ Citadel Honey Bunny - 1.Sezon 4.Bölüm - 1 m3u8
   🔍 [5/6] Bölüm: https://diziyiizle2.com/citadel-honey-bunny/1-sezon-5-bolum/
📺 Embed URL bulundu: https://vidlax1.xyz/embed/3f7faef7c71e59e4
🔍 Embed URL kontrol ediliyor: https://vidlax1.xyz/embed/3f7faef7c71e59e4
📄 Embed sayfa içeriği alındı, boyut: 39746 karakter
🎬 Video Başlığı: Citadel Honey Bunny
📝 Video Açıklaması: 1.Sezon 5.Bölüm
🎯 Tam Başlık: Citadel Honey Bunny - 1.Sezon 5.Bölüm
🎯 HEX DECODE - m3u8 bulundu: https://vidlax.xyz/upload/f07c89aa1c7361e8b237d6392db126db30d8/master.m3u8
      ✅ Citadel Honey Bunny - 1.Sezon 5.Bölüm - 1 m3u8
   🔍 [6/6] Bölüm: https://diziyiizle2.com/citadel-honey-bunny/1-sezon-6-bolum/
📺 Embed URL bulundu: https://vidlax1.xyz/embed/b2ea4a70e7bc0063
🔍 Embed URL kontrol ediliyor: https://vidlax1.xyz/embed/b2ea4a70e7bc0063
📄 Embed sayfa içeriği alındı, boyut: 39746 karakter
🎬 Video Başlığı: Citadel Honey Bunny
📝 Video Açıklaması: 1.Sezon 6.Bölüm
🎯 Tam Başlık: Citadel Honey Bunny - 1.Sezon 6.Bölüm
🎯 HEX DECODE - m3u8 bulundu: https://vidlax.xyz/upload/809717da1d0d7dc51fe6ff43d3af9bbab781/master.m3u8
      ✅ Citadel Honey Bunny - 1.Sezon 6.Bölüm - 1 m3u8
      📁 Dizi playlist: playlists/citadel_honey_bunny_playlist.m3u
   ✅ Dizi tamamlandı: 6 m3u8 eklendi

============================================================
🎬 [52/56] İşleniyor: https://diziyiizle2.com/dizi/sheriff-country/
📺 Bölüm bulundu: 1. Sezon 1. BölümAltyazılı26.10.2025 - https://diziyiizle2.com/sheriff-country/1-sezon-1-bolum/
📺 Bölüm bulundu: 1. Sezon 2. BölümAltyazılı26.10.2025 - https://diziyiizle2.com/sheriff-country/1-sezon-2-bolum/
📺 Bölüm bulundu: 1. Sezon 3. BölümAltyazılı02.11.2025 - https://diziyiizle2.com/sheriff-country/1-sezon-3-bolum/
📺 Bölüm bulundu: 1. Sezon 4. BölümAltyazılı26.10.2025 - https://diziyiizle2.com/sheriff-country/1-sezon-4-bolum/
📺 Bölüm bulundu: 1. Sezon 5. BölümAltyazılı26.10.2025 - https://diziyiizle2.com/sheriff-country/1-sezon-5-bolum/

📊 Toplam 5 bölüm bulundu
   🔍 [1/5] Bölüm: https://diziyiizle2.com/sheriff-country/1-sezon-1-bolum/
📺 Embed URL bulundu: https://vidlax1.xyz/embed/daf5ba76b4cd76dc
🔍 Embed URL kontrol ediliyor: https://vidlax1.xyz/embed/daf5ba76b4cd76dc
📄 Embed sayfa içeriği alındı, boyut: 39759 karakter
🎬 Video Başlığı: Sheriff Country
📝 Video Açıklaması: 1.Sezon 1.Bölüm
🎯 Tam Başlık: Sheriff Country - 1.Sezon 1.Bölüm
🎯 HEX DECODE - m3u8 bulundu: https://vidlax.xyz/upload/b42b131fa0fef97af73af88393e70b50642a/master.m3u8
      ✅ Sheriff Country - 1.Sezon 1.Bölüm - 1 m3u8
   🔍 [2/5] Bölüm: https://diziyiizle2.com/sheriff-country/1-sezon-2-bolum/
📺 Embed URL bulundu: https://vidlax1.xyz/embed/2c023ec0c86d46c3
🔍 Embed URL kontrol ediliyor: https://vidlax1.xyz/embed/2c023ec0c86d46c3
📄 Embed sayfa içeriği alındı, boyut: 39901 karakter
🎬 Video Başlığı: Sheriff Country
📝 Video Açıklaması: 1.Sezon 2.Bölüm
🎯 Tam Başlık: Sheriff Country - 1.Sezon 2.Bölüm
🎯 HEX DECODE - m3u8 bulundu: https://vidlax.xyz/upload/c2b0cc86125d6a1c0d4fad9d3ab16d357111/master.m3u8
      ✅ Sheriff Country - 1.Sezon 2.Bölüm - 1 m3u8
   🔍 [3/5] Bölüm: https://diziyiizle2.com/sheriff-country/1-sezon-3-bolum/
📺 Embed URL bulundu: https://vidlax1.xyz/embed/cf112f836882dd12
🔍 Embed URL kontrol ediliyor: https://vidlax1.xyz/embed/cf112f836882dd12
📄 Embed sayfa içeriği alındı, boyut: 39902 karakter
🎬 Video Başlığı: Sheriff Country
📝 Video Açıklaması: 1.Sezon 3.Bölüm
🎯 Tam Başlık: Sheriff Country - 1.Sezon 3.Bölüm
🎯 HEX DECODE - m3u8 bulundu: https://vidlax.xyz/upload/7e211c31eefb7c7a60618addd3d540813925/master.m3u8
      ✅ Sheriff Country - 1.Sezon 3.Bölüm - 1 m3u8
   🔍 [4/5] Bölüm: https://diziyiizle2.com/sheriff-country/1-sezon-4-bolum/

🔍 Vidlax direkt analizi: https://diziyiizle2.com/sheriff-country/1-sezon-4-bolum/
📄 Sayfa içeriği alındı: 57120 karakter
❌ m3u8 URL'si bulunamadı
      ❌ m3u8 bulunamadı
   🔍 [5/5] Bölüm: https://diziyiizle2.com/sheriff-country/1-sezon-5-bolum/

🔍 Vidlax direkt analizi: https://diziyiizle2.com/sheriff-country/1-sezon-5-bolum/
📄 Sayfa içeriği alındı: 57120 karakter
❌ m3u8 URL'si bulunamadı
      ❌ m3u8 bulunamadı
      📁 Dizi playlist: playlists/sheriff_country_playlist.m3u
   ✅ Dizi tamamlandı: 3 m3u8 eklendi

============================================================
🎬 [53/56] İşleniyor: https://diziyiizle2.com/dizi/boston-blue/
📺 Bölüm bulundu: 1. Sezon 1. BölümAltyazılı26.10.2025 - https://diziyiizle2.com/boston-blue/1-sezon-1-bolum/
📺 Bölüm bulundu: 1. Sezon 2. BölümAltyazılı26.10.2025 - https://diziyiizle2.com/boston-blue/1-sezon-2-bolum/
📺 Bölüm bulundu: 1. Sezon 3. BölümAltyazılı02.11.2025 - https://diziyiizle2.com/boston-blue/1-sezon-3-bolum/
📺 Bölüm bulundu: 1. Sezon 4. BölümAltyazılı26.10.2025 - https://diziyiizle2.com/boston-blue/1-sezon-4-bolum/
📺 Bölüm bulundu: 1. Sezon 5. BölümAltyazılı26.10.2025 - https://diziyiizle2.com/boston-blue/1-sezon-5-bolum/

📊 Toplam 5 bölüm bulundu
   🔍 [1/5] Bölüm: https://diziyiizle2.com/boston-blue/1-sezon-1-bolum/
📺 Embed URL bulundu: https://vidlax1.xyz/embed/830a041ff083a503
🔍 Embed URL kontrol ediliyor: https://vidlax1.xyz/embed/830a041ff083a503
📄 Embed sayfa içeriği alındı, boyut: 39755 karakter
🎬 Video Başlığı: Boston Blue
📝 Video Açıklaması: 1.Sezon 1.Bölüm
🎯 Tam Başlık: Boston Blue - 1.Sezon 1.Bölüm
🎯 HEX DECODE - m3u8 bulundu: https://vidlax.xyz/upload/78a384f340994650b3607bcc7b55d0fbe484/master.m3u8
      ✅ Boston Blue - 1.Sezon 1.Bölüm - 1 m3u8
   🔍 [2/5] Bölüm: https://diziyiizle2.com/boston-blue/1-sezon-2-bolum/
📺 Embed URL bulundu: https://vidlax1.xyz/embed/b1f8882611605d3a
🔍 Embed URL kontrol ediliyor: https://vidlax1.xyz/embed/b1f8882611605d3a
📄 Embed sayfa içeriği alındı, boyut: 39897 karakter
🎬 Video Başlığı: Boston Blue
📝 Video Açıklaması: 1.Sezon 2.Bölüm
🎯 Tam Başlık: Boston Blue - 1.Sezon 2.Bölüm
🎯 HEX DECODE - m3u8 bulundu: https://vidlax.xyz/upload/826c82375aa0ca717c25dd649f65e428ee59/master.m3u8
      ✅ Boston Blue - 1.Sezon 2.Bölüm - 1 m3u8
   🔍 [3/5] Bölüm: https://diziyiizle2.com/boston-blue/1-sezon-3-bolum/
📺 Embed URL bulundu: https://vidlax1.xyz/embed/0dc38ee3998ddc1a
🔍 Embed URL kontrol ediliyor: https://vidlax1.xyz/embed/0dc38ee3998ddc1a
📄 Embed sayfa içeriği alındı, boyut: 39898 karakter
🎬 Video Başlığı: Boston Blue
📝 Video Açıklaması: 1.Sezon 3.Bölüm
🎯 Tam Başlık: Boston Blue - 1.Sezon 3.Bölüm
🎯 HEX DECODE - m3u8 bulundu: https://vidlax.xyz/upload/9cd779c2982601cc9c94838bd4cb2470d3a6/master.m3u8
      ✅ Boston Blue - 1.Sezon 3.Bölüm - 1 m3u8
   🔍 [4/5] Bölüm: https://diziyiizle2.com/boston-blue/1-sezon-4-bolum/

🔍 Vidlax direkt analizi: https://diziyiizle2.com/boston-blue/1-sezon-4-bolum/
📄 Sayfa içeriği alındı: 57011 karakter
❌ m3u8 URL'si bulunamadı
      ❌ m3u8 bulunamadı
   🔍 [5/5] Bölüm: https://diziyiizle2.com/boston-blue/1-sezon-5-bolum/

🔍 Vidlax direkt analizi: https://diziyiizle2.com/boston-blue/1-sezon-5-bolum/
📄 Sayfa içeriği alındı: 57012 karakter
❌ m3u8 URL'si bulunamadı
      ❌ m3u8 bulunamadı
      📁 Dizi playlist: playlists/boston_blue_playlist.m3u
   ✅ Dizi tamamlandı: 3 m3u8 eklendi

============================================================
🎬 [54/56] İşleniyor: https://diziyiizle2.com/dizi/the-kardashians/
📺 Bölüm bulundu: 1. Sezon 1. BölümDublaj25.10.202549 dk. - https://diziyiizle2.com/the-kardashians/1-sezon-1-bolum/
📺 Bölüm bulundu: 1. Sezon 2. BölümDublaj25.10.202546 dk. - https://diziyiizle2.com/the-kardashians/1-sezon-2-bolum/
📺 Bölüm bulundu: 1. Sezon 3. BölümDublaj25.10.202544 dk. - https://diziyiizle2.com/the-kardashians/1-sezon-3-bolum/
📺 Bölüm bulundu: 1. Sezon 4. BölümDublaj25.10.202544 dk. - https://diziyiizle2.com/the-kardashians/1-sezon-4-bolum/
📺 Bölüm bulundu: 1. Sezon 5. BölümDublaj25.10.202543 dk. - https://diziyiizle2.com/the-kardashians/1-sezon-5-bolum/
📺 Bölüm bulundu: 1. Sezon 6. BölümAltyazılı25.10.202542 dk. - https://diziyiizle2.com/the-kardashians/1-sezon-6-bolum/
📺 Bölüm bulundu: 1. Sezon 7. BölümDublaj25.10.202542 dk. - https://diziyiizle2.com/the-kardashians/1-sezon-7-bolum/
📺 Bölüm bulundu: 1. Sezon 8. BölümDublaj25.10.202540 dk. - https://diziyiizle2.com/the-kardashians/1-sezon-8-bolum/
📺 Bölüm bulundu: 1. Sezon 9. BölümDublaj25.10.202543 dk. - https://diziyiizle2.com/the-kardashians/1-sezon-9-bolum/
📺 Bölüm bulundu: 1. Sezon 10. BölümDublaj25.10.202544 dk. - https://diziyiizle2.com/the-kardashians/1-sezon-10-bolum/
📺 Bölüm bulundu: 2. Sezon 1. BölümDublaj25.10.202549 dk. - https://diziyiizle2.com/the-kardashians/2-sezon-1-bolum/
📺 Bölüm bulundu: 2. Sezon 2. BölümDublaj25.10.202545 dk. - https://diziyiizle2.com/the-kardashians/2-sezon-2-bolum/
📺 Bölüm bulundu: 2. Sezon 3. BölümDublaj25.10.202544 dk. - https://diziyiizle2.com/the-kardashians/2-sezon-3-bolum/
📺 Bölüm bulundu: 2. Sezon 4. BölümDublaj25.10.202549 dk. - https://diziyiizle2.com/the-kardashians/2-sezon-4-bolum/
📺 Bölüm bulundu: 2. Sezon 5. BölümDublaj25.10.202545 dk. - https://diziyiizle2.com/the-kardashians/2-sezon-5-bolum/
📺 Bölüm bulundu: 2. Sezon 6. BölümDublaj25.10.202544 dk. - https://diziyiizle2.com/the-kardashians/2-sezon-6-bolum/
📺 Bölüm bulundu: 2. Sezon 7. BölümDublaj25.10.202540 dk. - https://diziyiizle2.com/the-kardashians/2-sezon-7-bolum/
📺 Bölüm bulundu: 2. Sezon 8. BölümDublaj25.10.202546 dk. - https://diziyiizle2.com/the-kardashians/2-sezon-8-bolum/
📺 Bölüm bulundu: 2. Sezon 9. BölümDublaj25.10.202540 dk. - https://diziyiizle2.com/the-kardashians/2-sezon-9-bolum/
📺 Bölüm bulundu: 2. Sezon 10. BölümDublaj25.10.202545 dk. - https://diziyiizle2.com/the-kardashians/2-sezon-10-bolum/
📺 Bölüm bulundu: 3. Sezon 1. BölümDublaj25.10.202545 dk. - https://diziyiizle2.com/the-kardashians/3-sezon-1-bolum/
📺 Bölüm bulundu: 3. Sezon 2. BölümDublaj25.10.202544 dk. - https://diziyiizle2.com/the-kardashians/3-sezon-2-bolum/
📺 Bölüm bulundu: 3. Sezon 3. BölümDublaj25.10.202547 dk. - https://diziyiizle2.com/the-kardashians/3-sezon-3-bolum/
📺 Bölüm bulundu: 3. Sezon 4. BölümDublaj25.10.202547 dk. - https://diziyiizle2.com/the-kardashians/3-sezon-4-bolum/
📺 Bölüm bulundu: 3. Sezon 5. BölümDublaj25.10.202545 dk. - https://diziyiizle2.com/the-kardashians/3-sezon-5-bolum/
📺 Bölüm bulundu: 3. Sezon 6. BölümDublaj25.10.202540 dk. - https://diziyiizle2.com/the-kardashians/3-sezon-6-bolum/
📺 Bölüm bulundu: 3. Sezon 7. BölümDublaj25.10.202557 dk. - https://diziyiizle2.com/the-kardashians/3-sezon-7-bolum/
📺 Bölüm bulundu: 3. Sezon 8. BölümDublaj25.10.202550 dk. - https://diziyiizle2.com/the-kardashians/3-sezon-8-bolum/
📺 Bölüm bulundu: 3. Sezon 9. BölümDublaj25.10.202546 dk. - https://diziyiizle2.com/the-kardashians/3-sezon-9-bolum/
📺 Bölüm bulundu: 3. Sezon 10. BölümDublaj25.10.202550 dk. - https://diziyiizle2.com/the-kardashians/3-sezon-10-bolum/
📺 Bölüm bulundu: 4. Sezon 1. BölümDublaj25.10.202550 dk. - https://diziyiizle2.com/the-kardashians/4-sezon-1-bolum/
📺 Bölüm bulundu: 4. Sezon 2. BölümDublaj25.10.202554 dk. - https://diziyiizle2.com/the-kardashians/4-sezon-2-bolum/
📺 Bölüm bulundu: 4. Sezon 3. BölümDublaj25.10.202540 dk. - https://diziyiizle2.com/the-kardashians/4-sezon-3-bolum/
📺 Bölüm bulundu: 4. Sezon 4. BölümDublaj25.10.202544 dk. - https://diziyiizle2.com/the-kardashians/4-sezon-4-bolum/
📺 Bölüm bulundu: 4. Sezon 5. BölümDublaj25.10.202548 dk. - https://diziyiizle2.com/the-kardashians/4-sezon-5-bolum/
📺 Bölüm bulundu: 4. Sezon 6. BölümDublaj25.10.202551 dk. - https://diziyiizle2.com/the-kardashians/4-sezon-6-bolum/
📺 Bölüm bulundu: 4. Sezon 7. BölümDublaj25.10.202549 dk. - https://diziyiizle2.com/the-kardashians/4-sezon-7-bolum/
📺 Bölüm bulundu: 4. Sezon 8. BölümDublaj25.10.202549 dk. - https://diziyiizle2.com/the-kardashians/4-sezon-8-bolum/
📺 Bölüm bulundu: 4. Sezon 9. BölümDublaj25.10.202548 dk. - https://diziyiizle2.com/the-kardashians/4-sezon-9-bolum/
📺 Bölüm bulundu: 4. Sezon 10. BölümDublaj25.10.202550 dk. - https://diziyiizle2.com/the-kardashians/4-sezon-10-bolum/
📺 Bölüm bulundu: 5. Sezon 1. BölümDublaj25.10.202552 dk. - https://diziyiizle2.com/the-kardashians/5-sezon-1-bolum/
📺 Bölüm bulundu: 5. Sezon 2. BölümDublaj25.10.202545 dk. - https://diziyiizle2.com/the-kardashians/5-sezon-2-bolum/
📺 Bölüm bulundu: 5. Sezon 3. BölümDublaj25.10.202546 dk. - https://diziyiizle2.com/the-kardashians/5-sezon-3-bolum/
📺 Bölüm bulundu: 5. Sezon 4. BölümDublaj25.10.202546 dk. - https://diziyiizle2.com/the-kardashians/5-sezon-4-bolum/
📺 Bölüm bulundu: 5. Sezon 5. BölümDublaj25.10.202550 dk. - https://diziyiizle2.com/the-kardashians/5-sezon-5-bolum/
📺 Bölüm bulundu: 5. Sezon 6. BölümAltyazılı25.10.202547 dk. - https://diziyiizle2.com/the-kardashians/5-sezon-6-bolum/
📺 Bölüm bulundu: 5. Sezon 7. BölümAltyazılı25.10.202545 dk. - https://diziyiizle2.com/the-kardashians/5-sezon-7-bolum/
📺 Bölüm bulundu: 5. Sezon 8. BölümAltyazılı25.10.202547 dk. - https://diziyiizle2.com/the-kardashians/5-sezon-8-bolum/
📺 Bölüm bulundu: 5. Sezon 9. BölümAltyazılı25.10.202547 dk. - https://diziyiizle2.com/the-kardashians/5-sezon-9-bolum/
📺 Bölüm bulundu: 5. Sezon 10. BölümAltyazılı25.10.202546 dk. - https://diziyiizle2.com/the-kardashians/5-sezon-10-bolum/
📺 Bölüm bulundu: 6. Sezon 1. BölümAltyazılı25.10.202556 dk. - https://diziyiizle2.com/the-kardashians/6-sezon-1-bolum/
📺 Bölüm bulundu: 6. Sezon 2. BölümAltyazılı25.10.202559 dk. - https://diziyiizle2.com/the-kardashians/6-sezon-2-bolum/
📺 Bölüm bulundu: 6. Sezon 3. BölümAltyazılı25.10.202550 dk. - https://diziyiizle2.com/the-kardashians/6-sezon-3-bolum/
📺 Bölüm bulundu: 6. Sezon 4. BölümAltyazılı25.10.202550 dk. - https://diziyiizle2.com/the-kardashians/6-sezon-4-bolum/
📺 Bölüm bulundu: 6. Sezon 5. BölümAltyazılı25.10.202548 dk. - https://diziyiizle2.com/the-kardashians/6-sezon-5-bolum/
📺 Bölüm bulundu: 6. Sezon 6. BölümAltyazılı25.10.202550 dk. - https://diziyiizle2.com/the-kardashians/6-sezon-6-bolum/
📺 Bölüm bulundu: 6. Sezon 7. BölümAltyazılı25.10.202553 dk. - https://diziyiizle2.com/the-kardashians/6-sezon-7-bolum/
📺 Bölüm bulundu: 6. Sezon 8. BölümAltyazılı25.10.202545 dk. - https://diziyiizle2.com/the-kardashians/6-sezon-8-bolum/
📺 Bölüm bulundu: 6. Sezon 9. BölümAltyazılı25.10.202550 dk. - https://diziyiizle2.com/the-kardashians/6-sezon-9-bolum/
📺 Bölüm bulundu: 6. Sezon 10. BölümAltyazılı25.10.202549 dk. - https://diziyiizle2.com/the-kardashians/6-sezon-10-bolum/
📺 Bölüm bulundu: 7. Sezon 1. BölümAltyazılı25.10.202552 dk. - https://diziyiizle2.com/the-kardashians/7-sezon-1-bolum/
📺 Bölüm bulundu: 7. Sezon 2. BölümAltyazılı25.10.2025 - https://diziyiizle2.com/the-kardashians/7-sezon-2-bolum/
📺 Bölüm bulundu: 7. Sezon 3. BölümAltyazılı25.10.2025 - https://diziyiizle2.com/the-kardashians/7-sezon-3-bolum/

📊 Toplam 63 bölüm bulundu
   🔍 [1/63] Bölüm: https://diziyiizle2.com/the-kardashians/1-sezon-1-bolum/
📺 Embed URL bulundu: https://vidlax1.xyz/embed/ac1700753614780f
🔍 Embed URL kontrol ediliyor: https://vidlax1.xyz/embed/ac1700753614780f
📄 Embed sayfa içeriği alındı, boyut: 39587 karakter
🎬 Video Başlığı: The Kardashians
📝 Video Açıklaması: 1.Sezon 1.Bölüm
🎯 Tam Başlık: The Kardashians - 1.Sezon 1.Bölüm
🎯 HEX DECODE - m3u8 bulundu: https://vidlax.xyz/upload/9cffb5f04d28bd70218e3c8a354d836de0fe/master.m3u8
      ✅ The Kardashians - 1.Sezon 1.Bölüm - 1 m3u8
   🔍 [2/63] Bölüm: https://diziyiizle2.com/the-kardashians/1-sezon-2-bolum/
📺 Embed URL bulundu: https://vidlax1.xyz/embed/ddf61eb09fefd966
🔍 Embed URL kontrol ediliyor: https://vidlax1.xyz/embed/ddf61eb09fefd966
📄 Embed sayfa içeriği alındı, boyut: 39587 karakter
🎬 Video Başlığı: The Kardashians
📝 Video Açıklaması: 1.Sezon 2.Bölüm
🎯 Tam Başlık: The Kardashians - 1.Sezon 2.Bölüm
🎯 HEX DECODE - m3u8 bulundu: https://vidlax.xyz/upload/606b49cd760459aa37cbb41058cd9a7ec148/master.m3u8
      ✅ The Kardashians - 1.Sezon 2.Bölüm - 1 m3u8
   🔍 [3/63] Bölüm: https://diziyiizle2.com/the-kardashians/1-sezon-3-bolum/
📺 Embed URL bulundu: https://vidlax1.xyz/embed/39a4033bb794ffce
🔍 Embed URL kontrol ediliyor: https://vidlax1.xyz/embed/39a4033bb794ffce
📄 Embed sayfa içeriği alındı, boyut: 39587 karakter
🎬 Video Başlığı: The Kardashians
📝 Video Açıklaması: 1.Sezon 3.Bölüm
🎯 Tam Başlık: The Kardashians - 1.Sezon 3.Bölüm
🎯 HEX DECODE - m3u8 bulundu: https://vidlax.xyz/upload/c677804f5dd776462eca0cf4e4a68e44c012/master.m3u8
      ✅ The Kardashians - 1.Sezon 3.Bölüm - 1 m3u8
   🔍 [4/63] Bölüm: https://diziyiizle2.com/the-kardashians/1-sezon-4-bolum/
📺 Embed URL bulundu: https://vidlax1.xyz/embed/ae96527ffe0f948a
🔍 Embed URL kontrol ediliyor: https://vidlax1.xyz/embed/ae96527ffe0f948a
📄 Embed sayfa içeriği alındı, boyut: 39587 karakter
🎬 Video Başlığı: The Kardashians
📝 Video Açıklaması: 1.Sezon 4.Bölüm
🎯 Tam Başlık: The Kardashians - 1.Sezon 4.Bölüm
🎯 HEX DECODE - m3u8 bulundu: https://vidlax.xyz/upload/4ec4b12b807c6fe19e962e87cae9c8c395f2/master.m3u8
      ✅ The Kardashians - 1.Sezon 4.Bölüm - 1 m3u8
   🔍 [5/63] Bölüm: https://diziyiizle2.com/the-kardashians/1-sezon-5-bolum/
📺 Embed URL bulundu: https://vidlax1.xyz/embed/4e784083501612ae
🔍 Embed URL kontrol ediliyor: https://vidlax1.xyz/embed/4e784083501612ae
📄 Embed sayfa içeriği alındı, boyut: 39587 karakter
🎬 Video Başlığı: The Kardashians
📝 Video Açıklaması: 1.Sezon 5.Bölüm
🎯 Tam Başlık: The Kardashians - 1.Sezon 5.Bölüm
🎯 HEX DECODE - m3u8 bulundu: https://vidlax.xyz/upload/04288780d7a471b6916aff0caf5ffe24ccd4/master.m3u8
      ✅ The Kardashians - 1.Sezon 5.Bölüm - 1 m3u8
   🔍 [6/63] Bölüm: https://diziyiizle2.com/the-kardashians/1-sezon-6-bolum/

🔍 Vidlax direkt analizi: https://diziyiizle2.com/the-kardashians/1-sezon-6-bolum/
📄 Sayfa içeriği alındı: 136988 karakter
❌ m3u8 URL'si bulunamadı
      ❌ m3u8 bulunamadı
   🔍 [7/63] Bölüm: https://diziyiizle2.com/the-kardashians/1-sezon-7-bolum/
📺 Embed URL bulundu: https://vidlax1.xyz/embed/683e7aa13c4f3748
🔍 Embed URL kontrol ediliyor: https://vidlax1.xyz/embed/683e7aa13c4f3748
📄 Embed sayfa içeriği alındı, boyut: 39587 karakter
🎬 Video Başlığı: The Kardashians
📝 Video Açıklaması: 1.Sezon 7.Bölüm
🎯 Tam Başlık: The Kardashians - 1.Sezon 7.Bölüm
🎯 HEX DECODE - m3u8 bulundu: https://vidlax.xyz/upload/4be44601a1233f2dc098fbad75a87a31cb89/master.m3u8
      ✅ The Kardashians - 1.Sezon 7.Bölüm - 1 m3u8
   🔍 [8/63] Bölüm: https://diziyiizle2.com/the-kardashians/1-sezon-8-bolum/
📺 Embed URL bulundu: https://vidlax1.xyz/embed/f81c12e74fb9d7de
🔍 Embed URL kontrol ediliyor: https://vidlax1.xyz/embed/f81c12e74fb9d7de
📄 Embed sayfa içeriği alındı, boyut: 39587 karakter
🎬 Video Başlığı: The Kardashians
📝 Video Açıklaması: 1.Sezon 8.Bölüm
🎯 Tam Başlık: The Kardashians - 1.Sezon 8.Bölüm
🎯 HEX DECODE - m3u8 bulundu: https://vidlax.xyz/upload/5cda6a7063218812c0eaa8310461782485b9/master.m3u8
      ✅ The Kardashians - 1.Sezon 8.Bölüm - 1 m3u8
   🔍 [9/63] Bölüm: https://diziyiizle2.com/the-kardashians/1-sezon-9-bolum/
📺 Embed URL bulundu: https://vidlax1.xyz/embed/7d9b113ca595bfb2
🔍 Embed URL kontrol ediliyor: https://vidlax1.xyz/embed/7d9b113ca595bfb2
📄 Embed sayfa içeriği alındı, boyut: 39587 karakter
🎬 Video Başlığı: The Kardashians
📝 Video Açıklaması: 1.Sezon 9.Bölüm
🎯 Tam Başlık: The Kardashians - 1.Sezon 9.Bölüm
🎯 HEX DECODE - m3u8 bulundu: https://vidlax.xyz/upload/39002f25ca568178bcfc22f15941666a4a54/master.m3u8
      ✅ The Kardashians - 1.Sezon 9.Bölüm - 1 m3u8
   🔍 [10/63] Bölüm: https://diziyiizle2.com/the-kardashians/1-sezon-10-bolum/
📺 Embed URL bulundu: https://vidlax1.xyz/embed/9eae8ecf20624009
🔍 Embed URL kontrol ediliyor: https://vidlax1.xyz/embed/9eae8ecf20624009
📄 Embed sayfa içeriği alındı, boyut: 39588 karakter
🎬 Video Başlığı: The Kardashians
📝 Video Açıklaması: 1.Sezon 10.Bölüm
🎯 Tam Başlık: The Kardashians - 1.Sezon 10.Bölüm
🎯 HEX DECODE - m3u8 bulundu: https://vidlax.xyz/upload/81c30cba528294a111b342e4dc85e671f04d/master.m3u8
      ✅ The Kardashians - 1.Sezon 10.Bölüm - 1 m3u8
   🔍 [11/63] Bölüm: https://diziyiizle2.com/the-kardashians/2-sezon-1-bolum/
📺 Embed URL bulundu: https://vidlax1.xyz/embed/1818c1846955a56b
🔍 Embed URL kontrol ediliyor: https://vidlax1.xyz/embed/1818c1846955a56b
📄 Embed sayfa içeriği alındı, boyut: 39587 karakter
🎬 Video Başlığı: The Kardashians
📝 Video Açıklaması: 2.Sezon 1.Bölüm
🎯 Tam Başlık: The Kardashians - 2.Sezon 1.Bölüm
🎯 HEX DECODE - m3u8 bulundu: https://vidlax.xyz/upload/c9c24052433eaa9bfc944af226519c4782d3/master.m3u8
      ✅ The Kardashians - 2.Sezon 1.Bölüm - 1 m3u8
   🔍 [12/63] Bölüm: https://diziyiizle2.com/the-kardashians/2-sezon-2-bolum/
📺 Embed URL bulundu: https://vidlax1.xyz/embed/fa73d278f5845e8d
🔍 Embed URL kontrol ediliyor: https://vidlax1.xyz/embed/fa73d278f5845e8d
📄 Embed sayfa içeriği alındı, boyut: 39587 karakter
🎬 Video Başlığı: The Kardashians
📝 Video Açıklaması: 2.Sezon 2.Bölüm
🎯 Tam Başlık: The Kardashians - 2.Sezon 2.Bölüm
🎯 HEX DECODE - m3u8 bulundu: https://vidlax.xyz/upload/bcf67dffc4fbcb048a79cbca2558749ff640/master.m3u8
      ✅ The Kardashians - 2.Sezon 2.Bölüm - 1 m3u8
   🔍 [13/63] Bölüm: https://diziyiizle2.com/the-kardashians/2-sezon-3-bolum/
📺 Embed URL bulundu: https://vidlax1.xyz/embed/f5b897500c5a3558
🔍 Embed URL kontrol ediliyor: https://vidlax1.xyz/embed/f5b897500c5a3558
📄 Embed sayfa içeriği alındı, boyut: 39587 karakter
🎬 Video Başlığı: The Kardashians
📝 Video Açıklaması: 2.Sezon 3.Bölüm
🎯 Tam Başlık: The Kardashians - 2.Sezon 3.Bölüm
🎯 HEX DECODE - m3u8 bulundu: https://vidlax.xyz/upload/9de01e2f7d38496a513c92641e514434d558/master.m3u8
      ✅ The Kardashians - 2.Sezon 3.Bölüm - 1 m3u8
   🔍 [14/63] Bölüm: https://diziyiizle2.com/the-kardashians/2-sezon-4-bolum/
📺 Embed URL bulundu: https://vidlax1.xyz/embed/4e7455abc0e25b02
🔍 Embed URL kontrol ediliyor: https://vidlax1.xyz/embed/4e7455abc0e25b02
📄 Embed sayfa içeriği alındı, boyut: 39587 karakter
🎬 Video Başlığı: The Kardashians
📝 Video Açıklaması: 2.Sezon 4.Bölüm
🎯 Tam Başlık: The Kardashians - 2.Sezon 4.Bölüm
🎯 HEX DECODE - m3u8 bulundu: https://vidlax.xyz/upload/6a150c175d48284ca549ea9b83182c6440b7/master.m3u8
      ✅ The Kardashians - 2.Sezon 4.Bölüm - 1 m3u8
   🔍 [15/63] Bölüm: https://diziyiizle2.com/the-kardashians/2-sezon-5-bolum/
📺 Embed URL bulundu: https://vidlax1.xyz/embed/4f1fe31397cc731c
🔍 Embed URL kontrol ediliyor: https://vidlax1.xyz/embed/4f1fe31397cc731c
📄 Embed sayfa içeriği alındı, boyut: 39587 karakter
🎬 Video Başlığı: The Kardashians
📝 Video Açıklaması: 2.Sezon 5.Bölüm
🎯 Tam Başlık: The Kardashians - 2.Sezon 5.Bölüm
🎯 HEX DECODE - m3u8 bulundu: https://vidlax.xyz/upload/115290e380106b380275ae079695dc8a0a26/master.m3u8
      ✅ The Kardashians - 2.Sezon 5.Bölüm - 1 m3u8
   🔍 [16/63] Bölüm: https://diziyiizle2.com/the-kardashians/2-sezon-6-bolum/
📺 Embed URL bulundu: https://vidlax1.xyz/embed/68d9e584427d7d23
🔍 Embed URL kontrol ediliyor: https://vidlax1.xyz/embed/68d9e584427d7d23
📄 Embed sayfa içeriği alındı, boyut: 39587 karakter
🎬 Video Başlığı: The Kardashians
📝 Video Açıklaması: 2.Sezon 6.Bölüm
🎯 Tam Başlık: The Kardashians - 2.Sezon 6.Bölüm
🎯 HEX DECODE - m3u8 bulundu: https://vidlax.xyz/upload/c8a106e903f51660f9f0204c2231245644d5/master.m3u8
      ✅ The Kardashians - 2.Sezon 6.Bölüm - 1 m3u8
   🔍 [17/63] Bölüm: https://diziyiizle2.com/the-kardashians/2-sezon-7-bolum/
📺 Embed URL bulundu: https://vidlax1.xyz/embed/e909abcaaee33157
🔍 Embed URL kontrol ediliyor: https://vidlax1.xyz/embed/e909abcaaee33157
📄 Embed sayfa içeriği alındı, boyut: 39587 karakter
🎬 Video Başlığı: The Kardashians
📝 Video Açıklaması: 2.Sezon 7.Bölüm
🎯 Tam Başlık: The Kardashians - 2.Sezon 7.Bölüm
🎯 HEX DECODE - m3u8 bulundu: https://vidlax.xyz/upload/da3d255a0d1bde21623d9998e9eced1ab480/master.m3u8
      ✅ The Kardashians - 2.Sezon 7.Bölüm - 1 m3u8
   🔍 [18/63] Bölüm: https://diziyiizle2.com/the-kardashians/2-sezon-8-bolum/
📺 Embed URL bulundu: https://vidlax1.xyz/embed/881bc21cfe853eb5
🔍 Embed URL kontrol ediliyor: https://vidlax1.xyz/embed/881bc21cfe853eb5
📄 Embed sayfa içeriği alındı, boyut: 39587 karakter
🎬 Video Başlığı: The Kardashians
📝 Video Açıklaması: 2.Sezon 8.Bölüm
🎯 Tam Başlık: The Kardashians - 2.Sezon 8.Bölüm
🎯 HEX DECODE - m3u8 bulundu: https://vidlax.xyz/upload/2eb164bbb93b38ae335809ac3027961dedb5/master.m3u8
      ✅ The Kardashians - 2.Sezon 8.Bölüm - 1 m3u8
   🔍 [19/63] Bölüm: https://diziyiizle2.com/the-kardashians/2-sezon-9-bolum/
📺 Embed URL bulundu: https://vidlax1.xyz/embed/4a48cecc10f35ebc
🔍 Embed URL kontrol ediliyor: https://vidlax1.xyz/embed/4a48cecc10f35ebc
📄 Embed sayfa içeriği alındı, boyut: 39587 karakter
🎬 Video Başlığı: The Kardashians
📝 Video Açıklaması: 2.Sezon 9.Bölüm
🎯 Tam Başlık: The Kardashians - 2.Sezon 9.Bölüm
🎯 HEX DECODE - m3u8 bulundu: https://vidlax.xyz/upload/61d0c827496e8a833bb6129d5e1f33c7af1a/master.m3u8
      ✅ The Kardashians - 2.Sezon 9.Bölüm - 1 m3u8
   🔍 [20/63] Bölüm: https://diziyiizle2.com/the-kardashians/2-sezon-10-bolum/
📺 Embed URL bulundu: https://vidlax1.xyz/embed/e005d5c598db586b
🔍 Embed URL kontrol ediliyor: https://vidlax1.xyz/embed/e005d5c598db586b
📄 Embed sayfa içeriği alındı, boyut: 39588 karakter
🎬 Video Başlığı: The Kardashians
📝 Video Açıklaması: 2.Sezon 10.Bölüm
🎯 Tam Başlık: The Kardashians - 2.Sezon 10.Bölüm
🎯 HEX DECODE - m3u8 bulundu: https://vidlax.xyz/upload/588bb6cc29e9a94aed3e6ce551568f2722c7/master.m3u8
      ✅ The Kardashians - 2.Sezon 10.Bölüm - 1 m3u8
   🔍 [21/63] Bölüm: https://diziyiizle2.com/the-kardashians/3-sezon-1-bolum/
📺 Embed URL bulundu: https://vidlax1.xyz/embed/c90dd395dd2d2ef7
🔍 Embed URL kontrol ediliyor: https://vidlax1.xyz/embed/c90dd395dd2d2ef7
📄 Embed sayfa içeriği alındı, boyut: 41488 karakter
🎬 Video Başlığı: The Kardashians
📝 Video Açıklaması: 3.Sezon 1.Bölüm
🎯 Tam Başlık: The Kardashians - 3.Sezon 1.Bölüm
🎯 HEX DECODE - m3u8 bulundu: https://vidlax.xyz/upload/d6837f1734a5b90e1cc1cc175e72baeec9e3/master.m3u8
      ✅ The Kardashians - 3.Sezon 1.Bölüm - 1 m3u8
   🔍 [22/63] Bölüm: https://diziyiizle2.com/the-kardashians/3-sezon-2-bolum/
📺 Embed URL bulundu: https://vidlax1.xyz/embed/30950c528d710b2b
🔍 Embed URL kontrol ediliyor: https://vidlax1.xyz/embed/30950c528d710b2b
📄 Embed sayfa içeriği alındı, boyut: 41488 karakter
🎬 Video Başlığı: The Kardashians
📝 Video Açıklaması: 3.Sezon 2.Bölüm
🎯 Tam Başlık: The Kardashians - 3.Sezon 2.Bölüm
🎯 HEX DECODE - m3u8 bulundu: https://vidlax.xyz/upload/f895f8f7eebd451aa62f3e56b5c3b039a069/master.m3u8
      ✅ The Kardashians - 3.Sezon 2.Bölüm - 1 m3u8
   🔍 [23/63] Bölüm: https://diziyiizle2.com/the-kardashians/3-sezon-3-bolum/
📺 Embed URL bulundu: https://vidlax1.xyz/embed/36fa9d926322624f
🔍 Embed URL kontrol ediliyor: https://vidlax1.xyz/embed/36fa9d926322624f
📄 Embed sayfa içeriği alındı, boyut: 41298 karakter
🎬 Video Başlığı: The Kardashians
📝 Video Açıklaması: 3.Sezon 3.Bölüm
🎯 Tam Başlık: The Kardashians - 3.Sezon 3.Bölüm
🎯 HEX DECODE - m3u8 bulundu: https://vidlax.xyz/upload/35c7614c970de05ffb67c6b72594866ed455/master.m3u8
      ✅ The Kardashians - 3.Sezon 3.Bölüm - 1 m3u8
   🔍 [24/63] Bölüm: https://diziyiizle2.com/the-kardashians/3-sezon-4-bolum/
📺 Embed URL bulundu: https://vidlax1.xyz/embed/edfdb0f878d945ab
🔍 Embed URL kontrol ediliyor: https://vidlax1.xyz/embed/edfdb0f878d945ab
📄 Embed sayfa içeriği alındı, boyut: 41303 karakter
🎬 Video Başlığı: The Kardashians
📝 Video Açıklaması: 3.Sezon 4.Bölüm
🎯 Tam Başlık: The Kardashians - 3.Sezon 4.Bölüm
🎯 HEX DECODE - m3u8 bulundu: https://vidlax.xyz/upload/28c5b039ef9fd6ff877a186c880eb77f2dbe/master.m3u8
      ✅ The Kardashians - 3.Sezon 4.Bölüm - 1 m3u8
   🔍 [25/63] Bölüm: https://diziyiizle2.com/the-kardashians/3-sezon-5-bolum/
📺 Embed URL bulundu: https://vidlax1.xyz/embed/fc6a1f3c5ef0f3a7
🔍 Embed URL kontrol ediliyor: https://vidlax1.xyz/embed/fc6a1f3c5ef0f3a7
📄 Embed sayfa içeriği alındı, boyut: 41308 karakter
🎬 Video Başlığı: The Kardashians
📝 Video Açıklaması: 3.Sezon 5.Bölüm
🎯 Tam Başlık: The Kardashians - 3.Sezon 5.Bölüm
🎯 HEX DECODE - m3u8 bulundu: https://vidlax.xyz/upload/32f103920500386c2d20f8d2f374e3e7df7a/master.m3u8
      ✅ The Kardashians - 3.Sezon 5.Bölüm - 1 m3u8
   🔍 [26/63] Bölüm: https://diziyiizle2.com/the-kardashians/3-sezon-6-bolum/
📺 Embed URL bulundu: https://vidlax1.xyz/embed/57f8dc800c64500a
🔍 Embed URL kontrol ediliyor: https://vidlax1.xyz/embed/57f8dc800c64500a
📄 Embed sayfa içeriği alındı, boyut: 41290 karakter
🎬 Video Başlığı: The Kardashians
📝 Video Açıklaması: 3.Sezon 6.Bölüm
🎯 Tam Başlık: The Kardashians - 3.Sezon 6.Bölüm
🎯 HEX DECODE - m3u8 bulundu: https://vidlax.xyz/upload/3dd3bcfae44558071dbe409a4ee92ae83828/master.m3u8
      ✅ The Kardashians - 3.Sezon 6.Bölüm - 1 m3u8
   🔍 [27/63] Bölüm: https://diziyiizle2.com/the-kardashians/3-sezon-7-bolum/
📺 Embed URL bulundu: https://vidlax1.xyz/embed/27d573c13cdc2cf4
🔍 Embed URL kontrol ediliyor: https://vidlax1.xyz/embed/27d573c13cdc2cf4
📄 Embed sayfa içeriği alındı, boyut: 41125 karakter
🎬 Video Başlığı: The Kardashians
📝 Video Açıklaması: 3.Sezon 7.Bölüm
🎯 Tam Başlık: The Kardashians - 3.Sezon 7.Bölüm
🎯 HEX DECODE - m3u8 bulundu: https://vidlax.xyz/upload/c191022d530f58eb40327d1849bac9b84af4/master.m3u8
      ✅ The Kardashians - 3.Sezon 7.Bölüm - 1 m3u8
   🔍 [28/63] Bölüm: https://diziyiizle2.com/the-kardashians/3-sezon-8-bolum/
📺 Embed URL bulundu: https://vidlax1.xyz/embed/e9cad5285b72126e
🔍 Embed URL kontrol ediliyor: https://vidlax1.xyz/embed/e9cad5285b72126e
📄 Embed sayfa içeriği alındı, boyut: 41122 karakter
🎬 Video Başlığı: The Kardashians
📝 Video Açıklaması: 3.Sezon 8.Bölüm
🎯 Tam Başlık: The Kardashians - 3.Sezon 8.Bölüm
🎯 HEX DECODE - m3u8 bulundu: https://vidlax.xyz/upload/f94bd6c34672cb6dc61c13039a448cbd3320/master.m3u8
      ✅ The Kardashians - 3.Sezon 8.Bölüm - 1 m3u8
   🔍 [29/63] Bölüm: https://diziyiizle2.com/the-kardashians/3-sezon-9-bolum/
📺 Embed URL bulundu: https://vidlax1.xyz/embed/b590539d723f7725
🔍 Embed URL kontrol ediliyor: https://vidlax1.xyz/embed/b590539d723f7725
📄 Embed sayfa içeriği alındı, boyut: 41486 karakter
🎬 Video Başlığı: The Kardashians
📝 Video Açıklaması: 3.Sezon 9.Bölüm
🎯 Tam Başlık: The Kardashians - 3.Sezon 9.Bölüm
🎯 HEX DECODE - m3u8 bulundu: https://vidlax.xyz/upload/6bb7a9ccb8ba691ac134289d2ee6662c8a9f/master.m3u8
      ✅ The Kardashians - 3.Sezon 9.Bölüm - 1 m3u8
   🔍 [30/63] Bölüm: https://diziyiizle2.com/the-kardashians/3-sezon-10-bolum/
📺 Embed URL bulundu: https://vidlax1.xyz/embed/6d8d821dcfc8cbd0
🔍 Embed URL kontrol ediliyor: https://vidlax1.xyz/embed/6d8d821dcfc8cbd0
📄 Embed sayfa içeriği alındı, boyut: 41299 karakter
🎬 Video Başlığı: The Kardashians
📝 Video Açıklaması: 3.Sezon 10.Bölüm
🎯 Tam Başlık: The Kardashians - 3.Sezon 10.Bölüm
🎯 HEX DECODE - m3u8 bulundu: https://vidlax.xyz/upload/50c5fb209ed83b600eb38c508b71b2f3ac49/master.m3u8
      ✅ The Kardashians - 3.Sezon 10.Bölüm - 1 m3u8
   🔍 [31/63] Bölüm: https://diziyiizle2.com/the-kardashians/4-sezon-1-bolum/
📺 Embed URL bulundu: https://vidlax1.xyz/embed/971c142c128f00c2
🔍 Embed URL kontrol ediliyor: https://vidlax1.xyz/embed/971c142c128f00c2
📄 Embed sayfa içeriği alındı, boyut: 39587 karakter
🎬 Video Başlığı: The Kardashians
📝 Video Açıklaması: 4.Sezon 1.Bölüm
🎯 Tam Başlık: The Kardashians - 4.Sezon 1.Bölüm
🎯 HEX DECODE - m3u8 bulundu: https://vidlax.xyz/upload/a90d38267b3383e91fc06dbad0e8dcdbb6bb/master.m3u8
      ✅ The Kardashians - 4.Sezon 1.Bölüm - 1 m3u8
   🔍 [32/63] Bölüm: https://diziyiizle2.com/the-kardashians/4-sezon-2-bolum/
📺 Embed URL bulundu: https://vidlax1.xyz/embed/2e05e9a7ed0b8a60
🔍 Embed URL kontrol ediliyor: https://vidlax1.xyz/embed/2e05e9a7ed0b8a60
📄 Embed sayfa içeriği alındı, boyut: 39587 karakter
🎬 Video Başlığı: The Kardashians
📝 Video Açıklaması: 4.Sezon 2.Bölüm
🎯 Tam Başlık: The Kardashians - 4.Sezon 2.Bölüm
🎯 HEX DECODE - m3u8 bulundu: https://vidlax.xyz/upload/6b24595d30c6d471e2e37734ab88d1e2c60c/master.m3u8
      ✅ The Kardashians - 4.Sezon 2.Bölüm - 1 m3u8
   🔍 [33/63] Bölüm: https://diziyiizle2.com/the-kardashians/4-sezon-3-bolum/
📺 Embed URL bulundu: https://vidlax1.xyz/embed/cff3182d8a31f7fc
🔍 Embed URL kontrol ediliyor: https://vidlax1.xyz/embed/cff3182d8a31f7fc
📄 Embed sayfa içeriği alındı, boyut: 39587 karakter
🎬 Video Başlığı: The Kardashians
📝 Video Açıklaması: 4.Sezon 3.Bölüm
🎯 Tam Başlık: The Kardashians - 4.Sezon 3.Bölüm
🎯 HEX DECODE - m3u8 bulundu: https://vidlax.xyz/upload/b4eaaaa245dc72c4e567e0362f23f6ab40f2/master.m3u8
      ✅ The Kardashians - 4.Sezon 3.Bölüm - 1 m3u8
   🔍 [34/63] Bölüm: https://diziyiizle2.com/the-kardashians/4-sezon-4-bolum/
📺 Embed URL bulundu: https://vidlax1.xyz/embed/647287f6461eaa02
🔍 Embed URL kontrol ediliyor: https://vidlax1.xyz/embed/647287f6461eaa02
📄 Embed sayfa içeriği alındı, boyut: 39587 karakter
🎬 Video Başlığı: The Kardashians
📝 Video Açıklaması: 4.Sezon 4.Bölüm
🎯 Tam Başlık: The Kardashians - 4.Sezon 4.Bölüm
🎯 HEX DECODE - m3u8 bulundu: https://vidlax.xyz/upload/0413bcb8a224f723f0b4a67f1276cf535295/master.m3u8
      ✅ The Kardashians - 4.Sezon 4.Bölüm - 1 m3u8
   🔍 [35/63] Bölüm: https://diziyiizle2.com/the-kardashians/4-sezon-5-bolum/
📺 Embed URL bulundu: https://vidlax1.xyz/embed/21f56535ad489cb3
🔍 Embed URL kontrol ediliyor: https://vidlax1.xyz/embed/21f56535ad489cb3
📄 Embed sayfa içeriği alındı, boyut: 39587 karakter
🎬 Video Başlığı: The Kardashians
📝 Video Açıklaması: 4.Sezon 5.Bölüm
🎯 Tam Başlık: The Kardashians - 4.Sezon 5.Bölüm
🎯 HEX DECODE - m3u8 bulundu: https://vidlax.xyz/upload/acc0fed3b5f1191ef3d8739b20654b55e773/master.m3u8
      ✅ The Kardashians - 4.Sezon 5.Bölüm - 1 m3u8
   🔍 [36/63] Bölüm: https://diziyiizle2.com/the-kardashians/4-sezon-6-bolum/
📺 Embed URL bulundu: https://vidlax1.xyz/embed/1e5d607434bc2ca7
🔍 Embed URL kontrol ediliyor: https://vidlax1.xyz/embed/1e5d607434bc2ca7
📄 Embed sayfa içeriği alındı, boyut: 39587 karakter
🎬 Video Başlığı: The Kardashians
📝 Video Açıklaması: 4.Sezon 6.Bölüm
🎯 Tam Başlık: The Kardashians - 4.Sezon 6.Bölüm
🎯 HEX DECODE - m3u8 bulundu: https://vidlax.xyz/upload/486422986ee9952ed0572066864df401191b/master.m3u8
      ✅ The Kardashians - 4.Sezon 6.Bölüm - 1 m3u8
   🔍 [37/63] Bölüm: https://diziyiizle2.com/the-kardashians/4-sezon-7-bolum/
📺 Embed URL bulundu: https://vidlax1.xyz/embed/d272491ece11f6a1
🔍 Embed URL kontrol ediliyor: https://vidlax1.xyz/embed/d272491ece11f6a1
📄 Embed sayfa içeriği alındı, boyut: 39587 karakter
🎬 Video Başlığı: The Kardashians
📝 Video Açıklaması: 4.Sezon 7.Bölüm
🎯 Tam Başlık: The Kardashians - 4.Sezon 7.Bölüm
🎯 HEX DECODE - m3u8 bulundu: https://vidlax.xyz/upload/8a763f8a12155257d89366cb80752a955c7e/master.m3u8
      ✅ The Kardashians - 4.Sezon 7.Bölüm - 1 m3u8
   🔍 [38/63] Bölüm: https://diziyiizle2.com/the-kardashians/4-sezon-8-bolum/
📺 Embed URL bulundu: https://vidlax1.xyz/embed/4d0fbbaa51291c43
🔍 Embed URL kontrol ediliyor: https://vidlax1.xyz/embed/4d0fbbaa51291c43
📄 Embed sayfa içeriği alındı, boyut: 39587 karakter
🎬 Video Başlığı: The Kardashians
📝 Video Açıklaması: 4.Sezon 8.Bölüm
🎯 Tam Başlık: The Kardashians - 4.Sezon 8.Bölüm
🎯 HEX DECODE - m3u8 bulundu: https://vidlax.xyz/upload/90429cfe71ab5d5133341e5d10ebb9294b7b/master.m3u8
      ✅ The Kardashians - 4.Sezon 8.Bölüm - 1 m3u8
   🔍 [39/63] Bölüm: https://diziyiizle2.com/the-kardashians/4-sezon-9-bolum/
📺 Embed URL bulundu: https://vidlax1.xyz/embed/128ba15b2e8a8d6c
🔍 Embed URL kontrol ediliyor: https://vidlax1.xyz/embed/128ba15b2e8a8d6c
📄 Embed sayfa içeriği alındı, boyut: 39587 karakter
🎬 Video Başlığı: The Kardashians
📝 Video Açıklaması: 4.Sezon 9.Bölüm
🎯 Tam Başlık: The Kardashians - 4.Sezon 9.Bölüm
🎯 HEX DECODE - m3u8 bulundu: https://vidlax.xyz/upload/89ef0afc7107e96884a0d585fd2cbf74b165/master.m3u8
      ✅ The Kardashians - 4.Sezon 9.Bölüm - 1 m3u8
   🔍 [40/63] Bölüm: https://diziyiizle2.com/the-kardashians/4-sezon-10-bolum/
📺 Embed URL bulundu: https://vidlax1.xyz/embed/8ad72b36e8518e4b
🔍 Embed URL kontrol ediliyor: https://vidlax1.xyz/embed/8ad72b36e8518e4b
📄 Embed sayfa içeriği alındı, boyut: 39588 karakter
🎬 Video Başlığı: The Kardashians
📝 Video Açıklaması: 4.Sezon 10.Bölüm
🎯 Tam Başlık: The Kardashians - 4.Sezon 10.Bölüm
🎯 HEX DECODE - m3u8 bulundu: https://vidlax.xyz/upload/8e520f2dcea3805198ec7b0c8341f7c9aa05/master.m3u8
      ✅ The Kardashians - 4.Sezon 10.Bölüm - 1 m3u8
   🔍 [41/63] Bölüm: https://diziyiizle2.com/the-kardashians/5-sezon-1-bolum/
📺 Embed URL bulundu: https://vidlax1.xyz/embed/0d614a5ef8b62472
🔍 Embed URL kontrol ediliyor: https://vidlax1.xyz/embed/0d614a5ef8b62472
📄 Embed sayfa içeriği alındı, boyut: 41463 karakter
🎬 Video Başlığı: The Kardashians
📝 Video Açıklaması: 5.Sezon 1.Bölüm
🎯 Tam Başlık: The Kardashians - 5.Sezon 1.Bölüm
🎯 HEX DECODE - m3u8 bulundu: https://vidlax.xyz/upload/2ef8122a5db501f91750f77cf0748dccca59/master.m3u8
      ✅ The Kardashians - 5.Sezon 1.Bölüm - 1 m3u8
   🔍 [42/63] Bölüm: https://diziyiizle2.com/the-kardashians/5-sezon-2-bolum/
📺 Embed URL bulundu: https://vidlax1.xyz/embed/cb33e99c7a29e468
🔍 Embed URL kontrol ediliyor: https://vidlax1.xyz/embed/cb33e99c7a29e468
📄 Embed sayfa içeriği alındı, boyut: 39755 karakter
🎬 Video Başlığı: The Kardashians
📝 Video Açıklaması: 5.Sezon 2.Bölüm
🎯 Tam Başlık: The Kardashians - 5.Sezon 2.Bölüm
🎯 HEX DECODE - m3u8 bulundu: https://vidlax.xyz/upload/054ae11e66ad87a8914052d55885eec5f7fe/master.m3u8
      ✅ The Kardashians - 5.Sezon 2.Bölüm - 1 m3u8
   🔍 [43/63] Bölüm: https://diziyiizle2.com/the-kardashians/5-sezon-3-bolum/
📺 Embed URL bulundu: https://vidlax1.xyz/embed/78ef26e2a23321c0
🔍 Embed URL kontrol ediliyor: https://vidlax1.xyz/embed/78ef26e2a23321c0
📄 Embed sayfa içeriği alındı, boyut: 39755 karakter
🎬 Video Başlığı: The Kardashians
📝 Video Açıklaması: 5.Sezon 3.Bölüm
🎯 Tam Başlık: The Kardashians - 5.Sezon 3.Bölüm
🎯 HEX DECODE - m3u8 bulundu: https://vidlax.xyz/upload/47b80a504bebb953c8fa1ba4f5e2272bd4b0/master.m3u8
      ✅ The Kardashians - 5.Sezon 3.Bölüm - 1 m3u8
   🔍 [44/63] Bölüm: https://diziyiizle2.com/the-kardashians/5-sezon-4-bolum/
📺 Embed URL bulundu: https://vidlax1.xyz/embed/536af2c5315eaba0
🔍 Embed URL kontrol ediliyor: https://vidlax1.xyz/embed/536af2c5315eaba0
📄 Embed sayfa içeriği alındı, boyut: 39755 karakter
🎬 Video Başlığı: The Kardashians
📝 Video Açıklaması: 5.Sezon 4.Bölüm
🎯 Tam Başlık: The Kardashians - 5.Sezon 4.Bölüm
🎯 HEX DECODE - m3u8 bulundu: https://vidlax.xyz/upload/f0c1888ecf17e31de1b8a691dec3ee08313e/master.m3u8
      ✅ The Kardashians - 5.Sezon 4.Bölüm - 1 m3u8
   🔍 [45/63] Bölüm: https://diziyiizle2.com/the-kardashians/5-sezon-5-bolum/
📺 Embed URL bulundu: https://vidlax1.xyz/embed/a08891f3fdd35a2e
🔍 Embed URL kontrol ediliyor: https://vidlax1.xyz/embed/a08891f3fdd35a2e
📄 Embed sayfa içeriği alındı, boyut: 41484 karakter
🎬 Video Başlığı: The Kardashians
📝 Video Açıklaması: 5.Sezon 5.Bölüm
🎯 Tam Başlık: The Kardashians - 5.Sezon 5.Bölüm
🎯 HEX DECODE - m3u8 bulundu: https://vidlax.xyz/upload/e2c465ce1bdb477702ef8d221e5483561c0c/master.m3u8
      ✅ The Kardashians - 5.Sezon 5.Bölüm - 1 m3u8
   🔍 [46/63] Bölüm: https://diziyiizle2.com/the-kardashians/5-sezon-6-bolum/

🔍 Vidlax direkt analizi: https://diziyiizle2.com/the-kardashians/5-sezon-6-bolum/
📄 Sayfa içeriği alındı: 137324 karakter
❌ m3u8 URL'si bulunamadı
      ❌ m3u8 bulunamadı
   🔍 [47/63] Bölüm: https://diziyiizle2.com/the-kardashians/5-sezon-7-bolum/

🔍 Vidlax direkt analizi: https://diziyiizle2.com/the-kardashians/5-sezon-7-bolum/
📄 Sayfa içeriği alındı: 137324 karakter
❌ m3u8 URL'si bulunamadı
      ❌ m3u8 bulunamadı
   🔍 [48/63] Bölüm: https://diziyiizle2.com/the-kardashians/5-sezon-8-bolum/

🔍 Vidlax direkt analizi: https://diziyiizle2.com/the-kardashians/5-sezon-8-bolum/
📄 Sayfa içeriği alındı: 137324 karakter
❌ m3u8 URL'si bulunamadı
      ❌ m3u8 bulunamadı
   🔍 [49/63] Bölüm: https://diziyiizle2.com/the-kardashians/5-sezon-9-bolum/

🔍 Vidlax direkt analizi: https://diziyiizle2.com/the-kardashians/5-sezon-9-bolum/
📄 Sayfa içeriği alındı: 137323 karakter
❌ m3u8 URL'si bulunamadı
      ❌ m3u8 bulunamadı
   🔍 [50/63] Bölüm: https://diziyiizle2.com/the-kardashians/5-sezon-10-bolum/

🔍 Vidlax direkt analizi: https://diziyiizle2.com/the-kardashians/5-sezon-10-bolum/
📄 Sayfa içeriği alındı: 137342 karakter
❌ m3u8 URL'si bulunamadı
      ❌ m3u8 bulunamadı
   🔍 [51/63] Bölüm: https://diziyiizle2.com/the-kardashians/6-sezon-1-bolum/

🔍 Vidlax direkt analizi: https://diziyiizle2.com/the-kardashians/6-sezon-1-bolum/
📄 Sayfa içeriği alındı: 137324 karakter
❌ m3u8 URL'si bulunamadı
      ❌ m3u8 bulunamadı
   🔍 [52/63] Bölüm: https://diziyiizle2.com/the-kardashians/6-sezon-2-bolum/

🔍 Vidlax direkt analizi: https://diziyiizle2.com/the-kardashians/6-sezon-2-bolum/
📄 Sayfa içeriği alındı: 137324 karakter
❌ m3u8 URL'si bulunamadı
      ❌ m3u8 bulunamadı
   🔍 [53/63] Bölüm: https://diziyiizle2.com/the-kardashians/6-sezon-3-bolum/

🔍 Vidlax direkt analizi: https://diziyiizle2.com/the-kardashians/6-sezon-3-bolum/
📄 Sayfa içeriği alındı: 137324 karakter
❌ m3u8 URL'si bulunamadı
      ❌ m3u8 bulunamadı
   🔍 [54/63] Bölüm: https://diziyiizle2.com/the-kardashians/6-sezon-4-bolum/

🔍 Vidlax direkt analizi: https://diziyiizle2.com/the-kardashians/6-sezon-4-bolum/
📄 Sayfa içeriği alındı: 137322 karakter
❌ m3u8 URL'si bulunamadı
      ❌ m3u8 bulunamadı
   🔍 [55/63] Bölüm: https://diziyiizle2.com/the-kardashians/6-sezon-5-bolum/

🔍 Vidlax direkt analizi: https://diziyiizle2.com/the-kardashians/6-sezon-5-bolum/
📄 Sayfa içeriği alındı: 137323 karakter
❌ m3u8 URL'si bulunamadı
      ❌ m3u8 bulunamadı
   🔍 [56/63] Bölüm: https://diziyiizle2.com/the-kardashians/6-sezon-6-bolum/

🔍 Vidlax direkt analizi: https://diziyiizle2.com/the-kardashians/6-sezon-6-bolum/
📄 Sayfa içeriği alındı: 137324 karakter
❌ m3u8 URL'si bulunamadı
      ❌ m3u8 bulunamadı
   🔍 [57/63] Bölüm: https://diziyiizle2.com/the-kardashians/6-sezon-7-bolum/

🔍 Vidlax direkt analizi: https://diziyiizle2.com/the-kardashians/6-sezon-7-bolum/
📄 Sayfa içeriği alındı: 137323 karakter
❌ m3u8 URL'si bulunamadı
      ❌ m3u8 bulunamadı
   🔍 [58/63] Bölüm: https://diziyiizle2.com/the-kardashians/6-sezon-8-bolum/

🔍 Vidlax direkt analizi: https://diziyiizle2.com/the-kardashians/6-sezon-8-bolum/
📄 Sayfa içeriği alındı: 137324 karakter
❌ m3u8 URL'si bulunamadı
      ❌ m3u8 bulunamadı
   🔍 [59/63] Bölüm: https://diziyiizle2.com/the-kardashians/6-sezon-9-bolum/

🔍 Vidlax direkt analizi: https://diziyiizle2.com/the-kardashians/6-sezon-9-bolum/
📄 Sayfa içeriği alındı: 137323 karakter
❌ m3u8 URL'si bulunamadı
      ❌ m3u8 bulunamadı
   🔍 [60/63] Bölüm: https://diziyiizle2.com/the-kardashians/6-sezon-10-bolum/

🔍 Vidlax direkt analizi: https://diziyiizle2.com/the-kardashians/6-sezon-10-bolum/
📄 Sayfa içeriği alındı: 137343 karakter
❌ m3u8 URL'si bulunamadı
      ❌ m3u8 bulunamadı
   🔍 [61/63] Bölüm: https://diziyiizle2.com/the-kardashians/7-sezon-1-bolum/

🔍 Vidlax direkt analizi: https://diziyiizle2.com/the-kardashians/7-sezon-1-bolum/
📄 Sayfa içeriği alındı: 137323 karakter
❌ m3u8 URL'si bulunamadı
      ❌ m3u8 bulunamadı
   🔍 [62/63] Bölüm: https://diziyiizle2.com/the-kardashians/7-sezon-2-bolum/

🔍 Vidlax direkt analizi: https://diziyiizle2.com/the-kardashians/7-sezon-2-bolum/
📄 Sayfa içeriği alındı: 137196 karakter
❌ m3u8 URL'si bulunamadı
      ❌ m3u8 bulunamadı
   🔍 [63/63] Bölüm: https://diziyiizle2.com/the-kardashians/7-sezon-3-bolum/

🔍 Vidlax direkt analizi: https://diziyiizle2.com/the-kardashians/7-sezon-3-bolum/
📄 Sayfa içeriği alındı: 136540 karakter
❌ m3u8 URL'si bulunamadı
      ❌ m3u8 bulunamadı
      📁 Dizi playlist: playlists/the_kardashians_playlist.m3u
   ✅ Dizi tamamlandı: 44 m3u8 eklendi

============================================================
🎬 [55/56] İşleniyor: https://diziyiizle2.com/dizi/sorgu/
📺 Bölüm bulundu: 1. Sezon 1. BölümDual24.10.202545 dk. - https://diziyiizle2.com/sorgu/1-sezon-1-bolum/
📺 Bölüm bulundu: 1. Sezon 2. BölümDual24.10.202546 dk. - https://diziyiizle2.com/sorgu/1-sezon-2-bolum/
📺 Bölüm bulundu: 1. Sezon 3. BölümDual24.10.202545 dk. - https://diziyiizle2.com/sorgu/1-sezon-3-bolum/
📺 Bölüm bulundu: 1. Sezon 4. BölümDual24.10.202551 dk. - https://diziyiizle2.com/sorgu/1-sezon-4-bolum/
📺 Bölüm bulundu: 1. Sezon 5. BölümDual24.10.202542 dk. - https://diziyiizle2.com/sorgu/1-sezon-5-bolum/
📺 Bölüm bulundu: 1. Sezon 6. BölümDual24.10.202545 dk. - https://diziyiizle2.com/sorgu/1-sezon-6-bolum/
📺 Bölüm bulundu: 1. Sezon 7. BölümDual24.10.202545 dk. - https://diziyiizle2.com/sorgu/1-sezon-7-bolum/
📺 Bölüm bulundu: 1. Sezon 8. BölümDual24.10.202545 dk. - https://diziyiizle2.com/sorgu/1-sezon-8-bolum/
📺 Bölüm bulundu: 1. Sezon 9. BölümDual24.10.202543 dk. - https://diziyiizle2.com/sorgu/1-sezon-9-bolum/
📺 Bölüm bulundu: 1. Sezon 10. BölümDual24.10.202549 dk. - https://diziyiizle2.com/sorgu/1-sezon-10-bolum/

📊 Toplam 10 bölüm bulundu
   🔍 [1/10] Bölüm: https://diziyiizle2.com/sorgu/1-sezon-1-bolum/
📺 Embed URL bulundu: https://vidlax1.xyz/embed/bf508f0bb444b548
🔍 Embed URL kontrol ediliyor: https://vidlax1.xyz/embed/bf508f0bb444b548
📄 Embed sayfa içeriği alındı, boyut: 39577 karakter
🎬 Video Başlığı: Sorgu
📝 Video Açıklaması: 1.Sezon 1.Bölüm
🎯 Tam Başlık: Sorgu - 1.Sezon 1.Bölüm
🎯 HEX DECODE - m3u8 bulundu: https://vidlax.xyz/upload/0857ce041d70624d3f3c19960c4f3996efdd/master.m3u8
      ✅ Sorgu - 1.Sezon 1.Bölüm - 1 m3u8
   🔍 [2/10] Bölüm: https://diziyiizle2.com/sorgu/1-sezon-2-bolum/
📺 Embed URL bulundu: https://vidlax1.xyz/embed/48abe5a5ddfe2286
🔍 Embed URL kontrol ediliyor: https://vidlax1.xyz/embed/48abe5a5ddfe2286
📄 Embed sayfa içeriği alındı, boyut: 39577 karakter
🎬 Video Başlığı: Sorgu
📝 Video Açıklaması: 1.Sezon 2.Bölüm
🎯 Tam Başlık: Sorgu - 1.Sezon 2.Bölüm
🎯 HEX DECODE - m3u8 bulundu: https://vidlax.xyz/upload/909d6282733ddbfaf00eea6ae84b1bd783c3/master.m3u8
      ✅ Sorgu - 1.Sezon 2.Bölüm - 1 m3u8
   🔍 [3/10] Bölüm: https://diziyiizle2.com/sorgu/1-sezon-3-bolum/
📺 Embed URL bulundu: https://vidlax1.xyz/embed/8f743668e8fed57e
🔍 Embed URL kontrol ediliyor: https://vidlax1.xyz/embed/8f743668e8fed57e
📄 Embed sayfa içeriği alındı, boyut: 39577 karakter
🎬 Video Başlığı: Sorgu
📝 Video Açıklaması: 1.Sezon 3.Bölüm
🎯 Tam Başlık: Sorgu - 1.Sezon 3.Bölüm
🎯 HEX DECODE - m3u8 bulundu: https://vidlax.xyz/upload/77408ca098df168d2ec2e5fc93e2a8813ccc/master.m3u8
      ✅ Sorgu - 1.Sezon 3.Bölüm - 1 m3u8
   🔍 [4/10] Bölüm: https://diziyiizle2.com/sorgu/1-sezon-4-bolum/
📺 Embed URL bulundu: https://vidlax1.xyz/embed/f0aa356aa1195461
🔍 Embed URL kontrol ediliyor: https://vidlax1.xyz/embed/f0aa356aa1195461
📄 Embed sayfa içeriği alındı, boyut: 39577 karakter
🎬 Video Başlığı: Sorgu
📝 Video Açıklaması: 1.Sezon 4.Bölüm
🎯 Tam Başlık: Sorgu - 1.Sezon 4.Bölüm
🎯 HEX DECODE - m3u8 bulundu: https://vidlax.xyz/upload/f1e491e5fd3d49a8646a5f51c55270a118e1/master.m3u8
      ✅ Sorgu - 1.Sezon 4.Bölüm - 1 m3u8
   🔍 [5/10] Bölüm: https://diziyiizle2.com/sorgu/1-sezon-5-bolum/
📺 Embed URL bulundu: https://vidlax1.xyz/embed/659f2b3d586971bd
🔍 Embed URL kontrol ediliyor: https://vidlax1.xyz/embed/659f2b3d586971bd
📄 Embed sayfa içeriği alındı, boyut: 39577 karakter
🎬 Video Başlığı: Sorgu
📝 Video Açıklaması: 1.Sezon 5.Bölüm
🎯 Tam Başlık: Sorgu - 1.Sezon 5.Bölüm
🎯 HEX DECODE - m3u8 bulundu: https://vidlax.xyz/upload/9222a83dff7063b250a44b9d70edc1aa0efc/master.m3u8
      ✅ Sorgu - 1.Sezon 5.Bölüm - 1 m3u8
   🔍 [6/10] Bölüm: https://diziyiizle2.com/sorgu/1-sezon-6-bolum/
📺 Embed URL bulundu: https://vidlax1.xyz/embed/4a8724d7e47d191f
🔍 Embed URL kontrol ediliyor: https://vidlax1.xyz/embed/4a8724d7e47d191f
📄 Embed sayfa içeriği alındı, boyut: 39577 karakter
🎬 Video Başlığı: Sorgu
📝 Video Açıklaması: 1.Sezon 6.Bölüm
🎯 Tam Başlık: Sorgu - 1.Sezon 6.Bölüm
🎯 HEX DECODE - m3u8 bulundu: https://vidlax.xyz/upload/3d94f6b93162e19512acec2c2e39c59abffb/master.m3u8
      ✅ Sorgu - 1.Sezon 6.Bölüm - 1 m3u8
   🔍 [7/10] Bölüm: https://diziyiizle2.com/sorgu/1-sezon-7-bolum/
📺 Embed URL bulundu: https://vidlax1.xyz/embed/613fb5bb232a5a17
🔍 Embed URL kontrol ediliyor: https://vidlax1.xyz/embed/613fb5bb232a5a17
📄 Embed sayfa içeriği alındı, boyut: 39577 karakter
🎬 Video Başlığı: Sorgu
📝 Video Açıklaması: 1.Sezon 7.Bölüm
🎯 Tam Başlık: Sorgu - 1.Sezon 7.Bölüm
🎯 HEX DECODE - m3u8 bulundu: https://vidlax.xyz/upload/e22e51cacbb868174e045dfe6e7640d284a7/master.m3u8
      ✅ Sorgu - 1.Sezon 7.Bölüm - 1 m3u8
   🔍 [8/10] Bölüm: https://diziyiizle2.com/sorgu/1-sezon-8-bolum/
📺 Embed URL bulundu: https://vidlax1.xyz/embed/e7f930ca93e18a1f
🔍 Embed URL kontrol ediliyor: https://vidlax1.xyz/embed/e7f930ca93e18a1f
📄 Embed sayfa içeriği alındı, boyut: 39577 karakter
🎬 Video Başlığı: Sorgu
📝 Video Açıklaması: 1.Sezon 8.Bölüm
🎯 Tam Başlık: Sorgu - 1.Sezon 8.Bölüm
🎯 HEX DECODE - m3u8 bulundu: https://vidlax.xyz/upload/06566300d3e1352a0f9a02b93d21a12e0f38/master.m3u8
      ✅ Sorgu - 1.Sezon 8.Bölüm - 1 m3u8
   🔍 [9/10] Bölüm: https://diziyiizle2.com/sorgu/1-sezon-9-bolum/
📺 Embed URL bulundu: https://vidlax1.xyz/embed/4832df10e84cdfe0
🔍 Embed URL kontrol ediliyor: https://vidlax1.xyz/embed/4832df10e84cdfe0
📄 Embed sayfa içeriği alındı, boyut: 39577 karakter
🎬 Video Başlığı: Sorgu
📝 Video Açıklaması: 1.Sezon 9.Bölüm
🎯 Tam Başlık: Sorgu - 1.Sezon 9.Bölüm
🎯 HEX DECODE - m3u8 bulundu: https://vidlax.xyz/upload/4cca7b9ade7e0e9faeab4518a115f50bc062/master.m3u8
      ✅ Sorgu - 1.Sezon 9.Bölüm - 1 m3u8
   🔍 [10/10] Bölüm: https://diziyiizle2.com/sorgu/1-sezon-10-bolum/
📺 Embed URL bulundu: https://vidlax1.xyz/embed/5c848821d510771c
🔍 Embed URL kontrol ediliyor: https://vidlax1.xyz/embed/5c848821d510771c
📄 Embed sayfa içeriği alındı, boyut: 39578 karakter
🎬 Video Başlığı: Sorgu
📝 Video Açıklaması: 1.Sezon 10.Bölüm
🎯 Tam Başlık: Sorgu - 1.Sezon 10.Bölüm
🎯 HEX DECODE - m3u8 bulundu: https://vidlax.xyz/upload/82eae015a688559251cb32d69914f53bd711/master.m3u8
      ✅ Sorgu - 1.Sezon 10.Bölüm - 1 m3u8
      📁 Dizi playlist: playlists/sorgu_playlist.m3u
   ✅ Dizi tamamlandı: 10 m3u8 eklendi

============================================================
🎬 [56/56] İşleniyor: https://diziyiizle2.com/dizi/shogun/
📺 Bölüm bulundu: 1. Sezon 1. BölümDublaj24.10.202571 dk. - https://diziyiizle2.com/shogun/1-sezon-1-bolum/
📺 Bölüm bulundu: 1. Sezon 2. BölümDublaj24.10.202560 dk. - https://diziyiizle2.com/shogun/1-sezon-2-bolum/
📺 Bölüm bulundu: 1. Sezon 3. BölümDublaj24.10.202554 dk. - https://diziyiizle2.com/shogun/1-sezon-3-bolum/
📺 Bölüm bulundu: 1. Sezon 4. BölümDublaj24.10.202558 dk. - https://diziyiizle2.com/shogun/1-sezon-4-bolum/
📺 Bölüm bulundu: 1. Sezon 5. BölümDublaj24.10.202557 dk. - https://diziyiizle2.com/shogun/1-sezon-5-bolum/
📺 Bölüm bulundu: 1. Sezon 6. BölümDublaj24.10.202557 dk. - https://diziyiizle2.com/shogun/1-sezon-6-bolum/
📺 Bölüm bulundu: 1. Sezon 7. BölümDublaj24.10.202555 dk. - https://diziyiizle2.com/shogun/1-sezon-7-bolum/
📺 Bölüm bulundu: 1. Sezon 8. BölümDublaj24.10.202559 dk. - https://diziyiizle2.com/shogun/1-sezon-8-bolum/
📺 Bölüm bulundu: 1. Sezon 9. BölümDublaj24.10.202561 dk. - https://diziyiizle2.com/shogun/1-sezon-9-bolum/
📺 Bölüm bulundu: 1. Sezon 10. BölümDublaj24.10.202563 dk. - https://diziyiizle2.com/shogun/1-sezon-10-bolum/

📊 Toplam 10 bölüm bulundu
   🔍 [1/10] Bölüm: https://diziyiizle2.com/shogun/1-sezon-1-bolum/
📺 Embed URL bulundu: https://vidlax1.xyz/embed/58cb69586438fd72
🔍 Embed URL kontrol ediliyor: https://vidlax1.xyz/embed/58cb69586438fd72
📄 Embed sayfa içeriği alındı, boyut: 39578 karakter
🎬 Video Başlığı: Shōgun
📝 Video Açıklaması: 1.Sezon 1.Bölüm
🎯 Tam Başlık: Shōgun - 1.Sezon 1.Bölüm
🎯 HEX DECODE - m3u8 bulundu: https://vidlax.xyz/upload/ab602129420688dbfdb0ca2e1a22d47e92ab/master.m3u8
      ✅ Shōgun - 1.Sezon 1.Bölüm - 1 m3u8
   🔍 [2/10] Bölüm: https://diziyiizle2.com/shogun/1-sezon-2-bolum/
📺 Embed URL bulundu: https://vidlax1.xyz/embed/f387fc2b583048e0
🔍 Embed URL kontrol ediliyor: https://vidlax1.xyz/embed/f387fc2b583048e0
📄 Embed sayfa içeriği alındı, boyut: 39578 karakter
🎬 Video Başlığı: Shōgun
📝 Video Açıklaması: 1.Sezon 2.Bölüm
🎯 Tam Başlık: Shōgun - 1.Sezon 2.Bölüm
🎯 HEX DECODE - m3u8 bulundu: https://vidlax.xyz/upload/9ae6528f08747e103e4e674ac8d4f1c8c9d9/master.m3u8
      ✅ Shōgun - 1.Sezon 2.Bölüm - 1 m3u8
   🔍 [3/10] Bölüm: https://diziyiizle2.com/shogun/1-sezon-3-bolum/
📺 Embed URL bulundu: https://vidlax1.xyz/embed/66bc9cbaf5c7943b
🔍 Embed URL kontrol ediliyor: https://vidlax1.xyz/embed/66bc9cbaf5c7943b
📄 Embed sayfa içeriği alındı, boyut: 39578 karakter
🎬 Video Başlığı: Shōgun
📝 Video Açıklaması: 1.Sezon 3.Bölüm
🎯 Tam Başlık: Shōgun - 1.Sezon 3.Bölüm
🎯 HEX DECODE - m3u8 bulundu: https://vidlax.xyz/upload/d5298533bfb8ea634eabbd0eda535918856a/master.m3u8
      ✅ Shōgun - 1.Sezon 3.Bölüm - 1 m3u8
   🔍 [4/10] Bölüm: https://diziyiizle2.com/shogun/1-sezon-4-bolum/
📺 Embed URL bulundu: https://vidlax1.xyz/embed/5ebb00c04704a4ff
🔍 Embed URL kontrol ediliyor: https://vidlax1.xyz/embed/5ebb00c04704a4ff
📄 Embed sayfa içeriği alındı, boyut: 39578 karakter
🎬 Video Başlığı: Shōgun
📝 Video Açıklaması: 1.Sezon 4.Bölüm
🎯 Tam Başlık: Shōgun - 1.Sezon 4.Bölüm
🎯 HEX DECODE - m3u8 bulundu: https://vidlax.xyz/upload/21e5b957ba18b85279e70aeb0861a6626a16/master.m3u8
      ✅ Shōgun - 1.Sezon 4.Bölüm - 1 m3u8
   🔍 [5/10] Bölüm: https://diziyiizle2.com/shogun/1-sezon-5-bolum/
📺 Embed URL bulundu: https://vidlax1.xyz/embed/b36eae602261176c
🔍 Embed URL kontrol ediliyor: https://vidlax1.xyz/embed/b36eae602261176c
📄 Embed sayfa içeriği alındı, boyut: 39578 karakter
🎬 Video Başlığı: Shōgun
📝 Video Açıklaması: 1.Sezon 5.Bölüm
🎯 Tam Başlık: Shōgun - 1.Sezon 5.Bölüm
🎯 HEX DECODE - m3u8 bulundu: https://vidlax.xyz/upload/bd40411928a81d92a9b5e83ddddc0de2e31e/master.m3u8
      ✅ Shōgun - 1.Sezon 5.Bölüm - 1 m3u8
   🔍 [6/10] Bölüm: https://diziyiizle2.com/shogun/1-sezon-6-bolum/
📺 Embed URL bulundu: https://vidlax1.xyz/embed/63faf28e8c045e46
🔍 Embed URL kontrol ediliyor: https://vidlax1.xyz/embed/63faf28e8c045e46
📄 Embed sayfa içeriği alındı, boyut: 39578 karakter
🎬 Video Başlığı: Shōgun
📝 Video Açıklaması: 1.Sezon 6.Bölüm
🎯 Tam Başlık: Shōgun - 1.Sezon 6.Bölüm
🎯 HEX DECODE - m3u8 bulundu: https://vidlax.xyz/upload/c49f99543d9bcc1c75ddc8447102a94ca663/master.m3u8
      ✅ Shōgun - 1.Sezon 6.Bölüm - 1 m3u8
   🔍 [7/10] Bölüm: https://diziyiizle2.com/shogun/1-sezon-7-bolum/
📺 Embed URL bulundu: https://vidlax1.xyz/embed/191b2b9e81751136
🔍 Embed URL kontrol ediliyor: https://vidlax1.xyz/embed/191b2b9e81751136
📄 Embed sayfa içeriği alındı, boyut: 39578 karakter
🎬 Video Başlığı: Shōgun
📝 Video Açıklaması: 1.Sezon 7.Bölüm
🎯 Tam Başlık: Shōgun - 1.Sezon 7.Bölüm
🎯 HEX DECODE - m3u8 bulundu: https://vidlax.xyz/upload/b574e2c2ceb0ff6fa84babe9bff5d34b480f/master.m3u8
      ✅ Shōgun - 1.Sezon 7.Bölüm - 1 m3u8
   🔍 [8/10] Bölüm: https://diziyiizle2.com/shogun/1-sezon-8-bolum/
📺 Embed URL bulundu: https://vidlax1.xyz/embed/200b98bd022ceece
🔍 Embed URL kontrol ediliyor: https://vidlax1.xyz/embed/200b98bd022ceece
📄 Embed sayfa içeriği alındı, boyut: 39578 karakter
🎬 Video Başlığı: Shōgun
📝 Video Açıklaması: 1.Sezon 8.Bölüm
🎯 Tam Başlık: Shōgun - 1.Sezon 8.Bölüm
🎯 HEX DECODE - m3u8 bulundu: https://vidlax.xyz/upload/4f1263066150e7a97dc479c45d0aeb96a235/master.m3u8
      ✅ Shōgun - 1.Sezon 8.Bölüm - 1 m3u8
   🔍 [9/10] Bölüm: https://diziyiizle2.com/shogun/1-sezon-9-bolum/
📺 Embed URL bulundu: https://vidlax1.xyz/embed/cfd51c9ad97b3b92
🔍 Embed URL kontrol ediliyor: https://vidlax1.xyz/embed/cfd51c9ad97b3b92
📄 Embed sayfa içeriği alındı, boyut: 39578 karakter
🎬 Video Başlığı: Shōgun
📝 Video Açıklaması: 1.Sezon 9.Bölüm
🎯 Tam Başlık: Shōgun - 1.Sezon 9.Bölüm
🎯 HEX DECODE - m3u8 bulundu: https://vidlax.xyz/upload/d0507fe2130eefa463b5d71b964a8763bc73/master.m3u8
      ✅ Shōgun - 1.Sezon 9.Bölüm - 1 m3u8
   🔍 [10/10] Bölüm: https://diziyiizle2.com/shogun/1-sezon-10-bolum/
📺 Embed URL bulundu: https://vidlax1.xyz/embed/fc838193d42025b3
🔍 Embed URL kontrol ediliyor: https://vidlax1.xyz/embed/fc838193d42025b3
📄 Embed sayfa içeriği alındı, boyut: 39579 karakter
🎬 Video Başlığı: Shōgun
📝 Video Açıklaması: 1.Sezon 10.Bölüm
🎯 Tam Başlık: Shōgun - 1.Sezon 10.Bölüm
🎯 HEX DECODE - m3u8 bulundu: https://vidlax.xyz/upload/0064d1915f0e5bc38ff178a4fa14dd21f875/master.m3u8
      ✅ Shōgun - 1.Sezon 10.Bölüm - 1 m3u8
      📁 Dizi playlist: playlists/shogun_playlist.m3u
   ✅ Dizi tamamlandı: 10 m3u8 eklendi

📁 Master playlist oluşturuldu: master_all_series_playlist.m3u

📁 Tüm diziler için master playlist oluşturuldu (540 item).
