Running atp/atp.py at 20251022T121728Z (UTC)
🚀 TÜM DİZİLERİN M3U8'LERİ TOPLANIYOR
⚡ FULL MODE: Tüm diziler işlenecek!
⏰ Bu işlem uzun sürebilir...
🌟 PROCESS ALL: https://diziyiizle.com/?post_type=series
📺 Dizi bulundu: https://diziyiizle2.com/dizi/
📺 Dizi bulundu: https://diziyiizle2.com/dizi/the-forsytes/
📺 Dizi bulundu: https://diziyiizle2.com/dizi/anne-rices-talamasca-the-secret-order/
📺 Dizi bulundu: https://diziyiizle2.com/dizi/the-ridge/
📺 Dizi bulundu: https://diziyiizle2.com/dizi/dexter/
📺 Dizi bulundu: https://diziyiizle2.com/dizi/mr-scorsese/
📺 Dizi bulundu: https://diziyiizle2.com/dizi/ilk-bes/
📺 Dizi bulundu: https://diziyiizle2.com/dizi/to-cook-a-bear/
📺 Dizi bulundu: https://diziyiizle2.com/dizi/murdaugh-death-in-the-family/
📺 Dizi bulundu: https://diziyiizle2.com/dizi/gittigimizi-kimse-gormedi/
📺 Dizi bulundu: https://diziyiizle2.com/dizi/loot/
📺 Dizi bulundu: https://diziyiizle2.com/dizi/dmv/
📺 Dizi bulundu: https://diziyiizle2.com/dizi/bad-thoughts/
📺 Dizi bulundu: https://diziyiizle2.com/dizi/ozluyorum-seni/
📺 Dizi bulundu: https://diziyiizle2.com/dizi/splinter-cell-deathwatch/
📺 Dizi bulundu: https://diziyiizle2.com/dizi/typhoon-family/
📺 Dizi bulundu: https://diziyiizle2.com/dizi/the-chair-company/
📺 Dizi bulundu: https://diziyiizle2.com/dizi/gumruk-muhafaza-turkiye/
📺 Dizi bulundu: https://diziyiizle2.com/dizi/muhafizlar-gizli-proje/
📺 Dizi bulundu: https://diziyiizle2.com/dizi/helluva-boss/
📺 Dizi bulundu: https://diziyiizle2.com/dizi/la-suerte/
📺 Dizi bulundu: https://diziyiizle2.com/dizi/outlander-blood-of-my-blood/
📺 Dizi bulundu: https://diziyiizle2.com/dizi/greys-anatomy/
📺 Dizi bulundu: https://diziyiizle2.com/dizi/the-last-frontier/
📺 Dizi bulundu: https://diziyiizle2.com/dizi/knife-edge-chasing-michelin-stars/
📺 Dizi bulundu: https://diziyiizle2.com/dizi/dan-da-dan/
📺 Dizi bulundu: https://diziyiizle2.com/dizi/mahsun-j-12/
📺 Dizi bulundu: https://diziyiizle2.com/dizi/esref-ruya-9/
📺 Dizi bulundu: https://diziyiizle2.com/dizi/gibi/
📺 Dizi bulundu: https://diziyiizle2.com/dizi/var-bunlar-izle-14/
📺 Dizi bulundu: https://diziyiizle2.com/dizi/prens-izle-4/
📺 Dizi bulundu (sayfa): https://diziyiizle2.com/dizi/boots/
📺 Dizi bulundu (sayfa): https://diziyiizle2.com/dizi/victoria-beckham/
📺 Dizi bulundu (sayfa): https://diziyiizle2.com/dizi/les-disparues-de-la-gare/
📺 Dizi bulundu (sayfa): https://diziyiizle2.com/dizi/is-it-cake-halloween/
📺 Dizi bulundu (sayfa): https://diziyiizle2.com/dizi/nero/
📺 Dizi bulundu (sayfa): https://diziyiizle2.com/dizi/sweet-magnolias/
📺 Dizi bulundu (sayfa): https://diziyiizle2.com/dizi/adsiz-asiklar/
📺 Dizi bulundu (sayfa): https://diziyiizle2.com/dizi/the-peripheral/
📺 Dizi bulundu (sayfa): https://diziyiizle2.com/dizi/dead-ringers/
📺 Dizi bulundu (sayfa): https://diziyiizle2.com/dizi/deadloch/
📺 Dizi bulundu (sayfa): https://diziyiizle2.com/dizi/camino-a-arcadia/
📺 Dizi bulundu (sayfa): https://diziyiizle2.com/dizi/knutby/
📺 Dizi bulundu (sayfa): https://diziyiizle2.com/dizi/true-haunting/
📺 Dizi bulundu (sayfa): https://diziyiizle2.com/dizi/dr-seusss-horton-1/
📺 Dizi bulundu (sayfa): https://diziyiizle2.com/dizi/zero-day/
📺 Dizi bulundu (sayfa): https://diziyiizle2.com/dizi/skiftet/
📺 Dizi bulundu (sayfa): https://diziyiizle2.com/dizi/canavar-ed-geinin-hikayesi/
📺 Dizi bulundu (sayfa): https://diziyiizle2.com/dizi/the-old-dog-new-tricks-1/
📺 Dizi bulundu (sayfa): https://diziyiizle2.com/dizi/genie-make-a-wish/
📺 Dizi bulundu (sayfa): https://diziyiizle2.com/dizi/konusanlar/
📺 Dizi bulundu (sayfa): https://diziyiizle2.com/dizi/watching-you/
📺 Dizi bulundu (sayfa): https://diziyiizle2.com/dizi/dudes/
📺 Dizi bulundu (sayfa): https://diziyiizle2.com/dizi/riv4li/
📺 Dizi bulundu (sayfa): https://diziyiizle2.com/dizi/crime-scene-zero/
📺 Dizi bulundu (sayfa): https://diziyiizle2.com/dizi/nightmares-of-nature/

📊 Toplam 56 dizi bulundu

============================================================
🎬 [1/56] İşleniyor: https://diziyiizle2.com/dizi/
📺 Bölüm bulundu: Loot3.Sezon 3.BölümAltyazılı - https://diziyiizle2.com/loot/3-sezon-3-bolum/
📺 Bölüm bulundu: Gen V2.Sezon 8.BölümAltyazılı - https://diziyiizle2.com/gen-v-5/2-sezon-8-bolum/
📺 Bölüm bulundu: High Potential2.Sezon 6.BölümAltyazılı - https://diziyiizle2.com/high-potential/2-sezon-6-bolum/
📺 Bölüm bulundu: The Morning Show4.Sezon 6.BölümAltyazılı - https://diziyiizle2.com/the-morning-show/4-sezon-6-bolum/
📺 Bölüm bulundu: The Forsytes1.Sezon 1.BölümAltyazılı - https://diziyiizle2.com/the-forsytes/1-sezon-1-bolum/
📺 Bölüm bulundu: Anne Rice's Talamasca: The Secret Order1.Sezon 1.BölümAltyazılı - https://diziyiizle2.com/anne-rices-talamasca-the-secret-order/1-sezon-1-bolum/
📺 Bölüm bulundu: The Ridge1.Sezon 1.BölümAltyazılı - https://diziyiizle2.com/the-ridge/1-sezon-1-bolum/
📺 Bölüm bulundu: Watson2.Sezon 2.BölümAltyazılı - https://diziyiizle2.com/watson-2/2-sezon-2-bolum/
📺 Bölüm bulundu: Chad Powers1.Sezon 5.BölümDublaj - https://diziyiizle2.com/chad-powers/1-sezon-5-bolum/
📺 Bölüm bulundu: DMV1.Sezon 2.BölümAltyazılı - https://diziyiizle2.com/dmv/1-sezon-2-bolum/
📺 Bölüm bulundu: Only Murders in the Building5.Sezon 9.BölümAltyazılı - https://diziyiizle2.com/only-murders-in-the-building-6/5-sezon-9-bolum/
📺 Bölüm bulundu: Mahsun J2.Sezon 12.BölümAltyazılı - https://diziyiizle2.com/mahsun-j-12/2-sezon-12-bolum/

📊 Toplam 12 bölüm bulundu
   🔍 [1/12] Bölüm: https://diziyiizle2.com/loot/3-sezon-3-bolum/
📺 Embed URL bulundu: https://vidlax.xyz/embed/abd50ce66b5e0c90
🔍 Embed URL kontrol ediliyor: https://vidlax.xyz/embed/abd50ce66b5e0c90
📄 Embed sayfa içeriği alındı, boyut: 43136 karakter
🎬 Video Başlığı: Loot
📝 Video Açıklaması: 3.Sezon 3.Bölüm
🎯 Tam Başlık: Loot - 3.Sezon 3.Bölüm
🎯 HEX DECODE - m3u8 bulundu: https://vidlax.xyz/upload/1e268f9f56f6bed245e64d3c1aea457aa0bc/master.m3u8
      ✅ Loot - 3.Sezon 3.Bölüm - 1 m3u8
   🔍 [2/12] Bölüm: https://diziyiizle2.com/gen-v-5/2-sezon-8-bolum/
📺 Embed URL bulundu: https://vidlax.xyz/embed/eb339d1152d134d4
🔍 Embed URL kontrol ediliyor: https://vidlax.xyz/embed/eb339d1152d134d4
📄 Embed sayfa içeriği alındı, boyut: 42588 karakter
🎬 Video Başlığı: Gen V
📝 Video Açıklaması: 2.Sezon 8.Bölüm
🎯 Tam Başlık: Gen V - 2.Sezon 8.Bölüm
🎯 HEX DECODE - m3u8 bulundu: https://vidlax.xyz/upload/51f1eabecb16174b21bcf87646ffc58b8ceb/master.m3u8
      ✅ Gen V - 2.Sezon 8.Bölüm - 1 m3u8
   🔍 [3/12] Bölüm: https://diziyiizle2.com/high-potential/2-sezon-6-bolum/
📺 Embed URL bulundu: https://vidlax.xyz/embed/921537efef8593a1
🔍 Embed URL kontrol ediliyor: https://vidlax.xyz/embed/921537efef8593a1
📄 Embed sayfa içeriği alındı, boyut: 39711 karakter
🎬 Video Başlığı: High Potential
📝 Video Açıklaması: 2.Sezon 6.Bölüm
🎯 Tam Başlık: High Potential - 2.Sezon 6.Bölüm
🎯 HEX DECODE - m3u8 bulundu: https://vidlax.xyz/upload/0e98b39ef51c20560fbd92e894c4fc352ac0/master.m3u8
      ✅ High Potential - 2.Sezon 6.Bölüm - 1 m3u8
   🔍 [4/12] Bölüm: https://diziyiizle2.com/the-morning-show/4-sezon-6-bolum/
📺 Embed URL bulundu: https://vidlax.xyz/embed/8a055eba74647df6
🔍 Embed URL kontrol ediliyor: https://vidlax.xyz/embed/8a055eba74647df6
📄 Embed sayfa içeriği alındı, boyut: 42799 karakter
🎬 Video Başlığı: The Morning Show
📝 Video Açıklaması: 4.Sezon 6.Bölüm
🎯 Tam Başlık: The Morning Show - 4.Sezon 6.Bölüm
🎯 HEX DECODE - m3u8 bulundu: https://vidlax.xyz/upload/365897d5fc4835083e56c53bfe35da5e8d8f/master.m3u8
      ✅ The Morning Show - 4.Sezon 6.Bölüm - 1 m3u8
   🔍 [5/12] Bölüm: https://diziyiizle2.com/the-forsytes/1-sezon-1-bolum/

🔍 Vidlax direkt analizi: https://diziyiizle2.com/the-forsytes/1-sezon-1-bolum/
📄 Sayfa içeriği alındı: 93475 karakter
❌ m3u8 URL'si bulunamadı
      ❌ m3u8 bulunamadı
   🔍 [6/12] Bölüm: https://diziyiizle2.com/anne-rices-talamasca-the-secret-order/1-sezon-1-bolum/
📺 Embed URL bulundu: https://vidlax.xyz/embed/242939a781087a52
🔍 Embed URL kontrol ediliyor: https://vidlax.xyz/embed/242939a781087a52
📄 Embed sayfa içeriği alındı, boyut: 39866 karakter
🎬 Video Başlığı: Talamasca: The Secret Order
📝 Video Açıklaması: 1.Sezon 1.Bölüm
🎯 Tam Başlık: Talamasca: The Secret Order - 1.Sezon 1.Bölüm
🎯 HEX DECODE - m3u8 bulundu: https://vidlax.xyz/upload/e6d5e48fd3bc3e208a81de9987becf46185c/master.m3u8
      ✅ Talamasca: The Secret Order - 1.Sezon 1.Bölüm - 1 m3u8
   🔍 [7/12] Bölüm: https://diziyiizle2.com/the-ridge/1-sezon-1-bolum/
📺 Embed URL bulundu: https://vidlax.xyz/embed/7016961717fa3389
🔍 Embed URL kontrol ediliyor: https://vidlax.xyz/embed/7016961717fa3389
📄 Embed sayfa içeriği alındı, boyut: 39848 karakter
🎬 Video Başlığı: The Ridge
📝 Video Açıklaması: 1.Sezon 1.Bölüm
🎯 Tam Başlık: The Ridge - 1.Sezon 1.Bölüm
🎯 HEX DECODE - m3u8 bulundu: https://vidlax.xyz/upload/dddb5cfb0fa75137058461ba0d237da70260/master.m3u8
      ✅ The Ridge - 1.Sezon 1.Bölüm - 1 m3u8
   🔍 [8/12] Bölüm: https://diziyiizle2.com/watson-2/2-sezon-2-bolum/
📺 Embed URL bulundu: https://vidlax.xyz/embed/8c7efc6a5b7c1b7d
🔍 Embed URL kontrol ediliyor: https://vidlax.xyz/embed/8c7efc6a5b7c1b7d
📄 Embed sayfa içeriği alındı, boyut: 39987 karakter
🎬 Video Başlığı: Watson
📝 Video Açıklaması: 2.Sezon 2.Bölüm
🎯 Tam Başlık: Watson - 2.Sezon 2.Bölüm
🎯 HEX DECODE - m3u8 bulundu: https://vidlax.xyz/upload/4f40f66abaf81e60e51c27d54ebb3f18c911/master.m3u8
      ✅ Watson - 2.Sezon 2.Bölüm - 1 m3u8
   🔍 [9/12] Bölüm: https://diziyiizle2.com/chad-powers/1-sezon-5-bolum/
📺 Embed URL bulundu: https://vidlax.xyz/embed/3878ba25391b0044
🔍 Embed URL kontrol ediliyor: https://vidlax.xyz/embed/3878ba25391b0044
📄 Embed sayfa içeriği alındı, boyut: 41423 karakter
🎬 Video Başlığı: Chad Powers
📝 Video Açıklaması: 1.Sezon 5.Bölüm
🎯 Tam Başlık: Chad Powers - 1.Sezon 5.Bölüm
🎯 HEX DECODE - m3u8 bulundu: https://vidlax.xyz/upload/83893917e44eea919c2ea5a2f4b856b8afa7/master.m3u8
      ✅ Chad Powers - 1.Sezon 5.Bölüm - 1 m3u8
   🔍 [10/12] Bölüm: https://diziyiizle2.com/dmv/1-sezon-2-bolum/
📺 Embed URL bulundu: https://vidlax.xyz/embed/68a79b78c241beea
🔍 Embed URL kontrol ediliyor: https://vidlax.xyz/embed/68a79b78c241beea
📄 Embed sayfa içeriği alındı, boyut: 39842 karakter
🎬 Video Başlığı: DMV
📝 Video Açıklaması: 1.Sezon 2.Bölüm
🎯 Tam Başlık: DMV - 1.Sezon 2.Bölüm
🎯 HEX DECODE - m3u8 bulundu: https://vidlax.xyz/upload/9c09c2e836dee4b8ab8f4bcc598214a0347c/master.m3u8
      ✅ DMV - 1.Sezon 2.Bölüm - 1 m3u8
   🔍 [11/12] Bölüm: https://diziyiizle2.com/only-murders-in-the-building-6/5-sezon-9-bolum/
📺 Embed URL bulundu: https://vidlax.xyz/embed/d677ebae91b8fc6e
🔍 Embed URL kontrol ediliyor: https://vidlax.xyz/embed/d677ebae91b8fc6e
📄 Embed sayfa içeriği alındı, boyut: 39863 karakter
🎬 Video Başlığı: Only Murders in the Building
📝 Video Açıklaması: 5.Sezon 9.Bölüm
🎯 Tam Başlık: Only Murders in the Building - 5.Sezon 9.Bölüm
🎯 HEX DECODE - m3u8 bulundu: https://vidlax.xyz/upload/224b38241352017b79f8e99e87eca3dc40ce/master.m3u8
      ✅ Only Murders in the Building - 5.Sezon 9.Bölüm - 1 m3u8
   🔍 [12/12] Bölüm: https://diziyiizle2.com/mahsun-j-12/2-sezon-12-bolum/
📺 Embed URL bulundu: https://www.youtube.com/embed/f0xEeMszr4M
🔍 Embed URL kontrol ediliyor: https://www.youtube.com/embed/f0xEeMszr4M
📄 Embed sayfa içeriği alındı, boyut: 120816 karakter

🔍 Vidlax direkt analizi: https://www.youtube.com/embed/f0xEeMszr4M
📄 Sayfa içeriği alındı: 123022 karakter
❌ m3u8 URL'si bulunamadı

🔍 Vidlax direkt analizi: https://diziyiizle2.com/mahsun-j-12/2-sezon-12-bolum/
📄 Sayfa içeriği alındı: 111428 karakter
❌ m3u8 URL'si bulunamadı
      ❌ m3u8 bulunamadı
      📁 Dizi playlist: playlists/dizi_playlist.m3u
   ✅ Dizi tamamlandı: 10 m3u8 eklendi

============================================================
🎬 [2/56] İşleniyor: https://diziyiizle2.com/dizi/the-forsytes/
📺 Bölüm bulundu: 1. Sezon 1. BölümAltyazılı21.10.202551 dk. - https://diziyiizle2.com/the-forsytes/1-sezon-1-bolum/
📺 Bölüm bulundu: 1. Sezon 2. BölümAltyazılı21.10.202551 dk. - https://diziyiizle2.com/the-forsytes/1-sezon-2-bolum/
📺 Bölüm bulundu: 1. Sezon 3. BölümAltyazılı21.10.202552 dk. - https://diziyiizle2.com/the-forsytes/1-sezon-3-bolum/
📺 Bölüm bulundu: 1. Sezon 4. BölümAltyazılı21.10.202552 dk. - https://diziyiizle2.com/the-forsytes/1-sezon-4-bolum/
📺 Bölüm bulundu: 1. Sezon 5. BölümAltyazılı21.10.202551 dk. - https://diziyiizle2.com/the-forsytes/1-sezon-5-bolum/
📺 Bölüm bulundu: 1. Sezon 6. BölümAltyazılı21.10.202552 dk. - https://diziyiizle2.com/the-forsytes/1-sezon-6-bolum/

📊 Toplam 6 bölüm bulundu
   🔍 [1/6] Bölüm: https://diziyiizle2.com/the-forsytes/1-sezon-1-bolum/

🔍 Vidlax direkt analizi: https://diziyiizle2.com/the-forsytes/1-sezon-1-bolum/
📄 Sayfa içeriği alındı: 93475 karakter
❌ m3u8 URL'si bulunamadı
      ❌ m3u8 bulunamadı
   🔍 [2/6] Bölüm: https://diziyiizle2.com/the-forsytes/1-sezon-2-bolum/

🔍 Vidlax direkt analizi: https://diziyiizle2.com/the-forsytes/1-sezon-2-bolum/
📄 Sayfa içeriği alındı: 93545 karakter
❌ m3u8 URL'si bulunamadı
      ❌ m3u8 bulunamadı
   🔍 [3/6] Bölüm: https://diziyiizle2.com/the-forsytes/1-sezon-3-bolum/

🔍 Vidlax direkt analizi: https://diziyiizle2.com/the-forsytes/1-sezon-3-bolum/
📄 Sayfa içeriği alındı: 93545 karakter
❌ m3u8 URL'si bulunamadı
      ❌ m3u8 bulunamadı
   🔍 [4/6] Bölüm: https://diziyiizle2.com/the-forsytes/1-sezon-4-bolum/

🔍 Vidlax direkt analizi: https://diziyiizle2.com/the-forsytes/1-sezon-4-bolum/
📄 Sayfa içeriği alındı: 93546 karakter
❌ m3u8 URL'si bulunamadı
      ❌ m3u8 bulunamadı
   🔍 [5/6] Bölüm: https://diziyiizle2.com/the-forsytes/1-sezon-5-bolum/

🔍 Vidlax direkt analizi: https://diziyiizle2.com/the-forsytes/1-sezon-5-bolum/
📄 Sayfa içeriği alındı: 93546 karakter
❌ m3u8 URL'si bulunamadı
      ❌ m3u8 bulunamadı
   🔍 [6/6] Bölüm: https://diziyiizle2.com/the-forsytes/1-sezon-6-bolum/

🔍 Vidlax direkt analizi: https://diziyiizle2.com/the-forsytes/1-sezon-6-bolum/
📄 Sayfa içeriği alındı: 93546 karakter
❌ m3u8 URL'si bulunamadı
      ❌ m3u8 bulunamadı
   ❌ Bu dizi için hiç m3u8 bulunamadı

============================================================
🎬 [3/56] İşleniyor: https://diziyiizle2.com/dizi/anne-rices-talamasca-the-secret-order/
📺 Bölüm bulundu: 1. Sezon 1. BölümAltyazılı21.10.202553 dk. - https://diziyiizle2.com/anne-rices-talamasca-the-secret-order/1-sezon-1-bolum/
📺 Bölüm bulundu: 1. Sezon 2. BölümAltyazılı21.10.2025 - https://diziyiizle2.com/anne-rices-talamasca-the-secret-order/1-sezon-2-bolum/
📺 Bölüm bulundu: 1. Sezon 3. BölümAltyazılı21.10.2025 - https://diziyiizle2.com/anne-rices-talamasca-the-secret-order/1-sezon-3-bolum/
📺 Bölüm bulundu: 1. Sezon 4. BölümAltyazılı21.10.2025 - https://diziyiizle2.com/anne-rices-talamasca-the-secret-order/1-sezon-4-bolum/
📺 Bölüm bulundu: 1. Sezon 5. BölümAltyazılı21.10.2025 - https://diziyiizle2.com/anne-rices-talamasca-the-secret-order/1-sezon-5-bolum/
📺 Bölüm bulundu: 1. Sezon 6. BölümAltyazılı21.10.2025 - https://diziyiizle2.com/anne-rices-talamasca-the-secret-order/1-sezon-6-bolum/

📊 Toplam 6 bölüm bulundu
   🔍 [1/6] Bölüm: https://diziyiizle2.com/anne-rices-talamasca-the-secret-order/1-sezon-1-bolum/
📺 Embed URL bulundu: https://vidlax.xyz/embed/242939a781087a52
🔍 Embed URL kontrol ediliyor: https://vidlax.xyz/embed/242939a781087a52
📄 Embed sayfa içeriği alındı, boyut: 39866 karakter
🎬 Video Başlığı: Talamasca: The Secret Order
📝 Video Açıklaması: 1.Sezon 1.Bölüm
🎯 Tam Başlık: Talamasca: The Secret Order - 1.Sezon 1.Bölüm
🎯 HEX DECODE - m3u8 bulundu: https://vidlax.xyz/upload/e6d5e48fd3bc3e208a81de9987becf46185c/master.m3u8
      ✅ Talamasca: The Secret Order - 1.Sezon 1.Bölüm - 1 m3u8
   🔍 [2/6] Bölüm: https://diziyiizle2.com/anne-rices-talamasca-the-secret-order/1-sezon-2-bolum/

🔍 Vidlax direkt analizi: https://diziyiizle2.com/anne-rices-talamasca-the-secret-order/1-sezon-2-bolum/
📄 Sayfa içeriği alındı: 93431 karakter
❌ m3u8 URL'si bulunamadı
      ❌ m3u8 bulunamadı
   🔍 [3/6] Bölüm: https://diziyiizle2.com/anne-rices-talamasca-the-secret-order/1-sezon-3-bolum/

🔍 Vidlax direkt analizi: https://diziyiizle2.com/anne-rices-talamasca-the-secret-order/1-sezon-3-bolum/
📄 Sayfa içeriği alındı: 93431 karakter
❌ m3u8 URL'si bulunamadı
      ❌ m3u8 bulunamadı
   🔍 [4/6] Bölüm: https://diziyiizle2.com/anne-rices-talamasca-the-secret-order/1-sezon-4-bolum/

🔍 Vidlax direkt analizi: https://diziyiizle2.com/anne-rices-talamasca-the-secret-order/1-sezon-4-bolum/
📄 Sayfa içeriği alındı: 93430 karakter
❌ m3u8 URL'si bulunamadı
      ❌ m3u8 bulunamadı
   🔍 [5/6] Bölüm: https://diziyiizle2.com/anne-rices-talamasca-the-secret-order/1-sezon-5-bolum/

🔍 Vidlax direkt analizi: https://diziyiizle2.com/anne-rices-talamasca-the-secret-order/1-sezon-5-bolum/
📄 Sayfa içeriği alındı: 93431 karakter
❌ m3u8 URL'si bulunamadı
      ❌ m3u8 bulunamadı
   🔍 [6/6] Bölüm: https://diziyiizle2.com/anne-rices-talamasca-the-secret-order/1-sezon-6-bolum/

🔍 Vidlax direkt analizi: https://diziyiizle2.com/anne-rices-talamasca-the-secret-order/1-sezon-6-bolum/
📄 Sayfa içeriği alındı: 93431 karakter
❌ m3u8 URL'si bulunamadı
      ❌ m3u8 bulunamadı
      📁 Dizi playlist: playlists/anne_rices_talamasca_the_secret_order_playlist.m3u
   ✅ Dizi tamamlandı: 1 m3u8 eklendi

============================================================
🎬 [4/56] İşleniyor: https://diziyiizle2.com/dizi/the-ridge/
📺 Bölüm bulundu: 1. Sezon 1. BölümAltyazılı21.10.202542 dk. - https://diziyiizle2.com/the-ridge/1-sezon-1-bolum/
📺 Bölüm bulundu: 1. Sezon 2. BölümAltyazılı21.10.202542 dk. - https://diziyiizle2.com/the-ridge/1-sezon-2-bolum/
📺 Bölüm bulundu: 1. Sezon 3. BölümAltyazılı21.10.202542 dk. - https://diziyiizle2.com/the-ridge/1-sezon-3-bolum/
📺 Bölüm bulundu: 1. Sezon 4. BölümAltyazılı21.10.202542 dk. - https://diziyiizle2.com/the-ridge/1-sezon-4-bolum/
📺 Bölüm bulundu: 1. Sezon 5. BölümAltyazılı21.10.202542 dk. - https://diziyiizle2.com/the-ridge/1-sezon-5-bolum/
📺 Bölüm bulundu: 1. Sezon 6. BölümAltyazılı21.10.202542 dk. - https://diziyiizle2.com/the-ridge/1-sezon-6-bolum/

📊 Toplam 6 bölüm bulundu
   🔍 [1/6] Bölüm: https://diziyiizle2.com/the-ridge/1-sezon-1-bolum/
📺 Embed URL bulundu: https://vidlax.xyz/embed/7016961717fa3389
🔍 Embed URL kontrol ediliyor: https://vidlax.xyz/embed/7016961717fa3389
📄 Embed sayfa içeriği alındı, boyut: 39848 karakter
🎬 Video Başlığı: The Ridge
📝 Video Açıklaması: 1.Sezon 1.Bölüm
🎯 Tam Başlık: The Ridge - 1.Sezon 1.Bölüm
🎯 HEX DECODE - m3u8 bulundu: https://vidlax.xyz/upload/dddb5cfb0fa75137058461ba0d237da70260/master.m3u8
      ✅ The Ridge - 1.Sezon 1.Bölüm - 1 m3u8
   🔍 [2/6] Bölüm: https://diziyiizle2.com/the-ridge/1-sezon-2-bolum/

🔍 Vidlax direkt analizi: https://diziyiizle2.com/the-ridge/1-sezon-2-bolum/
📄 Sayfa içeriği alındı: 92751 karakter
❌ m3u8 URL'si bulunamadı
      ❌ m3u8 bulunamadı
   🔍 [3/6] Bölüm: https://diziyiizle2.com/the-ridge/1-sezon-3-bolum/

🔍 Vidlax direkt analizi: https://diziyiizle2.com/the-ridge/1-sezon-3-bolum/
📄 Sayfa içeriği alındı: 92751 karakter
❌ m3u8 URL'si bulunamadı
      ❌ m3u8 bulunamadı
   🔍 [4/6] Bölüm: https://diziyiizle2.com/the-ridge/1-sezon-4-bolum/

🔍 Vidlax direkt analizi: https://diziyiizle2.com/the-ridge/1-sezon-4-bolum/
📄 Sayfa içeriği alındı: 92752 karakter
❌ m3u8 URL'si bulunamadı
      ❌ m3u8 bulunamadı
   🔍 [5/6] Bölüm: https://diziyiizle2.com/the-ridge/1-sezon-5-bolum/

🔍 Vidlax direkt analizi: https://diziyiizle2.com/the-ridge/1-sezon-5-bolum/
📄 Sayfa içeriği alındı: 92752 karakter
❌ m3u8 URL'si bulunamadı
      ❌ m3u8 bulunamadı
   🔍 [6/6] Bölüm: https://diziyiizle2.com/the-ridge/1-sezon-6-bolum/

🔍 Vidlax direkt analizi: https://diziyiizle2.com/the-ridge/1-sezon-6-bolum/
📄 Sayfa içeriği alındı: 92752 karakter
❌ m3u8 URL'si bulunamadı
      ❌ m3u8 bulunamadı
      📁 Dizi playlist: playlists/the_ridge_playlist.m3u
   ✅ Dizi tamamlandı: 1 m3u8 eklendi

============================================================
🎬 [5/56] İşleniyor: https://diziyiizle2.com/dizi/dexter/
📺 Bölüm bulundu: 1. Sezon 1. BölümDublaj19.10.202553 dk. - https://diziyiizle2.com/dexter/1-sezon-1-bolum/
📺 Bölüm bulundu: 1. Sezon 2. BölümDublaj19.10.202555 dk. - https://diziyiizle2.com/dexter/1-sezon-2-bolum/
📺 Bölüm bulundu: 1. Sezon 3. BölümDublaj19.10.202551 dk. - https://diziyiizle2.com/dexter/1-sezon-3-bolum/
📺 Bölüm bulundu: 1. Sezon 4. BölümDublaj19.10.202558 dk. - https://diziyiizle2.com/dexter/1-sezon-4-bolum/
📺 Bölüm bulundu: 1. Sezon 5. BölümDublaj19.10.202556 dk. - https://diziyiizle2.com/dexter/1-sezon-5-bolum/
📺 Bölüm bulundu: 1. Sezon 6. BölümDublaj19.10.202553 dk. - https://diziyiizle2.com/dexter/1-sezon-6-bolum/
📺 Bölüm bulundu: 1. Sezon 7. BölümDublaj19.10.202553 dk. - https://diziyiizle2.com/dexter/1-sezon-7-bolum/
📺 Bölüm bulundu: 1. Sezon 8. BölümDublaj19.10.202554 dk. - https://diziyiizle2.com/dexter/1-sezon-8-bolum/
📺 Bölüm bulundu: 1. Sezon 9. BölümDublaj19.10.202556 dk. - https://diziyiizle2.com/dexter/1-sezon-9-bolum/
📺 Bölüm bulundu: 1. Sezon 10. BölümDublaj19.10.202557 dk. - https://diziyiizle2.com/dexter/1-sezon-10-bolum/
📺 Bölüm bulundu: 1. Sezon 11. BölümDublaj19.10.202554 dk. - https://diziyiizle2.com/dexter/1-sezon-11-bolum/
📺 Bölüm bulundu: 1. Sezon 12. BölümDublaj19.10.202557 dk. - https://diziyiizle2.com/dexter/1-sezon-12-bolum/
📺 Bölüm bulundu: 2. Sezon 1. BölümDublaj19.10.202554 dk. - https://diziyiizle2.com/dexter/2-sezon-1-bolum/
📺 Bölüm bulundu: 2. Sezon 2. BölümDublaj19.10.202556 dk. - https://diziyiizle2.com/dexter/2-sezon-2-bolum/
📺 Bölüm bulundu: 2. Sezon 3. BölümDublaj19.10.202553 dk. - https://diziyiizle2.com/dexter/2-sezon-3-bolum/
📺 Bölüm bulundu: 2. Sezon 4. BölümDublaj19.10.202553 dk. - https://diziyiizle2.com/dexter/2-sezon-4-bolum/
📺 Bölüm bulundu: 2. Sezon 5. BölümDublaj19.10.202556 dk. - https://diziyiizle2.com/dexter/2-sezon-5-bolum/
📺 Bölüm bulundu: 2. Sezon 6. BölümDublaj19.10.202554 dk. - https://diziyiizle2.com/dexter/2-sezon-6-bolum/
📺 Bölüm bulundu: 2. Sezon 7. BölümDublaj19.10.202556 dk. - https://diziyiizle2.com/dexter/2-sezon-7-bolum/
📺 Bölüm bulundu: 2. Sezon 8. BölümDublaj19.10.202550 dk. - https://diziyiizle2.com/dexter/2-sezon-8-bolum/
📺 Bölüm bulundu: 2. Sezon 9. BölümDublaj19.10.202551 dk. - https://diziyiizle2.com/dexter/2-sezon-9-bolum/
📺 Bölüm bulundu: 2. Sezon 10. BölümDublaj19.10.202556 dk. - https://diziyiizle2.com/dexter/2-sezon-10-bolum/
📺 Bölüm bulundu: 2. Sezon 11. BölümDublaj19.10.202552 dk. - https://diziyiizle2.com/dexter/2-sezon-11-bolum/
📺 Bölüm bulundu: 2. Sezon 12. BölümDublaj19.10.202552 dk. - https://diziyiizle2.com/dexter/2-sezon-12-bolum/
📺 Bölüm bulundu: 3. Sezon 1. BölümDublaj19.10.202558 dk. - https://diziyiizle2.com/dexter/3-sezon-1-bolum/
📺 Bölüm bulundu: 3. Sezon 2. BölümDublaj19.10.202550 dk. - https://diziyiizle2.com/dexter/3-sezon-2-bolum/
📺 Bölüm bulundu: 3. Sezon 3. BölümDublaj19.10.202550 dk. - https://diziyiizle2.com/dexter/3-sezon-3-bolum/
📺 Bölüm bulundu: 3. Sezon 4. BölümDublaj19.10.202555 dk. - https://diziyiizle2.com/dexter/3-sezon-4-bolum/
📺 Bölüm bulundu: 3. Sezon 5. BölümDublaj19.10.202549 dk. - https://diziyiizle2.com/dexter/3-sezon-5-bolum/
📺 Bölüm bulundu: 3. Sezon 6. BölümDublaj19.10.202555 dk. - https://diziyiizle2.com/dexter/3-sezon-6-bolum/
📺 Bölüm bulundu: 3. Sezon 7. BölümDublaj19.10.202558 dk. - https://diziyiizle2.com/dexter/3-sezon-7-bolum/
📺 Bölüm bulundu: 3. Sezon 8. BölümDublaj19.10.202555 dk. - https://diziyiizle2.com/dexter/3-sezon-8-bolum/
📺 Bölüm bulundu: 3. Sezon 9. BölümDublaj19.10.202552 dk. - https://diziyiizle2.com/dexter/3-sezon-9-bolum/
📺 Bölüm bulundu: 3. Sezon 10. BölümDublaj19.10.202551 dk. - https://diziyiizle2.com/dexter/3-sezon-10-bolum/
📺 Bölüm bulundu: 3. Sezon 11. BölümDublaj19.10.202551 dk. - https://diziyiizle2.com/dexter/3-sezon-11-bolum/
📺 Bölüm bulundu: 3. Sezon 12. BölümDublaj19.10.202552 dk. - https://diziyiizle2.com/dexter/3-sezon-12-bolum/
📺 Bölüm bulundu: 4. Sezon 1. BölümDublaj19.10.202554 dk. - https://diziyiizle2.com/dexter/4-sezon-1-bolum/
📺 Bölüm bulundu: 4. Sezon 2. BölümDublaj19.10.202550 dk. - https://diziyiizle2.com/dexter/4-sezon-2-bolum/
📺 Bölüm bulundu: 4. Sezon 3. BölümDublaj19.10.202552 dk. - https://diziyiizle2.com/dexter/4-sezon-3-bolum/
📺 Bölüm bulundu: 4. Sezon 4. BölümDublaj19.10.202555 dk. - https://diziyiizle2.com/dexter/4-sezon-4-bolum/
📺 Bölüm bulundu: 4. Sezon 5. BölümDublaj19.10.202550 dk. - https://diziyiizle2.com/dexter/4-sezon-5-bolum/
📺 Bölüm bulundu: 4. Sezon 6. BölümDublaj19.10.202556 dk. - https://diziyiizle2.com/dexter/4-sezon-6-bolum/
📺 Bölüm bulundu: 4. Sezon 7. BölümDublaj19.10.202553 dk. - https://diziyiizle2.com/dexter/4-sezon-7-bolum/
📺 Bölüm bulundu: 4. Sezon 8. BölümDublaj19.10.202555 dk. - https://diziyiizle2.com/dexter/4-sezon-8-bolum/
📺 Bölüm bulundu: 4. Sezon 9. BölümDublaj19.10.202552 dk. - https://diziyiizle2.com/dexter/4-sezon-9-bolum/
📺 Bölüm bulundu: 4. Sezon 10. BölümDublaj19.10.202557 dk. - https://diziyiizle2.com/dexter/4-sezon-10-bolum/
📺 Bölüm bulundu: 4. Sezon 11. BölümDublaj19.10.202552 dk. - https://diziyiizle2.com/dexter/4-sezon-11-bolum/
📺 Bölüm bulundu: 4. Sezon 12. BölümDublaj19.10.202552 dk. - https://diziyiizle2.com/dexter/4-sezon-12-bolum/
📺 Bölüm bulundu: 5. Sezon 1. BölümDublaj19.10.202555 dk. - https://diziyiizle2.com/dexter/5-sezon-1-bolum/
📺 Bölüm bulundu: 5. Sezon 2. BölümDublaj19.10.202550 dk. - https://diziyiizle2.com/dexter/5-sezon-2-bolum/
📺 Bölüm bulundu: 5. Sezon 3. BölümDublaj19.10.202549 dk. - https://diziyiizle2.com/dexter/5-sezon-3-bolum/
📺 Bölüm bulundu: 5. Sezon 4. BölümDublaj19.10.202551 dk. - https://diziyiizle2.com/dexter/5-sezon-4-bolum/
📺 Bölüm bulundu: 5. Sezon 5. BölümDublaj19.10.202551 dk. - https://diziyiizle2.com/dexter/5-sezon-5-bolum/
📺 Bölüm bulundu: 5. Sezon 6. BölümDublaj19.10.202551 dk. - https://diziyiizle2.com/dexter/5-sezon-6-bolum/
📺 Bölüm bulundu: 5. Sezon 7. BölümDublaj19.10.202549 dk. - https://diziyiizle2.com/dexter/5-sezon-7-bolum/
📺 Bölüm bulundu: 5. Sezon 8. BölümDublaj19.10.202553 dk. - https://diziyiizle2.com/dexter/5-sezon-8-bolum/
📺 Bölüm bulundu: 5. Sezon 9. BölümDublaj19.10.202555 dk. - https://diziyiizle2.com/dexter/5-sezon-9-bolum/
📺 Bölüm bulundu: 5. Sezon 10. BölümDublaj19.10.202554 dk. - https://diziyiizle2.com/dexter/5-sezon-10-bolum/
📺 Bölüm bulundu: 5. Sezon 11. BölümDublaj19.10.202548 dk. - https://diziyiizle2.com/dexter/5-sezon-11-bolum/
📺 Bölüm bulundu: 5. Sezon 12. BölümDublaj19.10.202556 dk. - https://diziyiizle2.com/dexter/5-sezon-12-bolum/
📺 Bölüm bulundu: 6. Sezon 1. BölümDublaj19.10.202554 dk. - https://diziyiizle2.com/dexter/6-sezon-1-bolum/
📺 Bölüm bulundu: 6. Sezon 2. BölümDublaj19.10.202554 dk. - https://diziyiizle2.com/dexter/6-sezon-2-bolum/
📺 Bölüm bulundu: 6. Sezon 3. BölümDublaj19.10.202551 dk. - https://diziyiizle2.com/dexter/6-sezon-3-bolum/
📺 Bölüm bulundu: 6. Sezon 4. BölümDublaj19.10.202553 dk. - https://diziyiizle2.com/dexter/6-sezon-4-bolum/
📺 Bölüm bulundu: 6. Sezon 5. BölümDublaj19.10.202552 dk. - https://diziyiizle2.com/dexter/6-sezon-5-bolum/
📺 Bölüm bulundu: 6. Sezon 6. BölümDublaj19.10.202555 dk. - https://diziyiizle2.com/dexter/6-sezon-6-bolum/
📺 Bölüm bulundu: 6. Sezon 7. BölümDublaj19.10.202552 dk. - https://diziyiizle2.com/dexter/6-sezon-7-bolum/
📺 Bölüm bulundu: 6. Sezon 8. BölümDublaj19.10.202553 dk. - https://diziyiizle2.com/dexter/6-sezon-8-bolum/
📺 Bölüm bulundu: 6. Sezon 9. BölümDublaj19.10.202551 dk. - https://diziyiizle2.com/dexter/6-sezon-9-bolum/
📺 Bölüm bulundu: 6. Sezon 10. BölümDublaj19.10.202550 dk. - https://diziyiizle2.com/dexter/6-sezon-10-bolum/
📺 Bölüm bulundu: 6. Sezon 11. BölümDublaj19.10.202548 dk. - https://diziyiizle2.com/dexter/6-sezon-11-bolum/
📺 Bölüm bulundu: 6. Sezon 12. BölümDublaj19.10.202552 dk. - https://diziyiizle2.com/dexter/6-sezon-12-bolum/
📺 Bölüm bulundu: 7. Sezon 1. BölümDublaj19.10.202556 dk. - https://diziyiizle2.com/dexter/7-sezon-1-bolum/
📺 Bölüm bulundu: 7. Sezon 2. BölümDublaj19.10.202559 dk. - https://diziyiizle2.com/dexter/7-sezon-2-bolum/
📺 Bölüm bulundu: 7. Sezon 3. BölümDublaj19.10.202557 dk. - https://diziyiizle2.com/dexter/7-sezon-3-bolum/
📺 Bölüm bulundu: 7. Sezon 4. BölümDublaj19.10.202554 dk. - https://diziyiizle2.com/dexter/7-sezon-4-bolum/
📺 Bölüm bulundu: 7. Sezon 5. BölümDublaj19.10.202558 dk. - https://diziyiizle2.com/dexter/7-sezon-5-bolum/
📺 Bölüm bulundu: 7. Sezon 6. BölümDublaj19.10.202555 dk. - https://diziyiizle2.com/dexter/7-sezon-6-bolum/
📺 Bölüm bulundu: 7. Sezon 7. BölümDublaj19.10.202554 dk. - https://diziyiizle2.com/dexter/7-sezon-7-bolum/
📺 Bölüm bulundu: 7. Sezon 8. BölümDublaj19.10.202558 dk. - https://diziyiizle2.com/dexter/7-sezon-8-bolum/
📺 Bölüm bulundu: 7. Sezon 9. BölümDublaj19.10.202557 dk. - https://diziyiizle2.com/dexter/7-sezon-9-bolum/
📺 Bölüm bulundu: 7. Sezon 10. BölümDublaj19.10.202554 dk. - https://diziyiizle2.com/dexter/7-sezon-10-bolum/
📺 Bölüm bulundu: 7. Sezon 11. BölümDublaj19.10.202558 dk. - https://diziyiizle2.com/dexter/7-sezon-11-bolum/
📺 Bölüm bulundu: 7. Sezon 12. BölümDublaj19.10.202556 dk. - https://diziyiizle2.com/dexter/7-sezon-12-bolum/
📺 Bölüm bulundu: 8. Sezon 1. BölümDublaj19.10.202553 dk. - https://diziyiizle2.com/dexter/8-sezon-1-bolum/
📺 Bölüm bulundu: 8. Sezon 2. BölümDublaj19.10.202558 dk. - https://diziyiizle2.com/dexter/8-sezon-2-bolum/
📺 Bölüm bulundu: 8. Sezon 3. BölümDublaj19.10.202549 dk. - https://diziyiizle2.com/dexter/8-sezon-3-bolum/
📺 Bölüm bulundu: 8. Sezon 4. BölümDublaj19.10.202550 dk. - https://diziyiizle2.com/dexter/8-sezon-4-bolum/
📺 Bölüm bulundu: 8. Sezon 5. BölümDublaj19.10.202548 dk. - https://diziyiizle2.com/dexter/8-sezon-5-bolum/
📺 Bölüm bulundu: 8. Sezon 6. BölümDublaj19.10.202556 dk. - https://diziyiizle2.com/dexter/8-sezon-6-bolum/
📺 Bölüm bulundu: 8. Sezon 7. BölümDublaj19.10.202553 dk. - https://diziyiizle2.com/dexter/8-sezon-7-bolum/
📺 Bölüm bulundu: 8. Sezon 8. BölümDublaj19.10.202553 dk. - https://diziyiizle2.com/dexter/8-sezon-8-bolum/
📺 Bölüm bulundu: 8. Sezon 9. BölümDublaj19.10.202556 dk. - https://diziyiizle2.com/dexter/8-sezon-9-bolum/
📺 Bölüm bulundu: 8. Sezon 10. BölümDublaj19.10.202553 dk. - https://diziyiizle2.com/dexter/8-sezon-10-bolum/
📺 Bölüm bulundu: 8. Sezon 11. BölümDublaj19.10.202553 dk. - https://diziyiizle2.com/dexter/8-sezon-11-bolum/
📺 Bölüm bulundu: 8. Sezon 12. BölümDublaj19.10.202557 dk. - https://diziyiizle2.com/dexter/8-sezon-12-bolum/

📊 Toplam 96 bölüm bulundu
   🔍 [1/96] Bölüm: https://diziyiizle2.com/dexter/1-sezon-1-bolum/
📺 Embed URL bulundu: https://vidlax.xyz/embed/d8057513a2c5377e
🔍 Embed URL kontrol ediliyor: https://vidlax.xyz/embed/d8057513a2c5377e
📄 Embed sayfa içeriği alındı, boyut: 39704 karakter
🎬 Video Başlığı: Dexter
📝 Video Açıklaması: 1.Sezon 1.Bölüm
🎯 Tam Başlık: Dexter - 1.Sezon 1.Bölüm
🎯 HEX DECODE - m3u8 bulundu: https://vidlax.xyz/upload/fa063e9c6f3d23505c3ad2debf841f1f59ae/master.m3u8
      ✅ Dexter - 1.Sezon 1.Bölüm - 1 m3u8
   🔍 [2/96] Bölüm: https://diziyiizle2.com/dexter/1-sezon-2-bolum/
📺 Embed URL bulundu: https://vidlax.xyz/embed/cc6c5a08762c193a
🔍 Embed URL kontrol ediliyor: https://vidlax.xyz/embed/cc6c5a08762c193a
📄 Embed sayfa içeriği alındı, boyut: 39704 karakter
🎬 Video Başlığı: Dexter
📝 Video Açıklaması: 1.Sezon 2.Bölüm
🎯 Tam Başlık: Dexter - 1.Sezon 2.Bölüm
🎯 HEX DECODE - m3u8 bulundu: https://vidlax.xyz/upload/c2e2d2a2121e105d76d57843bdf48a4c9033/master.m3u8
      ✅ Dexter - 1.Sezon 2.Bölüm - 1 m3u8
   🔍 [3/96] Bölüm: https://diziyiizle2.com/dexter/1-sezon-3-bolum/
📺 Embed URL bulundu: https://vidlax.xyz/embed/31b843054c745fa5
🔍 Embed URL kontrol ediliyor: https://vidlax.xyz/embed/31b843054c745fa5
📄 Embed sayfa içeriği alındı, boyut: 39704 karakter
🎬 Video Başlığı: Dexter
📝 Video Açıklaması: 1.Sezon 3.Bölüm
🎯 Tam Başlık: Dexter - 1.Sezon 3.Bölüm
🎯 HEX DECODE - m3u8 bulundu: https://vidlax.xyz/upload/aefb4f3339fa92cb32c24cb8e0e2ae6de9ac/master.m3u8
      ✅ Dexter - 1.Sezon 3.Bölüm - 1 m3u8
   🔍 [4/96] Bölüm: https://diziyiizle2.com/dexter/1-sezon-4-bolum/
📺 Embed URL bulundu: https://vidlax.xyz/embed/068618189a0ad683
🔍 Embed URL kontrol ediliyor: https://vidlax.xyz/embed/068618189a0ad683
📄 Embed sayfa içeriği alındı, boyut: 39704 karakter
🎬 Video Başlığı: Dexter
📝 Video Açıklaması: 1.Sezon 4.Bölüm
🎯 Tam Başlık: Dexter - 1.Sezon 4.Bölüm
🎯 HEX DECODE - m3u8 bulundu: https://vidlax.xyz/upload/e3b34d336d029967f0c7c71e400f37e1ad8d/master.m3u8
      ✅ Dexter - 1.Sezon 4.Bölüm - 1 m3u8
   🔍 [5/96] Bölüm: https://diziyiizle2.com/dexter/1-sezon-5-bolum/
📺 Embed URL bulundu: https://vidlax.xyz/embed/7318716e476e5794
🔍 Embed URL kontrol ediliyor: https://vidlax.xyz/embed/7318716e476e5794
📄 Embed sayfa içeriği alındı, boyut: 39704 karakter
🎬 Video Başlığı: Dexter
📝 Video Açıklaması: 1.Sezon 5.Bölüm
🎯 Tam Başlık: Dexter - 1.Sezon 5.Bölüm
🎯 HEX DECODE - m3u8 bulundu: https://vidlax.xyz/upload/3add0f36aaf2e77231b836e688447f16e262/master.m3u8
      ✅ Dexter - 1.Sezon 5.Bölüm - 1 m3u8
   🔍 [6/96] Bölüm: https://diziyiizle2.com/dexter/1-sezon-6-bolum/
📺 Embed URL bulundu: https://vidlax.xyz/embed/caf2f71e0d24e585
🔍 Embed URL kontrol ediliyor: https://vidlax.xyz/embed/caf2f71e0d24e585
📄 Embed sayfa içeriği alındı, boyut: 39704 karakter
🎬 Video Başlığı: Dexter
📝 Video Açıklaması: 1.Sezon 6.Bölüm
🎯 Tam Başlık: Dexter - 1.Sezon 6.Bölüm
🎯 HEX DECODE - m3u8 bulundu: https://vidlax.xyz/upload/a7e28175dca2ec05aa10e5e475259a9a55ec/master.m3u8
      ✅ Dexter - 1.Sezon 6.Bölüm - 1 m3u8
   🔍 [7/96] Bölüm: https://diziyiizle2.com/dexter/1-sezon-7-bolum/
📺 Embed URL bulundu: https://vidlax.xyz/embed/2d5134aac9a0a5ae
🔍 Embed URL kontrol ediliyor: https://vidlax.xyz/embed/2d5134aac9a0a5ae
📄 Embed sayfa içeriği alındı, boyut: 39704 karakter
🎬 Video Başlığı: Dexter
📝 Video Açıklaması: 1.Sezon 7.Bölüm
🎯 Tam Başlık: Dexter - 1.Sezon 7.Bölüm
🎯 HEX DECODE - m3u8 bulundu: https://vidlax.xyz/upload/5ca6dedcf6140c9a9696d86af8147924655e/master.m3u8
      ✅ Dexter - 1.Sezon 7.Bölüm - 1 m3u8
   🔍 [8/96] Bölüm: https://diziyiizle2.com/dexter/1-sezon-8-bolum/
📺 Embed URL bulundu: https://vidlax.xyz/embed/8485f1e8c37c82fa
🔍 Embed URL kontrol ediliyor: https://vidlax.xyz/embed/8485f1e8c37c82fa
📄 Embed sayfa içeriği alındı, boyut: 39704 karakter
🎬 Video Başlığı: Dexter
📝 Video Açıklaması: 1.Sezon 8.Bölüm
🎯 Tam Başlık: Dexter - 1.Sezon 8.Bölüm
🎯 HEX DECODE - m3u8 bulundu: https://vidlax.xyz/upload/8e445a5cac1ecfcafd2356fe159e2bb196d8/master.m3u8
      ✅ Dexter - 1.Sezon 8.Bölüm - 1 m3u8
   🔍 [9/96] Bölüm: https://diziyiizle2.com/dexter/1-sezon-9-bolum/
📺 Embed URL bulundu: https://vidlax.xyz/embed/9fec026d66662e5e
🔍 Embed URL kontrol ediliyor: https://vidlax.xyz/embed/9fec026d66662e5e
📄 Embed sayfa içeriği alındı, boyut: 39704 karakter
🎬 Video Başlığı: Dexter
📝 Video Açıklaması: 1.Sezon 9.Bölüm
🎯 Tam Başlık: Dexter - 1.Sezon 9.Bölüm
🎯 HEX DECODE - m3u8 bulundu: https://vidlax.xyz/upload/f186e6099926835714b27eef890789f2a459/master.m3u8
      ✅ Dexter - 1.Sezon 9.Bölüm - 1 m3u8
   🔍 [10/96] Bölüm: https://diziyiizle2.com/dexter/1-sezon-10-bolum/
📺 Embed URL bulundu: https://vidlax.xyz/embed/fbdf67ac1f70cde3
🔍 Embed URL kontrol ediliyor: https://vidlax.xyz/embed/fbdf67ac1f70cde3
📄 Embed sayfa içeriği alındı, boyut: 39705 karakter
🎬 Video Başlığı: Dexter
📝 Video Açıklaması: 1.Sezon 10.Bölüm
🎯 Tam Başlık: Dexter - 1.Sezon 10.Bölüm
🎯 HEX DECODE - m3u8 bulundu: https://vidlax.xyz/upload/8f4099b6ccf61515acff3bb27c2edc7f70a5/master.m3u8
      ✅ Dexter - 1.Sezon 10.Bölüm - 1 m3u8
   🔍 [11/96] Bölüm: https://diziyiizle2.com/dexter/1-sezon-11-bolum/
📺 Embed URL bulundu: https://vidlax.xyz/embed/94420201386341b0
🔍 Embed URL kontrol ediliyor: https://vidlax.xyz/embed/94420201386341b0
📄 Embed sayfa içeriği alındı, boyut: 39705 karakter
🎬 Video Başlığı: Dexter
📝 Video Açıklaması: 1.Sezon 11.Bölüm
🎯 Tam Başlık: Dexter - 1.Sezon 11.Bölüm
🎯 HEX DECODE - m3u8 bulundu: https://vidlax.xyz/upload/9c5e06ff05e8b875bbf8dd84468b94ac7150/master.m3u8
      ✅ Dexter - 1.Sezon 11.Bölüm - 1 m3u8
   🔍 [12/96] Bölüm: https://diziyiizle2.com/dexter/1-sezon-12-bolum/
📺 Embed URL bulundu: https://vidlax.xyz/embed/070c9116bc2789e7
🔍 Embed URL kontrol ediliyor: https://vidlax.xyz/embed/070c9116bc2789e7
📄 Embed sayfa içeriği alındı, boyut: 39705 karakter
🎬 Video Başlığı: Dexter
📝 Video Açıklaması: 1.Sezon 12.Bölüm
🎯 Tam Başlık: Dexter - 1.Sezon 12.Bölüm
🎯 HEX DECODE - m3u8 bulundu: https://vidlax.xyz/upload/50ac7687af68cea64039d184ac252b7a9011/master.m3u8
      ✅ Dexter - 1.Sezon 12.Bölüm - 1 m3u8
   🔍 [13/96] Bölüm: https://diziyiizle2.com/dexter/2-sezon-1-bolum/
📺 Embed URL bulundu: https://vidlax.xyz/embed/dbd0dc19b1b66bee
🔍 Embed URL kontrol ediliyor: https://vidlax.xyz/embed/dbd0dc19b1b66bee
📄 Embed sayfa içeriği alındı, boyut: 39704 karakter
🎬 Video Başlığı: Dexter
📝 Video Açıklaması: 2.Sezon 1.Bölüm
🎯 Tam Başlık: Dexter - 2.Sezon 1.Bölüm
🎯 HEX DECODE - m3u8 bulundu: https://vidlax.xyz/upload/13e614c663f3b9fe48c6dc734c1a38f75434/master.m3u8
      ✅ Dexter - 2.Sezon 1.Bölüm - 1 m3u8
   🔍 [14/96] Bölüm: https://diziyiizle2.com/dexter/2-sezon-2-bolum/
📺 Embed URL bulundu: https://vidlax.xyz/embed/f7f087309a8649d9
🔍 Embed URL kontrol ediliyor: https://vidlax.xyz/embed/f7f087309a8649d9
📄 Embed sayfa içeriği alındı, boyut: 39704 karakter
🎬 Video Başlığı: Dexter
📝 Video Açıklaması: 2.Sezon 2.Bölüm
🎯 Tam Başlık: Dexter - 2.Sezon 2.Bölüm
🎯 HEX DECODE - m3u8 bulundu: https://vidlax.xyz/upload/3421ccebd7fe33706da9529c3cb1455e5a13/master.m3u8
      ✅ Dexter - 2.Sezon 2.Bölüm - 1 m3u8
   🔍 [15/96] Bölüm: https://diziyiizle2.com/dexter/2-sezon-3-bolum/
📺 Embed URL bulundu: https://vidlax.xyz/embed/cedf2a9b77b3cab2
🔍 Embed URL kontrol ediliyor: https://vidlax.xyz/embed/cedf2a9b77b3cab2
📄 Embed sayfa içeriği alındı, boyut: 39704 karakter
🎬 Video Başlığı: Dexter
📝 Video Açıklaması: 2.Sezon 3.Bölüm
🎯 Tam Başlık: Dexter - 2.Sezon 3.Bölüm
🎯 HEX DECODE - m3u8 bulundu: https://vidlax.xyz/upload/3b3f3835832faadd3280e078e7fe6902d0c8/master.m3u8
      ✅ Dexter - 2.Sezon 3.Bölüm - 1 m3u8
   🔍 [16/96] Bölüm: https://diziyiizle2.com/dexter/2-sezon-4-bolum/
📺 Embed URL bulundu: https://vidlax.xyz/embed/e8598a7e03a6f7db
🔍 Embed URL kontrol ediliyor: https://vidlax.xyz/embed/e8598a7e03a6f7db
📄 Embed sayfa içeriği alındı, boyut: 39704 karakter
🎬 Video Başlığı: Dexter
📝 Video Açıklaması: 2.Sezon 4.Bölüm
🎯 Tam Başlık: Dexter - 2.Sezon 4.Bölüm
🎯 HEX DECODE - m3u8 bulundu: https://vidlax.xyz/upload/1541f9739b4d7966d9c94b8c39199a8ee820/master.m3u8
      ✅ Dexter - 2.Sezon 4.Bölüm - 1 m3u8
   🔍 [17/96] Bölüm: https://diziyiizle2.com/dexter/2-sezon-5-bolum/
📺 Embed URL bulundu: https://vidlax.xyz/embed/9c30fb15bd560c9f
🔍 Embed URL kontrol ediliyor: https://vidlax.xyz/embed/9c30fb15bd560c9f
📄 Embed sayfa içeriği alındı, boyut: 39704 karakter
🎬 Video Başlığı: Dexter
📝 Video Açıklaması: 2.Sezon 5.Bölüm
🎯 Tam Başlık: Dexter - 2.Sezon 5.Bölüm
🎯 HEX DECODE - m3u8 bulundu: https://vidlax.xyz/upload/159ed43e5d78095e101db01e404e7325f980/master.m3u8
      ✅ Dexter - 2.Sezon 5.Bölüm - 1 m3u8
   🔍 [18/96] Bölüm: https://diziyiizle2.com/dexter/2-sezon-6-bolum/
📺 Embed URL bulundu: https://vidlax.xyz/embed/11a64dccf10101e9
🔍 Embed URL kontrol ediliyor: https://vidlax.xyz/embed/11a64dccf10101e9
📄 Embed sayfa içeriği alındı, boyut: 39704 karakter
🎬 Video Başlığı: Dexter
📝 Video Açıklaması: 2.Sezon 6.Bölüm
🎯 Tam Başlık: Dexter - 2.Sezon 6.Bölüm
🎯 HEX DECODE - m3u8 bulundu: https://vidlax.xyz/upload/64ec05820cec7ed1c58e4872f04b869b7762/master.m3u8
      ✅ Dexter - 2.Sezon 6.Bölüm - 1 m3u8
   🔍 [19/96] Bölüm: https://diziyiizle2.com/dexter/2-sezon-7-bolum/
📺 Embed URL bulundu: https://vidlax.xyz/embed/dbb7961b18690046
🔍 Embed URL kontrol ediliyor: https://vidlax.xyz/embed/dbb7961b18690046
📄 Embed sayfa içeriği alındı, boyut: 39704 karakter
🎬 Video Başlığı: Dexter
📝 Video Açıklaması: 2.Sezon 7.Bölüm
🎯 Tam Başlık: Dexter - 2.Sezon 7.Bölüm
🎯 HEX DECODE - m3u8 bulundu: https://vidlax.xyz/upload/60ea165066bc141dd9a96caf39551a1844ca/master.m3u8
      ✅ Dexter - 2.Sezon 7.Bölüm - 1 m3u8
   🔍 [20/96] Bölüm: https://diziyiizle2.com/dexter/2-sezon-8-bolum/
📺 Embed URL bulundu: https://vidlax.xyz/embed/c1a665bf1602fa37
🔍 Embed URL kontrol ediliyor: https://vidlax.xyz/embed/c1a665bf1602fa37
📄 Embed sayfa içeriği alındı, boyut: 39704 karakter
🎬 Video Başlığı: Dexter
📝 Video Açıklaması: 2.Sezon 8.Bölüm
🎯 Tam Başlık: Dexter - 2.Sezon 8.Bölüm
🎯 HEX DECODE - m3u8 bulundu: https://vidlax.xyz/upload/f329e3b3d8b01e06f89aa60f4c982bbb5154/master.m3u8
      ✅ Dexter - 2.Sezon 8.Bölüm - 1 m3u8
   🔍 [21/96] Bölüm: https://diziyiizle2.com/dexter/2-sezon-9-bolum/
📺 Embed URL bulundu: https://vidlax.xyz/embed/5b7fd2f9e383024a
🔍 Embed URL kontrol ediliyor: https://vidlax.xyz/embed/5b7fd2f9e383024a
📄 Embed sayfa içeriği alındı, boyut: 39704 karakter
🎬 Video Başlığı: Dexter
📝 Video Açıklaması: 2.Sezon 9.Bölüm
🎯 Tam Başlık: Dexter - 2.Sezon 9.Bölüm
🎯 HEX DECODE - m3u8 bulundu: https://vidlax.xyz/upload/051b064ea8c9a0386687af799e62d25f1d40/master.m3u8
      ✅ Dexter - 2.Sezon 9.Bölüm - 1 m3u8
   🔍 [22/96] Bölüm: https://diziyiizle2.com/dexter/2-sezon-10-bolum/
📺 Embed URL bulundu: https://vidlax.xyz/embed/28903118bbf56b1f
🔍 Embed URL kontrol ediliyor: https://vidlax.xyz/embed/28903118bbf56b1f
📄 Embed sayfa içeriği alındı, boyut: 39705 karakter
🎬 Video Başlığı: Dexter
📝 Video Açıklaması: 2.Sezon 10.Bölüm
🎯 Tam Başlık: Dexter - 2.Sezon 10.Bölüm
🎯 HEX DECODE - m3u8 bulundu: https://vidlax.xyz/upload/7a08c21757fea7b70dac2408fa0cb51f69ba/master.m3u8
      ✅ Dexter - 2.Sezon 10.Bölüm - 1 m3u8
   🔍 [23/96] Bölüm: https://diziyiizle2.com/dexter/2-sezon-11-bolum/
📺 Embed URL bulundu: https://vidlax.xyz/embed/c42b583efbbb9b36
🔍 Embed URL kontrol ediliyor: https://vidlax.xyz/embed/c42b583efbbb9b36
📄 Embed sayfa içeriği alındı, boyut: 39705 karakter
🎬 Video Başlığı: Dexter
📝 Video Açıklaması: 2.Sezon 11.Bölüm
🎯 Tam Başlık: Dexter - 2.Sezon 11.Bölüm
🎯 HEX DECODE - m3u8 bulundu: https://vidlax.xyz/upload/9568d9d087edc7227307764c8ef08ccaf566/master.m3u8
      ✅ Dexter - 2.Sezon 11.Bölüm - 1 m3u8
   🔍 [24/96] Bölüm: https://diziyiizle2.com/dexter/2-sezon-12-bolum/
📺 Embed URL bulundu: https://vidlax.xyz/embed/80347602b3557f01
🔍 Embed URL kontrol ediliyor: https://vidlax.xyz/embed/80347602b3557f01
📄 Embed sayfa içeriği alındı, boyut: 39705 karakter
🎬 Video Başlığı: Dexter
📝 Video Açıklaması: 2.Sezon 12.Bölüm
🎯 Tam Başlık: Dexter - 2.Sezon 12.Bölüm
🎯 HEX DECODE - m3u8 bulundu: https://vidlax.xyz/upload/90e0b2c0e86248c9d340df244dca2d319604/master.m3u8
      ✅ Dexter - 2.Sezon 12.Bölüm - 1 m3u8
   🔍 [25/96] Bölüm: https://diziyiizle2.com/dexter/3-sezon-1-bolum/
📺 Embed URL bulundu: https://vidlax.xyz/embed/cb86d2b992b2ff2f
🔍 Embed URL kontrol ediliyor: https://vidlax.xyz/embed/cb86d2b992b2ff2f
📄 Embed sayfa içeriği alındı, boyut: 39704 karakter
🎬 Video Başlığı: Dexter
📝 Video Açıklaması: 3.Sezon 1.Bölüm
🎯 Tam Başlık: Dexter - 3.Sezon 1.Bölüm
🎯 HEX DECODE - m3u8 bulundu: https://vidlax.xyz/upload/139abdd9d8a17acfa40ca43de7a0c762563a/master.m3u8
      ✅ Dexter - 3.Sezon 1.Bölüm - 1 m3u8
   🔍 [26/96] Bölüm: https://diziyiizle2.com/dexter/3-sezon-2-bolum/
📺 Embed URL bulundu: https://vidlax.xyz/embed/e4403e15cb77da67
🔍 Embed URL kontrol ediliyor: https://vidlax.xyz/embed/e4403e15cb77da67
📄 Embed sayfa içeriği alındı, boyut: 39704 karakter
🎬 Video Başlığı: Dexter
📝 Video Açıklaması: 3.Sezon 2.Bölüm
🎯 Tam Başlık: Dexter - 3.Sezon 2.Bölüm
🎯 HEX DECODE - m3u8 bulundu: https://vidlax.xyz/upload/db2ed7b9414e793c3d77f1e015599e6e1f01/master.m3u8
      ✅ Dexter - 3.Sezon 2.Bölüm - 1 m3u8
   🔍 [27/96] Bölüm: https://diziyiizle2.com/dexter/3-sezon-3-bolum/
📺 Embed URL bulundu: https://vidlax.xyz/embed/50f58df88b58d2a2
🔍 Embed URL kontrol ediliyor: https://vidlax.xyz/embed/50f58df88b58d2a2
📄 Embed sayfa içeriği alındı, boyut: 39704 karakter
🎬 Video Başlığı: Dexter
📝 Video Açıklaması: 3.Sezon 3.Bölüm
🎯 Tam Başlık: Dexter - 3.Sezon 3.Bölüm
🎯 HEX DECODE - m3u8 bulundu: https://vidlax.xyz/upload/c0b813b1c3f5e994dafdb10b32c28c483685/master.m3u8
      ✅ Dexter - 3.Sezon 3.Bölüm - 1 m3u8
   🔍 [28/96] Bölüm: https://diziyiizle2.com/dexter/3-sezon-4-bolum/
📺 Embed URL bulundu: https://vidlax.xyz/embed/7f71d31755137d4f
🔍 Embed URL kontrol ediliyor: https://vidlax.xyz/embed/7f71d31755137d4f
📄 Embed sayfa içeriği alındı, boyut: 39704 karakter
🎬 Video Başlığı: Dexter
📝 Video Açıklaması: 3.Sezon 4.Bölüm
🎯 Tam Başlık: Dexter - 3.Sezon 4.Bölüm
🎯 HEX DECODE - m3u8 bulundu: https://vidlax.xyz/upload/9622784cebc80d2212117a782eb3399fe48e/master.m3u8
      ✅ Dexter - 3.Sezon 4.Bölüm - 1 m3u8
   🔍 [29/96] Bölüm: https://diziyiizle2.com/dexter/3-sezon-5-bolum/
📺 Embed URL bulundu: https://vidlax.xyz/embed/a3a928501245e5ca
🔍 Embed URL kontrol ediliyor: https://vidlax.xyz/embed/a3a928501245e5ca
📄 Embed sayfa içeriği alındı, boyut: 39704 karakter
🎬 Video Başlığı: Dexter
📝 Video Açıklaması: 3.Sezon 5.Bölüm
🎯 Tam Başlık: Dexter - 3.Sezon 5.Bölüm
🎯 HEX DECODE - m3u8 bulundu: https://vidlax.xyz/upload/f66db9d14fdb368497ddc4800a9c91e19df4/master.m3u8
      ✅ Dexter - 3.Sezon 5.Bölüm - 1 m3u8
   🔍 [30/96] Bölüm: https://diziyiizle2.com/dexter/3-sezon-6-bolum/
📺 Embed URL bulundu: https://vidlax.xyz/embed/71b46cb2c8172a66
🔍 Embed URL kontrol ediliyor: https://vidlax.xyz/embed/71b46cb2c8172a66
📄 Embed sayfa içeriği alındı, boyut: 39704 karakter
🎬 Video Başlığı: Dexter
📝 Video Açıklaması: 3.Sezon 6.Bölüm
🎯 Tam Başlık: Dexter - 3.Sezon 6.Bölüm
🎯 HEX DECODE - m3u8 bulundu: https://vidlax.xyz/upload/8ae950b8c9cfcbc8a7b7e353d956c7a7deb3/master.m3u8
      ✅ Dexter - 3.Sezon 6.Bölüm - 1 m3u8
   🔍 [31/96] Bölüm: https://diziyiizle2.com/dexter/3-sezon-7-bolum/
📺 Embed URL bulundu: https://vidlax.xyz/embed/10faa2433ae9ba10
🔍 Embed URL kontrol ediliyor: https://vidlax.xyz/embed/10faa2433ae9ba10
📄 Embed sayfa içeriği alındı, boyut: 39704 karakter
🎬 Video Başlığı: Dexter
📝 Video Açıklaması: 3.Sezon 7.Bölüm
🎯 Tam Başlık: Dexter - 3.Sezon 7.Bölüm
🎯 HEX DECODE - m3u8 bulundu: https://vidlax.xyz/upload/d1e9448eeabbb78c2bb46088498ee824d65f/master.m3u8
      ✅ Dexter - 3.Sezon 7.Bölüm - 1 m3u8
   🔍 [32/96] Bölüm: https://diziyiizle2.com/dexter/3-sezon-8-bolum/
📺 Embed URL bulundu: https://vidlax.xyz/embed/237b2c4fdbd138ce
🔍 Embed URL kontrol ediliyor: https://vidlax.xyz/embed/237b2c4fdbd138ce
📄 Embed sayfa içeriği alındı, boyut: 39704 karakter
🎬 Video Başlığı: Dexter
📝 Video Açıklaması: 3.Sezon 8.Bölüm
🎯 Tam Başlık: Dexter - 3.Sezon 8.Bölüm
🎯 HEX DECODE - m3u8 bulundu: https://vidlax.xyz/upload/6dca6e24252ba2b6b5b7ce699601fc325bc1/master.m3u8
      ✅ Dexter - 3.Sezon 8.Bölüm - 1 m3u8
   🔍 [33/96] Bölüm: https://diziyiizle2.com/dexter/3-sezon-9-bolum/
📺 Embed URL bulundu: https://vidlax.xyz/embed/ab28a5cda71a2d68
🔍 Embed URL kontrol ediliyor: https://vidlax.xyz/embed/ab28a5cda71a2d68
📄 Embed sayfa içeriği alındı, boyut: 39704 karakter
🎬 Video Başlığı: Dexter
📝 Video Açıklaması: 3.Sezon 9.Bölüm
🎯 Tam Başlık: Dexter - 3.Sezon 9.Bölüm
🎯 HEX DECODE - m3u8 bulundu: https://vidlax.xyz/upload/d14f09f69058b5ca2d948b4e6898804cfd24/master.m3u8
      ✅ Dexter - 3.Sezon 9.Bölüm - 1 m3u8
   🔍 [34/96] Bölüm: https://diziyiizle2.com/dexter/3-sezon-10-bolum/
📺 Embed URL bulundu: https://vidlax.xyz/embed/2eab85931a50dc7a
🔍 Embed URL kontrol ediliyor: https://vidlax.xyz/embed/2eab85931a50dc7a
📄 Embed sayfa içeriği alındı, boyut: 39705 karakter
🎬 Video Başlığı: Dexter
📝 Video Açıklaması: 3.Sezon 10.Bölüm
🎯 Tam Başlık: Dexter - 3.Sezon 10.Bölüm
🎯 HEX DECODE - m3u8 bulundu: https://vidlax.xyz/upload/7d025c270f72b8acd4a9031298de358c0d09/master.m3u8
      ✅ Dexter - 3.Sezon 10.Bölüm - 1 m3u8
   🔍 [35/96] Bölüm: https://diziyiizle2.com/dexter/3-sezon-11-bolum/
📺 Embed URL bulundu: https://vidlax.xyz/embed/efb40dadaf1d5488
🔍 Embed URL kontrol ediliyor: https://vidlax.xyz/embed/efb40dadaf1d5488
📄 Embed sayfa içeriği alındı, boyut: 39705 karakter
🎬 Video Başlığı: Dexter
📝 Video Açıklaması: 3.Sezon 11.Bölüm
🎯 Tam Başlık: Dexter - 3.Sezon 11.Bölüm
🎯 HEX DECODE - m3u8 bulundu: https://vidlax.xyz/upload/63c372828c9e079fba07f236c7243acea69a/master.m3u8
      ✅ Dexter - 3.Sezon 11.Bölüm - 1 m3u8
   🔍 [36/96] Bölüm: https://diziyiizle2.com/dexter/3-sezon-12-bolum/
📺 Embed URL bulundu: https://vidlax.xyz/embed/a5aa3f19550461dc
🔍 Embed URL kontrol ediliyor: https://vidlax.xyz/embed/a5aa3f19550461dc
📄 Embed sayfa içeriği alındı, boyut: 39705 karakter
🎬 Video Başlığı: Dexter
📝 Video Açıklaması: 3.Sezon 12.Bölüm
🎯 Tam Başlık: Dexter - 3.Sezon 12.Bölüm
🎯 HEX DECODE - m3u8 bulundu: https://vidlax.xyz/upload/85bb31987bff692c530e6d331eb02dbea1a8/master.m3u8
      ✅ Dexter - 3.Sezon 12.Bölüm - 1 m3u8
   🔍 [37/96] Bölüm: https://diziyiizle2.com/dexter/4-sezon-1-bolum/
📺 Embed URL bulundu: https://vidlax.xyz/embed/967637fb0ec00b91
🔍 Embed URL kontrol ediliyor: https://vidlax.xyz/embed/967637fb0ec00b91
📄 Embed sayfa içeriği alındı, boyut: 39704 karakter
🎬 Video Başlığı: Dexter
📝 Video Açıklaması: 4.Sezon 1.Bölüm
🎯 Tam Başlık: Dexter - 4.Sezon 1.Bölüm
🎯 HEX DECODE - m3u8 bulundu: https://vidlax.xyz/upload/33e66d6e8f137fddbf85f467bf37e477681e/master.m3u8
      ✅ Dexter - 4.Sezon 1.Bölüm - 1 m3u8
   🔍 [38/96] Bölüm: https://diziyiizle2.com/dexter/4-sezon-2-bolum/
📺 Embed URL bulundu: https://vidlax.xyz/embed/9ec2b56b918469d4
🔍 Embed URL kontrol ediliyor: https://vidlax.xyz/embed/9ec2b56b918469d4
📄 Embed sayfa içeriği alındı, boyut: 39704 karakter
🎬 Video Başlığı: Dexter
📝 Video Açıklaması: 4.Sezon 2.Bölüm
🎯 Tam Başlık: Dexter - 4.Sezon 2.Bölüm
🎯 HEX DECODE - m3u8 bulundu: https://vidlax.xyz/upload/c29c37e0a85070ead432640020c8722b80d2/master.m3u8
      ✅ Dexter - 4.Sezon 2.Bölüm - 1 m3u8
   🔍 [39/96] Bölüm: https://diziyiizle2.com/dexter/4-sezon-3-bolum/
📺 Embed URL bulundu: https://vidlax.xyz/embed/373d9d047155c2e9
🔍 Embed URL kontrol ediliyor: https://vidlax.xyz/embed/373d9d047155c2e9
📄 Embed sayfa içeriği alındı, boyut: 39704 karakter
🎬 Video Başlığı: Dexter
📝 Video Açıklaması: 4.Sezon 3.Bölüm
🎯 Tam Başlık: Dexter - 4.Sezon 3.Bölüm
🎯 HEX DECODE - m3u8 bulundu: https://vidlax.xyz/upload/972a42fb68a03ca14beb737abf1afa6bad15/master.m3u8
      ✅ Dexter - 4.Sezon 3.Bölüm - 1 m3u8
   🔍 [40/96] Bölüm: https://diziyiizle2.com/dexter/4-sezon-4-bolum/
📺 Embed URL bulundu: https://vidlax.xyz/embed/fd0cf7f977ba7a7f
🔍 Embed URL kontrol ediliyor: https://vidlax.xyz/embed/fd0cf7f977ba7a7f
📄 Embed sayfa içeriği alındı, boyut: 39704 karakter
🎬 Video Başlığı: Dexter
📝 Video Açıklaması: 4.Sezon 4.Bölüm
🎯 Tam Başlık: Dexter - 4.Sezon 4.Bölüm
🎯 HEX DECODE - m3u8 bulundu: https://vidlax.xyz/upload/9cf00279f3625d5e2f97aed59352d13f5d80/master.m3u8
      ✅ Dexter - 4.Sezon 4.Bölüm - 1 m3u8
   🔍 [41/96] Bölüm: https://diziyiizle2.com/dexter/4-sezon-5-bolum/
📺 Embed URL bulundu: https://vidlax.xyz/embed/31cbbf14ecf5a0d4
🔍 Embed URL kontrol ediliyor: https://vidlax.xyz/embed/31cbbf14ecf5a0d4
📄 Embed sayfa içeriği alındı, boyut: 39704 karakter
🎬 Video Başlığı: Dexter
📝 Video Açıklaması: 4.Sezon 5.Bölüm
🎯 Tam Başlık: Dexter - 4.Sezon 5.Bölüm
🎯 HEX DECODE - m3u8 bulundu: https://vidlax.xyz/upload/d39b0b0a445352071de67ef6765dfe22e893/master.m3u8
      ✅ Dexter - 4.Sezon 5.Bölüm - 1 m3u8
   🔍 [42/96] Bölüm: https://diziyiizle2.com/dexter/4-sezon-6-bolum/
📺 Embed URL bulundu: https://vidlax.xyz/embed/b56269703cdec603
🔍 Embed URL kontrol ediliyor: https://vidlax.xyz/embed/b56269703cdec603
📄 Embed sayfa içeriği alındı, boyut: 39704 karakter
🎬 Video Başlığı: Dexter
📝 Video Açıklaması: 4.Sezon 6.Bölüm
🎯 Tam Başlık: Dexter - 4.Sezon 6.Bölüm
🎯 HEX DECODE - m3u8 bulundu: https://vidlax.xyz/upload/af6e20da61c560df567d4cc439bd9e1b4290/master.m3u8
      ✅ Dexter - 4.Sezon 6.Bölüm - 1 m3u8
   🔍 [43/96] Bölüm: https://diziyiizle2.com/dexter/4-sezon-7-bolum/
📺 Embed URL bulundu: https://vidlax.xyz/embed/46686ee8976fa6a0
🔍 Embed URL kontrol ediliyor: https://vidlax.xyz/embed/46686ee8976fa6a0
📄 Embed sayfa içeriği alındı, boyut: 39704 karakter
🎬 Video Başlığı: Dexter
📝 Video Açıklaması: 4.Sezon 7.Bölüm
🎯 Tam Başlık: Dexter - 4.Sezon 7.Bölüm
🎯 HEX DECODE - m3u8 bulundu: https://vidlax.xyz/upload/b7f8157fced74781d7aab2c373b9c762bcd4/master.m3u8
      ✅ Dexter - 4.Sezon 7.Bölüm - 1 m3u8
   🔍 [44/96] Bölüm: https://diziyiizle2.com/dexter/4-sezon-8-bolum/
📺 Embed URL bulundu: https://vidlax.xyz/embed/faf1ff770481dbb1
🔍 Embed URL kontrol ediliyor: https://vidlax.xyz/embed/faf1ff770481dbb1
📄 Embed sayfa içeriği alındı, boyut: 39704 karakter
🎬 Video Başlığı: Dexter
📝 Video Açıklaması: 4.Sezon 8.Bölüm
🎯 Tam Başlık: Dexter - 4.Sezon 8.Bölüm
🎯 HEX DECODE - m3u8 bulundu: https://vidlax.xyz/upload/72c029b7a8188c313ca5e2671f63a2dbd2bc/master.m3u8
      ✅ Dexter - 4.Sezon 8.Bölüm - 1 m3u8
   🔍 [45/96] Bölüm: https://diziyiizle2.com/dexter/4-sezon-9-bolum/
📺 Embed URL bulundu: https://vidlax.xyz/embed/72a923ff9cb073cd
🔍 Embed URL kontrol ediliyor: https://vidlax.xyz/embed/72a923ff9cb073cd
📄 Embed sayfa içeriği alındı, boyut: 39704 karakter
🎬 Video Başlığı: Dexter
📝 Video Açıklaması: 4.Sezon 9.Bölüm
🎯 Tam Başlık: Dexter - 4.Sezon 9.Bölüm
🎯 HEX DECODE - m3u8 bulundu: https://vidlax.xyz/upload/17918108853513c676369e39e962834dc7c5/master.m3u8
      ✅ Dexter - 4.Sezon 9.Bölüm - 1 m3u8
   🔍 [46/96] Bölüm: https://diziyiizle2.com/dexter/4-sezon-10-bolum/
📺 Embed URL bulundu: https://vidlax.xyz/embed/f6250ab2520fb10b
🔍 Embed URL kontrol ediliyor: https://vidlax.xyz/embed/f6250ab2520fb10b
📄 Embed sayfa içeriği alındı, boyut: 39705 karakter
🎬 Video Başlığı: Dexter
📝 Video Açıklaması: 4.Sezon 10.Bölüm
🎯 Tam Başlık: Dexter - 4.Sezon 10.Bölüm
🎯 HEX DECODE - m3u8 bulundu: https://vidlax.xyz/upload/8010e46817a221936513d33283f0b0cb40d0/master.m3u8
      ✅ Dexter - 4.Sezon 10.Bölüm - 1 m3u8
   🔍 [47/96] Bölüm: https://diziyiizle2.com/dexter/4-sezon-11-bolum/
📺 Embed URL bulundu: https://vidlax.xyz/embed/789e08f77efbcf6b
🔍 Embed URL kontrol ediliyor: https://vidlax.xyz/embed/789e08f77efbcf6b
📄 Embed sayfa içeriği alındı, boyut: 39705 karakter
🎬 Video Başlığı: Dexter
📝 Video Açıklaması: 4.Sezon 11.Bölüm
🎯 Tam Başlık: Dexter - 4.Sezon 11.Bölüm
🎯 HEX DECODE - m3u8 bulundu: https://vidlax.xyz/upload/6b9497e4e5eb984425dccc85e8e0f7f38bff/master.m3u8
      ✅ Dexter - 4.Sezon 11.Bölüm - 1 m3u8
   🔍 [48/96] Bölüm: https://diziyiizle2.com/dexter/4-sezon-12-bolum/
📺 Embed URL bulundu: https://vidlax.xyz/embed/9dcb45ed5aaf3d79
🔍 Embed URL kontrol ediliyor: https://vidlax.xyz/embed/9dcb45ed5aaf3d79
📄 Embed sayfa içeriği alındı, boyut: 39705 karakter
🎬 Video Başlığı: Dexter
📝 Video Açıklaması: 4.Sezon 12.Bölüm
🎯 Tam Başlık: Dexter - 4.Sezon 12.Bölüm
🎯 HEX DECODE - m3u8 bulundu: https://vidlax.xyz/upload/847346b0c7696b81c7900d631d728ade6525/master.m3u8
      ✅ Dexter - 4.Sezon 12.Bölüm - 1 m3u8
   🔍 [49/96] Bölüm: https://diziyiizle2.com/dexter/5-sezon-1-bolum/
📺 Embed URL bulundu: https://vidlax.xyz/embed/dd677c2eb98a402f
🔍 Embed URL kontrol ediliyor: https://vidlax.xyz/embed/dd677c2eb98a402f
📄 Embed sayfa içeriği alındı, boyut: 39704 karakter
🎬 Video Başlığı: Dexter
📝 Video Açıklaması: 5.Sezon 1.Bölüm
🎯 Tam Başlık: Dexter - 5.Sezon 1.Bölüm
🎯 HEX DECODE - m3u8 bulundu: https://vidlax.xyz/upload/359a4f56c5bc3416eccee0ea61123e5cf3e4/master.m3u8
      ✅ Dexter - 5.Sezon 1.Bölüm - 1 m3u8
   🔍 [50/96] Bölüm: https://diziyiizle2.com/dexter/5-sezon-2-bolum/
📺 Embed URL bulundu: https://vidlax.xyz/embed/c081117cde6265f0
🔍 Embed URL kontrol ediliyor: https://vidlax.xyz/embed/c081117cde6265f0
📄 Embed sayfa içeriği alındı, boyut: 39704 karakter
🎬 Video Başlığı: Dexter
📝 Video Açıklaması: 5.Sezon 2.Bölüm
🎯 Tam Başlık: Dexter - 5.Sezon 2.Bölüm
🎯 HEX DECODE - m3u8 bulundu: https://vidlax.xyz/upload/be34d67819e32c0b1a32bfd5694ad11641a4/master.m3u8
      ✅ Dexter - 5.Sezon 2.Bölüm - 1 m3u8
   🔍 [51/96] Bölüm: https://diziyiizle2.com/dexter/5-sezon-3-bolum/
📺 Embed URL bulundu: https://vidlax.xyz/embed/4b39965dbd795649
🔍 Embed URL kontrol ediliyor: https://vidlax.xyz/embed/4b39965dbd795649
📄 Embed sayfa içeriği alındı, boyut: 39704 karakter
🎬 Video Başlığı: Dexter
📝 Video Açıklaması: 5.Sezon 3.Bölüm
🎯 Tam Başlık: Dexter - 5.Sezon 3.Bölüm
🎯 HEX DECODE - m3u8 bulundu: https://vidlax.xyz/upload/2929e564e15ed698daedad9d8cad1b73922a/master.m3u8
      ✅ Dexter - 5.Sezon 3.Bölüm - 1 m3u8
   🔍 [52/96] Bölüm: https://diziyiizle2.com/dexter/5-sezon-4-bolum/
📺 Embed URL bulundu: https://vidlax.xyz/embed/d5c99acee9a0bd67
🔍 Embed URL kontrol ediliyor: https://vidlax.xyz/embed/d5c99acee9a0bd67
📄 Embed sayfa içeriği alındı, boyut: 39704 karakter
🎬 Video Başlığı: Dexter
📝 Video Açıklaması: 5.Sezon 4.Bölüm
🎯 Tam Başlık: Dexter - 5.Sezon 4.Bölüm
🎯 HEX DECODE - m3u8 bulundu: https://vidlax.xyz/upload/6f0aeb32239e2e8ea9d5af3bab7550d6367b/master.m3u8
      ✅ Dexter - 5.Sezon 4.Bölüm - 1 m3u8
   🔍 [53/96] Bölüm: https://diziyiizle2.com/dexter/5-sezon-5-bolum/
📺 Embed URL bulundu: https://vidlax.xyz/embed/7ed2d85be67039fa
🔍 Embed URL kontrol ediliyor: https://vidlax.xyz/embed/7ed2d85be67039fa
📄 Embed sayfa içeriği alındı, boyut: 39704 karakter
🎬 Video Başlığı: Dexter
📝 Video Açıklaması: 5.Sezon 5.Bölüm
🎯 Tam Başlık: Dexter - 5.Sezon 5.Bölüm
🎯 HEX DECODE - m3u8 bulundu: https://vidlax.xyz/upload/02cee60688e6823f711fe6cde0ee1c50f96a/master.m3u8
      ✅ Dexter - 5.Sezon 5.Bölüm - 1 m3u8
   🔍 [54/96] Bölüm: https://diziyiizle2.com/dexter/5-sezon-6-bolum/
📺 Embed URL bulundu: https://vidlax.xyz/embed/9510dde007ecb23c
🔍 Embed URL kontrol ediliyor: https://vidlax.xyz/embed/9510dde007ecb23c
📄 Embed sayfa içeriği alındı, boyut: 39704 karakter
🎬 Video Başlığı: Dexter
📝 Video Açıklaması: 5.Sezon 6.Bölüm
🎯 Tam Başlık: Dexter - 5.Sezon 6.Bölüm
🎯 HEX DECODE - m3u8 bulundu: https://vidlax.xyz/upload/485ed4ca15637d3c604aee8e79c5f81e86fc/master.m3u8
      ✅ Dexter - 5.Sezon 6.Bölüm - 1 m3u8
   🔍 [55/96] Bölüm: https://diziyiizle2.com/dexter/5-sezon-7-bolum/
📺 Embed URL bulundu: https://vidlax.xyz/embed/558fc85d2326e695
🔍 Embed URL kontrol ediliyor: https://vidlax.xyz/embed/558fc85d2326e695
📄 Embed sayfa içeriği alındı, boyut: 39704 karakter
🎬 Video Başlığı: Dexter
📝 Video Açıklaması: 5.Sezon 7.Bölüm
🎯 Tam Başlık: Dexter - 5.Sezon 7.Bölüm
🎯 HEX DECODE - m3u8 bulundu: https://vidlax.xyz/upload/82cf7144adad94bebeee8574ae91406cbc6e/master.m3u8
      ✅ Dexter - 5.Sezon 7.Bölüm - 1 m3u8
   🔍 [56/96] Bölüm: https://diziyiizle2.com/dexter/5-sezon-8-bolum/
📺 Embed URL bulundu: https://vidlax.xyz/embed/97b70491ba008cfe
🔍 Embed URL kontrol ediliyor: https://vidlax.xyz/embed/97b70491ba008cfe
📄 Embed sayfa içeriği alındı, boyut: 39704 karakter
🎬 Video Başlığı: Dexter
📝 Video Açıklaması: 5.Sezon 8.Bölüm
🎯 Tam Başlık: Dexter - 5.Sezon 8.Bölüm
🎯 HEX DECODE - m3u8 bulundu: https://vidlax.xyz/upload/6bc74e0473e40efcb9f9557dbc90e9766365/master.m3u8
      ✅ Dexter - 5.Sezon 8.Bölüm - 1 m3u8
   🔍 [57/96] Bölüm: https://diziyiizle2.com/dexter/5-sezon-9-bolum/
📺 Embed URL bulundu: https://vidlax.xyz/embed/865c70e1259f87cf
🔍 Embed URL kontrol ediliyor: https://vidlax.xyz/embed/865c70e1259f87cf
📄 Embed sayfa içeriği alındı, boyut: 39704 karakter
🎬 Video Başlığı: Dexter
📝 Video Açıklaması: 5.Sezon 9.Bölüm
🎯 Tam Başlık: Dexter - 5.Sezon 9.Bölüm
🎯 HEX DECODE - m3u8 bulundu: https://vidlax.xyz/upload/d098c5c50226c93228ba9062853c14ace840/master.m3u8
      ✅ Dexter - 5.Sezon 9.Bölüm - 1 m3u8
   🔍 [58/96] Bölüm: https://diziyiizle2.com/dexter/5-sezon-10-bolum/
📺 Embed URL bulundu: https://vidlax.xyz/embed/110eed9d73016373
🔍 Embed URL kontrol ediliyor: https://vidlax.xyz/embed/110eed9d73016373
📄 Embed sayfa içeriği alındı, boyut: 39705 karakter
🎬 Video Başlığı: Dexter
📝 Video Açıklaması: 5.Sezon 10.Bölüm
🎯 Tam Başlık: Dexter - 5.Sezon 10.Bölüm
🎯 HEX DECODE - m3u8 bulundu: https://vidlax.xyz/upload/924f57359f4dc9db5d621757c9271146d3e4/master.m3u8
      ✅ Dexter - 5.Sezon 10.Bölüm - 1 m3u8
   🔍 [59/96] Bölüm: https://diziyiizle2.com/dexter/5-sezon-11-bolum/
📺 Embed URL bulundu: https://vidlax.xyz/embed/ee3510fe88acae60
🔍 Embed URL kontrol ediliyor: https://vidlax.xyz/embed/ee3510fe88acae60
📄 Embed sayfa içeriği alındı, boyut: 39705 karakter
🎬 Video Başlığı: Dexter
📝 Video Açıklaması: 5.Sezon 11.Bölüm
🎯 Tam Başlık: Dexter - 5.Sezon 11.Bölüm
🎯 HEX DECODE - m3u8 bulundu: https://vidlax.xyz/upload/09a2a326978105046d4d8af6fef828c09187/master.m3u8
      ✅ Dexter - 5.Sezon 11.Bölüm - 1 m3u8
   🔍 [60/96] Bölüm: https://diziyiizle2.com/dexter/5-sezon-12-bolum/
📺 Embed URL bulundu: https://vidlax.xyz/embed/79ccd5cd778dc618
🔍 Embed URL kontrol ediliyor: https://vidlax.xyz/embed/79ccd5cd778dc618
📄 Embed sayfa içeriği alındı, boyut: 39705 karakter
🎬 Video Başlığı: Dexter
📝 Video Açıklaması: 5.Sezon 12.Bölüm
🎯 Tam Başlık: Dexter - 5.Sezon 12.Bölüm
🎯 HEX DECODE - m3u8 bulundu: https://vidlax.xyz/upload/074117d6153b6d89caea90053d2b2edcb653/master.m3u8
      ✅ Dexter - 5.Sezon 12.Bölüm - 1 m3u8
   🔍 [61/96] Bölüm: https://diziyiizle2.com/dexter/6-sezon-1-bolum/
📺 Embed URL bulundu: https://vidlax.xyz/embed/a33c8ec93f2a3a0d
🔍 Embed URL kontrol ediliyor: https://vidlax.xyz/embed/a33c8ec93f2a3a0d
📄 Embed sayfa içeriği alındı, boyut: 39704 karakter
🎬 Video Başlığı: Dexter
📝 Video Açıklaması: 6.Sezon 1.Bölüm
🎯 Tam Başlık: Dexter - 6.Sezon 1.Bölüm
🎯 HEX DECODE - m3u8 bulundu: https://vidlax.xyz/upload/5455dcf22346b1e236f809d08d42c2848b63/master.m3u8
      ✅ Dexter - 6.Sezon 1.Bölüm - 1 m3u8
   🔍 [62/96] Bölüm: https://diziyiizle2.com/dexter/6-sezon-2-bolum/
📺 Embed URL bulundu: https://vidlax.xyz/embed/0aa159a6e6f473ef
🔍 Embed URL kontrol ediliyor: https://vidlax.xyz/embed/0aa159a6e6f473ef
📄 Embed sayfa içeriği alındı, boyut: 39704 karakter
🎬 Video Başlığı: Dexter
📝 Video Açıklaması: 6.Sezon 2.Bölüm
🎯 Tam Başlık: Dexter - 6.Sezon 2.Bölüm
🎯 HEX DECODE - m3u8 bulundu: https://vidlax.xyz/upload/930d0788f08003fa6eb47e766dfdad765329/master.m3u8
      ✅ Dexter - 6.Sezon 2.Bölüm - 1 m3u8
   🔍 [63/96] Bölüm: https://diziyiizle2.com/dexter/6-sezon-3-bolum/
📺 Embed URL bulundu: https://vidlax.xyz/embed/bf2d0718e7fd0503
🔍 Embed URL kontrol ediliyor: https://vidlax.xyz/embed/bf2d0718e7fd0503
📄 Embed sayfa içeriği alındı, boyut: 39704 karakter
🎬 Video Başlığı: Dexter
📝 Video Açıklaması: 6.Sezon 3.Bölüm
🎯 Tam Başlık: Dexter - 6.Sezon 3.Bölüm
🎯 HEX DECODE - m3u8 bulundu: https://vidlax.xyz/upload/ec0247dff3804282ad83c9ad60fda0da2704/master.m3u8
      ✅ Dexter - 6.Sezon 3.Bölüm - 1 m3u8
   🔍 [64/96] Bölüm: https://diziyiizle2.com/dexter/6-sezon-4-bolum/
📺 Embed URL bulundu: https://vidlax.xyz/embed/36d9b747cf36e2f8
🔍 Embed URL kontrol ediliyor: https://vidlax.xyz/embed/36d9b747cf36e2f8
📄 Embed sayfa içeriği alındı, boyut: 39704 karakter
🎬 Video Başlığı: Dexter
📝 Video Açıklaması: 6.Sezon 4.Bölüm
🎯 Tam Başlık: Dexter - 6.Sezon 4.Bölüm
🎯 HEX DECODE - m3u8 bulundu: https://vidlax.xyz/upload/8009475ba9e1a9a79484e23d6ab199cbe2a7/master.m3u8
      ✅ Dexter - 6.Sezon 4.Bölüm - 1 m3u8
   🔍 [65/96] Bölüm: https://diziyiizle2.com/dexter/6-sezon-5-bolum/
📺 Embed URL bulundu: https://vidlax.xyz/embed/f9a6ad35a91537a4
🔍 Embed URL kontrol ediliyor: https://vidlax.xyz/embed/f9a6ad35a91537a4
📄 Embed sayfa içeriği alındı, boyut: 39704 karakter
🎬 Video Başlığı: Dexter
📝 Video Açıklaması: 6.Sezon 5.Bölüm
🎯 Tam Başlık: Dexter - 6.Sezon 5.Bölüm
🎯 HEX DECODE - m3u8 bulundu: https://vidlax.xyz/upload/2b3f1bf56d4fc3592acb175e964b3cc8d71b/master.m3u8
      ✅ Dexter - 6.Sezon 5.Bölüm - 1 m3u8
   🔍 [66/96] Bölüm: https://diziyiizle2.com/dexter/6-sezon-6-bolum/
📺 Embed URL bulundu: https://vidlax.xyz/embed/e25238e04b6ff3af
🔍 Embed URL kontrol ediliyor: https://vidlax.xyz/embed/e25238e04b6ff3af
📄 Embed sayfa içeriği alındı, boyut: 39704 karakter
🎬 Video Başlığı: Dexter
📝 Video Açıklaması: 6.Sezon 6.Bölüm
🎯 Tam Başlık: Dexter - 6.Sezon 6.Bölüm
🎯 HEX DECODE - m3u8 bulundu: https://vidlax.xyz/upload/afa8e093c2a220f8e8a8f24af376a83f9749/master.m3u8
      ✅ Dexter - 6.Sezon 6.Bölüm - 1 m3u8
   🔍 [67/96] Bölüm: https://diziyiizle2.com/dexter/6-sezon-7-bolum/
📺 Embed URL bulundu: https://vidlax.xyz/embed/9ed1168b92f70895
🔍 Embed URL kontrol ediliyor: https://vidlax.xyz/embed/9ed1168b92f70895
📄 Embed sayfa içeriği alındı, boyut: 39704 karakter
🎬 Video Başlığı: Dexter
📝 Video Açıklaması: 6.Sezon 7.Bölüm
🎯 Tam Başlık: Dexter - 6.Sezon 7.Bölüm
🎯 HEX DECODE - m3u8 bulundu: https://vidlax.xyz/upload/e425dc5e4877738e2d2885f138e949dc80ea/master.m3u8
      ✅ Dexter - 6.Sezon 7.Bölüm - 1 m3u8
   🔍 [68/96] Bölüm: https://diziyiizle2.com/dexter/6-sezon-8-bolum/

🔍 Vidlax direkt analizi: https://diziyiizle2.com/dexter/6-sezon-8-bolum/
📄 Sayfa içeriği alındı: 148243 karakter
🎬 Video Başlığı: Bilinmiyor
📝 Video Açıklaması: En g\u00fcncel yabanc\u0131 diziler ve filmler HD kalitede, T\u00fcrk\u00e7e altyaz\u0131 ve dublaj se\u00e7enekleriyle. Pop\u00fcler yap\u0131mlar\u0131 reklams\u0131z izlemeye hemen ba\u015fla.
❌ m3u8 URL'si bulunamadı
      ❌ m3u8 bulunamadı
   🔍 [69/96] Bölüm: https://diziyiizle2.com/dexter/6-sezon-9-bolum/
📺 Embed URL bulundu: https://vidlax.xyz/embed/8acd0185231cfb08
🔍 Embed URL kontrol ediliyor: https://vidlax.xyz/embed/8acd0185231cfb08
📄 Embed sayfa içeriği alındı, boyut: 39704 karakter
🎬 Video Başlığı: Dexter
📝 Video Açıklaması: 6.Sezon 9.Bölüm
🎯 Tam Başlık: Dexter - 6.Sezon 9.Bölüm
🎯 HEX DECODE - m3u8 bulundu: https://vidlax.xyz/upload/ccdbe04a81939f99d69962ee1637b5daa37b/master.m3u8
      ✅ Dexter - 6.Sezon 9.Bölüm - 1 m3u8
   🔍 [70/96] Bölüm: https://diziyiizle2.com/dexter/6-sezon-10-bolum/
📺 Embed URL bulundu: https://vidlax.xyz/embed/bd5c16c0101cbbbc
🔍 Embed URL kontrol ediliyor: https://vidlax.xyz/embed/bd5c16c0101cbbbc
📄 Embed sayfa içeriği alındı, boyut: 39705 karakter
🎬 Video Başlığı: Dexter
📝 Video Açıklaması: 6.Sezon 10.Bölüm
🎯 Tam Başlık: Dexter - 6.Sezon 10.Bölüm
🎯 HEX DECODE - m3u8 bulundu: https://vidlax.xyz/upload/2b959bad51b65e7022616852cba4bcf5b3c7/master.m3u8
      ✅ Dexter - 6.Sezon 10.Bölüm - 1 m3u8
   🔍 [71/96] Bölüm: https://diziyiizle2.com/dexter/6-sezon-11-bolum/
📺 Embed URL bulundu: https://vidlax.xyz/embed/d276454a75c32df2
🔍 Embed URL kontrol ediliyor: https://vidlax.xyz/embed/d276454a75c32df2
📄 Embed sayfa içeriği alındı, boyut: 39705 karakter
🎬 Video Başlığı: Dexter
📝 Video Açıklaması: 6.Sezon 11.Bölüm
🎯 Tam Başlık: Dexter - 6.Sezon 11.Bölüm
🎯 HEX DECODE - m3u8 bulundu: https://vidlax.xyz/upload/e0c231054264d299388154b6c921fcfca2a0/master.m3u8
      ✅ Dexter - 6.Sezon 11.Bölüm - 1 m3u8
   🔍 [72/96] Bölüm: https://diziyiizle2.com/dexter/6-sezon-12-bolum/
📺 Embed URL bulundu: https://vidlax.xyz/embed/9d04ec0ad6ada0fd
🔍 Embed URL kontrol ediliyor: https://vidlax.xyz/embed/9d04ec0ad6ada0fd
📄 Embed sayfa içeriği alındı, boyut: 39705 karakter
🎬 Video Başlığı: Dexter
📝 Video Açıklaması: 6.Sezon 12.Bölüm
🎯 Tam Başlık: Dexter - 6.Sezon 12.Bölüm
🎯 HEX DECODE - m3u8 bulundu: https://vidlax.xyz/upload/d541b18514c5134565fcfdaf96687ffca036/master.m3u8
      ✅ Dexter - 6.Sezon 12.Bölüm - 1 m3u8
   🔍 [73/96] Bölüm: https://diziyiizle2.com/dexter/7-sezon-1-bolum/
📺 Embed URL bulundu: https://vidlax.xyz/embed/edd8fca8ef50be26
🔍 Embed URL kontrol ediliyor: https://vidlax.xyz/embed/edd8fca8ef50be26
📄 Embed sayfa içeriği alındı, boyut: 39704 karakter
🎬 Video Başlığı: Dexter
📝 Video Açıklaması: 7.Sezon 1.Bölüm
🎯 Tam Başlık: Dexter - 7.Sezon 1.Bölüm
🎯 HEX DECODE - m3u8 bulundu: https://vidlax.xyz/upload/4246ffbaf931892c8cd39cf4f633533a5853/master.m3u8
      ✅ Dexter - 7.Sezon 1.Bölüm - 1 m3u8
   🔍 [74/96] Bölüm: https://diziyiizle2.com/dexter/7-sezon-2-bolum/
📺 Embed URL bulundu: https://vidlax.xyz/embed/f531091be015491e
🔍 Embed URL kontrol ediliyor: https://vidlax.xyz/embed/f531091be015491e
📄 Embed sayfa içeriği alındı, boyut: 39704 karakter
🎬 Video Başlığı: Dexter
📝 Video Açıklaması: 7.Sezon 2.Bölüm
🎯 Tam Başlık: Dexter - 7.Sezon 2.Bölüm
🎯 HEX DECODE - m3u8 bulundu: https://vidlax.xyz/upload/cc5ebe0bae9ae637bfd12ac6088d391c4d64/master.m3u8
      ✅ Dexter - 7.Sezon 2.Bölüm - 1 m3u8
   🔍 [75/96] Bölüm: https://diziyiizle2.com/dexter/7-sezon-3-bolum/
📺 Embed URL bulundu: https://vidlax.xyz/embed/40aa0b68eabade2c
🔍 Embed URL kontrol ediliyor: https://vidlax.xyz/embed/40aa0b68eabade2c
📄 Embed sayfa içeriği alındı, boyut: 39704 karakter
🎬 Video Başlığı: Dexter
📝 Video Açıklaması: 7.Sezon 3.Bölüm
🎯 Tam Başlık: Dexter - 7.Sezon 3.Bölüm
🎯 HEX DECODE - m3u8 bulundu: https://vidlax.xyz/upload/aef4e325a062885cb376e7c4739a8aee0130/master.m3u8
      ✅ Dexter - 7.Sezon 3.Bölüm - 1 m3u8
   🔍 [76/96] Bölüm: https://diziyiizle2.com/dexter/7-sezon-4-bolum/
📺 Embed URL bulundu: https://vidlax.xyz/embed/1e92747a764e5e1a
🔍 Embed URL kontrol ediliyor: https://vidlax.xyz/embed/1e92747a764e5e1a
📄 Embed sayfa içeriği alındı, boyut: 39704 karakter
🎬 Video Başlığı: Dexter
📝 Video Açıklaması: 7.Sezon 4.Bölüm
🎯 Tam Başlık: Dexter - 7.Sezon 4.Bölüm
🎯 HEX DECODE - m3u8 bulundu: https://vidlax.xyz/upload/613b1ec41ca209b7372a2003d20080d8763d/master.m3u8
      ✅ Dexter - 7.Sezon 4.Bölüm - 1 m3u8
   🔍 [77/96] Bölüm: https://diziyiizle2.com/dexter/7-sezon-5-bolum/
📺 Embed URL bulundu: https://vidlax.xyz/embed/75d9570022492705
🔍 Embed URL kontrol ediliyor: https://vidlax.xyz/embed/75d9570022492705
📄 Embed sayfa içeriği alındı, boyut: 39704 karakter
🎬 Video Başlığı: Dexter
📝 Video Açıklaması: 7.Sezon 5.Bölüm
🎯 Tam Başlık: Dexter - 7.Sezon 5.Bölüm
🎯 HEX DECODE - m3u8 bulundu: https://vidlax.xyz/upload/5fd011db4c10971cc88749a7109299bfaeb8/master.m3u8
      ✅ Dexter - 7.Sezon 5.Bölüm - 1 m3u8
   🔍 [78/96] Bölüm: https://diziyiizle2.com/dexter/7-sezon-6-bolum/
📺 Embed URL bulundu: https://vidlax.xyz/embed/adf4fcbbb1368eb5
🔍 Embed URL kontrol ediliyor: https://vidlax.xyz/embed/adf4fcbbb1368eb5
📄 Embed sayfa içeriği alındı, boyut: 39704 karakter
🎬 Video Başlığı: Dexter
📝 Video Açıklaması: 7.Sezon 6.Bölüm
🎯 Tam Başlık: Dexter - 7.Sezon 6.Bölüm
🎯 HEX DECODE - m3u8 bulundu: https://vidlax.xyz/upload/59be7bcf9487463dfb34599c07c6edffe3a9/master.m3u8
      ✅ Dexter - 7.Sezon 6.Bölüm - 1 m3u8
   🔍 [79/96] Bölüm: https://diziyiizle2.com/dexter/7-sezon-7-bolum/
📺 Embed URL bulundu: https://vidlax.xyz/embed/ef8fa89c8290d17a
🔍 Embed URL kontrol ediliyor: https://vidlax.xyz/embed/ef8fa89c8290d17a
📄 Embed sayfa içeriği alındı, boyut: 39704 karakter
🎬 Video Başlığı: Dexter
📝 Video Açıklaması: 7.Sezon 7.Bölüm
🎯 Tam Başlık: Dexter - 7.Sezon 7.Bölüm
🎯 HEX DECODE - m3u8 bulundu: https://vidlax.xyz/upload/fc1e2d312857c42e246bb0a4a00a3d3f41c6/master.m3u8
      ✅ Dexter - 7.Sezon 7.Bölüm - 1 m3u8
   🔍 [80/96] Bölüm: https://diziyiizle2.com/dexter/7-sezon-8-bolum/
📺 Embed URL bulundu: https://vidlax.xyz/embed/924daf140eae36a0
🔍 Embed URL kontrol ediliyor: https://vidlax.xyz/embed/924daf140eae36a0
📄 Embed sayfa içeriği alındı, boyut: 39704 karakter
🎬 Video Başlığı: Dexter
📝 Video Açıklaması: 7.Sezon 8.Bölüm
🎯 Tam Başlık: Dexter - 7.Sezon 8.Bölüm
🎯 HEX DECODE - m3u8 bulundu: https://vidlax.xyz/upload/650466e0dcb8d43edcb34380d55aa2bf77d7/master.m3u8
      ✅ Dexter - 7.Sezon 8.Bölüm - 1 m3u8
   🔍 [81/96] Bölüm: https://diziyiizle2.com/dexter/7-sezon-9-bolum/
📺 Embed URL bulundu: https://vidlax.xyz/embed/eb3572bdb6ee415b
🔍 Embed URL kontrol ediliyor: https://vidlax.xyz/embed/eb3572bdb6ee415b
📄 Embed sayfa içeriği alındı, boyut: 39704 karakter
🎬 Video Başlığı: Dexter
📝 Video Açıklaması: 7.Sezon 9.Bölüm
🎯 Tam Başlık: Dexter - 7.Sezon 9.Bölüm
🎯 HEX DECODE - m3u8 bulundu: https://vidlax.xyz/upload/c47f9418ed90c6ac443b3218b93433f5e4db/master.m3u8
      ✅ Dexter - 7.Sezon 9.Bölüm - 1 m3u8
   🔍 [82/96] Bölüm: https://diziyiizle2.com/dexter/7-sezon-10-bolum/
📺 Embed URL bulundu: https://vidlax.xyz/embed/70d7e74bf0edf639
🔍 Embed URL kontrol ediliyor: https://vidlax.xyz/embed/70d7e74bf0edf639
📄 Embed sayfa içeriği alındı, boyut: 39705 karakter
🎬 Video Başlığı: Dexter
📝 Video Açıklaması: 7.Sezon 10.Bölüm
🎯 Tam Başlık: Dexter - 7.Sezon 10.Bölüm
🎯 HEX DECODE - m3u8 bulundu: https://vidlax.xyz/upload/23600486ab2dfa0c6afb068ec475a0a95a63/master.m3u8
      ✅ Dexter - 7.Sezon 10.Bölüm - 1 m3u8
   🔍 [83/96] Bölüm: https://diziyiizle2.com/dexter/7-sezon-11-bolum/
📺 Embed URL bulundu: https://vidlax.xyz/embed/fc944c0f05f7c583
🔍 Embed URL kontrol ediliyor: https://vidlax.xyz/embed/fc944c0f05f7c583
📄 Embed sayfa içeriği alındı, boyut: 39705 karakter
🎬 Video Başlığı: Dexter
📝 Video Açıklaması: 7.Sezon 11.Bölüm
🎯 Tam Başlık: Dexter - 7.Sezon 11.Bölüm
🎯 HEX DECODE - m3u8 bulundu: https://vidlax.xyz/upload/1a0c05f2958079ce7747ba4be243ad6cbf61/master.m3u8
      ✅ Dexter - 7.Sezon 11.Bölüm - 1 m3u8
   🔍 [84/96] Bölüm: https://diziyiizle2.com/dexter/7-sezon-12-bolum/
📺 Embed URL bulundu: https://vidlax.xyz/embed/add9f05c61c0d050
🔍 Embed URL kontrol ediliyor: https://vidlax.xyz/embed/add9f05c61c0d050
📄 Embed sayfa içeriği alındı, boyut: 39705 karakter
🎬 Video Başlığı: Dexter
📝 Video Açıklaması: 7.Sezon 12.Bölüm
🎯 Tam Başlık: Dexter - 7.Sezon 12.Bölüm
🎯 HEX DECODE - m3u8 bulundu: https://vidlax.xyz/upload/9468e8ba8ad14527c6b23c093c13f5afbef2/master.m3u8
      ✅ Dexter - 7.Sezon 12.Bölüm - 1 m3u8
   🔍 [85/96] Bölüm: https://diziyiizle2.com/dexter/8-sezon-1-bolum/
📺 Embed URL bulundu: https://vidlax.xyz/embed/a68a6399dc126f2e
🔍 Embed URL kontrol ediliyor: https://vidlax.xyz/embed/a68a6399dc126f2e
📄 Embed sayfa içeriği alındı, boyut: 39704 karakter
🎬 Video Başlığı: Dexter
📝 Video Açıklaması: 8.Sezon 1.Bölüm
🎯 Tam Başlık: Dexter - 8.Sezon 1.Bölüm
🎯 HEX DECODE - m3u8 bulundu: https://vidlax.xyz/upload/d3a0563a1b5d7a2f2650885f8f98b56c1849/master.m3u8
      ✅ Dexter - 8.Sezon 1.Bölüm - 1 m3u8
   🔍 [86/96] Bölüm: https://diziyiizle2.com/dexter/8-sezon-2-bolum/
📺 Embed URL bulundu: https://vidlax.xyz/embed/d3c0afc1cdddcc09
🔍 Embed URL kontrol ediliyor: https://vidlax.xyz/embed/d3c0afc1cdddcc09
📄 Embed sayfa içeriği alındı, boyut: 39704 karakter
🎬 Video Başlığı: Dexter
📝 Video Açıklaması: 8.Sezon 2.Bölüm
🎯 Tam Başlık: Dexter - 8.Sezon 2.Bölüm
🎯 HEX DECODE - m3u8 bulundu: https://vidlax.xyz/upload/4bcaad33e270c19806017316efeb0ebbd893/master.m3u8
      ✅ Dexter - 8.Sezon 2.Bölüm - 1 m3u8
   🔍 [87/96] Bölüm: https://diziyiizle2.com/dexter/8-sezon-3-bolum/
📺 Embed URL bulundu: https://vidlax.xyz/embed/fcb32dae78b25efc
🔍 Embed URL kontrol ediliyor: https://vidlax.xyz/embed/fcb32dae78b25efc
📄 Embed sayfa içeriği alındı, boyut: 39704 karakter
🎬 Video Başlığı: Dexter
📝 Video Açıklaması: 8.Sezon 3.Bölüm
🎯 Tam Başlık: Dexter - 8.Sezon 3.Bölüm
🎯 HEX DECODE - m3u8 bulundu: https://vidlax.xyz/upload/de56bd62c2e8673f7b58adceeb5fbb0a5f1a/master.m3u8
      ✅ Dexter - 8.Sezon 3.Bölüm - 1 m3u8
   🔍 [88/96] Bölüm: https://diziyiizle2.com/dexter/8-sezon-4-bolum/
📺 Embed URL bulundu: https://vidlax.xyz/embed/5d9ca7ec4cd68845
🔍 Embed URL kontrol ediliyor: https://vidlax.xyz/embed/5d9ca7ec4cd68845
📄 Embed sayfa içeriği alındı, boyut: 39704 karakter
🎬 Video Başlığı: Dexter
📝 Video Açıklaması: 8.Sezon 4.Bölüm
🎯 Tam Başlık: Dexter - 8.Sezon 4.Bölüm
🎯 HEX DECODE - m3u8 bulundu: https://vidlax.xyz/upload/4bfe9f2775d08a14d7378919e3d291b97a25/master.m3u8
      ✅ Dexter - 8.Sezon 4.Bölüm - 1 m3u8
   🔍 [89/96] Bölüm: https://diziyiizle2.com/dexter/8-sezon-5-bolum/
📺 Embed URL bulundu: https://vidlax.xyz/embed/2e515cdcd98bf468
🔍 Embed URL kontrol ediliyor: https://vidlax.xyz/embed/2e515cdcd98bf468
📄 Embed sayfa içeriği alındı, boyut: 39704 karakter
🎬 Video Başlığı: Dexter
📝 Video Açıklaması: 8.Sezon 5.Bölüm
🎯 Tam Başlık: Dexter - 8.Sezon 5.Bölüm
🎯 HEX DECODE - m3u8 bulundu: https://vidlax.xyz/upload/53f6a12241510becab1664f9ce9fa532cc50/master.m3u8
      ✅ Dexter - 8.Sezon 5.Bölüm - 1 m3u8
   🔍 [90/96] Bölüm: https://diziyiizle2.com/dexter/8-sezon-6-bolum/
📺 Embed URL bulundu: https://vidlax.xyz/embed/0899659d91e780a4
🔍 Embed URL kontrol ediliyor: https://vidlax.xyz/embed/0899659d91e780a4
📄 Embed sayfa içeriği alındı, boyut: 39704 karakter
🎬 Video Başlığı: Dexter
📝 Video Açıklaması: 8.Sezon 6.Bölüm
🎯 Tam Başlık: Dexter - 8.Sezon 6.Bölüm
🎯 HEX DECODE - m3u8 bulundu: https://vidlax.xyz/upload/5b8390337895df43bfc3bb9b6a5224694668/master.m3u8
      ✅ Dexter - 8.Sezon 6.Bölüm - 1 m3u8
   🔍 [91/96] Bölüm: https://diziyiizle2.com/dexter/8-sezon-7-bolum/
📺 Embed URL bulundu: https://vidlax.xyz/embed/540c61b9fb9c30cc
🔍 Embed URL kontrol ediliyor: https://vidlax.xyz/embed/540c61b9fb9c30cc
📄 Embed sayfa içeriği alındı, boyut: 39704 karakter
🎬 Video Başlığı: Dexter
📝 Video Açıklaması: 8.Sezon 7.Bölüm
🎯 Tam Başlık: Dexter - 8.Sezon 7.Bölüm
🎯 HEX DECODE - m3u8 bulundu: https://vidlax.xyz/upload/4f0ddc5afa8e187553c1eb2e836a69e108af/master.m3u8
      ✅ Dexter - 8.Sezon 7.Bölüm - 1 m3u8
   🔍 [92/96] Bölüm: https://diziyiizle2.com/dexter/8-sezon-8-bolum/
📺 Embed URL bulundu: https://vidlax.xyz/embed/c4eb473e49aed19b
🔍 Embed URL kontrol ediliyor: https://vidlax.xyz/embed/c4eb473e49aed19b
📄 Embed sayfa içeriği alındı, boyut: 39704 karakter
🎬 Video Başlığı: Dexter
📝 Video Açıklaması: 8.Sezon 8.Bölüm
🎯 Tam Başlık: Dexter - 8.Sezon 8.Bölüm
🎯 HEX DECODE - m3u8 bulundu: https://vidlax.xyz/upload/108e9de283ba102b638941cf58a35f1fafd7/master.m3u8
      ✅ Dexter - 8.Sezon 8.Bölüm - 1 m3u8
   🔍 [93/96] Bölüm: https://diziyiizle2.com/dexter/8-sezon-9-bolum/
📺 Embed URL bulundu: https://vidlax.xyz/embed/44b100ae4147c113
🔍 Embed URL kontrol ediliyor: https://vidlax.xyz/embed/44b100ae4147c113
📄 Embed sayfa içeriği alındı, boyut: 39704 karakter
🎬 Video Başlığı: Dexter
📝 Video Açıklaması: 8.Sezon 9.Bölüm
🎯 Tam Başlık: Dexter - 8.Sezon 9.Bölüm
🎯 HEX DECODE - m3u8 bulundu: https://vidlax.xyz/upload/41e151084b0716a955939f220bf6fa49c651/master.m3u8
      ✅ Dexter - 8.Sezon 9.Bölüm - 1 m3u8
   🔍 [94/96] Bölüm: https://diziyiizle2.com/dexter/8-sezon-10-bolum/
📺 Embed URL bulundu: https://vidlax.xyz/embed/2ef4d041335ae8ee
🔍 Embed URL kontrol ediliyor: https://vidlax.xyz/embed/2ef4d041335ae8ee
📄 Embed sayfa içeriği alındı, boyut: 39705 karakter
🎬 Video Başlığı: Dexter
📝 Video Açıklaması: 8.Sezon 10.Bölüm
🎯 Tam Başlık: Dexter - 8.Sezon 10.Bölüm
🎯 HEX DECODE - m3u8 bulundu: https://vidlax.xyz/upload/1f89ec567d89ee2aee48f1a866366732bcb1/master.m3u8
      ✅ Dexter - 8.Sezon 10.Bölüm - 1 m3u8
   🔍 [95/96] Bölüm: https://diziyiizle2.com/dexter/8-sezon-11-bolum/
📺 Embed URL bulundu: https://vidlax.xyz/embed/2390a9b4064db06f
🔍 Embed URL kontrol ediliyor: https://vidlax.xyz/embed/2390a9b4064db06f
📄 Embed sayfa içeriği alındı, boyut: 39705 karakter
🎬 Video Başlığı: Dexter
📝 Video Açıklaması: 8.Sezon 11.Bölüm
🎯 Tam Başlık: Dexter - 8.Sezon 11.Bölüm
🎯 HEX DECODE - m3u8 bulundu: https://vidlax.xyz/upload/0ddd650544d5c6365a6160a0a3e3e1f46eca/master.m3u8
      ✅ Dexter - 8.Sezon 11.Bölüm - 1 m3u8
   🔍 [96/96] Bölüm: https://diziyiizle2.com/dexter/8-sezon-12-bolum/
📺 Embed URL bulundu: https://vidlax.xyz/embed/0c1185b064c78b5c
🔍 Embed URL kontrol ediliyor: https://vidlax.xyz/embed/0c1185b064c78b5c
📄 Embed sayfa içeriği alındı, boyut: 39705 karakter
🎬 Video Başlığı: Dexter
📝 Video Açıklaması: 8.Sezon 12.Bölüm
🎯 Tam Başlık: Dexter - 8.Sezon 12.Bölüm
🎯 HEX DECODE - m3u8 bulundu: https://vidlax.xyz/upload/084b5456d16cdf643b19dc7444d08dcfa6d8/master.m3u8
      ✅ Dexter - 8.Sezon 12.Bölüm - 1 m3u8
      📁 Dizi playlist: playlists/dexter_playlist.m3u
   ✅ Dizi tamamlandı: 95 m3u8 eklendi

============================================================
🎬 [6/56] İşleniyor: https://diziyiizle2.com/dizi/mr-scorsese/
📺 Bölüm bulundu: 1. Sezon 1. BölümAltyazılı17.10.202554 dk. - https://diziyiizle2.com/mr-scorsese/1-sezon-1-bolum/
📺 Bölüm bulundu: 1. Sezon 2. BölümAltyazılı17.10.202563 dk. - https://diziyiizle2.com/mr-scorsese/1-sezon-2-bolum/
📺 Bölüm bulundu: 1. Sezon 3. BölümAltyazılı17.10.202553 dk. - https://diziyiizle2.com/mr-scorsese/1-sezon-3-bolum/
📺 Bölüm bulundu: 1. Sezon 4. BölümAltyazılı17.10.202552 dk. - https://diziyiizle2.com/mr-scorsese/1-sezon-4-bolum/
📺 Bölüm bulundu: 1. Sezon 5. BölümAltyazılı17.10.202561 dk. - https://diziyiizle2.com/mr-scorsese/1-sezon-5-bolum/

📊 Toplam 5 bölüm bulundu
   🔍 [1/5] Bölüm: https://diziyiizle2.com/mr-scorsese/1-sezon-1-bolum/
📺 Embed URL bulundu: https://vidlax.xyz/embed/ae9cb15578978065
🔍 Embed URL kontrol ediliyor: https://vidlax.xyz/embed/ae9cb15578978065
📄 Embed sayfa içeriği alındı, boyut: 42969 karakter
🎬 Video Başlığı: Mr. Scorsese
📝 Video Açıklaması: 1.Sezon 1.Bölüm
🎯 Tam Başlık: Mr. Scorsese - 1.Sezon 1.Bölüm
🎯 HEX DECODE - m3u8 bulundu: https://vidlax.xyz/upload/373df9f8bea46fa278b1462724db8bef39b4/master.m3u8
      ✅ Mr. Scorsese - 1.Sezon 1.Bölüm - 1 m3u8
   🔍 [2/5] Bölüm: https://diziyiizle2.com/mr-scorsese/1-sezon-2-bolum/
📺 Embed URL bulundu: https://vidlax.xyz/embed/066e1df2c914b86a
🔍 Embed URL kontrol ediliyor: https://vidlax.xyz/embed/066e1df2c914b86a
📄 Embed sayfa içeriği alındı, boyut: 43145 karakter
🎬 Video Başlığı: Mr. Scorsese
📝 Video Açıklaması: 1.Sezon 2.Bölüm
🎯 Tam Başlık: Mr. Scorsese - 1.Sezon 2.Bölüm
🎯 HEX DECODE - m3u8 bulundu: https://vidlax.xyz/upload/ffd64542f74639019f1ccb8faef073d59847/master.m3u8
      ✅ Mr. Scorsese - 1.Sezon 2.Bölüm - 1 m3u8
   🔍 [3/5] Bölüm: https://diziyiizle2.com/mr-scorsese/1-sezon-3-bolum/
📺 Embed URL bulundu: https://vidlax.xyz/embed/8c3fd25994ca8c42
🔍 Embed URL kontrol ediliyor: https://vidlax.xyz/embed/8c3fd25994ca8c42
📄 Embed sayfa içeriği alındı, boyut: 42110 karakter
🎬 Video Başlığı: Mr. Scorsese
📝 Video Açıklaması: 1.Sezon 3.Bölüm
🎯 Tam Başlık: Mr. Scorsese - 1.Sezon 3.Bölüm
🎯 HEX DECODE - m3u8 bulundu: https://vidlax.xyz/upload/59a69fe5be217e82ac36b467a91eece397ce/master.m3u8
      ✅ Mr. Scorsese - 1.Sezon 3.Bölüm - 1 m3u8
   🔍 [4/5] Bölüm: https://diziyiizle2.com/mr-scorsese/1-sezon-4-bolum/
📺 Embed URL bulundu: https://vidlax.xyz/embed/26fc9deb569ea101
🔍 Embed URL kontrol ediliyor: https://vidlax.xyz/embed/26fc9deb569ea101
📄 Embed sayfa içeriği alındı, boyut: 42110 karakter
🎬 Video Başlığı: Mr. Scorsese
📝 Video Açıklaması: 1.Sezon 4.Bölüm
🎯 Tam Başlık: Mr. Scorsese - 1.Sezon 4.Bölüm
🎯 HEX DECODE - m3u8 bulundu: https://vidlax.xyz/upload/72ae83fb68698264bc95b252338bcdb43ec0/master.m3u8
      ✅ Mr. Scorsese - 1.Sezon 4.Bölüm - 1 m3u8
   🔍 [5/5] Bölüm: https://diziyiizle2.com/mr-scorsese/1-sezon-5-bolum/
📺 Embed URL bulundu: https://vidlax.xyz/embed/8cc9367d169a08cf
🔍 Embed URL kontrol ediliyor: https://vidlax.xyz/embed/8cc9367d169a08cf
📄 Embed sayfa içeriği alındı, boyut: 43281 karakter
🎬 Video Başlığı: Mr. Scorsese
📝 Video Açıklaması: 1.Sezon 5.Bölüm
🎯 Tam Başlık: Mr. Scorsese - 1.Sezon 5.Bölüm
🎯 HEX DECODE - m3u8 bulundu: https://vidlax.xyz/upload/d28cad56535d75f4772e26af93896a6b57c0/master.m3u8
      ✅ Mr. Scorsese - 1.Sezon 5.Bölüm - 1 m3u8
      📁 Dizi playlist: playlists/mr_scorsese_playlist.m3u
   ✅ Dizi tamamlandı: 5 m3u8 eklendi

============================================================
🎬 [7/56] İşleniyor: https://diziyiizle2.com/dizi/ilk-bes/
📺 Bölüm bulundu: 1. Sezon 1. BölümDublaj16.10.202544 dk. - https://diziyiizle2.com/ilk-bes/1-sezon-1-bolum/
📺 Bölüm bulundu: 1. Sezon 2. BölümDublaj16.10.202547 dk. - https://diziyiizle2.com/ilk-bes/1-sezon-2-bolum/
📺 Bölüm bulundu: 1. Sezon 3. BölümDublaj16.10.202545 dk. - https://diziyiizle2.com/ilk-bes/1-sezon-3-bolum/
📺 Bölüm bulundu: 1. Sezon 4. BölümDublaj16.10.202547 dk. - https://diziyiizle2.com/ilk-bes/1-sezon-4-bolum/
📺 Bölüm bulundu: 1. Sezon 5. BölümDublaj16.10.202546 dk. - https://diziyiizle2.com/ilk-bes/1-sezon-5-bolum/
📺 Bölüm bulundu: 1. Sezon 6. BölümDublaj16.10.202540 dk. - https://diziyiizle2.com/ilk-bes/1-sezon-6-bolum/
📺 Bölüm bulundu: 1. Sezon 7. BölümDublaj16.10.202540 dk. - https://diziyiizle2.com/ilk-bes/1-sezon-7-bolum/
📺 Bölüm bulundu: 1. Sezon 8. BölümDublaj16.10.202540 dk. - https://diziyiizle2.com/ilk-bes/1-sezon-8-bolum/
📺 Bölüm bulundu: 1. Sezon 9. BölümDublaj16.10.202552 dk. - https://diziyiizle2.com/ilk-bes/1-sezon-9-bolum/
📺 Bölüm bulundu: 1. Sezon 10. BölümDublaj16.10.202562 dk. - https://diziyiizle2.com/ilk-bes/1-sezon-10-bolum/
📺 Bölüm bulundu: 2. Sezon 1. BölümDublaj16.10.2025 - https://diziyiizle2.com/ilk-bes/2-sezon-1-bolum/
📺 Bölüm bulundu: 2. Sezon 2. BölümDublaj16.10.2025 - https://diziyiizle2.com/ilk-bes/2-sezon-2-bolum/
📺 Bölüm bulundu: 2. Sezon 3. BölümDublaj16.10.2025 - https://diziyiizle2.com/ilk-bes/2-sezon-3-bolum/
📺 Bölüm bulundu: 2. Sezon 4. BölümDublaj16.10.2025 - https://diziyiizle2.com/ilk-bes/2-sezon-4-bolum/
📺 Bölüm bulundu: 2. Sezon 5. BölümDublaj16.10.2025 - https://diziyiizle2.com/ilk-bes/2-sezon-5-bolum/
📺 Bölüm bulundu: 2. Sezon 6. BölümDublaj16.10.2025 - https://diziyiizle2.com/ilk-bes/2-sezon-6-bolum/
📺 Bölüm bulundu: 2. Sezon 7. BölümDublaj16.10.2025 - https://diziyiizle2.com/ilk-bes/2-sezon-7-bolum/
📺 Bölüm bulundu: 2. Sezon 8. BölümDublaj16.10.2025 - https://diziyiizle2.com/ilk-bes/2-sezon-8-bolum/

📊 Toplam 18 bölüm bulundu
   🔍 [1/18] Bölüm: https://diziyiizle2.com/ilk-bes/1-sezon-1-bolum/
📺 Embed URL bulundu: https://vidlax.xyz/embed/ddb8ae5d2c8b2398
🔍 Embed URL kontrol ediliyor: https://vidlax.xyz/embed/ddb8ae5d2c8b2398
📄 Embed sayfa içeriği alındı, boyut: 40568 karakter
🎬 Video Başlığı: Starting 5
📝 Video Açıklaması: 1.Sezon 1.Bölüm
🎯 Tam Başlık: Starting 5 - 1.Sezon 1.Bölüm
🎯 HEX DECODE - m3u8 bulundu: https://vidlax.xyz/upload/f81e47e3c6d707af6fda60c0b5af871525ae/master.m3u8
      ✅ Starting 5 - 1.Sezon 1.Bölüm - 1 m3u8
   🔍 [2/18] Bölüm: https://diziyiizle2.com/ilk-bes/1-sezon-2-bolum/
📺 Embed URL bulundu: https://vidlax.xyz/embed/df490d81e44d9141
🔍 Embed URL kontrol ediliyor: https://vidlax.xyz/embed/df490d81e44d9141
📄 Embed sayfa içeriği alındı, boyut: 40395 karakter
🎬 Video Başlığı: Starting 5
📝 Video Açıklaması: 1.Sezon 2.Bölüm
🎯 Tam Başlık: Starting 5 - 1.Sezon 2.Bölüm
🎯 HEX DECODE - m3u8 bulundu: https://vidlax.xyz/upload/6008316063dbc32f6eeed2f20e5561474153/master.m3u8
      ✅ Starting 5 - 1.Sezon 2.Bölüm - 1 m3u8
   🔍 [3/18] Bölüm: https://diziyiizle2.com/ilk-bes/1-sezon-3-bolum/
📺 Embed URL bulundu: https://vidlax.xyz/embed/2480025a0e4d6428
🔍 Embed URL kontrol ediliyor: https://vidlax.xyz/embed/2480025a0e4d6428
📄 Embed sayfa içeriği alındı, boyut: 40568 karakter
🎬 Video Başlığı: Starting 5
📝 Video Açıklaması: 1.Sezon 3.Bölüm
🎯 Tam Başlık: Starting 5 - 1.Sezon 3.Bölüm
🎯 HEX DECODE - m3u8 bulundu: https://vidlax.xyz/upload/8d78a2c362483601f22378ac3e1446166980/master.m3u8
      ✅ Starting 5 - 1.Sezon 3.Bölüm - 1 m3u8
   🔍 [4/18] Bölüm: https://diziyiizle2.com/ilk-bes/1-sezon-4-bolum/
📺 Embed URL bulundu: https://vidlax.xyz/embed/d9cba528d0e93184
🔍 Embed URL kontrol ediliyor: https://vidlax.xyz/embed/d9cba528d0e93184
📄 Embed sayfa içeriği alındı, boyut: 40568 karakter
🎬 Video Başlığı: Starting 5
📝 Video Açıklaması: 1.Sezon 4.Bölüm
🎯 Tam Başlık: Starting 5 - 1.Sezon 4.Bölüm
🎯 HEX DECODE - m3u8 bulundu: https://vidlax.xyz/upload/16db343c3a2d3702d419d728725a170e53b1/master.m3u8
      ✅ Starting 5 - 1.Sezon 4.Bölüm - 1 m3u8
   🔍 [5/18] Bölüm: https://diziyiizle2.com/ilk-bes/1-sezon-5-bolum/
📺 Embed URL bulundu: https://vidlax.xyz/embed/6e6efb2b4fd8a8ab
🔍 Embed URL kontrol ediliyor: https://vidlax.xyz/embed/6e6efb2b4fd8a8ab
📄 Embed sayfa içeriği alındı, boyut: 40395 karakter
🎬 Video Başlığı: Starting 5
📝 Video Açıklaması: 1.Sezon 5.Bölüm
🎯 Tam Başlık: Starting 5 - 1.Sezon 5.Bölüm
🎯 HEX DECODE - m3u8 bulundu: https://vidlax.xyz/upload/5ceb97e44d52efbc4c1c806b7eac4ff3793d/master.m3u8
      ✅ Starting 5 - 1.Sezon 5.Bölüm - 1 m3u8
   🔍 [6/18] Bölüm: https://diziyiizle2.com/ilk-bes/1-sezon-6-bolum/
📺 Embed URL bulundu: https://vidlax.xyz/embed/5191872c3bbe2e56
🔍 Embed URL kontrol ediliyor: https://vidlax.xyz/embed/5191872c3bbe2e56
📄 Embed sayfa içeriği alındı, boyut: 40568 karakter
🎬 Video Başlığı: Starting 5
📝 Video Açıklaması: 1.Sezon 6.Bölüm
🎯 Tam Başlık: Starting 5 - 1.Sezon 6.Bölüm
🎯 HEX DECODE - m3u8 bulundu: https://vidlax.xyz/upload/150a9f6fc1f8e0ef880663d38f4f0ef4f17f/master.m3u8
      ✅ Starting 5 - 1.Sezon 6.Bölüm - 1 m3u8
   🔍 [7/18] Bölüm: https://diziyiizle2.com/ilk-bes/1-sezon-7-bolum/
📺 Embed URL bulundu: https://vidlax.xyz/embed/0c3c245a2fd911ef
🔍 Embed URL kontrol ediliyor: https://vidlax.xyz/embed/0c3c245a2fd911ef
📄 Embed sayfa içeriği alındı, boyut: 40568 karakter
🎬 Video Başlığı: Starting 5
📝 Video Açıklaması: 1.Sezon 7.Bölüm
🎯 Tam Başlık: Starting 5 - 1.Sezon 7.Bölüm
🎯 HEX DECODE - m3u8 bulundu: https://vidlax.xyz/upload/a6a97bf5ebc99335d747e1ca40ff81619881/master.m3u8
      ✅ Starting 5 - 1.Sezon 7.Bölüm - 1 m3u8
   🔍 [8/18] Bölüm: https://diziyiizle2.com/ilk-bes/1-sezon-8-bolum/
📺 Embed URL bulundu: https://vidlax.xyz/embed/b1d3c03fa7762e33
🔍 Embed URL kontrol ediliyor: https://vidlax.xyz/embed/b1d3c03fa7762e33
📄 Embed sayfa içeriği alındı, boyut: 40568 karakter
🎬 Video Başlığı: Starting 5
📝 Video Açıklaması: 1.Sezon 8.Bölüm
🎯 Tam Başlık: Starting 5 - 1.Sezon 8.Bölüm
🎯 HEX DECODE - m3u8 bulundu: https://vidlax.xyz/upload/16fca08a0fa07705ce24434efc0d2140d4d9/master.m3u8
      ✅ Starting 5 - 1.Sezon 8.Bölüm - 1 m3u8
   🔍 [9/18] Bölüm: https://diziyiizle2.com/ilk-bes/1-sezon-9-bolum/
📺 Embed URL bulundu: https://vidlax.xyz/embed/74e651ccef343bc1
🔍 Embed URL kontrol ediliyor: https://vidlax.xyz/embed/74e651ccef343bc1
📄 Embed sayfa içeriği alındı, boyut: 40214 karakter
🎬 Video Başlığı: Starting 5
📝 Video Açıklaması: 1.Sezon 9.Bölüm
🎯 Tam Başlık: Starting 5 - 1.Sezon 9.Bölüm
🎯 HEX DECODE - m3u8 bulundu: https://vidlax.xyz/upload/87e9efe37346f6e7d2ee76b7d0ea97e0e8d0/master.m3u8
      ✅ Starting 5 - 1.Sezon 9.Bölüm - 1 m3u8
   🔍 [10/18] Bölüm: https://diziyiizle2.com/ilk-bes/1-sezon-10-bolum/
📺 Embed URL bulundu: https://vidlax.xyz/embed/d131b55024e5448b
🔍 Embed URL kontrol ediliyor: https://vidlax.xyz/embed/d131b55024e5448b
📄 Embed sayfa içeriği alındı, boyut: 40215 karakter
🎬 Video Başlığı: Starting 5
📝 Video Açıklaması: 1.Sezon 10.Bölüm
🎯 Tam Başlık: Starting 5 - 1.Sezon 10.Bölüm
🎯 HEX DECODE - m3u8 bulundu: https://vidlax.xyz/upload/c3446c59382a58c2cea07a1afb8f50e46780/master.m3u8
      ✅ Starting 5 - 1.Sezon 10.Bölüm - 1 m3u8
   🔍 [11/18] Bölüm: https://diziyiizle2.com/ilk-bes/2-sezon-1-bolum/
📺 Embed URL bulundu: https://vidlax.xyz/embed/601dc4496dc1d1cf
🔍 Embed URL kontrol ediliyor: https://vidlax.xyz/embed/601dc4496dc1d1cf
📄 Embed sayfa içeriği alındı, boyut: 40568 karakter
🎬 Video Başlığı: Starting 5
📝 Video Açıklaması: 2.Sezon 1.Bölüm
🎯 Tam Başlık: Starting 5 - 2.Sezon 1.Bölüm
🎯 HEX DECODE - m3u8 bulundu: https://vidlax.xyz/upload/4cb50f50ccb3896313a030a45ab90eadd8d2/master.m3u8
      ✅ Starting 5 - 2.Sezon 1.Bölüm - 1 m3u8
   🔍 [12/18] Bölüm: https://diziyiizle2.com/ilk-bes/2-sezon-2-bolum/
📺 Embed URL bulundu: https://vidlax.xyz/embed/a113c08ca392ed53
🔍 Embed URL kontrol ediliyor: https://vidlax.xyz/embed/a113c08ca392ed53
📄 Embed sayfa içeriği alındı, boyut: 40568 karakter
🎬 Video Başlığı: Starting 5
📝 Video Açıklaması: 2.Sezon 2.Bölüm
🎯 Tam Başlık: Starting 5 - 2.Sezon 2.Bölüm
🎯 HEX DECODE - m3u8 bulundu: https://vidlax.xyz/upload/d4a4a859c7447f81c212b9d982d08408ffe4/master.m3u8
      ✅ Starting 5 - 2.Sezon 2.Bölüm - 1 m3u8
   🔍 [13/18] Bölüm: https://diziyiizle2.com/ilk-bes/2-sezon-3-bolum/
📺 Embed URL bulundu: https://vidlax.xyz/embed/0c7c3aa165bacdd9
🔍 Embed URL kontrol ediliyor: https://vidlax.xyz/embed/0c7c3aa165bacdd9
📄 Embed sayfa içeriği alındı, boyut: 40395 karakter
🎬 Video Başlığı: Starting 5
📝 Video Açıklaması: 2.Sezon 3.Bölüm
🎯 Tam Başlık: Starting 5 - 2.Sezon 3.Bölüm
🎯 HEX DECODE - m3u8 bulundu: https://vidlax.xyz/upload/fc1ae441d1cd00719e329d267df7b55b5cb7/master.m3u8
      ✅ Starting 5 - 2.Sezon 3.Bölüm - 1 m3u8
   🔍 [14/18] Bölüm: https://diziyiizle2.com/ilk-bes/2-sezon-4-bolum/
📺 Embed URL bulundu: https://vidlax.xyz/embed/df5d6b3e77568373
🔍 Embed URL kontrol ediliyor: https://vidlax.xyz/embed/df5d6b3e77568373
📄 Embed sayfa içeriği alındı, boyut: 40568 karakter
🎬 Video Başlığı: Starting 5
📝 Video Açıklaması: 2.Sezon 4.Bölüm
🎯 Tam Başlık: Starting 5 - 2.Sezon 4.Bölüm
🎯 HEX DECODE - m3u8 bulundu: https://vidlax.xyz/upload/4d759d41badb425dc3bcfa0c1e535f9c0fa1/master.m3u8
      ✅ Starting 5 - 2.Sezon 4.Bölüm - 1 m3u8
   🔍 [15/18] Bölüm: https://diziyiizle2.com/ilk-bes/2-sezon-5-bolum/
📺 Embed URL bulundu: https://vidlax.xyz/embed/85d6e24476e543b5
🔍 Embed URL kontrol ediliyor: https://vidlax.xyz/embed/85d6e24476e543b5
📄 Embed sayfa içeriği alındı, boyut: 40568 karakter
🎬 Video Başlığı: Starting 5
📝 Video Açıklaması: 2.Sezon 5.Bölüm
🎯 Tam Başlık: Starting 5 - 2.Sezon 5.Bölüm
🎯 HEX DECODE - m3u8 bulundu: https://vidlax.xyz/upload/e54bdb1a25c2c28a47b20ff3c38934458f06/master.m3u8
      ✅ Starting 5 - 2.Sezon 5.Bölüm - 1 m3u8
   🔍 [16/18] Bölüm: https://diziyiizle2.com/ilk-bes/2-sezon-6-bolum/
📺 Embed URL bulundu: https://vidlax.xyz/embed/b401dd05185c8e68
🔍 Embed URL kontrol ediliyor: https://vidlax.xyz/embed/b401dd05185c8e68
📄 Embed sayfa içeriği alındı, boyut: 40568 karakter
🎬 Video Başlığı: Starting 5
📝 Video Açıklaması: 2.Sezon 6.Bölüm
🎯 Tam Başlık: Starting 5 - 2.Sezon 6.Bölüm
🎯 HEX DECODE - m3u8 bulundu: https://vidlax.xyz/upload/32e9278e0a0fe4a6ff7771474f8a3acec008/master.m3u8
      ✅ Starting 5 - 2.Sezon 6.Bölüm - 1 m3u8
   🔍 [17/18] Bölüm: https://diziyiizle2.com/ilk-bes/2-sezon-7-bolum/
📺 Embed URL bulundu: https://vidlax.xyz/embed/f0b6779263a79bd7
🔍 Embed URL kontrol ediliyor: https://vidlax.xyz/embed/f0b6779263a79bd7
📄 Embed sayfa içeriği alındı, boyut: 40568 karakter
🎬 Video Başlığı: Starting 5
📝 Video Açıklaması: 2.Sezon 7.Bölüm
🎯 Tam Başlık: Starting 5 - 2.Sezon 7.Bölüm
🎯 HEX DECODE - m3u8 bulundu: https://vidlax.xyz/upload/8c5b3cce49dc970e272dc211a6209a7c42bc/master.m3u8
      ✅ Starting 5 - 2.Sezon 7.Bölüm - 1 m3u8
   🔍 [18/18] Bölüm: https://diziyiizle2.com/ilk-bes/2-sezon-8-bolum/
📺 Embed URL bulundu: https://vidlax.xyz/embed/998d28d66c117cf9
🔍 Embed URL kontrol ediliyor: https://vidlax.xyz/embed/998d28d66c117cf9
📄 Embed sayfa içeriği alındı, boyut: 40380 karakter
🎬 Video Başlığı: Starting 5
📝 Video Açıklaması: 2.Sezon 8.Bölüm
🎯 Tam Başlık: Starting 5 - 2.Sezon 8.Bölüm
🎯 HEX DECODE - m3u8 bulundu: https://vidlax.xyz/upload/1416b1779b63f037f3c3d78b8bf6b89944e1/master.m3u8
      ✅ Starting 5 - 2.Sezon 8.Bölüm - 1 m3u8
      📁 Dizi playlist: playlists/ilk_bes_playlist.m3u
   ✅ Dizi tamamlandı: 18 m3u8 eklendi

============================================================
🎬 [8/56] İşleniyor: https://diziyiizle2.com/dizi/to-cook-a-bear/
📺 Bölüm bulundu: 1. Sezon 1. BölümDublaj16.10.202551 dk. - https://diziyiizle2.com/to-cook-a-bear/1-sezon-1-bolum/
📺 Bölüm bulundu: 1. Sezon 2. BölümDublaj16.10.202550 dk. - https://diziyiizle2.com/to-cook-a-bear/1-sezon-2-bolum/
📺 Bölüm bulundu: 1. Sezon 3. BölümDublaj16.10.202552 dk. - https://diziyiizle2.com/to-cook-a-bear/1-sezon-3-bolum/
📺 Bölüm bulundu: 1. Sezon 4. BölümDublaj16.10.202552 dk. - https://diziyiizle2.com/to-cook-a-bear/1-sezon-4-bolum/
📺 Bölüm bulundu: 1. Sezon 5. BölümDublaj16.10.202550 dk. - https://diziyiizle2.com/to-cook-a-bear/1-sezon-5-bolum/
📺 Bölüm bulundu: 1. Sezon 6. BölümDublaj16.10.202550 dk. - https://diziyiizle2.com/to-cook-a-bear/1-sezon-6-bolum/

📊 Toplam 6 bölüm bulundu
   🔍 [1/6] Bölüm: https://diziyiizle2.com/to-cook-a-bear/1-sezon-1-bolum/
📺 Embed URL bulundu: https://vidlax.xyz/embed/08130d806871f38d
🔍 Embed URL kontrol ediliyor: https://vidlax.xyz/embed/08130d806871f38d
📄 Embed sayfa içeriği alındı, boyut: 41285 karakter
🎬 Video Başlığı: To Cook a Bear
📝 Video Açıklaması: 1.Sezon 1.Bölüm
🎯 Tam Başlık: To Cook a Bear - 1.Sezon 1.Bölüm
🎯 HEX DECODE - m3u8 bulundu: https://vidlax.xyz/upload/c7db8f9bd43f0d94e2b2998cf4c44ab700ec/master.m3u8
      ✅ To Cook a Bear - 1.Sezon 1.Bölüm - 1 m3u8
   🔍 [2/6] Bölüm: https://diziyiizle2.com/to-cook-a-bear/1-sezon-2-bolum/
📺 Embed URL bulundu: https://vidlax.xyz/embed/0ef3d722050c40be
🔍 Embed URL kontrol ediliyor: https://vidlax.xyz/embed/0ef3d722050c40be
📄 Embed sayfa içeriği alındı, boyut: 41285 karakter
🎬 Video Başlığı: To Cook a Bear
📝 Video Açıklaması: 1.Sezon 2.Bölüm
🎯 Tam Başlık: To Cook a Bear - 1.Sezon 2.Bölüm
🎯 HEX DECODE - m3u8 bulundu: https://vidlax.xyz/upload/ce2e71531ada0e477f10e329c1ecd6859076/master.m3u8
      ✅ To Cook a Bear - 1.Sezon 2.Bölüm - 1 m3u8
   🔍 [3/6] Bölüm: https://diziyiizle2.com/to-cook-a-bear/1-sezon-3-bolum/
📺 Embed URL bulundu: https://vidlax.xyz/embed/ceb695d6d210f532
🔍 Embed URL kontrol ediliyor: https://vidlax.xyz/embed/ceb695d6d210f532
📄 Embed sayfa içeriği alındı, boyut: 41285 karakter
🎬 Video Başlığı: To Cook a Bear
📝 Video Açıklaması: 1.Sezon 3.Bölüm
🎯 Tam Başlık: To Cook a Bear - 1.Sezon 3.Bölüm
🎯 HEX DECODE - m3u8 bulundu: https://vidlax.xyz/upload/128796979406670dd1ca30668bd19eb4170f/master.m3u8
      ✅ To Cook a Bear - 1.Sezon 3.Bölüm - 1 m3u8
   🔍 [4/6] Bölüm: https://diziyiizle2.com/to-cook-a-bear/1-sezon-4-bolum/
📺 Embed URL bulundu: https://vidlax.xyz/embed/867d1a6161d3b93b
🔍 Embed URL kontrol ediliyor: https://vidlax.xyz/embed/867d1a6161d3b93b
📄 Embed sayfa içeriği alındı, boyut: 41285 karakter
🎬 Video Başlığı: To Cook a Bear
📝 Video Açıklaması: 1.Sezon 4.Bölüm
🎯 Tam Başlık: To Cook a Bear - 1.Sezon 4.Bölüm
🎯 HEX DECODE - m3u8 bulundu: https://vidlax.xyz/upload/8c55a55e3ea2054407e128308931e6cd6971/master.m3u8
      ✅ To Cook a Bear - 1.Sezon 4.Bölüm - 1 m3u8
   🔍 [5/6] Bölüm: https://diziyiizle2.com/to-cook-a-bear/1-sezon-5-bolum/
📺 Embed URL bulundu: https://vidlax.xyz/embed/868da3bfd552f7dc
🔍 Embed URL kontrol ediliyor: https://vidlax.xyz/embed/868da3bfd552f7dc
📄 Embed sayfa içeriği alındı, boyut: 41285 karakter
🎬 Video Başlığı: To Cook a Bear
📝 Video Açıklaması: 1.Sezon 5.Bölüm
🎯 Tam Başlık: To Cook a Bear - 1.Sezon 5.Bölüm
🎯 HEX DECODE - m3u8 bulundu: https://vidlax.xyz/upload/d5bf60867b0b72723ca7624b0a77d54506ad/master.m3u8
      ✅ To Cook a Bear - 1.Sezon 5.Bölüm - 1 m3u8
   🔍 [6/6] Bölüm: https://diziyiizle2.com/to-cook-a-bear/1-sezon-6-bolum/
📺 Embed URL bulundu: https://vidlax.xyz/embed/7aa0578a4741aa2f
🔍 Embed URL kontrol ediliyor: https://vidlax.xyz/embed/7aa0578a4741aa2f
📄 Embed sayfa içeriği alındı, boyut: 41285 karakter
🎬 Video Başlığı: To Cook a Bear
📝 Video Açıklaması: 1.Sezon 6.Bölüm
🎯 Tam Başlık: To Cook a Bear - 1.Sezon 6.Bölüm
🎯 HEX DECODE - m3u8 bulundu: https://vidlax.xyz/upload/f79175cc2c2b9a1504f4284e751b41a44f30/master.m3u8
      ✅ To Cook a Bear - 1.Sezon 6.Bölüm - 1 m3u8
      📁 Dizi playlist: playlists/to_cook_a_bear_playlist.m3u
   ✅ Dizi tamamlandı: 6 m3u8 eklendi

============================================================
🎬 [9/56] İşleniyor: https://diziyiizle2.com/dizi/murdaugh-death-in-the-family/
📺 Bölüm bulundu: 1. Sezon 1. BölümDublaj15.10.2025 - https://diziyiizle2.com/murdaugh-death-in-the-family/1-sezon-1-bolum/
📺 Bölüm bulundu: 1. Sezon 2. BölümDublaj15.10.2025 - https://diziyiizle2.com/murdaugh-death-in-the-family/1-sezon-2-bolum/
📺 Bölüm bulundu: 1. Sezon 3. BölümDublaj15.10.2025 - https://diziyiizle2.com/murdaugh-death-in-the-family/1-sezon-3-bolum/
📺 Bölüm bulundu: 1. Sezon 4. BölümAltyazılı15.10.2025 - https://diziyiizle2.com/murdaugh-death-in-the-family/1-sezon-4-bolum/
📺 Bölüm bulundu: 1. Sezon 5. BölümAltyazılı15.10.2025 - https://diziyiizle2.com/murdaugh-death-in-the-family/1-sezon-5-bolum/
📺 Bölüm bulundu: 1. Sezon 6. BölümAltyazılı15.10.2025 - https://diziyiizle2.com/murdaugh-death-in-the-family/1-sezon-6-bolum/
📺 Bölüm bulundu: 1. Sezon 7. BölümAltyazılı15.10.2025 - https://diziyiizle2.com/murdaugh-death-in-the-family/1-sezon-7-bolum/
📺 Bölüm bulundu: 1. Sezon 8. BölümAltyazılı15.10.2025 - https://diziyiizle2.com/murdaugh-death-in-the-family/1-sezon-8-bolum/

📊 Toplam 8 bölüm bulundu
   🔍 [1/8] Bölüm: https://diziyiizle2.com/murdaugh-death-in-the-family/1-sezon-1-bolum/
📺 Embed URL bulundu: https://vidlax.xyz/embed/00c287f4fe2f0e44
🔍 Embed URL kontrol ediliyor: https://vidlax.xyz/embed/00c287f4fe2f0e44
📄 Embed sayfa içeriği alındı, boyut: 41603 karakter
🎬 Video Başlığı: Murdaugh: Death in the Family
📝 Video Açıklaması: 1.Sezon 1.Bölüm
🎯 Tam Başlık: Murdaugh: Death in the Family - 1.Sezon 1.Bölüm
🎯 HEX DECODE - m3u8 bulundu: https://vidlax.xyz/upload/2fd0821c059cb3ec28c7351d5d0553a60f7f/master.m3u8
      ✅ Murdaugh: Death in the Family - 1.Sezon 1.Bölüm - 1 m3u8
   🔍 [2/8] Bölüm: https://diziyiizle2.com/murdaugh-death-in-the-family/1-sezon-2-bolum/
📺 Embed URL bulundu: https://vidlax.xyz/embed/c799148a488b35bb
🔍 Embed URL kontrol ediliyor: https://vidlax.xyz/embed/c799148a488b35bb
📄 Embed sayfa içeriği alındı, boyut: 41603 karakter
🎬 Video Başlığı: Murdaugh: Death in the Family
📝 Video Açıklaması: 1.Sezon 2.Bölüm
🎯 Tam Başlık: Murdaugh: Death in the Family - 1.Sezon 2.Bölüm
🎯 HEX DECODE - m3u8 bulundu: https://vidlax.xyz/upload/a04a74d54d2a593d0e9841680f0c2367e9e7/master.m3u8
      ✅ Murdaugh: Death in the Family - 1.Sezon 2.Bölüm - 1 m3u8
   🔍 [3/8] Bölüm: https://diziyiizle2.com/murdaugh-death-in-the-family/1-sezon-3-bolum/
📺 Embed URL bulundu: https://vidlax.xyz/embed/6cc83ba17f387971
🔍 Embed URL kontrol ediliyor: https://vidlax.xyz/embed/6cc83ba17f387971
📄 Embed sayfa içeriği alındı, boyut: 41603 karakter
🎬 Video Başlığı: Murdaugh: Death in the Family
📝 Video Açıklaması: 1.Sezon 3.Bölüm
🎯 Tam Başlık: Murdaugh: Death in the Family - 1.Sezon 3.Bölüm
🎯 HEX DECODE - m3u8 bulundu: https://vidlax.xyz/upload/8f8c39d0ff36a40bd66e9daeac69804b42b0/master.m3u8
      ✅ Murdaugh: Death in the Family - 1.Sezon 3.Bölüm - 1 m3u8
   🔍 [4/8] Bölüm: https://diziyiizle2.com/murdaugh-death-in-the-family/1-sezon-4-bolum/

🔍 Vidlax direkt analizi: https://diziyiizle2.com/murdaugh-death-in-the-family/1-sezon-4-bolum/
📄 Sayfa içeriği alındı: 95633 karakter
❌ m3u8 URL'si bulunamadı
      ❌ m3u8 bulunamadı
   🔍 [5/8] Bölüm: https://diziyiizle2.com/murdaugh-death-in-the-family/1-sezon-5-bolum/

🔍 Vidlax direkt analizi: https://diziyiizle2.com/murdaugh-death-in-the-family/1-sezon-5-bolum/
📄 Sayfa içeriği alındı: 95632 karakter
❌ m3u8 URL'si bulunamadı
      ❌ m3u8 bulunamadı
   🔍 [6/8] Bölüm: https://diziyiizle2.com/murdaugh-death-in-the-family/1-sezon-6-bolum/

🔍 Vidlax direkt analizi: https://diziyiizle2.com/murdaugh-death-in-the-family/1-sezon-6-bolum/
📄 Sayfa içeriği alındı: 95634 karakter
❌ m3u8 URL'si bulunamadı
      ❌ m3u8 bulunamadı
   🔍 [7/8] Bölüm: https://diziyiizle2.com/murdaugh-death-in-the-family/1-sezon-7-bolum/

🔍 Vidlax direkt analizi: https://diziyiizle2.com/murdaugh-death-in-the-family/1-sezon-7-bolum/
📄 Sayfa içeriği alındı: 95633 karakter
❌ m3u8 URL'si bulunamadı
      ❌ m3u8 bulunamadı
   🔍 [8/8] Bölüm: https://diziyiizle2.com/murdaugh-death-in-the-family/1-sezon-8-bolum/

🔍 Vidlax direkt analizi: https://diziyiizle2.com/murdaugh-death-in-the-family/1-sezon-8-bolum/
📄 Sayfa içeriği alındı: 95634 karakter
❌ m3u8 URL'si bulunamadı
      ❌ m3u8 bulunamadı
      📁 Dizi playlist: playlists/murdaugh_death_in_the_family_playlist.m3u
   ✅ Dizi tamamlandı: 3 m3u8 eklendi

============================================================
🎬 [10/56] İşleniyor: https://diziyiizle2.com/dizi/gittigimizi-kimse-gormedi/
📺 Bölüm bulundu: 1. Sezon 1. BölümDublaj15.10.2025 - https://diziyiizle2.com/gittigimizi-kimse-gormedi/1-sezon-1-bolum/
📺 Bölüm bulundu: 1. Sezon 2. BölümDublaj15.10.2025 - https://diziyiizle2.com/gittigimizi-kimse-gormedi/1-sezon-2-bolum/
📺 Bölüm bulundu: 1. Sezon 3. BölümDublaj15.10.2025 - https://diziyiizle2.com/gittigimizi-kimse-gormedi/1-sezon-3-bolum/
📺 Bölüm bulundu: 1. Sezon 4. BölümDublaj15.10.2025 - https://diziyiizle2.com/gittigimizi-kimse-gormedi/1-sezon-4-bolum/
📺 Bölüm bulundu: 1. Sezon 5. BölümDublaj15.10.2025 - https://diziyiizle2.com/gittigimizi-kimse-gormedi/1-sezon-5-bolum/

📊 Toplam 5 bölüm bulundu
   🔍 [1/5] Bölüm: https://diziyiizle2.com/gittigimizi-kimse-gormedi/1-sezon-1-bolum/
📺 Embed URL bulundu: https://vidlax.xyz/embed/8be28c1e757343be
🔍 Embed URL kontrol ediliyor: https://vidlax.xyz/embed/8be28c1e757343be
📄 Embed sayfa içeriği alındı, boyut: 42644 karakter
🎬 Video Başlığı: No One Saw Us Leave
📝 Video Açıklaması: 1.Sezon 1.Bölüm
🎯 Tam Başlık: No One Saw Us Leave - 1.Sezon 1.Bölüm
🎯 HEX DECODE - m3u8 bulundu: https://vidlax.xyz/upload/40948ab35b34fa4018663dcf927c17523cb2/master.m3u8
      ✅ No One Saw Us Leave - 1.Sezon 1.Bölüm - 1 m3u8
   🔍 [2/5] Bölüm: https://diziyiizle2.com/gittigimizi-kimse-gormedi/1-sezon-2-bolum/
📺 Embed URL bulundu: https://vidlax.xyz/embed/2c47e5e22d6ad2ac
🔍 Embed URL kontrol ediliyor: https://vidlax.xyz/embed/2c47e5e22d6ad2ac
📄 Embed sayfa içeriği alındı, boyut: 42818 karakter
🎬 Video Başlığı: No One Saw Us Leave
📝 Video Açıklaması: 1.Sezon 2.Bölüm
🎯 Tam Başlık: No One Saw Us Leave - 1.Sezon 2.Bölüm
🎯 HEX DECODE - m3u8 bulundu: https://vidlax.xyz/upload/4b526a378fcbed5f90bf58f99e37483c96d2/master.m3u8
      ✅ No One Saw Us Leave - 1.Sezon 2.Bölüm - 1 m3u8
   🔍 [3/5] Bölüm: https://diziyiizle2.com/gittigimizi-kimse-gormedi/1-sezon-3-bolum/
📺 Embed URL bulundu: https://vidlax.xyz/embed/b4c4fdfb73e15eca
🔍 Embed URL kontrol ediliyor: https://vidlax.xyz/embed/b4c4fdfb73e15eca
📄 Embed sayfa içeriği alındı, boyut: 42644 karakter
🎬 Video Başlığı: No One Saw Us Leave
📝 Video Açıklaması: 1.Sezon 3.Bölüm
🎯 Tam Başlık: No One Saw Us Leave - 1.Sezon 3.Bölüm
🎯 HEX DECODE - m3u8 bulundu: https://vidlax.xyz/upload/664951ed85bfc329c28d9c486fe31bbbc90c/master.m3u8
      ✅ No One Saw Us Leave - 1.Sezon 3.Bölüm - 1 m3u8
   🔍 [4/5] Bölüm: https://diziyiizle2.com/gittigimizi-kimse-gormedi/1-sezon-4-bolum/
📺 Embed URL bulundu: https://vidlax.xyz/embed/085cccdef1a6b7e8
🔍 Embed URL kontrol ediliyor: https://vidlax.xyz/embed/085cccdef1a6b7e8
📄 Embed sayfa içeriği alındı, boyut: 42644 karakter
🎬 Video Başlığı: No One Saw Us Leave
📝 Video Açıklaması: 1.Sezon 4.Bölüm
🎯 Tam Başlık: No One Saw Us Leave - 1.Sezon 4.Bölüm
🎯 HEX DECODE - m3u8 bulundu: https://vidlax.xyz/upload/fe2fd212b10def2da30e92fc2396ffd94cc0/master.m3u8
      ✅ No One Saw Us Leave - 1.Sezon 4.Bölüm - 1 m3u8
   🔍 [5/5] Bölüm: https://diziyiizle2.com/gittigimizi-kimse-gormedi/1-sezon-5-bolum/
📺 Embed URL bulundu: https://vidlax.xyz/embed/ebfca3c42b3c8284
🔍 Embed URL kontrol ediliyor: https://vidlax.xyz/embed/ebfca3c42b3c8284
📄 Embed sayfa içeriği alındı, boyut: 42644 karakter
🎬 Video Başlığı: No One Saw Us Leave
📝 Video Açıklaması: 1.Sezon 5.Bölüm
🎯 Tam Başlık: No One Saw Us Leave - 1.Sezon 5.Bölüm
🎯 HEX DECODE - m3u8 bulundu: https://vidlax.xyz/upload/e344711673a4e05e34b8557225a4f573e86b/master.m3u8
      ✅ No One Saw Us Leave - 1.Sezon 5.Bölüm - 1 m3u8
      📁 Dizi playlist: playlists/gittigimizi_kimse_gormedi_playlist.m3u
   ✅ Dizi tamamlandı: 5 m3u8 eklendi

============================================================
🎬 [11/56] İşleniyor: https://diziyiizle2.com/dizi/loot/
📺 Bölüm bulundu: 1. Sezon 1. BölümAltyazılı15.10.202531 dk. - https://diziyiizle2.com/loot/1-sezon-1-bolum/
📺 Bölüm bulundu: 1. Sezon 2. BölümAltyazılı15.10.202527 dk. - https://diziyiizle2.com/loot/1-sezon-2-bolum/
📺 Bölüm bulundu: 1. Sezon 3. BölümAltyazılı15.10.202528 dk. - https://diziyiizle2.com/loot/1-sezon-3-bolum/
📺 Bölüm bulundu: 1. Sezon 4. BölümAltyazılı15.10.202525 dk. - https://diziyiizle2.com/loot/1-sezon-4-bolum/
📺 Bölüm bulundu: 1. Sezon 5. BölümAltyazılı15.10.202524 dk. - https://diziyiizle2.com/loot/1-sezon-5-bolum/
📺 Bölüm bulundu: 1. Sezon 6. BölümAltyazılı15.10.202527 dk. - https://diziyiizle2.com/loot/1-sezon-6-bolum/
📺 Bölüm bulundu: 1. Sezon 7. BölümAltyazılı15.10.202526 dk. - https://diziyiizle2.com/loot/1-sezon-7-bolum/
📺 Bölüm bulundu: 1. Sezon 8. BölümAltyazılı15.10.202527 dk. - https://diziyiizle2.com/loot/1-sezon-8-bolum/
📺 Bölüm bulundu: 1. Sezon 9. BölümAltyazılı15.10.202527 dk. - https://diziyiizle2.com/loot/1-sezon-9-bolum/
📺 Bölüm bulundu: 1. Sezon 10. BölümAltyazılı15.10.202534 dk. - https://diziyiizle2.com/loot/1-sezon-10-bolum/
📺 Bölüm bulundu: 2. Sezon 1. BölümAltyazılı15.10.202528 dk. - https://diziyiizle2.com/loot/2-sezon-1-bolum/
📺 Bölüm bulundu: 2. Sezon 2. BölümAltyazılı15.10.202530 dk. - https://diziyiizle2.com/loot/2-sezon-2-bolum/
📺 Bölüm bulundu: 2. Sezon 3. BölümAltyazılı15.10.202530 dk. - https://diziyiizle2.com/loot/2-sezon-3-bolum/
📺 Bölüm bulundu: 2. Sezon 4. BölümAltyazılı15.10.202527 dk. - https://diziyiizle2.com/loot/2-sezon-4-bolum/
📺 Bölüm bulundu: 2. Sezon 5. BölümAltyazılı15.10.202525 dk. - https://diziyiizle2.com/loot/2-sezon-5-bolum/
📺 Bölüm bulundu: 2. Sezon 6. BölümAltyazılı15.10.202527 dk. - https://diziyiizle2.com/loot/2-sezon-6-bolum/
📺 Bölüm bulundu: 2. Sezon 7. BölümAltyazılı15.10.202528 dk. - https://diziyiizle2.com/loot/2-sezon-7-bolum/
📺 Bölüm bulundu: 2. Sezon 8. BölümAltyazılı15.10.202526 dk. - https://diziyiizle2.com/loot/2-sezon-8-bolum/
📺 Bölüm bulundu: 2. Sezon 9. BölümAltyazılı15.10.202529 dk. - https://diziyiizle2.com/loot/2-sezon-9-bolum/
📺 Bölüm bulundu: 2. Sezon 10. BölümAltyazılı15.10.202530 dk. - https://diziyiizle2.com/loot/2-sezon-10-bolum/
📺 Bölüm bulundu: 3. Sezon 1. BölümAltyazılı15.10.202528 dk. - https://diziyiizle2.com/loot/3-sezon-1-bolum/
📺 Bölüm bulundu: 3. Sezon 2. BölümAltyazılı15.10.202527 dk. - https://diziyiizle2.com/loot/3-sezon-2-bolum/
📺 Bölüm bulundu: 3. Sezon 3. BölümAltyazılı22.10.202525 dk. - https://diziyiizle2.com/loot/3-sezon-3-bolum/
📺 Bölüm bulundu: 3. Sezon 4. BölümAltyazılı15.10.2025 - https://diziyiizle2.com/loot/3-sezon-4-bolum/
📺 Bölüm bulundu: 3. Sezon 5. BölümAltyazılı15.10.2025 - https://diziyiizle2.com/loot/3-sezon-5-bolum/
📺 Bölüm bulundu: 3. Sezon 6. BölümAltyazılı15.10.2025 - https://diziyiizle2.com/loot/3-sezon-6-bolum/
📺 Bölüm bulundu: 3. Sezon 7. BölümAltyazılı15.10.2025 - https://diziyiizle2.com/loot/3-sezon-7-bolum/
📺 Bölüm bulundu: 3. Sezon 8. BölümAltyazılı15.10.2025 - https://diziyiizle2.com/loot/3-sezon-8-bolum/
📺 Bölüm bulundu: 3. Sezon 9. BölümAltyazılı15.10.2025 - https://diziyiizle2.com/loot/3-sezon-9-bolum/
📺 Bölüm bulundu: 3. Sezon 10. BölümAltyazılı15.10.2025 - https://diziyiizle2.com/loot/3-sezon-10-bolum/

📊 Toplam 30 bölüm bulundu
   🔍 [1/30] Bölüm: https://diziyiizle2.com/loot/1-sezon-1-bolum/
📺 Embed URL bulundu: https://vidlax.xyz/embed/973145072ab0aa1c
🔍 Embed URL kontrol ediliyor: https://vidlax.xyz/embed/973145072ab0aa1c
📄 Embed sayfa içeriği alındı, boyut: 43481 karakter
🎬 Video Başlığı: Loot
📝 Video Açıklaması: 1.Sezon 1.Bölüm
🎯 Tam Başlık: Loot - 1.Sezon 1.Bölüm
🎯 HEX DECODE - m3u8 bulundu: https://vidlax.xyz/upload/4ee7b7a6962d15e4fabf8426faca6d36de2b/master.m3u8
      ✅ Loot - 1.Sezon 1.Bölüm - 1 m3u8
   🔍 [2/30] Bölüm: https://diziyiizle2.com/loot/1-sezon-2-bolum/
📺 Embed URL bulundu: https://vidlax.xyz/embed/663c95264e8ea476
🔍 Embed URL kontrol ediliyor: https://vidlax.xyz/embed/663c95264e8ea476
📄 Embed sayfa içeriği alındı, boyut: 43287 karakter
🎬 Video Başlığı: Loot
📝 Video Açıklaması: 1.Sezon 2.Bölüm
🎯 Tam Başlık: Loot - 1.Sezon 2.Bölüm
🎯 HEX DECODE - m3u8 bulundu: https://vidlax.xyz/upload/ee34cd6dffdac7c62b0ddaba9bca44151175/master.m3u8
      ✅ Loot - 1.Sezon 2.Bölüm - 1 m3u8
   🔍 [3/30] Bölüm: https://diziyiizle2.com/loot/1-sezon-3-bolum/
📺 Embed URL bulundu: https://vidlax.xyz/embed/dd0fbe1c9b8e7092
🔍 Embed URL kontrol ediliyor: https://vidlax.xyz/embed/dd0fbe1c9b8e7092
📄 Embed sayfa içeriği alındı, boyut: 43136 karakter
🎬 Video Başlığı: Loot
📝 Video Açıklaması: 1.Sezon 3.Bölüm
🎯 Tam Başlık: Loot - 1.Sezon 3.Bölüm
🎯 HEX DECODE - m3u8 bulundu: https://vidlax.xyz/upload/14d6fb03357ad1c19a59e18b964dd9a95911/master.m3u8
      ✅ Loot - 1.Sezon 3.Bölüm - 1 m3u8
   🔍 [4/30] Bölüm: https://diziyiizle2.com/loot/1-sezon-4-bolum/
📺 Embed URL bulundu: https://vidlax.xyz/embed/d91b5a8b18538943
🔍 Embed URL kontrol ediliyor: https://vidlax.xyz/embed/d91b5a8b18538943
📄 Embed sayfa içeriği alındı, boyut: 43961 karakter
🎬 Video Başlığı: Loot
📝 Video Açıklaması: 1.Sezon 4.Bölüm
🎯 Tam Başlık: Loot - 1.Sezon 4.Bölüm
🎯 HEX DECODE - m3u8 bulundu: https://vidlax.xyz/upload/1246f111225d2115ab35ecfb9678b2833dc7/master.m3u8
      ✅ Loot - 1.Sezon 4.Bölüm - 1 m3u8
   🔍 [5/30] Bölüm: https://diziyiizle2.com/loot/1-sezon-5-bolum/
📺 Embed URL bulundu: https://vidlax.xyz/embed/e18e96af89e957ee
🔍 Embed URL kontrol ediliyor: https://vidlax.xyz/embed/e18e96af89e957ee
📄 Embed sayfa içeriği alındı, boyut: 43136 karakter
🎬 Video Başlığı: Loot
📝 Video Açıklaması: 1.Sezon 5.Bölüm
🎯 Tam Başlık: Loot - 1.Sezon 5.Bölüm
🎯 HEX DECODE - m3u8 bulundu: https://vidlax.xyz/upload/6ff40d5c86d30f00ee2af110bbb27997f8a5/master.m3u8
      ✅ Loot - 1.Sezon 5.Bölüm - 1 m3u8
   🔍 [6/30] Bölüm: https://diziyiizle2.com/loot/1-sezon-6-bolum/
📺 Embed URL bulundu: https://vidlax.xyz/embed/0708a84097594ab6
🔍 Embed URL kontrol ediliyor: https://vidlax.xyz/embed/0708a84097594ab6
📄 Embed sayfa içeriği alındı, boyut: 43136 karakter
🎬 Video Başlığı: Loot
📝 Video Açıklaması: 1.Sezon 6.Bölüm
🎯 Tam Başlık: Loot - 1.Sezon 6.Bölüm
🎯 HEX DECODE - m3u8 bulundu: https://vidlax.xyz/upload/6c66f87ae9c97edbf33e95022dc413493178/master.m3u8
      ✅ Loot - 1.Sezon 6.Bölüm - 1 m3u8
   🔍 [7/30] Bölüm: https://diziyiizle2.com/loot/1-sezon-7-bolum/
📺 Embed URL bulundu: https://vidlax.xyz/embed/a6d3007bb1f0e749
🔍 Embed URL kontrol ediliyor: https://vidlax.xyz/embed/a6d3007bb1f0e749
📄 Embed sayfa içeriği alındı, boyut: 43136 karakter
🎬 Video Başlığı: Loot
📝 Video Açıklaması: 1.Sezon 7.Bölüm
🎯 Tam Başlık: Loot - 1.Sezon 7.Bölüm
🎯 HEX DECODE - m3u8 bulundu: https://vidlax.xyz/upload/5976445af56da35b5cf62f9bc526f7eb78f3/master.m3u8
      ✅ Loot - 1.Sezon 7.Bölüm - 1 m3u8
   🔍 [8/30] Bölüm: https://diziyiizle2.com/loot/1-sezon-8-bolum/
📺 Embed URL bulundu: https://vidlax.xyz/embed/6a728a7d2f9a75d3
🔍 Embed URL kontrol ediliyor: https://vidlax.xyz/embed/6a728a7d2f9a75d3
📄 Embed sayfa içeriği alındı, boyut: 45144 karakter
🎬 Video Başlığı: Loot
📝 Video Açıklaması: 1.Sezon 8.Bölüm
🎯 Tam Başlık: Loot - 1.Sezon 8.Bölüm
🎯 HEX DECODE - m3u8 bulundu: https://vidlax.xyz/upload/46f857f7522148c75a9a4527220ad48807ae/master.m3u8
      ✅ Loot - 1.Sezon 8.Bölüm - 1 m3u8
   🔍 [9/30] Bölüm: https://diziyiizle2.com/loot/1-sezon-9-bolum/
📺 Embed URL bulundu: https://vidlax.xyz/embed/25b0b680b6eafbac
🔍 Embed URL kontrol ediliyor: https://vidlax.xyz/embed/25b0b680b6eafbac
📄 Embed sayfa içeriği alındı, boyut: 45300 karakter
🎬 Video Başlığı: Loot
📝 Video Açıklaması: 1.Sezon 9.Bölüm
🎯 Tam Başlık: Loot - 1.Sezon 9.Bölüm
🎯 HEX DECODE - m3u8 bulundu: https://vidlax.xyz/upload/9d3ed3f04e764d39bbc71edfe39d647e5396/master.m3u8
      ✅ Loot - 1.Sezon 9.Bölüm - 1 m3u8
   🔍 [10/30] Bölüm: https://diziyiizle2.com/loot/1-sezon-10-bolum/
📺 Embed URL bulundu: https://vidlax.xyz/embed/7c2040b88ecfc9bf
🔍 Embed URL kontrol ediliyor: https://vidlax.xyz/embed/7c2040b88ecfc9bf
📄 Embed sayfa içeriği alındı, boyut: 43137 karakter
🎬 Video Başlığı: Loot
📝 Video Açıklaması: 1.Sezon 10.Bölüm
🎯 Tam Başlık: Loot - 1.Sezon 10.Bölüm
🎯 HEX DECODE - m3u8 bulundu: https://vidlax.xyz/upload/bbba30b5dfe9f816d064549b1ae7712f716a/master.m3u8
      ✅ Loot - 1.Sezon 10.Bölüm - 1 m3u8
   🔍 [11/30] Bölüm: https://diziyiizle2.com/loot/2-sezon-1-bolum/
📺 Embed URL bulundu: https://vidlax.xyz/embed/f338c4cf484ce857
🔍 Embed URL kontrol ediliyor: https://vidlax.xyz/embed/f338c4cf484ce857
📄 Embed sayfa içeriği alındı, boyut: 43136 karakter
🎬 Video Başlığı: Loot
📝 Video Açıklaması: 2.Sezon 1.Bölüm
🎯 Tam Başlık: Loot - 2.Sezon 1.Bölüm
🎯 HEX DECODE - m3u8 bulundu: https://vidlax.xyz/upload/c1740ac21f47a0c04f745027a8a54b5463d6/master.m3u8
      ✅ Loot - 2.Sezon 1.Bölüm - 1 m3u8
   🔍 [12/30] Bölüm: https://diziyiizle2.com/loot/2-sezon-2-bolum/
📺 Embed URL bulundu: https://vidlax.xyz/embed/9a86b00b0415f768
🔍 Embed URL kontrol ediliyor: https://vidlax.xyz/embed/9a86b00b0415f768
📄 Embed sayfa içeriği alındı, boyut: 43136 karakter
🎬 Video Başlığı: Loot
📝 Video Açıklaması: 2.Sezon 2.Bölüm
🎯 Tam Başlık: Loot - 2.Sezon 2.Bölüm
🎯 HEX DECODE - m3u8 bulundu: https://vidlax.xyz/upload/1e4f9d35182721942d9246075e923ad34f42/master.m3u8
      ✅ Loot - 2.Sezon 2.Bölüm - 1 m3u8
   🔍 [13/30] Bölüm: https://diziyiizle2.com/loot/2-sezon-3-bolum/
📺 Embed URL bulundu: https://vidlax.xyz/embed/8269ae11d5b4c755
🔍 Embed URL kontrol ediliyor: https://vidlax.xyz/embed/8269ae11d5b4c755
📄 Embed sayfa içeriği alındı, boyut: 43136 karakter
🎬 Video Başlığı: Loot
📝 Video Açıklaması: 2.Sezon 3.Bölüm
🎯 Tam Başlık: Loot - 2.Sezon 3.Bölüm
🎯 HEX DECODE - m3u8 bulundu: https://vidlax.xyz/upload/fc19a359bb2cbf11ab7e06d26b40faee5070/master.m3u8
      ✅ Loot - 2.Sezon 3.Bölüm - 1 m3u8
   🔍 [14/30] Bölüm: https://diziyiizle2.com/loot/2-sezon-4-bolum/
📺 Embed URL bulundu: https://vidlax.xyz/embed/68ea08e9ad8ccc4e
🔍 Embed URL kontrol ediliyor: https://vidlax.xyz/embed/68ea08e9ad8ccc4e
📄 Embed sayfa içeriği alındı, boyut: 43136 karakter
🎬 Video Başlığı: Loot
📝 Video Açıklaması: 2.Sezon 4.Bölüm
🎯 Tam Başlık: Loot - 2.Sezon 4.Bölüm
🎯 HEX DECODE - m3u8 bulundu: https://vidlax.xyz/upload/edf6d5c2a6360efa0ec01c3410d571ddeef3/master.m3u8
      ✅ Loot - 2.Sezon 4.Bölüm - 1 m3u8
   🔍 [15/30] Bölüm: https://diziyiizle2.com/loot/2-sezon-5-bolum/
📺 Embed URL bulundu: https://vidlax.xyz/embed/26372baf0a863d1e
🔍 Embed URL kontrol ediliyor: https://vidlax.xyz/embed/26372baf0a863d1e
📄 Embed sayfa içeriği alındı, boyut: 43273 karakter
🎬 Video Başlığı: Loot
📝 Video Açıklaması: 2.Sezon 5.Bölüm
🎯 Tam Başlık: Loot - 2.Sezon 5.Bölüm
🎯 HEX DECODE - m3u8 bulundu: https://vidlax.xyz/upload/edc2c8d5ed9bf6b40e36bfe17cc9c76d516b/master.m3u8
      ✅ Loot - 2.Sezon 5.Bölüm - 1 m3u8
   🔍 [16/30] Bölüm: https://diziyiizle2.com/loot/2-sezon-6-bolum/
📺 Embed URL bulundu: https://vidlax.xyz/embed/4061f4ee79735a18
🔍 Embed URL kontrol ediliyor: https://vidlax.xyz/embed/4061f4ee79735a18
📄 Embed sayfa içeriği alındı, boyut: 43136 karakter
🎬 Video Başlığı: Loot
📝 Video Açıklaması: 2.Sezon 6.Bölüm
🎯 Tam Başlık: Loot - 2.Sezon 6.Bölüm
🎯 HEX DECODE - m3u8 bulundu: https://vidlax.xyz/upload/cb7f11e1537824e032771c8cefbb56c639cf/master.m3u8
      ✅ Loot - 2.Sezon 6.Bölüm - 1 m3u8
   🔍 [17/30] Bölüm: https://diziyiizle2.com/loot/2-sezon-7-bolum/
📺 Embed URL bulundu: https://vidlax.xyz/embed/288575f10c5982e8
🔍 Embed URL kontrol ediliyor: https://vidlax.xyz/embed/288575f10c5982e8
📄 Embed sayfa içeriği alındı, boyut: 43273 karakter
🎬 Video Başlığı: Loot
📝 Video Açıklaması: 2.Sezon 7.Bölüm
🎯 Tam Başlık: Loot - 2.Sezon 7.Bölüm
🎯 HEX DECODE - m3u8 bulundu: https://vidlax.xyz/upload/6e06b46dd5e02e88391f91f69ca986720bb7/master.m3u8
      ✅ Loot - 2.Sezon 7.Bölüm - 1 m3u8
   🔍 [18/30] Bölüm: https://diziyiizle2.com/loot/2-sezon-8-bolum/
📺 Embed URL bulundu: https://vidlax.xyz/embed/1dd721d32d7f4651
🔍 Embed URL kontrol ediliyor: https://vidlax.xyz/embed/1dd721d32d7f4651
📄 Embed sayfa içeriği alındı, boyut: 43136 karakter
🎬 Video Başlığı: Loot
📝 Video Açıklaması: 2.Sezon 8.Bölüm
🎯 Tam Başlık: Loot - 2.Sezon 8.Bölüm
🎯 HEX DECODE - m3u8 bulundu: https://vidlax.xyz/upload/40eba84e2f755ca5a6a9a341d00da9753415/master.m3u8
      ✅ Loot - 2.Sezon 8.Bölüm - 1 m3u8
   🔍 [19/30] Bölüm: https://diziyiizle2.com/loot/2-sezon-9-bolum/
📺 Embed URL bulundu: https://vidlax.xyz/embed/ed1f0a5090e8f0a6
🔍 Embed URL kontrol ediliyor: https://vidlax.xyz/embed/ed1f0a5090e8f0a6
📄 Embed sayfa içeriği alındı, boyut: 43136 karakter
🎬 Video Başlığı: Loot
📝 Video Açıklaması: 2.Sezon 9.Bölüm
🎯 Tam Başlık: Loot - 2.Sezon 9.Bölüm
🎯 HEX DECODE - m3u8 bulundu: https://vidlax.xyz/upload/ec9589603717a523364dab86d53dcc23bb9f/master.m3u8
      ✅ Loot - 2.Sezon 9.Bölüm - 1 m3u8
   🔍 [20/30] Bölüm: https://diziyiizle2.com/loot/2-sezon-10-bolum/
📺 Embed URL bulundu: https://vidlax.xyz/embed/d36e45fecd651526
🔍 Embed URL kontrol ediliyor: https://vidlax.xyz/embed/d36e45fecd651526
📄 Embed sayfa içeriği alındı, boyut: 43137 karakter
🎬 Video Başlığı: Loot
📝 Video Açıklaması: 2.Sezon 10.Bölüm
🎯 Tam Başlık: Loot - 2.Sezon 10.Bölüm
🎯 HEX DECODE - m3u8 bulundu: https://vidlax.xyz/upload/ac79959a320b37ee75ecc2c701e256c2ad86/master.m3u8
      ✅ Loot - 2.Sezon 10.Bölüm - 1 m3u8
   🔍 [21/30] Bölüm: https://diziyiizle2.com/loot/3-sezon-1-bolum/
📺 Embed URL bulundu: https://vidlax.xyz/embed/bdba6dea832daaa1
🔍 Embed URL kontrol ediliyor: https://vidlax.xyz/embed/bdba6dea832daaa1
📄 Embed sayfa içeriği alındı, boyut: 42781 karakter
🎬 Video Başlığı: Loot
📝 Video Açıklaması: 3.Sezon 1.Bölüm
🎯 Tam Başlık: Loot - 3.Sezon 1.Bölüm
🎯 HEX DECODE - m3u8 bulundu: https://vidlax.xyz/upload/b86cfae9ea6b59fc3de53485c91021b89eb1/master.m3u8
      ✅ Loot - 3.Sezon 1.Bölüm - 1 m3u8
   🔍 [22/30] Bölüm: https://diziyiizle2.com/loot/3-sezon-2-bolum/
📺 Embed URL bulundu: https://vidlax.xyz/embed/fb2181ac2e6e1b72
🔍 Embed URL kontrol ediliyor: https://vidlax.xyz/embed/fb2181ac2e6e1b72
📄 Embed sayfa içeriği alındı, boyut: 43111 karakter
🎬 Video Başlığı: Loot
📝 Video Açıklaması: 3.Sezon 2.Bölüm
🎯 Tam Başlık: Loot - 3.Sezon 2.Bölüm
🎯 HEX DECODE - m3u8 bulundu: https://vidlax.xyz/upload/4c33d5e870839053f04b435fc36f481a4be1/master.m3u8
      ✅ Loot - 3.Sezon 2.Bölüm - 1 m3u8
   🔍 [23/30] Bölüm: https://diziyiizle2.com/loot/3-sezon-3-bolum/
📺 Embed URL bulundu: https://vidlax.xyz/embed/abd50ce66b5e0c90
🔍 Embed URL kontrol ediliyor: https://vidlax.xyz/embed/abd50ce66b5e0c90
📄 Embed sayfa içeriği alındı, boyut: 43136 karakter
🎬 Video Başlığı: Loot
📝 Video Açıklaması: 3.Sezon 3.Bölüm
🎯 Tam Başlık: Loot - 3.Sezon 3.Bölüm
🎯 HEX DECODE - m3u8 bulundu: https://vidlax.xyz/upload/1e268f9f56f6bed245e64d3c1aea457aa0bc/master.m3u8
      ✅ Loot - 3.Sezon 3.Bölüm - 1 m3u8
   🔍 [24/30] Bölüm: https://diziyiizle2.com/loot/3-sezon-4-bolum/

🔍 Vidlax direkt analizi: https://diziyiizle2.com/loot/3-sezon-4-bolum/
📄 Sayfa içeriği alındı: 123412 karakter
❌ m3u8 URL'si bulunamadı
      ❌ m3u8 bulunamadı
   🔍 [25/30] Bölüm: https://diziyiizle2.com/loot/3-sezon-5-bolum/

🔍 Vidlax direkt analizi: https://diziyiizle2.com/loot/3-sezon-5-bolum/
📄 Sayfa içeriği alındı: 123413 karakter
❌ m3u8 URL'si bulunamadı
      ❌ m3u8 bulunamadı
   🔍 [26/30] Bölüm: https://diziyiizle2.com/loot/3-sezon-6-bolum/

🔍 Vidlax direkt analizi: https://diziyiizle2.com/loot/3-sezon-6-bolum/
📄 Sayfa içeriği alındı: 123413 karakter
❌ m3u8 URL'si bulunamadı
      ❌ m3u8 bulunamadı
   🔍 [27/30] Bölüm: https://diziyiizle2.com/loot/3-sezon-7-bolum/

🔍 Vidlax direkt analizi: https://diziyiizle2.com/loot/3-sezon-7-bolum/
📄 Sayfa içeriği alındı: 123412 karakter
❌ m3u8 URL'si bulunamadı
      ❌ m3u8 bulunamadı
   🔍 [28/30] Bölüm: https://diziyiizle2.com/loot/3-sezon-8-bolum/

🔍 Vidlax direkt analizi: https://diziyiizle2.com/loot/3-sezon-8-bolum/
📄 Sayfa içeriği alındı: 123413 karakter
❌ m3u8 URL'si bulunamadı
      ❌ m3u8 bulunamadı
   🔍 [29/30] Bölüm: https://diziyiizle2.com/loot/3-sezon-9-bolum/

🔍 Vidlax direkt analizi: https://diziyiizle2.com/loot/3-sezon-9-bolum/
📄 Sayfa içeriği alındı: 123413 karakter
❌ m3u8 URL'si bulunamadı
      ❌ m3u8 bulunamadı
   🔍 [30/30] Bölüm: https://diziyiizle2.com/loot/3-sezon-10-bolum/

🔍 Vidlax direkt analizi: https://diziyiizle2.com/loot/3-sezon-10-bolum/
📄 Sayfa içeriği alındı: 123431 karakter
❌ m3u8 URL'si bulunamadı
      ❌ m3u8 bulunamadı
      📁 Dizi playlist: playlists/loot_playlist.m3u
   ✅ Dizi tamamlandı: 23 m3u8 eklendi

============================================================
🎬 [12/56] İşleniyor: https://diziyiizle2.com/dizi/dmv/
📺 Bölüm bulundu: 1. Sezon 1. BölümAltyazılı15.10.2025 - https://diziyiizle2.com/dmv/1-sezon-1-bolum/
📺 Bölüm bulundu: 1. Sezon 2. BölümAltyazılı21.10.2025 - https://diziyiizle2.com/dmv/1-sezon-2-bolum/
📺 Bölüm bulundu: 1. Sezon 3. BölümAltyazılı15.10.2025 - https://diziyiizle2.com/dmv/1-sezon-3-bolum/
📺 Bölüm bulundu: 1. Sezon 4. BölümAltyazılı15.10.2025 - https://diziyiizle2.com/dmv/1-sezon-4-bolum/

📊 Toplam 4 bölüm bulundu
   🔍 [1/4] Bölüm: https://diziyiizle2.com/dmv/1-sezon-1-bolum/
📺 Embed URL bulundu: https://vidlax.xyz/embed/cf6fda08a65e9925
🔍 Embed URL kontrol ediliyor: https://vidlax.xyz/embed/cf6fda08a65e9925
📄 Embed sayfa içeriği alındı, boyut: 39700 karakter
🎬 Video Başlığı: DMV
📝 Video Açıklaması: 1.Sezon 1.Bölüm
🎯 Tam Başlık: DMV - 1.Sezon 1.Bölüm
🎯 HEX DECODE - m3u8 bulundu: https://vidlax.xyz/upload/9574ef9ad300e07e3f97f433dfff40248ea0/master.m3u8
      ✅ DMV - 1.Sezon 1.Bölüm - 1 m3u8
   🔍 [2/4] Bölüm: https://diziyiizle2.com/dmv/1-sezon-2-bolum/
📺 Embed URL bulundu: https://vidlax.xyz/embed/68a79b78c241beea
🔍 Embed URL kontrol ediliyor: https://vidlax.xyz/embed/68a79b78c241beea
📄 Embed sayfa içeriği alındı, boyut: 39842 karakter
🎬 Video Başlığı: DMV
📝 Video Açıklaması: 1.Sezon 2.Bölüm
🎯 Tam Başlık: DMV - 1.Sezon 2.Bölüm
🎯 HEX DECODE - m3u8 bulundu: https://vidlax.xyz/upload/9c09c2e836dee4b8ab8f4bcc598214a0347c/master.m3u8
      ✅ DMV - 1.Sezon 2.Bölüm - 1 m3u8
   🔍 [3/4] Bölüm: https://diziyiizle2.com/dmv/1-sezon-3-bolum/

🔍 Vidlax direkt analizi: https://diziyiizle2.com/dmv/1-sezon-3-bolum/
📄 Sayfa içeriği alındı: 89911 karakter
❌ m3u8 URL'si bulunamadı
      ❌ m3u8 bulunamadı
   🔍 [4/4] Bölüm: https://diziyiizle2.com/dmv/1-sezon-4-bolum/

🔍 Vidlax direkt analizi: https://diziyiizle2.com/dmv/1-sezon-4-bolum/
📄 Sayfa içeriği alındı: 89910 karakter
❌ m3u8 URL'si bulunamadı
      ❌ m3u8 bulunamadı
      📁 Dizi playlist: playlists/dmv_playlist.m3u
   ✅ Dizi tamamlandı: 2 m3u8 eklendi

============================================================
🎬 [13/56] İşleniyor: https://diziyiizle2.com/dizi/bad-thoughts/
📺 Bölüm bulundu: 1. Sezon 1. BölümDublaj14.10.202518 dk. - https://diziyiizle2.com/bad-thoughts/1-sezon-1-bolum/
📺 Bölüm bulundu: 1. Sezon 2. BölümDublaj14.10.202523 dk. - https://diziyiizle2.com/bad-thoughts/1-sezon-2-bolum/
📺 Bölüm bulundu: 1. Sezon 3. BölümDublaj14.10.202523 dk. - https://diziyiizle2.com/bad-thoughts/1-sezon-3-bolum/
📺 Bölüm bulundu: 1. Sezon 4. BölümDublaj14.10.202518 dk. - https://diziyiizle2.com/bad-thoughts/1-sezon-4-bolum/
📺 Bölüm bulundu: 1. Sezon 5. BölümDublaj14.10.202520 dk. - https://diziyiizle2.com/bad-thoughts/1-sezon-5-bolum/
📺 Bölüm bulundu: 1. Sezon 6. BölümDublaj14.10.202518 dk. - https://diziyiizle2.com/bad-thoughts/1-sezon-6-bolum/

📊 Toplam 6 bölüm bulundu
   🔍 [1/6] Bölüm: https://diziyiizle2.com/bad-thoughts/1-sezon-1-bolum/
📺 Embed URL bulundu: https://vidlax.xyz/embed/fba6c04d3a6b1f3a
🔍 Embed URL kontrol ediliyor: https://vidlax.xyz/embed/fba6c04d3a6b1f3a
📄 Embed sayfa içeriği alındı, boyut: 42604 karakter
🎬 Video Başlığı: Bad Thoughts
📝 Video Açıklaması: 1.Sezon 1.Bölüm
🎯 Tam Başlık: Bad Thoughts - 1.Sezon 1.Bölüm
🎯 HEX DECODE - m3u8 bulundu: https://vidlax.xyz/upload/8e88d27c8ad378994d60e563f109b1a4546e/master.m3u8
      ✅ Bad Thoughts - 1.Sezon 1.Bölüm - 1 m3u8
   🔍 [2/6] Bölüm: https://diziyiizle2.com/bad-thoughts/1-sezon-2-bolum/
📺 Embed URL bulundu: https://vidlax.xyz/embed/84dd612b5edf7abd
🔍 Embed URL kontrol ediliyor: https://vidlax.xyz/embed/84dd612b5edf7abd
📄 Embed sayfa içeriği alındı, boyut: 42455 karakter
🎬 Video Başlığı: Bad Thoughts
📝 Video Açıklaması: 1.Sezon 2.Bölüm
🎯 Tam Başlık: Bad Thoughts - 1.Sezon 2.Bölüm
🎯 HEX DECODE - m3u8 bulundu: https://vidlax.xyz/upload/1b8d1168f6c01cca7f39722412e9ec293f14/master.m3u8
      ✅ Bad Thoughts - 1.Sezon 2.Bölüm - 1 m3u8
   🔍 [3/6] Bölüm: https://diziyiizle2.com/bad-thoughts/1-sezon-3-bolum/
📺 Embed URL bulundu: https://vidlax.xyz/embed/173c38cae0392eab
🔍 Embed URL kontrol ediliyor: https://vidlax.xyz/embed/173c38cae0392eab
📄 Embed sayfa içeriği alındı, boyut: 42455 karakter
🎬 Video Başlığı: Bad Thoughts
📝 Video Açıklaması: 1.Sezon 3.Bölüm
🎯 Tam Başlık: Bad Thoughts - 1.Sezon 3.Bölüm
🎯 HEX DECODE - m3u8 bulundu: https://vidlax.xyz/upload/5726ac2306966145bf2b3114e69d88562563/master.m3u8
      ✅ Bad Thoughts - 1.Sezon 3.Bölüm - 1 m3u8
   🔍 [4/6] Bölüm: https://diziyiizle2.com/bad-thoughts/1-sezon-4-bolum/
📺 Embed URL bulundu: https://vidlax.xyz/embed/a3bdb0046f0333e9
🔍 Embed URL kontrol ediliyor: https://vidlax.xyz/embed/a3bdb0046f0333e9
📄 Embed sayfa içeriği alındı, boyut: 42278 karakter
🎬 Video Başlığı: Bad Thoughts
📝 Video Açıklaması: 1.Sezon 4.Bölüm
🎯 Tam Başlık: Bad Thoughts - 1.Sezon 4.Bölüm
🎯 HEX DECODE - m3u8 bulundu: https://vidlax.xyz/upload/617de4fc41b8c8b6baa395fd0b2c20e2b95a/master.m3u8
      ✅ Bad Thoughts - 1.Sezon 4.Bölüm - 1 m3u8
   🔍 [5/6] Bölüm: https://diziyiizle2.com/bad-thoughts/1-sezon-5-bolum/
📺 Embed URL bulundu: https://vidlax.xyz/embed/2e65e4112cb45329
🔍 Embed URL kontrol ediliyor: https://vidlax.xyz/embed/2e65e4112cb45329
📄 Embed sayfa içeriği alındı, boyut: 42444 karakter
🎬 Video Başlığı: Bad Thoughts
📝 Video Açıklaması: 1.Sezon 5.Bölüm
🎯 Tam Başlık: Bad Thoughts - 1.Sezon 5.Bölüm
🎯 HEX DECODE - m3u8 bulundu: https://vidlax.xyz/upload/06b198cfc392be0ee4deb7156a1e7d6e9be5/master.m3u8
      ✅ Bad Thoughts - 1.Sezon 5.Bölüm - 1 m3u8
   🔍 [6/6] Bölüm: https://diziyiizle2.com/bad-thoughts/1-sezon-6-bolum/
📺 Embed URL bulundu: https://vidlax.xyz/embed/d68705fc0efd618d
🔍 Embed URL kontrol ediliyor: https://vidlax.xyz/embed/d68705fc0efd618d
📄 Embed sayfa içeriği alındı, boyut: 42455 karakter
🎬 Video Başlığı: Bad Thoughts
📝 Video Açıklaması: 1.Sezon 6.Bölüm
🎯 Tam Başlık: Bad Thoughts - 1.Sezon 6.Bölüm
🎯 HEX DECODE - m3u8 bulundu: https://vidlax.xyz/upload/cf27c1193a72094cf40c1eca7f957c9c3ae3/master.m3u8
      ✅ Bad Thoughts - 1.Sezon 6.Bölüm - 1 m3u8
      📁 Dizi playlist: playlists/bad_thoughts_playlist.m3u
   ✅ Dizi tamamlandı: 6 m3u8 eklendi

============================================================
🎬 [14/56] İşleniyor: https://diziyiizle2.com/dizi/ozluyorum-seni/
📺 Bölüm bulundu: 1. Sezon 1. BölümDublaj14.10.202547 dk. - https://diziyiizle2.com/ozluyorum-seni/1-sezon-1-bolum/
📺 Bölüm bulundu: 1. Sezon 2. BölümDublaj14.10.202542 dk. - https://diziyiizle2.com/ozluyorum-seni/1-sezon-2-bolum/
📺 Bölüm bulundu: 1. Sezon 3. BölümDublaj14.10.202546 dk. - https://diziyiizle2.com/ozluyorum-seni/1-sezon-3-bolum/
📺 Bölüm bulundu: 1. Sezon 4. BölümDublaj14.10.202547 dk. - https://diziyiizle2.com/ozluyorum-seni/1-sezon-4-bolum/
📺 Bölüm bulundu: 1. Sezon 5. BölümDublaj14.10.202545 dk. - https://diziyiizle2.com/ozluyorum-seni/1-sezon-5-bolum/

📊 Toplam 5 bölüm bulundu
   🔍 [1/5] Bölüm: https://diziyiizle2.com/ozluyorum-seni/1-sezon-1-bolum/
📺 Embed URL bulundu: https://vidlax.xyz/embed/1cac2ce9ce8cb860
🔍 Embed URL kontrol ediliyor: https://vidlax.xyz/embed/1cac2ce9ce8cb860
📄 Embed sayfa içeriği alındı, boyut: 42790 karakter
🎬 Video Başlığı: Missing You
📝 Video Açıklaması: 1.Sezon 1.Bölüm
🎯 Tam Başlık: Missing You - 1.Sezon 1.Bölüm
🎯 HEX DECODE - m3u8 bulundu: https://vidlax.xyz/upload/fbd14e9a7e45ef59656996f33ff12259c717/master.m3u8
      ✅ Missing You - 1.Sezon 1.Bölüm - 1 m3u8
   🔍 [2/5] Bölüm: https://diziyiizle2.com/ozluyorum-seni/1-sezon-2-bolum/
📺 Embed URL bulundu: https://vidlax.xyz/embed/95272427ed8dbf1b
🔍 Embed URL kontrol ediliyor: https://vidlax.xyz/embed/95272427ed8dbf1b
📄 Embed sayfa içeriği alındı, boyut: 42630 karakter
🎬 Video Başlığı: Missing You
📝 Video Açıklaması: 1.Sezon 2.Bölüm
🎯 Tam Başlık: Missing You - 1.Sezon 2.Bölüm
🎯 HEX DECODE - m3u8 bulundu: https://vidlax.xyz/upload/89fa6f5521c44eef945670276dd028349dc8/master.m3u8
      ✅ Missing You - 1.Sezon 2.Bölüm - 1 m3u8
   🔍 [3/5] Bölüm: https://diziyiizle2.com/ozluyorum-seni/1-sezon-3-bolum/
📺 Embed URL bulundu: https://vidlax.xyz/embed/900389b086cad422
🔍 Embed URL kontrol ediliyor: https://vidlax.xyz/embed/900389b086cad422
📄 Embed sayfa içeriği alındı, boyut: 42790 karakter
🎬 Video Başlığı: Missing You
📝 Video Açıklaması: 1.Sezon 3.Bölüm
🎯 Tam Başlık: Missing You - 1.Sezon 3.Bölüm
🎯 HEX DECODE - m3u8 bulundu: https://vidlax.xyz/upload/2b31562109a9193b8ed5a3ac44c953cc3e01/master.m3u8
      ✅ Missing You - 1.Sezon 3.Bölüm - 1 m3u8
   🔍 [4/5] Bölüm: https://diziyiizle2.com/ozluyorum-seni/1-sezon-4-bolum/
📺 Embed URL bulundu: https://vidlax.xyz/embed/53adf55ba146018c
🔍 Embed URL kontrol ediliyor: https://vidlax.xyz/embed/53adf55ba146018c
📄 Embed sayfa içeriği alındı, boyut: 43154 karakter
🎬 Video Başlığı: Missing You
📝 Video Açıklaması: 1.Sezon 4.Bölüm
🎯 Tam Başlık: Missing You - 1.Sezon 4.Bölüm
🎯 HEX DECODE - m3u8 bulundu: https://vidlax.xyz/upload/ae824e026f79504ab59ef33da15023e099a7/master.m3u8
      ✅ Missing You - 1.Sezon 4.Bölüm - 1 m3u8
   🔍 [5/5] Bölüm: https://diziyiizle2.com/ozluyorum-seni/1-sezon-5-bolum/
📺 Embed URL bulundu: https://vidlax.xyz/embed/123983b894c14ba5
🔍 Embed URL kontrol ediliyor: https://vidlax.xyz/embed/123983b894c14ba5
📄 Embed sayfa içeriği alındı, boyut: 42448 karakter
🎬 Video Başlığı: Missing You
📝 Video Açıklaması: 1.Sezon 5.Bölüm
🎯 Tam Başlık: Missing You - 1.Sezon 5.Bölüm
🎯 HEX DECODE - m3u8 bulundu: https://vidlax.xyz/upload/59d5fe523d15300bf2caf4095f8eb841f34f/master.m3u8
      ✅ Missing You - 1.Sezon 5.Bölüm - 1 m3u8
      📁 Dizi playlist: playlists/ozluyorum_seni_playlist.m3u
   ✅ Dizi tamamlandı: 5 m3u8 eklendi

============================================================
🎬 [15/56] İşleniyor: https://diziyiizle2.com/dizi/splinter-cell-deathwatch/
📺 Bölüm bulundu: 1. Sezon 1. BölümDublaj14.10.2025 - https://diziyiizle2.com/splinter-cell-deathwatch/1-sezon-1-bolum/
📺 Bölüm bulundu: 1. Sezon 2. BölümDublaj14.10.2025 - https://diziyiizle2.com/splinter-cell-deathwatch/1-sezon-2-bolum/
📺 Bölüm bulundu: 1. Sezon 3. BölümDublaj14.10.2025 - https://diziyiizle2.com/splinter-cell-deathwatch/1-sezon-3-bolum/
📺 Bölüm bulundu: 1. Sezon 4. BölümDublaj14.10.2025 - https://diziyiizle2.com/splinter-cell-deathwatch/1-sezon-4-bolum/
📺 Bölüm bulundu: 1. Sezon 5. BölümDublaj14.10.2025 - https://diziyiizle2.com/splinter-cell-deathwatch/1-sezon-5-bolum/
📺 Bölüm bulundu: 1. Sezon 6. BölümDublaj14.10.2025 - https://diziyiizle2.com/splinter-cell-deathwatch/1-sezon-6-bolum/
📺 Bölüm bulundu: 1. Sezon 7. BölümDublaj14.10.2025 - https://diziyiizle2.com/splinter-cell-deathwatch/1-sezon-7-bolum/
📺 Bölüm bulundu: 1. Sezon 8. BölümDublaj14.10.2025 - https://diziyiizle2.com/splinter-cell-deathwatch/1-sezon-8-bolum/

📊 Toplam 8 bölüm bulundu
   🔍 [1/8] Bölüm: https://diziyiizle2.com/splinter-cell-deathwatch/1-sezon-1-bolum/
📺 Embed URL bulundu: https://vidlax.xyz/embed/279ce91453ccd1be
🔍 Embed URL kontrol ediliyor: https://vidlax.xyz/embed/279ce91453ccd1be
📄 Embed sayfa içeriği alındı, boyut: 43133 karakter
🎬 Video Başlığı: Splinter Cell: Deathwatch
📝 Video Açıklaması: 1.Sezon 1.Bölüm
🎯 Tam Başlık: Splinter Cell: Deathwatch - 1.Sezon 1.Bölüm
🎯 HEX DECODE - m3u8 bulundu: https://vidlax.xyz/upload/59f31a323456fbb87fd18ad93ac5801a2cae/master.m3u8
      ✅ Splinter Cell: Deathwatch - 1.Sezon 1.Bölüm - 1 m3u8
   🔍 [2/8] Bölüm: https://diziyiizle2.com/splinter-cell-deathwatch/1-sezon-2-bolum/
📺 Embed URL bulundu: https://vidlax.xyz/embed/21025188e834b99c
🔍 Embed URL kontrol ediliyor: https://vidlax.xyz/embed/21025188e834b99c
📄 Embed sayfa içeriği alındı, boyut: 43133 karakter
🎬 Video Başlığı: Splinter Cell: Deathwatch
📝 Video Açıklaması: 1.Sezon 2.Bölüm
🎯 Tam Başlık: Splinter Cell: Deathwatch - 1.Sezon 2.Bölüm
🎯 HEX DECODE - m3u8 bulundu: https://vidlax.xyz/upload/735c609362084e0701f01a7b0c5001a0ab17/master.m3u8
      ✅ Splinter Cell: Deathwatch - 1.Sezon 2.Bölüm - 1 m3u8
   🔍 [3/8] Bölüm: https://diziyiizle2.com/splinter-cell-deathwatch/1-sezon-3-bolum/
📺 Embed URL bulundu: https://vidlax.xyz/embed/bb6d2ed3567c4dff
🔍 Embed URL kontrol ediliyor: https://vidlax.xyz/embed/bb6d2ed3567c4dff
📄 Embed sayfa içeriği alındı, boyut: 43133 karakter
🎬 Video Başlığı: Splinter Cell: Deathwatch
📝 Video Açıklaması: 1.Sezon 3.Bölüm
🎯 Tam Başlık: Splinter Cell: Deathwatch - 1.Sezon 3.Bölüm
🎯 HEX DECODE - m3u8 bulundu: https://vidlax.xyz/upload/59da620cda3b25d317e961d86b03d4548a34/master.m3u8
      ✅ Splinter Cell: Deathwatch - 1.Sezon 3.Bölüm - 1 m3u8
   🔍 [4/8] Bölüm: https://diziyiizle2.com/splinter-cell-deathwatch/1-sezon-4-bolum/
📺 Embed URL bulundu: https://vidlax.xyz/embed/efe9aabe42fa9304
🔍 Embed URL kontrol ediliyor: https://vidlax.xyz/embed/efe9aabe42fa9304
📄 Embed sayfa içeriği alındı, boyut: 42970 karakter
🎬 Video Başlığı: Splinter Cell: Deathwatch
📝 Video Açıklaması: 1.Sezon 4.Bölüm
🎯 Tam Başlık: Splinter Cell: Deathwatch - 1.Sezon 4.Bölüm
🎯 HEX DECODE - m3u8 bulundu: https://vidlax.xyz/upload/c49af4bcaa852d1340367c40b83e6f7b9629/master.m3u8
      ✅ Splinter Cell: Deathwatch - 1.Sezon 4.Bölüm - 1 m3u8
   🔍 [5/8] Bölüm: https://diziyiizle2.com/splinter-cell-deathwatch/1-sezon-5-bolum/
📺 Embed URL bulundu: https://vidlax.xyz/embed/794388aae8ecb1a2
🔍 Embed URL kontrol ediliyor: https://vidlax.xyz/embed/794388aae8ecb1a2
📄 Embed sayfa içeriği alındı, boyut: 42981 karakter
🎬 Video Başlığı: Splinter Cell: Deathwatch
📝 Video Açıklaması: 1.Sezon 5.Bölüm
🎯 Tam Başlık: Splinter Cell: Deathwatch - 1.Sezon 5.Bölüm
🎯 HEX DECODE - m3u8 bulundu: https://vidlax.xyz/upload/3a1a798413ff165ec6b559e9a4f8ec1b34a5/master.m3u8
      ✅ Splinter Cell: Deathwatch - 1.Sezon 5.Bölüm - 1 m3u8
   🔍 [6/8] Bölüm: https://diziyiizle2.com/splinter-cell-deathwatch/1-sezon-6-bolum/
📺 Embed URL bulundu: https://vidlax.xyz/embed/1850a88591b467b7
🔍 Embed URL kontrol ediliyor: https://vidlax.xyz/embed/1850a88591b467b7
📄 Embed sayfa içeriği alındı, boyut: 43133 karakter
🎬 Video Başlığı: Splinter Cell: Deathwatch
📝 Video Açıklaması: 1.Sezon 6.Bölüm
🎯 Tam Başlık: Splinter Cell: Deathwatch - 1.Sezon 6.Bölüm
🎯 HEX DECODE - m3u8 bulundu: https://vidlax.xyz/upload/be21a910038e487c8dd0b47b4eb0e9e8e084/master.m3u8
      ✅ Splinter Cell: Deathwatch - 1.Sezon 6.Bölüm - 1 m3u8
   🔍 [7/8] Bölüm: https://diziyiizle2.com/splinter-cell-deathwatch/1-sezon-7-bolum/
📺 Embed URL bulundu: https://vidlax.xyz/embed/6a9246f451a24b37
🔍 Embed URL kontrol ediliyor: https://vidlax.xyz/embed/6a9246f451a24b37
📄 Embed sayfa içeriği alındı, boyut: 42981 karakter
🎬 Video Başlığı: Splinter Cell: Deathwatch
📝 Video Açıklaması: 1.Sezon 7.Bölüm
🎯 Tam Başlık: Splinter Cell: Deathwatch - 1.Sezon 7.Bölüm
🎯 HEX DECODE - m3u8 bulundu: https://vidlax.xyz/upload/78ddfb3267cb88b8b21dd6af8d3f6bd0d913/master.m3u8
      ✅ Splinter Cell: Deathwatch - 1.Sezon 7.Bölüm - 1 m3u8
   🔍 [8/8] Bölüm: https://diziyiizle2.com/splinter-cell-deathwatch/1-sezon-8-bolum/
📺 Embed URL bulundu: https://vidlax.xyz/embed/d8c5ebd2d8ec90b6
🔍 Embed URL kontrol ediliyor: https://vidlax.xyz/embed/d8c5ebd2d8ec90b6
📄 Embed sayfa içeriği alındı, boyut: 42986 karakter
🎬 Video Başlığı: Splinter Cell: Deathwatch
📝 Video Açıklaması: 1.Sezon 8.Bölüm
🎯 Tam Başlık: Splinter Cell: Deathwatch - 1.Sezon 8.Bölüm
🎯 HEX DECODE - m3u8 bulundu: https://vidlax.xyz/upload/eaecc515c95e28ea05d912a63d147ad4c5aa/master.m3u8
      ✅ Splinter Cell: Deathwatch - 1.Sezon 8.Bölüm - 1 m3u8
      📁 Dizi playlist: playlists/splinter_cell_deathwatch_playlist.m3u
   ✅ Dizi tamamlandı: 8 m3u8 eklendi

============================================================
🎬 [16/56] İşleniyor: https://diziyiizle2.com/dizi/typhoon-family/
📺 Bölüm bulundu: 1. Sezon 1. BölümAltyazılı13.10.202576 dk. - https://diziyiizle2.com/typhoon-family/1-sezon-1-bolum/
📺 Bölüm bulundu: 1. Sezon 2. BölümAltyazılı13.10.202572 dk. - https://diziyiizle2.com/typhoon-family/1-sezon-2-bolum/
📺 Bölüm bulundu: 1. Sezon 3. BölümAltyazılı13.10.2025 - https://diziyiizle2.com/typhoon-family/1-sezon-3-bolum/
📺 Bölüm bulundu: 1. Sezon 4. BölümAltyazılı13.10.2025 - https://diziyiizle2.com/typhoon-family/1-sezon-4-bolum/
📺 Bölüm bulundu: 1. Sezon 5. BölümAltyazılı13.10.2025 - https://diziyiizle2.com/typhoon-family/1-sezon-5-bolum/
📺 Bölüm bulundu: 1. Sezon 6. BölümAltyazılı13.10.2025 - https://diziyiizle2.com/typhoon-family/1-sezon-6-bolum/
📺 Bölüm bulundu: 1. Sezon 7. BölümAltyazılı13.10.2025 - https://diziyiizle2.com/typhoon-family/1-sezon-7-bolum/
📺 Bölüm bulundu: 1. Sezon 8. BölümAltyazılı13.10.2025 - https://diziyiizle2.com/typhoon-family/1-sezon-8-bolum/
📺 Bölüm bulundu: 1. Sezon 9. BölümAltyazılı13.10.2025 - https://diziyiizle2.com/typhoon-family/1-sezon-9-bolum/
📺 Bölüm bulundu: 1. Sezon 10. BölümAltyazılı13.10.2025 - https://diziyiizle2.com/typhoon-family/1-sezon-10-bolum/
📺 Bölüm bulundu: 1. Sezon 11. BölümAltyazılı13.10.2025 - https://diziyiizle2.com/typhoon-family/1-sezon-11-bolum/
📺 Bölüm bulundu: 1. Sezon 12. BölümAltyazılı13.10.2025 - https://diziyiizle2.com/typhoon-family/1-sezon-12-bolum/
📺 Bölüm bulundu: 1. Sezon 13. BölümAltyazılı13.10.2025 - https://diziyiizle2.com/typhoon-family/1-sezon-13-bolum/
📺 Bölüm bulundu: 1. Sezon 14. BölümAltyazılı13.10.2025 - https://diziyiizle2.com/typhoon-family/1-sezon-14-bolum/
📺 Bölüm bulundu: 1. Sezon 15. BölümAltyazılı13.10.2025 - https://diziyiizle2.com/typhoon-family/1-sezon-15-bolum/
📺 Bölüm bulundu: 1. Sezon 16. BölümAltyazılı13.10.2025 - https://diziyiizle2.com/typhoon-family/1-sezon-16-bolum/

📊 Toplam 16 bölüm bulundu
   🔍 [1/16] Bölüm: https://diziyiizle2.com/typhoon-family/1-sezon-1-bolum/
📺 Embed URL bulundu: https://vidlax.xyz/embed/1449ff289109c3ca
🔍 Embed URL kontrol ediliyor: https://vidlax.xyz/embed/1449ff289109c3ca
📄 Embed sayfa içeriği alındı, boyut: 42265 karakter
🎬 Video Başlığı: Typhoon Family
📝 Video Açıklaması: 1.Sezon 1.Bölüm
🎯 Tam Başlık: Typhoon Family - 1.Sezon 1.Bölüm
🎯 HEX DECODE - m3u8 bulundu: https://vidlax.xyz/upload/ea3de63074709b56e13f1f02fa962c9dc2c1/master.m3u8
      ✅ Typhoon Family - 1.Sezon 1.Bölüm - 1 m3u8
   🔍 [2/16] Bölüm: https://diziyiizle2.com/typhoon-family/1-sezon-2-bolum/
📺 Embed URL bulundu: https://vidlax.xyz/embed/b682f1ce322891a6
🔍 Embed URL kontrol ediliyor: https://vidlax.xyz/embed/b682f1ce322891a6
📄 Embed sayfa içeriği alındı, boyut: 39853 karakter
🎬 Video Başlığı: Typhoon Family
📝 Video Açıklaması: 1.Sezon 2.Bölüm
🎯 Tam Başlık: Typhoon Family - 1.Sezon 2.Bölüm
🎯 HEX DECODE - m3u8 bulundu: https://vidlax.xyz/upload/669fa5463abb8c3751cbc834e4349f18dbb9/master.m3u8
      ✅ Typhoon Family - 1.Sezon 2.Bölüm - 1 m3u8
   🔍 [3/16] Bölüm: https://diziyiizle2.com/typhoon-family/1-sezon-3-bolum/
📺 Embed URL bulundu: https://vidlax.xyz/embed/80f3e2a17a2c8c53
🔍 Embed URL kontrol ediliyor: https://vidlax.xyz/embed/80f3e2a17a2c8c53
📄 Embed sayfa içeriği alındı, boyut: 42267 karakter
🎬 Video Başlığı: Typhoon Family
📝 Video Açıklaması: 1.Sezon 3.Bölüm
🎯 Tam Başlık: Typhoon Family - 1.Sezon 3.Bölüm
🎯 HEX DECODE - m3u8 bulundu: https://vidlax.xyz/upload/2bba636b4f4ccd5df5c4cec7d8361caea1a6/master.m3u8
      ✅ Typhoon Family - 1.Sezon 3.Bölüm - 1 m3u8
   🔍 [4/16] Bölüm: https://diziyiizle2.com/typhoon-family/1-sezon-4-bolum/
📺 Embed URL bulundu: https://vidlax.xyz/embed/910a0672c94b3f91
🔍 Embed URL kontrol ediliyor: https://vidlax.xyz/embed/910a0672c94b3f91
📄 Embed sayfa içeriği alındı, boyut: 42447 karakter
🎬 Video Başlığı: Typhoon Family
📝 Video Açıklaması: 1.Sezon 4.Bölüm
🎯 Tam Başlık: Typhoon Family - 1.Sezon 4.Bölüm
🎯 HEX DECODE - m3u8 bulundu: https://vidlax.xyz/upload/0602978eb21383ba7f20dd3961a6be394cff/master.m3u8
      ✅ Typhoon Family - 1.Sezon 4.Bölüm - 1 m3u8
   🔍 [5/16] Bölüm: https://diziyiizle2.com/typhoon-family/1-sezon-5-bolum/

🔍 Vidlax direkt analizi: https://diziyiizle2.com/typhoon-family/1-sezon-5-bolum/
📄 Sayfa içeriği alındı: 105275 karakter
❌ m3u8 URL'si bulunamadı
      ❌ m3u8 bulunamadı
   🔍 [6/16] Bölüm: https://diziyiizle2.com/typhoon-family/1-sezon-6-bolum/

🔍 Vidlax direkt analizi: https://diziyiizle2.com/typhoon-family/1-sezon-6-bolum/
📄 Sayfa içeriği alındı: 105275 karakter
❌ m3u8 URL'si bulunamadı
      ❌ m3u8 bulunamadı
   🔍 [7/16] Bölüm: https://diziyiizle2.com/typhoon-family/1-sezon-7-bolum/

🔍 Vidlax direkt analizi: https://diziyiizle2.com/typhoon-family/1-sezon-7-bolum/
📄 Sayfa içeriği alındı: 105274 karakter
❌ m3u8 URL'si bulunamadı
      ❌ m3u8 bulunamadı
   🔍 [8/16] Bölüm: https://diziyiizle2.com/typhoon-family/1-sezon-8-bolum/

🔍 Vidlax direkt analizi: https://diziyiizle2.com/typhoon-family/1-sezon-8-bolum/
📄 Sayfa içeriği alındı: 105275 karakter
❌ m3u8 URL'si bulunamadı
      ❌ m3u8 bulunamadı
   🔍 [9/16] Bölüm: https://diziyiizle2.com/typhoon-family/1-sezon-9-bolum/

🔍 Vidlax direkt analizi: https://diziyiizle2.com/typhoon-family/1-sezon-9-bolum/
📄 Sayfa içeriği alındı: 105275 karakter
❌ m3u8 URL'si bulunamadı
      ❌ m3u8 bulunamadı
   🔍 [10/16] Bölüm: https://diziyiizle2.com/typhoon-family/1-sezon-10-bolum/

🔍 Vidlax direkt analizi: https://diziyiizle2.com/typhoon-family/1-sezon-10-bolum/
📄 Sayfa içeriği alındı: 105291 karakter
❌ m3u8 URL'si bulunamadı
      ❌ m3u8 bulunamadı
   🔍 [11/16] Bölüm: https://diziyiizle2.com/typhoon-family/1-sezon-11-bolum/

🔍 Vidlax direkt analizi: https://diziyiizle2.com/typhoon-family/1-sezon-11-bolum/
📄 Sayfa içeriği alındı: 105293 karakter
❌ m3u8 URL'si bulunamadı
      ❌ m3u8 bulunamadı
   🔍 [12/16] Bölüm: https://diziyiizle2.com/typhoon-family/1-sezon-12-bolum/

🔍 Vidlax direkt analizi: https://diziyiizle2.com/typhoon-family/1-sezon-12-bolum/
📄 Sayfa içeriği alındı: 105293 karakter
❌ m3u8 URL'si bulunamadı
      ❌ m3u8 bulunamadı
   🔍 [13/16] Bölüm: https://diziyiizle2.com/typhoon-family/1-sezon-13-bolum/

🔍 Vidlax direkt analizi: https://diziyiizle2.com/typhoon-family/1-sezon-13-bolum/
📄 Sayfa içeriği alındı: 105292 karakter
❌ m3u8 URL'si bulunamadı
      ❌ m3u8 bulunamadı
   🔍 [14/16] Bölüm: https://diziyiizle2.com/typhoon-family/1-sezon-14-bolum/

🔍 Vidlax direkt analizi: https://diziyiizle2.com/typhoon-family/1-sezon-14-bolum/
📄 Sayfa içeriği alındı: 105293 karakter
❌ m3u8 URL'si bulunamadı
      ❌ m3u8 bulunamadı
   🔍 [15/16] Bölüm: https://diziyiizle2.com/typhoon-family/1-sezon-15-bolum/

🔍 Vidlax direkt analizi: https://diziyiizle2.com/typhoon-family/1-sezon-15-bolum/
📄 Sayfa içeriği alındı: 105293 karakter
❌ m3u8 URL'si bulunamadı
      ❌ m3u8 bulunamadı
   🔍 [16/16] Bölüm: https://diziyiizle2.com/typhoon-family/1-sezon-16-bolum/

🔍 Vidlax direkt analizi: https://diziyiizle2.com/typhoon-family/1-sezon-16-bolum/
📄 Sayfa içeriği alındı: 105293 karakter
❌ m3u8 URL'si bulunamadı
      ❌ m3u8 bulunamadı
      📁 Dizi playlist: playlists/typhoon_family_playlist.m3u
   ✅ Dizi tamamlandı: 4 m3u8 eklendi

============================================================
🎬 [17/56] İşleniyor: https://diziyiizle2.com/dizi/the-chair-company/
📺 Bölüm bulundu: 1. Sezon 1. BölümDublaj13.10.202534 dk. - https://diziyiizle2.com/the-chair-company/1-sezon-1-bolum/
📺 Bölüm bulundu: 1. Sezon 2. BölümDublaj20.10.202530 dk. - https://diziyiizle2.com/the-chair-company/1-sezon-2-bolum/
📺 Bölüm bulundu: 1. Sezon 3. BölümAltyazılı13.10.2025 - https://diziyiizle2.com/the-chair-company/1-sezon-3-bolum/
📺 Bölüm bulundu: 1. Sezon 4. BölümAltyazılı13.10.2025 - https://diziyiizle2.com/the-chair-company/1-sezon-4-bolum/
📺 Bölüm bulundu: 1. Sezon 5. BölümAltyazılı13.10.2025 - https://diziyiizle2.com/the-chair-company/1-sezon-5-bolum/
📺 Bölüm bulundu: 1. Sezon 6. BölümAltyazılı13.10.2025 - https://diziyiizle2.com/the-chair-company/1-sezon-6-bolum/
📺 Bölüm bulundu: 1. Sezon 7. BölümAltyazılı13.10.2025 - https://diziyiizle2.com/the-chair-company/1-sezon-7-bolum/
📺 Bölüm bulundu: 1. Sezon 8. BölümAltyazılı13.10.2025 - https://diziyiizle2.com/the-chair-company/1-sezon-8-bolum/

📊 Toplam 8 bölüm bulundu
   🔍 [1/8] Bölüm: https://diziyiizle2.com/the-chair-company/1-sezon-1-bolum/
📺 Embed URL bulundu: https://vidlax.xyz/embed/56ba8493c24f9843
🔍 Embed URL kontrol ediliyor: https://vidlax.xyz/embed/56ba8493c24f9843
📄 Embed sayfa içeriği alındı, boyut: 42605 karakter
🎬 Video Başlığı: The Chair Company
📝 Video Açıklaması: 1.Sezon 1.Bölüm
🎯 Tam Başlık: The Chair Company - 1.Sezon 1.Bölüm
🎯 HEX DECODE - m3u8 bulundu: https://vidlax.xyz/upload/707dda482bb890df23692034560535969254/master.m3u8
      ✅ The Chair Company - 1.Sezon 1.Bölüm - 1 m3u8
   🔍 [2/8] Bölüm: https://diziyiizle2.com/the-chair-company/1-sezon-2-bolum/
📺 Embed URL bulundu: https://vidlax.xyz/embed/5124f858c8199655
🔍 Embed URL kontrol ediliyor: https://vidlax.xyz/embed/5124f858c8199655
📄 Embed sayfa içeriği alındı, boyut: 42776 karakter
🎬 Video Başlığı: The Chair Company
📝 Video Açıklaması: 1.Sezon 2.Bölüm
🎯 Tam Başlık: The Chair Company - 1.Sezon 2.Bölüm
🎯 HEX DECODE - m3u8 bulundu: https://vidlax.xyz/upload/97c40d9b07963860f8544c891852728d13d1/master.m3u8
      ✅ The Chair Company - 1.Sezon 2.Bölüm - 1 m3u8
   🔍 [3/8] Bölüm: https://diziyiizle2.com/the-chair-company/1-sezon-3-bolum/

🔍 Vidlax direkt analizi: https://diziyiizle2.com/the-chair-company/1-sezon-3-bolum/
📄 Sayfa içeriği alındı: 95335 karakter
❌ m3u8 URL'si bulunamadı
      ❌ m3u8 bulunamadı
   🔍 [4/8] Bölüm: https://diziyiizle2.com/the-chair-company/1-sezon-4-bolum/

🔍 Vidlax direkt analizi: https://diziyiizle2.com/the-chair-company/1-sezon-4-bolum/
📄 Sayfa içeriği alındı: 95334 karakter
❌ m3u8 URL'si bulunamadı
      ❌ m3u8 bulunamadı
   🔍 [5/8] Bölüm: https://diziyiizle2.com/the-chair-company/1-sezon-5-bolum/

🔍 Vidlax direkt analizi: https://diziyiizle2.com/the-chair-company/1-sezon-5-bolum/
📄 Sayfa içeriği alındı: 95334 karakter
❌ m3u8 URL'si bulunamadı
      ❌ m3u8 bulunamadı
   🔍 [6/8] Bölüm: https://diziyiizle2.com/the-chair-company/1-sezon-6-bolum/

🔍 Vidlax direkt analizi: https://diziyiizle2.com/the-chair-company/1-sezon-6-bolum/
📄 Sayfa içeriği alındı: 95335 karakter
❌ m3u8 URL'si bulunamadı
      ❌ m3u8 bulunamadı
   🔍 [7/8] Bölüm: https://diziyiizle2.com/the-chair-company/1-sezon-7-bolum/

🔍 Vidlax direkt analizi: https://diziyiizle2.com/the-chair-company/1-sezon-7-bolum/
📄 Sayfa içeriği alındı: 95335 karakter
❌ m3u8 URL'si bulunamadı
      ❌ m3u8 bulunamadı
   🔍 [8/8] Bölüm: https://diziyiizle2.com/the-chair-company/1-sezon-8-bolum/

🔍 Vidlax direkt analizi: https://diziyiizle2.com/the-chair-company/1-sezon-8-bolum/
📄 Sayfa içeriği alındı: 95335 karakter
❌ m3u8 URL'si bulunamadı
      ❌ m3u8 bulunamadı
      📁 Dizi playlist: playlists/the_chair_company_playlist.m3u
   ✅ Dizi tamamlandı: 2 m3u8 eklendi

============================================================
🎬 [18/56] İşleniyor: https://diziyiizle2.com/dizi/gumruk-muhafaza-turkiye/
📺 Bölüm bulundu: 1. Sezon 1. BölümAltyazılı12.10.202548 dk. - https://diziyiizle2.com/gumruk-muhafaza-turkiye/1-sezon-1-bolum/
📺 Bölüm bulundu: 1. Sezon 2. BölümAltyazılı12.10.202546 dk. - https://diziyiizle2.com/gumruk-muhafaza-turkiye/1-sezon-2-bolum/
📺 Bölüm bulundu: 1. Sezon 3. BölümAltyazılı12.10.202546 dk. - https://diziyiizle2.com/gumruk-muhafaza-turkiye/1-sezon-3-bolum/
📺 Bölüm bulundu: 1. Sezon 4. BölümAltyazılı12.10.202545 dk. - https://diziyiizle2.com/gumruk-muhafaza-turkiye/1-sezon-4-bolum/
📺 Bölüm bulundu: 1. Sezon 5. BölümAltyazılı12.10.202545 dk. - https://diziyiizle2.com/gumruk-muhafaza-turkiye/1-sezon-5-bolum/
📺 Bölüm bulundu: 1. Sezon 6. BölümAltyazılı12.10.202544 dk. - https://diziyiizle2.com/gumruk-muhafaza-turkiye/1-sezon-6-bolum/
📺 Bölüm bulundu: 1. Sezon 7. BölümAltyazılı12.10.202552 dk. - https://diziyiizle2.com/gumruk-muhafaza-turkiye/1-sezon-7-bolum/
📺 Bölüm bulundu: 1. Sezon 8. BölümAltyazılı12.10.202551 dk. - https://diziyiizle2.com/gumruk-muhafaza-turkiye/1-sezon-8-bolum/
📺 Bölüm bulundu: 1. Sezon 9. BölümAltyazılı12.10.202550 dk. - https://diziyiizle2.com/gumruk-muhafaza-turkiye/1-sezon-9-bolum/

📊 Toplam 9 bölüm bulundu
   🔍 [1/9] Bölüm: https://diziyiizle2.com/gumruk-muhafaza-turkiye/1-sezon-1-bolum/
📺 Embed URL bulundu: https://vidlax.xyz/embed/9ccb82a23e2baa99
🔍 Embed URL kontrol ediliyor: https://vidlax.xyz/embed/9ccb82a23e2baa99
📄 Embed sayfa içeriği alındı, boyut: 39804 karakter
🎬 Video Başlığı: Gümrük Muhafaza Türkiye
📝 Video Açıklaması: 1.Sezon 1.Bölüm
🎯 Tam Başlık: Gümrük Muhafaza Türkiye - 1.Sezon 1.Bölüm
🎯 HEX DECODE - m3u8 bulundu: https://vidlax.xyz/upload/34aea2d621f2dfa198bd91bd84e5e1279231/master.m3u8
      ✅ Gümrük Muhafaza Türkiye - 1.Sezon 1.Bölüm - 1 m3u8
   🔍 [2/9] Bölüm: https://diziyiizle2.com/gumruk-muhafaza-turkiye/1-sezon-2-bolum/
📺 Embed URL bulundu: https://vidlax.xyz/embed/1ae7f838be327d9c
🔍 Embed URL kontrol ediliyor: https://vidlax.xyz/embed/1ae7f838be327d9c
📄 Embed sayfa içeriği alındı, boyut: 39548 karakter
🎬 Video Başlığı: Gümrük Muhafaza Türkiye
📝 Video Açıklaması: 1.Sezon 2.Bölüm
🎯 Tam Başlık: Gümrük Muhafaza Türkiye - 1.Sezon 2.Bölüm
🎯 HEX DECODE - m3u8 bulundu: https://vidlax.xyz/upload/d9429b4c793e92ce51b6990a6f299c224b7c/master.m3u8
      ✅ Gümrük Muhafaza Türkiye - 1.Sezon 2.Bölüm - 1 m3u8
   🔍 [3/9] Bölüm: https://diziyiizle2.com/gumruk-muhafaza-turkiye/1-sezon-3-bolum/
📺 Embed URL bulundu: https://vidlax.xyz/embed/2f12f12bf70adc0d
🔍 Embed URL kontrol ediliyor: https://vidlax.xyz/embed/2f12f12bf70adc0d
📄 Embed sayfa içeriği alındı, boyut: 39548 karakter
🎬 Video Başlığı: Gümrük Muhafaza Türkiye
📝 Video Açıklaması: 1.Sezon 3.Bölüm
🎯 Tam Başlık: Gümrük Muhafaza Türkiye - 1.Sezon 3.Bölüm
🎯 HEX DECODE - m3u8 bulundu: https://vidlax.xyz/upload/89f4da919e3f78c789a247580cc3b3e474b3/master.m3u8
      ✅ Gümrük Muhafaza Türkiye - 1.Sezon 3.Bölüm - 1 m3u8
   🔍 [4/9] Bölüm: https://diziyiizle2.com/gumruk-muhafaza-turkiye/1-sezon-4-bolum/
📺 Embed URL bulundu: https://vidlax.xyz/embed/15db0b9a5cb38f6b
🔍 Embed URL kontrol ediliyor: https://vidlax.xyz/embed/15db0b9a5cb38f6b
📄 Embed sayfa içeriği alındı, boyut: 39676 karakter
🎬 Video Başlığı: Gümrük Muhafaza Türkiye
📝 Video Açıklaması: 1.Sezon 4.Bölüm
🎯 Tam Başlık: Gümrük Muhafaza Türkiye - 1.Sezon 4.Bölüm
🎯 HEX DECODE - m3u8 bulundu: https://vidlax.xyz/upload/382245eba256a8c999b64b4bb7f17331682d/master.m3u8
      ✅ Gümrük Muhafaza Türkiye - 1.Sezon 4.Bölüm - 1 m3u8
   🔍 [5/9] Bölüm: https://diziyiizle2.com/gumruk-muhafaza-turkiye/1-sezon-5-bolum/
📺 Embed URL bulundu: https://vidlax.xyz/embed/3378a47c64d8ae42
🔍 Embed URL kontrol ediliyor: https://vidlax.xyz/embed/3378a47c64d8ae42
📄 Embed sayfa içeriği alındı, boyut: 39676 karakter
🎬 Video Başlığı: Gümrük Muhafaza Türkiye
📝 Video Açıklaması: 1.Sezon 5.Bölüm
🎯 Tam Başlık: Gümrük Muhafaza Türkiye - 1.Sezon 5.Bölüm
🎯 HEX DECODE - m3u8 bulundu: https://vidlax.xyz/upload/cb4723194c5d1c306a69e2ad28b0c7ad3b06/master.m3u8
      ✅ Gümrük Muhafaza Türkiye - 1.Sezon 5.Bölüm - 1 m3u8
   🔍 [6/9] Bölüm: https://diziyiizle2.com/gumruk-muhafaza-turkiye/1-sezon-6-bolum/
📺 Embed URL bulundu: https://vidlax.xyz/embed/4dba487c9aebce5c
🔍 Embed URL kontrol ediliyor: https://vidlax.xyz/embed/4dba487c9aebce5c
📄 Embed sayfa içeriği alındı, boyut: 39676 karakter
🎬 Video Başlığı: Gümrük Muhafaza Türkiye
📝 Video Açıklaması: 1.Sezon 6.Bölüm
🎯 Tam Başlık: Gümrük Muhafaza Türkiye - 1.Sezon 6.Bölüm
🎯 HEX DECODE - m3u8 bulundu: https://vidlax.xyz/upload/57fe411c2725ccb03b36e5d6eee5db4cd95c/master.m3u8
      ✅ Gümrük Muhafaza Türkiye - 1.Sezon 6.Bölüm - 1 m3u8
   🔍 [7/9] Bölüm: https://diziyiizle2.com/gumruk-muhafaza-turkiye/1-sezon-7-bolum/
📺 Embed URL bulundu: https://vidlax.xyz/embed/a458387ec6932523
🔍 Embed URL kontrol ediliyor: https://vidlax.xyz/embed/a458387ec6932523
📄 Embed sayfa içeriği alındı, boyut: 39676 karakter
🎬 Video Başlığı: Gümrük Muhafaza Türkiye
📝 Video Açıklaması: 1.Sezon 7.Bölüm
🎯 Tam Başlık: Gümrük Muhafaza Türkiye - 1.Sezon 7.Bölüm
🎯 HEX DECODE - m3u8 bulundu: https://vidlax.xyz/upload/4203f747a1be606cb0aa31d64f2a87f53fe8/master.m3u8
      ✅ Gümrük Muhafaza Türkiye - 1.Sezon 7.Bölüm - 1 m3u8
   🔍 [8/9] Bölüm: https://diziyiizle2.com/gumruk-muhafaza-turkiye/1-sezon-8-bolum/
📺 Embed URL bulundu: https://vidlax.xyz/embed/246e8cbc7de83cf9
🔍 Embed URL kontrol ediliyor: https://vidlax.xyz/embed/246e8cbc7de83cf9
📄 Embed sayfa içeriği alındı, boyut: 39676 karakter
🎬 Video Başlığı: Gümrük Muhafaza Türkiye
📝 Video Açıklaması: 1.Sezon 8.Bölüm
🎯 Tam Başlık: Gümrük Muhafaza Türkiye - 1.Sezon 8.Bölüm
🎯 HEX DECODE - m3u8 bulundu: https://vidlax.xyz/upload/0e24cd26fd81e00e16e76c3fcdcb85251ac2/master.m3u8
      ✅ Gümrük Muhafaza Türkiye - 1.Sezon 8.Bölüm - 1 m3u8
   🔍 [9/9] Bölüm: https://diziyiizle2.com/gumruk-muhafaza-turkiye/1-sezon-9-bolum/
📺 Embed URL bulundu: https://vidlax.xyz/embed/7fe49379ee5df839
🔍 Embed URL kontrol ediliyor: https://vidlax.xyz/embed/7fe49379ee5df839
📄 Embed sayfa içeriği alındı, boyut: 39548 karakter
🎬 Video Başlığı: Gümrük Muhafaza Türkiye
📝 Video Açıklaması: 1.Sezon 9.Bölüm
🎯 Tam Başlık: Gümrük Muhafaza Türkiye - 1.Sezon 9.Bölüm
🎯 HEX DECODE - m3u8 bulundu: https://vidlax.xyz/upload/106f7a3aab6f6878294f50ba08ac428dcae7/master.m3u8
      ✅ Gümrük Muhafaza Türkiye - 1.Sezon 9.Bölüm - 1 m3u8
      📁 Dizi playlist: playlists/gumruk_muhafaza_turkiye_playlist.m3u
   ✅ Dizi tamamlandı: 9 m3u8 eklendi

============================================================
🎬 [19/56] İşleniyor: https://diziyiizle2.com/dizi/muhafizlar-gizli-proje/
📺 Bölüm bulundu: 1. Sezon 1. BölümDublaj12.10.202546 dk. - https://diziyiizle2.com/muhafizlar-gizli-proje/1-sezon-1-bolum/
📺 Bölüm bulundu: 1. Sezon 2. BölümAltyazılı12.10.202541 dk. - https://diziyiizle2.com/muhafizlar-gizli-proje/1-sezon-2-bolum/
📺 Bölüm bulundu: 1. Sezon 3. BölümDublaj12.10.202541 dk. - https://diziyiizle2.com/muhafizlar-gizli-proje/1-sezon-3-bolum/
📺 Bölüm bulundu: 1. Sezon 4. BölümAltyazılı12.10.2025 - https://diziyiizle2.com/muhafizlar-gizli-proje/1-sezon-4-bolum/
📺 Bölüm bulundu: 1. Sezon 5. BölümAltyazılı12.10.202552 dk. - https://diziyiizle2.com/muhafizlar-gizli-proje/1-sezon-5-bolum/
📺 Bölüm bulundu: 1. Sezon 6. BölümAltyazılı12.10.202552 dk. - https://diziyiizle2.com/muhafizlar-gizli-proje/1-sezon-6-bolum/
📺 Bölüm bulundu: 1. Sezon 7. BölümAltyazılı12.10.202552 dk. - https://diziyiizle2.com/muhafizlar-gizli-proje/1-sezon-7-bolum/
📺 Bölüm bulundu: 1. Sezon 8. BölümAltyazılı12.10.202552 dk. - https://diziyiizle2.com/muhafizlar-gizli-proje/1-sezon-8-bolum/

📊 Toplam 8 bölüm bulundu
   🔍 [1/8] Bölüm: https://diziyiizle2.com/muhafizlar-gizli-proje/1-sezon-1-bolum/
📺 Embed URL bulundu: https://vidlax.xyz/embed/356b88d9ea19ce20
🔍 Embed URL kontrol ediliyor: https://vidlax.xyz/embed/356b88d9ea19ce20
📄 Embed sayfa içeriği alındı, boyut: 39710 karakter
🎬 Video Başlığı: The Sentinels
📝 Video Açıklaması: 1.Sezon 1.Bölüm
🎯 Tam Başlık: The Sentinels - 1.Sezon 1.Bölüm
🎯 HEX DECODE - m3u8 bulundu: https://vidlax.xyz/upload/b340e2727a2bbd558a7b0b8d26d38f641f34/master.m3u8
      ✅ The Sentinels - 1.Sezon 1.Bölüm - 1 m3u8
   🔍 [2/8] Bölüm: https://diziyiizle2.com/muhafizlar-gizli-proje/1-sezon-2-bolum/
📺 Embed URL bulundu: https://vidlax.xyz/embed/58a0f11944b212e1
🔍 Embed URL kontrol ediliyor: https://vidlax.xyz/embed/58a0f11944b212e1
📄 Embed sayfa içeriği alındı, boyut: 39838 karakter
🎬 Video Başlığı: The Sentinels
📝 Video Açıklaması: 1.Sezon 2.Bölüm
🎯 Tam Başlık: The Sentinels - 1.Sezon 2.Bölüm
🎯 HEX DECODE - m3u8 bulundu: https://vidlax.xyz/upload/0b88026326bf67f606157259c3792ab76426/master.m3u8
      ✅ The Sentinels - 1.Sezon 2.Bölüm - 1 m3u8
   🔍 [3/8] Bölüm: https://diziyiizle2.com/muhafizlar-gizli-proje/1-sezon-3-bolum/
📺 Embed URL bulundu: https://vidlax.xyz/embed/d7054008c3ee819d
🔍 Embed URL kontrol ediliyor: https://vidlax.xyz/embed/d7054008c3ee819d
📄 Embed sayfa içeriği alındı, boyut: 39838 karakter
🎬 Video Başlığı: The Sentinels
📝 Video Açıklaması: 1.Sezon 3.Bölüm
🎯 Tam Başlık: The Sentinels - 1.Sezon 3.Bölüm
🎯 HEX DECODE - m3u8 bulundu: https://vidlax.xyz/upload/3105b5cc5ea80d8dda6052519bbcef7a77f3/master.m3u8
      ✅ The Sentinels - 1.Sezon 3.Bölüm - 1 m3u8
   🔍 [4/8] Bölüm: https://diziyiizle2.com/muhafizlar-gizli-proje/1-sezon-4-bolum/

🔍 Vidlax direkt analizi: https://diziyiizle2.com/muhafizlar-gizli-proje/1-sezon-4-bolum/
📄 Sayfa içeriği alındı: 95598 karakter
❌ m3u8 URL'si bulunamadı
      ❌ m3u8 bulunamadı
   🔍 [5/8] Bölüm: https://diziyiizle2.com/muhafizlar-gizli-proje/1-sezon-5-bolum/

🔍 Vidlax direkt analizi: https://diziyiizle2.com/muhafizlar-gizli-proje/1-sezon-5-bolum/
📄 Sayfa içeriği alındı: 95726 karakter
❌ m3u8 URL'si bulunamadı
      ❌ m3u8 bulunamadı
   🔍 [6/8] Bölüm: https://diziyiizle2.com/muhafizlar-gizli-proje/1-sezon-6-bolum/

🔍 Vidlax direkt analizi: https://diziyiizle2.com/muhafizlar-gizli-proje/1-sezon-6-bolum/
📄 Sayfa içeriği alındı: 95726 karakter
❌ m3u8 URL'si bulunamadı
      ❌ m3u8 bulunamadı
   🔍 [7/8] Bölüm: https://diziyiizle2.com/muhafizlar-gizli-proje/1-sezon-7-bolum/

🔍 Vidlax direkt analizi: https://diziyiizle2.com/muhafizlar-gizli-proje/1-sezon-7-bolum/
📄 Sayfa içeriği alındı: 95726 karakter
❌ m3u8 URL'si bulunamadı
      ❌ m3u8 bulunamadı
   🔍 [8/8] Bölüm: https://diziyiizle2.com/muhafizlar-gizli-proje/1-sezon-8-bolum/

🔍 Vidlax direkt analizi: https://diziyiizle2.com/muhafizlar-gizli-proje/1-sezon-8-bolum/
📄 Sayfa içeriği alındı: 95726 karakter
❌ m3u8 URL'si bulunamadı
      ❌ m3u8 bulunamadı
      📁 Dizi playlist: playlists/muhafizlar_gizli_proje_playlist.m3u
   ✅ Dizi tamamlandı: 3 m3u8 eklendi

============================================================
🎬 [20/56] İşleniyor: https://diziyiizle2.com/dizi/helluva-boss/
📺 Bölüm bulundu: 1. Sezon 1. BölümDublaj11.10.202514 dk. - https://diziyiizle2.com/helluva-boss/1-sezon-1-bolum/
📺 Bölüm bulundu: 1. Sezon 2. BölümDublaj11.10.202516 dk. - https://diziyiizle2.com/helluva-boss/1-sezon-2-bolum/
📺 Bölüm bulundu: 1. Sezon 3. BölümDublaj11.10.202517 dk. - https://diziyiizle2.com/helluva-boss/1-sezon-3-bolum/
📺 Bölüm bulundu: 1. Sezon 4. BölümDublaj11.10.202515 dk. - https://diziyiizle2.com/helluva-boss/1-sezon-4-bolum/
📺 Bölüm bulundu: 1. Sezon 5. BölümDublaj11.10.202518 dk. - https://diziyiizle2.com/helluva-boss/1-sezon-5-bolum/
📺 Bölüm bulundu: 1. Sezon 6. BölümDublaj11.10.202522 dk. - https://diziyiizle2.com/helluva-boss/1-sezon-6-bolum/
📺 Bölüm bulundu: 1. Sezon 7. BölümDublaj11.10.202517 dk. - https://diziyiizle2.com/helluva-boss/1-sezon-7-bolum/
📺 Bölüm bulundu: 2. Sezon 1. BölümDublaj11.10.202524 dk. - https://diziyiizle2.com/helluva-boss/2-sezon-1-bolum/
📺 Bölüm bulundu: 2. Sezon 2. BölümDublaj11.10.202521 dk. - https://diziyiizle2.com/helluva-boss/2-sezon-2-bolum/
📺 Bölüm bulundu: 2. Sezon 3. BölümDublaj11.10.202526 dk. - https://diziyiizle2.com/helluva-boss/2-sezon-3-bolum/
📺 Bölüm bulundu: 2. Sezon 4. BölümDublaj11.10.202520 dk. - https://diziyiizle2.com/helluva-boss/2-sezon-4-bolum/
📺 Bölüm bulundu: 2. Sezon 5. BölümDublaj11.10.202516 dk. - https://diziyiizle2.com/helluva-boss/2-sezon-5-bolum/
📺 Bölüm bulundu: 2. Sezon 6. BölümDublaj11.10.202521 dk. - https://diziyiizle2.com/helluva-boss/2-sezon-6-bolum/
📺 Bölüm bulundu: 2. Sezon 7. BölümDublaj11.10.202527 dk. - https://diziyiizle2.com/helluva-boss/2-sezon-7-bolum/
📺 Bölüm bulundu: 2. Sezon 8. BölümDublaj11.10.202531 dk. - https://diziyiizle2.com/helluva-boss/2-sezon-8-bolum/
📺 Bölüm bulundu: 2. Sezon 9. BölümDublaj11.10.202524 dk. - https://diziyiizle2.com/helluva-boss/2-sezon-9-bolum/
📺 Bölüm bulundu: 2. Sezon 10. BölümDublaj11.10.202522 dk. - https://diziyiizle2.com/helluva-boss/2-sezon-10-bolum/
📺 Bölüm bulundu: 2. Sezon 11. BölümDublaj11.10.202528 dk. - https://diziyiizle2.com/helluva-boss/2-sezon-11-bolum/
📺 Bölüm bulundu: 2. Sezon 12. BölümDublaj11.10.202522 dk. - https://diziyiizle2.com/helluva-boss/2-sezon-12-bolum/
📺 Bölüm bulundu: 2. Sezon 13. BölümAltyazılı11.10.202530 dk. - https://diziyiizle2.com/helluva-boss/2-sezon-13-bolum/

📊 Toplam 20 bölüm bulundu
   🔍 [1/20] Bölüm: https://diziyiizle2.com/helluva-boss/1-sezon-1-bolum/
📺 Embed URL bulundu: https://vidlax.xyz/embed/f8819bb2e00ababc
🔍 Embed URL kontrol ediliyor: https://vidlax.xyz/embed/f8819bb2e00ababc
📄 Embed sayfa içeriği alındı, boyut: 42252 karakter
🎬 Video Başlığı: Helluva Boss
📝 Video Açıklaması: 1.Sezon 1.Bölüm
🎯 Tam Başlık: Helluva Boss - 1.Sezon 1.Bölüm
🎯 HEX DECODE - m3u8 bulundu: https://vidlax.xyz/upload/aa5ab445811931077c668bd2107324112840/master.m3u8
      ✅ Helluva Boss - 1.Sezon 1.Bölüm - 1 m3u8
   🔍 [2/20] Bölüm: https://diziyiizle2.com/helluva-boss/1-sezon-2-bolum/
📺 Embed URL bulundu: https://vidlax.xyz/embed/6870cf455aa2a0bf
🔍 Embed URL kontrol ediliyor: https://vidlax.xyz/embed/6870cf455aa2a0bf
📄 Embed sayfa içeriği alındı, boyut: 42252 karakter
🎬 Video Başlığı: Helluva Boss
📝 Video Açıklaması: 1.Sezon 2.Bölüm
🎯 Tam Başlık: Helluva Boss - 1.Sezon 2.Bölüm
🎯 HEX DECODE - m3u8 bulundu: https://vidlax.xyz/upload/45cda06a47ff3c8b59023a6f1a7ae4d8e68b/master.m3u8
      ✅ Helluva Boss - 1.Sezon 2.Bölüm - 1 m3u8
   🔍 [3/20] Bölüm: https://diziyiizle2.com/helluva-boss/1-sezon-3-bolum/
📺 Embed URL bulundu: https://vidlax.xyz/embed/2577225be8518b52
🔍 Embed URL kontrol ediliyor: https://vidlax.xyz/embed/2577225be8518b52
📄 Embed sayfa içeriği alındı, boyut: 42252 karakter
🎬 Video Başlığı: Helluva Boss
📝 Video Açıklaması: 1.Sezon 3.Bölüm
🎯 Tam Başlık: Helluva Boss - 1.Sezon 3.Bölüm
🎯 HEX DECODE - m3u8 bulundu: https://vidlax.xyz/upload/165833843539f20316bc0ad9fd4b0c5d91a7/master.m3u8
      ✅ Helluva Boss - 1.Sezon 3.Bölüm - 1 m3u8
   🔍 [4/20] Bölüm: https://diziyiizle2.com/helluva-boss/1-sezon-4-bolum/
📺 Embed URL bulundu: https://vidlax.xyz/embed/fd0b14b702f2cc8a
🔍 Embed URL kontrol ediliyor: https://vidlax.xyz/embed/fd0b14b702f2cc8a
📄 Embed sayfa içeriği alındı, boyut: 42252 karakter
🎬 Video Başlığı: Helluva Boss
📝 Video Açıklaması: 1.Sezon 4.Bölüm
🎯 Tam Başlık: Helluva Boss - 1.Sezon 4.Bölüm
🎯 HEX DECODE - m3u8 bulundu: https://vidlax.xyz/upload/cf12817e16dea616f4bfb907ff2187062b00/master.m3u8
      ✅ Helluva Boss - 1.Sezon 4.Bölüm - 1 m3u8
   🔍 [5/20] Bölüm: https://diziyiizle2.com/helluva-boss/1-sezon-5-bolum/
📺 Embed URL bulundu: https://vidlax.xyz/embed/fe44d4c1bbece0e5
🔍 Embed URL kontrol ediliyor: https://vidlax.xyz/embed/fe44d4c1bbece0e5
📄 Embed sayfa içeriği alındı, boyut: 42252 karakter
🎬 Video Başlığı: Helluva Boss
📝 Video Açıklaması: 1.Sezon 5.Bölüm
🎯 Tam Başlık: Helluva Boss - 1.Sezon 5.Bölüm
🎯 HEX DECODE - m3u8 bulundu: https://vidlax.xyz/upload/5bde9d175940fb14942e5a4bb799e094defb/master.m3u8
      ✅ Helluva Boss - 1.Sezon 5.Bölüm - 1 m3u8
   🔍 [6/20] Bölüm: https://diziyiizle2.com/helluva-boss/1-sezon-6-bolum/
📺 Embed URL bulundu: https://vidlax.xyz/embed/d20c170849c57fb1
🔍 Embed URL kontrol ediliyor: https://vidlax.xyz/embed/d20c170849c57fb1
📄 Embed sayfa içeriği alındı, boyut: 42116 karakter
🎬 Video Başlığı: Helluva Boss
📝 Video Açıklaması: 1.Sezon 6.Bölüm
🎯 Tam Başlık: Helluva Boss - 1.Sezon 6.Bölüm
🎯 HEX DECODE - m3u8 bulundu: https://vidlax.xyz/upload/b02649e3d7f1cc41afb2276eb8fabe2d591e/master.m3u8
      ✅ Helluva Boss - 1.Sezon 6.Bölüm - 1 m3u8
   🔍 [7/20] Bölüm: https://diziyiizle2.com/helluva-boss/1-sezon-7-bolum/
📺 Embed URL bulundu: https://vidlax.xyz/embed/d507875c9717c1f7
🔍 Embed URL kontrol ediliyor: https://vidlax.xyz/embed/d507875c9717c1f7
📄 Embed sayfa içeriği alındı, boyut: 42116 karakter
🎬 Video Başlığı: Helluva Boss
📝 Video Açıklaması: 1.Sezon 7.Bölüm
🎯 Tam Başlık: Helluva Boss - 1.Sezon 7.Bölüm
🎯 HEX DECODE - m3u8 bulundu: https://vidlax.xyz/upload/6c931130bdc8636ba62e568fcf767b07dff5/master.m3u8
      ✅ Helluva Boss - 1.Sezon 7.Bölüm - 1 m3u8
   🔍 [8/20] Bölüm: https://diziyiizle2.com/helluva-boss/2-sezon-1-bolum/
📺 Embed URL bulundu: https://vidlax.xyz/embed/0587c4ccd801c303
🔍 Embed URL kontrol ediliyor: https://vidlax.xyz/embed/0587c4ccd801c303
📄 Embed sayfa içeriği alındı, boyut: 42247 karakter
🎬 Video Başlığı: Helluva
📝 Video Açıklaması: 2.Sezon 1.Bölüm
🎯 Tam Başlık: Helluva - 2.Sezon 1.Bölüm
🎯 HEX DECODE - m3u8 bulundu: https://vidlax.xyz/upload/e78b34bbfcc815ed1c3f85832182f1253d8c/master.m3u8
      ✅ Helluva - 2.Sezon 1.Bölüm - 1 m3u8
   🔍 [9/20] Bölüm: https://diziyiizle2.com/helluva-boss/2-sezon-2-bolum/
📺 Embed URL bulundu: https://vidlax.xyz/embed/52136cebf835747f
🔍 Embed URL kontrol ediliyor: https://vidlax.xyz/embed/52136cebf835747f
📄 Embed sayfa içeriği alındı, boyut: 42252 karakter
🎬 Video Başlığı: Helluva Boss
📝 Video Açıklaması: 2.Sezon 2.Bölüm
🎯 Tam Başlık: Helluva Boss - 2.Sezon 2.Bölüm
🎯 HEX DECODE - m3u8 bulundu: https://vidlax.xyz/upload/b8faad18785988997f5981c89d155ef31639/master.m3u8
      ✅ Helluva Boss - 2.Sezon 2.Bölüm - 1 m3u8
   🔍 [10/20] Bölüm: https://diziyiizle2.com/helluva-boss/2-sezon-3-bolum/
📺 Embed URL bulundu: https://vidlax.xyz/embed/3a198f91452978cf
🔍 Embed URL kontrol ediliyor: https://vidlax.xyz/embed/3a198f91452978cf
📄 Embed sayfa içeriği alındı, boyut: 42116 karakter
🎬 Video Başlığı: Helluva Boss
📝 Video Açıklaması: 2.Sezon 3.Bölüm
🎯 Tam Başlık: Helluva Boss - 2.Sezon 3.Bölüm
🎯 HEX DECODE - m3u8 bulundu: https://vidlax.xyz/upload/5c8596a2204303c045dca10faeb30c66696a/master.m3u8
      ✅ Helluva Boss - 2.Sezon 3.Bölüm - 1 m3u8
   🔍 [11/20] Bölüm: https://diziyiizle2.com/helluva-boss/2-sezon-4-bolum/
📺 Embed URL bulundu: https://vidlax.xyz/embed/5a080f0352bbad2f
🔍 Embed URL kontrol ediliyor: https://vidlax.xyz/embed/5a080f0352bbad2f
📄 Embed sayfa içeriği alındı, boyut: 42252 karakter
🎬 Video Başlığı: Helluva Boss
📝 Video Açıklaması: 2.Sezon 4.Bölüm
🎯 Tam Başlık: Helluva Boss - 2.Sezon 4.Bölüm
🎯 HEX DECODE - m3u8 bulundu: https://vidlax.xyz/upload/e1d5e8930eca3164c318f031eeb68beffe67/master.m3u8
      ✅ Helluva Boss - 2.Sezon 4.Bölüm - 1 m3u8
   🔍 [12/20] Bölüm: https://diziyiizle2.com/helluva-boss/2-sezon-5-bolum/
📺 Embed URL bulundu: https://vidlax.xyz/embed/b442734256c12928
🔍 Embed URL kontrol ediliyor: https://vidlax.xyz/embed/b442734256c12928
📄 Embed sayfa içeriği alındı, boyut: 42116 karakter
🎬 Video Başlığı: Helluva Boss
📝 Video Açıklaması: 2.Sezon 5.Bölüm
🎯 Tam Başlık: Helluva Boss - 2.Sezon 5.Bölüm
🎯 HEX DECODE - m3u8 bulundu: https://vidlax.xyz/upload/ec7f798c2918f8760b3de6fdfa5155c8f8f6/master.m3u8
      ✅ Helluva Boss - 2.Sezon 5.Bölüm - 1 m3u8
   🔍 [13/20] Bölüm: https://diziyiizle2.com/helluva-boss/2-sezon-6-bolum/
📺 Embed URL bulundu: https://vidlax.xyz/embed/2617ae1ef3fe1162
🔍 Embed URL kontrol ediliyor: https://vidlax.xyz/embed/2617ae1ef3fe1162
📄 Embed sayfa içeriği alındı, boyut: 42114 karakter
🎬 Video Başlığı: Helluva Boss
📝 Video Açıklaması: 2.Sezon 6.Bölüm
🎯 Tam Başlık: Helluva Boss - 2.Sezon 6.Bölüm
🎯 HEX DECODE - m3u8 bulundu: https://vidlax.xyz/upload/ce1cb86a512e4417a57a00bf7d2c528abf6d/master.m3u8
      ✅ Helluva Boss - 2.Sezon 6.Bölüm - 1 m3u8
   🔍 [14/20] Bölüm: https://diziyiizle2.com/helluva-boss/2-sezon-7-bolum/
📺 Embed URL bulundu: https://vidlax.xyz/embed/e354614f260583b4
🔍 Embed URL kontrol ediliyor: https://vidlax.xyz/embed/e354614f260583b4
📄 Embed sayfa içeriği alındı, boyut: 42114 karakter
🎬 Video Başlığı: Helluva Boss
📝 Video Açıklaması: 2.Sezon 7.Bölüm
🎯 Tam Başlık: Helluva Boss - 2.Sezon 7.Bölüm
🎯 HEX DECODE - m3u8 bulundu: https://vidlax.xyz/upload/886857a19be13d8dec1c9435c8cd74849db0/master.m3u8
      ✅ Helluva Boss - 2.Sezon 7.Bölüm - 1 m3u8
   🔍 [15/20] Bölüm: https://diziyiizle2.com/helluva-boss/2-sezon-8-bolum/
📺 Embed URL bulundu: https://vidlax.xyz/embed/d1b42b66f49a483c
🔍 Embed URL kontrol ediliyor: https://vidlax.xyz/embed/d1b42b66f49a483c
📄 Embed sayfa içeriği alındı, boyut: 42116 karakter
🎬 Video Başlığı: Helluva Boss
📝 Video Açıklaması: 2.Sezon 8.Bölüm
🎯 Tam Başlık: Helluva Boss - 2.Sezon 8.Bölüm
🎯 HEX DECODE - m3u8 bulundu: https://vidlax.xyz/upload/a77571be55f1a2bcfd43f3e0bc7aaf403af7/master.m3u8
      ✅ Helluva Boss - 2.Sezon 8.Bölüm - 1 m3u8
   🔍 [16/20] Bölüm: https://diziyiizle2.com/helluva-boss/2-sezon-9-bolum/
📺 Embed URL bulundu: https://vidlax.xyz/embed/88d47d91f4bba4d9
🔍 Embed URL kontrol ediliyor: https://vidlax.xyz/embed/88d47d91f4bba4d9
📄 Embed sayfa içeriği alındı, boyut: 42114 karakter
🎬 Video Başlığı: Helluva Boss
📝 Video Açıklaması: 2.Sezon 9.Bölüm
🎯 Tam Başlık: Helluva Boss - 2.Sezon 9.Bölüm
🎯 HEX DECODE - m3u8 bulundu: https://vidlax.xyz/upload/102bbc2f1f42147dab2604f3f2a497131c5a/master.m3u8
      ✅ Helluva Boss - 2.Sezon 9.Bölüm - 1 m3u8
   🔍 [17/20] Bölüm: https://diziyiizle2.com/helluva-boss/2-sezon-10-bolum/
📺 Embed URL bulundu: https://vidlax.xyz/embed/ec8b6d7d4f5b06d0
🔍 Embed URL kontrol ediliyor: https://vidlax.xyz/embed/ec8b6d7d4f5b06d0
📄 Embed sayfa içeriği alındı, boyut: 42117 karakter
🎬 Video Başlığı: Helluva Boss
📝 Video Açıklaması: 2.Sezon 10.Bölüm
🎯 Tam Başlık: Helluva Boss - 2.Sezon 10.Bölüm
🎯 HEX DECODE - m3u8 bulundu: https://vidlax.xyz/upload/3d3f331e8fa8f2e1b006993b8be40d8b0236/master.m3u8
      ✅ Helluva Boss - 2.Sezon 10.Bölüm - 1 m3u8
   🔍 [18/20] Bölüm: https://diziyiizle2.com/helluva-boss/2-sezon-11-bolum/
📺 Embed URL bulundu: https://vidlax.xyz/embed/b53c3b66a749d2a3
🔍 Embed URL kontrol ediliyor: https://vidlax.xyz/embed/b53c3b66a749d2a3
📄 Embed sayfa içeriği alındı, boyut: 42117 karakter
🎬 Video Başlığı: Helluva Boss
📝 Video Açıklaması: 2.Sezon 11.Bölüm
🎯 Tam Başlık: Helluva Boss - 2.Sezon 11.Bölüm
🎯 HEX DECODE - m3u8 bulundu: https://vidlax.xyz/upload/3dccf728882245de0ffe9da9da9108305c55/master.m3u8
      ✅ Helluva Boss - 2.Sezon 11.Bölüm - 1 m3u8
   🔍 [19/20] Bölüm: https://diziyiizle2.com/helluva-boss/2-sezon-12-bolum/
📺 Embed URL bulundu: https://vidlax.xyz/embed/304447d9681b2b2a
🔍 Embed URL kontrol ediliyor: https://vidlax.xyz/embed/304447d9681b2b2a
📄 Embed sayfa içeriği alındı, boyut: 42117 karakter
🎬 Video Başlığı: Helluva Boss
📝 Video Açıklaması: 2.Sezon 12.Bölüm
🎯 Tam Başlık: Helluva Boss - 2.Sezon 12.Bölüm
🎯 HEX DECODE - m3u8 bulundu: https://vidlax.xyz/upload/f62ea317f5827968980949eca255f8e9c278/master.m3u8
      ✅ Helluva Boss - 2.Sezon 12.Bölüm - 1 m3u8
   🔍 [20/20] Bölüm: https://diziyiizle2.com/helluva-boss/2-sezon-13-bolum/

🔍 Vidlax direkt analizi: https://diziyiizle2.com/helluva-boss/2-sezon-13-bolum/
📄 Sayfa içeriği alındı: 112271 karakter
❌ m3u8 URL'si bulunamadı
      ❌ m3u8 bulunamadı
      📁 Dizi playlist: playlists/helluva_boss_playlist.m3u
   ✅ Dizi tamamlandı: 19 m3u8 eklendi

============================================================
🎬 [21/56] İşleniyor: https://diziyiizle2.com/dizi/la-suerte/
📺 Bölüm bulundu: 1. Sezon 1. BölümDublaj11.10.202531 dk. - https://diziyiizle2.com/la-suerte/1-sezon-1-bolum/
📺 Bölüm bulundu: 1. Sezon 2. BölümDublaj11.10.202536 dk. - https://diziyiizle2.com/la-suerte/1-sezon-2-bolum/
📺 Bölüm bulundu: 1. Sezon 3. BölümDublaj11.10.202534 dk. - https://diziyiizle2.com/la-suerte/1-sezon-3-bolum/
📺 Bölüm bulundu: 1. Sezon 4. BölümDublaj11.10.202531 dk. - https://diziyiizle2.com/la-suerte/1-sezon-4-bolum/
📺 Bölüm bulundu: 1. Sezon 5. BölümDublaj11.10.202532 dk. - https://diziyiizle2.com/la-suerte/1-sezon-5-bolum/
📺 Bölüm bulundu: 1. Sezon 6. BölümDublaj11.10.202530 dk. - https://diziyiizle2.com/la-suerte/1-sezon-6-bolum/

📊 Toplam 6 bölüm bulundu
   🔍 [1/6] Bölüm: https://diziyiizle2.com/la-suerte/1-sezon-1-bolum/
📺 Embed URL bulundu: https://vidlax.xyz/embed/ba3d86450272f0cb
🔍 Embed URL kontrol ediliyor: https://vidlax.xyz/embed/ba3d86450272f0cb
📄 Embed sayfa içeriği alındı, boyut: 41097 karakter
🎬 Video Başlığı: La suerte
📝 Video Açıklaması: 1.Sezon 1.Bölüm
🎯 Tam Başlık: La suerte - 1.Sezon 1.Bölüm
🎯 HEX DECODE - m3u8 bulundu: https://vidlax.xyz/upload/7d72ad17b9b910efbc3f46c7ae6392e2fa67/master.m3u8
      ✅ La suerte - 1.Sezon 1.Bölüm - 1 m3u8
   🔍 [2/6] Bölüm: https://diziyiizle2.com/la-suerte/1-sezon-2-bolum/
📺 Embed URL bulundu: https://vidlax.xyz/embed/40039c10ee1bc8d4
🔍 Embed URL kontrol ediliyor: https://vidlax.xyz/embed/40039c10ee1bc8d4
📄 Embed sayfa içeriği alındı, boyut: 41097 karakter
🎬 Video Başlığı: La suerte
📝 Video Açıklaması: 1.Sezon 2.Bölüm
🎯 Tam Başlık: La suerte - 1.Sezon 2.Bölüm
🎯 HEX DECODE - m3u8 bulundu: https://vidlax.xyz/upload/7d4b4446fd67a018bc65983e3d893457e3c9/master.m3u8
      ✅ La suerte - 1.Sezon 2.Bölüm - 1 m3u8
   🔍 [3/6] Bölüm: https://diziyiizle2.com/la-suerte/1-sezon-3-bolum/
📺 Embed URL bulundu: https://vidlax.xyz/embed/5acc68df384bb007
🔍 Embed URL kontrol ediliyor: https://vidlax.xyz/embed/5acc68df384bb007
📄 Embed sayfa içeriği alındı, boyut: 41250 karakter
🎬 Video Başlığı: La suerte
📝 Video Açıklaması: 1.Sezon 3.Bölüm
🎯 Tam Başlık: La suerte - 1.Sezon 3.Bölüm
🎯 HEX DECODE - m3u8 bulundu: https://vidlax.xyz/upload/2acf202d5d5eabe8d7800492bca7f572aad5/master.m3u8
      ✅ La suerte - 1.Sezon 3.Bölüm - 1 m3u8
   🔍 [4/6] Bölüm: https://diziyiizle2.com/la-suerte/1-sezon-4-bolum/
📺 Embed URL bulundu: https://vidlax.xyz/embed/1e2165999940415e
🔍 Embed URL kontrol ediliyor: https://vidlax.xyz/embed/1e2165999940415e
📄 Embed sayfa içeriği alındı, boyut: 41097 karakter
🎬 Video Başlığı: La suerte
📝 Video Açıklaması: 1.Sezon 4.Bölüm
🎯 Tam Başlık: La suerte - 1.Sezon 4.Bölüm
🎯 HEX DECODE - m3u8 bulundu: https://vidlax.xyz/upload/88f7e2d0132b4f7465b4b8d5e7506d1dad96/master.m3u8
      ✅ La suerte - 1.Sezon 4.Bölüm - 1 m3u8
   🔍 [5/6] Bölüm: https://diziyiizle2.com/la-suerte/1-sezon-5-bolum/
📺 Embed URL bulundu: https://vidlax.xyz/embed/2679ee5e6b9f7ff2
🔍 Embed URL kontrol ediliyor: https://vidlax.xyz/embed/2679ee5e6b9f7ff2
📄 Embed sayfa içeriği alındı, boyut: 41097 karakter
🎬 Video Başlığı: La suerte
📝 Video Açıklaması: 1.Sezon 5.Bölüm
🎯 Tam Başlık: La suerte - 1.Sezon 5.Bölüm
🎯 HEX DECODE - m3u8 bulundu: https://vidlax.xyz/upload/59fd11ea938bc3b187acefe2e240c08aa9f5/master.m3u8
      ✅ La suerte - 1.Sezon 5.Bölüm - 1 m3u8
   🔍 [6/6] Bölüm: https://diziyiizle2.com/la-suerte/1-sezon-6-bolum/
📺 Embed URL bulundu: https://vidlax.xyz/embed/66ea4bda40eda209
🔍 Embed URL kontrol ediliyor: https://vidlax.xyz/embed/66ea4bda40eda209
📄 Embed sayfa içeriği alındı, boyut: 41097 karakter
🎬 Video Başlığı: La suerte
📝 Video Açıklaması: 1.Sezon 6.Bölüm
🎯 Tam Başlık: La suerte - 1.Sezon 6.Bölüm
🎯 HEX DECODE - m3u8 bulundu: https://vidlax.xyz/upload/e30c8e2fc45a8870081669b81058b29354de/master.m3u8
      ✅ La suerte - 1.Sezon 6.Bölüm - 1 m3u8
      📁 Dizi playlist: playlists/la_suerte_playlist.m3u
   ✅ Dizi tamamlandı: 6 m3u8 eklendi

============================================================
🎬 [22/56] İşleniyor: https://diziyiizle2.com/dizi/outlander-blood-of-my-blood/
📺 Bölüm bulundu: 1. Sezon 1. BölümAltyazılı10.10.202581 dk. - https://diziyiizle2.com/outlander-blood-of-my-blood/1-sezon-1-bolum/
📺 Bölüm bulundu: 1. Sezon 2. BölümAltyazılı10.10.202560 dk. - https://diziyiizle2.com/outlander-blood-of-my-blood/1-sezon-2-bolum/
📺 Bölüm bulundu: 1. Sezon 3. BölümAltyazılı10.10.202561 dk. - https://diziyiizle2.com/outlander-blood-of-my-blood/1-sezon-3-bolum/
📺 Bölüm bulundu: 1. Sezon 4. BölümAltyazılı10.10.202561 dk. - https://diziyiizle2.com/outlander-blood-of-my-blood/1-sezon-4-bolum/
📺 Bölüm bulundu: 1. Sezon 5. BölümAltyazılı10.10.202561 dk. - https://diziyiizle2.com/outlander-blood-of-my-blood/1-sezon-5-bolum/
📺 Bölüm bulundu: 1. Sezon 6. BölümAltyazılı10.10.202559 dk. - https://diziyiizle2.com/outlander-blood-of-my-blood/1-sezon-6-bolum/
📺 Bölüm bulundu: 1. Sezon 7. BölümAltyazılı10.10.202560 dk. - https://diziyiizle2.com/outlander-blood-of-my-blood/1-sezon-7-bolum/
📺 Bölüm bulundu: 1. Sezon 8. BölümAltyazılı10.10.202557 dk. - https://diziyiizle2.com/outlander-blood-of-my-blood/1-sezon-8-bolum/
📺 Bölüm bulundu: 1. Sezon 9. BölümAltyazılı10.10.202558 dk. - https://diziyiizle2.com/outlander-blood-of-my-blood/1-sezon-9-bolum/
📺 Bölüm bulundu: 1. Sezon 10. BölümAltyazılı10.10.2025 - https://diziyiizle2.com/outlander-blood-of-my-blood/1-sezon-10-bolum/

📊 Toplam 10 bölüm bulundu
   🔍 [1/10] Bölüm: https://diziyiizle2.com/outlander-blood-of-my-blood/1-sezon-1-bolum/
📺 Embed URL bulundu: https://vidlax.xyz/embed/30771b7aa0213dc3
🔍 Embed URL kontrol ediliyor: https://vidlax.xyz/embed/30771b7aa0213dc3
📄 Embed sayfa içeriği alındı, boyut: 39553 karakter
🎬 Video Başlığı: Outlander: Blood of My Blood
📝 Video Açıklaması: 1.Sezon 1.Bölüm
🎯 Tam Başlık: Outlander: Blood of My Blood - 1.Sezon 1.Bölüm
🎯 HEX DECODE - m3u8 bulundu: https://vidlax.xyz/upload/5a5057309e4730327c9ccfde69c7ab845cda/master.m3u8
      ✅ Outlander: Blood of My Blood - 1.Sezon 1.Bölüm - 1 m3u8
   🔍 [2/10] Bölüm: https://diziyiizle2.com/outlander-blood-of-my-blood/1-sezon-2-bolum/
📺 Embed URL bulundu: https://vidlax.xyz/embed/f07dc3a4f93d6b49
🔍 Embed URL kontrol ediliyor: https://vidlax.xyz/embed/f07dc3a4f93d6b49
📄 Embed sayfa içeriği alındı, boyut: 39553 karakter
🎬 Video Başlığı: Outlander: Blood of My Blood
📝 Video Açıklaması: 1.Sezon 2.Bölüm
🎯 Tam Başlık: Outlander: Blood of My Blood - 1.Sezon 2.Bölüm
🎯 HEX DECODE - m3u8 bulundu: https://vidlax.xyz/upload/59153cc7f3d28d3d84a1f1d4b14427655dbd/master.m3u8
      ✅ Outlander: Blood of My Blood - 1.Sezon 2.Bölüm - 1 m3u8
   🔍 [3/10] Bölüm: https://diziyiizle2.com/outlander-blood-of-my-blood/1-sezon-3-bolum/
📺 Embed URL bulundu: https://vidlax.xyz/embed/d40f0ed9fc42639f
🔍 Embed URL kontrol ediliyor: https://vidlax.xyz/embed/d40f0ed9fc42639f
📄 Embed sayfa içeriği alındı, boyut: 39553 karakter
🎬 Video Başlığı: Outlander: Blood of My Blood
📝 Video Açıklaması: 1.Sezon 3.Bölüm
🎯 Tam Başlık: Outlander: Blood of My Blood - 1.Sezon 3.Bölüm
🎯 HEX DECODE - m3u8 bulundu: https://vidlax.xyz/upload/121e7316b1cd4f4326fe54ad57389e4111dc/master.m3u8
      ✅ Outlander: Blood of My Blood - 1.Sezon 3.Bölüm - 1 m3u8
   🔍 [4/10] Bölüm: https://diziyiizle2.com/outlander-blood-of-my-blood/1-sezon-4-bolum/
📺 Embed URL bulundu: https://vidlax.xyz/embed/1cb4948199ca6c41
🔍 Embed URL kontrol ediliyor: https://vidlax.xyz/embed/1cb4948199ca6c41
📄 Embed sayfa içeriği alındı, boyut: 39553 karakter
🎬 Video Başlığı: Outlander: Blood of My Blood
📝 Video Açıklaması: 1.Sezon 4.Bölüm
🎯 Tam Başlık: Outlander: Blood of My Blood - 1.Sezon 4.Bölüm
🎯 HEX DECODE - m3u8 bulundu: https://vidlax.xyz/upload/dde5367b2a18a4a08a4c6b9396effb9fdb69/master.m3u8
      ✅ Outlander: Blood of My Blood - 1.Sezon 4.Bölüm - 1 m3u8
   🔍 [5/10] Bölüm: https://diziyiizle2.com/outlander-blood-of-my-blood/1-sezon-5-bolum/
📺 Embed URL bulundu: https://vidlax.xyz/embed/2996f359b5256b90
🔍 Embed URL kontrol ediliyor: https://vidlax.xyz/embed/2996f359b5256b90
📄 Embed sayfa içeriği alındı, boyut: 39553 karakter
🎬 Video Başlığı: Outlander: Blood of My Blood
📝 Video Açıklaması: 1.Sezon 5.Bölüm
🎯 Tam Başlık: Outlander: Blood of My Blood - 1.Sezon 5.Bölüm
🎯 HEX DECODE - m3u8 bulundu: https://vidlax.xyz/upload/9c28150a616232bb85256c11db478eaa1643/master.m3u8
      ✅ Outlander: Blood of My Blood - 1.Sezon 5.Bölüm - 1 m3u8
   🔍 [6/10] Bölüm: https://diziyiizle2.com/outlander-blood-of-my-blood/1-sezon-6-bolum/
📺 Embed URL bulundu: https://vidlax.xyz/embed/86685355c79ec351
🔍 Embed URL kontrol ediliyor: https://vidlax.xyz/embed/86685355c79ec351
📄 Embed sayfa içeriği alındı, boyut: 39553 karakter
🎬 Video Başlığı: Outlander: Blood of My Blood
📝 Video Açıklaması: 1.Sezon 6.Bölüm
🎯 Tam Başlık: Outlander: Blood of My Blood - 1.Sezon 6.Bölüm
🎯 HEX DECODE - m3u8 bulundu: https://vidlax.xyz/upload/81cff25e5ffefbdf0b7572b1aa41ae5f2259/master.m3u8
      ✅ Outlander: Blood of My Blood - 1.Sezon 6.Bölüm - 1 m3u8
   🔍 [7/10] Bölüm: https://diziyiizle2.com/outlander-blood-of-my-blood/1-sezon-7-bolum/
📺 Embed URL bulundu: https://vidlax.xyz/embed/166aae97d5326f6e
🔍 Embed URL kontrol ediliyor: https://vidlax.xyz/embed/166aae97d5326f6e
📄 Embed sayfa içeriği alındı, boyut: 39553 karakter
🎬 Video Başlığı: Outlander: Blood of My Blood
📝 Video Açıklaması: 1.Sezon 7.Bölüm
🎯 Tam Başlık: Outlander: Blood of My Blood - 1.Sezon 7.Bölüm
🎯 HEX DECODE - m3u8 bulundu: https://vidlax.xyz/upload/1147e910f1d719e875168a1735c9cb96fb87/master.m3u8
      ✅ Outlander: Blood of My Blood - 1.Sezon 7.Bölüm - 1 m3u8
   🔍 [8/10] Bölüm: https://diziyiizle2.com/outlander-blood-of-my-blood/1-sezon-8-bolum/
📺 Embed URL bulundu: https://vidlax.xyz/embed/d0b060c768bd07e1
🔍 Embed URL kontrol ediliyor: https://vidlax.xyz/embed/d0b060c768bd07e1
📄 Embed sayfa içeriği alındı, boyut: 39553 karakter
🎬 Video Başlığı: Outlander: Blood of My Blood
📝 Video Açıklaması: 1.Sezon 8.Bölüm
🎯 Tam Başlık: Outlander: Blood of My Blood - 1.Sezon 8.Bölüm
🎯 HEX DECODE - m3u8 bulundu: https://vidlax.xyz/upload/4296652cc520a2b36fb1b5bbb1b2924bb94c/master.m3u8
      ✅ Outlander: Blood of My Blood - 1.Sezon 8.Bölüm - 1 m3u8
   🔍 [9/10] Bölüm: https://diziyiizle2.com/outlander-blood-of-my-blood/1-sezon-9-bolum/
📺 Embed URL bulundu: https://vidlax.xyz/embed/0798f29efa174922
🔍 Embed URL kontrol ediliyor: https://vidlax.xyz/embed/0798f29efa174922
📄 Embed sayfa içeriği alındı, boyut: 39553 karakter
🎬 Video Başlığı: Outlander: Blood of My Blood
📝 Video Açıklaması: 1.Sezon 9.Bölüm
🎯 Tam Başlık: Outlander: Blood of My Blood - 1.Sezon 9.Bölüm
🎯 HEX DECODE - m3u8 bulundu: https://vidlax.xyz/upload/aadd09ff17f48619f5f3635340151a09aab6/master.m3u8
      ✅ Outlander: Blood of My Blood - 1.Sezon 9.Bölüm - 1 m3u8
   🔍 [10/10] Bölüm: https://diziyiizle2.com/outlander-blood-of-my-blood/1-sezon-10-bolum/
📺 Embed URL bulundu: https://vidlax.xyz/embed/6e9cb1d8613ef1ec
🔍 Embed URL kontrol ediliyor: https://vidlax.xyz/embed/6e9cb1d8613ef1ec
📄 Embed sayfa içeriği alındı, boyut: 39554 karakter
🎬 Video Başlığı: Outlander: Blood of My Blood
📝 Video Açıklaması: 1.Sezon 10.Bölüm
🎯 Tam Başlık: Outlander: Blood of My Blood - 1.Sezon 10.Bölüm
🎯 HEX DECODE - m3u8 bulundu: https://vidlax.xyz/upload/000a603de849e3a13287e64dbcb704d2dba9/master.m3u8
      ✅ Outlander: Blood of My Blood - 1.Sezon 10.Bölüm - 1 m3u8
      📁 Dizi playlist: playlists/outlander_blood_of_my_blood_playlist.m3u
   ✅ Dizi tamamlandı: 10 m3u8 eklendi

============================================================
🎬 [23/56] İşleniyor: https://diziyiizle2.com/dizi/greys-anatomy/
📺 Bölüm bulundu: 22. Sezon 1. BölümAltyazılı10.10.2025 - https://diziyiizle2.com/greys-anatomy/22-sezon-1-bolum/

📊 Toplam 1 bölüm bulundu
   🔍 [1/1] Bölüm: https://diziyiizle2.com/greys-anatomy/22-sezon-1-bolum/
📺 Embed URL bulundu: https://vidlax.xyz/embed/0e1aa878a10231f3
🔍 Embed URL kontrol ediliyor: https://vidlax.xyz/embed/0e1aa878a10231f3
📄 Embed sayfa içeriği alındı, boyut: 39718 karakter
🎬 Video Başlığı: Grey&#039;s Anatomy
📝 Video Açıklaması: 22.Sezon 1.Bölüm
🎯 Tam Başlık: Grey&#039;s Anatomy - 22.Sezon 1.Bölüm
🎯 HEX DECODE - m3u8 bulundu: https://vidlax.xyz/upload/2bd323f7f67b0601ae045a6e83932cf0def1/master.m3u8
      ✅ Grey&#039;s Anatomy - 22.Sezon 1.Bölüm - 1 m3u8
      📁 Dizi playlist: playlists/greys_anatomy_playlist.m3u
   ✅ Dizi tamamlandı: 1 m3u8 eklendi

============================================================
🎬 [24/56] İşleniyor: https://diziyiizle2.com/dizi/the-last-frontier/
📺 Bölüm bulundu: 1. Sezon 1. BölümAltyazılı10.10.202561 dk. - https://diziyiizle2.com/the-last-frontier/1-sezon-1-bolum/
📺 Bölüm bulundu: 1. Sezon 2. BölümAltyazılı10.10.202556 dk. - https://diziyiizle2.com/the-last-frontier/1-sezon-2-bolum/
📺 Bölüm bulundu: 1. Sezon 3. BölümAltyazılı10.10.202562 dk. - https://diziyiizle2.com/the-last-frontier/1-sezon-3-bolum/
📺 Bölüm bulundu: 1. Sezon 4. BölümAltyazılı10.10.2025 - https://diziyiizle2.com/the-last-frontier/1-sezon-4-bolum/
📺 Bölüm bulundu: 1. Sezon 5. BölümAltyazılı10.10.2025 - https://diziyiizle2.com/the-last-frontier/1-sezon-5-bolum/
📺 Bölüm bulundu: 1. Sezon 6. BölümAltyazılı10.10.2025 - https://diziyiizle2.com/the-last-frontier/1-sezon-6-bolum/
📺 Bölüm bulundu: 1. Sezon 7. BölümAltyazılı10.10.2025 - https://diziyiizle2.com/the-last-frontier/1-sezon-7-bolum/
📺 Bölüm bulundu: 1. Sezon 8. BölümAltyazılı10.10.2025 - https://diziyiizle2.com/the-last-frontier/1-sezon-8-bolum/
📺 Bölüm bulundu: 1. Sezon 9. BölümAltyazılı10.10.2025 - https://diziyiizle2.com/the-last-frontier/1-sezon-9-bolum/
📺 Bölüm bulundu: 1. Sezon 10. BölümAltyazılı10.10.2025 - https://diziyiizle2.com/the-last-frontier/1-sezon-10-bolum/

📊 Toplam 10 bölüm bulundu
   🔍 [1/10] Bölüm: https://diziyiizle2.com/the-last-frontier/1-sezon-1-bolum/
📺 Embed URL bulundu: https://vidlax.xyz/embed/208b6505047201d8
🔍 Embed URL kontrol ediliyor: https://vidlax.xyz/embed/208b6505047201d8
📄 Embed sayfa içeriği alındı, boyut: 39715 karakter
🎬 Video Başlığı: The Last Frontier
📝 Video Açıklaması: 1.Sezon 1.Bölüm
🎯 Tam Başlık: The Last Frontier - 1.Sezon 1.Bölüm
🎯 HEX DECODE - m3u8 bulundu: https://vidlax.xyz/upload/da7ae121b69b0877b5c1debc560ad4f62f66/master.m3u8
      ✅ The Last Frontier - 1.Sezon 1.Bölüm - 1 m3u8
   🔍 [2/10] Bölüm: https://diziyiizle2.com/the-last-frontier/1-sezon-2-bolum/
📺 Embed URL bulundu: https://vidlax.xyz/embed/57d9a2c036a49674
🔍 Embed URL kontrol ediliyor: https://vidlax.xyz/embed/57d9a2c036a49674
📄 Embed sayfa içeriği alındı, boyut: 39715 karakter
🎬 Video Başlığı: The Last Frontier
📝 Video Açıklaması: 1.Sezon 2.Bölüm
🎯 Tam Başlık: The Last Frontier - 1.Sezon 2.Bölüm
🎯 HEX DECODE - m3u8 bulundu: https://vidlax.xyz/upload/79e0d3b5619fdc5e9fa7e274029e5afccdf3/master.m3u8
      ✅ The Last Frontier - 1.Sezon 2.Bölüm - 1 m3u8
   🔍 [3/10] Bölüm: https://diziyiizle2.com/the-last-frontier/1-sezon-3-bolum/
📺 Embed URL bulundu: https://vidlax.xyz/embed/9aae31b6a98c1c11
🔍 Embed URL kontrol ediliyor: https://vidlax.xyz/embed/9aae31b6a98c1c11
📄 Embed sayfa içeriği alındı, boyut: 39715 karakter
🎬 Video Başlığı: The Last Frontier
📝 Video Açıklaması: 1.Sezon 3.Bölüm
🎯 Tam Başlık: The Last Frontier - 1.Sezon 3.Bölüm
🎯 HEX DECODE - m3u8 bulundu: https://vidlax.xyz/upload/3e80f9803d7efbdd1ef3b3d3846ffe8d75ed/master.m3u8
      ✅ The Last Frontier - 1.Sezon 3.Bölüm - 1 m3u8
   🔍 [4/10] Bölüm: https://diziyiizle2.com/the-last-frontier/1-sezon-4-bolum/

🔍 Vidlax direkt analizi: https://diziyiizle2.com/the-last-frontier/1-sezon-4-bolum/
📄 Sayfa içeriği alındı: 97867 karakter
❌ m3u8 URL'si bulunamadı
      ❌ m3u8 bulunamadı
   🔍 [5/10] Bölüm: https://diziyiizle2.com/the-last-frontier/1-sezon-5-bolum/

🔍 Vidlax direkt analizi: https://diziyiizle2.com/the-last-frontier/1-sezon-5-bolum/
📄 Sayfa içeriği alındı: 97866 karakter
❌ m3u8 URL'si bulunamadı
      ❌ m3u8 bulunamadı
   🔍 [6/10] Bölüm: https://diziyiizle2.com/the-last-frontier/1-sezon-6-bolum/

🔍 Vidlax direkt analizi: https://diziyiizle2.com/the-last-frontier/1-sezon-6-bolum/
📄 Sayfa içeriği alındı: 97866 karakter
❌ m3u8 URL'si bulunamadı
      ❌ m3u8 bulunamadı
   🔍 [7/10] Bölüm: https://diziyiizle2.com/the-last-frontier/1-sezon-7-bolum/

🔍 Vidlax direkt analizi: https://diziyiizle2.com/the-last-frontier/1-sezon-7-bolum/
📄 Sayfa içeriği alındı: 97867 karakter
❌ m3u8 URL'si bulunamadı
      ❌ m3u8 bulunamadı
   🔍 [8/10] Bölüm: https://diziyiizle2.com/the-last-frontier/1-sezon-8-bolum/

🔍 Vidlax direkt analizi: https://diziyiizle2.com/the-last-frontier/1-sezon-8-bolum/
📄 Sayfa içeriği alındı: 97866 karakter
❌ m3u8 URL'si bulunamadı
      ❌ m3u8 bulunamadı
   🔍 [9/10] Bölüm: https://diziyiizle2.com/the-last-frontier/1-sezon-9-bolum/

🔍 Vidlax direkt analizi: https://diziyiizle2.com/the-last-frontier/1-sezon-9-bolum/
📄 Sayfa içeriği alındı: 97866 karakter
❌ m3u8 URL'si bulunamadı
      ❌ m3u8 bulunamadı
   🔍 [10/10] Bölüm: https://diziyiizle2.com/the-last-frontier/1-sezon-10-bolum/

🔍 Vidlax direkt analizi: https://diziyiizle2.com/the-last-frontier/1-sezon-10-bolum/
📄 Sayfa içeriği alındı: 97885 karakter
❌ m3u8 URL'si bulunamadı
      ❌ m3u8 bulunamadı
      📁 Dizi playlist: playlists/the_last_frontier_playlist.m3u
   ✅ Dizi tamamlandı: 3 m3u8 eklendi

============================================================
🎬 [25/56] İşleniyor: https://diziyiizle2.com/dizi/knife-edge-chasing-michelin-stars/
📺 Bölüm bulundu: 1. Sezon 1. BölümAltyazılı10.10.2025 - https://diziyiizle2.com/knife-edge-chasing-michelin-stars/1-sezon-1-bolum/
📺 Bölüm bulundu: 1. Sezon 2. BölümAltyazılı10.10.2025 - https://diziyiizle2.com/knife-edge-chasing-michelin-stars/1-sezon-2-bolum/
📺 Bölüm bulundu: 1. Sezon 3. BölümAltyazılı10.10.2025 - https://diziyiizle2.com/knife-edge-chasing-michelin-stars/1-sezon-3-bolum/
📺 Bölüm bulundu: 1. Sezon 4. BölümAltyazılı10.10.2025 - https://diziyiizle2.com/knife-edge-chasing-michelin-stars/1-sezon-4-bolum/
📺 Bölüm bulundu: 1. Sezon 5. BölümAltyazılı10.10.2025 - https://diziyiizle2.com/knife-edge-chasing-michelin-stars/1-sezon-5-bolum/
📺 Bölüm bulundu: 1. Sezon 6. BölümAltyazılı10.10.2025 - https://diziyiizle2.com/knife-edge-chasing-michelin-stars/1-sezon-6-bolum/
📺 Bölüm bulundu: 1. Sezon 7. BölümAltyazılı10.10.2025 - https://diziyiizle2.com/knife-edge-chasing-michelin-stars/1-sezon-7-bolum/
📺 Bölüm bulundu: 1. Sezon 8. BölümAltyazılı10.10.2025 - https://diziyiizle2.com/knife-edge-chasing-michelin-stars/1-sezon-8-bolum/

📊 Toplam 8 bölüm bulundu
   🔍 [1/8] Bölüm: https://diziyiizle2.com/knife-edge-chasing-michelin-stars/1-sezon-1-bolum/
📺 Embed URL bulundu: https://vidlax.xyz/embed/e9f81321190c600c
🔍 Embed URL kontrol ediliyor: https://vidlax.xyz/embed/e9f81321190c600c
📄 Embed sayfa içeriği alındı, boyut: 39732 karakter
🎬 Video Başlığı: Knife Edge: Chasing Michelin Stars
📝 Video Açıklaması: 1.Sezon 1.Bölüm
🎯 Tam Başlık: Knife Edge: Chasing Michelin Stars - 1.Sezon 1.Bölüm
🎯 HEX DECODE - m3u8 bulundu: https://vidlax.xyz/upload/2f9ef3f0da9ca5c521f620ecd041097395fe/master.m3u8
      ✅ Knife Edge: Chasing Michelin Stars - 1.Sezon 1.Bölüm - 1 m3u8
   🔍 [2/8] Bölüm: https://diziyiizle2.com/knife-edge-chasing-michelin-stars/1-sezon-2-bolum/
📺 Embed URL bulundu: https://vidlax.xyz/embed/7d094210313213e1
🔍 Embed URL kontrol ediliyor: https://vidlax.xyz/embed/7d094210313213e1
📄 Embed sayfa içeriği alındı, boyut: 39732 karakter
🎬 Video Başlığı: Knife Edge: Chasing Michelin Stars
📝 Video Açıklaması: 1.Sezon 2.Bölüm
🎯 Tam Başlık: Knife Edge: Chasing Michelin Stars - 1.Sezon 2.Bölüm
🎯 HEX DECODE - m3u8 bulundu: https://vidlax.xyz/upload/c800da92e89ebf84c4f8486d8f79649bde26/master.m3u8
      ✅ Knife Edge: Chasing Michelin Stars - 1.Sezon 2.Bölüm - 1 m3u8
   🔍 [3/8] Bölüm: https://diziyiizle2.com/knife-edge-chasing-michelin-stars/1-sezon-3-bolum/

🔍 Vidlax direkt analizi: https://diziyiizle2.com/knife-edge-chasing-michelin-stars/1-sezon-3-bolum/
📄 Sayfa içeriği alındı: 95778 karakter
❌ m3u8 URL'si bulunamadı
      ❌ m3u8 bulunamadı
   🔍 [4/8] Bölüm: https://diziyiizle2.com/knife-edge-chasing-michelin-stars/1-sezon-4-bolum/

🔍 Vidlax direkt analizi: https://diziyiizle2.com/knife-edge-chasing-michelin-stars/1-sezon-4-bolum/
📄 Sayfa içeriği alındı: 95778 karakter
❌ m3u8 URL'si bulunamadı
      ❌ m3u8 bulunamadı
   🔍 [5/8] Bölüm: https://diziyiizle2.com/knife-edge-chasing-michelin-stars/1-sezon-5-bolum/

🔍 Vidlax direkt analizi: https://diziyiizle2.com/knife-edge-chasing-michelin-stars/1-sezon-5-bolum/
📄 Sayfa içeriği alındı: 95779 karakter
❌ m3u8 URL'si bulunamadı
      ❌ m3u8 bulunamadı
   🔍 [6/8] Bölüm: https://diziyiizle2.com/knife-edge-chasing-michelin-stars/1-sezon-6-bolum/

🔍 Vidlax direkt analizi: https://diziyiizle2.com/knife-edge-chasing-michelin-stars/1-sezon-6-bolum/
📄 Sayfa içeriği alındı: 95779 karakter
❌ m3u8 URL'si bulunamadı
      ❌ m3u8 bulunamadı
   🔍 [7/8] Bölüm: https://diziyiizle2.com/knife-edge-chasing-michelin-stars/1-sezon-7-bolum/

🔍 Vidlax direkt analizi: https://diziyiizle2.com/knife-edge-chasing-michelin-stars/1-sezon-7-bolum/
📄 Sayfa içeriği alındı: 95779 karakter
❌ m3u8 URL'si bulunamadı
      ❌ m3u8 bulunamadı
   🔍 [8/8] Bölüm: https://diziyiizle2.com/knife-edge-chasing-michelin-stars/1-sezon-8-bolum/

🔍 Vidlax direkt analizi: https://diziyiizle2.com/knife-edge-chasing-michelin-stars/1-sezon-8-bolum/
📄 Sayfa içeriği alındı: 95779 karakter
❌ m3u8 URL'si bulunamadı
      ❌ m3u8 bulunamadı
      📁 Dizi playlist: playlists/knife_edge_chasing_michelin_stars_playlist.m3u
   ✅ Dizi tamamlandı: 2 m3u8 eklendi

============================================================
🎬 [26/56] İşleniyor: https://diziyiizle2.com/dizi/dan-da-dan/
📺 Bölüm bulundu: 1. Sezon 1. BölümDublaj09.10.202524 dk. - https://diziyiizle2.com/dan-da-dan/1-sezon-1-bolum/
📺 Bölüm bulundu: 1. Sezon 2. BölümDublaj09.10.202524 dk. - https://diziyiizle2.com/dan-da-dan/1-sezon-2-bolum/
📺 Bölüm bulundu: 1. Sezon 3. BölümDublaj09.10.202524 dk. - https://diziyiizle2.com/dan-da-dan/1-sezon-3-bolum/
📺 Bölüm bulundu: 1. Sezon 4. BölümDublaj09.10.202524 dk. - https://diziyiizle2.com/dan-da-dan/1-sezon-4-bolum/
📺 Bölüm bulundu: 1. Sezon 5. BölümDublaj09.10.202524 dk. - https://diziyiizle2.com/dan-da-dan/1-sezon-5-bolum/
📺 Bölüm bulundu: 1. Sezon 6. BölümDublaj09.10.202524 dk. - https://diziyiizle2.com/dan-da-dan/1-sezon-6-bolum/
📺 Bölüm bulundu: 1. Sezon 7. BölümDublaj09.10.202524 dk. - https://diziyiizle2.com/dan-da-dan/1-sezon-7-bolum/
📺 Bölüm bulundu: 1. Sezon 8. BölümDublaj09.10.202524 dk. - https://diziyiizle2.com/dan-da-dan/1-sezon-8-bolum/
📺 Bölüm bulundu: 1. Sezon 9. BölümDublaj09.10.202524 dk. - https://diziyiizle2.com/dan-da-dan/1-sezon-9-bolum/
📺 Bölüm bulundu: 1. Sezon 10. BölümDublaj09.10.202524 dk. - https://diziyiizle2.com/dan-da-dan/1-sezon-10-bolum/
📺 Bölüm bulundu: 2. Sezon 1. BölümDublaj09.10.202524 dk. - https://diziyiizle2.com/dan-da-dan/2-sezon-1-bolum/
📺 Bölüm bulundu: 2. Sezon 2. BölümDublaj09.10.202524 dk. - https://diziyiizle2.com/dan-da-dan/2-sezon-2-bolum/
📺 Bölüm bulundu: 2. Sezon 3. BölümDublaj09.10.202524 dk. - https://diziyiizle2.com/dan-da-dan/2-sezon-3-bolum/
📺 Bölüm bulundu: 2. Sezon 4. BölümDublaj09.10.202524 dk. - https://diziyiizle2.com/dan-da-dan/2-sezon-4-bolum/
📺 Bölüm bulundu: 2. Sezon 5. BölümDublaj09.10.202524 dk. - https://diziyiizle2.com/dan-da-dan/2-sezon-5-bolum/
📺 Bölüm bulundu: 2. Sezon 6. BölümDublaj09.10.202524 dk. - https://diziyiizle2.com/dan-da-dan/2-sezon-6-bolum/
📺 Bölüm bulundu: 2. Sezon 7. BölümDublaj09.10.202524 dk. - https://diziyiizle2.com/dan-da-dan/2-sezon-7-bolum/
📺 Bölüm bulundu: 2. Sezon 8. BölümDublaj09.10.202524 dk. - https://diziyiizle2.com/dan-da-dan/2-sezon-8-bolum/
📺 Bölüm bulundu: 2. Sezon 9. BölümDublaj09.10.202524 dk. - https://diziyiizle2.com/dan-da-dan/2-sezon-9-bolum/
📺 Bölüm bulundu: 2. Sezon 10. BölümDublaj09.10.202524 dk. - https://diziyiizle2.com/dan-da-dan/2-sezon-10-bolum/
📺 Bölüm bulundu: 2. Sezon 11. BölümDublaj09.10.202524 dk. - https://diziyiizle2.com/dan-da-dan/2-sezon-11-bolum/
📺 Bölüm bulundu: 2. Sezon 12. BölümDublaj09.10.202524 dk. - https://diziyiizle2.com/dan-da-dan/2-sezon-12-bolum/

📊 Toplam 22 bölüm bulundu
   🔍 [1/22] Bölüm: https://diziyiizle2.com/dan-da-dan/1-sezon-1-bolum/
📺 Embed URL bulundu: https://vidlax.xyz/embed/b5ec9e072ec472e3
🔍 Embed URL kontrol ediliyor: https://vidlax.xyz/embed/b5ec9e072ec472e3
📄 Embed sayfa içeriği alındı, boyut: 39708 karakter
🎬 Video Başlığı: DAN DA DAN
📝 Video Açıklaması: 1.Sezon 1.Bölüm
🎯 Tam Başlık: DAN DA DAN - 1.Sezon 1.Bölüm
🎯 HEX DECODE - m3u8 bulundu: https://vidlax.xyz/upload/50b0a015fb24d06d2ca902471e67a35ea653/master.m3u8
      ✅ DAN DA DAN - 1.Sezon 1.Bölüm - 1 m3u8
   🔍 [2/22] Bölüm: https://diziyiizle2.com/dan-da-dan/1-sezon-2-bolum/
📺 Embed URL bulundu: https://vidlax.xyz/embed/492de392a3bffdb7
🔍 Embed URL kontrol ediliyor: https://vidlax.xyz/embed/492de392a3bffdb7
📄 Embed sayfa içeriği alındı, boyut: 39708 karakter
🎬 Video Başlığı: DAN DA DAN
📝 Video Açıklaması: 1.Sezon 2.Bölüm
🎯 Tam Başlık: DAN DA DAN - 1.Sezon 2.Bölüm
🎯 HEX DECODE - m3u8 bulundu: https://vidlax.xyz/upload/562617524ada32ca63ee710be796206cd6d8/master.m3u8
      ✅ DAN DA DAN - 1.Sezon 2.Bölüm - 1 m3u8
   🔍 [3/22] Bölüm: https://diziyiizle2.com/dan-da-dan/1-sezon-3-bolum/
📺 Embed URL bulundu: https://vidlax.xyz/embed/e33f13c78cd80f7c
🔍 Embed URL kontrol ediliyor: https://vidlax.xyz/embed/e33f13c78cd80f7c
📄 Embed sayfa içeriği alındı, boyut: 39708 karakter
🎬 Video Başlığı: DAN DA DAN
📝 Video Açıklaması: 1.Sezon 3.Bölüm
🎯 Tam Başlık: DAN DA DAN - 1.Sezon 3.Bölüm
🎯 HEX DECODE - m3u8 bulundu: https://vidlax.xyz/upload/e4e354dcf38ec9c83301ff5f01d9ffe2406a/master.m3u8
      ✅ DAN DA DAN - 1.Sezon 3.Bölüm - 1 m3u8
   🔍 [4/22] Bölüm: https://diziyiizle2.com/dan-da-dan/1-sezon-4-bolum/
📺 Embed URL bulundu: https://vidlax.xyz/embed/743b2c391507a8b7
🔍 Embed URL kontrol ediliyor: https://vidlax.xyz/embed/743b2c391507a8b7
📄 Embed sayfa içeriği alındı, boyut: 39708 karakter
🎬 Video Başlığı: DAN DA DAN
📝 Video Açıklaması: 1.Sezon 4.Bölüm
🎯 Tam Başlık: DAN DA DAN - 1.Sezon 4.Bölüm
🎯 HEX DECODE - m3u8 bulundu: https://vidlax.xyz/upload/61975f7beb50da0fdc78cc3b1f8ab0a6d3f9/master.m3u8
      ✅ DAN DA DAN - 1.Sezon 4.Bölüm - 1 m3u8
   🔍 [5/22] Bölüm: https://diziyiizle2.com/dan-da-dan/1-sezon-5-bolum/
📺 Embed URL bulundu: https://vidlax.xyz/embed/aa8f548f03a065cd
🔍 Embed URL kontrol ediliyor: https://vidlax.xyz/embed/aa8f548f03a065cd
📄 Embed sayfa içeriği alındı, boyut: 39708 karakter
🎬 Video Başlığı: DAN DA DAN
📝 Video Açıklaması: 1.Sezon 5.Bölüm
🎯 Tam Başlık: DAN DA DAN - 1.Sezon 5.Bölüm
🎯 HEX DECODE - m3u8 bulundu: https://vidlax.xyz/upload/e7970cc358215cab4749eecf04da263141aa/master.m3u8
      ✅ DAN DA DAN - 1.Sezon 5.Bölüm - 1 m3u8
   🔍 [6/22] Bölüm: https://diziyiizle2.com/dan-da-dan/1-sezon-6-bolum/
📺 Embed URL bulundu: https://vidlax.xyz/embed/acc3f3caa7186628
🔍 Embed URL kontrol ediliyor: https://vidlax.xyz/embed/acc3f3caa7186628
📄 Embed sayfa içeriği alındı, boyut: 39708 karakter
🎬 Video Başlığı: DAN DA DAN
📝 Video Açıklaması: 1.Sezon 6.Bölüm
🎯 Tam Başlık: DAN DA DAN - 1.Sezon 6.Bölüm
🎯 HEX DECODE - m3u8 bulundu: https://vidlax.xyz/upload/c46d79d31e651cbfde070cafd2c927457609/master.m3u8
      ✅ DAN DA DAN - 1.Sezon 6.Bölüm - 1 m3u8
   🔍 [7/22] Bölüm: https://diziyiizle2.com/dan-da-dan/1-sezon-7-bolum/
📺 Embed URL bulundu: https://vidlax.xyz/embed/491bccd4d493924d
🔍 Embed URL kontrol ediliyor: https://vidlax.xyz/embed/491bccd4d493924d
📄 Embed sayfa içeriği alındı, boyut: 39708 karakter
🎬 Video Başlığı: DAN DA DAN
📝 Video Açıklaması: 1.Sezon 7.Bölüm
🎯 Tam Başlık: DAN DA DAN - 1.Sezon 7.Bölüm
🎯 HEX DECODE - m3u8 bulundu: https://vidlax.xyz/upload/c8954cbaff61824c12b99738748e92002981/master.m3u8
      ✅ DAN DA DAN - 1.Sezon 7.Bölüm - 1 m3u8
   🔍 [8/22] Bölüm: https://diziyiizle2.com/dan-da-dan/1-sezon-8-bolum/
📺 Embed URL bulundu: https://vidlax.xyz/embed/c9ce53a51978e7bf
🔍 Embed URL kontrol ediliyor: https://vidlax.xyz/embed/c9ce53a51978e7bf
📄 Embed sayfa içeriği alındı, boyut: 39708 karakter
🎬 Video Başlığı: DAN DA DAN
📝 Video Açıklaması: 1.Sezon 8.Bölüm
🎯 Tam Başlık: DAN DA DAN - 1.Sezon 8.Bölüm
🎯 HEX DECODE - m3u8 bulundu: https://vidlax.xyz/upload/5f1c5ae3ce08169b434d3451575c4dfc0ca3/master.m3u8
      ✅ DAN DA DAN - 1.Sezon 8.Bölüm - 1 m3u8
   🔍 [9/22] Bölüm: https://diziyiizle2.com/dan-da-dan/1-sezon-9-bolum/
📺 Embed URL bulundu: https://vidlax.xyz/embed/b19f07f7eb64fdfe
🔍 Embed URL kontrol ediliyor: https://vidlax.xyz/embed/b19f07f7eb64fdfe
📄 Embed sayfa içeriği alındı, boyut: 39708 karakter
🎬 Video Başlığı: DAN DA DAN
📝 Video Açıklaması: 1.Sezon 9.Bölüm
🎯 Tam Başlık: DAN DA DAN - 1.Sezon 9.Bölüm
🎯 HEX DECODE - m3u8 bulundu: https://vidlax.xyz/upload/724a67013d2b7eb7c848926308f5477d9ff4/master.m3u8
      ✅ DAN DA DAN - 1.Sezon 9.Bölüm - 1 m3u8
   🔍 [10/22] Bölüm: https://diziyiizle2.com/dan-da-dan/1-sezon-10-bolum/
📺 Embed URL bulundu: https://vidlax.xyz/embed/2e6cdf6b344fdd1e
🔍 Embed URL kontrol ediliyor: https://vidlax.xyz/embed/2e6cdf6b344fdd1e
📄 Embed sayfa içeriği alındı, boyut: 39709 karakter
🎬 Video Başlığı: DAN DA DAN
📝 Video Açıklaması: 1.Sezon 10.Bölüm
🎯 Tam Başlık: DAN DA DAN - 1.Sezon 10.Bölüm
🎯 HEX DECODE - m3u8 bulundu: https://vidlax.xyz/upload/0df331fa6e2209897eb2117b181d152d2643/master.m3u8
      ✅ DAN DA DAN - 1.Sezon 10.Bölüm - 1 m3u8
   🔍 [11/22] Bölüm: https://diziyiizle2.com/dan-da-dan/2-sezon-1-bolum/
📺 Embed URL bulundu: https://vidlax.xyz/embed/3d4fe3d2ae1e3afb
🔍 Embed URL kontrol ediliyor: https://vidlax.xyz/embed/3d4fe3d2ae1e3afb
📄 Embed sayfa içeriği alındı, boyut: 39708 karakter
🎬 Video Başlığı: DAN DA DAN
📝 Video Açıklaması: 2.Sezon 1.Bölüm
🎯 Tam Başlık: DAN DA DAN - 2.Sezon 1.Bölüm
🎯 HEX DECODE - m3u8 bulundu: https://vidlax.xyz/upload/42de9e6fc2a9c40bd554e4da7aad3d15e9fb/master.m3u8
      ✅ DAN DA DAN - 2.Sezon 1.Bölüm - 1 m3u8
   🔍 [12/22] Bölüm: https://diziyiizle2.com/dan-da-dan/2-sezon-2-bolum/
📺 Embed URL bulundu: https://vidlax.xyz/embed/37f4797c77672324
🔍 Embed URL kontrol ediliyor: https://vidlax.xyz/embed/37f4797c77672324
📄 Embed sayfa içeriği alındı, boyut: 39708 karakter
🎬 Video Başlığı: DAN DA DAN
📝 Video Açıklaması: 2.Sezon 2.Bölüm
🎯 Tam Başlık: DAN DA DAN - 2.Sezon 2.Bölüm
🎯 HEX DECODE - m3u8 bulundu: https://vidlax.xyz/upload/06abc12dddf078266f2773f2831fec72d66d/master.m3u8
      ✅ DAN DA DAN - 2.Sezon 2.Bölüm - 1 m3u8
   🔍 [13/22] Bölüm: https://diziyiizle2.com/dan-da-dan/2-sezon-3-bolum/
📺 Embed URL bulundu: https://vidlax.xyz/embed/b861f72d46bf1b35
🔍 Embed URL kontrol ediliyor: https://vidlax.xyz/embed/b861f72d46bf1b35
📄 Embed sayfa içeriği alındı, boyut: 39708 karakter
🎬 Video Başlığı: DAN DA DAN
📝 Video Açıklaması: 2.Sezon 3.Bölüm
🎯 Tam Başlık: DAN DA DAN - 2.Sezon 3.Bölüm
🎯 HEX DECODE - m3u8 bulundu: https://vidlax.xyz/upload/1ff1a67d667265455574254e009f5401529c/master.m3u8
      ✅ DAN DA DAN - 2.Sezon 3.Bölüm - 1 m3u8
   🔍 [14/22] Bölüm: https://diziyiizle2.com/dan-da-dan/2-sezon-4-bolum/
📺 Embed URL bulundu: https://vidlax.xyz/embed/2a074c0afea1317f
🔍 Embed URL kontrol ediliyor: https://vidlax.xyz/embed/2a074c0afea1317f
📄 Embed sayfa içeriği alındı, boyut: 39708 karakter
🎬 Video Başlığı: DAN DA DAN
📝 Video Açıklaması: 2.Sezon 4.Bölüm
🎯 Tam Başlık: DAN DA DAN - 2.Sezon 4.Bölüm
🎯 HEX DECODE - m3u8 bulundu: https://vidlax.xyz/upload/8a492d5194da89bb2a19bfb12ba213699b6d/master.m3u8
      ✅ DAN DA DAN - 2.Sezon 4.Bölüm - 1 m3u8
   🔍 [15/22] Bölüm: https://diziyiizle2.com/dan-da-dan/2-sezon-5-bolum/
📺 Embed URL bulundu: https://vidlax.xyz/embed/4bd32f86647dd4b2
🔍 Embed URL kontrol ediliyor: https://vidlax.xyz/embed/4bd32f86647dd4b2
📄 Embed sayfa içeriği alındı, boyut: 39708 karakter
🎬 Video Başlığı: DAN DA DAN
📝 Video Açıklaması: 2.Sezon 5.Bölüm
🎯 Tam Başlık: DAN DA DAN - 2.Sezon 5.Bölüm
🎯 HEX DECODE - m3u8 bulundu: https://vidlax.xyz/upload/3605dab0063d5cd7b2c8e1296ef3d02ac210/master.m3u8
      ✅ DAN DA DAN - 2.Sezon 5.Bölüm - 1 m3u8
   🔍 [16/22] Bölüm: https://diziyiizle2.com/dan-da-dan/2-sezon-6-bolum/
📺 Embed URL bulundu: https://vidlax.xyz/embed/042206d00208b7d0
🔍 Embed URL kontrol ediliyor: https://vidlax.xyz/embed/042206d00208b7d0
📄 Embed sayfa içeriği alındı, boyut: 39708 karakter
🎬 Video Başlığı: DAN DA DAN
📝 Video Açıklaması: 2.Sezon 6.Bölüm
🎯 Tam Başlık: DAN DA DAN - 2.Sezon 6.Bölüm
🎯 HEX DECODE - m3u8 bulundu: https://vidlax.xyz/upload/ee15f2f1fe8f0e42dccdf2ab9beb0770fb06/master.m3u8
      ✅ DAN DA DAN - 2.Sezon 6.Bölüm - 1 m3u8
   🔍 [17/22] Bölüm: https://diziyiizle2.com/dan-da-dan/2-sezon-7-bolum/
📺 Embed URL bulundu: https://vidlax.xyz/embed/96e0bf2bd01ce2d1
🔍 Embed URL kontrol ediliyor: https://vidlax.xyz/embed/96e0bf2bd01ce2d1
📄 Embed sayfa içeriği alındı, boyut: 39708 karakter
🎬 Video Başlığı: DAN DA DAN
📝 Video Açıklaması: 2.Sezon 7.Bölüm
🎯 Tam Başlık: DAN DA DAN - 2.Sezon 7.Bölüm
🎯 HEX DECODE - m3u8 bulundu: https://vidlax.xyz/upload/f48ec33997e5162230f2f45840bdeeba1207/master.m3u8
      ✅ DAN DA DAN - 2.Sezon 7.Bölüm - 1 m3u8
   🔍 [18/22] Bölüm: https://diziyiizle2.com/dan-da-dan/2-sezon-8-bolum/
📺 Embed URL bulundu: https://vidlax.xyz/embed/62e107d6b37c22a7
🔍 Embed URL kontrol ediliyor: https://vidlax.xyz/embed/62e107d6b37c22a7
📄 Embed sayfa içeriği alındı, boyut: 39708 karakter
🎬 Video Başlığı: DAN DA DAN
📝 Video Açıklaması: 2.Sezon 8.Bölüm
🎯 Tam Başlık: DAN DA DAN - 2.Sezon 8.Bölüm
🎯 HEX DECODE - m3u8 bulundu: https://vidlax.xyz/upload/5c7996a34a2b4af9753a3fb7788c2f671a37/master.m3u8
      ✅ DAN DA DAN - 2.Sezon 8.Bölüm - 1 m3u8
   🔍 [19/22] Bölüm: https://diziyiizle2.com/dan-da-dan/2-sezon-9-bolum/
📺 Embed URL bulundu: https://vidlax.xyz/embed/91ecf22530d0520a
🔍 Embed URL kontrol ediliyor: https://vidlax.xyz/embed/91ecf22530d0520a
📄 Embed sayfa içeriği alındı, boyut: 39708 karakter
🎬 Video Başlığı: DAN DA DAN
📝 Video Açıklaması: 2.Sezon 9.Bölüm
🎯 Tam Başlık: DAN DA DAN - 2.Sezon 9.Bölüm
🎯 HEX DECODE - m3u8 bulundu: https://vidlax.xyz/upload/8086e7dd1cbf9e69324b47791e23ae4c54a6/master.m3u8
      ✅ DAN DA DAN - 2.Sezon 9.Bölüm - 1 m3u8
   🔍 [20/22] Bölüm: https://diziyiizle2.com/dan-da-dan/2-sezon-10-bolum/
📺 Embed URL bulundu: https://vidlax.xyz/embed/a044fa970e9bd5af
🔍 Embed URL kontrol ediliyor: https://vidlax.xyz/embed/a044fa970e9bd5af
📄 Embed sayfa içeriği alındı, boyut: 39709 karakter
🎬 Video Başlığı: DAN DA DAN
📝 Video Açıklaması: 2.Sezon 10.Bölüm
🎯 Tam Başlık: DAN DA DAN - 2.Sezon 10.Bölüm
🎯 HEX DECODE - m3u8 bulundu: https://vidlax.xyz/upload/868c0c6993e067bae6488993685d0f96e39c/master.m3u8
      ✅ DAN DA DAN - 2.Sezon 10.Bölüm - 1 m3u8
   🔍 [21/22] Bölüm: https://diziyiizle2.com/dan-da-dan/2-sezon-11-bolum/
📺 Embed URL bulundu: https://vidlax.xyz/embed/0ccb5b4c3b30b03a
🔍 Embed URL kontrol ediliyor: https://vidlax.xyz/embed/0ccb5b4c3b30b03a
📄 Embed sayfa içeriği alındı, boyut: 39709 karakter
🎬 Video Başlığı: DAN DA DAN
📝 Video Açıklaması: 2.Sezon 11.Bölüm
🎯 Tam Başlık: DAN DA DAN - 2.Sezon 11.Bölüm
🎯 HEX DECODE - m3u8 bulundu: https://vidlax.xyz/upload/85b257b8ccb8b3834c6a0f329cca179ebd5f/master.m3u8
      ✅ DAN DA DAN - 2.Sezon 11.Bölüm - 1 m3u8
   🔍 [22/22] Bölüm: https://diziyiizle2.com/dan-da-dan/2-sezon-12-bolum/
📺 Embed URL bulundu: https://vidlax.xyz/embed/00f86a8139addd22
🔍 Embed URL kontrol ediliyor: https://vidlax.xyz/embed/00f86a8139addd22
📄 Embed sayfa içeriği alındı, boyut: 39709 karakter
🎬 Video Başlığı: DAN DA DAN
📝 Video Açıklaması: 2.Sezon 12.Bölüm
🎯 Tam Başlık: DAN DA DAN - 2.Sezon 12.Bölüm
🎯 HEX DECODE - m3u8 bulundu: https://vidlax.xyz/upload/0d919183fdcbc86fc09d2deca54897405c6f/master.m3u8
      ✅ DAN DA DAN - 2.Sezon 12.Bölüm - 1 m3u8
      📁 Dizi playlist: playlists/dan_da_dan_playlist.m3u
   ✅ Dizi tamamlandı: 22 m3u8 eklendi

============================================================
🎬 [27/56] İşleniyor: https://diziyiizle2.com/dizi/mahsun-j-12/
📺 Bölüm bulundu: 1. Sezon 1. BölümDual13.08.202547 dk. - https://diziyiizle2.com/mahsun-j-12/1-sezon-1-bolum/
📺 Bölüm bulundu: 1. Sezon 2. BölümDual13.08.202548 dk. - https://diziyiizle2.com/mahsun-j-12/1-sezon-2-bolum/
📺 Bölüm bulundu: 1. Sezon 3. BölümDual13.08.202541 dk. - https://diziyiizle2.com/mahsun-j-12/1-sezon-3-bolum/
📺 Bölüm bulundu: 1. Sezon 4. BölümDual13.08.202552 dk. - https://diziyiizle2.com/mahsun-j-12/1-sezon-4-bolum/
📺 Bölüm bulundu: 1. Sezon 5. BölümDual13.08.202541 dk. - https://diziyiizle2.com/mahsun-j-12/1-sezon-5-bolum/
📺 Bölüm bulundu: 1. Sezon 6. BölümDual13.08.202539 dk. - https://diziyiizle2.com/mahsun-j-12/1-sezon-6-bolum/
📺 Bölüm bulundu: 1. Sezon 7. BölümDual13.08.202540 dk. - https://diziyiizle2.com/mahsun-j-12/1-sezon-7-bolum/
📺 Bölüm bulundu: 1. Sezon 8. BölümDual13.08.202556 dk. - https://diziyiizle2.com/mahsun-j-12/1-sezon-8-bolum/
📺 Bölüm bulundu: 2. Sezon 1. BölümDual13.08.202545 dk. - https://diziyiizle2.com/mahsun-j-12/2-sezon-1-bolum/
📺 Bölüm bulundu: 2. Sezon 2. BölümDual13.08.202545 dk. - https://diziyiizle2.com/mahsun-j-12/2-sezon-2-bolum/
📺 Bölüm bulundu: 2. Sezon 3. BölümDual13.08.202548 dk. - https://diziyiizle2.com/mahsun-j-12/2-sezon-3-bolum/
📺 Bölüm bulundu: 2. Sezon 4. BölümDual13.08.202542 dk. - https://diziyiizle2.com/mahsun-j-12/2-sezon-4-bolum/
📺 Bölüm bulundu: 2. Sezon 5. BölümDual13.08.202546 dk. - https://diziyiizle2.com/mahsun-j-12/2-sezon-5-bolum/
📺 Bölüm bulundu: 2. Sezon 6. BölümDual13.08.202549 dk. - https://diziyiizle2.com/mahsun-j-12/2-sezon-6-bolum/
📺 Bölüm bulundu: 2. Sezon 7. BölümDual13.08.202552 dk. - https://diziyiizle2.com/mahsun-j-12/2-sezon-7-bolum/
📺 Bölüm bulundu: 2. Sezon 8. BölümDual25.09.202548 dk. - https://diziyiizle2.com/mahsun-j-12/2-sezon-8-bolum/
📺 Bölüm bulundu: 2. Sezon 9. BölümDual03.10.202550 dk. - https://diziyiizle2.com/mahsun-j-12/2-sezon-9-bolum/
📺 Bölüm bulundu: 2. Sezon 10. BölümDual10.10.202560 dk. - https://diziyiizle2.com/mahsun-j-12/2-sezon-10-bolum/
📺 Bölüm bulundu: 2. Sezon 11. BölümDual17.10.202530 dk. - https://diziyiizle2.com/mahsun-j-12/2-sezon-11-bolum/
📺 Bölüm bulundu: 2. Sezon 12. BölümAltyazılı21.10.202535 dk. - https://diziyiizle2.com/mahsun-j-12/2-sezon-12-bolum/

📊 Toplam 20 bölüm bulundu
   🔍 [1/20] Bölüm: https://diziyiizle2.com/mahsun-j-12/1-sezon-1-bolum/
📺 Embed URL bulundu: https://vidlax.xyz/embed/778eab7a30cbfb8a
🔍 Embed URL kontrol ediliyor: https://vidlax.xyz/embed/778eab7a30cbfb8a
📄 Embed sayfa içeriği alındı, boyut: 39707 karakter
🎬 Video Başlığı: Mahsun J 
📝 Video Açıklaması: 1.Sezon 1.Bölüm
🎯 Tam Başlık: Mahsun J  - 1.Sezon 1.Bölüm
🎯 HEX DECODE - m3u8 bulundu: https://vidlax.xyz/upload/2f16ee995d7810e7c06f40d3e9018d60104b/master.m3u8
      ✅ Mahsun J  - 1.Sezon 1.Bölüm - 1 m3u8
   🔍 [2/20] Bölüm: https://diziyiizle2.com/mahsun-j-12/1-sezon-2-bolum/
📺 Embed URL bulundu: https://vidlax.xyz/embed/718e57e139c0bda2
🔍 Embed URL kontrol ediliyor: https://vidlax.xyz/embed/718e57e139c0bda2
📄 Embed sayfa içeriği alındı, boyut: 39707 karakter
🎬 Video Başlığı: Mahsun J 
📝 Video Açıklaması: 1.Sezon 2.Bölüm
🎯 Tam Başlık: Mahsun J  - 1.Sezon 2.Bölüm
🎯 HEX DECODE - m3u8 bulundu: https://vidlax.xyz/upload/2cbc33d4e5a969a7cccdc8382e25786df655/master.m3u8
      ✅ Mahsun J  - 1.Sezon 2.Bölüm - 1 m3u8
   🔍 [3/20] Bölüm: https://diziyiizle2.com/mahsun-j-12/1-sezon-3-bolum/
📺 Embed URL bulundu: https://vidlax.xyz/embed/97e8be60949c247f
🔍 Embed URL kontrol ediliyor: https://vidlax.xyz/embed/97e8be60949c247f
📄 Embed sayfa içeriği alındı, boyut: 39534 karakter
🎬 Video Başlığı: Mahsun J 
📝 Video Açıklaması: 1.Sezon 3.Bölüm
🎯 Tam Başlık: Mahsun J  - 1.Sezon 3.Bölüm
🎯 HEX DECODE - m3u8 bulundu: https://vidlax.xyz/upload/a2fa15f6cb411e668cf331b2ba967791508f/master.m3u8
      ✅ Mahsun J  - 1.Sezon 3.Bölüm - 1 m3u8
   🔍 [4/20] Bölüm: https://diziyiizle2.com/mahsun-j-12/1-sezon-4-bolum/
📺 Embed URL bulundu: https://vidlax.xyz/embed/768b43ac91b48034
🔍 Embed URL kontrol ediliyor: https://vidlax.xyz/embed/768b43ac91b48034
📄 Embed sayfa içeriği alındı, boyut: 39534 karakter
🎬 Video Başlığı: Mahsun J 
📝 Video Açıklaması: 1.Sezon 4.Bölüm
🎯 Tam Başlık: Mahsun J  - 1.Sezon 4.Bölüm
🎯 HEX DECODE - m3u8 bulundu: https://vidlax.xyz/upload/ecda36a128f94ac983882616369f10d83940/master.m3u8
      ✅ Mahsun J  - 1.Sezon 4.Bölüm - 1 m3u8
   🔍 [5/20] Bölüm: https://diziyiizle2.com/mahsun-j-12/1-sezon-5-bolum/
📺 Embed URL bulundu: https://vidlax.xyz/embed/b3e1069470d7fa84
🔍 Embed URL kontrol ediliyor: https://vidlax.xyz/embed/b3e1069470d7fa84
📄 Embed sayfa içeriği alındı, boyut: 39534 karakter
🎬 Video Başlığı: Mahsun J 
📝 Video Açıklaması: 1.Sezon 5.Bölüm
🎯 Tam Başlık: Mahsun J  - 1.Sezon 5.Bölüm
🎯 HEX DECODE - m3u8 bulundu: https://vidlax.xyz/upload/f8640977fa52d1e01eb77a71aaf15fb7c06c/master.m3u8
      ✅ Mahsun J  - 1.Sezon 5.Bölüm - 1 m3u8
   🔍 [6/20] Bölüm: https://diziyiizle2.com/mahsun-j-12/1-sezon-6-bolum/
📺 Embed URL bulundu: https://vidlax.xyz/embed/913c81e217d84831
🔍 Embed URL kontrol ediliyor: https://vidlax.xyz/embed/913c81e217d84831
📄 Embed sayfa içeriği alındı, boyut: 39534 karakter
🎬 Video Başlığı: Mahsun J 
📝 Video Açıklaması: 1.Sezon 6.Bölüm
🎯 Tam Başlık: Mahsun J  - 1.Sezon 6.Bölüm
🎯 HEX DECODE - m3u8 bulundu: https://vidlax.xyz/upload/6795466c7cc5ca5af37824325ce4ca6a9b82/master.m3u8
      ✅ Mahsun J  - 1.Sezon 6.Bölüm - 1 m3u8
   🔍 [7/20] Bölüm: https://diziyiizle2.com/mahsun-j-12/1-sezon-7-bolum/
📺 Embed URL bulundu: https://vidlax.xyz/embed/cfb522b8994527a9
🔍 Embed URL kontrol ediliyor: https://vidlax.xyz/embed/cfb522b8994527a9
📄 Embed sayfa içeriği alındı, boyut: 39534 karakter
🎬 Video Başlığı: Mahsun J 
📝 Video Açıklaması: 1.Sezon 7.Bölüm
🎯 Tam Başlık: Mahsun J  - 1.Sezon 7.Bölüm
🎯 HEX DECODE - m3u8 bulundu: https://vidlax.xyz/upload/76507fe179a2dd440c8075f363a4f8b6dada/master.m3u8
      ✅ Mahsun J  - 1.Sezon 7.Bölüm - 1 m3u8
   🔍 [8/20] Bölüm: https://diziyiizle2.com/mahsun-j-12/1-sezon-8-bolum/
📺 Embed URL bulundu: https://vidlax.xyz/embed/191db4a8fac6d00e
🔍 Embed URL kontrol ediliyor: https://vidlax.xyz/embed/191db4a8fac6d00e
📄 Embed sayfa içeriği alındı, boyut: 39534 karakter
🎬 Video Başlığı: Mahsun J 
📝 Video Açıklaması: 1.Sezon 8.Bölüm
🎯 Tam Başlık: Mahsun J  - 1.Sezon 8.Bölüm
🎯 HEX DECODE - m3u8 bulundu: https://vidlax.xyz/upload/ffebec0b5c7077df3629aa2b43528526bf26/master.m3u8
      ✅ Mahsun J  - 1.Sezon 8.Bölüm - 1 m3u8
   🔍 [9/20] Bölüm: https://diziyiizle2.com/mahsun-j-12/2-sezon-1-bolum/
📺 Embed URL bulundu: https://vidlax.xyz/embed/da6bf5da6422fd47
🔍 Embed URL kontrol ediliyor: https://vidlax.xyz/embed/da6bf5da6422fd47
📄 Embed sayfa içeriği alındı, boyut: 39706 karakter
🎬 Video Başlığı: Mahsun J
📝 Video Açıklaması: 2.Sezon 1.Bölüm
🎯 Tam Başlık: Mahsun J - 2.Sezon 1.Bölüm
🎯 HEX DECODE - m3u8 bulundu: https://vidlax.xyz/upload/a0257161a8716c93665c96af0799b905103b/master.m3u8
      ✅ Mahsun J - 2.Sezon 1.Bölüm - 1 m3u8
   🔍 [10/20] Bölüm: https://diziyiizle2.com/mahsun-j-12/2-sezon-2-bolum/
📺 Embed URL bulundu: https://vidlax.xyz/embed/399a181fddea51ea
🔍 Embed URL kontrol ediliyor: https://vidlax.xyz/embed/399a181fddea51ea
📄 Embed sayfa içeriği alındı, boyut: 39706 karakter
🎬 Video Başlığı: Mahsun J
📝 Video Açıklaması: 2.Sezon 2.Bölüm
🎯 Tam Başlık: Mahsun J - 2.Sezon 2.Bölüm
🎯 HEX DECODE - m3u8 bulundu: https://vidlax.xyz/upload/e67edf7b08076fcb6459548d174f01f35d09/master.m3u8
      ✅ Mahsun J - 2.Sezon 2.Bölüm - 1 m3u8
   🔍 [11/20] Bölüm: https://diziyiizle2.com/mahsun-j-12/2-sezon-3-bolum/
📺 Embed URL bulundu: https://vidlax.xyz/embed/dd75cd77f7436bb6
🔍 Embed URL kontrol ediliyor: https://vidlax.xyz/embed/dd75cd77f7436bb6
📄 Embed sayfa içeriği alındı, boyut: 39706 karakter
🎬 Video Başlığı: Mahsun J
📝 Video Açıklaması: 2.Sezon 3.Bölüm
🎯 Tam Başlık: Mahsun J - 2.Sezon 3.Bölüm
🎯 HEX DECODE - m3u8 bulundu: https://vidlax.xyz/upload/45c1a8eac5d73eaf773533cc3e7ff71da891/master.m3u8
      ✅ Mahsun J - 2.Sezon 3.Bölüm - 1 m3u8
   🔍 [12/20] Bölüm: https://diziyiizle2.com/mahsun-j-12/2-sezon-4-bolum/
📺 Embed URL bulundu: https://vidlax.xyz/embed/60605d1ec77ace3f
🔍 Embed URL kontrol ediliyor: https://vidlax.xyz/embed/60605d1ec77ace3f
📄 Embed sayfa içeriği alındı, boyut: 39533 karakter
🎬 Video Başlığı: Mahsun J
📝 Video Açıklaması: 2.Sezon 4.Bölüm
🎯 Tam Başlık: Mahsun J - 2.Sezon 4.Bölüm
🎯 HEX DECODE - m3u8 bulundu: https://vidlax.xyz/upload/51726b84c54aed290276d3ed9edc3ddd599a/master.m3u8
      ✅ Mahsun J - 2.Sezon 4.Bölüm - 1 m3u8
   🔍 [13/20] Bölüm: https://diziyiizle2.com/mahsun-j-12/2-sezon-5-bolum/
📺 Embed URL bulundu: https://vidlax.xyz/embed/ea94e6a1e23a03f2
🔍 Embed URL kontrol ediliyor: https://vidlax.xyz/embed/ea94e6a1e23a03f2
📄 Embed sayfa içeriği alındı, boyut: 39533 karakter
🎬 Video Başlığı: Mahsun J
📝 Video Açıklaması: 2.Sezon 5.Bölüm
🎯 Tam Başlık: Mahsun J - 2.Sezon 5.Bölüm
🎯 HEX DECODE - m3u8 bulundu: https://vidlax.xyz/upload/572e1630058d25a36a1ddd9737abc734d10f/master.m3u8
      ✅ Mahsun J - 2.Sezon 5.Bölüm - 1 m3u8
   🔍 [14/20] Bölüm: https://diziyiizle2.com/mahsun-j-12/2-sezon-6-bolum/
📺 Embed URL bulundu: https://vidlax.xyz/embed/d0a5697eb42ffd73
🔍 Embed URL kontrol ediliyor: https://vidlax.xyz/embed/d0a5697eb42ffd73
📄 Embed sayfa içeriği alındı, boyut: 39533 karakter
🎬 Video Başlığı: Mahsun J
📝 Video Açıklaması: 2.Sezon 6.Bölüm
🎯 Tam Başlık: Mahsun J - 2.Sezon 6.Bölüm
🎯 HEX DECODE - m3u8 bulundu: https://vidlax.xyz/upload/a86c7432236da501de6c08479f13ec5b1dce/master.m3u8
      ✅ Mahsun J - 2.Sezon 6.Bölüm - 1 m3u8
   🔍 [15/20] Bölüm: https://diziyiizle2.com/mahsun-j-12/2-sezon-7-bolum/
📺 Embed URL bulundu: https://vidlax.xyz/embed/2144c9d1743ccace
🔍 Embed URL kontrol ediliyor: https://vidlax.xyz/embed/2144c9d1743ccace
📄 Embed sayfa içeriği alındı, boyut: 39533 karakter
🎬 Video Başlığı: Mahsun J
📝 Video Açıklaması: 2.Sezon 7.Bölüm
🎯 Tam Başlık: Mahsun J - 2.Sezon 7.Bölüm
🎯 HEX DECODE - m3u8 bulundu: https://vidlax.xyz/upload/0bbf9a9214393bc350bf860808f6f5a19c3b/master.m3u8
      ✅ Mahsun J - 2.Sezon 7.Bölüm - 1 m3u8
   🔍 [16/20] Bölüm: https://diziyiizle2.com/mahsun-j-12/2-sezon-8-bolum/
📺 Embed URL bulundu: https://vidlax.xyz/embed/ea21e235b97b1fcc
🔍 Embed URL kontrol ediliyor: https://vidlax.xyz/embed/ea21e235b97b1fcc
📄 Embed sayfa içeriği alındı, boyut: 39706 karakter
🎬 Video Başlığı: Mahsun J
📝 Video Açıklaması: 2.Sezon 8.Bölüm
🎯 Tam Başlık: Mahsun J - 2.Sezon 8.Bölüm
🎯 HEX DECODE - m3u8 bulundu: https://vidlax.xyz/upload/448d9b887369e0c3b1d30ab449593e1ba7db/master.m3u8
      ✅ Mahsun J - 2.Sezon 8.Bölüm - 1 m3u8
   🔍 [17/20] Bölüm: https://diziyiizle2.com/mahsun-j-12/2-sezon-9-bolum/
📺 Embed URL bulundu: https://vidlax.xyz/embed/cc397d113f84bb67
🔍 Embed URL kontrol ediliyor: https://vidlax.xyz/embed/cc397d113f84bb67
📄 Embed sayfa içeriği alındı, boyut: 39706 karakter
🎬 Video Başlığı: Mahsun J
📝 Video Açıklaması: 2.Sezon 9.Bölüm
🎯 Tam Başlık: Mahsun J - 2.Sezon 9.Bölüm
🎯 HEX DECODE - m3u8 bulundu: https://vidlax.xyz/upload/6e6e998b39c4fa7ec3d39af1430b9fdb45ad/master.m3u8
      ✅ Mahsun J - 2.Sezon 9.Bölüm - 1 m3u8
   🔍 [18/20] Bölüm: https://diziyiizle2.com/mahsun-j-12/2-sezon-10-bolum/
📺 Embed URL bulundu: https://vidlax.xyz/embed/14de7ab8742ee64b
🔍 Embed URL kontrol ediliyor: https://vidlax.xyz/embed/14de7ab8742ee64b
📄 Embed sayfa içeriği alındı, boyut: 39836 karakter
🎬 Video Başlığı: Mahsun J 
📝 Video Açıklaması: 2.Sezon 10.Bölüm
🎯 Tam Başlık: Mahsun J  - 2.Sezon 10.Bölüm
🎯 HEX DECODE - m3u8 bulundu: https://vidlax.xyz/upload/0b3cd83a307db29b14c2c1fdfb5e650d22b1/master.m3u8
      ✅ Mahsun J  - 2.Sezon 10.Bölüm - 1 m3u8
   🔍 [19/20] Bölüm: https://diziyiizle2.com/mahsun-j-12/2-sezon-11-bolum/
📺 Embed URL bulundu: https://vidlax.xyz/embed/435c41138c45f672
🔍 Embed URL kontrol ediliyor: https://vidlax.xyz/embed/435c41138c45f672
📄 Embed sayfa içeriği alındı, boyut: 39708 karakter
🎬 Video Başlığı: Mahsun J 
📝 Video Açıklaması: 2.Sezon 11.Bölüm
🎯 Tam Başlık: Mahsun J  - 2.Sezon 11.Bölüm
🎯 HEX DECODE - m3u8 bulundu: https://vidlax.xyz/upload/571014420e16605e96420769c331a5471094/master.m3u8
      ✅ Mahsun J  - 2.Sezon 11.Bölüm - 1 m3u8
   🔍 [20/20] Bölüm: https://diziyiizle2.com/mahsun-j-12/2-sezon-12-bolum/
📺 Embed URL bulundu: https://www.youtube.com/embed/f0xEeMszr4M
🔍 Embed URL kontrol ediliyor: https://www.youtube.com/embed/f0xEeMszr4M
📄 Embed sayfa içeriği alındı, boyut: 158396 karakter

🔍 Vidlax direkt analizi: https://www.youtube.com/embed/f0xEeMszr4M
📄 Sayfa içeriği alındı: 121044 karakter
❌ m3u8 URL'si bulunamadı

🔍 Vidlax direkt analizi: https://diziyiizle2.com/mahsun-j-12/2-sezon-12-bolum/
📄 Sayfa içeriği alındı: 111428 karakter
❌ m3u8 URL'si bulunamadı
      ❌ m3u8 bulunamadı
      📁 Dizi playlist: playlists/mahsun_j_12_playlist.m3u
   ✅ Dizi tamamlandı: 19 m3u8 eklendi

============================================================
🎬 [28/56] İşleniyor: https://diziyiizle2.com/dizi/esref-ruya-9/
📺 Bölüm bulundu: 1. Sezon 1. BölümDual23.09.2025137 dk. - https://diziyiizle2.com/esref-ruya-9/1-sezon-1-bolum/
📺 Bölüm bulundu: 1. Sezon 2. BölümDual23.09.2025116 dk. - https://diziyiizle2.com/esref-ruya-9/1-sezon-2-bolum/
📺 Bölüm bulundu: 1. Sezon 3. BölümDual23.09.2025137 dk. - https://diziyiizle2.com/esref-ruya-9/1-sezon-3-bolum/
📺 Bölüm bulundu: 1. Sezon 4. BölümDual23.09.2025134 dk. - https://diziyiizle2.com/esref-ruya-9/1-sezon-4-bolum/
📺 Bölüm bulundu: 1. Sezon 5. BölümDual23.09.2025134 dk. - https://diziyiizle2.com/esref-ruya-9/1-sezon-5-bolum/
📺 Bölüm bulundu: 1. Sezon 6. BölümDual23.09.2025137 dk. - https://diziyiizle2.com/esref-ruya-9/1-sezon-6-bolum/
📺 Bölüm bulundu: 1. Sezon 7. BölümDual23.09.2025140 dk. - https://diziyiizle2.com/esref-ruya-9/1-sezon-7-bolum/
📺 Bölüm bulundu: 1. Sezon 8. BölümDual23.09.2025134 dk. - https://diziyiizle2.com/esref-ruya-9/1-sezon-8-bolum/
📺 Bölüm bulundu: 1. Sezon 9. BölümDual23.09.2025120 dk. - https://diziyiizle2.com/esref-ruya-9/1-sezon-9-bolum/
📺 Bölüm bulundu: 1. Sezon 10. BölümDual23.09.2025144 dk. - https://diziyiizle2.com/esref-ruya-9/1-sezon-10-bolum/
📺 Bölüm bulundu: 1. Sezon 11. BölümAltyazılı23.09.2025133 dk. - https://diziyiizle2.com/esref-ruya-9/1-sezon-11-bolum/
📺 Bölüm bulundu: 1. Sezon 12. BölümDual23.09.2025129 dk. - https://diziyiizle2.com/esref-ruya-9/1-sezon-12-bolum/
📺 Bölüm bulundu: 1. Sezon 13. BölümDual23.09.2025153 dk. - https://diziyiizle2.com/esref-ruya-9/1-sezon-13-bolum/
📺 Bölüm bulundu: 2. Sezon 1. BölümDual23.09.2025156 dk. - https://diziyiizle2.com/esref-ruya-9/2-sezon-1-bolum/
📺 Bölüm bulundu: 2. Sezon 2. BölümDual25.09.2025 - https://diziyiizle2.com/esref-ruya-9/2-sezon-2-bolum/
📺 Bölüm bulundu: 2. Sezon 3. BölümDual02.10.2025 - https://diziyiizle2.com/esref-ruya-9/2-sezon-3-bolum/
📺 Bölüm bulundu: 2. Sezon 4. BölümDual09.10.2025 - https://diziyiizle2.com/esref-ruya-9/2-sezon-4-bolum/
📺 Bölüm bulundu: 2. Sezon 5. BölümDual16.10.2025120 dk. - https://diziyiizle2.com/esref-ruya-9/2-sezon-5-bolum/
📺 Bölüm bulundu: 2. Sezon 6. BölümAltyazılı21.10.2025120 dk. - https://diziyiizle2.com/esref-ruya-9/2-sezon-6-bolum/

📊 Toplam 19 bölüm bulundu
   🔍 [1/19] Bölüm: https://diziyiizle2.com/esref-ruya-9/1-sezon-1-bolum/
📺 Embed URL bulundu: https://vidlax.xyz/embed/056a656cce56dbb0
🔍 Embed URL kontrol ediliyor: https://vidlax.xyz/embed/056a656cce56dbb0
📄 Embed sayfa içeriği alındı, boyut: 39535 karakter
🎬 Video Başlığı: Eşref Rüya
📝 Video Açıklaması: 1.Sezon 1.Bölüm
🎯 Tam Başlık: Eşref Rüya - 1.Sezon 1.Bölüm
🎯 HEX DECODE - m3u8 bulundu: https://vidlax.xyz/upload/55aa9becd9c674f9db886ffade8cebc56e95/master.m3u8
      ✅ Eşref Rüya - 1.Sezon 1.Bölüm - 1 m3u8
   🔍 [2/19] Bölüm: https://diziyiizle2.com/esref-ruya-9/1-sezon-2-bolum/
📺 Embed URL bulundu: https://vidlax.xyz/embed/0f9775173955ad7c
🔍 Embed URL kontrol ediliyor: https://vidlax.xyz/embed/0f9775173955ad7c
📄 Embed sayfa içeriği alındı, boyut: 39535 karakter
🎬 Video Başlığı: Eşref Rüya
📝 Video Açıklaması: 1.Sezon 2.Bölüm
🎯 Tam Başlık: Eşref Rüya - 1.Sezon 2.Bölüm
🎯 HEX DECODE - m3u8 bulundu: https://vidlax.xyz/upload/fb79de0854c9fd989f451447fefdb0673056/master.m3u8
      ✅ Eşref Rüya - 1.Sezon 2.Bölüm - 1 m3u8
   🔍 [3/19] Bölüm: https://diziyiizle2.com/esref-ruya-9/1-sezon-3-bolum/
📺 Embed URL bulundu: https://vidlax.xyz/embed/94d3f5465b6df675
🔍 Embed URL kontrol ediliyor: https://vidlax.xyz/embed/94d3f5465b6df675
📄 Embed sayfa içeriği alındı, boyut: 39535 karakter
🎬 Video Başlığı: Eşref Rüya
📝 Video Açıklaması: 1.Sezon 3.Bölüm
🎯 Tam Başlık: Eşref Rüya - 1.Sezon 3.Bölüm
🎯 HEX DECODE - m3u8 bulundu: https://vidlax.xyz/upload/360b976ac8ecf5874b27c270152c6237ab4d/master.m3u8
      ✅ Eşref Rüya - 1.Sezon 3.Bölüm - 1 m3u8
   🔍 [4/19] Bölüm: https://diziyiizle2.com/esref-ruya-9/1-sezon-4-bolum/
📺 Embed URL bulundu: https://vidlax.xyz/embed/254eeffdd3037114
🔍 Embed URL kontrol ediliyor: https://vidlax.xyz/embed/254eeffdd3037114
📄 Embed sayfa içeriği alındı, boyut: 39535 karakter
🎬 Video Başlığı: Eşref Rüya
📝 Video Açıklaması: 1.Sezon 4.Bölüm
🎯 Tam Başlık: Eşref Rüya - 1.Sezon 4.Bölüm
🎯 HEX DECODE - m3u8 bulundu: https://vidlax.xyz/upload/6939347c230e21c030b49107e29b487faad2/master.m3u8
      ✅ Eşref Rüya - 1.Sezon 4.Bölüm - 1 m3u8
   🔍 [5/19] Bölüm: https://diziyiizle2.com/esref-ruya-9/1-sezon-5-bolum/
📺 Embed URL bulundu: https://vidlax.xyz/embed/57f60093fff0ff2d
🔍 Embed URL kontrol ediliyor: https://vidlax.xyz/embed/57f60093fff0ff2d
📄 Embed sayfa içeriği alındı, boyut: 39535 karakter
🎬 Video Başlığı: Eşref Rüya
📝 Video Açıklaması: 1.Sezon 5.Bölüm
🎯 Tam Başlık: Eşref Rüya - 1.Sezon 5.Bölüm
🎯 HEX DECODE - m3u8 bulundu: https://vidlax.xyz/upload/2220f245f9a1969f8a03fcfbc3497b3d7c6e/master.m3u8
      ✅ Eşref Rüya - 1.Sezon 5.Bölüm - 1 m3u8
   🔍 [6/19] Bölüm: https://diziyiizle2.com/esref-ruya-9/1-sezon-6-bolum/
📺 Embed URL bulundu: https://vidlax.xyz/embed/476d3a43ab259412
🔍 Embed URL kontrol ediliyor: https://vidlax.xyz/embed/476d3a43ab259412
📄 Embed sayfa içeriği alındı, boyut: 39535 karakter
🎬 Video Başlığı: Eşref Rüya
📝 Video Açıklaması: 1.Sezon 6.Bölüm
🎯 Tam Başlık: Eşref Rüya - 1.Sezon 6.Bölüm
🎯 HEX DECODE - m3u8 bulundu: https://vidlax.xyz/upload/e7403b4205830afd07735f08832fe3f48453/master.m3u8
      ✅ Eşref Rüya - 1.Sezon 6.Bölüm - 1 m3u8
   🔍 [7/19] Bölüm: https://diziyiizle2.com/esref-ruya-9/1-sezon-7-bolum/
📺 Embed URL bulundu: https://vidlax.xyz/embed/9c61544c7a534cdf
🔍 Embed URL kontrol ediliyor: https://vidlax.xyz/embed/9c61544c7a534cdf
📄 Embed sayfa içeriği alındı, boyut: 39535 karakter
🎬 Video Başlığı: Eşref Rüya
📝 Video Açıklaması: 1.Sezon 7.Bölüm
🎯 Tam Başlık: Eşref Rüya - 1.Sezon 7.Bölüm
🎯 HEX DECODE - m3u8 bulundu: https://vidlax.xyz/upload/9d808f367f961caa9afa96259205db7e3803/master.m3u8
      ✅ Eşref Rüya - 1.Sezon 7.Bölüm - 1 m3u8
   🔍 [8/19] Bölüm: https://diziyiizle2.com/esref-ruya-9/1-sezon-8-bolum/
📺 Embed URL bulundu: https://vidlax.xyz/embed/6d5e79283b3d415b
🔍 Embed URL kontrol ediliyor: https://vidlax.xyz/embed/6d5e79283b3d415b
📄 Embed sayfa içeriği alındı, boyut: 39535 karakter
🎬 Video Başlığı: Eşref Rüya
📝 Video Açıklaması: 1.Sezon 8.Bölüm
🎯 Tam Başlık: Eşref Rüya - 1.Sezon 8.Bölüm
🎯 HEX DECODE - m3u8 bulundu: https://vidlax.xyz/upload/ae53fc03b1a6bd9ce5151faa358f77ad676a/master.m3u8
      ✅ Eşref Rüya - 1.Sezon 8.Bölüm - 1 m3u8
   🔍 [9/19] Bölüm: https://diziyiizle2.com/esref-ruya-9/1-sezon-9-bolum/
📺 Embed URL bulundu: https://vidlax.xyz/embed/65627e0d7ec79950
🔍 Embed URL kontrol ediliyor: https://vidlax.xyz/embed/65627e0d7ec79950
📄 Embed sayfa içeriği alındı, boyut: 39535 karakter
🎬 Video Başlığı: Eşref Rüya
📝 Video Açıklaması: 1.Sezon 9.Bölüm
🎯 Tam Başlık: Eşref Rüya - 1.Sezon 9.Bölüm
🎯 HEX DECODE - m3u8 bulundu: https://vidlax.xyz/upload/53a27fb66a77733f75d632547415cc0c905b/master.m3u8
      ✅ Eşref Rüya - 1.Sezon 9.Bölüm - 1 m3u8
   🔍 [10/19] Bölüm: https://diziyiizle2.com/esref-ruya-9/1-sezon-10-bolum/
📺 Embed URL bulundu: https://vidlax.xyz/embed/af8b440a0fe53dd9
🔍 Embed URL kontrol ediliyor: https://vidlax.xyz/embed/af8b440a0fe53dd9
📄 Embed sayfa içeriği alındı, boyut: 39536 karakter
🎬 Video Başlığı: Eşref Rüya
📝 Video Açıklaması: 1.Sezon 10.Bölüm
🎯 Tam Başlık: Eşref Rüya - 1.Sezon 10.Bölüm
🎯 HEX DECODE - m3u8 bulundu: https://vidlax.xyz/upload/2456a88df60b9c237b40513c512fd5340e67/master.m3u8
      ✅ Eşref Rüya - 1.Sezon 10.Bölüm - 1 m3u8
   🔍 [11/19] Bölüm: https://diziyiizle2.com/esref-ruya-9/1-sezon-11-bolum/

🔍 Vidlax direkt analizi: https://diziyiizle2.com/esref-ruya-9/1-sezon-11-bolum/
📄 Sayfa içeriği alındı: 115873 karakter
❌ m3u8 URL'si bulunamadı
      ❌ m3u8 bulunamadı
   🔍 [12/19] Bölüm: https://diziyiizle2.com/esref-ruya-9/1-sezon-12-bolum/
📺 Embed URL bulundu: https://vidlax.xyz/embed/7908ac5aa11f9194
🔍 Embed URL kontrol ediliyor: https://vidlax.xyz/embed/7908ac5aa11f9194
📄 Embed sayfa içeriği alındı, boyut: 39536 karakter
🎬 Video Başlığı: Eşref Rüya
📝 Video Açıklaması: 1.Sezon 12.Bölüm
🎯 Tam Başlık: Eşref Rüya - 1.Sezon 12.Bölüm
🎯 HEX DECODE - m3u8 bulundu: https://vidlax.xyz/upload/4029c8ed1e8637fb315289fcfe8c5e81488c/master.m3u8
      ✅ Eşref Rüya - 1.Sezon 12.Bölüm - 1 m3u8
   🔍 [13/19] Bölüm: https://diziyiizle2.com/esref-ruya-9/1-sezon-13-bolum/
📺 Embed URL bulundu: https://vidlax.xyz/embed/765f65b24fea8ecc
🔍 Embed URL kontrol ediliyor: https://vidlax.xyz/embed/765f65b24fea8ecc
📄 Embed sayfa içeriği alındı, boyut: 39536 karakter
🎬 Video Başlığı: Eşref Rüya
📝 Video Açıklaması: 1.Sezon 13.Bölüm
🎯 Tam Başlık: Eşref Rüya - 1.Sezon 13.Bölüm
🎯 HEX DECODE - m3u8 bulundu: https://vidlax.xyz/upload/16c296b2bb4ea13897c8a95633ae6b70a4d1/master.m3u8
      ✅ Eşref Rüya - 1.Sezon 13.Bölüm - 1 m3u8
   🔍 [14/19] Bölüm: https://diziyiizle2.com/esref-ruya-9/2-sezon-1-bolum/
📺 Embed URL bulundu: https://vidlax.xyz/embed/a0e6430e61731284
🔍 Embed URL kontrol ediliyor: https://vidlax.xyz/embed/a0e6430e61731284
📄 Embed sayfa içeriği alındı, boyut: 39535 karakter
🎬 Video Başlığı: Eşref Rüya
📝 Video Açıklaması: 2.Sezon 1.Bölüm
🎯 Tam Başlık: Eşref Rüya - 2.Sezon 1.Bölüm
🎯 HEX DECODE - m3u8 bulundu: https://vidlax.xyz/upload/5fe807a35216b408b2358cbf8eae21d10f39/master.m3u8
      ✅ Eşref Rüya - 2.Sezon 1.Bölüm - 1 m3u8
   🔍 [15/19] Bölüm: https://diziyiizle2.com/esref-ruya-9/2-sezon-2-bolum/
📺 Embed URL bulundu: https://vidlax.xyz/embed/27db9066dc161600
🔍 Embed URL kontrol ediliyor: https://vidlax.xyz/embed/27db9066dc161600
📄 Embed sayfa içeriği alındı, boyut: 39535 karakter
🎬 Video Başlığı: Eşref Rüya
📝 Video Açıklaması: 2.Sezon 2.Bölüm
🎯 Tam Başlık: Eşref Rüya - 2.Sezon 2.Bölüm
🎯 HEX DECODE - m3u8 bulundu: https://vidlax.xyz/upload/e53edb63c1808c5f1b6af5095fbdae139b36/master.m3u8
      ✅ Eşref Rüya - 2.Sezon 2.Bölüm - 1 m3u8
   🔍 [16/19] Bölüm: https://diziyiizle2.com/esref-ruya-9/2-sezon-3-bolum/
📺 Embed URL bulundu: https://vidlax.xyz/embed/2d83a1e68e6c7f40
🔍 Embed URL kontrol ediliyor: https://vidlax.xyz/embed/2d83a1e68e6c7f40
📄 Embed sayfa içeriği alındı, boyut: 39535 karakter
🎬 Video Başlığı: Eşref Rüya
📝 Video Açıklaması: 2.Sezon 3.Bölüm
🎯 Tam Başlık: Eşref Rüya - 2.Sezon 3.Bölüm
🎯 HEX DECODE - m3u8 bulundu: https://vidlax.xyz/upload/6ca2a792a2e10a876079cd3f8a13c11256ff/master.m3u8
      ✅ Eşref Rüya - 2.Sezon 3.Bölüm - 1 m3u8
   🔍 [17/19] Bölüm: https://diziyiizle2.com/esref-ruya-9/2-sezon-4-bolum/
📺 Embed URL bulundu: https://vidlax.xyz/embed/f6f87e5d58b66211
🔍 Embed URL kontrol ediliyor: https://vidlax.xyz/embed/f6f87e5d58b66211
📄 Embed sayfa içeriği alındı, boyut: 39535 karakter
🎬 Video Başlığı: Eşref Rüya
📝 Video Açıklaması: 2.Sezon 4.Bölüm
🎯 Tam Başlık: Eşref Rüya - 2.Sezon 4.Bölüm
🎯 HEX DECODE - m3u8 bulundu: https://vidlax.xyz/upload/65615e9fea4f0b15ff852b678e48d9da942f/master.m3u8
      ✅ Eşref Rüya - 2.Sezon 4.Bölüm - 1 m3u8
   🔍 [18/19] Bölüm: https://diziyiizle2.com/esref-ruya-9/2-sezon-5-bolum/
📺 Embed URL bulundu: https://vidlax.xyz/embed/9fbca2ebc62f6900
🔍 Embed URL kontrol ediliyor: https://vidlax.xyz/embed/9fbca2ebc62f6900
📄 Embed sayfa içeriği alındı, boyut: 39656 karakter
🎬 Video Başlığı: Eşref Rüya
📝 Video Açıklaması: 18.Bölüm
🎯 Tam Başlık: Eşref Rüya - 18.Bölüm
🎯 HEX DECODE - m3u8 bulundu: https://vidlax.xyz/upload/843672d0261f55337580f8058aa9c29ec40a/master.m3u8
      ✅ Eşref Rüya - 18.Bölüm - 1 m3u8
   🔍 [19/19] Bölüm: https://diziyiizle2.com/esref-ruya-9/2-sezon-6-bolum/
📺 Embed URL bulundu: https://www.youtube.com/embed/hDvRv11JN14
🔍 Embed URL kontrol ediliyor: https://www.youtube.com/embed/hDvRv11JN14
📄 Embed sayfa içeriği alındı, boyut: 120898 karakter

🔍 Vidlax direkt analizi: https://www.youtube.com/embed/hDvRv11JN14
📄 Sayfa içeriği alındı: 122916 karakter
❌ m3u8 URL'si bulunamadı

🔍 Vidlax direkt analizi: https://diziyiizle2.com/esref-ruya-9/2-sezon-6-bolum/
📄 Sayfa içeriği alındı: 115480 karakter
❌ m3u8 URL'si bulunamadı
      ❌ m3u8 bulunamadı
      📁 Dizi playlist: playlists/esref_ruya_9_playlist.m3u
   ✅ Dizi tamamlandı: 17 m3u8 eklendi

============================================================
🎬 [29/56] İşleniyor: https://diziyiizle2.com/dizi/gibi/
📺 Bölüm bulundu: 1. Sezon 1. BölümDual12.08.202527 dk. - https://diziyiizle2.com/gibi/1-sezon-1-bolum/
📺 Bölüm bulundu: 1. Sezon 2. BölümDual12.08.202528 dk. - https://diziyiizle2.com/gibi/1-sezon-2-bolum/
📺 Bölüm bulundu: 1. Sezon 3. BölümDublaj12.08.202530 dk. - https://diziyiizle2.com/gibi/1-sezon-3-bolum/
📺 Bölüm bulundu: 1. Sezon 4. BölümDual12.08.202541 dk. - https://diziyiizle2.com/gibi/1-sezon-4-bolum/
📺 Bölüm bulundu: 1. Sezon 5. BölümDual12.08.202538 dk. - https://diziyiizle2.com/gibi/1-sezon-5-bolum/
📺 Bölüm bulundu: 1. Sezon 6. BölümDual12.08.202530 dk. - https://diziyiizle2.com/gibi/1-sezon-6-bolum/
📺 Bölüm bulundu: 1. Sezon 7. BölümDual12.08.202542 dk. - https://diziyiizle2.com/gibi/1-sezon-7-bolum/
📺 Bölüm bulundu: 1. Sezon 8. BölümDual12.08.202530 dk. - https://diziyiizle2.com/gibi/1-sezon-8-bolum/
📺 Bölüm bulundu: 1. Sezon 9. BölümDual12.08.202538 dk. - https://diziyiizle2.com/gibi/1-sezon-9-bolum/
📺 Bölüm bulundu: 1. Sezon 10. BölümDual12.08.202535 dk. - https://diziyiizle2.com/gibi/1-sezon-10-bolum/
📺 Bölüm bulundu: 1. Sezon 11. BölümDual12.08.202531 dk. - https://diziyiizle2.com/gibi/1-sezon-11-bolum/
📺 Bölüm bulundu: 1. Sezon 12. BölümDual12.08.202534 dk. - https://diziyiizle2.com/gibi/1-sezon-12-bolum/
📺 Bölüm bulundu: 2. Sezon 1. BölümDual12.08.202546 dk. - https://diziyiizle2.com/gibi/2-sezon-1-bolum/
📺 Bölüm bulundu: 2. Sezon 2. BölümDual12.08.202540 dk. - https://diziyiizle2.com/gibi/2-sezon-2-bolum/
📺 Bölüm bulundu: 2. Sezon 3. BölümDual12.08.202547 dk. - https://diziyiizle2.com/gibi/2-sezon-3-bolum/
📺 Bölüm bulundu: 2. Sezon 4. BölümDual12.08.202554 dk. - https://diziyiizle2.com/gibi/2-sezon-4-bolum/
📺 Bölüm bulundu: 2. Sezon 5. BölümDual12.08.202540 dk. - https://diziyiizle2.com/gibi/2-sezon-5-bolum/
📺 Bölüm bulundu: 2. Sezon 6. BölümDual12.08.202542 dk. - https://diziyiizle2.com/gibi/2-sezon-6-bolum/
📺 Bölüm bulundu: 2. Sezon 7. BölümDual12.08.202543 dk. - https://diziyiizle2.com/gibi/2-sezon-7-bolum/
📺 Bölüm bulundu: 2. Sezon 8. BölümDual12.08.202534 dk. - https://diziyiizle2.com/gibi/2-sezon-8-bolum/
📺 Bölüm bulundu: 2. Sezon 9. BölümDual12.08.202536 dk. - https://diziyiizle2.com/gibi/2-sezon-9-bolum/
📺 Bölüm bulundu: 2. Sezon 10. BölümDual12.08.202548 dk. - https://diziyiizle2.com/gibi/2-sezon-10-bolum/
📺 Bölüm bulundu: 3. Sezon 1. BölümDual12.08.202561 dk. - https://diziyiizle2.com/gibi/3-sezon-1-bolum/
📺 Bölüm bulundu: 3. Sezon 2. BölümDual12.08.202555 dk. - https://diziyiizle2.com/gibi/3-sezon-2-bolum/
📺 Bölüm bulundu: 3. Sezon 3. BölümDual12.08.202543 dk. - https://diziyiizle2.com/gibi/3-sezon-3-bolum/
📺 Bölüm bulundu: 3. Sezon 4. BölümDual12.08.202551 dk. - https://diziyiizle2.com/gibi/3-sezon-4-bolum/
📺 Bölüm bulundu: 3. Sezon 5. BölümDual12.08.202545 dk. - https://diziyiizle2.com/gibi/3-sezon-5-bolum/
📺 Bölüm bulundu: 3. Sezon 6. BölümDual12.08.202553 dk. - https://diziyiizle2.com/gibi/3-sezon-6-bolum/
📺 Bölüm bulundu: 3. Sezon 7. BölümDual12.08.202541 dk. - https://diziyiizle2.com/gibi/3-sezon-7-bolum/
📺 Bölüm bulundu: 3. Sezon 8. BölümDual12.08.202545 dk. - https://diziyiizle2.com/gibi/3-sezon-8-bolum/
📺 Bölüm bulundu: 3. Sezon 9. BölümDual12.08.202541 dk. - https://diziyiizle2.com/gibi/3-sezon-9-bolum/
📺 Bölüm bulundu: 3. Sezon 10. BölümDual12.08.202535 dk. - https://diziyiizle2.com/gibi/3-sezon-10-bolum/
📺 Bölüm bulundu: 4. Sezon 1. BölümDual12.08.202548 dk. - https://diziyiizle2.com/gibi/4-sezon-1-bolum/
📺 Bölüm bulundu: 4. Sezon 2. BölümDual12.08.202543 dk. - https://diziyiizle2.com/gibi/4-sezon-2-bolum/
📺 Bölüm bulundu: 4. Sezon 3. BölümDual12.08.202553 dk. - https://diziyiizle2.com/gibi/4-sezon-3-bolum/
📺 Bölüm bulundu: 4. Sezon 4. BölümDual12.08.202554 dk. - https://diziyiizle2.com/gibi/4-sezon-4-bolum/
📺 Bölüm bulundu: 4. Sezon 5. BölümDual12.08.202547 dk. - https://diziyiizle2.com/gibi/4-sezon-5-bolum/
📺 Bölüm bulundu: 4. Sezon 6. BölümDual12.08.202546 dk. - https://diziyiizle2.com/gibi/4-sezon-6-bolum/
📺 Bölüm bulundu: 4. Sezon 7. BölümDual12.08.202541 dk. - https://diziyiizle2.com/gibi/4-sezon-7-bolum/
📺 Bölüm bulundu: 4. Sezon 8. BölümDual12.08.202541 dk. - https://diziyiizle2.com/gibi/4-sezon-8-bolum/
📺 Bölüm bulundu: 4. Sezon 9. BölümDual12.08.202531 dk. - https://diziyiizle2.com/gibi/4-sezon-9-bolum/
📺 Bölüm bulundu: 4. Sezon 10. BölümDual12.08.202556 dk. - https://diziyiizle2.com/gibi/4-sezon-10-bolum/
📺 Bölüm bulundu: 5. Sezon 1. BölümDual12.08.202540 dk. - https://diziyiizle2.com/gibi/5-sezon-1-bolum/
📺 Bölüm bulundu: 5. Sezon 2. BölümDual12.08.202546 dk. - https://diziyiizle2.com/gibi/5-sezon-2-bolum/
📺 Bölüm bulundu: 5. Sezon 3. BölümDual12.08.202541 dk. - https://diziyiizle2.com/gibi/5-sezon-3-bolum/
📺 Bölüm bulundu: 5. Sezon 4. BölümDual12.08.202543 dk. - https://diziyiizle2.com/gibi/5-sezon-4-bolum/
📺 Bölüm bulundu: 5. Sezon 5. BölümDual12.08.202554 dk. - https://diziyiizle2.com/gibi/5-sezon-5-bolum/
📺 Bölüm bulundu: 5. Sezon 6. BölümDual12.08.202545 dk. - https://diziyiizle2.com/gibi/5-sezon-6-bolum/
📺 Bölüm bulundu: 5. Sezon 7. BölümDual12.08.202536 dk. - https://diziyiizle2.com/gibi/5-sezon-7-bolum/
📺 Bölüm bulundu: 5. Sezon 8. BölümDual12.08.202543 dk. - https://diziyiizle2.com/gibi/5-sezon-8-bolum/
📺 Bölüm bulundu: 5. Sezon 9. BölümDual12.08.202546 dk. - https://diziyiizle2.com/gibi/5-sezon-9-bolum/
📺 Bölüm bulundu: 5. Sezon 10. BölümDual12.08.202540 dk. - https://diziyiizle2.com/gibi/5-sezon-10-bolum/
📺 Bölüm bulundu: 5. Sezon 11. BölümDual12.08.202536 dk. - https://diziyiizle2.com/gibi/5-sezon-11-bolum/
📺 Bölüm bulundu: 5. Sezon 12. BölümDual12.08.202546 dk. - https://diziyiizle2.com/gibi/5-sezon-12-bolum/
📺 Bölüm bulundu: 5. Sezon 13. BölümDual12.08.202551 dk. - https://diziyiizle2.com/gibi/5-sezon-13-bolum/
📺 Bölüm bulundu: 6. Sezon 1. BölümDual12.08.202552 dk. - https://diziyiizle2.com/gibi/6-sezon-1-bolum/
📺 Bölüm bulundu: 6. Sezon 2. BölümDual12.08.202546 dk. - https://diziyiizle2.com/gibi/6-sezon-2-bolum/
📺 Bölüm bulundu: 6. Sezon 3. BölümDual12.08.202550 dk. - https://diziyiizle2.com/gibi/6-sezon-3-bolum/
📺 Bölüm bulundu: 6. Sezon 4. BölümDual12.08.202546 dk. - https://diziyiizle2.com/gibi/6-sezon-4-bolum/
📺 Bölüm bulundu: 6. Sezon 5. BölümDual12.08.202553 dk. - https://diziyiizle2.com/gibi/6-sezon-5-bolum/
📺 Bölüm bulundu: 6. Sezon 6. BölümDual12.08.202553 dk. - https://diziyiizle2.com/gibi/6-sezon-6-bolum/
📺 Bölüm bulundu: 6. Sezon 7. BölümDual12.08.202550 dk. - https://diziyiizle2.com/gibi/6-sezon-7-bolum/
📺 Bölüm bulundu: 6. Sezon 8. BölümDual12.08.202560 dk. - https://diziyiizle2.com/gibi/6-sezon-8-bolum/
📺 Bölüm bulundu: 6. Sezon 9. BölümDual12.08.202563 dk. - https://diziyiizle2.com/gibi/6-sezon-9-bolum/
📺 Bölüm bulundu: 6. Sezon 10. BölümDual12.08.202554 dk. - https://diziyiizle2.com/gibi/6-sezon-10-bolum/
📺 Bölüm bulundu: 6. Sezon 11. BölümDual12.08.202547 dk. - https://diziyiizle2.com/gibi/6-sezon-11-bolum/
📺 Bölüm bulundu: 6. Sezon 12. BölümDual12.08.202557 dk. - https://diziyiizle2.com/gibi/6-sezon-12-bolum/
📺 Bölüm bulundu: 6. Sezon 13. BölümDual12.08.202565 dk. - https://diziyiizle2.com/gibi/6-sezon-13-bolum/

📊 Toplam 68 bölüm bulundu
   🔍 [1/68] Bölüm: https://diziyiizle2.com/gibi/1-sezon-1-bolum/
📺 Embed URL bulundu: https://vidlax.xyz/embed/90a2681d2278fdf1
🔍 Embed URL kontrol ediliyor: https://vidlax.xyz/embed/90a2681d2278fdf1
📄 Embed sayfa içeriği alındı, boyut: 39529 karakter
🎬 Video Başlığı: Gibi
📝 Video Açıklaması: 1.Sezon 1.Bölüm
🎯 Tam Başlık: Gibi - 1.Sezon 1.Bölüm
🎯 HEX DECODE - m3u8 bulundu: https://vidlax.xyz/upload/ef9aeb59f3bd5b5e820c6c14bb75df60a7d0/master.m3u8
      ✅ Gibi - 1.Sezon 1.Bölüm - 1 m3u8
   🔍 [2/68] Bölüm: https://diziyiizle2.com/gibi/1-sezon-2-bolum/
📺 Embed URL bulundu: https://vidlax.xyz/embed/4e075322d5ef47cc
🔍 Embed URL kontrol ediliyor: https://vidlax.xyz/embed/4e075322d5ef47cc
📄 Embed sayfa içeriği alındı, boyut: 39529 karakter
🎬 Video Başlığı: Gibi
📝 Video Açıklaması: 1.Sezon 2.Bölüm
🎯 Tam Başlık: Gibi - 1.Sezon 2.Bölüm
🎯 HEX DECODE - m3u8 bulundu: https://vidlax.xyz/upload/699d95f1328f23c0ffa92e110a7fd4111c53/master.m3u8
      ✅ Gibi - 1.Sezon 2.Bölüm - 1 m3u8
   🔍 [3/68] Bölüm: https://diziyiizle2.com/gibi/1-sezon-3-bolum/
📺 Embed URL bulundu: https://vidlax.xyz/embed/c2f2c09068692f3b
🔍 Embed URL kontrol ediliyor: https://vidlax.xyz/embed/c2f2c09068692f3b
📄 Embed sayfa içeriği alındı, boyut: 39529 karakter
🎬 Video Başlığı: Gibi
📝 Video Açıklaması: 1.Sezon 3.Bölüm
🎯 Tam Başlık: Gibi - 1.Sezon 3.Bölüm
🎯 HEX DECODE - m3u8 bulundu: https://vidlax.xyz/upload/5d8dc4f3335d040275bc23cfad3b1566ef59/master.m3u8
      ✅ Gibi - 1.Sezon 3.Bölüm - 1 m3u8
   🔍 [4/68] Bölüm: https://diziyiizle2.com/gibi/1-sezon-4-bolum/
📺 Embed URL bulundu: https://vidlax.xyz/embed/865b9144fd3bad4d
🔍 Embed URL kontrol ediliyor: https://vidlax.xyz/embed/865b9144fd3bad4d
📄 Embed sayfa içeriği alındı, boyut: 39529 karakter
🎬 Video Başlığı: Gibi
📝 Video Açıklaması: 1.Sezon 4.Bölüm
🎯 Tam Başlık: Gibi - 1.Sezon 4.Bölüm
🎯 HEX DECODE - m3u8 bulundu: https://vidlax.xyz/upload/2a483a6f37b3b6ceb36aac1e6e23a895b13d/master.m3u8
      ✅ Gibi - 1.Sezon 4.Bölüm - 1 m3u8
   🔍 [5/68] Bölüm: https://diziyiizle2.com/gibi/1-sezon-5-bolum/
📺 Embed URL bulundu: https://vidlax.xyz/embed/c31aed902dbff06a
🔍 Embed URL kontrol ediliyor: https://vidlax.xyz/embed/c31aed902dbff06a
📄 Embed sayfa içeriği alındı, boyut: 39529 karakter
🎬 Video Başlığı: Gibi
📝 Video Açıklaması: 1.Sezon 5.Bölüm
🎯 Tam Başlık: Gibi - 1.Sezon 5.Bölüm
🎯 HEX DECODE - m3u8 bulundu: https://vidlax.xyz/upload/2d9cff10f68a10a6d3b97ea7e1cb1f823d64/master.m3u8
      ✅ Gibi - 1.Sezon 5.Bölüm - 1 m3u8
   🔍 [6/68] Bölüm: https://diziyiizle2.com/gibi/1-sezon-6-bolum/
📺 Embed URL bulundu: https://vidlax.xyz/embed/afa8b399b3a1e6e6
🔍 Embed URL kontrol ediliyor: https://vidlax.xyz/embed/afa8b399b3a1e6e6
📄 Embed sayfa içeriği alındı, boyut: 39529 karakter
🎬 Video Başlığı: Gibi
📝 Video Açıklaması: 1.Sezon 6.Bölüm
🎯 Tam Başlık: Gibi - 1.Sezon 6.Bölüm
🎯 HEX DECODE - m3u8 bulundu: https://vidlax.xyz/upload/8712a71444da9b26baf65bb6826a6613816f/master.m3u8
      ✅ Gibi - 1.Sezon 6.Bölüm - 1 m3u8
   🔍 [7/68] Bölüm: https://diziyiizle2.com/gibi/1-sezon-7-bolum/
📺 Embed URL bulundu: https://vidlax.xyz/embed/35e67334014730af
🔍 Embed URL kontrol ediliyor: https://vidlax.xyz/embed/35e67334014730af
📄 Embed sayfa içeriği alındı, boyut: 39529 karakter
🎬 Video Başlığı: Gibi
📝 Video Açıklaması: 1.Sezon 7.Bölüm
🎯 Tam Başlık: Gibi - 1.Sezon 7.Bölüm
🎯 HEX DECODE - m3u8 bulundu: https://vidlax.xyz/upload/258af434f1fd58d09b54da5e439a1d2adfc5/master.m3u8
      ✅ Gibi - 1.Sezon 7.Bölüm - 1 m3u8
   🔍 [8/68] Bölüm: https://diziyiizle2.com/gibi/1-sezon-8-bolum/
📺 Embed URL bulundu: https://vidlax.xyz/embed/e724ef40e2b0b452
🔍 Embed URL kontrol ediliyor: https://vidlax.xyz/embed/e724ef40e2b0b452
📄 Embed sayfa içeriği alındı, boyut: 39529 karakter
🎬 Video Başlığı: Gibi
📝 Video Açıklaması: 1.Sezon 8.Bölüm
🎯 Tam Başlık: Gibi - 1.Sezon 8.Bölüm
🎯 HEX DECODE - m3u8 bulundu: https://vidlax.xyz/upload/6da913ee7e1428243056216c3641ce119343/master.m3u8
      ✅ Gibi - 1.Sezon 8.Bölüm - 1 m3u8
   🔍 [9/68] Bölüm: https://diziyiizle2.com/gibi/1-sezon-9-bolum/
📺 Embed URL bulundu: https://vidlax.xyz/embed/0e00572d24b29f58
🔍 Embed URL kontrol ediliyor: https://vidlax.xyz/embed/0e00572d24b29f58
📄 Embed sayfa içeriği alındı, boyut: 39529 karakter
🎬 Video Başlığı: Gibi
📝 Video Açıklaması: 1.Sezon 9.Bölüm
🎯 Tam Başlık: Gibi - 1.Sezon 9.Bölüm
🎯 HEX DECODE - m3u8 bulundu: https://vidlax.xyz/upload/5f1ca55c8c1df66875fb16eec2761b17f481/master.m3u8
      ✅ Gibi - 1.Sezon 9.Bölüm - 1 m3u8
   🔍 [10/68] Bölüm: https://diziyiizle2.com/gibi/1-sezon-10-bolum/
📺 Embed URL bulundu: https://vidlax.xyz/embed/d61f4e168bf21cde
🔍 Embed URL kontrol ediliyor: https://vidlax.xyz/embed/d61f4e168bf21cde
📄 Embed sayfa içeriği alındı, boyut: 39530 karakter
🎬 Video Başlığı: Gibi
📝 Video Açıklaması: 1.Sezon 10.Bölüm
🎯 Tam Başlık: Gibi - 1.Sezon 10.Bölüm
🎯 HEX DECODE - m3u8 bulundu: https://vidlax.xyz/upload/653870feba4946fc92e4e7d3e7c5d4b82373/master.m3u8
      ✅ Gibi - 1.Sezon 10.Bölüm - 1 m3u8
   🔍 [11/68] Bölüm: https://diziyiizle2.com/gibi/1-sezon-11-bolum/
📺 Embed URL bulundu: https://vidlax.xyz/embed/d055fd5136719204
🔍 Embed URL kontrol ediliyor: https://vidlax.xyz/embed/d055fd5136719204
📄 Embed sayfa içeriği alındı, boyut: 39530 karakter
🎬 Video Başlığı: Gibi
📝 Video Açıklaması: 1.Sezon 11.Bölüm
🎯 Tam Başlık: Gibi - 1.Sezon 11.Bölüm
🎯 HEX DECODE - m3u8 bulundu: https://vidlax.xyz/upload/e750f9409cc09608573733e45cbd623056e1/master.m3u8
      ✅ Gibi - 1.Sezon 11.Bölüm - 1 m3u8
   🔍 [12/68] Bölüm: https://diziyiizle2.com/gibi/1-sezon-12-bolum/
📺 Embed URL bulundu: https://vidlax.xyz/embed/c8ab47b0491b9c86
🔍 Embed URL kontrol ediliyor: https://vidlax.xyz/embed/c8ab47b0491b9c86
📄 Embed sayfa içeriği alındı, boyut: 39530 karakter
🎬 Video Başlığı: Gibi
📝 Video Açıklaması: 1.Sezon 12.Bölüm
🎯 Tam Başlık: Gibi - 1.Sezon 12.Bölüm
🎯 HEX DECODE - m3u8 bulundu: https://vidlax.xyz/upload/38b48e94a0518e69785e1e9040e08a54915a/master.m3u8
      ✅ Gibi - 1.Sezon 12.Bölüm - 1 m3u8
   🔍 [13/68] Bölüm: https://diziyiizle2.com/gibi/2-sezon-1-bolum/
📺 Embed URL bulundu: https://vidlax.xyz/embed/b59f7af78be03e36
🔍 Embed URL kontrol ediliyor: https://vidlax.xyz/embed/b59f7af78be03e36
📄 Embed sayfa içeriği alındı, boyut: 39529 karakter
🎬 Video Başlığı: Gibi
📝 Video Açıklaması: 2.Sezon 1.Bölüm
🎯 Tam Başlık: Gibi - 2.Sezon 1.Bölüm
🎯 HEX DECODE - m3u8 bulundu: https://vidlax.xyz/upload/a4ad52687e17e5a0fa0abc63bb7ed06512bb/master.m3u8
      ✅ Gibi - 2.Sezon 1.Bölüm - 1 m3u8
   🔍 [14/68] Bölüm: https://diziyiizle2.com/gibi/2-sezon-2-bolum/
📺 Embed URL bulundu: https://vidlax.xyz/embed/584039877777d669
🔍 Embed URL kontrol ediliyor: https://vidlax.xyz/embed/584039877777d669
📄 Embed sayfa içeriği alındı, boyut: 39529 karakter
🎬 Video Başlığı: Gibi
📝 Video Açıklaması: 2.Sezon 2.Bölüm
🎯 Tam Başlık: Gibi - 2.Sezon 2.Bölüm
🎯 HEX DECODE - m3u8 bulundu: https://vidlax.xyz/upload/111ff461803464d35e23caab9601b1f0a3e7/master.m3u8
      ✅ Gibi - 2.Sezon 2.Bölüm - 1 m3u8
   🔍 [15/68] Bölüm: https://diziyiizle2.com/gibi/2-sezon-3-bolum/
📺 Embed URL bulundu: https://vidlax.xyz/embed/f791a577f7278af1
🔍 Embed URL kontrol ediliyor: https://vidlax.xyz/embed/f791a577f7278af1
📄 Embed sayfa içeriği alındı, boyut: 39529 karakter
🎬 Video Başlığı: Gibi
📝 Video Açıklaması: 2.Sezon 3.Bölüm
🎯 Tam Başlık: Gibi - 2.Sezon 3.Bölüm
🎯 HEX DECODE - m3u8 bulundu: https://vidlax.xyz/upload/e1fd59852feb95b42f47eb3c348a6165f3a2/master.m3u8
      ✅ Gibi - 2.Sezon 3.Bölüm - 1 m3u8
   🔍 [16/68] Bölüm: https://diziyiizle2.com/gibi/2-sezon-4-bolum/
📺 Embed URL bulundu: https://vidlax.xyz/embed/01650357aaedf3a4
🔍 Embed URL kontrol ediliyor: https://vidlax.xyz/embed/01650357aaedf3a4
📄 Embed sayfa içeriği alındı, boyut: 39529 karakter
🎬 Video Başlığı: Gibi
📝 Video Açıklaması: 2.Sezon 4.Bölüm
🎯 Tam Başlık: Gibi - 2.Sezon 4.Bölüm
🎯 HEX DECODE - m3u8 bulundu: https://vidlax.xyz/upload/c0a6eeaf28693b88a0323b20ceb9500a422e/master.m3u8
      ✅ Gibi - 2.Sezon 4.Bölüm - 1 m3u8
   🔍 [17/68] Bölüm: https://diziyiizle2.com/gibi/2-sezon-5-bolum/
📺 Embed URL bulundu: https://vidlax.xyz/embed/6fa89742d7c3509d
🔍 Embed URL kontrol ediliyor: https://vidlax.xyz/embed/6fa89742d7c3509d
📄 Embed sayfa içeriği alındı, boyut: 39529 karakter
🎬 Video Başlığı: Gibi
📝 Video Açıklaması: 2.Sezon 5.Bölüm
🎯 Tam Başlık: Gibi - 2.Sezon 5.Bölüm
🎯 HEX DECODE - m3u8 bulundu: https://vidlax.xyz/upload/aebfd91b0f2617f6632366fe022f4075fbb0/master.m3u8
      ✅ Gibi - 2.Sezon 5.Bölüm - 1 m3u8
   🔍 [18/68] Bölüm: https://diziyiizle2.com/gibi/2-sezon-6-bolum/
📺 Embed URL bulundu: https://vidlax.xyz/embed/3682243a0f3b17f3
🔍 Embed URL kontrol ediliyor: https://vidlax.xyz/embed/3682243a0f3b17f3
📄 Embed sayfa içeriği alındı, boyut: 39529 karakter
🎬 Video Başlığı: Gibi
📝 Video Açıklaması: 2.Sezon 6.Bölüm
🎯 Tam Başlık: Gibi - 2.Sezon 6.Bölüm
🎯 HEX DECODE - m3u8 bulundu: https://vidlax.xyz/upload/62d4d7081eae822a6aeeca3359319f23953f/master.m3u8
      ✅ Gibi - 2.Sezon 6.Bölüm - 1 m3u8
   🔍 [19/68] Bölüm: https://diziyiizle2.com/gibi/2-sezon-7-bolum/
📺 Embed URL bulundu: https://vidlax.xyz/embed/81f4203b6ec9f365
🔍 Embed URL kontrol ediliyor: https://vidlax.xyz/embed/81f4203b6ec9f365
📄 Embed sayfa içeriği alındı, boyut: 39529 karakter
🎬 Video Başlığı: Gibi
📝 Video Açıklaması: 2.Sezon 7.Bölüm
🎯 Tam Başlık: Gibi - 2.Sezon 7.Bölüm
🎯 HEX DECODE - m3u8 bulundu: https://vidlax.xyz/upload/ac6a06bf64898e585a300786da37649785df/master.m3u8
      ✅ Gibi - 2.Sezon 7.Bölüm - 1 m3u8
   🔍 [20/68] Bölüm: https://diziyiizle2.com/gibi/2-sezon-8-bolum/
📺 Embed URL bulundu: https://vidlax.xyz/embed/17c5d0fc9129afe4
🔍 Embed URL kontrol ediliyor: https://vidlax.xyz/embed/17c5d0fc9129afe4
📄 Embed sayfa içeriği alındı, boyut: 39529 karakter
🎬 Video Başlığı: Gibi
📝 Video Açıklaması: 2.Sezon 8.Bölüm
🎯 Tam Başlık: Gibi - 2.Sezon 8.Bölüm
🎯 HEX DECODE - m3u8 bulundu: https://vidlax.xyz/upload/16a48775e2f3f44b5a80a668a0ba8c24e7f0/master.m3u8
      ✅ Gibi - 2.Sezon 8.Bölüm - 1 m3u8
   🔍 [21/68] Bölüm: https://diziyiizle2.com/gibi/2-sezon-9-bolum/
📺 Embed URL bulundu: https://vidlax.xyz/embed/716f550556066b99
🔍 Embed URL kontrol ediliyor: https://vidlax.xyz/embed/716f550556066b99
📄 Embed sayfa içeriği alındı, boyut: 39529 karakter
🎬 Video Başlığı: Gibi
📝 Video Açıklaması: 2.Sezon 9.Bölüm
🎯 Tam Başlık: Gibi - 2.Sezon 9.Bölüm
🎯 HEX DECODE - m3u8 bulundu: https://vidlax.xyz/upload/0785813b75b486ee1ffe3d59553d52f9c14b/master.m3u8
      ✅ Gibi - 2.Sezon 9.Bölüm - 1 m3u8
   🔍 [22/68] Bölüm: https://diziyiizle2.com/gibi/2-sezon-10-bolum/
📺 Embed URL bulundu: https://vidlax.xyz/embed/daa7f7ec4789d3a6
🔍 Embed URL kontrol ediliyor: https://vidlax.xyz/embed/daa7f7ec4789d3a6
📄 Embed sayfa içeriği alındı, boyut: 39530 karakter
🎬 Video Başlığı: Gibi
📝 Video Açıklaması: 2.Sezon 10.Bölüm
🎯 Tam Başlık: Gibi - 2.Sezon 10.Bölüm
🎯 HEX DECODE - m3u8 bulundu: https://vidlax.xyz/upload/ed3ef6eebdce4783eaf5eb6a2a4d64761e35/master.m3u8
      ✅ Gibi - 2.Sezon 10.Bölüm - 1 m3u8
   🔍 [23/68] Bölüm: https://diziyiizle2.com/gibi/3-sezon-1-bolum/
📺 Embed URL bulundu: https://vidlax.xyz/embed/40175853001265ae
🔍 Embed URL kontrol ediliyor: https://vidlax.xyz/embed/40175853001265ae
📄 Embed sayfa içeriği alındı, boyut: 39529 karakter
🎬 Video Başlığı: Gibi
📝 Video Açıklaması: 3.Sezon 1.Bölüm
🎯 Tam Başlık: Gibi - 3.Sezon 1.Bölüm
🎯 HEX DECODE - m3u8 bulundu: https://vidlax.xyz/upload/8ad0841fb805b8bc5cd37285a4f7da09bf85/master.m3u8
      ✅ Gibi - 3.Sezon 1.Bölüm - 1 m3u8
   🔍 [24/68] Bölüm: https://diziyiizle2.com/gibi/3-sezon-2-bolum/
📺 Embed URL bulundu: https://vidlax.xyz/embed/18e22f7bf3081078
🔍 Embed URL kontrol ediliyor: https://vidlax.xyz/embed/18e22f7bf3081078
📄 Embed sayfa içeriği alındı, boyut: 39529 karakter
🎬 Video Başlığı: Gibi
📝 Video Açıklaması: 3.Sezon 2.Bölüm
🎯 Tam Başlık: Gibi - 3.Sezon 2.Bölüm
🎯 HEX DECODE - m3u8 bulundu: https://vidlax.xyz/upload/2deee2459408a0e63da10470b28f0a16b2fd/master.m3u8
      ✅ Gibi - 3.Sezon 2.Bölüm - 1 m3u8
   🔍 [25/68] Bölüm: https://diziyiizle2.com/gibi/3-sezon-3-bolum/
📺 Embed URL bulundu: https://vidlax.xyz/embed/f38cc73133e0d429
🔍 Embed URL kontrol ediliyor: https://vidlax.xyz/embed/f38cc73133e0d429
📄 Embed sayfa içeriği alındı, boyut: 39529 karakter
🎬 Video Başlığı: Gibi
📝 Video Açıklaması: 3.Sezon 3.Bölüm
🎯 Tam Başlık: Gibi - 3.Sezon 3.Bölüm
🎯 HEX DECODE - m3u8 bulundu: https://vidlax.xyz/upload/99bbf2b4d06fc6122e314f42d5b2ba83ed28/master.m3u8
      ✅ Gibi - 3.Sezon 3.Bölüm - 1 m3u8
   🔍 [26/68] Bölüm: https://diziyiizle2.com/gibi/3-sezon-4-bolum/
📺 Embed URL bulundu: https://vidlax.xyz/embed/3de785a506e682c0
🔍 Embed URL kontrol ediliyor: https://vidlax.xyz/embed/3de785a506e682c0
📄 Embed sayfa içeriği alındı, boyut: 39529 karakter
🎬 Video Başlığı: Gibi
📝 Video Açıklaması: 3.Sezon 4.Bölüm
🎯 Tam Başlık: Gibi - 3.Sezon 4.Bölüm
🎯 HEX DECODE - m3u8 bulundu: https://vidlax.xyz/upload/7e227b83c771b9cc62f9d596f3d052ec00c2/master.m3u8
      ✅ Gibi - 3.Sezon 4.Bölüm - 1 m3u8
   🔍 [27/68] Bölüm: https://diziyiizle2.com/gibi/3-sezon-5-bolum/
📺 Embed URL bulundu: https://vidlax.xyz/embed/073b1c78a264d0bd
🔍 Embed URL kontrol ediliyor: https://vidlax.xyz/embed/073b1c78a264d0bd
📄 Embed sayfa içeriği alındı, boyut: 39529 karakter
🎬 Video Başlığı: Gibi
📝 Video Açıklaması: 3.Sezon 5.Bölüm
🎯 Tam Başlık: Gibi - 3.Sezon 5.Bölüm
🎯 HEX DECODE - m3u8 bulundu: https://vidlax.xyz/upload/a7d832fbbcefbce452a3992c1d083594dde2/master.m3u8
      ✅ Gibi - 3.Sezon 5.Bölüm - 1 m3u8
   🔍 [28/68] Bölüm: https://diziyiizle2.com/gibi/3-sezon-6-bolum/
📺 Embed URL bulundu: https://vidlax.xyz/embed/439d9da302327a36
🔍 Embed URL kontrol ediliyor: https://vidlax.xyz/embed/439d9da302327a36
📄 Embed sayfa içeriği alındı, boyut: 39529 karakter
🎬 Video Başlığı: Gibi
📝 Video Açıklaması: 3.Sezon 6.Bölüm
🎯 Tam Başlık: Gibi - 3.Sezon 6.Bölüm
🎯 HEX DECODE - m3u8 bulundu: https://vidlax.xyz/upload/fd0fbff41fbacdad2d620c85b87232c8613e/master.m3u8
      ✅ Gibi - 3.Sezon 6.Bölüm - 1 m3u8
   🔍 [29/68] Bölüm: https://diziyiizle2.com/gibi/3-sezon-7-bolum/
📺 Embed URL bulundu: https://vidlax.xyz/embed/1e54d2c333fb7cd2
🔍 Embed URL kontrol ediliyor: https://vidlax.xyz/embed/1e54d2c333fb7cd2
📄 Embed sayfa içeriği alındı, boyut: 39529 karakter
🎬 Video Başlığı: Gibi
📝 Video Açıklaması: 3.Sezon 7.Bölüm
🎯 Tam Başlık: Gibi - 3.Sezon 7.Bölüm
🎯 HEX DECODE - m3u8 bulundu: https://vidlax.xyz/upload/eb3ca7a83425093212b9600c0896fceac6c8/master.m3u8
      ✅ Gibi - 3.Sezon 7.Bölüm - 1 m3u8
   🔍 [30/68] Bölüm: https://diziyiizle2.com/gibi/3-sezon-8-bolum/
📺 Embed URL bulundu: https://vidlax.xyz/embed/98cf2dbcbbdf5322
🔍 Embed URL kontrol ediliyor: https://vidlax.xyz/embed/98cf2dbcbbdf5322
📄 Embed sayfa içeriği alındı, boyut: 39529 karakter
🎬 Video Başlığı: Gibi
📝 Video Açıklaması: 3.Sezon 8.Bölüm
🎯 Tam Başlık: Gibi - 3.Sezon 8.Bölüm
🎯 HEX DECODE - m3u8 bulundu: https://vidlax.xyz/upload/7a5353e486285e16b00a55d72a00c908db57/master.m3u8
      ✅ Gibi - 3.Sezon 8.Bölüm - 1 m3u8
   🔍 [31/68] Bölüm: https://diziyiizle2.com/gibi/3-sezon-9-bolum/
📺 Embed URL bulundu: https://vidlax.xyz/embed/80783f002a46dc80
🔍 Embed URL kontrol ediliyor: https://vidlax.xyz/embed/80783f002a46dc80
📄 Embed sayfa içeriği alındı, boyut: 39529 karakter
🎬 Video Başlığı: Gibi
📝 Video Açıklaması: 3.Sezon 9.Bölüm
🎯 Tam Başlık: Gibi - 3.Sezon 9.Bölüm
🎯 HEX DECODE - m3u8 bulundu: https://vidlax.xyz/upload/ad5fbdc066b0a31127f95f39d18fcce4e2e8/master.m3u8
      ✅ Gibi - 3.Sezon 9.Bölüm - 1 m3u8
   🔍 [32/68] Bölüm: https://diziyiizle2.com/gibi/3-sezon-10-bolum/
📺 Embed URL bulundu: https://vidlax.xyz/embed/154110125d2b51fa
🔍 Embed URL kontrol ediliyor: https://vidlax.xyz/embed/154110125d2b51fa
📄 Embed sayfa içeriği alındı, boyut: 39530 karakter
🎬 Video Başlığı: Gibi
📝 Video Açıklaması: 3.Sezon 10.Bölüm
🎯 Tam Başlık: Gibi - 3.Sezon 10.Bölüm
🎯 HEX DECODE - m3u8 bulundu: https://vidlax.xyz/upload/7706338cbbce2ce582fa15722f1e5a002d67/master.m3u8
      ✅ Gibi - 3.Sezon 10.Bölüm - 1 m3u8
   🔍 [33/68] Bölüm: https://diziyiizle2.com/gibi/4-sezon-1-bolum/
📺 Embed URL bulundu: https://vidlax.xyz/embed/be87c45ed71b3c37
🔍 Embed URL kontrol ediliyor: https://vidlax.xyz/embed/be87c45ed71b3c37
📄 Embed sayfa içeriği alındı, boyut: 39529 karakter
🎬 Video Başlığı: Gibi
📝 Video Açıklaması: 4.Sezon 1.Bölüm
🎯 Tam Başlık: Gibi - 4.Sezon 1.Bölüm
🎯 HEX DECODE - m3u8 bulundu: https://vidlax.xyz/upload/fdb702d592afd9a76967f43b5c0aa5b64f3a/master.m3u8
      ✅ Gibi - 4.Sezon 1.Bölüm - 1 m3u8
   🔍 [34/68] Bölüm: https://diziyiizle2.com/gibi/4-sezon-2-bolum/
📺 Embed URL bulundu: https://vidlax.xyz/embed/6b4d085157bb7545
🔍 Embed URL kontrol ediliyor: https://vidlax.xyz/embed/6b4d085157bb7545
📄 Embed sayfa içeriği alındı, boyut: 39529 karakter
🎬 Video Başlığı: Gibi
📝 Video Açıklaması: 4.Sezon 2.Bölüm
🎯 Tam Başlık: Gibi - 4.Sezon 2.Bölüm
🎯 HEX DECODE - m3u8 bulundu: https://vidlax.xyz/upload/e0a903e8818512e04af4643fe85be01639e6/master.m3u8
      ✅ Gibi - 4.Sezon 2.Bölüm - 1 m3u8
   🔍 [35/68] Bölüm: https://diziyiizle2.com/gibi/4-sezon-3-bolum/
📺 Embed URL bulundu: https://vidlax.xyz/embed/eb1dea0853adbb77
🔍 Embed URL kontrol ediliyor: https://vidlax.xyz/embed/eb1dea0853adbb77
📄 Embed sayfa içeriği alındı, boyut: 39529 karakter
🎬 Video Başlığı: Gibi
📝 Video Açıklaması: 4.Sezon 3.Bölüm
🎯 Tam Başlık: Gibi - 4.Sezon 3.Bölüm
🎯 HEX DECODE - m3u8 bulundu: https://vidlax.xyz/upload/8229cd423830a6f563ee2860b3a1d4a66ffa/master.m3u8
      ✅ Gibi - 4.Sezon 3.Bölüm - 1 m3u8
   🔍 [36/68] Bölüm: https://diziyiizle2.com/gibi/4-sezon-4-bolum/
📺 Embed URL bulundu: https://vidlax.xyz/embed/bcfb4dc2f95cd9ad
🔍 Embed URL kontrol ediliyor: https://vidlax.xyz/embed/bcfb4dc2f95cd9ad
📄 Embed sayfa içeriği alındı, boyut: 39529 karakter
🎬 Video Başlığı: Gibi
📝 Video Açıklaması: 4.Sezon 4.Bölüm
🎯 Tam Başlık: Gibi - 4.Sezon 4.Bölüm
🎯 HEX DECODE - m3u8 bulundu: https://vidlax.xyz/upload/c6c6bc3193d0e59aed452527cd994e2e848b/master.m3u8
      ✅ Gibi - 4.Sezon 4.Bölüm - 1 m3u8
   🔍 [37/68] Bölüm: https://diziyiizle2.com/gibi/4-sezon-5-bolum/
📺 Embed URL bulundu: https://vidlax.xyz/embed/534567552743c045
🔍 Embed URL kontrol ediliyor: https://vidlax.xyz/embed/534567552743c045
📄 Embed sayfa içeriği alındı, boyut: 39529 karakter
🎬 Video Başlığı: Gibi
📝 Video Açıklaması: 4.Sezon 5.Bölüm
🎯 Tam Başlık: Gibi - 4.Sezon 5.Bölüm
🎯 HEX DECODE - m3u8 bulundu: https://vidlax.xyz/upload/22c71f21dac50d56c7a1976deb5e2283aa5a/master.m3u8
      ✅ Gibi - 4.Sezon 5.Bölüm - 1 m3u8
   🔍 [38/68] Bölüm: https://diziyiizle2.com/gibi/4-sezon-6-bolum/
📺 Embed URL bulundu: https://vidlax.xyz/embed/0d9b535ca2c1233c
🔍 Embed URL kontrol ediliyor: https://vidlax.xyz/embed/0d9b535ca2c1233c
📄 Embed sayfa içeriği alındı, boyut: 39529 karakter
🎬 Video Başlığı: Gibi
📝 Video Açıklaması: 4.Sezon 6.Bölüm
🎯 Tam Başlık: Gibi - 4.Sezon 6.Bölüm
🎯 HEX DECODE - m3u8 bulundu: https://vidlax.xyz/upload/ab9500fb082e0a4ff4306c55b45a156c5dc3/master.m3u8
      ✅ Gibi - 4.Sezon 6.Bölüm - 1 m3u8
   🔍 [39/68] Bölüm: https://diziyiizle2.com/gibi/4-sezon-7-bolum/
📺 Embed URL bulundu: https://vidlax.xyz/embed/c63ba790f80a94f0
🔍 Embed URL kontrol ediliyor: https://vidlax.xyz/embed/c63ba790f80a94f0
📄 Embed sayfa içeriği alındı, boyut: 39529 karakter
🎬 Video Başlığı: Gibi
📝 Video Açıklaması: 4.Sezon 7.Bölüm
🎯 Tam Başlık: Gibi - 4.Sezon 7.Bölüm
🎯 HEX DECODE - m3u8 bulundu: https://vidlax.xyz/upload/395121004a6fd2216dd23515dc4b7b59606e/master.m3u8
      ✅ Gibi - 4.Sezon 7.Bölüm - 1 m3u8
   🔍 [40/68] Bölüm: https://diziyiizle2.com/gibi/4-sezon-8-bolum/
📺 Embed URL bulundu: https://vidlax.xyz/embed/773719625a8960c8
🔍 Embed URL kontrol ediliyor: https://vidlax.xyz/embed/773719625a8960c8
📄 Embed sayfa içeriği alındı, boyut: 39529 karakter
🎬 Video Başlığı: Gibi
📝 Video Açıklaması: 4.Sezon 8.Bölüm
🎯 Tam Başlık: Gibi - 4.Sezon 8.Bölüm
🎯 HEX DECODE - m3u8 bulundu: https://vidlax.xyz/upload/675b22a8d8fc2ac4f21cc92f70f0c570000f/master.m3u8
      ✅ Gibi - 4.Sezon 8.Bölüm - 1 m3u8
   🔍 [41/68] Bölüm: https://diziyiizle2.com/gibi/4-sezon-9-bolum/
📺 Embed URL bulundu: https://vidlax.xyz/embed/ab3337e5aeab88ec
🔍 Embed URL kontrol ediliyor: https://vidlax.xyz/embed/ab3337e5aeab88ec
📄 Embed sayfa içeriği alındı, boyut: 39529 karakter
🎬 Video Başlığı: Gibi
📝 Video Açıklaması: 4.Sezon 9.Bölüm
🎯 Tam Başlık: Gibi - 4.Sezon 9.Bölüm
🎯 HEX DECODE - m3u8 bulundu: https://vidlax.xyz/upload/3ca718bf51a541f684203a41ed0e77a3f584/master.m3u8
      ✅ Gibi - 4.Sezon 9.Bölüm - 1 m3u8
   🔍 [42/68] Bölüm: https://diziyiizle2.com/gibi/4-sezon-10-bolum/
📺 Embed URL bulundu: https://vidlax.xyz/embed/760cf8f319e74b9d
🔍 Embed URL kontrol ediliyor: https://vidlax.xyz/embed/760cf8f319e74b9d
📄 Embed sayfa içeriği alındı, boyut: 39530 karakter
🎬 Video Başlığı: Gibi
📝 Video Açıklaması: 4.Sezon 10.Bölüm
🎯 Tam Başlık: Gibi - 4.Sezon 10.Bölüm
🎯 HEX DECODE - m3u8 bulundu: https://vidlax.xyz/upload/c7d54eed9091867d787dfdb522e15bfb5a71/master.m3u8
      ✅ Gibi - 4.Sezon 10.Bölüm - 1 m3u8
   🔍 [43/68] Bölüm: https://diziyiizle2.com/gibi/5-sezon-1-bolum/
📺 Embed URL bulundu: https://vidlax.xyz/embed/218291e897c29225
🔍 Embed URL kontrol ediliyor: https://vidlax.xyz/embed/218291e897c29225
📄 Embed sayfa içeriği alındı, boyut: 39529 karakter
🎬 Video Başlığı: Gibi
📝 Video Açıklaması: 5.Sezon 1.Bölüm
🎯 Tam Başlık: Gibi - 5.Sezon 1.Bölüm
🎯 HEX DECODE - m3u8 bulundu: https://vidlax.xyz/upload/90783af7a9774a05ae12b046d15d30cb788e/master.m3u8
      ✅ Gibi - 5.Sezon 1.Bölüm - 1 m3u8
   🔍 [44/68] Bölüm: https://diziyiizle2.com/gibi/5-sezon-2-bolum/
📺 Embed URL bulundu: https://vidlax.xyz/embed/02a43ec63041b294
🔍 Embed URL kontrol ediliyor: https://vidlax.xyz/embed/02a43ec63041b294
📄 Embed sayfa içeriği alındı, boyut: 39529 karakter
🎬 Video Başlığı: Gibi
📝 Video Açıklaması: 5.Sezon 2.Bölüm
🎯 Tam Başlık: Gibi - 5.Sezon 2.Bölüm
🎯 HEX DECODE - m3u8 bulundu: https://vidlax.xyz/upload/65b37e72dec2b9abe48e173d439729e08bc8/master.m3u8
      ✅ Gibi - 5.Sezon 2.Bölüm - 1 m3u8
   🔍 [45/68] Bölüm: https://diziyiizle2.com/gibi/5-sezon-3-bolum/
📺 Embed URL bulundu: https://vidlax.xyz/embed/dd293c8a98b47287
🔍 Embed URL kontrol ediliyor: https://vidlax.xyz/embed/dd293c8a98b47287
📄 Embed sayfa içeriği alındı, boyut: 39529 karakter
🎬 Video Başlığı: Gibi
📝 Video Açıklaması: 5.Sezon 3.Bölüm
🎯 Tam Başlık: Gibi - 5.Sezon 3.Bölüm
🎯 HEX DECODE - m3u8 bulundu: https://vidlax.xyz/upload/cb54b7e2623aacf409a88e1d21f494028e4c/master.m3u8
      ✅ Gibi - 5.Sezon 3.Bölüm - 1 m3u8
   🔍 [46/68] Bölüm: https://diziyiizle2.com/gibi/5-sezon-4-bolum/
📺 Embed URL bulundu: https://vidlax.xyz/embed/52578d8d9cbd35e8
🔍 Embed URL kontrol ediliyor: https://vidlax.xyz/embed/52578d8d9cbd35e8
📄 Embed sayfa içeriği alındı, boyut: 39529 karakter
🎬 Video Başlığı: Gibi
📝 Video Açıklaması: 5.Sezon 4.Bölüm
🎯 Tam Başlık: Gibi - 5.Sezon 4.Bölüm
🎯 HEX DECODE - m3u8 bulundu: https://vidlax.xyz/upload/a2faec3ad42aea20f94994d884fb1a426b95/master.m3u8
      ✅ Gibi - 5.Sezon 4.Bölüm - 1 m3u8
   🔍 [47/68] Bölüm: https://diziyiizle2.com/gibi/5-sezon-5-bolum/
📺 Embed URL bulundu: https://vidlax.xyz/embed/972638609a669dfb
🔍 Embed URL kontrol ediliyor: https://vidlax.xyz/embed/972638609a669dfb
📄 Embed sayfa içeriği alındı, boyut: 39529 karakter
🎬 Video Başlığı: Gibi
📝 Video Açıklaması: 5.Sezon 5.Bölüm
🎯 Tam Başlık: Gibi - 5.Sezon 5.Bölüm
🎯 HEX DECODE - m3u8 bulundu: https://vidlax.xyz/upload/3dd17ffde5077b9288c1d8e4fe72fadbeb46/master.m3u8
      ✅ Gibi - 5.Sezon 5.Bölüm - 1 m3u8
   🔍 [48/68] Bölüm: https://diziyiizle2.com/gibi/5-sezon-6-bolum/
📺 Embed URL bulundu: https://vidlax.xyz/embed/9deaa6d1498dfef9
🔍 Embed URL kontrol ediliyor: https://vidlax.xyz/embed/9deaa6d1498dfef9
📄 Embed sayfa içeriği alındı, boyut: 39529 karakter
🎬 Video Başlığı: Gibi
📝 Video Açıklaması: 5.Sezon 6.Bölüm
🎯 Tam Başlık: Gibi - 5.Sezon 6.Bölüm
🎯 HEX DECODE - m3u8 bulundu: https://vidlax.xyz/upload/87e472d3dfaeddc6706e366cb7ef061939f4/master.m3u8
      ✅ Gibi - 5.Sezon 6.Bölüm - 1 m3u8
   🔍 [49/68] Bölüm: https://diziyiizle2.com/gibi/5-sezon-7-bolum/
📺 Embed URL bulundu: https://vidlax.xyz/embed/66468b9798c1f7b7
🔍 Embed URL kontrol ediliyor: https://vidlax.xyz/embed/66468b9798c1f7b7
📄 Embed sayfa içeriği alındı, boyut: 39529 karakter
🎬 Video Başlığı: Gibi
📝 Video Açıklaması: 5.Sezon 7.Bölüm
🎯 Tam Başlık: Gibi - 5.Sezon 7.Bölüm
🎯 HEX DECODE - m3u8 bulundu: https://vidlax.xyz/upload/b93e2fd1b9d2babf81d9fe10f53607f53b05/master.m3u8
      ✅ Gibi - 5.Sezon 7.Bölüm - 1 m3u8
   🔍 [50/68] Bölüm: https://diziyiizle2.com/gibi/5-sezon-8-bolum/
📺 Embed URL bulundu: https://vidlax.xyz/embed/0d3a8b1cd2c60d2c
🔍 Embed URL kontrol ediliyor: https://vidlax.xyz/embed/0d3a8b1cd2c60d2c
📄 Embed sayfa içeriği alındı, boyut: 39529 karakter
🎬 Video Başlığı: Gibi
📝 Video Açıklaması: 5.Sezon 8.Bölüm
🎯 Tam Başlık: Gibi - 5.Sezon 8.Bölüm
🎯 HEX DECODE - m3u8 bulundu: https://vidlax.xyz/upload/14a43dad7f45a5fcc7db0308cad888971eeb/master.m3u8
      ✅ Gibi - 5.Sezon 8.Bölüm - 1 m3u8
   🔍 [51/68] Bölüm: https://diziyiizle2.com/gibi/5-sezon-9-bolum/
📺 Embed URL bulundu: https://vidlax.xyz/embed/3522df9b2d0584a1
🔍 Embed URL kontrol ediliyor: https://vidlax.xyz/embed/3522df9b2d0584a1
📄 Embed sayfa içeriği alındı, boyut: 39529 karakter
🎬 Video Başlığı: Gibi
📝 Video Açıklaması: 5.Sezon 9.Bölüm
🎯 Tam Başlık: Gibi - 5.Sezon 9.Bölüm
🎯 HEX DECODE - m3u8 bulundu: https://vidlax.xyz/upload/8f0cf4d0a0097ed8b57f53b88dbda5ffd0ac/master.m3u8
      ✅ Gibi - 5.Sezon 9.Bölüm - 1 m3u8
   🔍 [52/68] Bölüm: https://diziyiizle2.com/gibi/5-sezon-10-bolum/
📺 Embed URL bulundu: https://vidlax.xyz/embed/a2628a19d0f2e4d5
🔍 Embed URL kontrol ediliyor: https://vidlax.xyz/embed/a2628a19d0f2e4d5
📄 Embed sayfa içeriği alındı, boyut: 39530 karakter
🎬 Video Başlığı: Gibi
📝 Video Açıklaması: 5.Sezon 10.Bölüm
🎯 Tam Başlık: Gibi - 5.Sezon 10.Bölüm
🎯 HEX DECODE - m3u8 bulundu: https://vidlax.xyz/upload/ce4284d91a029839cd315baa20df4881c1b2/master.m3u8
      ✅ Gibi - 5.Sezon 10.Bölüm - 1 m3u8
   🔍 [53/68] Bölüm: https://diziyiizle2.com/gibi/5-sezon-11-bolum/
📺 Embed URL bulundu: https://vidlax.xyz/embed/5fb5296df51e75cd
🔍 Embed URL kontrol ediliyor: https://vidlax.xyz/embed/5fb5296df51e75cd
📄 Embed sayfa içeriği alındı, boyut: 39530 karakter
🎬 Video Başlığı: Gibi
📝 Video Açıklaması: 5.Sezon 11.Bölüm
🎯 Tam Başlık: Gibi - 5.Sezon 11.Bölüm
🎯 HEX DECODE - m3u8 bulundu: https://vidlax.xyz/upload/1469cc700cf4e3d98f51681765aa565b0c6b/master.m3u8
      ✅ Gibi - 5.Sezon 11.Bölüm - 1 m3u8
   🔍 [54/68] Bölüm: https://diziyiizle2.com/gibi/5-sezon-12-bolum/
📺 Embed URL bulundu: https://vidlax.xyz/embed/7e80af25f439ebfa
🔍 Embed URL kontrol ediliyor: https://vidlax.xyz/embed/7e80af25f439ebfa
📄 Embed sayfa içeriği alındı, boyut: 39530 karakter
🎬 Video Başlığı: Gibi
📝 Video Açıklaması: 5.Sezon 12.Bölüm
🎯 Tam Başlık: Gibi - 5.Sezon 12.Bölüm
🎯 HEX DECODE - m3u8 bulundu: https://vidlax.xyz/upload/9773bec2df76821794837466f3fde78085ca/master.m3u8
      ✅ Gibi - 5.Sezon 12.Bölüm - 1 m3u8
   🔍 [55/68] Bölüm: https://diziyiizle2.com/gibi/5-sezon-13-bolum/
📺 Embed URL bulundu: https://vidlax.xyz/embed/38593f7fcfc81ce4
🔍 Embed URL kontrol ediliyor: https://vidlax.xyz/embed/38593f7fcfc81ce4
📄 Embed sayfa içeriği alındı, boyut: 39530 karakter
🎬 Video Başlığı: Gibi
📝 Video Açıklaması: 5.Sezon 13.Bölüm
🎯 Tam Başlık: Gibi - 5.Sezon 13.Bölüm
🎯 HEX DECODE - m3u8 bulundu: https://vidlax.xyz/upload/bbdacae9c448b02d63c809108399c5c42cb6/master.m3u8
      ✅ Gibi - 5.Sezon 13.Bölüm - 1 m3u8
   🔍 [56/68] Bölüm: https://diziyiizle2.com/gibi/6-sezon-1-bolum/
📺 Embed URL bulundu: https://vidlax.xyz/embed/acde1eb5d274f515
🔍 Embed URL kontrol ediliyor: https://vidlax.xyz/embed/acde1eb5d274f515
📄 Embed sayfa içeriği alındı, boyut: 39702 karakter
🎬 Video Başlığı: Gibi
📝 Video Açıklaması: 6.Sezon 1.Bölüm
🎯 Tam Başlık: Gibi - 6.Sezon 1.Bölüm
🎯 HEX DECODE - m3u8 bulundu: https://vidlax.xyz/upload/ebd11639d6c0078e2193d48128a60568dcf2/master.m3u8
      ✅ Gibi - 6.Sezon 1.Bölüm - 1 m3u8
   🔍 [57/68] Bölüm: https://diziyiizle2.com/gibi/6-sezon-2-bolum/
📺 Embed URL bulundu: https://vidlax.xyz/embed/b9f5abe6db581249
🔍 Embed URL kontrol ediliyor: https://vidlax.xyz/embed/b9f5abe6db581249
📄 Embed sayfa içeriği alındı, boyut: 39702 karakter
🎬 Video Başlığı: Gibi
📝 Video Açıklaması: 6.Sezon 2.Bölüm
🎯 Tam Başlık: Gibi - 6.Sezon 2.Bölüm
🎯 HEX DECODE - m3u8 bulundu: https://vidlax.xyz/upload/383f91ce5e0825fdb4077b1edb9218e5d650/master.m3u8
      ✅ Gibi - 6.Sezon 2.Bölüm - 1 m3u8
   🔍 [58/68] Bölüm: https://diziyiizle2.com/gibi/6-sezon-3-bolum/
📺 Embed URL bulundu: https://vidlax.xyz/embed/6c0b7446f5788014
🔍 Embed URL kontrol ediliyor: https://vidlax.xyz/embed/6c0b7446f5788014
📄 Embed sayfa içeriği alındı, boyut: 39702 karakter
🎬 Video Başlığı: Gibi
📝 Video Açıklaması: 6.Sezon 3.Bölüm
🎯 Tam Başlık: Gibi - 6.Sezon 3.Bölüm
🎯 HEX DECODE - m3u8 bulundu: https://vidlax.xyz/upload/c10583700467b1807ea23c27a053a755186b/master.m3u8
      ✅ Gibi - 6.Sezon 3.Bölüm - 1 m3u8
   🔍 [59/68] Bölüm: https://diziyiizle2.com/gibi/6-sezon-4-bolum/
📺 Embed URL bulundu: https://vidlax.xyz/embed/4715bff684b935b1
🔍 Embed URL kontrol ediliyor: https://vidlax.xyz/embed/4715bff684b935b1
📄 Embed sayfa içeriği alındı, boyut: 39702 karakter
🎬 Video Başlığı: Gibi
📝 Video Açıklaması: 6.Sezon 4.Bölüm
🎯 Tam Başlık: Gibi - 6.Sezon 4.Bölüm
🎯 HEX DECODE - m3u8 bulundu: https://vidlax.xyz/upload/8b6adca58dc29222dd7cba65e268c7b0b26d/master.m3u8
      ✅ Gibi - 6.Sezon 4.Bölüm - 1 m3u8
   🔍 [60/68] Bölüm: https://diziyiizle2.com/gibi/6-sezon-5-bolum/
📺 Embed URL bulundu: https://vidlax.xyz/embed/bf5661150a4d5faf
🔍 Embed URL kontrol ediliyor: https://vidlax.xyz/embed/bf5661150a4d5faf
📄 Embed sayfa içeriği alındı, boyut: 39702 karakter
🎬 Video Başlığı: Gibi
📝 Video Açıklaması: 6.Sezon 5.Bölüm
🎯 Tam Başlık: Gibi - 6.Sezon 5.Bölüm
🎯 HEX DECODE - m3u8 bulundu: https://vidlax.xyz/upload/a0348fc462b6b14c86c8837e2c6d10c8f540/master.m3u8
      ✅ Gibi - 6.Sezon 5.Bölüm - 1 m3u8
   🔍 [61/68] Bölüm: https://diziyiizle2.com/gibi/6-sezon-6-bolum/
📺 Embed URL bulundu: https://vidlax.xyz/embed/165b9ef4a32f8eb6
🔍 Embed URL kontrol ediliyor: https://vidlax.xyz/embed/165b9ef4a32f8eb6
📄 Embed sayfa içeriği alındı, boyut: 39702 karakter
🎬 Video Başlığı: Gibi
📝 Video Açıklaması: 6.Sezon 6.Bölüm
🎯 Tam Başlık: Gibi - 6.Sezon 6.Bölüm
🎯 HEX DECODE - m3u8 bulundu: https://vidlax.xyz/upload/02c8d96c6a070b111f8ea0f1ea199a5d5b3c/master.m3u8
      ✅ Gibi - 6.Sezon 6.Bölüm - 1 m3u8
   🔍 [62/68] Bölüm: https://diziyiizle2.com/gibi/6-sezon-7-bolum/
📺 Embed URL bulundu: https://vidlax.xyz/embed/7f553e1cf4834f2b
🔍 Embed URL kontrol ediliyor: https://vidlax.xyz/embed/7f553e1cf4834f2b
📄 Embed sayfa içeriği alındı, boyut: 39702 karakter
🎬 Video Başlığı: Gibi
📝 Video Açıklaması: 6.Sezon 7.Bölüm
🎯 Tam Başlık: Gibi - 6.Sezon 7.Bölüm
🎯 HEX DECODE - m3u8 bulundu: https://vidlax.xyz/upload/aaedefb0d5225fc6bbd99cc3dedae9c89890/master.m3u8
      ✅ Gibi - 6.Sezon 7.Bölüm - 1 m3u8
   🔍 [63/68] Bölüm: https://diziyiizle2.com/gibi/6-sezon-8-bolum/
📺 Embed URL bulundu: https://vidlax.xyz/embed/7b79196b03121b47
🔍 Embed URL kontrol ediliyor: https://vidlax.xyz/embed/7b79196b03121b47
📄 Embed sayfa içeriği alındı, boyut: 39702 karakter
🎬 Video Başlığı: Gibi
📝 Video Açıklaması: 6.Sezon 8.Bölüm
🎯 Tam Başlık: Gibi - 6.Sezon 8.Bölüm
🎯 HEX DECODE - m3u8 bulundu: https://vidlax.xyz/upload/58995a93f34f0eca8719b4494c775f410518/master.m3u8
      ✅ Gibi - 6.Sezon 8.Bölüm - 1 m3u8
   🔍 [64/68] Bölüm: https://diziyiizle2.com/gibi/6-sezon-9-bolum/
📺 Embed URL bulundu: https://vidlax.xyz/embed/e5f2002b46d0152b
🔍 Embed URL kontrol ediliyor: https://vidlax.xyz/embed/e5f2002b46d0152b
📄 Embed sayfa içeriği alındı, boyut: 39702 karakter
🎬 Video Başlığı: Gibi
📝 Video Açıklaması: 6.Sezon 9.Bölüm
🎯 Tam Başlık: Gibi - 6.Sezon 9.Bölüm
🎯 HEX DECODE - m3u8 bulundu: https://vidlax.xyz/upload/20a8b0f6db15b8fa7523ccdb730ec72a1d72/master.m3u8
      ✅ Gibi - 6.Sezon 9.Bölüm - 1 m3u8
   🔍 [65/68] Bölüm: https://diziyiizle2.com/gibi/6-sezon-10-bolum/
📺 Embed URL bulundu: https://vidlax.xyz/embed/b2cbde85f8e32d50
🔍 Embed URL kontrol ediliyor: https://vidlax.xyz/embed/b2cbde85f8e32d50
📄 Embed sayfa içeriği alındı, boyut: 39703 karakter
🎬 Video Başlığı: Gibi
📝 Video Açıklaması: 6.Sezon 10.Bölüm
🎯 Tam Başlık: Gibi - 6.Sezon 10.Bölüm
🎯 HEX DECODE - m3u8 bulundu: https://vidlax.xyz/upload/82522f90b85852b399a4d87aafe4a1e2ab2c/master.m3u8
      ✅ Gibi - 6.Sezon 10.Bölüm - 1 m3u8
   🔍 [66/68] Bölüm: https://diziyiizle2.com/gibi/6-sezon-11-bolum/
📺 Embed URL bulundu: https://vidlax.xyz/embed/f5c75f17ec8097ca
🔍 Embed URL kontrol ediliyor: https://vidlax.xyz/embed/f5c75f17ec8097ca
📄 Embed sayfa içeriği alındı, boyut: 39703 karakter
🎬 Video Başlığı: Gibi
📝 Video Açıklaması: 6.Sezon 11.Bölüm
🎯 Tam Başlık: Gibi - 6.Sezon 11.Bölüm
🎯 HEX DECODE - m3u8 bulundu: https://vidlax.xyz/upload/4906e3300bf4254a783dddd2aa533059f0fb/master.m3u8
      ✅ Gibi - 6.Sezon 11.Bölüm - 1 m3u8
   🔍 [67/68] Bölüm: https://diziyiizle2.com/gibi/6-sezon-12-bolum/
📺 Embed URL bulundu: https://vidlax.xyz/embed/f44b1fdfb56fad41
🔍 Embed URL kontrol ediliyor: https://vidlax.xyz/embed/f44b1fdfb56fad41
📄 Embed sayfa içeriği alındı, boyut: 39703 karakter
🎬 Video Başlığı: Gibi
📝 Video Açıklaması: 6.Sezon 12.Bölüm
🎯 Tam Başlık: Gibi - 6.Sezon 12.Bölüm
🎯 HEX DECODE - m3u8 bulundu: https://vidlax.xyz/upload/49f5949ee6d2372e54b048e896245b9b9851/master.m3u8
      ✅ Gibi - 6.Sezon 12.Bölüm - 1 m3u8
   🔍 [68/68] Bölüm: https://diziyiizle2.com/gibi/6-sezon-13-bolum/
📺 Embed URL bulundu: https://vidlax.xyz/embed/8d73fd3c7edaa30e
🔍 Embed URL kontrol ediliyor: https://vidlax.xyz/embed/8d73fd3c7edaa30e
📄 Embed sayfa içeriği alındı, boyut: 39530 karakter
🎬 Video Başlığı: Gibi
📝 Video Açıklaması: 6.Sezon 13.Bölüm
🎯 Tam Başlık: Gibi - 6.Sezon 13.Bölüm
🎯 HEX DECODE - m3u8 bulundu: https://vidlax.xyz/upload/987db5125bc41bf8cd7d97e01c74574122ce/master.m3u8
      ✅ Gibi - 6.Sezon 13.Bölüm - 1 m3u8
      📁 Dizi playlist: playlists/gibi_playlist.m3u
   ✅ Dizi tamamlandı: 68 m3u8 eklendi

============================================================
🎬 [30/56] İşleniyor: https://diziyiizle2.com/dizi/var-bunlar-izle-14/
📺 Bölüm bulundu: Loot3.Sezon 3.BölümAltyazılı - https://diziyiizle2.com/loot/3-sezon-3-bolum/
📺 Bölüm bulundu: Gen V2.Sezon 8.BölümAltyazılı - https://diziyiizle2.com/gen-v-5/2-sezon-8-bolum/
📺 Bölüm bulundu: High Potential2.Sezon 6.BölümAltyazılı - https://diziyiizle2.com/high-potential/2-sezon-6-bolum/
📺 Bölüm bulundu: The Morning Show4.Sezon 6.BölümAltyazılı - https://diziyiizle2.com/the-morning-show/4-sezon-6-bolum/
📺 Bölüm bulundu: The Forsytes1.Sezon 1.BölümAltyazılı - https://diziyiizle2.com/the-forsytes/1-sezon-1-bolum/
📺 Bölüm bulundu: Anne Rice's Talamasca: The Secret Order1.Sezon 1.BölümAltyazılı - https://diziyiizle2.com/anne-rices-talamasca-the-secret-order/1-sezon-1-bolum/
📺 Bölüm bulundu: The Ridge1.Sezon 1.BölümAltyazılı - https://diziyiizle2.com/the-ridge/1-sezon-1-bolum/
📺 Bölüm bulundu: Watson2.Sezon 2.BölümAltyazılı - https://diziyiizle2.com/watson-2/2-sezon-2-bolum/
📺 Bölüm bulundu: Chad Powers1.Sezon 5.BölümDublaj - https://diziyiizle2.com/chad-powers/1-sezon-5-bolum/
📺 Bölüm bulundu: DMV1.Sezon 2.BölümAltyazılı - https://diziyiizle2.com/dmv/1-sezon-2-bolum/
📺 Bölüm bulundu: Only Murders in the Building5.Sezon 9.BölümAltyazılı - https://diziyiizle2.com/only-murders-in-the-building-6/5-sezon-9-bolum/
📺 Bölüm bulundu: Mahsun J2.Sezon 12.BölümAltyazılı - https://diziyiizle2.com/mahsun-j-12/2-sezon-12-bolum/

📊 Toplam 12 bölüm bulundu
   🔍 [1/12] Bölüm: https://diziyiizle2.com/loot/3-sezon-3-bolum/
📺 Embed URL bulundu: https://vidlax.xyz/embed/abd50ce66b5e0c90
🔍 Embed URL kontrol ediliyor: https://vidlax.xyz/embed/abd50ce66b5e0c90
📄 Embed sayfa içeriği alındı, boyut: 43136 karakter
🎬 Video Başlığı: Loot
📝 Video Açıklaması: 3.Sezon 3.Bölüm
🎯 Tam Başlık: Loot - 3.Sezon 3.Bölüm
🎯 HEX DECODE - m3u8 bulundu: https://vidlax.xyz/upload/1e268f9f56f6bed245e64d3c1aea457aa0bc/master.m3u8
      ✅ Loot - 3.Sezon 3.Bölüm - 1 m3u8
   🔍 [2/12] Bölüm: https://diziyiizle2.com/gen-v-5/2-sezon-8-bolum/
📺 Embed URL bulundu: https://vidlax.xyz/embed/eb339d1152d134d4
🔍 Embed URL kontrol ediliyor: https://vidlax.xyz/embed/eb339d1152d134d4
📄 Embed sayfa içeriği alındı, boyut: 42588 karakter
🎬 Video Başlığı: Gen V
📝 Video Açıklaması: 2.Sezon 8.Bölüm
🎯 Tam Başlık: Gen V - 2.Sezon 8.Bölüm
🎯 HEX DECODE - m3u8 bulundu: https://vidlax.xyz/upload/51f1eabecb16174b21bcf87646ffc58b8ceb/master.m3u8
      ✅ Gen V - 2.Sezon 8.Bölüm - 1 m3u8
   🔍 [3/12] Bölüm: https://diziyiizle2.com/high-potential/2-sezon-6-bolum/
📺 Embed URL bulundu: https://vidlax.xyz/embed/921537efef8593a1
🔍 Embed URL kontrol ediliyor: https://vidlax.xyz/embed/921537efef8593a1
📄 Embed sayfa içeriği alındı, boyut: 39711 karakter
🎬 Video Başlığı: High Potential
📝 Video Açıklaması: 2.Sezon 6.Bölüm
🎯 Tam Başlık: High Potential - 2.Sezon 6.Bölüm
🎯 HEX DECODE - m3u8 bulundu: https://vidlax.xyz/upload/0e98b39ef51c20560fbd92e894c4fc352ac0/master.m3u8
      ✅ High Potential - 2.Sezon 6.Bölüm - 1 m3u8
   🔍 [4/12] Bölüm: https://diziyiizle2.com/the-morning-show/4-sezon-6-bolum/
📺 Embed URL bulundu: https://vidlax.xyz/embed/8a055eba74647df6
🔍 Embed URL kontrol ediliyor: https://vidlax.xyz/embed/8a055eba74647df6
📄 Embed sayfa içeriği alındı, boyut: 42799 karakter
🎬 Video Başlığı: The Morning Show
📝 Video Açıklaması: 4.Sezon 6.Bölüm
🎯 Tam Başlık: The Morning Show - 4.Sezon 6.Bölüm
🎯 HEX DECODE - m3u8 bulundu: https://vidlax.xyz/upload/365897d5fc4835083e56c53bfe35da5e8d8f/master.m3u8
      ✅ The Morning Show - 4.Sezon 6.Bölüm - 1 m3u8
   🔍 [5/12] Bölüm: https://diziyiizle2.com/the-forsytes/1-sezon-1-bolum/

🔍 Vidlax direkt analizi: https://diziyiizle2.com/the-forsytes/1-sezon-1-bolum/
📄 Sayfa içeriği alındı: 93475 karakter
❌ m3u8 URL'si bulunamadı
      ❌ m3u8 bulunamadı
   🔍 [6/12] Bölüm: https://diziyiizle2.com/anne-rices-talamasca-the-secret-order/1-sezon-1-bolum/
📺 Embed URL bulundu: https://vidlax.xyz/embed/242939a781087a52
🔍 Embed URL kontrol ediliyor: https://vidlax.xyz/embed/242939a781087a52
📄 Embed sayfa içeriği alındı, boyut: 39866 karakter
🎬 Video Başlığı: Talamasca: The Secret Order
📝 Video Açıklaması: 1.Sezon 1.Bölüm
🎯 Tam Başlık: Talamasca: The Secret Order - 1.Sezon 1.Bölüm
🎯 HEX DECODE - m3u8 bulundu: https://vidlax.xyz/upload/e6d5e48fd3bc3e208a81de9987becf46185c/master.m3u8
      ✅ Talamasca: The Secret Order - 1.Sezon 1.Bölüm - 1 m3u8
   🔍 [7/12] Bölüm: https://diziyiizle2.com/the-ridge/1-sezon-1-bolum/
📺 Embed URL bulundu: https://vidlax.xyz/embed/7016961717fa3389
🔍 Embed URL kontrol ediliyor: https://vidlax.xyz/embed/7016961717fa3389
📄 Embed sayfa içeriği alındı, boyut: 39848 karakter
🎬 Video Başlığı: The Ridge
📝 Video Açıklaması: 1.Sezon 1.Bölüm
🎯 Tam Başlık: The Ridge - 1.Sezon 1.Bölüm
🎯 HEX DECODE - m3u8 bulundu: https://vidlax.xyz/upload/dddb5cfb0fa75137058461ba0d237da70260/master.m3u8
      ✅ The Ridge - 1.Sezon 1.Bölüm - 1 m3u8
   🔍 [8/12] Bölüm: https://diziyiizle2.com/watson-2/2-sezon-2-bolum/
📺 Embed URL bulundu: https://vidlax.xyz/embed/8c7efc6a5b7c1b7d
🔍 Embed URL kontrol ediliyor: https://vidlax.xyz/embed/8c7efc6a5b7c1b7d
📄 Embed sayfa içeriği alındı, boyut: 39987 karakter
🎬 Video Başlığı: Watson
📝 Video Açıklaması: 2.Sezon 2.Bölüm
🎯 Tam Başlık: Watson - 2.Sezon 2.Bölüm
🎯 HEX DECODE - m3u8 bulundu: https://vidlax.xyz/upload/4f40f66abaf81e60e51c27d54ebb3f18c911/master.m3u8
      ✅ Watson - 2.Sezon 2.Bölüm - 1 m3u8
   🔍 [9/12] Bölüm: https://diziyiizle2.com/chad-powers/1-sezon-5-bolum/
📺 Embed URL bulundu: https://vidlax.xyz/embed/3878ba25391b0044
🔍 Embed URL kontrol ediliyor: https://vidlax.xyz/embed/3878ba25391b0044
📄 Embed sayfa içeriği alındı, boyut: 41423 karakter
🎬 Video Başlığı: Chad Powers
📝 Video Açıklaması: 1.Sezon 5.Bölüm
🎯 Tam Başlık: Chad Powers - 1.Sezon 5.Bölüm
🎯 HEX DECODE - m3u8 bulundu: https://vidlax.xyz/upload/83893917e44eea919c2ea5a2f4b856b8afa7/master.m3u8
      ✅ Chad Powers - 1.Sezon 5.Bölüm - 1 m3u8
   🔍 [10/12] Bölüm: https://diziyiizle2.com/dmv/1-sezon-2-bolum/
📺 Embed URL bulundu: https://vidlax.xyz/embed/68a79b78c241beea
🔍 Embed URL kontrol ediliyor: https://vidlax.xyz/embed/68a79b78c241beea
📄 Embed sayfa içeriği alındı, boyut: 39842 karakter
🎬 Video Başlığı: DMV
📝 Video Açıklaması: 1.Sezon 2.Bölüm
🎯 Tam Başlık: DMV - 1.Sezon 2.Bölüm
🎯 HEX DECODE - m3u8 bulundu: https://vidlax.xyz/upload/9c09c2e836dee4b8ab8f4bcc598214a0347c/master.m3u8
      ✅ DMV - 1.Sezon 2.Bölüm - 1 m3u8
   🔍 [11/12] Bölüm: https://diziyiizle2.com/only-murders-in-the-building-6/5-sezon-9-bolum/
📺 Embed URL bulundu: https://vidlax.xyz/embed/d677ebae91b8fc6e
🔍 Embed URL kontrol ediliyor: https://vidlax.xyz/embed/d677ebae91b8fc6e
📄 Embed sayfa içeriği alındı, boyut: 39863 karakter
🎬 Video Başlığı: Only Murders in the Building
📝 Video Açıklaması: 5.Sezon 9.Bölüm
🎯 Tam Başlık: Only Murders in the Building - 5.Sezon 9.Bölüm
🎯 HEX DECODE - m3u8 bulundu: https://vidlax.xyz/upload/224b38241352017b79f8e99e87eca3dc40ce/master.m3u8
      ✅ Only Murders in the Building - 5.Sezon 9.Bölüm - 1 m3u8
   🔍 [12/12] Bölüm: https://diziyiizle2.com/mahsun-j-12/2-sezon-12-bolum/
📺 Embed URL bulundu: https://www.youtube.com/embed/f0xEeMszr4M
🔍 Embed URL kontrol ediliyor: https://www.youtube.com/embed/f0xEeMszr4M
📄 Embed sayfa içeriği alındı, boyut: 158512 karakter

🔍 Vidlax direkt analizi: https://www.youtube.com/embed/f0xEeMszr4M
📄 Sayfa içeriği alındı: 120289 karakter
❌ m3u8 URL'si bulunamadı

🔍 Vidlax direkt analizi: https://diziyiizle2.com/mahsun-j-12/2-sezon-12-bolum/
📄 Sayfa içeriği alındı: 111428 karakter
❌ m3u8 URL'si bulunamadı
      ❌ m3u8 bulunamadı
      📁 Dizi playlist: playlists/var_bunlar_izle_14_playlist.m3u
   ✅ Dizi tamamlandı: 10 m3u8 eklendi

============================================================
🎬 [31/56] İşleniyor: https://diziyiizle2.com/dizi/prens-izle-4/
📺 Bölüm bulundu: 1. Sezon 1. BölümDual10.08.202538 dk. - https://diziyiizle2.com/prens-izle-4/1-sezon-1-bolum/
📺 Bölüm bulundu: 1. Sezon 2. BölümDual10.08.202539 dk. - https://diziyiizle2.com/prens-izle-4/1-sezon-2-bolum/
📺 Bölüm bulundu: 1. Sezon 3. BölümDual10.08.202545 dk. - https://diziyiizle2.com/prens-izle-4/1-sezon-3-bolum/
📺 Bölüm bulundu: 1. Sezon 4. BölümDual10.08.202548 dk. - https://diziyiizle2.com/prens-izle-4/1-sezon-4-bolum/
📺 Bölüm bulundu: 1. Sezon 5. BölümDual10.08.202544 dk. - https://diziyiizle2.com/prens-izle-4/1-sezon-5-bolum/
📺 Bölüm bulundu: 1. Sezon 6. BölümDual10.08.202539 dk. - https://diziyiizle2.com/prens-izle-4/1-sezon-6-bolum/
📺 Bölüm bulundu: 1. Sezon 7. BölümDual10.08.202541 dk. - https://diziyiizle2.com/prens-izle-4/1-sezon-7-bolum/
📺 Bölüm bulundu: 1. Sezon 8. BölümDual10.08.202549 dk. - https://diziyiizle2.com/prens-izle-4/1-sezon-8-bolum/
📺 Bölüm bulundu: 2. Sezon 1. BölümDual10.08.202542 dk. - https://diziyiizle2.com/prens-izle-4/2-sezon-1-bolum/
📺 Bölüm bulundu: 2. Sezon 2. BölümDual10.08.202546 dk. - https://diziyiizle2.com/prens-izle-4/2-sezon-2-bolum/
📺 Bölüm bulundu: 2. Sezon 3. BölümDual10.08.202543 dk. - https://diziyiizle2.com/prens-izle-4/2-sezon-3-bolum/
📺 Bölüm bulundu: 2. Sezon 4. BölümDual10.08.202542 dk. - https://diziyiizle2.com/prens-izle-4/2-sezon-4-bolum/
📺 Bölüm bulundu: 2. Sezon 5. BölümDual10.08.202545 dk. - https://diziyiizle2.com/prens-izle-4/2-sezon-5-bolum/
📺 Bölüm bulundu: 2. Sezon 6. BölümDual10.08.202543 dk. - https://diziyiizle2.com/prens-izle-4/2-sezon-6-bolum/
📺 Bölüm bulundu: 2. Sezon 7. BölümDual10.08.202555 dk. - https://diziyiizle2.com/prens-izle-4/2-sezon-7-bolum/
📺 Bölüm bulundu: 3. Sezon 1. BölümDual10.08.202557 dk. - https://diziyiizle2.com/prens-izle-4/3-sezon-1-bolum/
📺 Bölüm bulundu: 3. Sezon 2. BölümDual10.08.202553 dk. - https://diziyiizle2.com/prens-izle-4/3-sezon-2-bolum/
📺 Bölüm bulundu: 3. Sezon 3. BölümDual10.08.202557 dk. - https://diziyiizle2.com/prens-izle-4/3-sezon-3-bolum/
📺 Bölüm bulundu: 3. Sezon 4. BölümAltyazılı10.08.202555 dk. - https://diziyiizle2.com/prens-izle-4/3-sezon-4-bolum/
📺 Bölüm bulundu: 3. Sezon 5. BölümDual10.08.202554 dk. - https://diziyiizle2.com/prens-izle-4/3-sezon-5-bolum/
📺 Bölüm bulundu: 3. Sezon 6. BölümDual10.08.202551 dk. - https://diziyiizle2.com/prens-izle-4/3-sezon-6-bolum/
📺 Bölüm bulundu: 3. Sezon 7. BölümDual10.08.202546 dk. - https://diziyiizle2.com/prens-izle-4/3-sezon-7-bolum/
📺 Bölüm bulundu: 3. Sezon 8. BölümDual10.08.202565 dk. - https://diziyiizle2.com/prens-izle-4/3-sezon-8-bolum/

📊 Toplam 23 bölüm bulundu
   🔍 [1/23] Bölüm: https://diziyiizle2.com/prens-izle-4/1-sezon-1-bolum/
📺 Embed URL bulundu: https://vidlax.xyz/embed/ea6baadf3a8eda54
🔍 Embed URL kontrol ediliyor: https://vidlax.xyz/embed/ea6baadf3a8eda54
📄 Embed sayfa içeriği alındı, boyut: 39701 karakter
🎬 Video Başlığı: Prens
📝 Video Açıklaması: 1.Sezon 1.Bölüm
🎯 Tam Başlık: Prens - 1.Sezon 1.Bölüm
🎯 HEX DECODE - m3u8 bulundu: https://vidlax.xyz/upload/39d518ba6fa697b00e80bf20ace59ad803ef/master.m3u8
      ✅ Prens - 1.Sezon 1.Bölüm - 1 m3u8
   🔍 [2/23] Bölüm: https://diziyiizle2.com/prens-izle-4/1-sezon-2-bolum/
📺 Embed URL bulundu: https://vidlax.xyz/embed/b7fffab06fae0ba6
🔍 Embed URL kontrol ediliyor: https://vidlax.xyz/embed/b7fffab06fae0ba6
📄 Embed sayfa içeriği alındı, boyut: 39701 karakter
🎬 Video Başlığı: Prens
📝 Video Açıklaması: 1.Sezon 2.Bölüm
🎯 Tam Başlık: Prens - 1.Sezon 2.Bölüm
🎯 HEX DECODE - m3u8 bulundu: https://vidlax.xyz/upload/dd56dc18ca0e5142d72f75be82249e5db57d/master.m3u8
      ✅ Prens - 1.Sezon 2.Bölüm - 1 m3u8
   🔍 [3/23] Bölüm: https://diziyiizle2.com/prens-izle-4/1-sezon-3-bolum/
📺 Embed URL bulundu: https://vidlax.xyz/embed/c36abd0347fe7904
🔍 Embed URL kontrol ediliyor: https://vidlax.xyz/embed/c36abd0347fe7904
📄 Embed sayfa içeriği alındı, boyut: 39701 karakter
🎬 Video Başlığı: Prens
📝 Video Açıklaması: 1.Sezon 3.Bölüm
🎯 Tam Başlık: Prens - 1.Sezon 3.Bölüm
🎯 HEX DECODE - m3u8 bulundu: https://vidlax.xyz/upload/ef1e9eca92cbc4ccfbdc8a49f6df9620f46e/master.m3u8
      ✅ Prens - 1.Sezon 3.Bölüm - 1 m3u8
   🔍 [4/23] Bölüm: https://diziyiizle2.com/prens-izle-4/1-sezon-4-bolum/
📺 Embed URL bulundu: https://vidlax.xyz/embed/bc93ad37ebb774c0
🔍 Embed URL kontrol ediliyor: https://vidlax.xyz/embed/bc93ad37ebb774c0
📄 Embed sayfa içeriği alındı, boyut: 39701 karakter
🎬 Video Başlığı: Prens
📝 Video Açıklaması: 1.Sezon 4.Bölüm
🎯 Tam Başlık: Prens - 1.Sezon 4.Bölüm
🎯 HEX DECODE - m3u8 bulundu: https://vidlax.xyz/upload/82e56027c903368e6e1a69aa35dfee766f66/master.m3u8
      ✅ Prens - 1.Sezon 4.Bölüm - 1 m3u8
   🔍 [5/23] Bölüm: https://diziyiizle2.com/prens-izle-4/1-sezon-5-bolum/
📺 Embed URL bulundu: https://vidlax.xyz/embed/8a02dbd273505a8b
🔍 Embed URL kontrol ediliyor: https://vidlax.xyz/embed/8a02dbd273505a8b
📄 Embed sayfa içeriği alındı, boyut: 39701 karakter
🎬 Video Başlığı: Prens
📝 Video Açıklaması: 1.Sezon 5.Bölüm
🎯 Tam Başlık: Prens - 1.Sezon 5.Bölüm
🎯 HEX DECODE - m3u8 bulundu: https://vidlax.xyz/upload/0a73e6f2502488cf58058b2df6775c8a6dea/master.m3u8
      ✅ Prens - 1.Sezon 5.Bölüm - 1 m3u8
   🔍 [6/23] Bölüm: https://diziyiizle2.com/prens-izle-4/1-sezon-6-bolum/
📺 Embed URL bulundu: https://vidlax.xyz/embed/101a24d32814d075
🔍 Embed URL kontrol ediliyor: https://vidlax.xyz/embed/101a24d32814d075
📄 Embed sayfa içeriği alındı, boyut: 39701 karakter
🎬 Video Başlığı: Prens
📝 Video Açıklaması: 1.Sezon 6.Bölüm
🎯 Tam Başlık: Prens - 1.Sezon 6.Bölüm
🎯 HEX DECODE - m3u8 bulundu: https://vidlax.xyz/upload/edcebac5ffb7c31392006fe02b6c6066d204/master.m3u8
      ✅ Prens - 1.Sezon 6.Bölüm - 1 m3u8
   🔍 [7/23] Bölüm: https://diziyiizle2.com/prens-izle-4/1-sezon-7-bolum/
📺 Embed URL bulundu: https://vidlax.xyz/embed/40cfaf57a20c3d9f
🔍 Embed URL kontrol ediliyor: https://vidlax.xyz/embed/40cfaf57a20c3d9f
📄 Embed sayfa içeriği alındı, boyut: 39701 karakter
🎬 Video Başlığı: Prens
📝 Video Açıklaması: 1.Sezon 7.Bölüm
🎯 Tam Başlık: Prens - 1.Sezon 7.Bölüm
🎯 HEX DECODE - m3u8 bulundu: https://vidlax.xyz/upload/325a05aa777a0f61f95f5f892a9b6771b0f3/master.m3u8
      ✅ Prens - 1.Sezon 7.Bölüm - 1 m3u8
   🔍 [8/23] Bölüm: https://diziyiizle2.com/prens-izle-4/1-sezon-8-bolum/
📺 Embed URL bulundu: https://vidlax.xyz/embed/b307773309f2fcd5
🔍 Embed URL kontrol ediliyor: https://vidlax.xyz/embed/b307773309f2fcd5
📄 Embed sayfa içeriği alındı, boyut: 39716 karakter
🎬 Video Başlığı: Prens
📝 Video Açıklaması: 1.Sezon 8.Bölüm | Sezon Finali
🎯 Tam Başlık: Prens - 1.Sezon 8.Bölüm | Sezon Finali
🎯 HEX DECODE - m3u8 bulundu: https://vidlax.xyz/upload/36083be07889b1afdbcad8d2e95119741a53/master.m3u8
      ✅ Prens - 1.Sezon 8.Bölüm | Sezon Finali - 1 m3u8
   🔍 [9/23] Bölüm: https://diziyiizle2.com/prens-izle-4/2-sezon-1-bolum/
📺 Embed URL bulundu: https://vidlax.xyz/embed/3331980f19a9a7f6
🔍 Embed URL kontrol ediliyor: https://vidlax.xyz/embed/3331980f19a9a7f6
📄 Embed sayfa içeriği alındı, boyut: 39701 karakter
🎬 Video Başlığı: Prens
📝 Video Açıklaması: 2.Sezon 1.Bölüm
🎯 Tam Başlık: Prens - 2.Sezon 1.Bölüm
🎯 HEX DECODE - m3u8 bulundu: https://vidlax.xyz/upload/282c6f5a0e1402e31586b05021e36acb5e33/master.m3u8
      ✅ Prens - 2.Sezon 1.Bölüm - 1 m3u8
   🔍 [10/23] Bölüm: https://diziyiizle2.com/prens-izle-4/2-sezon-2-bolum/
📺 Embed URL bulundu: https://vidlax.xyz/embed/bf9616a746e11031
🔍 Embed URL kontrol ediliyor: https://vidlax.xyz/embed/bf9616a746e11031
📄 Embed sayfa içeriği alındı, boyut: 39701 karakter
🎬 Video Başlığı: Prens
📝 Video Açıklaması: 2.Sezon 2.Bölüm
🎯 Tam Başlık: Prens - 2.Sezon 2.Bölüm
🎯 HEX DECODE - m3u8 bulundu: https://vidlax.xyz/upload/77a0416fb85930414a46acc75a6e5171f477/master.m3u8
      ✅ Prens - 2.Sezon 2.Bölüm - 1 m3u8
   🔍 [11/23] Bölüm: https://diziyiizle2.com/prens-izle-4/2-sezon-3-bolum/
📺 Embed URL bulundu: https://vidlax.xyz/embed/7931d085cacd578d
🔍 Embed URL kontrol ediliyor: https://vidlax.xyz/embed/7931d085cacd578d
📄 Embed sayfa içeriği alındı, boyut: 39701 karakter
🎬 Video Başlığı: Prens
📝 Video Açıklaması: 2.Sezon 3.Bölüm
🎯 Tam Başlık: Prens - 2.Sezon 3.Bölüm
🎯 HEX DECODE - m3u8 bulundu: https://vidlax.xyz/upload/8bb212d4c0e1d9a58d2d9a1c687e31c98098/master.m3u8
      ✅ Prens - 2.Sezon 3.Bölüm - 1 m3u8
   🔍 [12/23] Bölüm: https://diziyiizle2.com/prens-izle-4/2-sezon-4-bolum/
📺 Embed URL bulundu: https://vidlax.xyz/embed/ae3bce3193ac7b42
🔍 Embed URL kontrol ediliyor: https://vidlax.xyz/embed/ae3bce3193ac7b42
📄 Embed sayfa içeriği alındı, boyut: 39701 karakter
🎬 Video Başlığı: Prens
📝 Video Açıklaması: 2.Sezon 4.Bölüm
🎯 Tam Başlık: Prens - 2.Sezon 4.Bölüm
🎯 HEX DECODE - m3u8 bulundu: https://vidlax.xyz/upload/4271ba4a9474d51511d21c8c42f6495c7e96/master.m3u8
      ✅ Prens - 2.Sezon 4.Bölüm - 1 m3u8
   🔍 [13/23] Bölüm: https://diziyiizle2.com/prens-izle-4/2-sezon-5-bolum/
📺 Embed URL bulundu: https://vidlax.xyz/embed/15cd05a347502dba
🔍 Embed URL kontrol ediliyor: https://vidlax.xyz/embed/15cd05a347502dba
📄 Embed sayfa içeriği alındı, boyut: 39701 karakter
🎬 Video Başlığı: Prens
📝 Video Açıklaması: 2.Sezon 5.Bölüm
🎯 Tam Başlık: Prens - 2.Sezon 5.Bölüm
🎯 HEX DECODE - m3u8 bulundu: https://vidlax.xyz/upload/339421e5e4e7be6fce4071605cebb5232181/master.m3u8
      ✅ Prens - 2.Sezon 5.Bölüm - 1 m3u8
   🔍 [14/23] Bölüm: https://diziyiizle2.com/prens-izle-4/2-sezon-6-bolum/
📺 Embed URL bulundu: https://vidlax.xyz/embed/28bf20484047c4cb
🔍 Embed URL kontrol ediliyor: https://vidlax.xyz/embed/28bf20484047c4cb
📄 Embed sayfa içeriği alındı, boyut: 39701 karakter
🎬 Video Başlığı: Prens
📝 Video Açıklaması: 2.Sezon 6.Bölüm
🎯 Tam Başlık: Prens - 2.Sezon 6.Bölüm
🎯 HEX DECODE - m3u8 bulundu: https://vidlax.xyz/upload/486a3caa9366a7c695301bff50386b0f0423/master.m3u8
      ✅ Prens - 2.Sezon 6.Bölüm - 1 m3u8
   🔍 [15/23] Bölüm: https://diziyiizle2.com/prens-izle-4/2-sezon-7-bolum/
📺 Embed URL bulundu: https://vidlax.xyz/embed/3750cb0618b69a76
🔍 Embed URL kontrol ediliyor: https://vidlax.xyz/embed/3750cb0618b69a76
📄 Embed sayfa içeriği alındı, boyut: 39701 karakter
🎬 Video Başlığı: Prens
📝 Video Açıklaması: 2.Sezon 7.Bölüm
🎯 Tam Başlık: Prens - 2.Sezon 7.Bölüm
🎯 HEX DECODE - m3u8 bulundu: https://vidlax.xyz/upload/f46ae2fd84871dde2ed87ba886363ca47ad3/master.m3u8
      ✅ Prens - 2.Sezon 7.Bölüm - 1 m3u8
   🔍 [16/23] Bölüm: https://diziyiizle2.com/prens-izle-4/3-sezon-1-bolum/
📺 Embed URL bulundu: https://vidlax.xyz/embed/98299665ddc2d22c
🔍 Embed URL kontrol ediliyor: https://vidlax.xyz/embed/98299665ddc2d22c
📄 Embed sayfa içeriği alındı, boyut: 39878 karakter
🎬 Video Başlığı: Prens
📝 Video Açıklaması: 3.Sezon 1.Bölüm
🎯 Tam Başlık: Prens - 3.Sezon 1.Bölüm
🎯 HEX DECODE - m3u8 bulundu: https://vidlax.xyz/upload/f9a39d25d11c0551ec0873c9293653c24634/master.m3u8
      ✅ Prens - 3.Sezon 1.Bölüm - 1 m3u8
   🔍 [17/23] Bölüm: https://diziyiizle2.com/prens-izle-4/3-sezon-2-bolum/
📺 Embed URL bulundu: https://vidlax.xyz/embed/7ffc27ae59479268
🔍 Embed URL kontrol ediliyor: https://vidlax.xyz/embed/7ffc27ae59479268
📄 Embed sayfa içeriği alındı, boyut: 39859 karakter
🎬 Video Başlığı: Prens
📝 Video Açıklaması: 3.Sezon 2.Bölüm
🎯 Tam Başlık: Prens - 3.Sezon 2.Bölüm
🎯 HEX DECODE - m3u8 bulundu: https://vidlax.xyz/upload/cc250932ae61e373b483ddbb5c0dfb3a351d/master.m3u8
      ✅ Prens - 3.Sezon 2.Bölüm - 1 m3u8
   🔍 [18/23] Bölüm: https://diziyiizle2.com/prens-izle-4/3-sezon-3-bolum/
📺 Embed URL bulundu: https://vidlax.xyz/embed/eadc2905b25812c8
🔍 Embed URL kontrol ediliyor: https://vidlax.xyz/embed/eadc2905b25812c8
📄 Embed sayfa içeriği alındı, boyut: 39878 karakter
🎬 Video Başlığı: Prens
📝 Video Açıklaması: 3.Sezon 3.Bölüm
🎯 Tam Başlık: Prens - 3.Sezon 3.Bölüm
🎯 HEX DECODE - m3u8 bulundu: https://vidlax.xyz/upload/9cde99a3192e81ea6a4300de5beb34bd8b93/master.m3u8
      ✅ Prens - 3.Sezon 3.Bölüm - 1 m3u8
   🔍 [19/23] Bölüm: https://diziyiizle2.com/prens-izle-4/3-sezon-4-bolum/

🔍 Vidlax direkt analizi: https://diziyiizle2.com/prens-izle-4/3-sezon-4-bolum/
📄 Sayfa içeriği alındı: 115868 karakter
❌ m3u8 URL'si bulunamadı
      ❌ m3u8 bulunamadı
   🔍 [20/23] Bölüm: https://diziyiizle2.com/prens-izle-4/3-sezon-5-bolum/
📺 Embed URL bulundu: https://vidlax.xyz/embed/9b86bd3041dcc758
🔍 Embed URL kontrol ediliyor: https://vidlax.xyz/embed/9b86bd3041dcc758
📄 Embed sayfa içeriği alındı, boyut: 39869 karakter
🎬 Video Başlığı: Prens
📝 Video Açıklaması: 3.Sezon 5.Bölüm
🎯 Tam Başlık: Prens - 3.Sezon 5.Bölüm
🎯 HEX DECODE - m3u8 bulundu: https://vidlax.xyz/upload/10fa5533ce9ec4e04f58d40c7b7fdbb37dc1/master.m3u8
      ✅ Prens - 3.Sezon 5.Bölüm - 1 m3u8
   🔍 [21/23] Bölüm: https://diziyiizle2.com/prens-izle-4/3-sezon-6-bolum/
📺 Embed URL bulundu: https://vidlax.xyz/embed/71923198391429a6
🔍 Embed URL kontrol ediliyor: https://vidlax.xyz/embed/71923198391429a6
📄 Embed sayfa içeriği alındı, boyut: 40046 karakter
🎬 Video Başlığı: Prens
📝 Video Açıklaması: 3.Sezon 6.Bölüm
🎯 Tam Başlık: Prens - 3.Sezon 6.Bölüm
🎯 HEX DECODE - m3u8 bulundu: https://vidlax.xyz/upload/7e0d0c14ec48a77fd3ade353ef60f080ba71/master.m3u8
      ✅ Prens - 3.Sezon 6.Bölüm - 1 m3u8
   🔍 [22/23] Bölüm: https://diziyiizle2.com/prens-izle-4/3-sezon-7-bolum/
📺 Embed URL bulundu: https://vidlax.xyz/embed/a8b8d1cc111d451d
🔍 Embed URL kontrol ediliyor: https://vidlax.xyz/embed/a8b8d1cc111d451d
📄 Embed sayfa içeriği alındı, boyut: 40046 karakter
🎬 Video Başlığı: Prens
📝 Video Açıklaması: 3.Sezon 7.Bölüm
🎯 Tam Başlık: Prens - 3.Sezon 7.Bölüm
🎯 HEX DECODE - m3u8 bulundu: https://vidlax.xyz/upload/54a99c0fb0ca90ada551079258b3c6b9a521/master.m3u8
      ✅ Prens - 3.Sezon 7.Bölüm - 1 m3u8
   🔍 [23/23] Bölüm: https://diziyiizle2.com/prens-izle-4/3-sezon-8-bolum/
📺 Embed URL bulundu: https://vidlax.xyz/embed/ebfcbadf25b631a0
🔍 Embed URL kontrol ediliyor: https://vidlax.xyz/embed/ebfcbadf25b631a0
📄 Embed sayfa içeriği alındı, boyut: 40046 karakter
🎬 Video Başlığı: Prens
📝 Video Açıklaması: 3.Sezon 8.Bölüm
🎯 Tam Başlık: Prens - 3.Sezon 8.Bölüm
🎯 HEX DECODE - m3u8 bulundu: https://vidlax.xyz/upload/bb45de0cf8132ba9c123f2f5d44db101b9b5/master.m3u8
      ✅ Prens - 3.Sezon 8.Bölüm - 1 m3u8
      📁 Dizi playlist: playlists/prens_izle_4_playlist.m3u
   ✅ Dizi tamamlandı: 22 m3u8 eklendi

============================================================
🎬 [32/56] İşleniyor: https://diziyiizle2.com/dizi/boots/
📺 Bölüm bulundu: 1. Sezon 1. BölümDublaj09.10.202541 dk. - https://diziyiizle2.com/boots/1-sezon-1-bolum/
📺 Bölüm bulundu: 1. Sezon 2. BölümDublaj09.10.202540 dk. - https://diziyiizle2.com/boots/1-sezon-2-bolum/
📺 Bölüm bulundu: 1. Sezon 3. BölümDublaj09.10.202543 dk. - https://diziyiizle2.com/boots/1-sezon-3-bolum/
📺 Bölüm bulundu: 1. Sezon 4. BölümDublaj09.10.202542 dk. - https://diziyiizle2.com/boots/1-sezon-4-bolum/
📺 Bölüm bulundu: 1. Sezon 5. BölümDublaj09.10.202546 dk. - https://diziyiizle2.com/boots/1-sezon-5-bolum/
📺 Bölüm bulundu: 1. Sezon 6. BölümDublaj09.10.202540 dk. - https://diziyiizle2.com/boots/1-sezon-6-bolum/
📺 Bölüm bulundu: 1. Sezon 7. BölümDublaj09.10.202545 dk. - https://diziyiizle2.com/boots/1-sezon-7-bolum/
📺 Bölüm bulundu: 1. Sezon 8. BölümDublaj09.10.202550 dk. - https://diziyiizle2.com/boots/1-sezon-8-bolum/

📊 Toplam 8 bölüm bulundu
   🔍 [1/8] Bölüm: https://diziyiizle2.com/boots/1-sezon-1-bolum/
📺 Embed URL bulundu: https://vidlax.xyz/embed/afb105cbea0cb7a8
🔍 Embed URL kontrol ediliyor: https://vidlax.xyz/embed/afb105cbea0cb7a8
📄 Embed sayfa içeriği alındı, boyut: 40911 karakter
🎬 Video Başlığı: Boots
📝 Video Açıklaması: 1.Sezon 1.Bölüm
🎯 Tam Başlık: Boots - 1.Sezon 1.Bölüm
🎯 HEX DECODE - m3u8 bulundu: https://vidlax.xyz/upload/e1f07b111a77493e396c0bf84cd65b1ebdad/master.m3u8
      ✅ Boots - 1.Sezon 1.Bölüm - 1 m3u8
   🔍 [2/8] Bölüm: https://diziyiizle2.com/boots/1-sezon-2-bolum/
📺 Embed URL bulundu: https://vidlax.xyz/embed/3caf1ca45cafb0d6
🔍 Embed URL kontrol ediliyor: https://vidlax.xyz/embed/3caf1ca45cafb0d6
📄 Embed sayfa içeriği alındı, boyut: 40736 karakter
🎬 Video Başlığı: Boots
📝 Video Açıklaması: 1.Sezon 2.Bölüm
🎯 Tam Başlık: Boots - 1.Sezon 2.Bölüm
🎯 HEX DECODE - m3u8 bulundu: https://vidlax.xyz/upload/f436fa4bc332789b40ed47d7c05b59bec9c8/master.m3u8
      ✅ Boots - 1.Sezon 2.Bölüm - 1 m3u8
   🔍 [3/8] Bölüm: https://diziyiizle2.com/boots/1-sezon-3-bolum/
📺 Embed URL bulundu: https://vidlax.xyz/embed/0e71a3fdf0b38a4a
🔍 Embed URL kontrol ediliyor: https://vidlax.xyz/embed/0e71a3fdf0b38a4a
📄 Embed sayfa içeriği alındı, boyut: 40911 karakter
🎬 Video Başlığı: Boots
📝 Video Açıklaması: 1.Sezon 3.Bölüm
🎯 Tam Başlık: Boots - 1.Sezon 3.Bölüm
🎯 HEX DECODE - m3u8 bulundu: https://vidlax.xyz/upload/2393431d22e954ebb62c9e9353f551736ede/master.m3u8
      ✅ Boots - 1.Sezon 3.Bölüm - 1 m3u8
   🔍 [4/8] Bölüm: https://diziyiizle2.com/boots/1-sezon-4-bolum/
📺 Embed URL bulundu: https://vidlax.xyz/embed/7bf7e42890b21ab9
🔍 Embed URL kontrol ediliyor: https://vidlax.xyz/embed/7bf7e42890b21ab9
📄 Embed sayfa içeriği alındı, boyut: 40911 karakter
🎬 Video Başlığı: Boots
📝 Video Açıklaması: 1.Sezon 4.Bölüm
🎯 Tam Başlık: Boots - 1.Sezon 4.Bölüm
🎯 HEX DECODE - m3u8 bulundu: https://vidlax.xyz/upload/8567db5f36c2ea31dab5d4b725622cc13815/master.m3u8
      ✅ Boots - 1.Sezon 4.Bölüm - 1 m3u8
   🔍 [5/8] Bölüm: https://diziyiizle2.com/boots/1-sezon-5-bolum/
📺 Embed URL bulundu: https://vidlax.xyz/embed/6ec4c07fa073135e
🔍 Embed URL kontrol ediliyor: https://vidlax.xyz/embed/6ec4c07fa073135e
📄 Embed sayfa içeriği alındı, boyut: 40911 karakter
🎬 Video Başlığı: Boots
📝 Video Açıklaması: 1.Sezon 5.Bölüm
🎯 Tam Başlık: Boots - 1.Sezon 5.Bölüm
🎯 HEX DECODE - m3u8 bulundu: https://vidlax.xyz/upload/f3b7ca52398a405e32fb19b4c3b2a143c466/master.m3u8
      ✅ Boots - 1.Sezon 5.Bölüm - 1 m3u8
   🔍 [6/8] Bölüm: https://diziyiizle2.com/boots/1-sezon-6-bolum/
📺 Embed URL bulundu: https://vidlax.xyz/embed/a799a7ae059cccf8
🔍 Embed URL kontrol ediliyor: https://vidlax.xyz/embed/a799a7ae059cccf8
📄 Embed sayfa içeriği alındı, boyut: 40911 karakter
🎬 Video Başlığı: Boots
📝 Video Açıklaması: 1.Sezon 6.Bölüm
🎯 Tam Başlık: Boots - 1.Sezon 6.Bölüm
🎯 HEX DECODE - m3u8 bulundu: https://vidlax.xyz/upload/daaae5671a5e262e2a35524861bc6d5aa46d/master.m3u8
      ✅ Boots - 1.Sezon 6.Bölüm - 1 m3u8
   🔍 [7/8] Bölüm: https://diziyiizle2.com/boots/1-sezon-7-bolum/
📺 Embed URL bulundu: https://vidlax.xyz/embed/f698922711515bdc
🔍 Embed URL kontrol ediliyor: https://vidlax.xyz/embed/f698922711515bdc
📄 Embed sayfa içeriği alındı, boyut: 40911 karakter
🎬 Video Başlığı: Boots
📝 Video Açıklaması: 1.Sezon 7.Bölüm
🎯 Tam Başlık: Boots - 1.Sezon 7.Bölüm
🎯 HEX DECODE - m3u8 bulundu: https://vidlax.xyz/upload/f91bfef6b24db23832dac842bb7161ffff88/master.m3u8
      ✅ Boots - 1.Sezon 7.Bölüm - 1 m3u8
   🔍 [8/8] Bölüm: https://diziyiizle2.com/boots/1-sezon-8-bolum/
📺 Embed URL bulundu: https://vidlax.xyz/embed/d8c73c68ae790a65
🔍 Embed URL kontrol ediliyor: https://vidlax.xyz/embed/d8c73c68ae790a65
📄 Embed sayfa içeriği alındı, boyut: 40911 karakter
🎬 Video Başlığı: Boots
📝 Video Açıklaması: 1.Sezon 8.Bölüm
🎯 Tam Başlık: Boots - 1.Sezon 8.Bölüm
🎯 HEX DECODE - m3u8 bulundu: https://vidlax.xyz/upload/9a829ad40e500ac57a482dacf65420ae0437/master.m3u8
      ✅ Boots - 1.Sezon 8.Bölüm - 1 m3u8
      📁 Dizi playlist: playlists/boots_playlist.m3u
   ✅ Dizi tamamlandı: 8 m3u8 eklendi

============================================================
🎬 [33/56] İşleniyor: https://diziyiizle2.com/dizi/victoria-beckham/
📺 Bölüm bulundu: 1. Sezon 1. BölümDublaj09.10.2025 - https://diziyiizle2.com/victoria-beckham/1-sezon-1-bolum/
📺 Bölüm bulundu: 1. Sezon 2. BölümDublaj09.10.2025 - https://diziyiizle2.com/victoria-beckham/1-sezon-2-bolum/
📺 Bölüm bulundu: 1. Sezon 3. BölümDublaj09.10.2025 - https://diziyiizle2.com/victoria-beckham/1-sezon-3-bolum/

📊 Toplam 3 bölüm bulundu
   🔍 [1/3] Bölüm: https://diziyiizle2.com/victoria-beckham/1-sezon-1-bolum/
📺 Embed URL bulundu: https://vidlax.xyz/embed/097b65ea694008b2
🔍 Embed URL kontrol ediliyor: https://vidlax.xyz/embed/097b65ea694008b2
📄 Embed sayfa içeriği alındı, boyut: 41057 karakter
🎬 Video Başlığı: Victoria Beckham
📝 Video Açıklaması: 1.Sezon 1.Bölüm
🎯 Tam Başlık: Victoria Beckham - 1.Sezon 1.Bölüm
🎯 HEX DECODE - m3u8 bulundu: https://vidlax.xyz/upload/40da2d4c96c974e0a8dfbe70638d176e1309/master.m3u8
      ✅ Victoria Beckham - 1.Sezon 1.Bölüm - 1 m3u8
   🔍 [2/3] Bölüm: https://diziyiizle2.com/victoria-beckham/1-sezon-2-bolum/
📺 Embed URL bulundu: https://vidlax.xyz/embed/c48ef4021a91ee51
🔍 Embed URL kontrol ediliyor: https://vidlax.xyz/embed/c48ef4021a91ee51
📄 Embed sayfa içeriği alındı, boyut: 40920 karakter
🎬 Video Başlığı: Victoria Beckham
📝 Video Açıklaması: 1.Sezon 2.Bölüm
🎯 Tam Başlık: Victoria Beckham - 1.Sezon 2.Bölüm
🎯 HEX DECODE - m3u8 bulundu: https://vidlax.xyz/upload/3e22dc9f143f787ac0c2fb2144e0d49929ff/master.m3u8
      ✅ Victoria Beckham - 1.Sezon 2.Bölüm - 1 m3u8
   🔍 [3/3] Bölüm: https://diziyiizle2.com/victoria-beckham/1-sezon-3-bolum/
📺 Embed URL bulundu: https://vidlax.xyz/embed/660d3178aca23658
🔍 Embed URL kontrol ediliyor: https://vidlax.xyz/embed/660d3178aca23658
📄 Embed sayfa içeriği alındı, boyut: 40920 karakter
🎬 Video Başlığı: Victoria Beckham
📝 Video Açıklaması: 1.Sezon 3.Bölüm
🎯 Tam Başlık: Victoria Beckham - 1.Sezon 3.Bölüm
🎯 HEX DECODE - m3u8 bulundu: https://vidlax.xyz/upload/672af83eb566980b6ece5598dc873e500ea9/master.m3u8
      ✅ Victoria Beckham - 1.Sezon 3.Bölüm - 1 m3u8
      📁 Dizi playlist: playlists/victoria_beckham_playlist.m3u
   ✅ Dizi tamamlandı: 3 m3u8 eklendi

============================================================
🎬 [34/56] İşleniyor: https://diziyiizle2.com/dizi/les-disparues-de-la-gare/
📺 Bölüm bulundu: 1. Sezon 1. BölümDublaj09.10.202552 dk. - https://diziyiizle2.com/les-disparues-de-la-gare/1-sezon-1-bolum/
📺 Bölüm bulundu: 1. Sezon 2. BölümDublaj09.10.202552 dk. - https://diziyiizle2.com/les-disparues-de-la-gare/1-sezon-2-bolum/
📺 Bölüm bulundu: 1. Sezon 3. BölümAltyazılı09.10.202552 dk. - https://diziyiizle2.com/les-disparues-de-la-gare/1-sezon-3-bolum/
📺 Bölüm bulundu: 1. Sezon 4. BölümDublaj09.10.202552 dk. - https://diziyiizle2.com/les-disparues-de-la-gare/1-sezon-4-bolum/
📺 Bölüm bulundu: 1. Sezon 5. BölümDublaj09.10.202552 dk. - https://diziyiizle2.com/les-disparues-de-la-gare/1-sezon-5-bolum/
📺 Bölüm bulundu: 1. Sezon 6. BölümDublaj09.10.202552 dk. - https://diziyiizle2.com/les-disparues-de-la-gare/1-sezon-6-bolum/

📊 Toplam 6 bölüm bulundu
   🔍 [1/6] Bölüm: https://diziyiizle2.com/les-disparues-de-la-gare/1-sezon-1-bolum/
📺 Embed URL bulundu: https://vidlax.xyz/embed/6b6265fc812aef55
🔍 Embed URL kontrol ediliyor: https://vidlax.xyz/embed/6b6265fc812aef55
📄 Embed sayfa içeriği alındı, boyut: 41451 karakter
🎬 Video Başlığı: The Lost Station Girls
📝 Video Açıklaması: 1.Sezon 1.Bölüm
🎯 Tam Başlık: The Lost Station Girls - 1.Sezon 1.Bölüm
🎯 HEX DECODE - m3u8 bulundu: https://vidlax.xyz/upload/d610988f5e0fc84c12f7ec0bdae75157de83/master.m3u8
      ✅ The Lost Station Girls - 1.Sezon 1.Bölüm - 1 m3u8
   🔍 [2/6] Bölüm: https://diziyiizle2.com/les-disparues-de-la-gare/1-sezon-2-bolum/
📺 Embed URL bulundu: https://vidlax.xyz/embed/4141b5f4c495c07b
🔍 Embed URL kontrol ediliyor: https://vidlax.xyz/embed/4141b5f4c495c07b
📄 Embed sayfa içeriği alındı, boyut: 41257 karakter
🎬 Video Başlığı: The Lost Station Girls
📝 Video Açıklaması: 1.Sezon 2.Bölüm
🎯 Tam Başlık: The Lost Station Girls - 1.Sezon 2.Bölüm
🎯 HEX DECODE - m3u8 bulundu: https://vidlax.xyz/upload/39a20e6dec0dc9df8211f463d73ce1a5eb8c/master.m3u8
      ✅ The Lost Station Girls - 1.Sezon 2.Bölüm - 1 m3u8
   🔍 [3/6] Bölüm: https://diziyiizle2.com/les-disparues-de-la-gare/1-sezon-3-bolum/

🔍 Vidlax direkt analizi: https://diziyiizle2.com/les-disparues-de-la-gare/1-sezon-3-bolum/
📄 Sayfa içeriği alındı: 93226 karakter
❌ m3u8 URL'si bulunamadı
      ❌ m3u8 bulunamadı
   🔍 [4/6] Bölüm: https://diziyiizle2.com/les-disparues-de-la-gare/1-sezon-4-bolum/
📺 Embed URL bulundu: https://vidlax.xyz/embed/2b965bee6e14405f
🔍 Embed URL kontrol ediliyor: https://vidlax.xyz/embed/2b965bee6e14405f
📄 Embed sayfa içeriği alındı, boyut: 41451 karakter
🎬 Video Başlığı: The Lost Station Girls
📝 Video Açıklaması: 1.Sezon 4.Bölüm
🎯 Tam Başlık: The Lost Station Girls - 1.Sezon 4.Bölüm
🎯 HEX DECODE - m3u8 bulundu: https://vidlax.xyz/upload/fe82aace88327a53b9f85fa8f43c9b10fb8b/master.m3u8
      ✅ The Lost Station Girls - 1.Sezon 4.Bölüm - 1 m3u8
   🔍 [5/6] Bölüm: https://diziyiizle2.com/les-disparues-de-la-gare/1-sezon-5-bolum/
📺 Embed URL bulundu: https://vidlax.xyz/embed/84dc49e0481b46cc
🔍 Embed URL kontrol ediliyor: https://vidlax.xyz/embed/84dc49e0481b46cc
📄 Embed sayfa içeriği alındı, boyut: 41268 karakter
🎬 Video Başlığı: The Lost Station Girls
📝 Video Açıklaması: 1.Sezon 5.Bölüm
🎯 Tam Başlık: The Lost Station Girls - 1.Sezon 5.Bölüm
🎯 HEX DECODE - m3u8 bulundu: https://vidlax.xyz/upload/455dbed78a806e7595c286ed1655d819eeb9/master.m3u8
      ✅ The Lost Station Girls - 1.Sezon 5.Bölüm - 1 m3u8
   🔍 [6/6] Bölüm: https://diziyiizle2.com/les-disparues-de-la-gare/1-sezon-6-bolum/
📺 Embed URL bulundu: https://vidlax.xyz/embed/7f7eb063d80a70b0
🔍 Embed URL kontrol ediliyor: https://vidlax.xyz/embed/7f7eb063d80a70b0
📄 Embed sayfa içeriği alındı, boyut: 41257 karakter
🎬 Video Başlığı: The Lost Station Girls
📝 Video Açıklaması: 1.Sezon 6.Bölüm
🎯 Tam Başlık: The Lost Station Girls - 1.Sezon 6.Bölüm
🎯 HEX DECODE - m3u8 bulundu: https://vidlax.xyz/upload/4be4031137a3928faead7ec20f4b7f494d52/master.m3u8
      ✅ The Lost Station Girls - 1.Sezon 6.Bölüm - 1 m3u8
      📁 Dizi playlist: playlists/les_disparues_de_la_gare_playlist.m3u
   ✅ Dizi tamamlandı: 5 m3u8 eklendi

============================================================
🎬 [35/56] İşleniyor: https://diziyiizle2.com/dizi/is-it-cake-halloween/
📺 Bölüm bulundu: 1. Sezon 1. BölümDublaj09.10.202541 dk. - https://diziyiizle2.com/is-it-cake-halloween/1-sezon-1-bolum/
📺 Bölüm bulundu: 1. Sezon 2. BölümDublaj09.10.202539 dk. - https://diziyiizle2.com/is-it-cake-halloween/1-sezon-2-bolum/
📺 Bölüm bulundu: 1. Sezon 3. BölümDublaj09.10.202541 dk. - https://diziyiizle2.com/is-it-cake-halloween/1-sezon-3-bolum/
📺 Bölüm bulundu: 1. Sezon 4. BölümDublaj09.10.202535 dk. - https://diziyiizle2.com/is-it-cake-halloween/1-sezon-4-bolum/

📊 Toplam 4 bölüm bulundu
   🔍 [1/4] Bölüm: https://diziyiizle2.com/is-it-cake-halloween/1-sezon-1-bolum/
📺 Embed URL bulundu: https://vidlax.xyz/embed/9fa49ac333bba15d
🔍 Embed URL kontrol ediliyor: https://vidlax.xyz/embed/9fa49ac333bba15d
📄 Embed sayfa içeriği alındı, boyut: 42806 karakter
🎬 Video Başlığı: Is It Cake? Halloween
📝 Video Açıklaması: 1.Sezon 1.Bölüm
🎯 Tam Başlık: Is It Cake? Halloween - 1.Sezon 1.Bölüm
🎯 HEX DECODE - m3u8 bulundu: https://vidlax.xyz/upload/bceb66eb978d56ec995940c3e8198e7dcce8/master.m3u8
      ✅ Is It Cake? Halloween - 1.Sezon 1.Bölüm - 1 m3u8
   🔍 [2/4] Bölüm: https://diziyiizle2.com/is-it-cake-halloween/1-sezon-2-bolum/
📺 Embed URL bulundu: https://vidlax.xyz/embed/c9f6beb57ee746a4
🔍 Embed URL kontrol ediliyor: https://vidlax.xyz/embed/c9f6beb57ee746a4
📄 Embed sayfa içeriği alındı, boyut: 42806 karakter
🎬 Video Başlığı: Is It Cake? Halloween
📝 Video Açıklaması: 1.Sezon 2.Bölüm
🎯 Tam Başlık: Is It Cake? Halloween - 1.Sezon 2.Bölüm
🎯 HEX DECODE - m3u8 bulundu: https://vidlax.xyz/upload/2cf3be9f7f6c7a489992f65780451e45e7ba/master.m3u8
      ✅ Is It Cake? Halloween - 1.Sezon 2.Bölüm - 1 m3u8
   🔍 [3/4] Bölüm: https://diziyiizle2.com/is-it-cake-halloween/1-sezon-3-bolum/
📺 Embed URL bulundu: https://vidlax.xyz/embed/a8aeba6f01faad2c
🔍 Embed URL kontrol ediliyor: https://vidlax.xyz/embed/a8aeba6f01faad2c
📄 Embed sayfa içeriği alındı, boyut: 42976 karakter
🎬 Video Başlığı: Is It Cake? Halloween
📝 Video Açıklaması: 1.Sezon 3.Bölüm
🎯 Tam Başlık: Is It Cake? Halloween - 1.Sezon 3.Bölüm
🎯 HEX DECODE - m3u8 bulundu: https://vidlax.xyz/upload/1337b7abf289531713ecfa8297037b1c5d89/master.m3u8
      ✅ Is It Cake? Halloween - 1.Sezon 3.Bölüm - 1 m3u8
   🔍 [4/4] Bölüm: https://diziyiizle2.com/is-it-cake-halloween/1-sezon-4-bolum/
📺 Embed URL bulundu: https://vidlax.xyz/embed/161559ff86c0c506
🔍 Embed URL kontrol ediliyor: https://vidlax.xyz/embed/161559ff86c0c506
📄 Embed sayfa içeriği alındı, boyut: 42803 karakter
🎬 Video Başlığı: Is It Cake? Halloween
📝 Video Açıklaması: 1.Sezon 4.Bölüm
🎯 Tam Başlık: Is It Cake? Halloween - 1.Sezon 4.Bölüm
🎯 HEX DECODE - m3u8 bulundu: https://vidlax.xyz/upload/6077bdc9f7b3694fbd2892f7d55b1d179812/master.m3u8
      ✅ Is It Cake? Halloween - 1.Sezon 4.Bölüm - 1 m3u8
      📁 Dizi playlist: playlists/is_it_cake_halloween_playlist.m3u
   ✅ Dizi tamamlandı: 4 m3u8 eklendi

============================================================
🎬 [36/56] İşleniyor: https://diziyiizle2.com/dizi/nero/
📺 Bölüm bulundu: 1. Sezon 1. BölümDublaj08.10.202552 dk. - https://diziyiizle2.com/nero/1-sezon-1-bolum/
📺 Bölüm bulundu: 1. Sezon 2. BölümDublaj08.10.202552 dk. - https://diziyiizle2.com/nero/1-sezon-2-bolum/
📺 Bölüm bulundu: 1. Sezon 3. BölümDublaj08.10.202552 dk. - https://diziyiizle2.com/nero/1-sezon-3-bolum/
📺 Bölüm bulundu: 1. Sezon 4. BölümDublaj08.10.202552 dk. - https://diziyiizle2.com/nero/1-sezon-4-bolum/
📺 Bölüm bulundu: 1. Sezon 5. BölümDublaj08.10.202552 dk. - https://diziyiizle2.com/nero/1-sezon-5-bolum/
📺 Bölüm bulundu: 1. Sezon 6. BölümDublaj08.10.202552 dk. - https://diziyiizle2.com/nero/1-sezon-6-bolum/
📺 Bölüm bulundu: 1. Sezon 7. BölümDublaj08.10.202552 dk. - https://diziyiizle2.com/nero/1-sezon-7-bolum/
📺 Bölüm bulundu: 1. Sezon 8. BölümDublaj08.10.202552 dk. - https://diziyiizle2.com/nero/1-sezon-8-bolum/

📊 Toplam 8 bölüm bulundu
   🔍 [1/8] Bölüm: https://diziyiizle2.com/nero/1-sezon-1-bolum/
📺 Embed URL bulundu: https://vidlax.xyz/embed/0134e4e1aa778ae7
🔍 Embed URL kontrol ediliyor: https://vidlax.xyz/embed/0134e4e1aa778ae7
📄 Embed sayfa içeriği alındı, boyut: 40578 karakter
🎬 Video Başlığı: Néro the Assassin
📝 Video Açıklaması: 1.Sezon 1.Bölüm
🎯 Tam Başlık: Néro the Assassin - 1.Sezon 1.Bölüm
🎯 HEX DECODE - m3u8 bulundu: https://vidlax.xyz/upload/09108e65d266553868efe31509e28602b221/master.m3u8
      ✅ Néro the Assassin - 1.Sezon 1.Bölüm - 1 m3u8
   🔍 [2/8] Bölüm: https://diziyiizle2.com/nero/1-sezon-2-bolum/
📺 Embed URL bulundu: https://vidlax.xyz/embed/6a4ae9b0b769cc8e
🔍 Embed URL kontrol ediliyor: https://vidlax.xyz/embed/6a4ae9b0b769cc8e
📄 Embed sayfa içeriği alındı, boyut: 40228 karakter
🎬 Video Başlığı: Néro the Assassin
📝 Video Açıklaması: 1.Sezon 2.Bölüm
🎯 Tam Başlık: Néro the Assassin - 1.Sezon 2.Bölüm
🎯 HEX DECODE - m3u8 bulundu: https://vidlax.xyz/upload/fb282cc6ba217a0bf8479702cf9260057dd4/master.m3u8
      ✅ Néro the Assassin - 1.Sezon 2.Bölüm - 1 m3u8
   🔍 [3/8] Bölüm: https://diziyiizle2.com/nero/1-sezon-3-bolum/
📺 Embed URL bulundu: https://vidlax.xyz/embed/3a0b50aca4c1ea70
🔍 Embed URL kontrol ediliyor: https://vidlax.xyz/embed/3a0b50aca4c1ea70
📄 Embed sayfa içeriği alındı, boyut: 40400 karakter
🎬 Video Başlığı: Néro the Assassin
📝 Video Açıklaması: 1.Sezon 3.Bölüm
🎯 Tam Başlık: Néro the Assassin - 1.Sezon 3.Bölüm
🎯 HEX DECODE - m3u8 bulundu: https://vidlax.xyz/upload/2d20d45d20f7b97981ed19a82d0ab7557199/master.m3u8
      ✅ Néro the Assassin - 1.Sezon 3.Bölüm - 1 m3u8
   🔍 [4/8] Bölüm: https://diziyiizle2.com/nero/1-sezon-4-bolum/
📺 Embed URL bulundu: https://vidlax.xyz/embed/76e269ef11f05474
🔍 Embed URL kontrol ediliyor: https://vidlax.xyz/embed/76e269ef11f05474
📄 Embed sayfa içeriği alındı, boyut: 40228 karakter
🎬 Video Başlığı: Néro the Assassin
📝 Video Açıklaması: 1.Sezon 4.Bölüm
🎯 Tam Başlık: Néro the Assassin - 1.Sezon 4.Bölüm
🎯 HEX DECODE - m3u8 bulundu: https://vidlax.xyz/upload/9e61730d3ccda0909da83630d5c0e13845df/master.m3u8
      ✅ Néro the Assassin - 1.Sezon 4.Bölüm - 1 m3u8
   🔍 [5/8] Bölüm: https://diziyiizle2.com/nero/1-sezon-5-bolum/
📺 Embed URL bulundu: https://vidlax.xyz/embed/8491837ff534e606
🔍 Embed URL kontrol ediliyor: https://vidlax.xyz/embed/8491837ff534e606
📄 Embed sayfa içeriği alındı, boyut: 40400 karakter
🎬 Video Başlığı: Néro the Assassin
📝 Video Açıklaması: 1.Sezon 5.Bölüm
🎯 Tam Başlık: Néro the Assassin - 1.Sezon 5.Bölüm
🎯 HEX DECODE - m3u8 bulundu: https://vidlax.xyz/upload/ee3ab3f81dccfbef32ce56fbd792b3316fc1/master.m3u8
      ✅ Néro the Assassin - 1.Sezon 5.Bölüm - 1 m3u8
   🔍 [6/8] Bölüm: https://diziyiizle2.com/nero/1-sezon-6-bolum/
📺 Embed URL bulundu: https://vidlax.xyz/embed/8cd5dce5ac8a7552
🔍 Embed URL kontrol ediliyor: https://vidlax.xyz/embed/8cd5dce5ac8a7552
📄 Embed sayfa içeriği alındı, boyut: 40400 karakter
🎬 Video Başlığı: Néro the Assassin
📝 Video Açıklaması: 1.Sezon 6.Bölüm
🎯 Tam Başlık: Néro the Assassin - 1.Sezon 6.Bölüm
🎯 HEX DECODE - m3u8 bulundu: https://vidlax.xyz/upload/b2d397874d98073ffb12051817d920af99a9/master.m3u8
      ✅ Néro the Assassin - 1.Sezon 6.Bölüm - 1 m3u8
   🔍 [7/8] Bölüm: https://diziyiizle2.com/nero/1-sezon-7-bolum/
📺 Embed URL bulundu: https://vidlax.xyz/embed/1f1a3c996afe7df6
🔍 Embed URL kontrol ediliyor: https://vidlax.xyz/embed/1f1a3c996afe7df6
📄 Embed sayfa içeriği alındı, boyut: 40401 karakter
🎬 Video Başlığı: Néro the Assassin
📝 Video Açıklaması: 1.Sezon 7.Bölüm
🎯 Tam Başlık: Néro the Assassin - 1.Sezon 7.Bölüm
🎯 HEX DECODE - m3u8 bulundu: https://vidlax.xyz/upload/cf215c165a364201b701c105d1d81beb73ec/master.m3u8
      ✅ Néro the Assassin - 1.Sezon 7.Bölüm - 1 m3u8
   🔍 [8/8] Bölüm: https://diziyiizle2.com/nero/1-sezon-8-bolum/
📺 Embed URL bulundu: https://vidlax.xyz/embed/5de741786cb6e3c9
🔍 Embed URL kontrol ediliyor: https://vidlax.xyz/embed/5de741786cb6e3c9
📄 Embed sayfa içeriği alındı, boyut: 40742 karakter
🎬 Video Başlığı: Néro the Assassin
📝 Video Açıklaması: 1.Sezon 8.Bölüm
🎯 Tam Başlık: Néro the Assassin - 1.Sezon 8.Bölüm
🎯 HEX DECODE - m3u8 bulundu: https://vidlax.xyz/upload/c4434709291c83162ce39746f48df6b83e9a/master.m3u8
      ✅ Néro the Assassin - 1.Sezon 8.Bölüm - 1 m3u8
      📁 Dizi playlist: playlists/nero_playlist.m3u
   ✅ Dizi tamamlandı: 8 m3u8 eklendi

============================================================
🎬 [37/56] İşleniyor: https://diziyiizle2.com/dizi/sweet-magnolias/
📺 Bölüm bulundu: 1. Sezon 1. BölümAltyazılı08.10.202553 dk. - https://diziyiizle2.com/sweet-magnolias/1-sezon-1-bolum/
📺 Bölüm bulundu: 1. Sezon 2. BölümAltyazılı08.10.202551 dk. - https://diziyiizle2.com/sweet-magnolias/1-sezon-2-bolum/
📺 Bölüm bulundu: 1. Sezon 3. BölümAltyazılı08.10.202544 dk. - https://diziyiizle2.com/sweet-magnolias/1-sezon-3-bolum/
📺 Bölüm bulundu: 1. Sezon 4. BölümAltyazılı08.10.202550 dk. - https://diziyiizle2.com/sweet-magnolias/1-sezon-4-bolum/
📺 Bölüm bulundu: 1. Sezon 5. BölümAltyazılı08.10.202551 dk. - https://diziyiizle2.com/sweet-magnolias/1-sezon-5-bolum/
📺 Bölüm bulundu: 1. Sezon 6. BölümAltyazılı08.10.202547 dk. - https://diziyiizle2.com/sweet-magnolias/1-sezon-6-bolum/
📺 Bölüm bulundu: 1. Sezon 7. BölümAltyazılı08.10.202547 dk. - https://diziyiizle2.com/sweet-magnolias/1-sezon-7-bolum/
📺 Bölüm bulundu: 1. Sezon 8. BölümAltyazılı08.10.202550 dk. - https://diziyiizle2.com/sweet-magnolias/1-sezon-8-bolum/
📺 Bölüm bulundu: 1. Sezon 9. BölümAltyazılı08.10.202544 dk. - https://diziyiizle2.com/sweet-magnolias/1-sezon-9-bolum/
📺 Bölüm bulundu: 1. Sezon 10. BölümAltyazılı08.10.202552 dk. - https://diziyiizle2.com/sweet-magnolias/1-sezon-10-bolum/
📺 Bölüm bulundu: 2. Sezon 1. BölümAltyazılı08.10.202550 dk. - https://diziyiizle2.com/sweet-magnolias/2-sezon-1-bolum/
📺 Bölüm bulundu: 2. Sezon 2. BölümAltyazılı08.10.202554 dk. - https://diziyiizle2.com/sweet-magnolias/2-sezon-2-bolum/
📺 Bölüm bulundu: 2. Sezon 3. BölümDublaj08.10.202548 dk. - https://diziyiizle2.com/sweet-magnolias/2-sezon-3-bolum/
📺 Bölüm bulundu: 2. Sezon 4. BölümDublaj08.10.202548 dk. - https://diziyiizle2.com/sweet-magnolias/2-sezon-4-bolum/
📺 Bölüm bulundu: 2. Sezon 5. BölümAltyazılı08.10.202551 dk. - https://diziyiizle2.com/sweet-magnolias/2-sezon-5-bolum/
📺 Bölüm bulundu: 2. Sezon 6. BölümAltyazılı08.10.202551 dk. - https://diziyiizle2.com/sweet-magnolias/2-sezon-6-bolum/
📺 Bölüm bulundu: 2. Sezon 7. BölümAltyazılı08.10.202551 dk. - https://diziyiizle2.com/sweet-magnolias/2-sezon-7-bolum/
📺 Bölüm bulundu: 2. Sezon 8. BölümDublaj08.10.202548 dk. - https://diziyiizle2.com/sweet-magnolias/2-sezon-8-bolum/
📺 Bölüm bulundu: 2. Sezon 9. BölümDublaj08.10.202551 dk. - https://diziyiizle2.com/sweet-magnolias/2-sezon-9-bolum/
📺 Bölüm bulundu: 2. Sezon 10. BölümDublaj08.10.202555 dk. - https://diziyiizle2.com/sweet-magnolias/2-sezon-10-bolum/
📺 Bölüm bulundu: 3. Sezon 1. BölümDublaj08.10.202550 dk. - https://diziyiizle2.com/sweet-magnolias/3-sezon-1-bolum/
📺 Bölüm bulundu: 3. Sezon 2. BölümDublaj08.10.202551 dk. - https://diziyiizle2.com/sweet-magnolias/3-sezon-2-bolum/
📺 Bölüm bulundu: 3. Sezon 3. BölümDublaj08.10.202552 dk. - https://diziyiizle2.com/sweet-magnolias/3-sezon-3-bolum/
📺 Bölüm bulundu: 3. Sezon 4. BölümDublaj08.10.202553 dk. - https://diziyiizle2.com/sweet-magnolias/3-sezon-4-bolum/
📺 Bölüm bulundu: 3. Sezon 5. BölümDublaj08.10.202549 dk. - https://diziyiizle2.com/sweet-magnolias/3-sezon-5-bolum/
📺 Bölüm bulundu: 3. Sezon 6. BölümDublaj08.10.202553 dk. - https://diziyiizle2.com/sweet-magnolias/3-sezon-6-bolum/
📺 Bölüm bulundu: 3. Sezon 7. BölümDublaj08.10.202548 dk. - https://diziyiizle2.com/sweet-magnolias/3-sezon-7-bolum/
📺 Bölüm bulundu: 3. Sezon 8. BölümDublaj08.10.202551 dk. - https://diziyiizle2.com/sweet-magnolias/3-sezon-8-bolum/
📺 Bölüm bulundu: 3. Sezon 9. BölümDublaj08.10.202552 dk. - https://diziyiizle2.com/sweet-magnolias/3-sezon-9-bolum/
📺 Bölüm bulundu: 3. Sezon 10. BölümDublaj08.10.202552 dk. - https://diziyiizle2.com/sweet-magnolias/3-sezon-10-bolum/
📺 Bölüm bulundu: 4. Sezon 1. BölümDublaj08.10.202549 dk. - https://diziyiizle2.com/sweet-magnolias/4-sezon-1-bolum/
📺 Bölüm bulundu: 4. Sezon 2. BölümDublaj08.10.202549 dk. - https://diziyiizle2.com/sweet-magnolias/4-sezon-2-bolum/
📺 Bölüm bulundu: 4. Sezon 3. BölümDublaj08.10.202552 dk. - https://diziyiizle2.com/sweet-magnolias/4-sezon-3-bolum/
📺 Bölüm bulundu: 4. Sezon 4. BölümDublaj08.10.202550 dk. - https://diziyiizle2.com/sweet-magnolias/4-sezon-4-bolum/
📺 Bölüm bulundu: 4. Sezon 5. BölümDublaj08.10.202554 dk. - https://diziyiizle2.com/sweet-magnolias/4-sezon-5-bolum/
📺 Bölüm bulundu: 4. Sezon 6. BölümDublaj08.10.202546 dk. - https://diziyiizle2.com/sweet-magnolias/4-sezon-6-bolum/
📺 Bölüm bulundu: 4. Sezon 7. BölümDublaj08.10.202552 dk. - https://diziyiizle2.com/sweet-magnolias/4-sezon-7-bolum/
📺 Bölüm bulundu: 4. Sezon 8. BölümDublaj08.10.202550 dk. - https://diziyiizle2.com/sweet-magnolias/4-sezon-8-bolum/
📺 Bölüm bulundu: 4. Sezon 9. BölümAltyazılı08.10.202550 dk. - https://diziyiizle2.com/sweet-magnolias/4-sezon-9-bolum/
📺 Bölüm bulundu: 4. Sezon 10. BölümAltyazılı08.10.202550 dk. - https://diziyiizle2.com/sweet-magnolias/4-sezon-10-bolum/

📊 Toplam 40 bölüm bulundu
   🔍 [1/40] Bölüm: https://diziyiizle2.com/sweet-magnolias/1-sezon-1-bolum/

🔍 Vidlax direkt analizi: https://diziyiizle2.com/sweet-magnolias/1-sezon-1-bolum/
📄 Sayfa içeriği alındı: 139680 karakter
❌ m3u8 URL'si bulunamadı
      ❌ m3u8 bulunamadı
   🔍 [2/40] Bölüm: https://diziyiizle2.com/sweet-magnolias/1-sezon-2-bolum/

🔍 Vidlax direkt analizi: https://diziyiizle2.com/sweet-magnolias/1-sezon-2-bolum/
📄 Sayfa içeriği alındı: 139680 karakter
❌ m3u8 URL'si bulunamadı
      ❌ m3u8 bulunamadı
   🔍 [3/40] Bölüm: https://diziyiizle2.com/sweet-magnolias/1-sezon-3-bolum/

🔍 Vidlax direkt analizi: https://diziyiizle2.com/sweet-magnolias/1-sezon-3-bolum/
📄 Sayfa içeriği alındı: 139679 karakter
❌ m3u8 URL'si bulunamadı
      ❌ m3u8 bulunamadı
   🔍 [4/40] Bölüm: https://diziyiizle2.com/sweet-magnolias/1-sezon-4-bolum/

🔍 Vidlax direkt analizi: https://diziyiizle2.com/sweet-magnolias/1-sezon-4-bolum/
📄 Sayfa içeriği alındı: 139680 karakter
❌ m3u8 URL'si bulunamadı
      ❌ m3u8 bulunamadı
   🔍 [5/40] Bölüm: https://diziyiizle2.com/sweet-magnolias/1-sezon-5-bolum/

🔍 Vidlax direkt analizi: https://diziyiizle2.com/sweet-magnolias/1-sezon-5-bolum/
📄 Sayfa içeriği alındı: 139680 karakter
❌ m3u8 URL'si bulunamadı
      ❌ m3u8 bulunamadı
   🔍 [6/40] Bölüm: https://diziyiizle2.com/sweet-magnolias/1-sezon-6-bolum/

🔍 Vidlax direkt analizi: https://diziyiizle2.com/sweet-magnolias/1-sezon-6-bolum/
📄 Sayfa içeriği alındı: 139680 karakter
❌ m3u8 URL'si bulunamadı
      ❌ m3u8 bulunamadı
   🔍 [7/40] Bölüm: https://diziyiizle2.com/sweet-magnolias/1-sezon-7-bolum/

🔍 Vidlax direkt analizi: https://diziyiizle2.com/sweet-magnolias/1-sezon-7-bolum/
📄 Sayfa içeriği alındı: 139679 karakter
❌ m3u8 URL'si bulunamadı
      ❌ m3u8 bulunamadı
   🔍 [8/40] Bölüm: https://diziyiizle2.com/sweet-magnolias/1-sezon-8-bolum/

🔍 Vidlax direkt analizi: https://diziyiizle2.com/sweet-magnolias/1-sezon-8-bolum/
📄 Sayfa içeriği alındı: 139680 karakter
❌ m3u8 URL'si bulunamadı
      ❌ m3u8 bulunamadı
   🔍 [9/40] Bölüm: https://diziyiizle2.com/sweet-magnolias/1-sezon-9-bolum/

🔍 Vidlax direkt analizi: https://diziyiizle2.com/sweet-magnolias/1-sezon-9-bolum/
📄 Sayfa içeriği alındı: 139679 karakter
❌ m3u8 URL'si bulunamadı
      ❌ m3u8 bulunamadı
   🔍 [10/40] Bölüm: https://diziyiizle2.com/sweet-magnolias/1-sezon-10-bolum/

🔍 Vidlax direkt analizi: https://diziyiizle2.com/sweet-magnolias/1-sezon-10-bolum/
📄 Sayfa içeriği alındı: 139699 karakter
❌ m3u8 URL'si bulunamadı
      ❌ m3u8 bulunamadı
   🔍 [11/40] Bölüm: https://diziyiizle2.com/sweet-magnolias/2-sezon-1-bolum/

🔍 Vidlax direkt analizi: https://diziyiizle2.com/sweet-magnolias/2-sezon-1-bolum/
📄 Sayfa içeriği alındı: 139679 karakter
❌ m3u8 URL'si bulunamadı
      ❌ m3u8 bulunamadı
   🔍 [12/40] Bölüm: https://diziyiizle2.com/sweet-magnolias/2-sezon-2-bolum/

🔍 Vidlax direkt analizi: https://diziyiizle2.com/sweet-magnolias/2-sezon-2-bolum/
📄 Sayfa içeriği alındı: 139680 karakter
❌ m3u8 URL'si bulunamadı
      ❌ m3u8 bulunamadı
   🔍 [13/40] Bölüm: https://diziyiizle2.com/sweet-magnolias/2-sezon-3-bolum/
📺 Embed URL bulundu: https://vidlax.xyz/embed/e7d3e7aaa7774fac
🔍 Embed URL kontrol ediliyor: https://vidlax.xyz/embed/e7d3e7aaa7774fac
📄 Embed sayfa içeriği alındı, boyut: 40055 karakter
🎬 Video Başlığı: Sweet Magnolias
📝 Video Açıklaması: 2.Sezon 3.Bölüm
🎯 Tam Başlık: Sweet Magnolias - 2.Sezon 3.Bölüm
🎯 HEX DECODE - m3u8 bulundu: https://vidlax.xyz/upload/b685a6853d5310e2eb61a9004852c18841f6/master.m3u8
      ✅ Sweet Magnolias - 2.Sezon 3.Bölüm - 1 m3u8
   🔍 [14/40] Bölüm: https://diziyiizle2.com/sweet-magnolias/2-sezon-4-bolum/
📺 Embed URL bulundu: https://vidlax.xyz/embed/3fc0fcb225a7e1eb
🔍 Embed URL kontrol ediliyor: https://vidlax.xyz/embed/3fc0fcb225a7e1eb
📄 Embed sayfa içeriği alındı, boyut: 40055 karakter
🎬 Video Başlığı: Sweet Magnolias
📝 Video Açıklaması: 2.Sezon 4.Bölüm
🎯 Tam Başlık: Sweet Magnolias - 2.Sezon 4.Bölüm
🎯 HEX DECODE - m3u8 bulundu: https://vidlax.xyz/upload/a8f7a9d711866af40a59ffffca367ae1706c/master.m3u8
      ✅ Sweet Magnolias - 2.Sezon 4.Bölüm - 1 m3u8
   🔍 [15/40] Bölüm: https://diziyiizle2.com/sweet-magnolias/2-sezon-5-bolum/

🔍 Vidlax direkt analizi: https://diziyiizle2.com/sweet-magnolias/2-sezon-5-bolum/
📄 Sayfa içeriği alındı: 139680 karakter
❌ m3u8 URL'si bulunamadı
      ❌ m3u8 bulunamadı
   🔍 [16/40] Bölüm: https://diziyiizle2.com/sweet-magnolias/2-sezon-6-bolum/

🔍 Vidlax direkt analizi: https://diziyiizle2.com/sweet-magnolias/2-sezon-6-bolum/
📄 Sayfa içeriği alındı: 139679 karakter
❌ m3u8 URL'si bulunamadı
      ❌ m3u8 bulunamadı
   🔍 [17/40] Bölüm: https://diziyiizle2.com/sweet-magnolias/2-sezon-7-bolum/

🔍 Vidlax direkt analizi: https://diziyiizle2.com/sweet-magnolias/2-sezon-7-bolum/
📄 Sayfa içeriği alındı: 139679 karakter
❌ m3u8 URL'si bulunamadı
      ❌ m3u8 bulunamadı
   🔍 [18/40] Bölüm: https://diziyiizle2.com/sweet-magnolias/2-sezon-8-bolum/
📺 Embed URL bulundu: https://vidlax.xyz/embed/8ae9cbcd66fce958
🔍 Embed URL kontrol ediliyor: https://vidlax.xyz/embed/8ae9cbcd66fce958
📄 Embed sayfa içeriği alındı, boyut: 40385 karakter
🎬 Video Başlığı: Sweet Magnolias
📝 Video Açıklaması: 2.Sezon 8.Bölüm
🎯 Tam Başlık: Sweet Magnolias - 2.Sezon 8.Bölüm
🎯 HEX DECODE - m3u8 bulundu: https://vidlax.xyz/upload/3a1f6b517a036e2f88c016fdfb9eccb59dfe/master.m3u8
      ✅ Sweet Magnolias - 2.Sezon 8.Bölüm - 1 m3u8
   🔍 [19/40] Bölüm: https://diziyiizle2.com/sweet-magnolias/2-sezon-9-bolum/
📺 Embed URL bulundu: https://vidlax.xyz/embed/b9c4e7a6ac05bb8c
🔍 Embed URL kontrol ediliyor: https://vidlax.xyz/embed/b9c4e7a6ac05bb8c
📄 Embed sayfa içeriği alındı, boyut: 40055 karakter
🎬 Video Başlığı: Sweet Magnolias
📝 Video Açıklaması: 2.Sezon 9.Bölüm
🎯 Tam Başlık: Sweet Magnolias - 2.Sezon 9.Bölüm
🎯 HEX DECODE - m3u8 bulundu: https://vidlax.xyz/upload/fb222196196f8c598d50fdc6c4527268aa28/master.m3u8
      ✅ Sweet Magnolias - 2.Sezon 9.Bölüm - 1 m3u8
   🔍 [20/40] Bölüm: https://diziyiizle2.com/sweet-magnolias/2-sezon-10-bolum/
📺 Embed URL bulundu: https://vidlax.xyz/embed/de745bfbacf40826
🔍 Embed URL kontrol ediliyor: https://vidlax.xyz/embed/de745bfbacf40826
📄 Embed sayfa içeriği alındı, boyut: 40055 karakter
🎬 Video Başlığı: Sweet Magnolias
📝 Video Açıklaması: 2.Sezon 10.Bölüm
🎯 Tam Başlık: Sweet Magnolias - 2.Sezon 10.Bölüm
🎯 HEX DECODE - m3u8 bulundu: https://vidlax.xyz/upload/fe85ad8b8746d9394991f2add2933034e1d5/master.m3u8
      ✅ Sweet Magnolias - 2.Sezon 10.Bölüm - 1 m3u8
   🔍 [21/40] Bölüm: https://diziyiizle2.com/sweet-magnolias/3-sezon-1-bolum/
📺 Embed URL bulundu: https://vidlax.xyz/embed/c8efd0b19e2174fd
🔍 Embed URL kontrol ediliyor: https://vidlax.xyz/embed/c8efd0b19e2174fd
📄 Embed sayfa içeriği alındı, boyut: 40055 karakter
🎬 Video Başlığı: Sweet Magnolias
📝 Video Açıklaması: 3.Sezon 1.Bölüm
🎯 Tam Başlık: Sweet Magnolias - 3.Sezon 1.Bölüm
🎯 HEX DECODE - m3u8 bulundu: https://vidlax.xyz/upload/e84f3997ed3d7b6e6f347bf7bfde5b5a9e01/master.m3u8
      ✅ Sweet Magnolias - 3.Sezon 1.Bölüm - 1 m3u8
   🔍 [22/40] Bölüm: https://diziyiizle2.com/sweet-magnolias/3-sezon-2-bolum/
📺 Embed URL bulundu: https://vidlax.xyz/embed/c538d44d9e3f1855
🔍 Embed URL kontrol ediliyor: https://vidlax.xyz/embed/c538d44d9e3f1855
📄 Embed sayfa içeriği alındı, boyut: 40376 karakter
🎬 Video Başlığı: Sweet Magnolias
📝 Video Açıklaması: 3.Sezon 2.Bölüm
🎯 Tam Başlık: Sweet Magnolias - 3.Sezon 2.Bölüm
🎯 HEX DECODE - m3u8 bulundu: https://vidlax.xyz/upload/15df89b9bdb15640740872ba41cf3f5bf68b/master.m3u8
      ✅ Sweet Magnolias - 3.Sezon 2.Bölüm - 1 m3u8
   🔍 [23/40] Bölüm: https://diziyiizle2.com/sweet-magnolias/3-sezon-3-bolum/
📺 Embed URL bulundu: https://vidlax.xyz/embed/f8122175bda01990
🔍 Embed URL kontrol ediliyor: https://vidlax.xyz/embed/f8122175bda01990
📄 Embed sayfa içeriği alındı, boyut: 40055 karakter
🎬 Video Başlığı: Sweet Magnolias
📝 Video Açıklaması: 3.Sezon 3.Bölüm
🎯 Tam Başlık: Sweet Magnolias - 3.Sezon 3.Bölüm
🎯 HEX DECODE - m3u8 bulundu: https://vidlax.xyz/upload/2fc33c017bab6e7c9db6f0b91e09f5a774be/master.m3u8
      ✅ Sweet Magnolias - 3.Sezon 3.Bölüm - 1 m3u8
   🔍 [24/40] Bölüm: https://diziyiizle2.com/sweet-magnolias/3-sezon-4-bolum/
📺 Embed URL bulundu: https://vidlax.xyz/embed/ea8da81dad4f6ace
🔍 Embed URL kontrol ediliyor: https://vidlax.xyz/embed/ea8da81dad4f6ace
📄 Embed sayfa içeriği alındı, boyut: 40055 karakter
🎬 Video Başlığı: Sweet Magnolias
📝 Video Açıklaması: 3.Sezon 4.Bölüm
🎯 Tam Başlık: Sweet Magnolias - 3.Sezon 4.Bölüm
🎯 HEX DECODE - m3u8 bulundu: https://vidlax.xyz/upload/74f4640c16211c144339dd76939ff70e0479/master.m3u8
      ✅ Sweet Magnolias - 3.Sezon 4.Bölüm - 1 m3u8
   🔍 [25/40] Bölüm: https://diziyiizle2.com/sweet-magnolias/3-sezon-5-bolum/
📺 Embed URL bulundu: https://vidlax.xyz/embed/43e9e99e7f975634
🔍 Embed URL kontrol ediliyor: https://vidlax.xyz/embed/43e9e99e7f975634
📄 Embed sayfa içeriği alındı, boyut: 40055 karakter
🎬 Video Başlığı: Sweet Magnolias
📝 Video Açıklaması: 3.Sezon 5.Bölüm
🎯 Tam Başlık: Sweet Magnolias - 3.Sezon 5.Bölüm
🎯 HEX DECODE - m3u8 bulundu: https://vidlax.xyz/upload/11b47b63a43db656206dcf09c8ba8c7bb5b8/master.m3u8
      ✅ Sweet Magnolias - 3.Sezon 5.Bölüm - 1 m3u8
   🔍 [26/40] Bölüm: https://diziyiizle2.com/sweet-magnolias/3-sezon-6-bolum/
📺 Embed URL bulundu: https://vidlax.xyz/embed/51e1570c12f78803
🔍 Embed URL kontrol ediliyor: https://vidlax.xyz/embed/51e1570c12f78803
📄 Embed sayfa içeriği alındı, boyut: 40055 karakter
🎬 Video Başlığı: Sweet Magnolias
📝 Video Açıklaması: 3.Sezon 6.Bölüm
🎯 Tam Başlık: Sweet Magnolias - 3.Sezon 6.Bölüm
🎯 HEX DECODE - m3u8 bulundu: https://vidlax.xyz/upload/d217ac5e5985c4a29c5e2b7c1460e42bc998/master.m3u8
      ✅ Sweet Magnolias - 3.Sezon 6.Bölüm - 1 m3u8
   🔍 [27/40] Bölüm: https://diziyiizle2.com/sweet-magnolias/3-sezon-7-bolum/
📺 Embed URL bulundu: https://vidlax.xyz/embed/fd61213be3fde9b0
🔍 Embed URL kontrol ediliyor: https://vidlax.xyz/embed/fd61213be3fde9b0
📄 Embed sayfa içeriği alındı, boyut: 40220 karakter
🎬 Video Başlığı: Sweet Magnolias
📝 Video Açıklaması: 3.Sezon 7.Bölüm
🎯 Tam Başlık: Sweet Magnolias - 3.Sezon 7.Bölüm
🎯 HEX DECODE - m3u8 bulundu: https://vidlax.xyz/upload/9ff94091a65d388ae2053cb38e46d9c8ee55/master.m3u8
      ✅ Sweet Magnolias - 3.Sezon 7.Bölüm - 1 m3u8
   🔍 [28/40] Bölüm: https://diziyiizle2.com/sweet-magnolias/3-sezon-8-bolum/
📺 Embed URL bulundu: https://vidlax.xyz/embed/16efed3c05a2fb3b
🔍 Embed URL kontrol ediliyor: https://vidlax.xyz/embed/16efed3c05a2fb3b
📄 Embed sayfa içeriği alındı, boyut: 40055 karakter
🎬 Video Başlığı: Sweet Magnolias
📝 Video Açıklaması: 3.Sezon 8.Bölüm
🎯 Tam Başlık: Sweet Magnolias - 3.Sezon 8.Bölüm
🎯 HEX DECODE - m3u8 bulundu: https://vidlax.xyz/upload/76d72734f3bd4a923e6f74c83e4167a40eee/master.m3u8
      ✅ Sweet Magnolias - 3.Sezon 8.Bölüm - 1 m3u8
   🔍 [29/40] Bölüm: https://diziyiizle2.com/sweet-magnolias/3-sezon-9-bolum/
📺 Embed URL bulundu: https://vidlax.xyz/embed/5ba67c46fd1997ce
🔍 Embed URL kontrol ediliyor: https://vidlax.xyz/embed/5ba67c46fd1997ce
📄 Embed sayfa içeriği alındı, boyut: 40385 karakter
🎬 Video Başlığı: Sweet Magnolias
📝 Video Açıklaması: 3.Sezon 9.Bölüm
🎯 Tam Başlık: Sweet Magnolias - 3.Sezon 9.Bölüm
🎯 HEX DECODE - m3u8 bulundu: https://vidlax.xyz/upload/46622e9c520b9c9281f7752df22a3d0d0a87/master.m3u8
      ✅ Sweet Magnolias - 3.Sezon 9.Bölüm - 1 m3u8
   🔍 [30/40] Bölüm: https://diziyiizle2.com/sweet-magnolias/3-sezon-10-bolum/
📺 Embed URL bulundu: https://vidlax.xyz/embed/dc0aa86cefb70116
🔍 Embed URL kontrol ediliyor: https://vidlax.xyz/embed/dc0aa86cefb70116
📄 Embed sayfa içeriği alındı, boyut: 40222 karakter
🎬 Video Başlığı: Sweet Magnolias
📝 Video Açıklaması: 3.Sezon 10.Bölüm
🎯 Tam Başlık: Sweet Magnolias - 3.Sezon 10.Bölüm
🎯 HEX DECODE - m3u8 bulundu: https://vidlax.xyz/upload/4c3e75f5a0bf6b1dc86343275bfe281e7dfb/master.m3u8
      ✅ Sweet Magnolias - 3.Sezon 10.Bölüm - 1 m3u8
   🔍 [31/40] Bölüm: https://diziyiizle2.com/sweet-magnolias/4-sezon-1-bolum/
📺 Embed URL bulundu: https://vidlax.xyz/embed/177ef1e3de0c2162
🔍 Embed URL kontrol ediliyor: https://vidlax.xyz/embed/177ef1e3de0c2162
📄 Embed sayfa içeriği alındı, boyut: 40403 karakter
🎬 Video Başlığı: Sweet Magnolias
📝 Video Açıklaması: 4.Sezon 1.Bölüm
🎯 Tam Başlık: Sweet Magnolias - 4.Sezon 1.Bölüm
🎯 HEX DECODE - m3u8 bulundu: https://vidlax.xyz/upload/b654d04eef824fa7515010a177bf950a03e2/master.m3u8
      ✅ Sweet Magnolias - 4.Sezon 1.Bölüm - 1 m3u8
   🔍 [32/40] Bölüm: https://diziyiizle2.com/sweet-magnolias/4-sezon-2-bolum/
📺 Embed URL bulundu: https://vidlax.xyz/embed/3a6b4093316a2966
🔍 Embed URL kontrol ediliyor: https://vidlax.xyz/embed/3a6b4093316a2966
📄 Embed sayfa içeriği alındı, boyut: 40397 karakter
🎬 Video Başlığı: Sweet Magnolias
📝 Video Açıklaması: 4.Sezon 2.Bölüm
🎯 Tam Başlık: Sweet Magnolias - 4.Sezon 2.Bölüm
🎯 HEX DECODE - m3u8 bulundu: https://vidlax.xyz/upload/0f35f9b445d4e8cae912f3094b95b7f6224e/master.m3u8
      ✅ Sweet Magnolias - 4.Sezon 2.Bölüm - 1 m3u8
   🔍 [33/40] Bölüm: https://diziyiizle2.com/sweet-magnolias/4-sezon-3-bolum/
📺 Embed URL bulundu: https://vidlax.xyz/embed/169379e23fad0ab7
🔍 Embed URL kontrol ediliyor: https://vidlax.xyz/embed/169379e23fad0ab7
📄 Embed sayfa içeriği alındı, boyut: 40397 karakter
🎬 Video Başlığı: Sweet Magnolias
📝 Video Açıklaması: 4.Sezon 3.Bölüm
🎯 Tam Başlık: Sweet Magnolias - 4.Sezon 3.Bölüm
🎯 HEX DECODE - m3u8 bulundu: https://vidlax.xyz/upload/d172e25ca3665dccca4640704511a79c1b88/master.m3u8
      ✅ Sweet Magnolias - 4.Sezon 3.Bölüm - 1 m3u8
   🔍 [34/40] Bölüm: https://diziyiizle2.com/sweet-magnolias/4-sezon-4-bolum/
📺 Embed URL bulundu: https://vidlax.xyz/embed/2960c7c17860e4d1
🔍 Embed URL kontrol ediliyor: https://vidlax.xyz/embed/2960c7c17860e4d1
📄 Embed sayfa içeriği alındı, boyut: 40397 karakter
🎬 Video Başlığı: Sweet Magnolias
📝 Video Açıklaması: 4.Sezon 4.Bölüm
🎯 Tam Başlık: Sweet Magnolias - 4.Sezon 4.Bölüm
🎯 HEX DECODE - m3u8 bulundu: https://vidlax.xyz/upload/c9b4f1c4f7650d8eeb189d54d5fd5fc49033/master.m3u8
      ✅ Sweet Magnolias - 4.Sezon 4.Bölüm - 1 m3u8
   🔍 [35/40] Bölüm: https://diziyiizle2.com/sweet-magnolias/4-sezon-5-bolum/
📺 Embed URL bulundu: https://vidlax.xyz/embed/f4090c5ddc00e4d4
🔍 Embed URL kontrol ediliyor: https://vidlax.xyz/embed/f4090c5ddc00e4d4
📄 Embed sayfa içeriği alındı, boyut: 40223 karakter
🎬 Video Başlığı: Sweet Magnolias
📝 Video Açıklaması: 4.Sezon 5.Bölüm
🎯 Tam Başlık: Sweet Magnolias - 4.Sezon 5.Bölüm
🎯 HEX DECODE - m3u8 bulundu: https://vidlax.xyz/upload/e30530f9199727f330dacc8fd1c5b59862fa/master.m3u8
      ✅ Sweet Magnolias - 4.Sezon 5.Bölüm - 1 m3u8
   🔍 [36/40] Bölüm: https://diziyiizle2.com/sweet-magnolias/4-sezon-6-bolum/
📺 Embed URL bulundu: https://vidlax.xyz/embed/545cdf50636ed89c
🔍 Embed URL kontrol ediliyor: https://vidlax.xyz/embed/545cdf50636ed89c
📄 Embed sayfa içeriği alındı, boyut: 40397 karakter
🎬 Video Başlığı: Sweet Magnolias
📝 Video Açıklaması: 4.Sezon 6.Bölüm
🎯 Tam Başlık: Sweet Magnolias - 4.Sezon 6.Bölüm
🎯 HEX DECODE - m3u8 bulundu: https://vidlax.xyz/upload/31f20339a97a0202b99c48bcbff2531e789f/master.m3u8
      ✅ Sweet Magnolias - 4.Sezon 6.Bölüm - 1 m3u8
   🔍 [37/40] Bölüm: https://diziyiizle2.com/sweet-magnolias/4-sezon-7-bolum/
📺 Embed URL bulundu: https://vidlax.xyz/embed/094718b331301707
🔍 Embed URL kontrol ediliyor: https://vidlax.xyz/embed/094718b331301707
📄 Embed sayfa içeriği alındı, boyut: 40397 karakter
🎬 Video Başlığı: Sweet Magnolias
📝 Video Açıklaması: 4.Sezon 7.Bölüm
🎯 Tam Başlık: Sweet Magnolias - 4.Sezon 7.Bölüm
🎯 HEX DECODE - m3u8 bulundu: https://vidlax.xyz/upload/8f4d1b94c914f9c146da37b4ae5ea789b0b0/master.m3u8
      ✅ Sweet Magnolias - 4.Sezon 7.Bölüm - 1 m3u8
   🔍 [38/40] Bölüm: https://diziyiizle2.com/sweet-magnolias/4-sezon-8-bolum/
📺 Embed URL bulundu: https://vidlax.xyz/embed/3b6dc21d9ee5864d
🔍 Embed URL kontrol ediliyor: https://vidlax.xyz/embed/3b6dc21d9ee5864d
📄 Embed sayfa içeriği alındı, boyut: 40397 karakter
🎬 Video Başlığı: Sweet Magnolias
📝 Video Açıklaması: 4.Sezon 8.Bölüm
🎯 Tam Başlık: Sweet Magnolias - 4.Sezon 8.Bölüm
🎯 HEX DECODE - m3u8 bulundu: https://vidlax.xyz/upload/22d71636bf8c4697bfd1c88efa58e1d2bb44/master.m3u8
      ✅ Sweet Magnolias - 4.Sezon 8.Bölüm - 1 m3u8
   🔍 [39/40] Bölüm: https://diziyiizle2.com/sweet-magnolias/4-sezon-9-bolum/

🔍 Vidlax direkt analizi: https://diziyiizle2.com/sweet-magnolias/4-sezon-9-bolum/
📄 Sayfa içeriği alındı: 139680 karakter
❌ m3u8 URL'si bulunamadı
      ❌ m3u8 bulunamadı
   🔍 [40/40] Bölüm: https://diziyiizle2.com/sweet-magnolias/4-sezon-10-bolum/

🔍 Vidlax direkt analizi: https://diziyiizle2.com/sweet-magnolias/4-sezon-10-bolum/
📄 Sayfa içeriği alındı: 139699 karakter
❌ m3u8 URL'si bulunamadı
      ❌ m3u8 bulunamadı
      📁 Dizi playlist: playlists/sweet_magnolias_playlist.m3u
   ✅ Dizi tamamlandı: 23 m3u8 eklendi

============================================================
🎬 [38/56] İşleniyor: https://diziyiizle2.com/dizi/adsiz-asiklar/
📺 Bölüm bulundu: 1. Sezon 1. BölümDual08.10.202548 dk. - https://diziyiizle2.com/adsiz-asiklar/1-sezon-1-bolum/
📺 Bölüm bulundu: 1. Sezon 2. BölümDual08.10.202550 dk. - https://diziyiizle2.com/adsiz-asiklar/1-sezon-2-bolum/
📺 Bölüm bulundu: 1. Sezon 3. BölümDual08.10.202554 dk. - https://diziyiizle2.com/adsiz-asiklar/1-sezon-3-bolum/
📺 Bölüm bulundu: 1. Sezon 4. BölümDual08.10.202550 dk. - https://diziyiizle2.com/adsiz-asiklar/1-sezon-4-bolum/
📺 Bölüm bulundu: 1. Sezon 5. BölümDual08.10.202555 dk. - https://diziyiizle2.com/adsiz-asiklar/1-sezon-5-bolum/
📺 Bölüm bulundu: 1. Sezon 6. BölümDual08.10.202557 dk. - https://diziyiizle2.com/adsiz-asiklar/1-sezon-6-bolum/
📺 Bölüm bulundu: 1. Sezon 7. BölümDual08.10.202553 dk. - https://diziyiizle2.com/adsiz-asiklar/1-sezon-7-bolum/
📺 Bölüm bulundu: 1. Sezon 8. BölümDual08.10.202553 dk. - https://diziyiizle2.com/adsiz-asiklar/1-sezon-8-bolum/

📊 Toplam 8 bölüm bulundu
   🔍 [1/8] Bölüm: https://diziyiizle2.com/adsiz-asiklar/1-sezon-1-bolum/
📺 Embed URL bulundu: https://vidlax.xyz/embed/3dced584bb26efa2
🔍 Embed URL kontrol ediliyor: https://vidlax.xyz/embed/3dced584bb26efa2
📄 Embed sayfa içeriği alındı, boyut: 40961 karakter
🎬 Video Başlığı: Adsız Aşıklar
📝 Video Açıklaması: 1.Sezon 1.Bölüm
🎯 Tam Başlık: Adsız Aşıklar - 1.Sezon 1.Bölüm
🎯 HEX DECODE - m3u8 bulundu: https://vidlax.xyz/upload/a569559a39fac20f677c49a076e84e52a408/master.m3u8
      ✅ Adsız Aşıklar - 1.Sezon 1.Bölüm - 1 m3u8
   🔍 [2/8] Bölüm: https://diziyiizle2.com/adsiz-asiklar/1-sezon-2-bolum/
📺 Embed URL bulundu: https://vidlax.xyz/embed/487922e825d88db5
🔍 Embed URL kontrol ediliyor: https://vidlax.xyz/embed/487922e825d88db5
📄 Embed sayfa içeriği alındı, boyut: 40562 karakter
🎬 Video Başlığı: Adsız Aşıklar
📝 Video Açıklaması: 1.Sezon 2.Bölüm
🎯 Tam Başlık: Adsız Aşıklar - 1.Sezon 2.Bölüm
🎯 HEX DECODE - m3u8 bulundu: https://vidlax.xyz/upload/ca01fed34152d4b2aab8d6daab7ebd8b0974/master.m3u8
      ✅ Adsız Aşıklar - 1.Sezon 2.Bölüm - 1 m3u8
   🔍 [3/8] Bölüm: https://diziyiizle2.com/adsiz-asiklar/1-sezon-3-bolum/
📺 Embed URL bulundu: https://vidlax.xyz/embed/062e84180b33a96d
🔍 Embed URL kontrol ediliyor: https://vidlax.xyz/embed/062e84180b33a96d
📄 Embed sayfa içeriği alındı, boyut: 40795 karakter
🎬 Video Başlığı: Adsız Aşıklar
📝 Video Açıklaması: 1.Sezon 3.Bölüm
🎯 Tam Başlık: Adsız Aşıklar - 1.Sezon 3.Bölüm
🎯 HEX DECODE - m3u8 bulundu: https://vidlax.xyz/upload/3cb5603bc313843b65aaf8c7dbd72b41130f/master.m3u8
      ✅ Adsız Aşıklar - 1.Sezon 3.Bölüm - 1 m3u8
   🔍 [4/8] Bölüm: https://diziyiizle2.com/adsiz-asiklar/1-sezon-4-bolum/
📺 Embed URL bulundu: https://vidlax.xyz/embed/e097a1c06a1617a4
🔍 Embed URL kontrol ediliyor: https://vidlax.xyz/embed/e097a1c06a1617a4
📄 Embed sayfa içeriği alındı, boyut: 40795 karakter
🎬 Video Başlığı: Adsız Aşıklar
📝 Video Açıklaması: 1.Sezon 4.Bölüm
🎯 Tam Başlık: Adsız Aşıklar - 1.Sezon 4.Bölüm
🎯 HEX DECODE - m3u8 bulundu: https://vidlax.xyz/upload/9af141d5af1d5948ea98f5bad32a3c229bdc/master.m3u8
      ✅ Adsız Aşıklar - 1.Sezon 4.Bölüm - 1 m3u8
   🔍 [5/8] Bölüm: https://diziyiizle2.com/adsiz-asiklar/1-sezon-5-bolum/
📺 Embed URL bulundu: https://vidlax.xyz/embed/0d4c62c085677dc5
🔍 Embed URL kontrol ediliyor: https://vidlax.xyz/embed/0d4c62c085677dc5
📄 Embed sayfa içeriği alındı, boyut: 40622 karakter
🎬 Video Başlığı: Adsız Aşıklar
📝 Video Açıklaması: 1.Sezon 5.Bölüm
🎯 Tam Başlık: Adsız Aşıklar - 1.Sezon 5.Bölüm
🎯 HEX DECODE - m3u8 bulundu: https://vidlax.xyz/upload/7a727c38c61233b9310cba27c1154e0a863f/master.m3u8
      ✅ Adsız Aşıklar - 1.Sezon 5.Bölüm - 1 m3u8
   🔍 [6/8] Bölüm: https://diziyiizle2.com/adsiz-asiklar/1-sezon-6-bolum/
📺 Embed URL bulundu: https://vidlax.xyz/embed/210f633a99cab3f2
🔍 Embed URL kontrol ediliyor: https://vidlax.xyz/embed/210f633a99cab3f2
📄 Embed sayfa içeriği alındı, boyut: 40562 karakter
🎬 Video Başlığı: Adsız Aşıklar
📝 Video Açıklaması: 1.Sezon 6.Bölüm
🎯 Tam Başlık: Adsız Aşıklar - 1.Sezon 6.Bölüm
🎯 HEX DECODE - m3u8 bulundu: https://vidlax.xyz/upload/d510060a3240610488da0b0de8cfc5b40329/master.m3u8
      ✅ Adsız Aşıklar - 1.Sezon 6.Bölüm - 1 m3u8
   🔍 [7/8] Bölüm: https://diziyiizle2.com/adsiz-asiklar/1-sezon-7-bolum/
📺 Embed URL bulundu: https://vidlax.xyz/embed/ebe0ec88acf065d0
🔍 Embed URL kontrol ediliyor: https://vidlax.xyz/embed/ebe0ec88acf065d0
📄 Embed sayfa içeriği alındı, boyut: 40622 karakter
🎬 Video Başlığı: Adsız Aşıklar
📝 Video Açıklaması: 1.Sezon 7.Bölüm
🎯 Tam Başlık: Adsız Aşıklar - 1.Sezon 7.Bölüm
🎯 HEX DECODE - m3u8 bulundu: https://vidlax.xyz/upload/1fec63b0b570406174c95da1f674047a7873/master.m3u8
      ✅ Adsız Aşıklar - 1.Sezon 7.Bölüm - 1 m3u8
   🔍 [8/8] Bölüm: https://diziyiizle2.com/adsiz-asiklar/1-sezon-8-bolum/
📺 Embed URL bulundu: https://vidlax.xyz/embed/fb95d81889160452
🔍 Embed URL kontrol ediliyor: https://vidlax.xyz/embed/fb95d81889160452
📄 Embed sayfa içeriği alındı, boyut: 40562 karakter
🎬 Video Başlığı: Adsız Aşıklar
📝 Video Açıklaması: 1.Sezon 8.Bölüm
🎯 Tam Başlık: Adsız Aşıklar - 1.Sezon 8.Bölüm
🎯 HEX DECODE - m3u8 bulundu: https://vidlax.xyz/upload/ec6d4831d7cbccdceff2b0494cdf9f39ace4/master.m3u8
      ✅ Adsız Aşıklar - 1.Sezon 8.Bölüm - 1 m3u8
      📁 Dizi playlist: playlists/adsiz_asiklar_playlist.m3u
   ✅ Dizi tamamlandı: 8 m3u8 eklendi

============================================================
🎬 [39/56] İşleniyor: https://diziyiizle2.com/dizi/the-peripheral/
📺 Bölüm bulundu: 1. Sezon 1. BölümDublaj07.10.202573 dk. - https://diziyiizle2.com/the-peripheral/1-sezon-1-bolum/
📺 Bölüm bulundu: 1. Sezon 2. BölümDublaj07.10.202565 dk. - https://diziyiizle2.com/the-peripheral/1-sezon-2-bolum/
📺 Bölüm bulundu: 1. Sezon 3. BölümDublaj07.10.202572 dk. - https://diziyiizle2.com/the-peripheral/1-sezon-3-bolum/
📺 Bölüm bulundu: 1. Sezon 4. BölümDublaj07.10.202559 dk. - https://diziyiizle2.com/the-peripheral/1-sezon-4-bolum/
📺 Bölüm bulundu: 1. Sezon 5. BölümDublaj07.10.202559 dk. - https://diziyiizle2.com/the-peripheral/1-sezon-5-bolum/
📺 Bölüm bulundu: 1. Sezon 6. BölümDublaj07.10.202562 dk. - https://diziyiizle2.com/the-peripheral/1-sezon-6-bolum/
📺 Bölüm bulundu: 1. Sezon 7. BölümDublaj07.10.202555 dk. - https://diziyiizle2.com/the-peripheral/1-sezon-7-bolum/
📺 Bölüm bulundu: 1. Sezon 8. BölümDublaj07.10.202558 dk. - https://diziyiizle2.com/the-peripheral/1-sezon-8-bolum/

📊 Toplam 8 bölüm bulundu
   🔍 [1/8] Bölüm: https://diziyiizle2.com/the-peripheral/1-sezon-1-bolum/
📺 Embed URL bulundu: https://vidlax.xyz/embed/6b7f01ee2b40991c
🔍 Embed URL kontrol ediliyor: https://vidlax.xyz/embed/6b7f01ee2b40991c
📄 Embed sayfa içeriği alındı, boyut: 39539 karakter
🎬 Video Başlığı: The Peripheral
📝 Video Açıklaması: 1.Sezon 1.Bölüm
🎯 Tam Başlık: The Peripheral - 1.Sezon 1.Bölüm
🎯 HEX DECODE - m3u8 bulundu: https://vidlax.xyz/upload/09909f6ce0421a29faa8952c0f74d09089e0/master.m3u8
      ✅ The Peripheral - 1.Sezon 1.Bölüm - 1 m3u8
   🔍 [2/8] Bölüm: https://diziyiizle2.com/the-peripheral/1-sezon-2-bolum/
📺 Embed URL bulundu: https://vidlax.xyz/embed/d6889b0c713f57fe
🔍 Embed URL kontrol ediliyor: https://vidlax.xyz/embed/d6889b0c713f57fe
📄 Embed sayfa içeriği alındı, boyut: 39539 karakter
🎬 Video Başlığı: The Peripheral
📝 Video Açıklaması: 1.Sezon 2.Bölüm
🎯 Tam Başlık: The Peripheral - 1.Sezon 2.Bölüm
🎯 HEX DECODE - m3u8 bulundu: https://vidlax.xyz/upload/5b25cf8432386baf3d3e69065d9e464009ad/master.m3u8
      ✅ The Peripheral - 1.Sezon 2.Bölüm - 1 m3u8
   🔍 [3/8] Bölüm: https://diziyiizle2.com/the-peripheral/1-sezon-3-bolum/
📺 Embed URL bulundu: https://vidlax.xyz/embed/efebb356537cff34
🔍 Embed URL kontrol ediliyor: https://vidlax.xyz/embed/efebb356537cff34
📄 Embed sayfa içeriği alındı, boyut: 39877 karakter
🎬 Video Başlığı: The Peripheral
📝 Video Açıklaması: 1.Sezon 3.Bölüm
🎯 Tam Başlık: The Peripheral - 1.Sezon 3.Bölüm
🎯 HEX DECODE - m3u8 bulundu: https://vidlax.xyz/upload/adb115380e3d242f544edb5bd8cfb8b4d457/master.m3u8
      ✅ The Peripheral - 1.Sezon 3.Bölüm - 1 m3u8
   🔍 [4/8] Bölüm: https://diziyiizle2.com/the-peripheral/1-sezon-4-bolum/
📺 Embed URL bulundu: https://vidlax.xyz/embed/4dfb011e03038e04
🔍 Embed URL kontrol ediliyor: https://vidlax.xyz/embed/4dfb011e03038e04
📄 Embed sayfa içeriği alındı, boyut: 39878 karakter
🎬 Video Başlığı: The Peripheral
📝 Video Açıklaması: 1.Sezon 4.Bölüm
🎯 Tam Başlık: The Peripheral - 1.Sezon 4.Bölüm
🎯 HEX DECODE - m3u8 bulundu: https://vidlax.xyz/upload/abea202a5060bddd47b2039b000d462417e7/master.m3u8
      ✅ The Peripheral - 1.Sezon 4.Bölüm - 1 m3u8
   🔍 [5/8] Bölüm: https://diziyiizle2.com/the-peripheral/1-sezon-5-bolum/
📺 Embed URL bulundu: https://vidlax.xyz/embed/22f21debce699cd6
🔍 Embed URL kontrol ediliyor: https://vidlax.xyz/embed/22f21debce699cd6
📄 Embed sayfa içeriği alındı, boyut: 39539 karakter
🎬 Video Başlığı: The Peripheral
📝 Video Açıklaması: 1.Sezon 5.Bölüm
🎯 Tam Başlık: The Peripheral - 1.Sezon 5.Bölüm
🎯 HEX DECODE - m3u8 bulundu: https://vidlax.xyz/upload/312a29ae5f422af8c8a8cae50a02fea4be57/master.m3u8
      ✅ The Peripheral - 1.Sezon 5.Bölüm - 1 m3u8
   🔍 [6/8] Bölüm: https://diziyiizle2.com/the-peripheral/1-sezon-6-bolum/
📺 Embed URL bulundu: https://vidlax.xyz/embed/1cff93bb5e35189b
🔍 Embed URL kontrol ediliyor: https://vidlax.xyz/embed/1cff93bb5e35189b
📄 Embed sayfa içeriği alındı, boyut: 39704 karakter
🎬 Video Başlığı: The Peripheral
📝 Video Açıklaması: 1.Sezon 6.Bölüm
🎯 Tam Başlık: The Peripheral - 1.Sezon 6.Bölüm
🎯 HEX DECODE - m3u8 bulundu: https://vidlax.xyz/upload/a216e5f276fbf5641782d06646ed584f3de1/master.m3u8
      ✅ The Peripheral - 1.Sezon 6.Bölüm - 1 m3u8
   🔍 [7/8] Bölüm: https://diziyiizle2.com/the-peripheral/1-sezon-7-bolum/
📺 Embed URL bulundu: https://vidlax.xyz/embed/f301ee89ffa08900
🔍 Embed URL kontrol ediliyor: https://vidlax.xyz/embed/f301ee89ffa08900
📄 Embed sayfa içeriği alındı, boyut: 39704 karakter
🎬 Video Başlığı: The Peripheral
📝 Video Açıklaması: 1.Sezon 7.Bölüm
🎯 Tam Başlık: The Peripheral - 1.Sezon 7.Bölüm
🎯 HEX DECODE - m3u8 bulundu: https://vidlax.xyz/upload/814e9dd4b48ce714d51d5b5c3eeee034445d/master.m3u8
      ✅ The Peripheral - 1.Sezon 7.Bölüm - 1 m3u8
   🔍 [8/8] Bölüm: https://diziyiizle2.com/the-peripheral/1-sezon-8-bolum/
📺 Embed URL bulundu: https://vidlax.xyz/embed/f1af1cb975dc2c7c
🔍 Embed URL kontrol ediliyor: https://vidlax.xyz/embed/f1af1cb975dc2c7c
📄 Embed sayfa içeriği alındı, boyut: 39539 karakter
🎬 Video Başlığı: The Peripheral
📝 Video Açıklaması: 1.Sezon 8.Bölüm
🎯 Tam Başlık: The Peripheral - 1.Sezon 8.Bölüm
🎯 HEX DECODE - m3u8 bulundu: https://vidlax.xyz/upload/d87daad5e5c30bdd26d2f90c65eacbcc5367/master.m3u8
      ✅ The Peripheral - 1.Sezon 8.Bölüm - 1 m3u8
      📁 Dizi playlist: playlists/the_peripheral_playlist.m3u
   ✅ Dizi tamamlandı: 8 m3u8 eklendi

============================================================
🎬 [40/56] İşleniyor: https://diziyiizle2.com/dizi/dead-ringers/
📺 Bölüm bulundu: 1. Sezon 1. BölümDublaj07.10.202564 dk. - https://diziyiizle2.com/dead-ringers/1-sezon-1-bolum/
📺 Bölüm bulundu: 1. Sezon 2. BölümDublaj07.10.202552 dk. - https://diziyiizle2.com/dead-ringers/1-sezon-2-bolum/
📺 Bölüm bulundu: 1. Sezon 3. BölümDublaj07.10.202559 dk. - https://diziyiizle2.com/dead-ringers/1-sezon-3-bolum/
📺 Bölüm bulundu: 1. Sezon 4. BölümDublaj07.10.202558 dk. - https://diziyiizle2.com/dead-ringers/1-sezon-4-bolum/
📺 Bölüm bulundu: 1. Sezon 5. BölümDublaj07.10.202560 dk. - https://diziyiizle2.com/dead-ringers/1-sezon-5-bolum/
📺 Bölüm bulundu: 1. Sezon 6. BölümDublaj07.10.202561 dk. - https://diziyiizle2.com/dead-ringers/1-sezon-6-bolum/

📊 Toplam 6 bölüm bulundu
   🔍 [1/6] Bölüm: https://diziyiizle2.com/dead-ringers/1-sezon-1-bolum/
📺 Embed URL bulundu: https://vidlax.xyz/embed/d703ae5302238247
🔍 Embed URL kontrol ediliyor: https://vidlax.xyz/embed/d703ae5302238247
📄 Embed sayfa içeriği alındı, boyut: 39537 karakter
🎬 Video Başlığı: Dead Ringers
📝 Video Açıklaması: 1.Sezon 1.Bölüm
🎯 Tam Başlık: Dead Ringers - 1.Sezon 1.Bölüm
🎯 HEX DECODE - m3u8 bulundu: https://vidlax.xyz/upload/1084841fb26f1682da5fbff9bc9f0b238f5a/master.m3u8
      ✅ Dead Ringers - 1.Sezon 1.Bölüm - 1 m3u8
   🔍 [2/6] Bölüm: https://diziyiizle2.com/dead-ringers/1-sezon-2-bolum/
📺 Embed URL bulundu: https://vidlax.xyz/embed/d34a5fb8fc4d8c51
🔍 Embed URL kontrol ediliyor: https://vidlax.xyz/embed/d34a5fb8fc4d8c51
📄 Embed sayfa içeriği alındı, boyut: 39537 karakter
🎬 Video Başlığı: Dead Ringers
📝 Video Açıklaması: 1.Sezon 2.Bölüm
🎯 Tam Başlık: Dead Ringers - 1.Sezon 2.Bölüm
🎯 HEX DECODE - m3u8 bulundu: https://vidlax.xyz/upload/6c39ff55144b13514ea946dd85e9d99dbee5/master.m3u8
      ✅ Dead Ringers - 1.Sezon 2.Bölüm - 1 m3u8
   🔍 [3/6] Bölüm: https://diziyiizle2.com/dead-ringers/1-sezon-3-bolum/
📺 Embed URL bulundu: https://vidlax.xyz/embed/4948846c261863b3
🔍 Embed URL kontrol ediliyor: https://vidlax.xyz/embed/4948846c261863b3
📄 Embed sayfa içeriği alındı, boyut: 39537 karakter
🎬 Video Başlığı: Dead Ringers
📝 Video Açıklaması: 1.Sezon 3.Bölüm
🎯 Tam Başlık: Dead Ringers - 1.Sezon 3.Bölüm
🎯 HEX DECODE - m3u8 bulundu: https://vidlax.xyz/upload/62de73dbe05800a8819e6391f47b8fca1a86/master.m3u8
      ✅ Dead Ringers - 1.Sezon 3.Bölüm - 1 m3u8
   🔍 [4/6] Bölüm: https://diziyiizle2.com/dead-ringers/1-sezon-4-bolum/
📺 Embed URL bulundu: https://vidlax.xyz/embed/b6615a77115debfc
🔍 Embed URL kontrol ediliyor: https://vidlax.xyz/embed/b6615a77115debfc
📄 Embed sayfa içeriği alındı, boyut: 39537 karakter
🎬 Video Başlığı: Dead Ringers
📝 Video Açıklaması: 1.Sezon 4.Bölüm
🎯 Tam Başlık: Dead Ringers - 1.Sezon 4.Bölüm
🎯 HEX DECODE - m3u8 bulundu: https://vidlax.xyz/upload/337adeda8730ebf4446689b5e216c23ba4a2/master.m3u8
      ✅ Dead Ringers - 1.Sezon 4.Bölüm - 1 m3u8
   🔍 [5/6] Bölüm: https://diziyiizle2.com/dead-ringers/1-sezon-5-bolum/
📺 Embed URL bulundu: https://vidlax.xyz/embed/1a607f96aa2d1e87
🔍 Embed URL kontrol ediliyor: https://vidlax.xyz/embed/1a607f96aa2d1e87
📄 Embed sayfa içeriği alındı, boyut: 39537 karakter
🎬 Video Başlığı: Dead Ringers
📝 Video Açıklaması: 1.Sezon 5.Bölüm
🎯 Tam Başlık: Dead Ringers - 1.Sezon 5.Bölüm
🎯 HEX DECODE - m3u8 bulundu: https://vidlax.xyz/upload/14a37873ebde4502b64c60b61e9e332e5d54/master.m3u8
      ✅ Dead Ringers - 1.Sezon 5.Bölüm - 1 m3u8
   🔍 [6/6] Bölüm: https://diziyiizle2.com/dead-ringers/1-sezon-6-bolum/
📺 Embed URL bulundu: https://vidlax.xyz/embed/ebda581a26d3c3cb
🔍 Embed URL kontrol ediliyor: https://vidlax.xyz/embed/ebda581a26d3c3cb
📄 Embed sayfa içeriği alındı, boyut: 39537 karakter
🎬 Video Başlığı: Dead Ringers
📝 Video Açıklaması: 1.Sezon 6.Bölüm
🎯 Tam Başlık: Dead Ringers - 1.Sezon 6.Bölüm
🎯 HEX DECODE - m3u8 bulundu: https://vidlax.xyz/upload/8b3807564fba281d173c946da5ed7b37fa1c/master.m3u8
      ✅ Dead Ringers - 1.Sezon 6.Bölüm - 1 m3u8
      📁 Dizi playlist: playlists/dead_ringers_playlist.m3u
   ✅ Dizi tamamlandı: 6 m3u8 eklendi

============================================================
🎬 [41/56] İşleniyor: https://diziyiizle2.com/dizi/deadloch/
📺 Bölüm bulundu: 1. Sezon 1. BölümDublaj07.10.202559 dk. - https://diziyiizle2.com/deadloch/1-sezon-1-bolum/
📺 Bölüm bulundu: 1. Sezon 2. BölümDublaj07.10.202562 dk. - https://diziyiizle2.com/deadloch/1-sezon-2-bolum/
📺 Bölüm bulundu: 1. Sezon 3. BölümDublaj07.10.202561 dk. - https://diziyiizle2.com/deadloch/1-sezon-3-bolum/
📺 Bölüm bulundu: 1. Sezon 4. BölümDublaj07.10.202558 dk. - https://diziyiizle2.com/deadloch/1-sezon-4-bolum/
📺 Bölüm bulundu: 1. Sezon 5. BölümDublaj07.10.202556 dk. - https://diziyiizle2.com/deadloch/1-sezon-5-bolum/
📺 Bölüm bulundu: 1. Sezon 6. BölümDublaj07.10.202558 dk. - https://diziyiizle2.com/deadloch/1-sezon-6-bolum/
📺 Bölüm bulundu: 1. Sezon 7. BölümDublaj07.10.202557 dk. - https://diziyiizle2.com/deadloch/1-sezon-7-bolum/
📺 Bölüm bulundu: 1. Sezon 8. BölümDublaj07.10.202564 dk. - https://diziyiizle2.com/deadloch/1-sezon-8-bolum/

📊 Toplam 8 bölüm bulundu
   🔍 [1/8] Bölüm: https://diziyiizle2.com/deadloch/1-sezon-1-bolum/
📺 Embed URL bulundu: https://vidlax.xyz/embed/edab5ca05c609865
🔍 Embed URL kontrol ediliyor: https://vidlax.xyz/embed/edab5ca05c609865
📄 Embed sayfa içeriği alındı, boyut: 39533 karakter
🎬 Video Başlığı: Deadloch
📝 Video Açıklaması: 1.Sezon 1.Bölüm
🎯 Tam Başlık: Deadloch - 1.Sezon 1.Bölüm
🎯 HEX DECODE - m3u8 bulundu: https://vidlax.xyz/upload/b8311f501ad61b2dcc8ba5e3004652d8ccc9/master.m3u8
      ✅ Deadloch - 1.Sezon 1.Bölüm - 1 m3u8
   🔍 [2/8] Bölüm: https://diziyiizle2.com/deadloch/1-sezon-2-bolum/
📺 Embed URL bulundu: https://vidlax.xyz/embed/7ac514d441215d09
🔍 Embed URL kontrol ediliyor: https://vidlax.xyz/embed/7ac514d441215d09
📄 Embed sayfa içeriği alındı, boyut: 39533 karakter
🎬 Video Başlığı: Deadloch
📝 Video Açıklaması: 1.Sezon 2.Bölüm
🎯 Tam Başlık: Deadloch - 1.Sezon 2.Bölüm
🎯 HEX DECODE - m3u8 bulundu: https://vidlax.xyz/upload/55eda5040beb39edc90e356da4f4a9f863e0/master.m3u8
      ✅ Deadloch - 1.Sezon 2.Bölüm - 1 m3u8
   🔍 [3/8] Bölüm: https://diziyiizle2.com/deadloch/1-sezon-3-bolum/
📺 Embed URL bulundu: https://vidlax.xyz/embed/05b69f32ff171008
🔍 Embed URL kontrol ediliyor: https://vidlax.xyz/embed/05b69f32ff171008
📄 Embed sayfa içeriği alındı, boyut: 39533 karakter
🎬 Video Başlığı: Deadloch
📝 Video Açıklaması: 1.Sezon 3.Bölüm
🎯 Tam Başlık: Deadloch - 1.Sezon 3.Bölüm
🎯 HEX DECODE - m3u8 bulundu: https://vidlax.xyz/upload/8dcaddb91fea7890bbafaad75f365f623c08/master.m3u8
      ✅ Deadloch - 1.Sezon 3.Bölüm - 1 m3u8
   🔍 [4/8] Bölüm: https://diziyiizle2.com/deadloch/1-sezon-4-bolum/
📺 Embed URL bulundu: https://vidlax.xyz/embed/b597e887789b7b4e
🔍 Embed URL kontrol ediliyor: https://vidlax.xyz/embed/b597e887789b7b4e
📄 Embed sayfa içeriği alındı, boyut: 40045 karakter
🎬 Video Başlığı: Deadloch
📝 Video Açıklaması: 1.Sezon 4.Bölüm
🎯 Tam Başlık: Deadloch - 1.Sezon 4.Bölüm
🎯 HEX DECODE - m3u8 bulundu: https://vidlax.xyz/upload/08f8209a67703f8cc06ab396fc851ebb2b56/master.m3u8
      ✅ Deadloch - 1.Sezon 4.Bölüm - 1 m3u8
   🔍 [5/8] Bölüm: https://diziyiizle2.com/deadloch/1-sezon-5-bolum/
📺 Embed URL bulundu: https://vidlax.xyz/embed/6da17b809d3ff2e9
🔍 Embed URL kontrol ediliyor: https://vidlax.xyz/embed/6da17b809d3ff2e9
📄 Embed sayfa içeriği alındı, boyut: 39533 karakter
🎬 Video Başlığı: Deadloch
📝 Video Açıklaması: 1.Sezon 5.Bölüm
🎯 Tam Başlık: Deadloch - 1.Sezon 5.Bölüm
🎯 HEX DECODE - m3u8 bulundu: https://vidlax.xyz/upload/9ad239b11549a9e76aaa56dbfd5987fbbd06/master.m3u8
      ✅ Deadloch - 1.Sezon 5.Bölüm - 1 m3u8
   🔍 [6/8] Bölüm: https://diziyiizle2.com/deadloch/1-sezon-6-bolum/
📺 Embed URL bulundu: https://vidlax.xyz/embed/1d6285bc782408a3
🔍 Embed URL kontrol ediliyor: https://vidlax.xyz/embed/1d6285bc782408a3
📄 Embed sayfa içeriği alındı, boyut: 39533 karakter
🎬 Video Başlığı: Deadloch
📝 Video Açıklaması: 1.Sezon 6.Bölüm
🎯 Tam Başlık: Deadloch - 1.Sezon 6.Bölüm
🎯 HEX DECODE - m3u8 bulundu: https://vidlax.xyz/upload/032e29c6b052f436de381c1ac0ae3b81ee5b/master.m3u8
      ✅ Deadloch - 1.Sezon 6.Bölüm - 1 m3u8
   🔍 [7/8] Bölüm: https://diziyiizle2.com/deadloch/1-sezon-7-bolum/
📺 Embed URL bulundu: https://vidlax.xyz/embed/c7a42a54ab98020a
🔍 Embed URL kontrol ediliyor: https://vidlax.xyz/embed/c7a42a54ab98020a
📄 Embed sayfa içeriği alındı, boyut: 39533 karakter
🎬 Video Başlığı: Deadloch
📝 Video Açıklaması: 1.Sezon 7.Bölüm
🎯 Tam Başlık: Deadloch - 1.Sezon 7.Bölüm
🎯 HEX DECODE - m3u8 bulundu: https://vidlax.xyz/upload/ba91faefd892cf325dddd2d1cb4d43835ace/master.m3u8
      ✅ Deadloch - 1.Sezon 7.Bölüm - 1 m3u8
   🔍 [8/8] Bölüm: https://diziyiizle2.com/deadloch/1-sezon-8-bolum/
📺 Embed URL bulundu: https://vidlax.xyz/embed/f1aeb0b8492c698d
🔍 Embed URL kontrol ediliyor: https://vidlax.xyz/embed/f1aeb0b8492c698d
📄 Embed sayfa içeriği alındı, boyut: 39533 karakter
🎬 Video Başlığı: Deadloch
📝 Video Açıklaması: 1.Sezon 8.Bölüm
🎯 Tam Başlık: Deadloch - 1.Sezon 8.Bölüm
🎯 HEX DECODE - m3u8 bulundu: https://vidlax.xyz/upload/c0875e19d362f0820b822ea5570a4254d939/master.m3u8
      ✅ Deadloch - 1.Sezon 8.Bölüm - 1 m3u8
      📁 Dizi playlist: playlists/deadloch_playlist.m3u
   ✅ Dizi tamamlandı: 8 m3u8 eklendi

============================================================
🎬 [42/56] İşleniyor: https://diziyiizle2.com/dizi/camino-a-arcadia/
📺 Bölüm bulundu: 1. Sezon 1. BölümAltyazılı07.10.202547 dk. - https://diziyiizle2.com/camino-a-arcadia/1-sezon-1-bolum/
📺 Bölüm bulundu: 1. Sezon 2. BölümAltyazılı07.10.202547 dk. - https://diziyiizle2.com/camino-a-arcadia/1-sezon-2-bolum/
📺 Bölüm bulundu: 1. Sezon 3. BölümAltyazılı07.10.202549 dk. - https://diziyiizle2.com/camino-a-arcadia/1-sezon-3-bolum/
📺 Bölüm bulundu: 1. Sezon 4. BölümAltyazılı07.10.202551 dk. - https://diziyiizle2.com/camino-a-arcadia/1-sezon-4-bolum/
📺 Bölüm bulundu: 1. Sezon 5. BölümAltyazılı07.10.202550 dk. - https://diziyiizle2.com/camino-a-arcadia/1-sezon-5-bolum/
📺 Bölüm bulundu: 1. Sezon 6. BölümAltyazılı07.10.202547 dk. - https://diziyiizle2.com/camino-a-arcadia/1-sezon-6-bolum/

📊 Toplam 6 bölüm bulundu
   🔍 [1/6] Bölüm: https://diziyiizle2.com/camino-a-arcadia/1-sezon-1-bolum/
📺 Embed URL bulundu: https://vidlax.xyz/embed/7c0ba656d2a6a2e4
🔍 Embed URL kontrol ediliyor: https://vidlax.xyz/embed/7c0ba656d2a6a2e4
📄 Embed sayfa içeriği alındı, boyut: 39541 karakter
🎬 Video Başlığı: Camino a Arcadia
📝 Video Açıklaması: 1.Sezon 1.Bölüm
🎯 Tam Başlık: Camino a Arcadia - 1.Sezon 1.Bölüm
🎯 HEX DECODE - m3u8 bulundu: https://vidlax.xyz/upload/136ba9237177a09eb9de028d845ef5317c3b/master.m3u8
      ✅ Camino a Arcadia - 1.Sezon 1.Bölüm - 1 m3u8
   🔍 [2/6] Bölüm: https://diziyiizle2.com/camino-a-arcadia/1-sezon-2-bolum/
📺 Embed URL bulundu: https://vidlax.xyz/embed/dc9e8bd95502f293
🔍 Embed URL kontrol ediliyor: https://vidlax.xyz/embed/dc9e8bd95502f293
📄 Embed sayfa içeriği alındı, boyut: 39714 karakter
🎬 Video Başlığı: Camino a Arcadia
📝 Video Açıklaması: 1.Sezon 2.Bölüm
🎯 Tam Başlık: Camino a Arcadia - 1.Sezon 2.Bölüm
🎯 HEX DECODE - m3u8 bulundu: https://vidlax.xyz/upload/4d50851e987cda26b0ec16e7e686562b5738/master.m3u8
      ✅ Camino a Arcadia - 1.Sezon 2.Bölüm - 1 m3u8
   🔍 [3/6] Bölüm: https://diziyiizle2.com/camino-a-arcadia/1-sezon-3-bolum/
📺 Embed URL bulundu: https://vidlax.xyz/embed/7e522a695f817877
🔍 Embed URL kontrol ediliyor: https://vidlax.xyz/embed/7e522a695f817877
📄 Embed sayfa içeriği alındı, boyut: 39714 karakter
🎬 Video Başlığı: Camino a Arcadia
📝 Video Açıklaması: 1.Sezon 3.Bölüm
🎯 Tam Başlık: Camino a Arcadia - 1.Sezon 3.Bölüm
🎯 HEX DECODE - m3u8 bulundu: https://vidlax.xyz/upload/027e145b697936a0380a3db89b133ef97860/master.m3u8
      ✅ Camino a Arcadia - 1.Sezon 3.Bölüm - 1 m3u8
   🔍 [4/6] Bölüm: https://diziyiizle2.com/camino-a-arcadia/1-sezon-4-bolum/
📺 Embed URL bulundu: https://vidlax.xyz/embed/7d8111b838db0042
🔍 Embed URL kontrol ediliyor: https://vidlax.xyz/embed/7d8111b838db0042
📄 Embed sayfa içeriği alındı, boyut: 39714 karakter
🎬 Video Başlığı: Camino a Arcadia
📝 Video Açıklaması: 1.Sezon 4.Bölüm
🎯 Tam Başlık: Camino a Arcadia - 1.Sezon 4.Bölüm
🎯 HEX DECODE - m3u8 bulundu: https://vidlax.xyz/upload/45ea9d02ac27bb7cf0c4b39716aa4b0f1d2e/master.m3u8
      ✅ Camino a Arcadia - 1.Sezon 4.Bölüm - 1 m3u8
   🔍 [5/6] Bölüm: https://diziyiizle2.com/camino-a-arcadia/1-sezon-5-bolum/
📺 Embed URL bulundu: https://vidlax.xyz/embed/f20e7b9b35f59328
🔍 Embed URL kontrol ediliyor: https://vidlax.xyz/embed/f20e7b9b35f59328
📄 Embed sayfa içeriği alındı, boyut: 39714 karakter
🎬 Video Başlığı: Camino a Arcadia
📝 Video Açıklaması: 1.Sezon 5.Bölüm
🎯 Tam Başlık: Camino a Arcadia - 1.Sezon 5.Bölüm
🎯 HEX DECODE - m3u8 bulundu: https://vidlax.xyz/upload/c3beea73e5306ff2087cc935d75ce7726f42/master.m3u8
      ✅ Camino a Arcadia - 1.Sezon 5.Bölüm - 1 m3u8
   🔍 [6/6] Bölüm: https://diziyiizle2.com/camino-a-arcadia/1-sezon-6-bolum/
📺 Embed URL bulundu: https://vidlax.xyz/embed/79816da0773fb4d9
🔍 Embed URL kontrol ediliyor: https://vidlax.xyz/embed/79816da0773fb4d9
📄 Embed sayfa içeriği alındı, boyut: 39714 karakter
🎬 Video Başlığı: Camino a Arcadia
📝 Video Açıklaması: 1.Sezon 6.Bölüm
🎯 Tam Başlık: Camino a Arcadia - 1.Sezon 6.Bölüm
🎯 HEX DECODE - m3u8 bulundu: https://vidlax.xyz/upload/dac262082e0689d69b6be2bfc23dfb2483a3/master.m3u8
      ✅ Camino a Arcadia - 1.Sezon 6.Bölüm - 1 m3u8
      📁 Dizi playlist: playlists/camino_a_arcadia_playlist.m3u
   ✅ Dizi tamamlandı: 6 m3u8 eklendi

============================================================
🎬 [43/56] İşleniyor: https://diziyiizle2.com/dizi/knutby/
📺 Bölüm bulundu: 1. Sezon 1. BölümAltyazılı07.10.202545 dk. - https://diziyiizle2.com/knutby/1-sezon-1-bolum/
📺 Bölüm bulundu: 1. Sezon 2. BölümAltyazılı07.10.202545 dk. - https://diziyiizle2.com/knutby/1-sezon-2-bolum/
📺 Bölüm bulundu: 1. Sezon 3. BölümAltyazılı07.10.202545 dk. - https://diziyiizle2.com/knutby/1-sezon-3-bolum/
📺 Bölüm bulundu: 1. Sezon 4. BölümAltyazılı07.10.202545 dk. - https://diziyiizle2.com/knutby/1-sezon-4-bolum/
📺 Bölüm bulundu: 1. Sezon 5. BölümAltyazılı07.10.202545 dk. - https://diziyiizle2.com/knutby/1-sezon-5-bolum/
📺 Bölüm bulundu: 1. Sezon 6. BölümAltyazılı07.10.202545 dk. - https://diziyiizle2.com/knutby/1-sezon-6-bolum/
📺 Bölüm bulundu: 2. Sezon 1. BölümAltyazılı07.10.202544 dk. - https://diziyiizle2.com/knutby/2-sezon-1-bolum/
📺 Bölüm bulundu: 2. Sezon 2. BölümAltyazılı07.10.202544 dk. - https://diziyiizle2.com/knutby/2-sezon-2-bolum/
📺 Bölüm bulundu: 2. Sezon 3. BölümAltyazılı07.10.202544 dk. - https://diziyiizle2.com/knutby/2-sezon-3-bolum/
📺 Bölüm bulundu: 2. Sezon 4. BölümAltyazılı07.10.202544 dk. - https://diziyiizle2.com/knutby/2-sezon-4-bolum/
📺 Bölüm bulundu: 2. Sezon 5. BölümAltyazılı07.10.202544 dk. - https://diziyiizle2.com/knutby/2-sezon-5-bolum/
📺 Bölüm bulundu: 2. Sezon 6. BölümAltyazılı07.10.202544 dk. - https://diziyiizle2.com/knutby/2-sezon-6-bolum/

📊 Toplam 12 bölüm bulundu
   🔍 [1/12] Bölüm: https://diziyiizle2.com/knutby/1-sezon-1-bolum/
📺 Embed URL bulundu: https://vidlax.xyz/embed/7eb74e211a6c5706
🔍 Embed URL kontrol ediliyor: https://vidlax.xyz/embed/7eb74e211a6c5706
📄 Embed sayfa içeriği alındı, boyut: 39531 karakter
🎬 Video Başlığı: Knutby
📝 Video Açıklaması: 1.Sezon 1.Bölüm
🎯 Tam Başlık: Knutby - 1.Sezon 1.Bölüm
🎯 HEX DECODE - m3u8 bulundu: https://vidlax.xyz/upload/aa4157798619095476886921edfb1d5ea103/master.m3u8
      ✅ Knutby - 1.Sezon 1.Bölüm - 1 m3u8
   🔍 [2/12] Bölüm: https://diziyiizle2.com/knutby/1-sezon-2-bolum/
📺 Embed URL bulundu: https://vidlax.xyz/embed/4ebcd69c41166d14
🔍 Embed URL kontrol ediliyor: https://vidlax.xyz/embed/4ebcd69c41166d14
📄 Embed sayfa içeriği alındı, boyut: 39531 karakter
🎬 Video Başlığı: Knutby
📝 Video Açıklaması: 1.Sezon 2.Bölüm
🎯 Tam Başlık: Knutby - 1.Sezon 2.Bölüm
🎯 HEX DECODE - m3u8 bulundu: https://vidlax.xyz/upload/44c45055d551710190307169876bec165a7e/master.m3u8
      ✅ Knutby - 1.Sezon 2.Bölüm - 1 m3u8
   🔍 [3/12] Bölüm: https://diziyiizle2.com/knutby/1-sezon-3-bolum/
📺 Embed URL bulundu: https://vidlax.xyz/embed/f0040e958737ae21
🔍 Embed URL kontrol ediliyor: https://vidlax.xyz/embed/f0040e958737ae21
📄 Embed sayfa içeriği alındı, boyut: 39531 karakter
🎬 Video Başlığı: Knutby
📝 Video Açıklaması: 1.Sezon 3.Bölüm
🎯 Tam Başlık: Knutby - 1.Sezon 3.Bölüm
🎯 HEX DECODE - m3u8 bulundu: https://vidlax.xyz/upload/79d02c7bfdc7d65e49cc9a53380d416ccfe1/master.m3u8
      ✅ Knutby - 1.Sezon 3.Bölüm - 1 m3u8
   🔍 [4/12] Bölüm: https://diziyiizle2.com/knutby/1-sezon-4-bolum/
📺 Embed URL bulundu: https://vidlax.xyz/embed/75cdc608c0ff1930
🔍 Embed URL kontrol ediliyor: https://vidlax.xyz/embed/75cdc608c0ff1930
📄 Embed sayfa içeriği alındı, boyut: 39531 karakter
🎬 Video Başlığı: Knutby
📝 Video Açıklaması: 1.Sezon 4.Bölüm
🎯 Tam Başlık: Knutby - 1.Sezon 4.Bölüm
🎯 HEX DECODE - m3u8 bulundu: https://vidlax.xyz/upload/7d942e6ca37a3c8a09734eb113c0f3abc05b/master.m3u8
      ✅ Knutby - 1.Sezon 4.Bölüm - 1 m3u8
   🔍 [5/12] Bölüm: https://diziyiizle2.com/knutby/1-sezon-5-bolum/
📺 Embed URL bulundu: https://vidlax.xyz/embed/9da57c3f0754c073
🔍 Embed URL kontrol ediliyor: https://vidlax.xyz/embed/9da57c3f0754c073
📄 Embed sayfa içeriği alındı, boyut: 39531 karakter
🎬 Video Başlığı: Knutby
📝 Video Açıklaması: 1.Sezon 5.Bölüm
🎯 Tam Başlık: Knutby - 1.Sezon 5.Bölüm
🎯 HEX DECODE - m3u8 bulundu: https://vidlax.xyz/upload/ed4636cd33a4d92cef63f82f3202a37d3d4b/master.m3u8
      ✅ Knutby - 1.Sezon 5.Bölüm - 1 m3u8
   🔍 [6/12] Bölüm: https://diziyiizle2.com/knutby/1-sezon-6-bolum/
📺 Embed URL bulundu: https://vidlax.xyz/embed/e9bb88d9f23c97cd
🔍 Embed URL kontrol ediliyor: https://vidlax.xyz/embed/e9bb88d9f23c97cd
📄 Embed sayfa içeriği alındı, boyut: 39531 karakter
🎬 Video Başlığı: Knutby
📝 Video Açıklaması: 1.Sezon 6.Bölüm
🎯 Tam Başlık: Knutby - 1.Sezon 6.Bölüm
🎯 HEX DECODE - m3u8 bulundu: https://vidlax.xyz/upload/c6262f230aa69594ea72800571de9eb43426/master.m3u8
      ✅ Knutby - 1.Sezon 6.Bölüm - 1 m3u8
   🔍 [7/12] Bölüm: https://diziyiizle2.com/knutby/2-sezon-1-bolum/
📺 Embed URL bulundu: https://vidlax.xyz/embed/d71a5a80eb1268b2
🔍 Embed URL kontrol ediliyor: https://vidlax.xyz/embed/d71a5a80eb1268b2
📄 Embed sayfa içeriği alındı, boyut: 39531 karakter
🎬 Video Başlığı: Knutby
📝 Video Açıklaması: 2.Sezon 1.Bölüm
🎯 Tam Başlık: Knutby - 2.Sezon 1.Bölüm
🎯 HEX DECODE - m3u8 bulundu: https://vidlax.xyz/upload/9fbea2ead275bad70d35a00808d49128cd6f/master.m3u8
      ✅ Knutby - 2.Sezon 1.Bölüm - 1 m3u8
   🔍 [8/12] Bölüm: https://diziyiizle2.com/knutby/2-sezon-2-bolum/
📺 Embed URL bulundu: https://vidlax.xyz/embed/c202c8a8aca7c349
🔍 Embed URL kontrol ediliyor: https://vidlax.xyz/embed/c202c8a8aca7c349
📄 Embed sayfa içeriği alındı, boyut: 39531 karakter
🎬 Video Başlığı: Knutby
📝 Video Açıklaması: 2.Sezon 2.Bölüm
🎯 Tam Başlık: Knutby - 2.Sezon 2.Bölüm
🎯 HEX DECODE - m3u8 bulundu: https://vidlax.xyz/upload/de7a68a6471882473bc323b199f17a495202/master.m3u8
      ✅ Knutby - 2.Sezon 2.Bölüm - 1 m3u8
   🔍 [9/12] Bölüm: https://diziyiizle2.com/knutby/2-sezon-3-bolum/
📺 Embed URL bulundu: https://vidlax.xyz/embed/0ab3d61a93381783
🔍 Embed URL kontrol ediliyor: https://vidlax.xyz/embed/0ab3d61a93381783
📄 Embed sayfa içeriği alındı, boyut: 39531 karakter
🎬 Video Başlığı: Knutby
📝 Video Açıklaması: 2.Sezon 3.Bölüm
🎯 Tam Başlık: Knutby - 2.Sezon 3.Bölüm
🎯 HEX DECODE - m3u8 bulundu: https://vidlax.xyz/upload/0f12193ac6d5e63d51ab5cad45722679af4c/master.m3u8
      ✅ Knutby - 2.Sezon 3.Bölüm - 1 m3u8
   🔍 [10/12] Bölüm: https://diziyiizle2.com/knutby/2-sezon-4-bolum/
📺 Embed URL bulundu: https://vidlax.xyz/embed/8250f43f5fbfe5ab
🔍 Embed URL kontrol ediliyor: https://vidlax.xyz/embed/8250f43f5fbfe5ab
📄 Embed sayfa içeriği alındı, boyut: 39531 karakter
🎬 Video Başlığı: Knutby
📝 Video Açıklaması: 2.Sezon 4.Bölüm
🎯 Tam Başlık: Knutby - 2.Sezon 4.Bölüm
🎯 HEX DECODE - m3u8 bulundu: https://vidlax.xyz/upload/ea171f2f33aefefc6ece3edc461ddb485686/master.m3u8
      ✅ Knutby - 2.Sezon 4.Bölüm - 1 m3u8
   🔍 [11/12] Bölüm: https://diziyiizle2.com/knutby/2-sezon-5-bolum/
📺 Embed URL bulundu: https://vidlax.xyz/embed/e87c2821f2e36890
🔍 Embed URL kontrol ediliyor: https://vidlax.xyz/embed/e87c2821f2e36890
📄 Embed sayfa içeriği alındı, boyut: 39531 karakter
🎬 Video Başlığı: Knutby
📝 Video Açıklaması: 2.Sezon 5.Bölüm
🎯 Tam Başlık: Knutby - 2.Sezon 5.Bölüm
🎯 HEX DECODE - m3u8 bulundu: https://vidlax.xyz/upload/e49a08c4575427560f569a619b6fd5f3d178/master.m3u8
      ✅ Knutby - 2.Sezon 5.Bölüm - 1 m3u8
   🔍 [12/12] Bölüm: https://diziyiizle2.com/knutby/2-sezon-6-bolum/
📺 Embed URL bulundu: https://vidlax.xyz/embed/d954a48c4a935942
🔍 Embed URL kontrol ediliyor: https://vidlax.xyz/embed/d954a48c4a935942
📄 Embed sayfa içeriği alındı, boyut: 39531 karakter
🎬 Video Başlığı: Knutby
📝 Video Açıklaması: 2.Sezon 6.Bölüm
🎯 Tam Başlık: Knutby - 2.Sezon 6.Bölüm
🎯 HEX DECODE - m3u8 bulundu: https://vidlax.xyz/upload/3cd968f5eb3a6117ddbf4b74fd81768acd4d/master.m3u8
      ✅ Knutby - 2.Sezon 6.Bölüm - 1 m3u8
      📁 Dizi playlist: playlists/knutby_playlist.m3u
   ✅ Dizi tamamlandı: 12 m3u8 eklendi

============================================================
🎬 [44/56] İşleniyor: https://diziyiizle2.com/dizi/true-haunting/
📺 Bölüm bulundu: 1. Sezon 1. BölümAltyazılı07.10.2025 - https://diziyiizle2.com/true-haunting/1-sezon-1-bolum/
📺 Bölüm bulundu: 1. Sezon 2. BölümAltyazılı07.10.2025 - https://diziyiizle2.com/true-haunting/1-sezon-2-bolum/
📺 Bölüm bulundu: 1. Sezon 3. BölümAltyazılı07.10.2025 - https://diziyiizle2.com/true-haunting/1-sezon-3-bolum/
📺 Bölüm bulundu: 1. Sezon 4. BölümAltyazılı07.10.2025 - https://diziyiizle2.com/true-haunting/1-sezon-4-bolum/
📺 Bölüm bulundu: 1. Sezon 5. BölümAltyazılı07.10.2025 - https://diziyiizle2.com/true-haunting/1-sezon-5-bolum/

📊 Toplam 5 bölüm bulundu
   🔍 [1/5] Bölüm: https://diziyiizle2.com/true-haunting/1-sezon-1-bolum/
📺 Embed URL bulundu: https://vidlax.xyz/embed/f7b68e4bff9d7637
🔍 Embed URL kontrol ediliyor: https://vidlax.xyz/embed/f7b68e4bff9d7637
📄 Embed sayfa içeriği alındı, boyut: 39711 karakter
🎬 Video Başlığı: True Haunting
📝 Video Açıklaması: 1.Sezon 1.Bölüm
🎯 Tam Başlık: True Haunting - 1.Sezon 1.Bölüm
🎯 HEX DECODE - m3u8 bulundu: https://vidlax.xyz/upload/dc8f8ffa757131b06e2c8c436afb2a0f291a/master.m3u8
      ✅ True Haunting - 1.Sezon 1.Bölüm - 1 m3u8
   🔍 [2/5] Bölüm: https://diziyiizle2.com/true-haunting/1-sezon-2-bolum/
📺 Embed URL bulundu: https://vidlax.xyz/embed/99d8ff824f0590be
🔍 Embed URL kontrol ediliyor: https://vidlax.xyz/embed/99d8ff824f0590be
📄 Embed sayfa içeriği alındı, boyut: 39711 karakter
🎬 Video Başlığı: True Haunting
📝 Video Açıklaması: 1.Sezon 2.Bölüm
🎯 Tam Başlık: True Haunting - 1.Sezon 2.Bölüm
🎯 HEX DECODE - m3u8 bulundu: https://vidlax.xyz/upload/758a4cc986569c1b6c3c4fa95e9e5a2f6de8/master.m3u8
      ✅ True Haunting - 1.Sezon 2.Bölüm - 1 m3u8
   🔍 [3/5] Bölüm: https://diziyiizle2.com/true-haunting/1-sezon-3-bolum/
📺 Embed URL bulundu: https://vidlax.xyz/embed/ab25b56e139c8bdc
🔍 Embed URL kontrol ediliyor: https://vidlax.xyz/embed/ab25b56e139c8bdc
📄 Embed sayfa içeriği alındı, boyut: 39711 karakter
🎬 Video Başlığı: True Haunting
📝 Video Açıklaması: 1.Sezon 3.Bölüm
🎯 Tam Başlık: True Haunting - 1.Sezon 3.Bölüm
🎯 HEX DECODE - m3u8 bulundu: https://vidlax.xyz/upload/03f0c935fbd436e6e18171294ed5270a05bc/master.m3u8
      ✅ True Haunting - 1.Sezon 3.Bölüm - 1 m3u8
   🔍 [4/5] Bölüm: https://diziyiizle2.com/true-haunting/1-sezon-4-bolum/
📺 Embed URL bulundu: https://vidlax.xyz/embed/c26c93c76bc6820c
🔍 Embed URL kontrol ediliyor: https://vidlax.xyz/embed/c26c93c76bc6820c
📄 Embed sayfa içeriği alındı, boyut: 39711 karakter
🎬 Video Başlığı: True Haunting
📝 Video Açıklaması: 1.Sezon 4.Bölüm
🎯 Tam Başlık: True Haunting - 1.Sezon 4.Bölüm
🎯 HEX DECODE - m3u8 bulundu: https://vidlax.xyz/upload/1d4da3d7df293b9ce8fa6a0ba187aad70c70/master.m3u8
      ✅ True Haunting - 1.Sezon 4.Bölüm - 1 m3u8
   🔍 [5/5] Bölüm: https://diziyiizle2.com/true-haunting/1-sezon-5-bolum/
📺 Embed URL bulundu: https://vidlax.xyz/embed/6ec1b5f1433dd819
🔍 Embed URL kontrol ediliyor: https://vidlax.xyz/embed/6ec1b5f1433dd819
📄 Embed sayfa içeriği alındı, boyut: 39711 karakter
🎬 Video Başlığı: True Haunting
📝 Video Açıklaması: 1.Sezon 5.Bölüm
🎯 Tam Başlık: True Haunting - 1.Sezon 5.Bölüm
🎯 HEX DECODE - m3u8 bulundu: https://vidlax.xyz/upload/0075f942ff7d8bcccdfacdff1a81bc49e193/master.m3u8
      ✅ True Haunting - 1.Sezon 5.Bölüm - 1 m3u8
      📁 Dizi playlist: playlists/true_haunting_playlist.m3u
   ✅ Dizi tamamlandı: 5 m3u8 eklendi

============================================================
🎬 [45/56] İşleniyor: https://diziyiizle2.com/dizi/dr-seusss-horton-1/
📺 Bölüm bulundu: 1. Sezon 1. BölümDublaj07.10.202525 dk. - https://diziyiizle2.com/dr-seusss-horton-1/1-sezon-1-bolum/
📺 Bölüm bulundu: 1. Sezon 2. BölümAltyazılı07.10.202523 dk. - https://diziyiizle2.com/dr-seusss-horton-1/1-sezon-2-bolum/
📺 Bölüm bulundu: 1. Sezon 3. BölümDublaj07.10.202523 dk. - https://diziyiizle2.com/dr-seusss-horton-1/1-sezon-3-bolum/
📺 Bölüm bulundu: 1. Sezon 4. BölümDublaj07.10.202523 dk. - https://diziyiizle2.com/dr-seusss-horton-1/1-sezon-4-bolum/
📺 Bölüm bulundu: 1. Sezon 5. BölümDublaj07.10.202524 dk. - https://diziyiizle2.com/dr-seusss-horton-1/1-sezon-5-bolum/
📺 Bölüm bulundu: 1. Sezon 6. BölümDublaj07.10.202524 dk. - https://diziyiizle2.com/dr-seusss-horton-1/1-sezon-6-bolum/
📺 Bölüm bulundu: 1. Sezon 7. BölümDublaj07.10.202523 dk. - https://diziyiizle2.com/dr-seusss-horton-1/1-sezon-7-bolum/

📊 Toplam 7 bölüm bulundu
   🔍 [1/7] Bölüm: https://diziyiizle2.com/dr-seusss-horton-1/1-sezon-1-bolum/
📺 Embed URL bulundu: https://vidlax.xyz/embed/6c600593871f8763
🔍 Embed URL kontrol ediliyor: https://vidlax.xyz/embed/6c600593871f8763
📄 Embed sayfa içeriği alındı, boyut: 43478 karakter
🎬 Video Başlığı: Dr. Seuss&#039;s Horton!
📝 Video Açıklaması: 1.Sezon 1.Bölüm
🎯 Tam Başlık: Dr. Seuss&#039;s Horton! - 1.Sezon 1.Bölüm
🎯 HEX DECODE - m3u8 bulundu: https://vidlax.xyz/upload/c94b32485356a2610125943946156647549e/master.m3u8
      ✅ Dr. Seuss&#039;s Horton! - 1.Sezon 1.Bölüm - 1 m3u8
   🔍 [2/7] Bölüm: https://diziyiizle2.com/dr-seusss-horton-1/1-sezon-2-bolum/
📺 Embed URL bulundu: https://vidlax.xyz/embed/fc18cce28e4beae1
🔍 Embed URL kontrol ediliyor: https://vidlax.xyz/embed/fc18cce28e4beae1
📄 Embed sayfa içeriği alındı, boyut: 42968 karakter
🎬 Video Başlığı: Dr. Seuss&#039;s Horton!
📝 Video Açıklaması: 1.Sezon 2.Bölüm
🎯 Tam Başlık: Dr. Seuss&#039;s Horton! - 1.Sezon 2.Bölüm
🎯 HEX DECODE - m3u8 bulundu: https://vidlax.xyz/upload/33b4ced0959f19266ed9ac9db74d25eb18cb/master.m3u8
      ✅ Dr. Seuss&#039;s Horton! - 1.Sezon 2.Bölüm - 1 m3u8
   🔍 [3/7] Bölüm: https://diziyiizle2.com/dr-seusss-horton-1/1-sezon-3-bolum/
📺 Embed URL bulundu: https://vidlax.xyz/embed/96f9ee7404b6c50a
🔍 Embed URL kontrol ediliyor: https://vidlax.xyz/embed/96f9ee7404b6c50a
📄 Embed sayfa içeriği alındı, boyut: 42968 karakter
🎬 Video Başlığı: Dr. Seuss&#039;s Horton!
📝 Video Açıklaması: 1.Sezon 3.Bölüm
🎯 Tam Başlık: Dr. Seuss&#039;s Horton! - 1.Sezon 3.Bölüm
🎯 HEX DECODE - m3u8 bulundu: https://vidlax.xyz/upload/d0409d5013ced6f8c1cdbd2af769d9bbb2ac/master.m3u8
      ✅ Dr. Seuss&#039;s Horton! - 1.Sezon 3.Bölüm - 1 m3u8
   🔍 [4/7] Bölüm: https://diziyiizle2.com/dr-seusss-horton-1/1-sezon-4-bolum/
📺 Embed URL bulundu: https://vidlax.xyz/embed/3ab8f317764ee2a6
🔍 Embed URL kontrol ediliyor: https://vidlax.xyz/embed/3ab8f317764ee2a6
📄 Embed sayfa içeriği alındı, boyut: 42968 karakter
🎬 Video Başlığı: Dr. Seuss&#039;s Horton!
📝 Video Açıklaması: 1.Sezon 4.Bölüm
🎯 Tam Başlık: Dr. Seuss&#039;s Horton! - 1.Sezon 4.Bölüm
🎯 HEX DECODE - m3u8 bulundu: https://vidlax.xyz/upload/c0596e43dde57159f15fa6e389173edf4c4e/master.m3u8
      ✅ Dr. Seuss&#039;s Horton! - 1.Sezon 4.Bölüm - 1 m3u8
   🔍 [5/7] Bölüm: https://diziyiizle2.com/dr-seusss-horton-1/1-sezon-5-bolum/
📺 Embed URL bulundu: https://vidlax.xyz/embed/403d8e564f24e81f
🔍 Embed URL kontrol ediliyor: https://vidlax.xyz/embed/403d8e564f24e81f
📄 Embed sayfa içeriği alındı, boyut: 42968 karakter
🎬 Video Başlığı: Dr. Seuss&#039;s Horton!
📝 Video Açıklaması: 1.Sezon 5.Bölüm
🎯 Tam Başlık: Dr. Seuss&#039;s Horton! - 1.Sezon 5.Bölüm
🎯 HEX DECODE - m3u8 bulundu: https://vidlax.xyz/upload/790a3bfc3f1c4c701737224ff2d5fed8b9cc/master.m3u8
      ✅ Dr. Seuss&#039;s Horton! - 1.Sezon 5.Bölüm - 1 m3u8
   🔍 [6/7] Bölüm: https://diziyiizle2.com/dr-seusss-horton-1/1-sezon-6-bolum/
📺 Embed URL bulundu: https://vidlax.xyz/embed/7b15c8f2ab3b2ac9
🔍 Embed URL kontrol ediliyor: https://vidlax.xyz/embed/7b15c8f2ab3b2ac9
📄 Embed sayfa içeriği alındı, boyut: 42968 karakter
🎬 Video Başlığı: Dr. Seuss&#039;s Horton!
📝 Video Açıklaması: 1.Sezon 6.Bölüm
🎯 Tam Başlık: Dr. Seuss&#039;s Horton! - 1.Sezon 6.Bölüm
🎯 HEX DECODE - m3u8 bulundu: https://vidlax.xyz/upload/76584aff1a2d3ec3cef9d0fed6d32aedc1c5/master.m3u8
      ✅ Dr. Seuss&#039;s Horton! - 1.Sezon 6.Bölüm - 1 m3u8
   🔍 [7/7] Bölüm: https://diziyiizle2.com/dr-seusss-horton-1/1-sezon-7-bolum/
📺 Embed URL bulundu: https://vidlax.xyz/embed/5ca2fae99240662d
🔍 Embed URL kontrol ediliyor: https://vidlax.xyz/embed/5ca2fae99240662d
📄 Embed sayfa içeriği alındı, boyut: 42968 karakter
🎬 Video Başlığı: Dr. Seuss&#039;s Horton!
📝 Video Açıklaması: 1.Sezon 7.Bölüm
🎯 Tam Başlık: Dr. Seuss&#039;s Horton! - 1.Sezon 7.Bölüm
🎯 HEX DECODE - m3u8 bulundu: https://vidlax.xyz/upload/0f211990c84263d64d6121a43288669590a6/master.m3u8
      ✅ Dr. Seuss&#039;s Horton! - 1.Sezon 7.Bölüm - 1 m3u8
      📁 Dizi playlist: playlists/dr_seusss_horton_1_playlist.m3u
   ✅ Dizi tamamlandı: 7 m3u8 eklendi

============================================================
🎬 [46/56] İşleniyor: https://diziyiizle2.com/dizi/zero-day/
📺 Bölüm bulundu: 1. Sezon 1. BölümDublaj05.10.202550 dk. - https://diziyiizle2.com/zero-day/1-sezon-1-bolum/
📺 Bölüm bulundu: 1. Sezon 2. BölümDublaj05.10.202559 dk. - https://diziyiizle2.com/zero-day/1-sezon-2-bolum/
📺 Bölüm bulundu: 1. Sezon 3. BölümDublaj05.10.202551 dk. - https://diziyiizle2.com/zero-day/1-sezon-3-bolum/
📺 Bölüm bulundu: 1. Sezon 4. BölümDublaj05.10.202554 dk. - https://diziyiizle2.com/zero-day/1-sezon-4-bolum/
📺 Bölüm bulundu: 1. Sezon 5. BölümDublaj05.10.202544 dk. - https://diziyiizle2.com/zero-day/1-sezon-5-bolum/
📺 Bölüm bulundu: 1. Sezon 6. BölümDublaj05.10.202554 dk. - https://diziyiizle2.com/zero-day/1-sezon-6-bolum/

📊 Toplam 6 bölüm bulundu
   🔍 [1/6] Bölüm: https://diziyiizle2.com/zero-day/1-sezon-1-bolum/
📺 Embed URL bulundu: https://vidlax.xyz/embed/2952f8268810f410
🔍 Embed URL kontrol ediliyor: https://vidlax.xyz/embed/2952f8268810f410
📄 Embed sayfa içeriği alındı, boyut: 40397 karakter
🎬 Video Başlığı: Zero Day
📝 Video Açıklaması: 1.Sezon 1.Bölüm
🎯 Tam Başlık: Zero Day - 1.Sezon 1.Bölüm
🎯 HEX DECODE - m3u8 bulundu: https://vidlax.xyz/upload/475d7a527b32bb690f84dcf0375574f1f95c/master.m3u8
      ✅ Zero Day - 1.Sezon 1.Bölüm - 1 m3u8
   🔍 [2/6] Bölüm: https://diziyiizle2.com/zero-day/1-sezon-2-bolum/
📺 Embed URL bulundu: https://vidlax.xyz/embed/b926f5834172e304
🔍 Embed URL kontrol ediliyor: https://vidlax.xyz/embed/b926f5834172e304
📄 Embed sayfa içeriği alındı, boyut: 40553 karakter
🎬 Video Başlığı: Zero Day
📝 Video Açıklaması: 1.Sezon 2.Bölüm
🎯 Tam Başlık: Zero Day - 1.Sezon 2.Bölüm
🎯 HEX DECODE - m3u8 bulundu: https://vidlax.xyz/upload/69b46081de9b21e525efae28cc650e4e9bd9/master.m3u8
      ✅ Zero Day - 1.Sezon 2.Bölüm - 1 m3u8
   🔍 [3/6] Bölüm: https://diziyiizle2.com/zero-day/1-sezon-3-bolum/
📺 Embed URL bulundu: https://vidlax.xyz/embed/85623edd4e0b16bc
🔍 Embed URL kontrol ediliyor: https://vidlax.xyz/embed/85623edd4e0b16bc
📄 Embed sayfa içeriği alındı, boyut: 40395 karakter
🎬 Video Başlığı: Zero Day
📝 Video Açıklaması: 1.Sezon 3.Bölüm
🎯 Tam Başlık: Zero Day - 1.Sezon 3.Bölüm
🎯 HEX DECODE - m3u8 bulundu: https://vidlax.xyz/upload/3d7dba32c2107afa74e12d1f64dc3754269c/master.m3u8
      ✅ Zero Day - 1.Sezon 3.Bölüm - 1 m3u8
   🔍 [4/6] Bölüm: https://diziyiizle2.com/zero-day/1-sezon-4-bolum/
📺 Embed URL bulundu: https://vidlax.xyz/embed/3384ace9dfa9fd0c
🔍 Embed URL kontrol ediliyor: https://vidlax.xyz/embed/3384ace9dfa9fd0c
📄 Embed sayfa içeriği alındı, boyut: 40551 karakter
🎬 Video Başlığı: Zero Day
📝 Video Açıklaması: 1.Sezon 4.Bölüm
🎯 Tam Başlık: Zero Day - 1.Sezon 4.Bölüm
🎯 HEX DECODE - m3u8 bulundu: https://vidlax.xyz/upload/f94f74ce214ed0f345ae517bf555c88de51e/master.m3u8
      ✅ Zero Day - 1.Sezon 4.Bölüm - 1 m3u8
   🔍 [5/6] Bölüm: https://diziyiizle2.com/zero-day/1-sezon-5-bolum/
📺 Embed URL bulundu: https://vidlax.xyz/embed/b6d1bf90376ff152
🔍 Embed URL kontrol ediliyor: https://vidlax.xyz/embed/b6d1bf90376ff152
📄 Embed sayfa içeriği alındı, boyut: 40220 karakter
🎬 Video Başlığı: Zero Day
📝 Video Açıklaması: 1.Sezon 5.Bölüm
🎯 Tam Başlık: Zero Day - 1.Sezon 5.Bölüm
🎯 HEX DECODE - m3u8 bulundu: https://vidlax.xyz/upload/d073d1a4bcf302e615e7455042387285c57a/master.m3u8
      ✅ Zero Day - 1.Sezon 5.Bölüm - 1 m3u8
   🔍 [6/6] Bölüm: https://diziyiizle2.com/zero-day/1-sezon-6-bolum/
📺 Embed URL bulundu: https://vidlax.xyz/embed/fe70d809e2673afa
🔍 Embed URL kontrol ediliyor: https://vidlax.xyz/embed/fe70d809e2673afa
📄 Embed sayfa içeriği alındı, boyut: 40395 karakter
🎬 Video Başlığı: Zero Day
📝 Video Açıklaması: 1.Sezon 6.Bölüm
🎯 Tam Başlık: Zero Day - 1.Sezon 6.Bölüm
🎯 HEX DECODE - m3u8 bulundu: https://vidlax.xyz/upload/009a36ab19f9cd7e0253b6bc95973946ba13/master.m3u8
      ✅ Zero Day - 1.Sezon 6.Bölüm - 1 m3u8
      📁 Dizi playlist: playlists/zero_day_playlist.m3u
   ✅ Dizi tamamlandı: 6 m3u8 eklendi

============================================================
🎬 [47/56] İşleniyor: https://diziyiizle2.com/dizi/skiftet/
📺 Bölüm bulundu: 1. Sezon 1. BölümDublaj03.10.202540 dk. - https://diziyiizle2.com/skiftet/1-sezon-1-bolum/
📺 Bölüm bulundu: 1. Sezon 2. BölümDublaj03.10.202539 dk. - https://diziyiizle2.com/skiftet/1-sezon-2-bolum/
📺 Bölüm bulundu: 1. Sezon 3. BölümDublaj03.10.202537 dk. - https://diziyiizle2.com/skiftet/1-sezon-3-bolum/
📺 Bölüm bulundu: 1. Sezon 4. BölümDublaj03.10.202539 dk. - https://diziyiizle2.com/skiftet/1-sezon-4-bolum/
📺 Bölüm bulundu: 1. Sezon 5. BölümAltyazılı03.10.202543 dk. - https://diziyiizle2.com/skiftet/1-sezon-5-bolum/
📺 Bölüm bulundu: 1. Sezon 6. BölümDublaj03.10.202541 dk. - https://diziyiizle2.com/skiftet/1-sezon-6-bolum/

📊 Toplam 6 bölüm bulundu
   🔍 [1/6] Bölüm: https://diziyiizle2.com/skiftet/1-sezon-1-bolum/
📺 Embed URL bulundu: https://vidlax.xyz/embed/b7615f689d1bb90e
🔍 Embed URL kontrol ediliyor: https://vidlax.xyz/embed/b7615f689d1bb90e
📄 Embed sayfa içeriği alındı, boyut: 42978 karakter
🎬 Video Başlığı: The New Force
📝 Video Açıklaması: 1.Sezon 1.Bölüm
🎯 Tam Başlık: The New Force - 1.Sezon 1.Bölüm
🎯 HEX DECODE - m3u8 bulundu: https://vidlax.xyz/upload/582b174078c2100d5c95ddf1456a71d47940/master.m3u8
      ✅ The New Force - 1.Sezon 1.Bölüm - 1 m3u8
   🔍 [2/6] Bölüm: https://diziyiizle2.com/skiftet/1-sezon-2-bolum/
📺 Embed URL bulundu: https://vidlax.xyz/embed/ced62b05dfb461e0
🔍 Embed URL kontrol ediliyor: https://vidlax.xyz/embed/ced62b05dfb461e0
📄 Embed sayfa içeriği alındı, boyut: 42792 karakter
🎬 Video Başlığı: The New Force
📝 Video Açıklaması: 1.Sezon 2.Bölüm
🎯 Tam Başlık: The New Force - 1.Sezon 2.Bölüm
🎯 HEX DECODE - m3u8 bulundu: https://vidlax.xyz/upload/0d663f76713626cc4b74411cc02d09f1df80/master.m3u8
      ✅ The New Force - 1.Sezon 2.Bölüm - 1 m3u8
   🔍 [3/6] Bölüm: https://diziyiizle2.com/skiftet/1-sezon-3-bolum/
📺 Embed URL bulundu: https://vidlax.xyz/embed/8e6256ec217a94df
🔍 Embed URL kontrol ediliyor: https://vidlax.xyz/embed/8e6256ec217a94df
📄 Embed sayfa içeriği alındı, boyut: 42970 karakter
🎬 Video Başlığı: The New Force
📝 Video Açıklaması: 1.Sezon 3.Bölüm
🎯 Tam Başlık: The New Force - 1.Sezon 3.Bölüm
🎯 HEX DECODE - m3u8 bulundu: https://vidlax.xyz/upload/2cfa1bb4ff0ce09543b2d8134151e6953377/master.m3u8
      ✅ The New Force - 1.Sezon 3.Bölüm - 1 m3u8
   🔍 [4/6] Bölüm: https://diziyiizle2.com/skiftet/1-sezon-4-bolum/
📺 Embed URL bulundu: https://vidlax.xyz/embed/ee47670d7705df5c
🔍 Embed URL kontrol ediliyor: https://vidlax.xyz/embed/ee47670d7705df5c
📄 Embed sayfa içeriği alındı, boyut: 42978 karakter
🎬 Video Başlığı: The New Force
📝 Video Açıklaması: 1.Sezon 4.Bölüm
🎯 Tam Başlık: The New Force - 1.Sezon 4.Bölüm
🎯 HEX DECODE - m3u8 bulundu: https://vidlax.xyz/upload/30b72d1653c0f36e26220288f1074635599a/master.m3u8
      ✅ The New Force - 1.Sezon 4.Bölüm - 1 m3u8
   🔍 [5/6] Bölüm: https://diziyiizle2.com/skiftet/1-sezon-5-bolum/

🔍 Vidlax direkt analizi: https://diziyiizle2.com/skiftet/1-sezon-5-bolum/
📄 Sayfa içeriği alındı: 92752 karakter
❌ m3u8 URL'si bulunamadı
      ❌ m3u8 bulunamadı
   🔍 [6/6] Bölüm: https://diziyiizle2.com/skiftet/1-sezon-6-bolum/
📺 Embed URL bulundu: https://vidlax.xyz/embed/5b4ac96494e7c083
🔍 Embed URL kontrol ediliyor: https://vidlax.xyz/embed/5b4ac96494e7c083
📄 Embed sayfa içeriği alındı, boyut: 42981 karakter
🎬 Video Başlığı: The New Force
📝 Video Açıklaması: 1.Sezon 6.Bölüm
🎯 Tam Başlık: The New Force - 1.Sezon 6.Bölüm
🎯 HEX DECODE - m3u8 bulundu: https://vidlax.xyz/upload/6669341d4d846f14cde7249c02b70936a115/master.m3u8
      ✅ The New Force - 1.Sezon 6.Bölüm - 1 m3u8
      📁 Dizi playlist: playlists/skiftet_playlist.m3u
   ✅ Dizi tamamlandı: 5 m3u8 eklendi

============================================================
🎬 [48/56] İşleniyor: https://diziyiizle2.com/dizi/canavar-ed-geinin-hikayesi/
📺 Bölüm bulundu: 1. Sezon 1. BölümAltyazılı03.10.2025 - https://diziyiizle2.com/canavar-ed-geinin-hikayesi/1-sezon-1-bolum/
📺 Bölüm bulundu: 1. Sezon 2. BölümAltyazılı03.10.2025 - https://diziyiizle2.com/canavar-ed-geinin-hikayesi/1-sezon-2-bolum/
📺 Bölüm bulundu: 1. Sezon 3. BölümAltyazılı03.10.2025 - https://diziyiizle2.com/canavar-ed-geinin-hikayesi/1-sezon-3-bolum/
📺 Bölüm bulundu: 1. Sezon 4. BölümAltyazılı03.10.2025 - https://diziyiizle2.com/canavar-ed-geinin-hikayesi/1-sezon-4-bolum/
📺 Bölüm bulundu: 1. Sezon 5. BölümAltyazılı03.10.2025 - https://diziyiizle2.com/canavar-ed-geinin-hikayesi/1-sezon-5-bolum/
📺 Bölüm bulundu: 1. Sezon 6. BölümAltyazılı03.10.2025 - https://diziyiizle2.com/canavar-ed-geinin-hikayesi/1-sezon-6-bolum/
📺 Bölüm bulundu: 1. Sezon 7. BölümAltyazılı03.10.2025 - https://diziyiizle2.com/canavar-ed-geinin-hikayesi/1-sezon-7-bolum/
📺 Bölüm bulundu: 1. Sezon 8. BölümAltyazılı03.10.2025 - https://diziyiizle2.com/canavar-ed-geinin-hikayesi/1-sezon-8-bolum/

📊 Toplam 8 bölüm bulundu
   🔍 [1/8] Bölüm: https://diziyiizle2.com/canavar-ed-geinin-hikayesi/1-sezon-1-bolum/
📺 Embed URL bulundu: https://vidlax.xyz/embed/929d622b56518125
🔍 Embed URL kontrol ediliyor: https://vidlax.xyz/embed/929d622b56518125
📄 Embed sayfa içeriği alındı, boyut: 43446 karakter
🎬 Video Başlığı: Monster: The Ed Gein Story
📝 Video Açıklaması: 1.Sezon 1.Bölüm
🎯 Tam Başlık: Monster: The Ed Gein Story - 1.Sezon 1.Bölüm
🎯 HEX DECODE - m3u8 bulundu: https://vidlax.xyz/upload/344fde48ca54c026789ba4e770570b1d8f14/master.m3u8
      ✅ Monster: The Ed Gein Story - 1.Sezon 1.Bölüm - 1 m3u8
   🔍 [2/8] Bölüm: https://diziyiizle2.com/canavar-ed-geinin-hikayesi/1-sezon-2-bolum/
📺 Embed URL bulundu: https://vidlax.xyz/embed/d4fd42c2bcd33732
🔍 Embed URL kontrol ediliyor: https://vidlax.xyz/embed/d4fd42c2bcd33732
📄 Embed sayfa içeriği alındı, boyut: 43110 karakter
🎬 Video Başlığı: Monster: The Ed Gein Story
📝 Video Açıklaması: 1.Sezon 2.Bölüm
🎯 Tam Başlık: Monster: The Ed Gein Story - 1.Sezon 2.Bölüm
🎯 HEX DECODE - m3u8 bulundu: https://vidlax.xyz/upload/38bbe06f5c34642a48a6ed381d79e166f9c9/master.m3u8
      ✅ Monster: The Ed Gein Story - 1.Sezon 2.Bölüm - 1 m3u8
   🔍 [3/8] Bölüm: https://diziyiizle2.com/canavar-ed-geinin-hikayesi/1-sezon-3-bolum/
📺 Embed URL bulundu: https://vidlax.xyz/embed/d0bf667747c9bf58
🔍 Embed URL kontrol ediliyor: https://vidlax.xyz/embed/d0bf667747c9bf58
📄 Embed sayfa içeriği alındı, boyut: 40699 karakter
🎬 Video Başlığı: Monster: The Ed Gein Story
📝 Video Açıklaması: 1.Sezon 3.Bölüm
🎯 Tam Başlık: Monster: The Ed Gein Story - 1.Sezon 3.Bölüm
🎯 HEX DECODE - m3u8 bulundu: https://vidlax.xyz/upload/1329a883edb2ccd5c3f7de343034f4edd89b/master.m3u8
      ✅ Monster: The Ed Gein Story - 1.Sezon 3.Bölüm - 1 m3u8
   🔍 [4/8] Bölüm: https://diziyiizle2.com/canavar-ed-geinin-hikayesi/1-sezon-4-bolum/
📺 Embed URL bulundu: https://vidlax.xyz/embed/999cd4025ffdcdde
🔍 Embed URL kontrol ediliyor: https://vidlax.xyz/embed/999cd4025ffdcdde
📄 Embed sayfa içeriği alındı, boyut: 42982 karakter
🎬 Video Başlığı: Monster: The Ed Gein Story
📝 Video Açıklaması: 1.Sezon 4.Bölüm
🎯 Tam Başlık: Monster: The Ed Gein Story - 1.Sezon 4.Bölüm
🎯 HEX DECODE - m3u8 bulundu: https://vidlax.xyz/upload/1ba31a09b5d7fd7f2572a20e3271013645cd/master.m3u8
      ✅ Monster: The Ed Gein Story - 1.Sezon 4.Bölüm - 1 m3u8
   🔍 [5/8] Bölüm: https://diziyiizle2.com/canavar-ed-geinin-hikayesi/1-sezon-5-bolum/
📺 Embed URL bulundu: https://vidlax.xyz/embed/338547f3b8ebedb3
🔍 Embed URL kontrol ediliyor: https://vidlax.xyz/embed/338547f3b8ebedb3
📄 Embed sayfa içeriği alındı, boyut: 43092 karakter
🎬 Video Başlığı: Monster: The Ed Gein Story
📝 Video Açıklaması: 1.Sezon 5.Bölüm
🎯 Tam Başlık: Monster: The Ed Gein Story - 1.Sezon 5.Bölüm
🎯 HEX DECODE - m3u8 bulundu: https://vidlax.xyz/upload/26055adb712b8e9f5417c18f9e27dbcbb364/master.m3u8
      ✅ Monster: The Ed Gein Story - 1.Sezon 5.Bölüm - 1 m3u8
   🔍 [6/8] Bölüm: https://diziyiizle2.com/canavar-ed-geinin-hikayesi/1-sezon-6-bolum/
📺 Embed URL bulundu: https://vidlax.xyz/embed/161e0bd25e60bb7e
🔍 Embed URL kontrol ediliyor: https://vidlax.xyz/embed/161e0bd25e60bb7e
📄 Embed sayfa içeriği alındı, boyut: 42809 karakter
🎬 Video Başlığı: Monster: The Ed Gein Story
📝 Video Açıklaması: 1.Sezon 6.Bölüm
🎯 Tam Başlık: Monster: The Ed Gein Story - 1.Sezon 6.Bölüm
🎯 HEX DECODE - m3u8 bulundu: https://vidlax.xyz/upload/d056c8608559a0e19b631471227762c7ef6b/master.m3u8
      ✅ Monster: The Ed Gein Story - 1.Sezon 6.Bölüm - 1 m3u8
   🔍 [7/8] Bölüm: https://diziyiizle2.com/canavar-ed-geinin-hikayesi/1-sezon-7-bolum/
📺 Embed URL bulundu: https://vidlax.xyz/embed/4201b4b005a0ced3
🔍 Embed URL kontrol ediliyor: https://vidlax.xyz/embed/4201b4b005a0ced3
📄 Embed sayfa içeriği alındı, boyut: 42635 karakter
🎬 Video Başlığı: Monster: The Ed Gein Story
📝 Video Açıklaması: 1.Sezon 7.Bölüm
🎯 Tam Başlık: Monster: The Ed Gein Story - 1.Sezon 7.Bölüm
🎯 HEX DECODE - m3u8 bulundu: https://vidlax.xyz/upload/b86aa9e526a45f73d237ba2a933d0d8914c5/master.m3u8
      ✅ Monster: The Ed Gein Story - 1.Sezon 7.Bölüm - 1 m3u8
   🔍 [8/8] Bölüm: https://diziyiizle2.com/canavar-ed-geinin-hikayesi/1-sezon-8-bolum/

🔍 Vidlax direkt analizi: https://diziyiizle2.com/canavar-ed-geinin-hikayesi/1-sezon-8-bolum/
📄 Sayfa içeriği alındı: 95587 karakter
❌ m3u8 URL'si bulunamadı
      ❌ m3u8 bulunamadı
      📁 Dizi playlist: playlists/canavar_ed_geinin_hikayesi_playlist.m3u
   ✅ Dizi tamamlandı: 7 m3u8 eklendi

============================================================
🎬 [49/56] İşleniyor: https://diziyiizle2.com/dizi/the-old-dog-new-tricks-1/
📺 Bölüm bulundu: 1. Sezon 1. BölümDublaj03.10.202554 dk. - https://diziyiizle2.com/the-old-dog-new-tricks-1/1-sezon-1-bolum/
📺 Bölüm bulundu: 1. Sezon 2. BölümAltyazılı03.10.202554 dk. - https://diziyiizle2.com/the-old-dog-new-tricks-1/1-sezon-2-bolum/
📺 Bölüm bulundu: 1. Sezon 3. BölümDublaj03.10.202554 dk. - https://diziyiizle2.com/the-old-dog-new-tricks-1/1-sezon-3-bolum/
📺 Bölüm bulundu: 1. Sezon 4. BölümDublaj03.10.202554 dk. - https://diziyiizle2.com/the-old-dog-new-tricks-1/1-sezon-4-bolum/
📺 Bölüm bulundu: 1. Sezon 5. BölümDublaj03.10.202554 dk. - https://diziyiizle2.com/the-old-dog-new-tricks-1/1-sezon-5-bolum/
📺 Bölüm bulundu: 1. Sezon 6. BölümDublaj03.10.202554 dk. - https://diziyiizle2.com/the-old-dog-new-tricks-1/1-sezon-6-bolum/
📺 Bölüm bulundu: 1. Sezon 7. BölümDublaj03.10.202554 dk. - https://diziyiizle2.com/the-old-dog-new-tricks-1/1-sezon-7-bolum/
📺 Bölüm bulundu: 1. Sezon 8. BölümDublaj03.10.202554 dk. - https://diziyiizle2.com/the-old-dog-new-tricks-1/1-sezon-8-bolum/
📺 Bölüm bulundu: 1. Sezon 9. BölümDublaj03.10.202554 dk. - https://diziyiizle2.com/the-old-dog-new-tricks-1/1-sezon-9-bolum/
📺 Bölüm bulundu: 1. Sezon 10. BölümAltyazılı03.10.202554 dk. - https://diziyiizle2.com/the-old-dog-new-tricks-1/1-sezon-10-bolum/

📊 Toplam 10 bölüm bulundu
   🔍 [1/10] Bölüm: https://diziyiizle2.com/the-old-dog-new-tricks-1/1-sezon-1-bolum/
📺 Embed URL bulundu: https://vidlax.xyz/embed/fe4b1d3db660e466
🔍 Embed URL kontrol ediliyor: https://vidlax.xyz/embed/fe4b1d3db660e466
📄 Embed sayfa içeriği alındı, boyut: 42978 karakter
🎬 Video Başlığı: The Old Dog, New Tricks?
📝 Video Açıklaması: 1.Sezon 1.Bölüm
🎯 Tam Başlık: The Old Dog, New Tricks? - 1.Sezon 1.Bölüm
🎯 HEX DECODE - m3u8 bulundu: https://vidlax.xyz/upload/64b3495a2f47cedfc9b842d3f8d3f9012a63/master.m3u8
      ✅ The Old Dog, New Tricks? - 1.Sezon 1.Bölüm - 1 m3u8
   🔍 [2/10] Bölüm: https://diziyiizle2.com/the-old-dog-new-tricks-1/1-sezon-2-bolum/
📺 Embed URL bulundu: https://vidlax.xyz/embed/0f1674d3dcb2e0d6
🔍 Embed URL kontrol ediliyor: https://vidlax.xyz/embed/0f1674d3dcb2e0d6
📄 Embed sayfa içeriği alındı, boyut: 42810 karakter
🎬 Video Başlığı: The Old Dog, New Tricks?
📝 Video Açıklaması: 1.Sezon 2.Bölüm
🎯 Tam Başlık: The Old Dog, New Tricks? - 1.Sezon 2.Bölüm
🎯 HEX DECODE - m3u8 bulundu: https://vidlax.xyz/upload/ae993221394b27e9b5eef7a5db49755bdc6c/master.m3u8
      ✅ The Old Dog, New Tricks? - 1.Sezon 2.Bölüm - 1 m3u8
   🔍 [3/10] Bölüm: https://diziyiizle2.com/the-old-dog-new-tricks-1/1-sezon-3-bolum/
📺 Embed URL bulundu: https://vidlax.xyz/embed/75ab5b684f0b79bc
🔍 Embed URL kontrol ediliyor: https://vidlax.xyz/embed/75ab5b684f0b79bc
📄 Embed sayfa içeriği alındı, boyut: 42978 karakter
🎬 Video Başlığı: The Old Dog, New Tricks?
📝 Video Açıklaması: 1.Sezon 3.Bölüm
🎯 Tam Başlık: The Old Dog, New Tricks? - 1.Sezon 3.Bölüm
🎯 HEX DECODE - m3u8 bulundu: https://vidlax.xyz/upload/a62ce6c63c3bd7554b94314e97c83b5c957d/master.m3u8
      ✅ The Old Dog, New Tricks? - 1.Sezon 3.Bölüm - 1 m3u8
   🔍 [4/10] Bölüm: https://diziyiizle2.com/the-old-dog-new-tricks-1/1-sezon-4-bolum/
📺 Embed URL bulundu: https://vidlax.xyz/embed/219a0b70fd2d0e14
🔍 Embed URL kontrol ediliyor: https://vidlax.xyz/embed/219a0b70fd2d0e14
📄 Embed sayfa içeriği alındı, boyut: 42810 karakter
🎬 Video Başlığı: The Old Dog, New Tricks?
📝 Video Açıklaması: 1.Sezon 4.Bölüm
🎯 Tam Başlık: The Old Dog, New Tricks? - 1.Sezon 4.Bölüm
🎯 HEX DECODE - m3u8 bulundu: https://vidlax.xyz/upload/9b7a58a3508da0e299d52a34663a0e41cb30/master.m3u8
      ✅ The Old Dog, New Tricks? - 1.Sezon 4.Bölüm - 1 m3u8
   🔍 [5/10] Bölüm: https://diziyiizle2.com/the-old-dog-new-tricks-1/1-sezon-5-bolum/
📺 Embed URL bulundu: https://vidlax.xyz/embed/06e7bdb624c867b1
🔍 Embed URL kontrol ediliyor: https://vidlax.xyz/embed/06e7bdb624c867b1
📄 Embed sayfa içeriği alındı, boyut: 42810 karakter
🎬 Video Başlığı: The Old Dog, New Tricks?
📝 Video Açıklaması: 1.Sezon 5.Bölüm
🎯 Tam Başlık: The Old Dog, New Tricks? - 1.Sezon 5.Bölüm
🎯 HEX DECODE - m3u8 bulundu: https://vidlax.xyz/upload/583d81e6ee03d25d5d1814c2ac4c193655a0/master.m3u8
      ✅ The Old Dog, New Tricks? - 1.Sezon 5.Bölüm - 1 m3u8
   🔍 [6/10] Bölüm: https://diziyiizle2.com/the-old-dog-new-tricks-1/1-sezon-6-bolum/
📺 Embed URL bulundu: https://vidlax.xyz/embed/136e10a68c02a072
🔍 Embed URL kontrol ediliyor: https://vidlax.xyz/embed/136e10a68c02a072
📄 Embed sayfa içeriği alındı, boyut: 42810 karakter
🎬 Video Başlığı: The Old Dog, New Tricks?
📝 Video Açıklaması: 1.Sezon 6.Bölüm
🎯 Tam Başlık: The Old Dog, New Tricks? - 1.Sezon 6.Bölüm
🎯 HEX DECODE - m3u8 bulundu: https://vidlax.xyz/upload/29bab62a8df78791da2e8e142ac655833811/master.m3u8
      ✅ The Old Dog, New Tricks? - 1.Sezon 6.Bölüm - 1 m3u8
   🔍 [7/10] Bölüm: https://diziyiizle2.com/the-old-dog-new-tricks-1/1-sezon-7-bolum/
📺 Embed URL bulundu: https://vidlax.xyz/embed/9e2817032aa213d6
🔍 Embed URL kontrol ediliyor: https://vidlax.xyz/embed/9e2817032aa213d6
📄 Embed sayfa içeriği alındı, boyut: 42978 karakter
🎬 Video Başlığı: The Old Dog, New Tricks?
📝 Video Açıklaması: 1.Sezon 7.Bölüm
🎯 Tam Başlık: The Old Dog, New Tricks? - 1.Sezon 7.Bölüm
🎯 HEX DECODE - m3u8 bulundu: https://vidlax.xyz/upload/620e0c4fc8b998612b4c55fb339f54e3b46b/master.m3u8
      ✅ The Old Dog, New Tricks? - 1.Sezon 7.Bölüm - 1 m3u8
   🔍 [8/10] Bölüm: https://diziyiizle2.com/the-old-dog-new-tricks-1/1-sezon-8-bolum/
📺 Embed URL bulundu: https://vidlax.xyz/embed/a08f9c84ff3644ec
🔍 Embed URL kontrol ediliyor: https://vidlax.xyz/embed/a08f9c84ff3644ec
📄 Embed sayfa içeriği alındı, boyut: 42978 karakter
🎬 Video Başlığı: The Old Dog, New Tricks?
📝 Video Açıklaması: 1.Sezon 8.Bölüm
🎯 Tam Başlık: The Old Dog, New Tricks? - 1.Sezon 8.Bölüm
🎯 HEX DECODE - m3u8 bulundu: https://vidlax.xyz/upload/dbda43212a883637419a3def6871de1f2405/master.m3u8
      ✅ The Old Dog, New Tricks? - 1.Sezon 8.Bölüm - 1 m3u8
   🔍 [9/10] Bölüm: https://diziyiizle2.com/the-old-dog-new-tricks-1/1-sezon-9-bolum/
📺 Embed URL bulundu: https://vidlax.xyz/embed/85f81228bca3823b
🔍 Embed URL kontrol ediliyor: https://vidlax.xyz/embed/85f81228bca3823b
📄 Embed sayfa içeriği alındı, boyut: 42978 karakter
🎬 Video Başlığı: The Old Dog, New Tricks?
📝 Video Açıklaması: 1.Sezon 9.Bölüm
🎯 Tam Başlık: The Old Dog, New Tricks? - 1.Sezon 9.Bölüm
🎯 HEX DECODE - m3u8 bulundu: https://vidlax.xyz/upload/e0638eace2997d2ba4c014eaf14841142fa7/master.m3u8
      ✅ The Old Dog, New Tricks? - 1.Sezon 9.Bölüm - 1 m3u8
   🔍 [10/10] Bölüm: https://diziyiizle2.com/the-old-dog-new-tricks-1/1-sezon-10-bolum/

🔍 Vidlax direkt analizi: https://diziyiizle2.com/the-old-dog-new-tricks-1/1-sezon-10-bolum/
📄 Sayfa içeriği alındı: 98910 karakter
❌ m3u8 URL'si bulunamadı
      ❌ m3u8 bulunamadı
      📁 Dizi playlist: playlists/the_old_dog_new_tricks_1_playlist.m3u
   ✅ Dizi tamamlandı: 9 m3u8 eklendi

============================================================
🎬 [50/56] İşleniyor: https://diziyiizle2.com/dizi/genie-make-a-wish/
📺 Bölüm bulundu: 1. Sezon 1. BölümDublaj03.10.202554 dk. - https://diziyiizle2.com/genie-make-a-wish/1-sezon-1-bolum/
📺 Bölüm bulundu: 1. Sezon 2. BölümDublaj03.10.202558 dk. - https://diziyiizle2.com/genie-make-a-wish/1-sezon-2-bolum/
📺 Bölüm bulundu: 1. Sezon 3. BölümDublaj03.10.202559 dk. - https://diziyiizle2.com/genie-make-a-wish/1-sezon-3-bolum/
📺 Bölüm bulundu: 1. Sezon 4. BölümDublaj03.10.202559 dk. - https://diziyiizle2.com/genie-make-a-wish/1-sezon-4-bolum/
📺 Bölüm bulundu: 1. Sezon 5. BölümDublaj03.10.202560 dk. - https://diziyiizle2.com/genie-make-a-wish/1-sezon-5-bolum/
📺 Bölüm bulundu: 1. Sezon 6. BölümDublaj03.10.202560 dk. - https://diziyiizle2.com/genie-make-a-wish/1-sezon-6-bolum/
📺 Bölüm bulundu: 1. Sezon 7. BölümDublaj03.10.202558 dk. - https://diziyiizle2.com/genie-make-a-wish/1-sezon-7-bolum/
📺 Bölüm bulundu: 1. Sezon 8. BölümDublaj03.10.202558 dk. - https://diziyiizle2.com/genie-make-a-wish/1-sezon-8-bolum/
📺 Bölüm bulundu: 1. Sezon 9. BölümDublaj03.10.202562 dk. - https://diziyiizle2.com/genie-make-a-wish/1-sezon-9-bolum/
📺 Bölüm bulundu: 1. Sezon 10. BölümDublaj03.10.202558 dk. - https://diziyiizle2.com/genie-make-a-wish/1-sezon-10-bolum/
📺 Bölüm bulundu: 1. Sezon 11. BölümDublaj03.10.202559 dk. - https://diziyiizle2.com/genie-make-a-wish/1-sezon-11-bolum/
📺 Bölüm bulundu: 1. Sezon 12. BölümDublaj03.10.202556 dk. - https://diziyiizle2.com/genie-make-a-wish/1-sezon-12-bolum/
📺 Bölüm bulundu: 1. Sezon 13. BölümDublaj03.10.202562 dk. - https://diziyiizle2.com/genie-make-a-wish/1-sezon-13-bolum/

📊 Toplam 13 bölüm bulundu
   🔍 [1/13] Bölüm: https://diziyiizle2.com/genie-make-a-wish/1-sezon-1-bolum/
📺 Embed URL bulundu: https://vidlax.xyz/embed/a5581fdb5226d788
🔍 Embed URL kontrol ediliyor: https://vidlax.xyz/embed/a5581fdb5226d788
📄 Embed sayfa içeriği alındı, boyut: 42799 karakter
🎬 Video Başlığı: Genie Make a Wish
📝 Video Açıklaması: 1.Sezon 1.Bölüm
🎯 Tam Başlık: Genie Make a Wish - 1.Sezon 1.Bölüm
🎯 HEX DECODE - m3u8 bulundu: https://vidlax.xyz/upload/f2d7786a335756f2e9a1b7caa9f7082c000a/master.m3u8
      ✅ Genie Make a Wish - 1.Sezon 1.Bölüm - 1 m3u8
   🔍 [2/13] Bölüm: https://diziyiizle2.com/genie-make-a-wish/1-sezon-2-bolum/
📺 Embed URL bulundu: https://vidlax.xyz/embed/ac48418c81dd3d8e
🔍 Embed URL kontrol ediliyor: https://vidlax.xyz/embed/ac48418c81dd3d8e
📄 Embed sayfa içeriği alındı, boyut: 42967 karakter
🎬 Video Başlığı: Genie Make a Wish
📝 Video Açıklaması: 1.Sezon 2.Bölüm
🎯 Tam Başlık: Genie Make a Wish - 1.Sezon 2.Bölüm
🎯 HEX DECODE - m3u8 bulundu: https://vidlax.xyz/upload/f03d10d582bb426509c5cd91883cde34b83f/master.m3u8
      ✅ Genie Make a Wish - 1.Sezon 2.Bölüm - 1 m3u8
   🔍 [3/13] Bölüm: https://diziyiizle2.com/genie-make-a-wish/1-sezon-3-bolum/
📺 Embed URL bulundu: https://vidlax.xyz/embed/430ee07b66157e01
🔍 Embed URL kontrol ediliyor: https://vidlax.xyz/embed/430ee07b66157e01
📄 Embed sayfa içeriği alındı, boyut: 42965 karakter
🎬 Video Başlığı: Genie Make a Wish
📝 Video Açıklaması: 1.Sezon 3.Bölüm
🎯 Tam Başlık: Genie Make a Wish - 1.Sezon 3.Bölüm
🎯 HEX DECODE - m3u8 bulundu: https://vidlax.xyz/upload/e7b75fc3834d590bb677b0e2766bddbb3260/master.m3u8
      ✅ Genie Make a Wish - 1.Sezon 3.Bölüm - 1 m3u8
   🔍 [4/13] Bölüm: https://diziyiizle2.com/genie-make-a-wish/1-sezon-4-bolum/
📺 Embed URL bulundu: https://vidlax.xyz/embed/b7934c0a85b3a4f1
🔍 Embed URL kontrol ediliyor: https://vidlax.xyz/embed/b7934c0a85b3a4f1
📄 Embed sayfa içeriği alındı, boyut: 43133 karakter
🎬 Video Başlığı: Genie Make a Wish
📝 Video Açıklaması: 1.Sezon 4.Bölüm
🎯 Tam Başlık: Genie Make a Wish - 1.Sezon 4.Bölüm
🎯 HEX DECODE - m3u8 bulundu: https://vidlax.xyz/upload/1fa48d9ac6273c6b4c783345e3b964e02447/master.m3u8
      ✅ Genie Make a Wish - 1.Sezon 4.Bölüm - 1 m3u8
   🔍 [5/13] Bölüm: https://diziyiizle2.com/genie-make-a-wish/1-sezon-5-bolum/
📺 Embed URL bulundu: https://vidlax.xyz/embed/d28c3023a3e1536d
🔍 Embed URL kontrol ediliyor: https://vidlax.xyz/embed/d28c3023a3e1536d
📄 Embed sayfa içeriği alındı, boyut: 43131 karakter
🎬 Video Başlığı: Genie Make a Wish
📝 Video Açıklaması: 1.Sezon 5.Bölüm
🎯 Tam Başlık: Genie Make a Wish - 1.Sezon 5.Bölüm
🎯 HEX DECODE - m3u8 bulundu: https://vidlax.xyz/upload/22005260e502a4d54f5b477f198749f6b199/master.m3u8
      ✅ Genie Make a Wish - 1.Sezon 5.Bölüm - 1 m3u8
   🔍 [6/13] Bölüm: https://diziyiizle2.com/genie-make-a-wish/1-sezon-6-bolum/
📺 Embed URL bulundu: https://vidlax.xyz/embed/1117bc4b24f42c68
🔍 Embed URL kontrol ediliyor: https://vidlax.xyz/embed/1117bc4b24f42c68
📄 Embed sayfa içeriği alındı, boyut: 43139 karakter
🎬 Video Başlığı: Genie Make a Wish
📝 Video Açıklaması: 1.Sezon 6.Bölüm
🎯 Tam Başlık: Genie Make a Wish - 1.Sezon 6.Bölüm
🎯 HEX DECODE - m3u8 bulundu: https://vidlax.xyz/upload/839c4dd145cfc9be07aeeba8d7f390d27cdc/master.m3u8
      ✅ Genie Make a Wish - 1.Sezon 6.Bölüm - 1 m3u8
   🔍 [7/13] Bölüm: https://diziyiizle2.com/genie-make-a-wish/1-sezon-7-bolum/
📺 Embed URL bulundu: https://vidlax.xyz/embed/ae9c7b825d4ae652
🔍 Embed URL kontrol ediliyor: https://vidlax.xyz/embed/ae9c7b825d4ae652
📄 Embed sayfa içeriği alındı, boyut: 43141 karakter
🎬 Video Başlığı: Genie Make a Wish
📝 Video Açıklaması: 1.Sezon 7.Bölüm
🎯 Tam Başlık: Genie Make a Wish - 1.Sezon 7.Bölüm
🎯 HEX DECODE - m3u8 bulundu: https://vidlax.xyz/upload/64b57aae705d76bd50be8abe85613200872d/master.m3u8
      ✅ Genie Make a Wish - 1.Sezon 7.Bölüm - 1 m3u8
   🔍 [8/13] Bölüm: https://diziyiizle2.com/genie-make-a-wish/1-sezon-8-bolum/
📺 Embed URL bulundu: https://vidlax.xyz/embed/5f654f5ebe55619e
🔍 Embed URL kontrol ediliyor: https://vidlax.xyz/embed/5f654f5ebe55619e
📄 Embed sayfa içeriği alındı, boyut: 43133 karakter
🎬 Video Başlığı: Genie Make a Wish
📝 Video Açıklaması: 1.Sezon 8.Bölüm
🎯 Tam Başlık: Genie Make a Wish - 1.Sezon 8.Bölüm
🎯 HEX DECODE - m3u8 bulundu: https://vidlax.xyz/upload/f03a65fbe20d887a8c26ac536e5c4a4dbaac/master.m3u8
      ✅ Genie Make a Wish - 1.Sezon 8.Bölüm - 1 m3u8
   🔍 [9/13] Bölüm: https://diziyiizle2.com/genie-make-a-wish/1-sezon-9-bolum/
📺 Embed URL bulundu: https://vidlax.xyz/embed/3472bf3280610a87
🔍 Embed URL kontrol ediliyor: https://vidlax.xyz/embed/3472bf3280610a87
📄 Embed sayfa içeriği alındı, boyut: 42953 karakter
🎬 Video Başlığı: Genie Make a Wish
📝 Video Açıklaması: 1.Sezon 9.Bölüm
🎯 Tam Başlık: Genie Make a Wish - 1.Sezon 9.Bölüm
🎯 HEX DECODE - m3u8 bulundu: https://vidlax.xyz/upload/1390dc620017bb2f9be963df1da2b52be397/master.m3u8
      ✅ Genie Make a Wish - 1.Sezon 9.Bölüm - 1 m3u8
   🔍 [10/13] Bölüm: https://diziyiizle2.com/genie-make-a-wish/1-sezon-10-bolum/
📺 Embed URL bulundu: https://vidlax.xyz/embed/64588c152d3d64a6
🔍 Embed URL kontrol ediliyor: https://vidlax.xyz/embed/64588c152d3d64a6
📄 Embed sayfa içeriği alındı, boyut: 42966 karakter
🎬 Video Başlığı: Genie Make a Wish
📝 Video Açıklaması: 1.Sezon 10.Bölüm
🎯 Tam Başlık: Genie Make a Wish - 1.Sezon 10.Bölüm
🎯 HEX DECODE - m3u8 bulundu: https://vidlax.xyz/upload/5280f2378605a7d87b859a371d2a2adcdc6e/master.m3u8
      ✅ Genie Make a Wish - 1.Sezon 10.Bölüm - 1 m3u8
   🔍 [11/13] Bölüm: https://diziyiizle2.com/genie-make-a-wish/1-sezon-11-bolum/
📺 Embed URL bulundu: https://vidlax.xyz/embed/670a3324604cebe1
🔍 Embed URL kontrol ediliyor: https://vidlax.xyz/embed/670a3324604cebe1
📄 Embed sayfa içeriği alındı, boyut: 43134 karakter
🎬 Video Başlığı: Genie Make a Wish
📝 Video Açıklaması: 1.Sezon 11.Bölüm
🎯 Tam Başlık: Genie Make a Wish - 1.Sezon 11.Bölüm
🎯 HEX DECODE - m3u8 bulundu: https://vidlax.xyz/upload/de43b823f32f39492d1a401e17e03bfe1d0f/master.m3u8
      ✅ Genie Make a Wish - 1.Sezon 11.Bölüm - 1 m3u8
   🔍 [12/13] Bölüm: https://diziyiizle2.com/genie-make-a-wish/1-sezon-12-bolum/
📺 Embed URL bulundu: https://vidlax.xyz/embed/9da8f1239b145bb3
🔍 Embed URL kontrol ediliyor: https://vidlax.xyz/embed/9da8f1239b145bb3
📄 Embed sayfa içeriği alındı, boyut: 43134 karakter
🎬 Video Başlığı: Genie Make a Wish
📝 Video Açıklaması: 1.Sezon 12.Bölüm
🎯 Tam Başlık: Genie Make a Wish - 1.Sezon 12.Bölüm
🎯 HEX DECODE - m3u8 bulundu: https://vidlax.xyz/upload/ca7b180dfc67bc8ae51ab8d9fcd9ecb3d007/master.m3u8
      ✅ Genie Make a Wish - 1.Sezon 12.Bölüm - 1 m3u8
   🔍 [13/13] Bölüm: https://diziyiizle2.com/genie-make-a-wish/1-sezon-13-bolum/
📺 Embed URL bulundu: https://vidlax.xyz/embed/9f03a02b0141607b
🔍 Embed URL kontrol ediliyor: https://vidlax.xyz/embed/9f03a02b0141607b
📄 Embed sayfa içeriği alındı, boyut: 42954 karakter
🎬 Video Başlığı: Genie Make a Wish
📝 Video Açıklaması: 1.Sezon 13.Bölüm
🎯 Tam Başlık: Genie Make a Wish - 1.Sezon 13.Bölüm
🎯 HEX DECODE - m3u8 bulundu: https://vidlax.xyz/upload/592de94bfd3640c885fc1c9753167f673853/master.m3u8
      ✅ Genie Make a Wish - 1.Sezon 13.Bölüm - 1 m3u8
      📁 Dizi playlist: playlists/genie_make_a_wish_playlist.m3u
   ✅ Dizi tamamlandı: 13 m3u8 eklendi

============================================================
🎬 [51/56] İşleniyor: https://diziyiizle2.com/dizi/konusanlar/
📺 Bölüm bulundu: 1. Sezon 1. BölümDual13.08.202528 dk. - https://diziyiizle2.com/konusanlar-3/1-sezon-1-bolum/
📺 Bölüm bulundu: 1. Sezon 2. BölümDual13.08.202529 dk. - https://diziyiizle2.com/konusanlar-3/1-sezon-2-bolum/
📺 Bölüm bulundu: 1. Sezon 3. BölümDual13.08.202535 dk. - https://diziyiizle2.com/konusanlar-3/1-sezon-3-bolum/
📺 Bölüm bulundu: 1. Sezon 4. BölümDual13.08.202529 dk. - https://diziyiizle2.com/konusanlar-3/1-sezon-4-bolum/
📺 Bölüm bulundu: 1. Sezon 5. BölümDual13.08.202530 dk. - https://diziyiizle2.com/konusanlar-3/1-sezon-5-bolum/
📺 Bölüm bulundu: 1. Sezon 6. BölümDual13.08.202531 dk. - https://diziyiizle2.com/konusanlar-3/1-sezon-6-bolum/
📺 Bölüm bulundu: 1. Sezon 7. BölümDual13.08.202543 dk. - https://diziyiizle2.com/konusanlar-3/1-sezon-7-bolum/
📺 Bölüm bulundu: 1. Sezon 8. BölümDual13.08.202534 dk. - https://diziyiizle2.com/konusanlar-3/1-sezon-8-bolum/
📺 Bölüm bulundu: 1. Sezon 9. BölümDual13.08.202545 dk. - https://diziyiizle2.com/konusanlar-3/1-sezon-9-bolum/
📺 Bölüm bulundu: 1. Sezon 10. BölümDual13.08.202561 dk. - https://diziyiizle2.com/konusanlar-3/1-sezon-10-bolum/
📺 Bölüm bulundu: 1. Sezon 11. BölümDual13.08.202562 dk. - https://diziyiizle2.com/konusanlar-3/1-sezon-11-bolum/
📺 Bölüm bulundu: 1. Sezon 12. BölümDual13.08.202565 dk. - https://diziyiizle2.com/konusanlar-3/1-sezon-12-bolum/
📺 Bölüm bulundu: 1. Sezon 13. BölümDual13.08.202580 dk. - https://diziyiizle2.com/konusanlar-3/1-sezon-13-bolum/
📺 Bölüm bulundu: 1. Sezon 14. BölümDual13.08.202565 dk. - https://diziyiizle2.com/konusanlar-3/1-sezon-14-bolum/
📺 Bölüm bulundu: 1. Sezon 15. BölümDual13.08.202565 dk. - https://diziyiizle2.com/konusanlar-3/1-sezon-15-bolum/
📺 Bölüm bulundu: 1. Sezon 16. BölümDual13.08.202578 dk. - https://diziyiizle2.com/konusanlar-3/1-sezon-16-bolum/
📺 Bölüm bulundu: 1. Sezon 17. BölümDual13.08.202567 dk. - https://diziyiizle2.com/konusanlar-3/1-sezon-17-bolum/
📺 Bölüm bulundu: 1. Sezon 18. BölümDual13.08.202568 dk. - https://diziyiizle2.com/konusanlar-3/1-sezon-18-bolum/
📺 Bölüm bulundu: 1. Sezon 19. BölümDual13.08.202551 dk. - https://diziyiizle2.com/konusanlar-3/1-sezon-19-bolum/
📺 Bölüm bulundu: 1. Sezon 20. BölümDual13.08.202550 dk. - https://diziyiizle2.com/konusanlar-3/1-sezon-20-bolum/
📺 Bölüm bulundu: 1. Sezon 21. BölümDual13.08.202552 dk. - https://diziyiizle2.com/konusanlar-3/1-sezon-21-bolum/
📺 Bölüm bulundu: 1. Sezon 22. BölümDual13.08.202558 dk. - https://diziyiizle2.com/konusanlar-3/1-sezon-22-bolum/
📺 Bölüm bulundu: 1. Sezon 23. BölümDual13.08.202552 dk. - https://diziyiizle2.com/konusanlar-3/1-sezon-23-bolum/
📺 Bölüm bulundu: 1. Sezon 24. BölümDual13.08.202559 dk. - https://diziyiizle2.com/konusanlar-3/1-sezon-24-bolum/
📺 Bölüm bulundu: 1. Sezon 25. BölümDual13.08.202545 dk. - https://diziyiizle2.com/konusanlar-3/1-sezon-25-bolum/
📺 Bölüm bulundu: 1. Sezon 26. BölümDual13.08.202560 dk. - https://diziyiizle2.com/konusanlar-3/1-sezon-26-bolum/
📺 Bölüm bulundu: 1. Sezon 27. BölümDual13.08.202555 dk. - https://diziyiizle2.com/konusanlar-3/1-sezon-27-bolum/
📺 Bölüm bulundu: 1. Sezon 28. BölümDual13.08.202552 dk. - https://diziyiizle2.com/konusanlar-3/1-sezon-28-bolum/
📺 Bölüm bulundu: 1. Sezon 29. BölümDual13.08.202544 dk. - https://diziyiizle2.com/konusanlar-3/1-sezon-29-bolum/
📺 Bölüm bulundu: 1. Sezon 30. BölümAltyazılı13.08.202554 dk. - https://diziyiizle2.com/konusanlar-3/1-sezon-30-bolum/
📺 Bölüm bulundu: 1. Sezon 31. BölümAltyazılı13.08.2025 - https://diziyiizle2.com/konusanlar-3/1-sezon-31-bolum/
📺 Bölüm bulundu: 2. Sezon 1. BölümAltyazılı13.08.202554 dk. - https://diziyiizle2.com/konusanlar-3/2-sezon-1-bolum/
📺 Bölüm bulundu: 2. Sezon 2. BölümDual13.08.202557 dk. - https://diziyiizle2.com/konusanlar-3/2-sezon-2-bolum/
📺 Bölüm bulundu: 2. Sezon 3. BölümDual13.08.202560 dk. - https://diziyiizle2.com/konusanlar-3/2-sezon-3-bolum/
📺 Bölüm bulundu: 2. Sezon 4. BölümDual13.08.202551 dk. - https://diziyiizle2.com/konusanlar-3/2-sezon-4-bolum/
📺 Bölüm bulundu: 2. Sezon 5. BölümDual13.08.202552 dk. - https://diziyiizle2.com/konusanlar-3/2-sezon-5-bolum/
📺 Bölüm bulundu: 2. Sezon 6. BölümDual13.08.202552 dk. - https://diziyiizle2.com/konusanlar-3/2-sezon-6-bolum/
📺 Bölüm bulundu: 2. Sezon 7. BölümDual13.08.202550 dk. - https://diziyiizle2.com/konusanlar-3/2-sezon-7-bolum/
📺 Bölüm bulundu: 2. Sezon 8. BölümDual13.08.202553 dk. - https://diziyiizle2.com/konusanlar-3/2-sezon-8-bolum/
📺 Bölüm bulundu: 2. Sezon 9. BölümDual13.08.202550 dk. - https://diziyiizle2.com/konusanlar-3/2-sezon-9-bolum/
📺 Bölüm bulundu: 2. Sezon 10. BölümDual13.08.202551 dk. - https://diziyiizle2.com/konusanlar-3/2-sezon-10-bolum/
📺 Bölüm bulundu: 2. Sezon 11. BölümDual13.08.202566 dk. - https://diziyiizle2.com/konusanlar-3/2-sezon-11-bolum/
📺 Bölüm bulundu: 2. Sezon 12. BölümDual13.08.202562 dk. - https://diziyiizle2.com/konusanlar-3/2-sezon-12-bolum/
📺 Bölüm bulundu: 2. Sezon 13. BölümDual13.08.202558 dk. - https://diziyiizle2.com/konusanlar-3/2-sezon-13-bolum/
📺 Bölüm bulundu: 2. Sezon 14. BölümDual13.08.202552 dk. - https://diziyiizle2.com/konusanlar-3/2-sezon-14-bolum/
📺 Bölüm bulundu: 2. Sezon 15. BölümDual13.08.202559 dk. - https://diziyiizle2.com/konusanlar-3/2-sezon-15-bolum/
📺 Bölüm bulundu: 2. Sezon 16. BölümDual13.08.202550 dk. - https://diziyiizle2.com/konusanlar-3/2-sezon-16-bolum/
📺 Bölüm bulundu: 2. Sezon 17. BölümDual13.08.202546 dk. - https://diziyiizle2.com/konusanlar-3/2-sezon-17-bolum/
📺 Bölüm bulundu: 2. Sezon 18. BölümDual13.08.202556 dk. - https://diziyiizle2.com/konusanlar-3/2-sezon-18-bolum/
📺 Bölüm bulundu: 2. Sezon 19. BölümDual13.08.202556 dk. - https://diziyiizle2.com/konusanlar-3/2-sezon-19-bolum/
📺 Bölüm bulundu: 2. Sezon 20. BölümDual13.08.202559 dk. - https://diziyiizle2.com/konusanlar-3/2-sezon-20-bolum/
📺 Bölüm bulundu: 2. Sezon 21. BölümDual13.08.202556 dk. - https://diziyiizle2.com/konusanlar-3/2-sezon-21-bolum/
📺 Bölüm bulundu: 2. Sezon 22. BölümDual13.08.202549 dk. - https://diziyiizle2.com/konusanlar-3/2-sezon-22-bolum/
📺 Bölüm bulundu: 2. Sezon 23. BölümDual13.08.202546 dk. - https://diziyiizle2.com/konusanlar-3/2-sezon-23-bolum/
📺 Bölüm bulundu: 2. Sezon 24. BölümDual13.08.202549 dk. - https://diziyiizle2.com/konusanlar-3/2-sezon-24-bolum/
📺 Bölüm bulundu: 2. Sezon 25. BölümDual13.08.202552 dk. - https://diziyiizle2.com/konusanlar-3/2-sezon-25-bolum/
📺 Bölüm bulundu: 2. Sezon 26. BölümDual13.08.202555 dk. - https://diziyiizle2.com/konusanlar-3/2-sezon-26-bolum/
📺 Bölüm bulundu: 2. Sezon 27. BölümDual13.08.202555 dk. - https://diziyiizle2.com/konusanlar-3/2-sezon-27-bolum/
📺 Bölüm bulundu: 2. Sezon 28. BölümDual13.08.202548 dk. - https://diziyiizle2.com/konusanlar-3/2-sezon-28-bolum/
📺 Bölüm bulundu: 2. Sezon 29. BölümDual13.08.202559 dk. - https://diziyiizle2.com/konusanlar-3/2-sezon-29-bolum/
📺 Bölüm bulundu: 2. Sezon 30. BölümDual13.08.202558 dk. - https://diziyiizle2.com/konusanlar-3/2-sezon-30-bolum/
📺 Bölüm bulundu: 2. Sezon 31. BölümDual13.08.202556 dk. - https://diziyiizle2.com/konusanlar-3/2-sezon-31-bolum/
📺 Bölüm bulundu: 2. Sezon 32. BölümDual13.08.202553 dk. - https://diziyiizle2.com/konusanlar-3/2-sezon-32-bolum/
📺 Bölüm bulundu: 2. Sezon 33. BölümDual13.08.202553 dk. - https://diziyiizle2.com/konusanlar-3/2-sezon-33-bolum/
📺 Bölüm bulundu: 2. Sezon 34. BölümDual13.08.202546 dk. - https://diziyiizle2.com/konusanlar-3/2-sezon-34-bolum/
📺 Bölüm bulundu: 2. Sezon 35. BölümDual13.08.202559 dk. - https://diziyiizle2.com/konusanlar-3/2-sezon-35-bolum/
📺 Bölüm bulundu: 2. Sezon 36. BölümDual13.08.202547 dk. - https://diziyiizle2.com/konusanlar-3/2-sezon-36-bolum/
📺 Bölüm bulundu: 2. Sezon 37. BölümDual13.08.202548 dk. - https://diziyiizle2.com/konusanlar-3/2-sezon-37-bolum/
📺 Bölüm bulundu: 2. Sezon 38. BölümDual13.08.202551 dk. - https://diziyiizle2.com/konusanlar-3/2-sezon-38-bolum/
📺 Bölüm bulundu: 2. Sezon 39. BölümAltyazılı13.08.202556 dk. - https://diziyiizle2.com/konusanlar-3/2-sezon-39-bolum/
📺 Bölüm bulundu: 2. Sezon 40. BölümAltyazılı13.08.202546 dk. - https://diziyiizle2.com/konusanlar-3/2-sezon-40-bolum/
📺 Bölüm bulundu: 2. Sezon 41. BölümAltyazılı13.08.202555 dk. - https://diziyiizle2.com/konusanlar-3/2-sezon-41-bolum/
📺 Bölüm bulundu: 2. Sezon 42. BölümAltyazılı13.08.202552 dk. - https://diziyiizle2.com/konusanlar-3/2-sezon-42-bolum/
📺 Bölüm bulundu: 2. Sezon 43. BölümAltyazılı13.08.202548 dk. - https://diziyiizle2.com/konusanlar-3/2-sezon-43-bolum/
📺 Bölüm bulundu: 2. Sezon 44. BölümAltyazılı13.08.202546 dk. - https://diziyiizle2.com/konusanlar-3/2-sezon-44-bolum/
📺 Bölüm bulundu: 2. Sezon 45. BölümAltyazılı13.08.202559 dk. - https://diziyiizle2.com/konusanlar-3/2-sezon-45-bolum/
📺 Bölüm bulundu: 2. Sezon 46. BölümAltyazılı13.08.202552 dk. - https://diziyiizle2.com/konusanlar-3/2-sezon-46-bolum/
📺 Bölüm bulundu: 2. Sezon 47. BölümAltyazılı13.08.202545 dk. - https://diziyiizle2.com/konusanlar-3/2-sezon-47-bolum/
📺 Bölüm bulundu: 2. Sezon 48. BölümAltyazılı13.08.202549 dk. - https://diziyiizle2.com/konusanlar-3/2-sezon-48-bolum/
📺 Bölüm bulundu: 2. Sezon 49. BölümAltyazılı13.08.202558 dk. - https://diziyiizle2.com/konusanlar-3/2-sezon-49-bolum/
📺 Bölüm bulundu: 2. Sezon 50. BölümAltyazılı13.08.202552 dk. - https://diziyiizle2.com/konusanlar-3/2-sezon-50-bolum/
📺 Bölüm bulundu: 2. Sezon 51. BölümAltyazılı13.08.202563 dk. - https://diziyiizle2.com/konusanlar-3/2-sezon-51-bolum/
📺 Bölüm bulundu: 2. Sezon 52. BölümAltyazılı13.08.202553 dk. - https://diziyiizle2.com/konusanlar-3/2-sezon-52-bolum/
📺 Bölüm bulundu: 2. Sezon 53. BölümAltyazılı13.08.202554 dk. - https://diziyiizle2.com/konusanlar-3/2-sezon-53-bolum/
📺 Bölüm bulundu: 2. Sezon 54. BölümAltyazılı13.08.202560 dk. - https://diziyiizle2.com/konusanlar-3/2-sezon-54-bolum/
📺 Bölüm bulundu: 2. Sezon 55. BölümAltyazılı13.08.202552 dk. - https://diziyiizle2.com/konusanlar-3/2-sezon-55-bolum/
📺 Bölüm bulundu: 2. Sezon 56. BölümAltyazılı13.08.202561 dk. - https://diziyiizle2.com/konusanlar-3/2-sezon-56-bolum/
📺 Bölüm bulundu: 2. Sezon 57. BölümAltyazılı13.08.202553 dk. - https://diziyiizle2.com/konusanlar-3/2-sezon-57-bolum/
📺 Bölüm bulundu: 2. Sezon 58. BölümAltyazılı13.08.202556 dk. - https://diziyiizle2.com/konusanlar-3/2-sezon-58-bolum/
📺 Bölüm bulundu: 2. Sezon 59. BölümAltyazılı13.08.202560 dk. - https://diziyiizle2.com/konusanlar-3/2-sezon-59-bolum/
📺 Bölüm bulundu: 2. Sezon 60. BölümAltyazılı13.08.202552 dk. - https://diziyiizle2.com/konusanlar-3/2-sezon-60-bolum/
📺 Bölüm bulundu: 2. Sezon 61. BölümAltyazılı13.08.202542 dk. - https://diziyiizle2.com/konusanlar-3/2-sezon-61-bolum/
📺 Bölüm bulundu: 2. Sezon 62. BölümAltyazılı13.08.202554 dk. - https://diziyiizle2.com/konusanlar-3/2-sezon-62-bolum/
📺 Bölüm bulundu: 2. Sezon 63. BölümAltyazılı13.08.202552 dk. - https://diziyiizle2.com/konusanlar-3/2-sezon-63-bolum/
📺 Bölüm bulundu: 2. Sezon 64. BölümAltyazılı13.08.202565 dk. - https://diziyiizle2.com/konusanlar-3/2-sezon-64-bolum/
📺 Bölüm bulundu: 2. Sezon 65. BölümAltyazılı13.08.202562 dk. - https://diziyiizle2.com/konusanlar-3/2-sezon-65-bolum/
📺 Bölüm bulundu: 2. Sezon 66. BölümAltyazılı13.08.202555 dk. - https://diziyiizle2.com/konusanlar-3/2-sezon-66-bolum/
📺 Bölüm bulundu: 2. Sezon 67. BölümAltyazılı13.08.202552 dk. - https://diziyiizle2.com/konusanlar-3/2-sezon-67-bolum/
📺 Bölüm bulundu: 2. Sezon 68. BölümAltyazılı13.08.202555 dk. - https://diziyiizle2.com/konusanlar-3/2-sezon-68-bolum/
📺 Bölüm bulundu: 2. Sezon 69. BölümAltyazılı13.08.202561 dk. - https://diziyiizle2.com/konusanlar-3/2-sezon-69-bolum/
📺 Bölüm bulundu: 2. Sezon 70. BölümAltyazılı13.08.202560 dk. - https://diziyiizle2.com/konusanlar-3/2-sezon-70-bolum/
📺 Bölüm bulundu: 2. Sezon 71. BölümAltyazılı13.08.202549 dk. - https://diziyiizle2.com/konusanlar-3/2-sezon-71-bolum/
📺 Bölüm bulundu: 2. Sezon 72. BölümAltyazılı13.08.202550 dk. - https://diziyiizle2.com/konusanlar-3/2-sezon-72-bolum/
📺 Bölüm bulundu: 3. Sezon 1. BölümDual13.08.202551 dk. - https://diziyiizle2.com/konusanlar-3/3-sezon-1-bolum/
📺 Bölüm bulundu: 3. Sezon 2. BölümDual13.08.202560 dk. - https://diziyiizle2.com/konusanlar-3/3-sezon-2-bolum/
📺 Bölüm bulundu: 3. Sezon 3. BölümDual13.08.202551 dk. - https://diziyiizle2.com/konusanlar-3/3-sezon-3-bolum/
📺 Bölüm bulundu: 3. Sezon 4. BölümDual13.08.202553 dk. - https://diziyiizle2.com/konusanlar-3/3-sezon-4-bolum/
📺 Bölüm bulundu: 3. Sezon 5. BölümDual13.08.202557 dk. - https://diziyiizle2.com/konusanlar-3/3-sezon-5-bolum/
📺 Bölüm bulundu: 3. Sezon 6. BölümDual13.08.202554 dk. - https://diziyiizle2.com/konusanlar-3/3-sezon-6-bolum/
📺 Bölüm bulundu: 3. Sezon 7. BölümDual13.08.202554 dk. - https://diziyiizle2.com/konusanlar-3/3-sezon-7-bolum/
📺 Bölüm bulundu: 3. Sezon 8. BölümDual13.08.202563 dk. - https://diziyiizle2.com/konusanlar-3/3-sezon-8-bolum/
📺 Bölüm bulundu: 3. Sezon 9. BölümAltyazılı13.08.202554 dk. - https://diziyiizle2.com/konusanlar-3/3-sezon-9-bolum/
📺 Bölüm bulundu: 3. Sezon 10. BölümDual13.08.202547 dk. - https://diziyiizle2.com/konusanlar-3/3-sezon-10-bolum/
📺 Bölüm bulundu: 3. Sezon 11. BölümDual13.08.202553 dk. - https://diziyiizle2.com/konusanlar-3/3-sezon-11-bolum/
📺 Bölüm bulundu: 3. Sezon 12. BölümAltyazılı13.08.202547 dk. - https://diziyiizle2.com/konusanlar-3/3-sezon-12-bolum/
📺 Bölüm bulundu: 3. Sezon 13. BölümAltyazılı13.08.202549 dk. - https://diziyiizle2.com/konusanlar-3/3-sezon-13-bolum/
📺 Bölüm bulundu: 3. Sezon 14. BölümAltyazılı13.08.202547 dk. - https://diziyiizle2.com/konusanlar-3/3-sezon-14-bolum/
📺 Bölüm bulundu: 3. Sezon 15. BölümAltyazılı13.08.202546 dk. - https://diziyiizle2.com/konusanlar-3/3-sezon-15-bolum/
📺 Bölüm bulundu: 3. Sezon 16. BölümDual13.08.202548 dk. - https://diziyiizle2.com/konusanlar-3/3-sezon-16-bolum/
📺 Bölüm bulundu: 3. Sezon 17. BölümAltyazılı13.08.202550 dk. - https://diziyiizle2.com/konusanlar-3/3-sezon-17-bolum/
📺 Bölüm bulundu: 3. Sezon 18. BölümAltyazılı13.08.202559 dk. - https://diziyiizle2.com/konusanlar-3/3-sezon-18-bolum/
📺 Bölüm bulundu: 3. Sezon 19. BölümAltyazılı13.08.202549 dk. - https://diziyiizle2.com/konusanlar-3/3-sezon-19-bolum/
📺 Bölüm bulundu: 3. Sezon 20. BölümAltyazılı13.08.202552 dk. - https://diziyiizle2.com/konusanlar-3/3-sezon-20-bolum/
📺 Bölüm bulundu: 3. Sezon 21. BölümDual13.08.202549 dk. - https://diziyiizle2.com/konusanlar-3/3-sezon-21-bolum/
📺 Bölüm bulundu: 3. Sezon 22. BölümAltyazılı13.08.202552 dk. - https://diziyiizle2.com/konusanlar-3/3-sezon-22-bolum/
📺 Bölüm bulundu: 3. Sezon 23. BölümAltyazılı13.08.202551 dk. - https://diziyiizle2.com/konusanlar-3/3-sezon-23-bolum/
📺 Bölüm bulundu: 3. Sezon 24. BölümAltyazılı13.08.202550 dk. - https://diziyiizle2.com/konusanlar-3/3-sezon-24-bolum/
📺 Bölüm bulundu: 3. Sezon 25. BölümAltyazılı13.08.202551 dk. - https://diziyiizle2.com/konusanlar-3/3-sezon-25-bolum/
📺 Bölüm bulundu: 3. Sezon 26. BölümAltyazılı13.08.202552 dk. - https://diziyiizle2.com/konusanlar-3/3-sezon-26-bolum/
📺 Bölüm bulundu: 3. Sezon 27. BölümAltyazılı13.08.202550 dk. - https://diziyiizle2.com/konusanlar-3/3-sezon-27-bolum/
📺 Bölüm bulundu: 3. Sezon 28. BölümAltyazılı13.08.202559 dk. - https://diziyiizle2.com/konusanlar-3/3-sezon-28-bolum/
📺 Bölüm bulundu: 3. Sezon 29. BölümAltyazılı13.08.202550 dk. - https://diziyiizle2.com/konusanlar-3/3-sezon-29-bolum/
📺 Bölüm bulundu: 3. Sezon 30. BölümAltyazılı13.08.202555 dk. - https://diziyiizle2.com/konusanlar-3/3-sezon-30-bolum/
📺 Bölüm bulundu: 3. Sezon 31. BölümAltyazılı13.08.202557 dk. - https://diziyiizle2.com/konusanlar-3/3-sezon-31-bolum/
📺 Bölüm bulundu: 3. Sezon 32. BölümAltyazılı13.08.202556 dk. - https://diziyiizle2.com/konusanlar-3/3-sezon-32-bolum/
📺 Bölüm bulundu: 3. Sezon 33. BölümAltyazılı13.08.202545 dk. - https://diziyiizle2.com/konusanlar-3/3-sezon-33-bolum/
📺 Bölüm bulundu: 3. Sezon 34. BölümAltyazılı13.08.202552 dk. - https://diziyiizle2.com/konusanlar-3/3-sezon-34-bolum/
📺 Bölüm bulundu: 3. Sezon 35. BölümAltyazılı13.08.202549 dk. - https://diziyiizle2.com/konusanlar-3/3-sezon-35-bolum/
📺 Bölüm bulundu: 3. Sezon 36. BölümAltyazılı13.08.2025 - https://diziyiizle2.com/konusanlar-3/3-sezon-36-bolum/
📺 Bölüm bulundu: 3. Sezon 37. BölümAltyazılı13.08.202549 dk. - https://diziyiizle2.com/konusanlar-3/3-sezon-37-bolum/
📺 Bölüm bulundu: 3. Sezon 38. BölümAltyazılı13.08.202553 dk. - https://diziyiizle2.com/konusanlar-3/3-sezon-38-bolum/
📺 Bölüm bulundu: 4. Sezon 1. BölümDual13.08.202547 dk. - https://diziyiizle2.com/konusanlar-3/4-sezon-1-bolum/
📺 Bölüm bulundu: 4. Sezon 2. BölümDual13.08.202546 dk. - https://diziyiizle2.com/konusanlar-3/4-sezon-2-bolum/
📺 Bölüm bulundu: 4. Sezon 3. BölümDual13.08.202546 dk. - https://diziyiizle2.com/konusanlar-3/4-sezon-3-bolum/
📺 Bölüm bulundu: 4. Sezon 4. BölümDual13.08.202549 dk. - https://diziyiizle2.com/konusanlar-3/4-sezon-4-bolum/
📺 Bölüm bulundu: 4. Sezon 5. BölümDual13.08.202546 dk. - https://diziyiizle2.com/konusanlar-3/4-sezon-5-bolum/
📺 Bölüm bulundu: 4. Sezon 6. BölümDual13.08.202545 dk. - https://diziyiizle2.com/konusanlar-3/4-sezon-6-bolum/
📺 Bölüm bulundu: 4. Sezon 7. BölümDual13.08.202555 dk. - https://diziyiizle2.com/konusanlar-3/4-sezon-7-bolum/
📺 Bölüm bulundu: 4. Sezon 8. BölümDual13.08.202548 dk. - https://diziyiizle2.com/konusanlar-3/4-sezon-8-bolum/
📺 Bölüm bulundu: 4. Sezon 9. BölümDual13.08.202552 dk. - https://diziyiizle2.com/konusanlar-3/4-sezon-9-bolum/
📺 Bölüm bulundu: 4. Sezon 10. BölümDual13.08.202556 dk. - https://diziyiizle2.com/konusanlar-3/4-sezon-10-bolum/
📺 Bölüm bulundu: 4. Sezon 11. BölümDual13.08.202550 dk. - https://diziyiizle2.com/konusanlar-3/4-sezon-11-bolum/
📺 Bölüm bulundu: 4. Sezon 12. BölümDual13.08.202545 dk. - https://diziyiizle2.com/konusanlar-3/4-sezon-12-bolum/
📺 Bölüm bulundu: 4. Sezon 13. BölümDual13.08.202546 dk. - https://diziyiizle2.com/konusanlar-3/4-sezon-13-bolum/
📺 Bölüm bulundu: 4. Sezon 14. BölümDual13.08.202550 dk. - https://diziyiizle2.com/konusanlar-3/4-sezon-14-bolum/
📺 Bölüm bulundu: 4. Sezon 15. BölümDual13.08.202544 dk. - https://diziyiizle2.com/konusanlar-3/4-sezon-15-bolum/
📺 Bölüm bulundu: 4. Sezon 16. BölümDual13.08.202546 dk. - https://diziyiizle2.com/konusanlar-3/4-sezon-16-bolum/
📺 Bölüm bulundu: 4. Sezon 17. BölümDual13.08.202551 dk. - https://diziyiizle2.com/konusanlar-3/4-sezon-17-bolum/
📺 Bölüm bulundu: 4. Sezon 18. BölümDual13.08.202544 dk. - https://diziyiizle2.com/konusanlar-3/4-sezon-18-bolum/
📺 Bölüm bulundu: 4. Sezon 19. BölümDual13.08.202544 dk. - https://diziyiizle2.com/konusanlar-3/4-sezon-19-bolum/
📺 Bölüm bulundu: 4. Sezon 20. BölümDual13.08.202541 dk. - https://diziyiizle2.com/konusanlar-3/4-sezon-20-bolum/
📺 Bölüm bulundu: 4. Sezon 21. BölümDual13.08.202547 dk. - https://diziyiizle2.com/konusanlar-3/4-sezon-21-bolum/
📺 Bölüm bulundu: 4. Sezon 22. BölümDual13.08.202550 dk. - https://diziyiizle2.com/konusanlar-3/4-sezon-22-bolum/
📺 Bölüm bulundu: 4. Sezon 23. BölümDual13.08.202548 dk. - https://diziyiizle2.com/konusanlar-3/4-sezon-23-bolum/
📺 Bölüm bulundu: 4. Sezon 24. BölümDual13.08.202557 dk. - https://diziyiizle2.com/konusanlar-3/4-sezon-24-bolum/
📺 Bölüm bulundu: 4. Sezon 25. BölümDual13.08.202550 dk. - https://diziyiizle2.com/konusanlar-3/4-sezon-25-bolum/
📺 Bölüm bulundu: 4. Sezon 26. BölümDual13.08.202541 dk. - https://diziyiizle2.com/konusanlar-3/4-sezon-26-bolum/
📺 Bölüm bulundu: 4. Sezon 27. BölümDual13.08.202549 dk. - https://diziyiizle2.com/konusanlar-3/4-sezon-27-bolum/
📺 Bölüm bulundu: 4. Sezon 28. BölümDual13.08.202547 dk. - https://diziyiizle2.com/konusanlar-3/4-sezon-28-bolum/
📺 Bölüm bulundu: 4. Sezon 29. BölümDual13.08.202555 dk. - https://diziyiizle2.com/konusanlar-3/4-sezon-29-bolum/
📺 Bölüm bulundu: 4. Sezon 30. BölümDual13.08.2025 - https://diziyiizle2.com/konusanlar-3/4-sezon-30-bolum/
📺 Bölüm bulundu: 4. Sezon 31. BölümDual13.08.202545 dk. - https://diziyiizle2.com/konusanlar-3/4-sezon-31-bolum/
📺 Bölüm bulundu: 4. Sezon 32. BölümDual13.08.202548 dk. - https://diziyiizle2.com/konusanlar-3/4-sezon-32-bolum/
📺 Bölüm bulundu: 4. Sezon 33. BölümAltyazılı13.08.202545 dk. - https://diziyiizle2.com/konusanlar-3/4-sezon-33-bolum/
📺 Bölüm bulundu: 4. Sezon 34. BölümAltyazılı13.08.202559 dk. - https://diziyiizle2.com/konusanlar-3/4-sezon-34-bolum/
📺 Bölüm bulundu: 4. Sezon 35. BölümAltyazılı13.08.202539 dk. - https://diziyiizle2.com/konusanlar-3/4-sezon-35-bolum/
📺 Bölüm bulundu: 4. Sezon 36. BölümAltyazılı13.08.202557 dk. - https://diziyiizle2.com/konusanlar-3/4-sezon-36-bolum/
📺 Bölüm bulundu: 4. Sezon 37. BölümAltyazılı13.08.202551 dk. - https://diziyiizle2.com/konusanlar-3/4-sezon-37-bolum/
📺 Bölüm bulundu: 4. Sezon 38. BölümAltyazılı13.08.202547 dk. - https://diziyiizle2.com/konusanlar-3/4-sezon-38-bolum/
📺 Bölüm bulundu: 4. Sezon 39. BölümAltyazılı13.08.202546 dk. - https://diziyiizle2.com/konusanlar-3/4-sezon-39-bolum/
📺 Bölüm bulundu: 4. Sezon 40. BölümAltyazılı13.08.202553 dk. - https://diziyiizle2.com/konusanlar-3/4-sezon-40-bolum/
📺 Bölüm bulundu: 5. Sezon 1. BölümDual19.09.202549 dk. - https://diziyiizle2.com/konusanlar-3/5-sezon-1-bolum/
📺 Bölüm bulundu: 5. Sezon 2. BölümAltyazılı13.08.202548 dk. - https://diziyiizle2.com/konusanlar-3/5-sezon-2-bolum/
📺 Bölüm bulundu: 5. Sezon 3. BölümAltyazılı13.08.202553 dk. - https://diziyiizle2.com/konusanlar-3/5-sezon-3-bolum/
📺 Bölüm bulundu: 5. Sezon 4. BölümAltyazılı13.08.202563 dk. - https://diziyiizle2.com/konusanlar-3/5-sezon-4-bolum/
📺 Bölüm bulundu: 5. Sezon 5. BölümAltyazılı13.08.202540 dk. - https://diziyiizle2.com/konusanlar-3/5-sezon-5-bolum/
📺 Bölüm bulundu: 5. Sezon 6. BölümAltyazılı13.08.202539 dk. - https://diziyiizle2.com/konusanlar-3/5-sezon-6-bolum/
📺 Bölüm bulundu: 5. Sezon 7. BölümAltyazılı13.08.202553 dk. - https://diziyiizle2.com/konusanlar-3/5-sezon-7-bolum/
📺 Bölüm bulundu: 5. Sezon 8. BölümAltyazılı13.08.202559 dk. - https://diziyiizle2.com/konusanlar-3/5-sezon-8-bolum/
📺 Bölüm bulundu: 5. Sezon 9. BölümAltyazılı13.08.202544 dk. - https://diziyiizle2.com/konusanlar-3/5-sezon-9-bolum/
📺 Bölüm bulundu: 5. Sezon 10. BölümAltyazılı13.08.202556 dk. - https://diziyiizle2.com/konusanlar-3/5-sezon-10-bolum/
📺 Bölüm bulundu: 5. Sezon 11. BölümAltyazılı13.08.202571 dk. - https://diziyiizle2.com/konusanlar-3/5-sezon-11-bolum/
📺 Bölüm bulundu: 5. Sezon 12. BölümAltyazılı13.08.202563 dk. - https://diziyiizle2.com/konusanlar-3/5-sezon-12-bolum/
📺 Bölüm bulundu: 5. Sezon 13. BölümAltyazılı13.08.202547 dk. - https://diziyiizle2.com/konusanlar-3/5-sezon-13-bolum/
📺 Bölüm bulundu: 5. Sezon 14. BölümAltyazılı13.08.202555 dk. - https://diziyiizle2.com/konusanlar-3/5-sezon-14-bolum/
📺 Bölüm bulundu: 5. Sezon 15. BölümAltyazılı13.08.202553 dk. - https://diziyiizle2.com/konusanlar-3/5-sezon-15-bolum/
📺 Bölüm bulundu: 5. Sezon 16. BölümAltyazılı13.08.202547 dk. - https://diziyiizle2.com/konusanlar-3/5-sezon-16-bolum/
📺 Bölüm bulundu: 5. Sezon 17. BölümAltyazılı13.08.202548 dk. - https://diziyiizle2.com/konusanlar-3/5-sezon-17-bolum/
📺 Bölüm bulundu: 5. Sezon 18. BölümAltyazılı13.08.202549 dk. - https://diziyiizle2.com/konusanlar-3/5-sezon-18-bolum/
📺 Bölüm bulundu: 5. Sezon 19. BölümAltyazılı13.08.202546 dk. - https://diziyiizle2.com/konusanlar-3/5-sezon-19-bolum/
📺 Bölüm bulundu: 5. Sezon 20. BölümAltyazılı13.08.202539 dk. - https://diziyiizle2.com/konusanlar-3/5-sezon-20-bolum/
📺 Bölüm bulundu: 5. Sezon 21. BölümAltyazılı13.08.202565 dk. - https://diziyiizle2.com/konusanlar-3/5-sezon-21-bolum/
📺 Bölüm bulundu: 5. Sezon 22. BölümAltyazılı13.08.202537 dk. - https://diziyiizle2.com/konusanlar-3/5-sezon-22-bolum/
📺 Bölüm bulundu: 5. Sezon 23. BölümAltyazılı13.08.202547 dk. - https://diziyiizle2.com/konusanlar-3/5-sezon-23-bolum/
📺 Bölüm bulundu: 5. Sezon 24. BölümAltyazılı13.08.202540 dk. - https://diziyiizle2.com/konusanlar-3/5-sezon-24-bolum/
📺 Bölüm bulundu: 5. Sezon 25. BölümAltyazılı13.08.202568 dk. - https://diziyiizle2.com/konusanlar-3/5-sezon-25-bolum/
📺 Bölüm bulundu: 5. Sezon 26. BölümAltyazılı13.08.202551 dk. - https://diziyiizle2.com/konusanlar-3/5-sezon-26-bolum/
📺 Bölüm bulundu: 5. Sezon 27. BölümAltyazılı13.08.202546 dk. - https://diziyiizle2.com/konusanlar-3/5-sezon-27-bolum/
📺 Bölüm bulundu: 5. Sezon 28. BölümAltyazılı13.08.202554 dk. - https://diziyiizle2.com/konusanlar-3/5-sezon-28-bolum/
📺 Bölüm bulundu: 5. Sezon 29. BölümAltyazılı13.08.202554 dk. - https://diziyiizle2.com/konusanlar-3/5-sezon-29-bolum/
📺 Bölüm bulundu: 5. Sezon 30. BölümAltyazılı13.08.202557 dk. - https://diziyiizle2.com/konusanlar-3/5-sezon-30-bolum/
📺 Bölüm bulundu: 5. Sezon 31. BölümAltyazılı13.08.202558 dk. - https://diziyiizle2.com/konusanlar-3/5-sezon-31-bolum/
📺 Bölüm bulundu: 5. Sezon 32. BölümAltyazılı13.08.202561 dk. - https://diziyiizle2.com/konusanlar-3/5-sezon-32-bolum/

📊 Toplam 213 bölüm bulundu
   🔍 [1/213] Bölüm: https://diziyiizle2.com/konusanlar-3/1-sezon-1-bolum/
📺 Embed URL bulundu: https://vidlax.xyz/embed/7e78fd02c91b2c03
🔍 Embed URL kontrol ediliyor: https://vidlax.xyz/embed/7e78fd02c91b2c03
📄 Embed sayfa içeriği alındı, boyut: 39708 karakter
🎬 Video Başlığı: Konuşanlar
📝 Video Açıklaması: 1.Sezon 1.Bölüm
🎯 Tam Başlık: Konuşanlar - 1.Sezon 1.Bölüm
🎯 HEX DECODE - m3u8 bulundu: https://vidlax.xyz/upload/aa92fe2e0f9724bd7060c7de9d8f7177f152/master.m3u8
      ✅ Konuşanlar - 1.Sezon 1.Bölüm - 1 m3u8
   🔍 [2/213] Bölüm: https://diziyiizle2.com/konusanlar-3/1-sezon-2-bolum/
📺 Embed URL bulundu: https://vidlax.xyz/embed/ca742e8bd3ad67ad
🔍 Embed URL kontrol ediliyor: https://vidlax.xyz/embed/ca742e8bd3ad67ad
📄 Embed sayfa içeriği alındı, boyut: 39536 karakter
🎬 Video Başlığı: Konuşanlar 
📝 Video Açıklaması: 1.Sezon 2.Bölüm
🎯 Tam Başlık: Konuşanlar  - 1.Sezon 2.Bölüm
🎯 HEX DECODE - m3u8 bulundu: https://vidlax.xyz/upload/e5737af4a02d43d407369a15c7edc649f8bc/master.m3u8
      ✅ Konuşanlar  - 1.Sezon 2.Bölüm - 1 m3u8
   🔍 [3/213] Bölüm: https://diziyiizle2.com/konusanlar-3/1-sezon-3-bolum/
📺 Embed URL bulundu: https://vidlax.xyz/embed/448a0da0193167e2
🔍 Embed URL kontrol ediliyor: https://vidlax.xyz/embed/448a0da0193167e2
📄 Embed sayfa içeriği alındı, boyut: 39708 karakter
🎬 Video Başlığı: Konuşanlar
📝 Video Açıklaması: 1.Sezon 3.Bölüm
🎯 Tam Başlık: Konuşanlar - 1.Sezon 3.Bölüm
🎯 HEX DECODE - m3u8 bulundu: https://vidlax.xyz/upload/34ae20810d17cf23633d333d01dc5ec8388c/master.m3u8
      ✅ Konuşanlar - 1.Sezon 3.Bölüm - 1 m3u8
   🔍 [4/213] Bölüm: https://diziyiizle2.com/konusanlar-3/1-sezon-4-bolum/
📺 Embed URL bulundu: https://vidlax.xyz/embed/09dcaf4b558701d8
🔍 Embed URL kontrol ediliyor: https://vidlax.xyz/embed/09dcaf4b558701d8
📄 Embed sayfa içeriği alındı, boyut: 39536 karakter
🎬 Video Başlığı: Konuşanlar 
📝 Video Açıklaması: 1.Sezon 4.Bölüm
🎯 Tam Başlık: Konuşanlar  - 1.Sezon 4.Bölüm
🎯 HEX DECODE - m3u8 bulundu: https://vidlax.xyz/upload/c4ab0cd15074e50eebf634ea03c6dbf428e2/master.m3u8
      ✅ Konuşanlar  - 1.Sezon 4.Bölüm - 1 m3u8
   🔍 [5/213] Bölüm: https://diziyiizle2.com/konusanlar-3/1-sezon-5-bolum/
📺 Embed URL bulundu: https://vidlax.xyz/embed/1ad2f506c76dcffd
🔍 Embed URL kontrol ediliyor: https://vidlax.xyz/embed/1ad2f506c76dcffd
📄 Embed sayfa içeriği alındı, boyut: 39536 karakter
🎬 Video Başlığı: Konuşanlar 
📝 Video Açıklaması: 1.Sezon 5.Bölüm
🎯 Tam Başlık: Konuşanlar  - 1.Sezon 5.Bölüm
🎯 HEX DECODE - m3u8 bulundu: https://vidlax.xyz/upload/07721a5187eccf013dfd0642dd81dc072314/master.m3u8
      ✅ Konuşanlar  - 1.Sezon 5.Bölüm - 1 m3u8
   🔍 [6/213] Bölüm: https://diziyiizle2.com/konusanlar-3/1-sezon-6-bolum/
📺 Embed URL bulundu: https://vidlax.xyz/embed/d72a3bff3ec73944
🔍 Embed URL kontrol ediliyor: https://vidlax.xyz/embed/d72a3bff3ec73944
📄 Embed sayfa içeriği alındı, boyut: 39536 karakter
🎬 Video Başlığı: Konuşanlar 
📝 Video Açıklaması: 1.Sezon 6.Bölüm
🎯 Tam Başlık: Konuşanlar  - 1.Sezon 6.Bölüm
🎯 HEX DECODE - m3u8 bulundu: https://vidlax.xyz/upload/439e30fa6a28086705e49cfd88099463a865/master.m3u8
      ✅ Konuşanlar  - 1.Sezon 6.Bölüm - 1 m3u8
   🔍 [7/213] Bölüm: https://diziyiizle2.com/konusanlar-3/1-sezon-7-bolum/
📺 Embed URL bulundu: https://vidlax.xyz/embed/fac8124e73bcbd99
🔍 Embed URL kontrol ediliyor: https://vidlax.xyz/embed/fac8124e73bcbd99
📄 Embed sayfa içeriği alındı, boyut: 39536 karakter
🎬 Video Başlığı: Konuşanlar 
📝 Video Açıklaması: 1.Sezon 7.Bölüm
🎯 Tam Başlık: Konuşanlar  - 1.Sezon 7.Bölüm
🎯 HEX DECODE - m3u8 bulundu: https://vidlax.xyz/upload/167d5d07c2bcfdc2e98ac5d27c56cd05a968/master.m3u8
      ✅ Konuşanlar  - 1.Sezon 7.Bölüm - 1 m3u8
   🔍 [8/213] Bölüm: https://diziyiizle2.com/konusanlar-3/1-sezon-8-bolum/
📺 Embed URL bulundu: https://vidlax.xyz/embed/226051df9426e525
🔍 Embed URL kontrol ediliyor: https://vidlax.xyz/embed/226051df9426e525
📄 Embed sayfa içeriği alındı, boyut: 39536 karakter
🎬 Video Başlığı: Konuşanlar 
📝 Video Açıklaması: 1.Sezon 8.Bölüm
🎯 Tam Başlık: Konuşanlar  - 1.Sezon 8.Bölüm
🎯 HEX DECODE - m3u8 bulundu: https://vidlax.xyz/upload/cb6c3fdcc3cda4b57cadd936ff8f94185047/master.m3u8
      ✅ Konuşanlar  - 1.Sezon 8.Bölüm - 1 m3u8
   🔍 [9/213] Bölüm: https://diziyiizle2.com/konusanlar-3/1-sezon-9-bolum/
📺 Embed URL bulundu: https://vidlax.xyz/embed/2a8f27d26f962e02
🔍 Embed URL kontrol ediliyor: https://vidlax.xyz/embed/2a8f27d26f962e02
📄 Embed sayfa içeriği alındı, boyut: 39536 karakter
🎬 Video Başlığı: Konuşanlar 
📝 Video Açıklaması: 1.Sezon 9.Bölüm
🎯 Tam Başlık: Konuşanlar  - 1.Sezon 9.Bölüm
🎯 HEX DECODE - m3u8 bulundu: https://vidlax.xyz/upload/1c4293266e06a0a7e3693fcc23a2232db331/master.m3u8
      ✅ Konuşanlar  - 1.Sezon 9.Bölüm - 1 m3u8
   🔍 [10/213] Bölüm: https://diziyiizle2.com/konusanlar-3/1-sezon-10-bolum/
📺 Embed URL bulundu: https://vidlax.xyz/embed/e5d490503c70fd29
🔍 Embed URL kontrol ediliyor: https://vidlax.xyz/embed/e5d490503c70fd29
📄 Embed sayfa içeriği alındı, boyut: 39537 karakter
🎬 Video Başlığı: Konuşanlar 
📝 Video Açıklaması: 1.Sezon 10.Bölüm
🎯 Tam Başlık: Konuşanlar  - 1.Sezon 10.Bölüm
🎯 HEX DECODE - m3u8 bulundu: https://vidlax.xyz/upload/a7449cc40f333ea76ce9ce9ec3a1389ee22f/master.m3u8
      ✅ Konuşanlar  - 1.Sezon 10.Bölüm - 1 m3u8
   🔍 [11/213] Bölüm: https://diziyiizle2.com/konusanlar-3/1-sezon-11-bolum/
📺 Embed URL bulundu: https://vidlax.xyz/embed/80d0213cd95ed4e5
🔍 Embed URL kontrol ediliyor: https://vidlax.xyz/embed/80d0213cd95ed4e5
📄 Embed sayfa içeriği alındı, boyut: 39537 karakter
🎬 Video Başlığı: Konuşanlar 
📝 Video Açıklaması: 1.Sezon 11.Bölüm
🎯 Tam Başlık: Konuşanlar  - 1.Sezon 11.Bölüm
🎯 HEX DECODE - m3u8 bulundu: https://vidlax.xyz/upload/5c742e4f0252c5c8880ab0dfc2910da95d01/master.m3u8
      ✅ Konuşanlar  - 1.Sezon 11.Bölüm - 1 m3u8
   🔍 [12/213] Bölüm: https://diziyiizle2.com/konusanlar-3/1-sezon-12-bolum/
📺 Embed URL bulundu: https://vidlax.xyz/embed/390e3248e2cdc01b
🔍 Embed URL kontrol ediliyor: https://vidlax.xyz/embed/390e3248e2cdc01b
📄 Embed sayfa içeriği alındı, boyut: 39537 karakter
🎬 Video Başlığı: Konuşanlar 
📝 Video Açıklaması: 1.Sezon 12.Bölüm
🎯 Tam Başlık: Konuşanlar  - 1.Sezon 12.Bölüm
🎯 HEX DECODE - m3u8 bulundu: https://vidlax.xyz/upload/0603dfb022d5fa4b075f5917318a6cebb853/master.m3u8
      ✅ Konuşanlar  - 1.Sezon 12.Bölüm - 1 m3u8
   🔍 [13/213] Bölüm: https://diziyiizle2.com/konusanlar-3/1-sezon-13-bolum/
📺 Embed URL bulundu: https://vidlax.xyz/embed/5db12d9e3c1ab636
🔍 Embed URL kontrol ediliyor: https://vidlax.xyz/embed/5db12d9e3c1ab636
📄 Embed sayfa içeriği alındı, boyut: 39537 karakter
🎬 Video Başlığı: Konuşanlar 
📝 Video Açıklaması: 1.Sezon 13.Bölüm
🎯 Tam Başlık: Konuşanlar  - 1.Sezon 13.Bölüm
🎯 HEX DECODE - m3u8 bulundu: https://vidlax.xyz/upload/96fd956b1e1aab08c74dfdf2def0f8b02c74/master.m3u8
      ✅ Konuşanlar  - 1.Sezon 13.Bölüm - 1 m3u8
   🔍 [14/213] Bölüm: https://diziyiizle2.com/konusanlar-3/1-sezon-14-bolum/
📺 Embed URL bulundu: https://vidlax.xyz/embed/4e807a8d01be264f
🔍 Embed URL kontrol ediliyor: https://vidlax.xyz/embed/4e807a8d01be264f
📄 Embed sayfa içeriği alındı, boyut: 39537 karakter
🎬 Video Başlığı: Konuşanlar 
📝 Video Açıklaması: 1.Sezon 14.Bölüm
🎯 Tam Başlık: Konuşanlar  - 1.Sezon 14.Bölüm
🎯 HEX DECODE - m3u8 bulundu: https://vidlax.xyz/upload/5bc2b6bd4379d5c829a02c441c063daaf70a/master.m3u8
      ✅ Konuşanlar  - 1.Sezon 14.Bölüm - 1 m3u8
   🔍 [15/213] Bölüm: https://diziyiizle2.com/konusanlar-3/1-sezon-15-bolum/
📺 Embed URL bulundu: https://vidlax.xyz/embed/a6b28ce7992e137d
🔍 Embed URL kontrol ediliyor: https://vidlax.xyz/embed/a6b28ce7992e137d
📄 Embed sayfa içeriği alındı, boyut: 39537 karakter
🎬 Video Başlığı: Konuşanlar 
📝 Video Açıklaması: 1.Sezon 15.Bölüm
🎯 Tam Başlık: Konuşanlar  - 1.Sezon 15.Bölüm
🎯 HEX DECODE - m3u8 bulundu: https://vidlax.xyz/upload/8875b7164a55792bcac8f0ca3d29b118b7f4/master.m3u8
      ✅ Konuşanlar  - 1.Sezon 15.Bölüm - 1 m3u8
   🔍 [16/213] Bölüm: https://diziyiizle2.com/konusanlar-3/1-sezon-16-bolum/
📺 Embed URL bulundu: https://vidlax.xyz/embed/29a070b04940e0e6
🔍 Embed URL kontrol ediliyor: https://vidlax.xyz/embed/29a070b04940e0e6
📄 Embed sayfa içeriği alındı, boyut: 39537 karakter
🎬 Video Başlığı: Konuşanlar 
📝 Video Açıklaması: 1.Sezon 16.Bölüm
🎯 Tam Başlık: Konuşanlar  - 1.Sezon 16.Bölüm
🎯 HEX DECODE - m3u8 bulundu: https://vidlax.xyz/upload/b47bb2d52b47a0ce23e0f7a5e81db53ac3ca/master.m3u8
      ✅ Konuşanlar  - 1.Sezon 16.Bölüm - 1 m3u8
   🔍 [17/213] Bölüm: https://diziyiizle2.com/konusanlar-3/1-sezon-17-bolum/
📺 Embed URL bulundu: https://vidlax.xyz/embed/bc01713b1df6af56
🔍 Embed URL kontrol ediliyor: https://vidlax.xyz/embed/bc01713b1df6af56
📄 Embed sayfa içeriği alındı, boyut: 39537 karakter
🎬 Video Başlığı: Konuşanlar 
📝 Video Açıklaması: 1.Sezon 17.Bölüm
🎯 Tam Başlık: Konuşanlar  - 1.Sezon 17.Bölüm
🎯 HEX DECODE - m3u8 bulundu: https://vidlax.xyz/upload/974c82624025fabcb53e795ac62a56c8a57d/master.m3u8
      ✅ Konuşanlar  - 1.Sezon 17.Bölüm - 1 m3u8
   🔍 [18/213] Bölüm: https://diziyiizle2.com/konusanlar-3/1-sezon-18-bolum/
📺 Embed URL bulundu: https://vidlax.xyz/embed/93f73b07096e4873
🔍 Embed URL kontrol ediliyor: https://vidlax.xyz/embed/93f73b07096e4873
📄 Embed sayfa içeriği alındı, boyut: 39537 karakter
🎬 Video Başlığı: Konuşanlar 
📝 Video Açıklaması: 1.Sezon 18.Bölüm
🎯 Tam Başlık: Konuşanlar  - 1.Sezon 18.Bölüm
🎯 HEX DECODE - m3u8 bulundu: https://vidlax.xyz/upload/da6c35870dacc0142d64dc64b8448b5a3781/master.m3u8
      ✅ Konuşanlar  - 1.Sezon 18.Bölüm - 1 m3u8
   🔍 [19/213] Bölüm: https://diziyiizle2.com/konusanlar-3/1-sezon-19-bolum/
📺 Embed URL bulundu: https://vidlax.xyz/embed/797b69a249ef0b71
🔍 Embed URL kontrol ediliyor: https://vidlax.xyz/embed/797b69a249ef0b71
📄 Embed sayfa içeriği alındı, boyut: 39537 karakter
🎬 Video Başlığı: Konuşanlar 
📝 Video Açıklaması: 1.Sezon 19.Bölüm
🎯 Tam Başlık: Konuşanlar  - 1.Sezon 19.Bölüm
🎯 HEX DECODE - m3u8 bulundu: https://vidlax.xyz/upload/a861d0f0b5eb9225befba8285174e54b00c1/master.m3u8
      ✅ Konuşanlar  - 1.Sezon 19.Bölüm - 1 m3u8
   🔍 [20/213] Bölüm: https://diziyiizle2.com/konusanlar-3/1-sezon-20-bolum/
📺 Embed URL bulundu: https://vidlax.xyz/embed/5a498d3abeb37e72
🔍 Embed URL kontrol ediliyor: https://vidlax.xyz/embed/5a498d3abeb37e72
📄 Embed sayfa içeriği alındı, boyut: 39537 karakter
🎬 Video Başlığı: Konuşanlar 
📝 Video Açıklaması: 1.Sezon 20.Bölüm
🎯 Tam Başlık: Konuşanlar  - 1.Sezon 20.Bölüm
🎯 HEX DECODE - m3u8 bulundu: https://vidlax.xyz/upload/2ccc696fde8b79bc1e8f2c2bf828c4bfd0a2/master.m3u8
      ✅ Konuşanlar  - 1.Sezon 20.Bölüm - 1 m3u8
   🔍 [21/213] Bölüm: https://diziyiizle2.com/konusanlar-3/1-sezon-21-bolum/
📺 Embed URL bulundu: https://vidlax.xyz/embed/1279e11f79f8a35e
🔍 Embed URL kontrol ediliyor: https://vidlax.xyz/embed/1279e11f79f8a35e
📄 Embed sayfa içeriği alındı, boyut: 39537 karakter
🎬 Video Başlığı: Konuşanlar 
📝 Video Açıklaması: 1.Sezon 21.Bölüm
🎯 Tam Başlık: Konuşanlar  - 1.Sezon 21.Bölüm
🎯 HEX DECODE - m3u8 bulundu: https://vidlax.xyz/upload/b23aa0f7e80f6a73d536d68f2ea9b5e249ff/master.m3u8
      ✅ Konuşanlar  - 1.Sezon 21.Bölüm - 1 m3u8
   🔍 [22/213] Bölüm: https://diziyiizle2.com/konusanlar-3/1-sezon-22-bolum/
📺 Embed URL bulundu: https://vidlax.xyz/embed/a27811f581cef259
🔍 Embed URL kontrol ediliyor: https://vidlax.xyz/embed/a27811f581cef259
📄 Embed sayfa içeriği alındı, boyut: 39537 karakter
🎬 Video Başlığı: Konuşanlar 
📝 Video Açıklaması: 1.Sezon 22.Bölüm
🎯 Tam Başlık: Konuşanlar  - 1.Sezon 22.Bölüm
🎯 HEX DECODE - m3u8 bulundu: https://vidlax.xyz/upload/75816d6338dfe4f328e373e42e10480f1635/master.m3u8
      ✅ Konuşanlar  - 1.Sezon 22.Bölüm - 1 m3u8
   🔍 [23/213] Bölüm: https://diziyiizle2.com/konusanlar-3/1-sezon-23-bolum/
📺 Embed URL bulundu: https://vidlax.xyz/embed/5d8d16c1986eb7b4
🔍 Embed URL kontrol ediliyor: https://vidlax.xyz/embed/5d8d16c1986eb7b4
📄 Embed sayfa içeriği alındı, boyut: 39537 karakter
🎬 Video Başlığı: Konuşanlar 
📝 Video Açıklaması: 1.Sezon 23.Bölüm
🎯 Tam Başlık: Konuşanlar  - 1.Sezon 23.Bölüm
🎯 HEX DECODE - m3u8 bulundu: https://vidlax.xyz/upload/33edf11ab7a4befd1f985cc9a6a52299eab1/master.m3u8
      ✅ Konuşanlar  - 1.Sezon 23.Bölüm - 1 m3u8
   🔍 [24/213] Bölüm: https://diziyiizle2.com/konusanlar-3/1-sezon-24-bolum/
📺 Embed URL bulundu: https://vidlax.xyz/embed/e1dcac4681cdd416
🔍 Embed URL kontrol ediliyor: https://vidlax.xyz/embed/e1dcac4681cdd416
📄 Embed sayfa içeriği alındı, boyut: 39537 karakter
🎬 Video Başlığı: Konuşanlar 
📝 Video Açıklaması: 1.Sezon 24.Bölüm
🎯 Tam Başlık: Konuşanlar  - 1.Sezon 24.Bölüm
🎯 HEX DECODE - m3u8 bulundu: https://vidlax.xyz/upload/00d676e8d2021c0206677f28a63a99b6e695/master.m3u8
      ✅ Konuşanlar  - 1.Sezon 24.Bölüm - 1 m3u8
   🔍 [25/213] Bölüm: https://diziyiizle2.com/konusanlar-3/1-sezon-25-bolum/
📺 Embed URL bulundu: https://vidlax.xyz/embed/9bef83d780e77c5b
🔍 Embed URL kontrol ediliyor: https://vidlax.xyz/embed/9bef83d780e77c5b
📄 Embed sayfa içeriği alındı, boyut: 39537 karakter
🎬 Video Başlığı: Konuşanlar 
📝 Video Açıklaması: 1.Sezon 25.Bölüm
🎯 Tam Başlık: Konuşanlar  - 1.Sezon 25.Bölüm
🎯 HEX DECODE - m3u8 bulundu: https://vidlax.xyz/upload/f78b5fdfe177a4e657add08160c55993f104/master.m3u8
      ✅ Konuşanlar  - 1.Sezon 25.Bölüm - 1 m3u8
   🔍 [26/213] Bölüm: https://diziyiizle2.com/konusanlar-3/1-sezon-26-bolum/
📺 Embed URL bulundu: https://vidlax.xyz/embed/7cb9038ff738b461
🔍 Embed URL kontrol ediliyor: https://vidlax.xyz/embed/7cb9038ff738b461
📄 Embed sayfa içeriği alındı, boyut: 39537 karakter
🎬 Video Başlığı: Konuşanlar 
📝 Video Açıklaması: 1.Sezon 26.Bölüm
🎯 Tam Başlık: Konuşanlar  - 1.Sezon 26.Bölüm
🎯 HEX DECODE - m3u8 bulundu: https://vidlax.xyz/upload/0031e514823dba03bede1b3b7fa82783aa81/master.m3u8
      ✅ Konuşanlar  - 1.Sezon 26.Bölüm - 1 m3u8
   🔍 [27/213] Bölüm: https://diziyiizle2.com/konusanlar-3/1-sezon-27-bolum/
📺 Embed URL bulundu: https://vidlax.xyz/embed/002f53b4d63c1dd1
🔍 Embed URL kontrol ediliyor: https://vidlax.xyz/embed/002f53b4d63c1dd1
📄 Embed sayfa içeriği alındı, boyut: 39537 karakter
🎬 Video Başlığı: Konuşanlar 
📝 Video Açıklaması: 1.Sezon 27.Bölüm
🎯 Tam Başlık: Konuşanlar  - 1.Sezon 27.Bölüm
🎯 HEX DECODE - m3u8 bulundu: https://vidlax.xyz/upload/8338d01d79d02193d27359f3bb219c5fc1be/master.m3u8
      ✅ Konuşanlar  - 1.Sezon 27.Bölüm - 1 m3u8
   🔍 [28/213] Bölüm: https://diziyiizle2.com/konusanlar-3/1-sezon-28-bolum/
📺 Embed URL bulundu: https://vidlax.xyz/embed/a446fa337ca70485
🔍 Embed URL kontrol ediliyor: https://vidlax.xyz/embed/a446fa337ca70485
📄 Embed sayfa içeriği alındı, boyut: 39537 karakter
🎬 Video Başlığı: Konuşanlar 
📝 Video Açıklaması: 1.Sezon 28.Bölüm
🎯 Tam Başlık: Konuşanlar  - 1.Sezon 28.Bölüm
🎯 HEX DECODE - m3u8 bulundu: https://vidlax.xyz/upload/a581c27395438c0d2e3303d35acdf9360d42/master.m3u8
      ✅ Konuşanlar  - 1.Sezon 28.Bölüm - 1 m3u8
   🔍 [29/213] Bölüm: https://diziyiizle2.com/konusanlar-3/1-sezon-29-bolum/
📺 Embed URL bulundu: https://vidlax.xyz/embed/5c9cddf2c8c8e9ec
🔍 Embed URL kontrol ediliyor: https://vidlax.xyz/embed/5c9cddf2c8c8e9ec
📄 Embed sayfa içeriği alındı, boyut: 39537 karakter
🎬 Video Başlığı: Konuşanlar 
📝 Video Açıklaması: 1.Sezon 29.Bölüm
🎯 Tam Başlık: Konuşanlar  - 1.Sezon 29.Bölüm
🎯 HEX DECODE - m3u8 bulundu: https://vidlax.xyz/upload/d375d9ee281db473c334caee5337c895e14e/master.m3u8
      ✅ Konuşanlar  - 1.Sezon 29.Bölüm - 1 m3u8
   🔍 [30/213] Bölüm: https://diziyiizle2.com/konusanlar-3/1-sezon-30-bolum/

🔍 Vidlax direkt analizi: https://diziyiizle2.com/konusanlar-3/1-sezon-30-bolum/
📄 Sayfa içeriği alındı: 360005 karakter
❌ m3u8 URL'si bulunamadı
      ❌ m3u8 bulunamadı
   🔍 [31/213] Bölüm: https://diziyiizle2.com/konusanlar-3/1-sezon-31-bolum/

🔍 Vidlax direkt analizi: https://diziyiizle2.com/konusanlar-3/1-sezon-31-bolum/
📄 Sayfa içeriği alındı: 359647 karakter
❌ m3u8 URL'si bulunamadı
      ❌ m3u8 bulunamadı
   🔍 [32/213] Bölüm: https://diziyiizle2.com/konusanlar-3/2-sezon-1-bolum/

🔍 Vidlax direkt analizi: https://diziyiizle2.com/konusanlar-3/2-sezon-1-bolum/
📄 Sayfa içeriği alındı: 359981 karakter
❌ m3u8 URL'si bulunamadı
      ❌ m3u8 bulunamadı
   🔍 [33/213] Bölüm: https://diziyiizle2.com/konusanlar-3/2-sezon-2-bolum/
📺 Embed URL bulundu: https://vidlax.xyz/embed/7f44542ad6972791
🔍 Embed URL kontrol ediliyor: https://vidlax.xyz/embed/7f44542ad6972791
📄 Embed sayfa içeriği alındı, boyut: 39536 karakter
🎬 Video Başlığı: Konuşanlar 
📝 Video Açıklaması: 2.Sezon 2.Bölüm
🎯 Tam Başlık: Konuşanlar  - 2.Sezon 2.Bölüm
🎯 HEX DECODE - m3u8 bulundu: https://vidlax.xyz/upload/2623a8c78676120d6113713a0482c7becee5/master.m3u8
      ✅ Konuşanlar  - 2.Sezon 2.Bölüm - 1 m3u8
   🔍 [34/213] Bölüm: https://diziyiizle2.com/konusanlar-3/2-sezon-3-bolum/
📺 Embed URL bulundu: https://vidlax.xyz/embed/af5c74e5bba2a453
🔍 Embed URL kontrol ediliyor: https://vidlax.xyz/embed/af5c74e5bba2a453
📄 Embed sayfa içeriği alındı, boyut: 39536 karakter
🎬 Video Başlığı: Konuşanlar 
📝 Video Açıklaması: 2.Sezon 3.Bölüm
🎯 Tam Başlık: Konuşanlar  - 2.Sezon 3.Bölüm
🎯 HEX DECODE - m3u8 bulundu: https://vidlax.xyz/upload/2baa0f4af8b94b62a399ddb44fb1bbed874a/master.m3u8
      ✅ Konuşanlar  - 2.Sezon 3.Bölüm - 1 m3u8
   🔍 [35/213] Bölüm: https://diziyiizle2.com/konusanlar-3/2-sezon-4-bolum/
📺 Embed URL bulundu: https://vidlax.xyz/embed/ea1a5d39e6b7993b
🔍 Embed URL kontrol ediliyor: https://vidlax.xyz/embed/ea1a5d39e6b7993b
📄 Embed sayfa içeriği alındı, boyut: 39536 karakter
🎬 Video Başlığı: Konuşanlar 
📝 Video Açıklaması: 2.Sezon 4.Bölüm
🎯 Tam Başlık: Konuşanlar  - 2.Sezon 4.Bölüm
🎯 HEX DECODE - m3u8 bulundu: https://vidlax.xyz/upload/99dfc987cc5c837cd63a9aa3601f89b0308f/master.m3u8
      ✅ Konuşanlar  - 2.Sezon 4.Bölüm - 1 m3u8
   🔍 [36/213] Bölüm: https://diziyiizle2.com/konusanlar-3/2-sezon-5-bolum/
📺 Embed URL bulundu: https://vidlax.xyz/embed/32957bc56e51c669
🔍 Embed URL kontrol ediliyor: https://vidlax.xyz/embed/32957bc56e51c669
📄 Embed sayfa içeriği alındı, boyut: 39536 karakter
🎬 Video Başlığı: Konuşanlar 
📝 Video Açıklaması: 2.Sezon 5.Bölüm
🎯 Tam Başlık: Konuşanlar  - 2.Sezon 5.Bölüm
🎯 HEX DECODE - m3u8 bulundu: https://vidlax.xyz/upload/d8d3cafc4f95fbae7e1fc4b9bb1db93a2386/master.m3u8
      ✅ Konuşanlar  - 2.Sezon 5.Bölüm - 1 m3u8
   🔍 [37/213] Bölüm: https://diziyiizle2.com/konusanlar-3/2-sezon-6-bolum/
📺 Embed URL bulundu: https://vidlax.xyz/embed/5157a01bce2c3ee7
🔍 Embed URL kontrol ediliyor: https://vidlax.xyz/embed/5157a01bce2c3ee7
📄 Embed sayfa içeriği alındı, boyut: 39536 karakter
🎬 Video Başlığı: Konuşanlar 
📝 Video Açıklaması: 2.Sezon 6.Bölüm
🎯 Tam Başlık: Konuşanlar  - 2.Sezon 6.Bölüm
🎯 HEX DECODE - m3u8 bulundu: https://vidlax.xyz/upload/471e98fa8e48c965acdc341df0a4b1bf31c0/master.m3u8
      ✅ Konuşanlar  - 2.Sezon 6.Bölüm - 1 m3u8
   🔍 [38/213] Bölüm: https://diziyiizle2.com/konusanlar-3/2-sezon-7-bolum/
📺 Embed URL bulundu: https://vidlax.xyz/embed/5b5952a6d8dd4df4
🔍 Embed URL kontrol ediliyor: https://vidlax.xyz/embed/5b5952a6d8dd4df4
📄 Embed sayfa içeriği alındı, boyut: 39536 karakter
🎬 Video Başlığı: Konuşanlar 
📝 Video Açıklaması: 2.Sezon 7.Bölüm
🎯 Tam Başlık: Konuşanlar  - 2.Sezon 7.Bölüm
🎯 HEX DECODE - m3u8 bulundu: https://vidlax.xyz/upload/a1db575f7d8bd33f497ecbc209fd619363e4/master.m3u8
      ✅ Konuşanlar  - 2.Sezon 7.Bölüm - 1 m3u8
   🔍 [39/213] Bölüm: https://diziyiizle2.com/konusanlar-3/2-sezon-8-bolum/
📺 Embed URL bulundu: https://vidlax.xyz/embed/6eccc7b52e630f84
🔍 Embed URL kontrol ediliyor: https://vidlax.xyz/embed/6eccc7b52e630f84
📄 Embed sayfa içeriği alındı, boyut: 39536 karakter
🎬 Video Başlığı: Konuşanlar 
📝 Video Açıklaması: 2.Sezon 8.Bölüm
🎯 Tam Başlık: Konuşanlar  - 2.Sezon 8.Bölüm
🎯 HEX DECODE - m3u8 bulundu: https://vidlax.xyz/upload/528e65a7cb528642f71301e4b2a11043803b/master.m3u8
      ✅ Konuşanlar  - 2.Sezon 8.Bölüm - 1 m3u8
   🔍 [40/213] Bölüm: https://diziyiizle2.com/konusanlar-3/2-sezon-9-bolum/
📺 Embed URL bulundu: https://vidlax.xyz/embed/350e20dfbfcc1aca
🔍 Embed URL kontrol ediliyor: https://vidlax.xyz/embed/350e20dfbfcc1aca
📄 Embed sayfa içeriği alındı, boyut: 39536 karakter
🎬 Video Başlığı: Konuşanlar 
📝 Video Açıklaması: 2.Sezon 9.Bölüm
🎯 Tam Başlık: Konuşanlar  - 2.Sezon 9.Bölüm
🎯 HEX DECODE - m3u8 bulundu: https://vidlax.xyz/upload/695b460ff096bc92bd5149e433c5336747be/master.m3u8
      ✅ Konuşanlar  - 2.Sezon 9.Bölüm - 1 m3u8
   🔍 [41/213] Bölüm: https://diziyiizle2.com/konusanlar-3/2-sezon-10-bolum/
📺 Embed URL bulundu: https://vidlax.xyz/embed/5116a8a01a1beacc
🔍 Embed URL kontrol ediliyor: https://vidlax.xyz/embed/5116a8a01a1beacc
📄 Embed sayfa içeriği alındı, boyut: 39537 karakter
🎬 Video Başlığı: Konuşanlar 
📝 Video Açıklaması: 2.Sezon 10.Bölüm
🎯 Tam Başlık: Konuşanlar  - 2.Sezon 10.Bölüm
🎯 HEX DECODE - m3u8 bulundu: https://vidlax.xyz/upload/67f8e05b51f5272f4a9b1561ac5be0b9062e/master.m3u8
      ✅ Konuşanlar  - 2.Sezon 10.Bölüm - 1 m3u8
   🔍 [42/213] Bölüm: https://diziyiizle2.com/konusanlar-3/2-sezon-11-bolum/
📺 Embed URL bulundu: https://vidlax.xyz/embed/33ab5c9e5e8d9264
🔍 Embed URL kontrol ediliyor: https://vidlax.xyz/embed/33ab5c9e5e8d9264
📄 Embed sayfa içeriği alındı, boyut: 39537 karakter
🎬 Video Başlığı: Konuşanlar 
📝 Video Açıklaması: 2.Sezon 11.Bölüm
🎯 Tam Başlık: Konuşanlar  - 2.Sezon 11.Bölüm
🎯 HEX DECODE - m3u8 bulundu: https://vidlax.xyz/upload/18314c9d6a4152b2aba59efe1778944b8907/master.m3u8
      ✅ Konuşanlar  - 2.Sezon 11.Bölüm - 1 m3u8
   🔍 [43/213] Bölüm: https://diziyiizle2.com/konusanlar-3/2-sezon-12-bolum/
📺 Embed URL bulundu: https://vidlax.xyz/embed/d405e92c5d65f16d
🔍 Embed URL kontrol ediliyor: https://vidlax.xyz/embed/d405e92c5d65f16d
📄 Embed sayfa içeriği alındı, boyut: 39537 karakter
🎬 Video Başlığı: Konuşanlar 
📝 Video Açıklaması: 2.Sezon 12.Bölüm
🎯 Tam Başlık: Konuşanlar  - 2.Sezon 12.Bölüm
🎯 HEX DECODE - m3u8 bulundu: https://vidlax.xyz/upload/5e8d7d9bb3580c43e0018526100dbe9796c0/master.m3u8
      ✅ Konuşanlar  - 2.Sezon 12.Bölüm - 1 m3u8
   🔍 [44/213] Bölüm: https://diziyiizle2.com/konusanlar-3/2-sezon-13-bolum/
📺 Embed URL bulundu: https://vidlax.xyz/embed/2db422a214a1314c
🔍 Embed URL kontrol ediliyor: https://vidlax.xyz/embed/2db422a214a1314c
📄 Embed sayfa içeriği alındı, boyut: 39537 karakter
🎬 Video Başlığı: Konuşanlar 
📝 Video Açıklaması: 2.Sezon 13.Bölüm
🎯 Tam Başlık: Konuşanlar  - 2.Sezon 13.Bölüm
🎯 HEX DECODE - m3u8 bulundu: https://vidlax.xyz/upload/d28f3fe2bc0d99f29d02799875d288d4b45d/master.m3u8
      ✅ Konuşanlar  - 2.Sezon 13.Bölüm - 1 m3u8
   🔍 [45/213] Bölüm: https://diziyiizle2.com/konusanlar-3/2-sezon-14-bolum/
📺 Embed URL bulundu: https://vidlax.xyz/embed/bc9fc2fd1ffb2a8b
🔍 Embed URL kontrol ediliyor: https://vidlax.xyz/embed/bc9fc2fd1ffb2a8b
📄 Embed sayfa içeriği alındı, boyut: 39537 karakter
🎬 Video Başlığı: Konuşanlar 
📝 Video Açıklaması: 2.Sezon 14.Bölüm
🎯 Tam Başlık: Konuşanlar  - 2.Sezon 14.Bölüm
🎯 HEX DECODE - m3u8 bulundu: https://vidlax.xyz/upload/948661613c46e6fc00886836d21a9341d85a/master.m3u8
      ✅ Konuşanlar  - 2.Sezon 14.Bölüm - 1 m3u8
   🔍 [46/213] Bölüm: https://diziyiizle2.com/konusanlar-3/2-sezon-15-bolum/
📺 Embed URL bulundu: https://vidlax.xyz/embed/af16321455c8ceee
🔍 Embed URL kontrol ediliyor: https://vidlax.xyz/embed/af16321455c8ceee
📄 Embed sayfa içeriği alındı, boyut: 39537 karakter
🎬 Video Başlığı: Konuşanlar 
📝 Video Açıklaması: 2.Sezon 15.Bölüm
🎯 Tam Başlık: Konuşanlar  - 2.Sezon 15.Bölüm
🎯 HEX DECODE - m3u8 bulundu: https://vidlax.xyz/upload/024b68d0ce39977e368ec457e8acc98154a1/master.m3u8
      ✅ Konuşanlar  - 2.Sezon 15.Bölüm - 1 m3u8
   🔍 [47/213] Bölüm: https://diziyiizle2.com/konusanlar-3/2-sezon-16-bolum/
📺 Embed URL bulundu: https://vidlax.xyz/embed/a8b78b44caf09d8f
🔍 Embed URL kontrol ediliyor: https://vidlax.xyz/embed/a8b78b44caf09d8f
📄 Embed sayfa içeriği alındı, boyut: 39537 karakter
🎬 Video Başlığı: Konuşanlar 
📝 Video Açıklaması: 2.Sezon 16.Bölüm
🎯 Tam Başlık: Konuşanlar  - 2.Sezon 16.Bölüm
🎯 HEX DECODE - m3u8 bulundu: https://vidlax.xyz/upload/7b4c8da41d0d3fd575e93ec7a5f5823b3467/master.m3u8
      ✅ Konuşanlar  - 2.Sezon 16.Bölüm - 1 m3u8
   🔍 [48/213] Bölüm: https://diziyiizle2.com/konusanlar-3/2-sezon-17-bolum/
📺 Embed URL bulundu: https://vidlax.xyz/embed/95f1b1b29975fdb3
🔍 Embed URL kontrol ediliyor: https://vidlax.xyz/embed/95f1b1b29975fdb3
📄 Embed sayfa içeriği alındı, boyut: 39537 karakter
🎬 Video Başlığı: Konuşanlar 
📝 Video Açıklaması: 2.Sezon 17.Bölüm
🎯 Tam Başlık: Konuşanlar  - 2.Sezon 17.Bölüm
🎯 HEX DECODE - m3u8 bulundu: https://vidlax.xyz/upload/a855afe30e64ef0b2d82a72f99431290b259/master.m3u8
      ✅ Konuşanlar  - 2.Sezon 17.Bölüm - 1 m3u8
   🔍 [49/213] Bölüm: https://diziyiizle2.com/konusanlar-3/2-sezon-18-bolum/
📺 Embed URL bulundu: https://vidlax.xyz/embed/cf129a1bf66a96ed
🔍 Embed URL kontrol ediliyor: https://vidlax.xyz/embed/cf129a1bf66a96ed
📄 Embed sayfa içeriği alındı, boyut: 39537 karakter
🎬 Video Başlığı: Konuşanlar 
📝 Video Açıklaması: 2.Sezon 18.Bölüm
🎯 Tam Başlık: Konuşanlar  - 2.Sezon 18.Bölüm
🎯 HEX DECODE - m3u8 bulundu: https://vidlax.xyz/upload/3f46452f713c84ea152aa7c1d0eda21812e5/master.m3u8
      ✅ Konuşanlar  - 2.Sezon 18.Bölüm - 1 m3u8
   🔍 [50/213] Bölüm: https://diziyiizle2.com/konusanlar-3/2-sezon-19-bolum/
📺 Embed URL bulundu: https://vidlax.xyz/embed/5dcbb5b9704a04ce
🔍 Embed URL kontrol ediliyor: https://vidlax.xyz/embed/5dcbb5b9704a04ce
📄 Embed sayfa içeriği alındı, boyut: 39537 karakter
🎬 Video Başlığı: Konuşanlar 
📝 Video Açıklaması: 2.Sezon 19.Bölüm
🎯 Tam Başlık: Konuşanlar  - 2.Sezon 19.Bölüm
🎯 HEX DECODE - m3u8 bulundu: https://vidlax.xyz/upload/7499714c6b96e2c9b1bb0ae59ed4fe133135/master.m3u8
      ✅ Konuşanlar  - 2.Sezon 19.Bölüm - 1 m3u8
   🔍 [51/213] Bölüm: https://diziyiizle2.com/konusanlar-3/2-sezon-20-bolum/
📺 Embed URL bulundu: https://vidlax.xyz/embed/2ce09b52112b4224
🔍 Embed URL kontrol ediliyor: https://vidlax.xyz/embed/2ce09b52112b4224
📄 Embed sayfa içeriği alındı, boyut: 39537 karakter
🎬 Video Başlığı: Konuşanlar 
📝 Video Açıklaması: 2.Sezon 20.Bölüm
🎯 Tam Başlık: Konuşanlar  - 2.Sezon 20.Bölüm
🎯 HEX DECODE - m3u8 bulundu: https://vidlax.xyz/upload/db96ccaa1f3318a293891204368502d9f15a/master.m3u8
      ✅ Konuşanlar  - 2.Sezon 20.Bölüm - 1 m3u8
   🔍 [52/213] Bölüm: https://diziyiizle2.com/konusanlar-3/2-sezon-21-bolum/
📺 Embed URL bulundu: https://vidlax.xyz/embed/04f021d9fdb323d6
🔍 Embed URL kontrol ediliyor: https://vidlax.xyz/embed/04f021d9fdb323d6
📄 Embed sayfa içeriği alındı, boyut: 39537 karakter
🎬 Video Başlığı: Konuşanlar 
📝 Video Açıklaması: 2.Sezon 21.Bölüm
🎯 Tam Başlık: Konuşanlar  - 2.Sezon 21.Bölüm
🎯 HEX DECODE - m3u8 bulundu: https://vidlax.xyz/upload/eb9a55a831bf23a00fd89120e42f62b519d0/master.m3u8
      ✅ Konuşanlar  - 2.Sezon 21.Bölüm - 1 m3u8
   🔍 [53/213] Bölüm: https://diziyiizle2.com/konusanlar-3/2-sezon-22-bolum/
📺 Embed URL bulundu: https://vidlax.xyz/embed/8ea82c2cf951f0ff
🔍 Embed URL kontrol ediliyor: https://vidlax.xyz/embed/8ea82c2cf951f0ff
📄 Embed sayfa içeriği alındı, boyut: 39537 karakter
🎬 Video Başlığı: Konuşanlar 
📝 Video Açıklaması: 2.Sezon 22.Bölüm
🎯 Tam Başlık: Konuşanlar  - 2.Sezon 22.Bölüm
🎯 HEX DECODE - m3u8 bulundu: https://vidlax.xyz/upload/b072a1d05be314bb360a96c243f4ef64ea2b/master.m3u8
      ✅ Konuşanlar  - 2.Sezon 22.Bölüm - 1 m3u8
   🔍 [54/213] Bölüm: https://diziyiizle2.com/konusanlar-3/2-sezon-23-bolum/
📺 Embed URL bulundu: https://vidlax.xyz/embed/3ae438f8ff77e474
🔍 Embed URL kontrol ediliyor: https://vidlax.xyz/embed/3ae438f8ff77e474
📄 Embed sayfa içeriği alındı, boyut: 39537 karakter
🎬 Video Başlığı: Konuşanlar 
📝 Video Açıklaması: 2.Sezon 23.Bölüm
🎯 Tam Başlık: Konuşanlar  - 2.Sezon 23.Bölüm
🎯 HEX DECODE - m3u8 bulundu: https://vidlax.xyz/upload/2c03b8f9abad620c022388accef09ca6effd/master.m3u8
      ✅ Konuşanlar  - 2.Sezon 23.Bölüm - 1 m3u8
   🔍 [55/213] Bölüm: https://diziyiizle2.com/konusanlar-3/2-sezon-24-bolum/
📺 Embed URL bulundu: https://vidlax.xyz/embed/89c0aa3b9a33d563
🔍 Embed URL kontrol ediliyor: https://vidlax.xyz/embed/89c0aa3b9a33d563
📄 Embed sayfa içeriği alındı, boyut: 39537 karakter
🎬 Video Başlığı: Konuşanlar 
📝 Video Açıklaması: 2.Sezon 24.Bölüm
🎯 Tam Başlık: Konuşanlar  - 2.Sezon 24.Bölüm
🎯 HEX DECODE - m3u8 bulundu: https://vidlax.xyz/upload/f72c05033f780364a18aa68101d27b15fa88/master.m3u8
      ✅ Konuşanlar  - 2.Sezon 24.Bölüm - 1 m3u8
   🔍 [56/213] Bölüm: https://diziyiizle2.com/konusanlar-3/2-sezon-25-bolum/
📺 Embed URL bulundu: https://vidlax.xyz/embed/3966c70480ea0b6b
🔍 Embed URL kontrol ediliyor: https://vidlax.xyz/embed/3966c70480ea0b6b
📄 Embed sayfa içeriği alındı, boyut: 39537 karakter
🎬 Video Başlığı: Konuşanlar 
📝 Video Açıklaması: 2.Sezon 25.Bölüm
🎯 Tam Başlık: Konuşanlar  - 2.Sezon 25.Bölüm
🎯 HEX DECODE - m3u8 bulundu: https://vidlax.xyz/upload/d89c64449775fae7a38d6f372955145365c0/master.m3u8
      ✅ Konuşanlar  - 2.Sezon 25.Bölüm - 1 m3u8
   🔍 [57/213] Bölüm: https://diziyiizle2.com/konusanlar-3/2-sezon-26-bolum/
📺 Embed URL bulundu: https://vidlax.xyz/embed/4cc1a5ba88bf9bf0
🔍 Embed URL kontrol ediliyor: https://vidlax.xyz/embed/4cc1a5ba88bf9bf0
📄 Embed sayfa içeriği alındı, boyut: 39537 karakter
🎬 Video Başlığı: Konuşanlar 
📝 Video Açıklaması: 2.Sezon 26.Bölüm
🎯 Tam Başlık: Konuşanlar  - 2.Sezon 26.Bölüm
🎯 HEX DECODE - m3u8 bulundu: https://vidlax.xyz/upload/759b64bcbcab99174ec45478acb275af4ec5/master.m3u8
      ✅ Konuşanlar  - 2.Sezon 26.Bölüm - 1 m3u8
   🔍 [58/213] Bölüm: https://diziyiizle2.com/konusanlar-3/2-sezon-27-bolum/
📺 Embed URL bulundu: https://vidlax.xyz/embed/5be7de8cb2abe1ff
🔍 Embed URL kontrol ediliyor: https://vidlax.xyz/embed/5be7de8cb2abe1ff
📄 Embed sayfa içeriği alındı, boyut: 39537 karakter
🎬 Video Başlığı: Konuşanlar 
📝 Video Açıklaması: 2.Sezon 27.Bölüm
🎯 Tam Başlık: Konuşanlar  - 2.Sezon 27.Bölüm
🎯 HEX DECODE - m3u8 bulundu: https://vidlax.xyz/upload/cb60e88f2f6c614ba4258adf1319dc7cb59f/master.m3u8
      ✅ Konuşanlar  - 2.Sezon 27.Bölüm - 1 m3u8
   🔍 [59/213] Bölüm: https://diziyiizle2.com/konusanlar-3/2-sezon-28-bolum/
📺 Embed URL bulundu: https://vidlax.xyz/embed/c17c0ea16f2a6544
🔍 Embed URL kontrol ediliyor: https://vidlax.xyz/embed/c17c0ea16f2a6544
📄 Embed sayfa içeriği alındı, boyut: 39537 karakter
🎬 Video Başlığı: Konuşanlar 
📝 Video Açıklaması: 2.Sezon 28.Bölüm
🎯 Tam Başlık: Konuşanlar  - 2.Sezon 28.Bölüm
🎯 HEX DECODE - m3u8 bulundu: https://vidlax.xyz/upload/b9710f843207d492aa26062c117af4ac448c/master.m3u8
      ✅ Konuşanlar  - 2.Sezon 28.Bölüm - 1 m3u8
   🔍 [60/213] Bölüm: https://diziyiizle2.com/konusanlar-3/2-sezon-29-bolum/
📺 Embed URL bulundu: https://vidlax.xyz/embed/1fd9968983a5065c
🔍 Embed URL kontrol ediliyor: https://vidlax.xyz/embed/1fd9968983a5065c
📄 Embed sayfa içeriği alındı, boyut: 39537 karakter
🎬 Video Başlığı: Konuşanlar 
📝 Video Açıklaması: 2.Sezon 29.Bölüm
🎯 Tam Başlık: Konuşanlar  - 2.Sezon 29.Bölüm
🎯 HEX DECODE - m3u8 bulundu: https://vidlax.xyz/upload/0de17c4bfcc66734e4958cbb973b43b068e1/master.m3u8
      ✅ Konuşanlar  - 2.Sezon 29.Bölüm - 1 m3u8
   🔍 [61/213] Bölüm: https://diziyiizle2.com/konusanlar-3/2-sezon-30-bolum/
📺 Embed URL bulundu: https://vidlax.xyz/embed/82bdd5878d3d88f2
🔍 Embed URL kontrol ediliyor: https://vidlax.xyz/embed/82bdd5878d3d88f2
📄 Embed sayfa içeriği alındı, boyut: 39537 karakter
🎬 Video Başlığı: Konuşanlar 
📝 Video Açıklaması: 2.Sezon 30.Bölüm
🎯 Tam Başlık: Konuşanlar  - 2.Sezon 30.Bölüm
🎯 HEX DECODE - m3u8 bulundu: https://vidlax.xyz/upload/3229ff9af05d0ab9adbdd4afc601b22857be/master.m3u8
      ✅ Konuşanlar  - 2.Sezon 30.Bölüm - 1 m3u8
   🔍 [62/213] Bölüm: https://diziyiizle2.com/konusanlar-3/2-sezon-31-bolum/
📺 Embed URL bulundu: https://vidlax.xyz/embed/1b6f564518eed05b
🔍 Embed URL kontrol ediliyor: https://vidlax.xyz/embed/1b6f564518eed05b
📄 Embed sayfa içeriği alındı, boyut: 39537 karakter
🎬 Video Başlığı: Konuşanlar 
📝 Video Açıklaması: 2.Sezon 31.Bölüm
🎯 Tam Başlık: Konuşanlar  - 2.Sezon 31.Bölüm
🎯 HEX DECODE - m3u8 bulundu: https://vidlax.xyz/upload/403ff59f6ecdd2e2a64e23c036ebae2fd8b4/master.m3u8
      ✅ Konuşanlar  - 2.Sezon 31.Bölüm - 1 m3u8
   🔍 [63/213] Bölüm: https://diziyiizle2.com/konusanlar-3/2-sezon-32-bolum/
📺 Embed URL bulundu: https://vidlax.xyz/embed/a15ba1fcfd68cc8a
🔍 Embed URL kontrol ediliyor: https://vidlax.xyz/embed/a15ba1fcfd68cc8a
📄 Embed sayfa içeriği alındı, boyut: 39537 karakter
🎬 Video Başlığı: Konuşanlar 
📝 Video Açıklaması: 2.Sezon 32.Bölüm
🎯 Tam Başlık: Konuşanlar  - 2.Sezon 32.Bölüm
🎯 HEX DECODE - m3u8 bulundu: https://vidlax.xyz/upload/287cd24a43c5bf2588f3a88f66a590dba967/master.m3u8
      ✅ Konuşanlar  - 2.Sezon 32.Bölüm - 1 m3u8
   🔍 [64/213] Bölüm: https://diziyiizle2.com/konusanlar-3/2-sezon-33-bolum/
📺 Embed URL bulundu: https://vidlax.xyz/embed/80a1201e6ee7b0f5
🔍 Embed URL kontrol ediliyor: https://vidlax.xyz/embed/80a1201e6ee7b0f5
📄 Embed sayfa içeriği alındı, boyut: 39537 karakter
🎬 Video Başlığı: Konuşanlar 
📝 Video Açıklaması: 2.Sezon 33.Bölüm
🎯 Tam Başlık: Konuşanlar  - 2.Sezon 33.Bölüm
🎯 HEX DECODE - m3u8 bulundu: https://vidlax.xyz/upload/3ab98706eef7fa4418ce4ad7b3fd6374ee4d/master.m3u8
      ✅ Konuşanlar  - 2.Sezon 33.Bölüm - 1 m3u8
   🔍 [65/213] Bölüm: https://diziyiizle2.com/konusanlar-3/2-sezon-34-bolum/
📺 Embed URL bulundu: https://vidlax.xyz/embed/acc61e31c88b6edc
🔍 Embed URL kontrol ediliyor: https://vidlax.xyz/embed/acc61e31c88b6edc
📄 Embed sayfa içeriği alındı, boyut: 39537 karakter
🎬 Video Başlığı: Konuşanlar 
📝 Video Açıklaması: 2.Sezon 34.Bölüm
🎯 Tam Başlık: Konuşanlar  - 2.Sezon 34.Bölüm
🎯 HEX DECODE - m3u8 bulundu: https://vidlax.xyz/upload/172af79adfc2ea7040688744fa0d4814ec3e/master.m3u8
      ✅ Konuşanlar  - 2.Sezon 34.Bölüm - 1 m3u8
   🔍 [66/213] Bölüm: https://diziyiizle2.com/konusanlar-3/2-sezon-35-bolum/
📺 Embed URL bulundu: https://vidlax.xyz/embed/ec8e103f2ebd4853
🔍 Embed URL kontrol ediliyor: https://vidlax.xyz/embed/ec8e103f2ebd4853
📄 Embed sayfa içeriği alındı, boyut: 39537 karakter
🎬 Video Başlığı: Konuşanlar 
📝 Video Açıklaması: 2.Sezon 35.Bölüm
🎯 Tam Başlık: Konuşanlar  - 2.Sezon 35.Bölüm
🎯 HEX DECODE - m3u8 bulundu: https://vidlax.xyz/upload/1a446f171ccc6443f617c03f506ea179b98b/master.m3u8
      ✅ Konuşanlar  - 2.Sezon 35.Bölüm - 1 m3u8
   🔍 [67/213] Bölüm: https://diziyiizle2.com/konusanlar-3/2-sezon-36-bolum/
📺 Embed URL bulundu: https://vidlax.xyz/embed/ab0790c10f1d023c
🔍 Embed URL kontrol ediliyor: https://vidlax.xyz/embed/ab0790c10f1d023c
📄 Embed sayfa içeriği alındı, boyut: 39537 karakter
🎬 Video Başlığı: Konuşanlar 
📝 Video Açıklaması: 2.Sezon 36.Bölüm
🎯 Tam Başlık: Konuşanlar  - 2.Sezon 36.Bölüm
🎯 HEX DECODE - m3u8 bulundu: https://vidlax.xyz/upload/7d6dc2a903fe5cae773cb6b8ab0eb019354a/master.m3u8
      ✅ Konuşanlar  - 2.Sezon 36.Bölüm - 1 m3u8
   🔍 [68/213] Bölüm: https://diziyiizle2.com/konusanlar-3/2-sezon-37-bolum/
📺 Embed URL bulundu: https://vidlax.xyz/embed/c5b7759ee83a5ea5
🔍 Embed URL kontrol ediliyor: https://vidlax.xyz/embed/c5b7759ee83a5ea5
📄 Embed sayfa içeriği alındı, boyut: 39537 karakter
🎬 Video Başlığı: Konuşanlar 
📝 Video Açıklaması: 2.Sezon 37.Bölüm
🎯 Tam Başlık: Konuşanlar  - 2.Sezon 37.Bölüm
🎯 HEX DECODE - m3u8 bulundu: https://vidlax.xyz/upload/10a37b683567cc1c581c4e4c8ba190c8dd01/master.m3u8
      ✅ Konuşanlar  - 2.Sezon 37.Bölüm - 1 m3u8
   🔍 [69/213] Bölüm: https://diziyiizle2.com/konusanlar-3/2-sezon-38-bolum/
📺 Embed URL bulundu: https://vidlax.xyz/embed/9ff6cd06ceed87dd
🔍 Embed URL kontrol ediliyor: https://vidlax.xyz/embed/9ff6cd06ceed87dd
📄 Embed sayfa içeriği alındı, boyut: 39537 karakter
🎬 Video Başlığı: Konuşanlar 
📝 Video Açıklaması: 2.Sezon 38.Bölüm
🎯 Tam Başlık: Konuşanlar  - 2.Sezon 38.Bölüm
🎯 HEX DECODE - m3u8 bulundu: https://vidlax.xyz/upload/2fbca13507861207a37800187e62d93684c0/master.m3u8
      ✅ Konuşanlar  - 2.Sezon 38.Bölüm - 1 m3u8
   🔍 [70/213] Bölüm: https://diziyiizle2.com/konusanlar-3/2-sezon-39-bolum/

🔍 Vidlax direkt analizi: https://diziyiizle2.com/konusanlar-3/2-sezon-39-bolum/
📄 Sayfa içeriği alındı: 360043 karakter
❌ m3u8 URL'si bulunamadı
      ❌ m3u8 bulunamadı
   🔍 [71/213] Bölüm: https://diziyiizle2.com/konusanlar-3/2-sezon-40-bolum/

🔍 Vidlax direkt analizi: https://diziyiizle2.com/konusanlar-3/2-sezon-40-bolum/
📄 Sayfa içeriği alındı: 360245 karakter
❌ m3u8 URL'si bulunamadı
      ❌ m3u8 bulunamadı
   🔍 [72/213] Bölüm: https://diziyiizle2.com/konusanlar-3/2-sezon-41-bolum/

🔍 Vidlax direkt analizi: https://diziyiizle2.com/konusanlar-3/2-sezon-41-bolum/
📄 Sayfa içeriği alındı: 359977 karakter
❌ m3u8 URL'si bulunamadı
      ❌ m3u8 bulunamadı
   🔍 [73/213] Bölüm: https://diziyiizle2.com/konusanlar-3/2-sezon-42-bolum/

🔍 Vidlax direkt analizi: https://diziyiizle2.com/konusanlar-3/2-sezon-42-bolum/
📄 Sayfa içeriği alındı: 359974 karakter
❌ m3u8 URL'si bulunamadı
      ❌ m3u8 bulunamadı
   🔍 [74/213] Bölüm: https://diziyiizle2.com/konusanlar-3/2-sezon-43-bolum/

🔍 Vidlax direkt analizi: https://diziyiizle2.com/konusanlar-3/2-sezon-43-bolum/
📄 Sayfa içeriği alındı: 359871 karakter
❌ m3u8 URL'si bulunamadı
      ❌ m3u8 bulunamadı
   🔍 [75/213] Bölüm: https://diziyiizle2.com/konusanlar-3/2-sezon-44-bolum/

🔍 Vidlax direkt analizi: https://diziyiizle2.com/konusanlar-3/2-sezon-44-bolum/
📄 Sayfa içeriği alındı: 359748 karakter
❌ m3u8 URL'si bulunamadı
      ❌ m3u8 bulunamadı
   🔍 [76/213] Bölüm: https://diziyiizle2.com/konusanlar-3/2-sezon-45-bolum/

🔍 Vidlax direkt analizi: https://diziyiizle2.com/konusanlar-3/2-sezon-45-bolum/
📄 Sayfa içeriği alındı: 360069 karakter
❌ m3u8 URL'si bulunamadı
      ❌ m3u8 bulunamadı
   🔍 [77/213] Bölüm: https://diziyiizle2.com/konusanlar-3/2-sezon-46-bolum/

🔍 Vidlax direkt analizi: https://diziyiizle2.com/konusanlar-3/2-sezon-46-bolum/
📄 Sayfa içeriği alındı: 360017 karakter
❌ m3u8 URL'si bulunamadı
      ❌ m3u8 bulunamadı
   🔍 [78/213] Bölüm: https://diziyiizle2.com/konusanlar-3/2-sezon-47-bolum/

🔍 Vidlax direkt analizi: https://diziyiizle2.com/konusanlar-3/2-sezon-47-bolum/
📄 Sayfa içeriği alındı: 360001 karakter
❌ m3u8 URL'si bulunamadı
      ❌ m3u8 bulunamadı
   🔍 [79/213] Bölüm: https://diziyiizle2.com/konusanlar-3/2-sezon-48-bolum/

🔍 Vidlax direkt analizi: https://diziyiizle2.com/konusanlar-3/2-sezon-48-bolum/
📄 Sayfa içeriği alındı: 359950 karakter
❌ m3u8 URL'si bulunamadı
      ❌ m3u8 bulunamadı
   🔍 [80/213] Bölüm: https://diziyiizle2.com/konusanlar-3/2-sezon-49-bolum/

🔍 Vidlax direkt analizi: https://diziyiizle2.com/konusanlar-3/2-sezon-49-bolum/
📄 Sayfa içeriği alındı: 359967 karakter
❌ m3u8 URL'si bulunamadı
      ❌ m3u8 bulunamadı
   🔍 [81/213] Bölüm: https://diziyiizle2.com/konusanlar-3/2-sezon-50-bolum/

🔍 Vidlax direkt analizi: https://diziyiizle2.com/konusanlar-3/2-sezon-50-bolum/
📄 Sayfa içeriği alındı: 360006 karakter
❌ m3u8 URL'si bulunamadı
      ❌ m3u8 bulunamadı
   🔍 [82/213] Bölüm: https://diziyiizle2.com/konusanlar-3/2-sezon-51-bolum/

🔍 Vidlax direkt analizi: https://diziyiizle2.com/konusanlar-3/2-sezon-51-bolum/
📄 Sayfa içeriği alındı: 360095 karakter
❌ m3u8 URL'si bulunamadı
      ❌ m3u8 bulunamadı
   🔍 [83/213] Bölüm: https://diziyiizle2.com/konusanlar-3/2-sezon-52-bolum/

🔍 Vidlax direkt analizi: https://diziyiizle2.com/konusanlar-3/2-sezon-52-bolum/
📄 Sayfa içeriği alındı: 360162 karakter
❌ m3u8 URL'si bulunamadı
      ❌ m3u8 bulunamadı
   🔍 [84/213] Bölüm: https://diziyiizle2.com/konusanlar-3/2-sezon-53-bolum/

🔍 Vidlax direkt analizi: https://diziyiizle2.com/konusanlar-3/2-sezon-53-bolum/
📄 Sayfa içeriği alındı: 360135 karakter
❌ m3u8 URL'si bulunamadı
      ❌ m3u8 bulunamadı
   🔍 [85/213] Bölüm: https://diziyiizle2.com/konusanlar-3/2-sezon-54-bolum/

🔍 Vidlax direkt analizi: https://diziyiizle2.com/konusanlar-3/2-sezon-54-bolum/
📄 Sayfa içeriği alındı: 360106 karakter
❌ m3u8 URL'si bulunamadı
      ❌ m3u8 bulunamadı
   🔍 [86/213] Bölüm: https://diziyiizle2.com/konusanlar-3/2-sezon-55-bolum/

🔍 Vidlax direkt analizi: https://diziyiizle2.com/konusanlar-3/2-sezon-55-bolum/
📄 Sayfa içeriği alındı: 360022 karakter
❌ m3u8 URL'si bulunamadı
      ❌ m3u8 bulunamadı
   🔍 [87/213] Bölüm: https://diziyiizle2.com/konusanlar-3/2-sezon-56-bolum/

🔍 Vidlax direkt analizi: https://diziyiizle2.com/konusanlar-3/2-sezon-56-bolum/
📄 Sayfa içeriği alındı: 360011 karakter
❌ m3u8 URL'si bulunamadı
      ❌ m3u8 bulunamadı
   🔍 [88/213] Bölüm: https://diziyiizle2.com/konusanlar-3/2-sezon-57-bolum/

🔍 Vidlax direkt analizi: https://diziyiizle2.com/konusanlar-3/2-sezon-57-bolum/
📄 Sayfa içeriği alındı: 360164 karakter
❌ m3u8 URL'si bulunamadı
      ❌ m3u8 bulunamadı
   🔍 [89/213] Bölüm: https://diziyiizle2.com/konusanlar-3/2-sezon-58-bolum/

🔍 Vidlax direkt analizi: https://diziyiizle2.com/konusanlar-3/2-sezon-58-bolum/
📄 Sayfa içeriği alındı: 360102 karakter
❌ m3u8 URL'si bulunamadı
      ❌ m3u8 bulunamadı
   🔍 [90/213] Bölüm: https://diziyiizle2.com/konusanlar-3/2-sezon-59-bolum/

🔍 Vidlax direkt analizi: https://diziyiizle2.com/konusanlar-3/2-sezon-59-bolum/
📄 Sayfa içeriği alındı: 359937 karakter
❌ m3u8 URL'si bulunamadı
      ❌ m3u8 bulunamadı
   🔍 [91/213] Bölüm: https://diziyiizle2.com/konusanlar-3/2-sezon-60-bolum/

🔍 Vidlax direkt analizi: https://diziyiizle2.com/konusanlar-3/2-sezon-60-bolum/
📄 Sayfa içeriği alındı: 359973 karakter
❌ m3u8 URL'si bulunamadı
      ❌ m3u8 bulunamadı
   🔍 [92/213] Bölüm: https://diziyiizle2.com/konusanlar-3/2-sezon-61-bolum/

🔍 Vidlax direkt analizi: https://diziyiizle2.com/konusanlar-3/2-sezon-61-bolum/
📄 Sayfa içeriği alındı: 360045 karakter
❌ m3u8 URL'si bulunamadı
      ❌ m3u8 bulunamadı
   🔍 [93/213] Bölüm: https://diziyiizle2.com/konusanlar-3/2-sezon-62-bolum/

🔍 Vidlax direkt analizi: https://diziyiizle2.com/konusanlar-3/2-sezon-62-bolum/
📄 Sayfa içeriği alındı: 360081 karakter
❌ m3u8 URL'si bulunamadı
      ❌ m3u8 bulunamadı
   🔍 [94/213] Bölüm: https://diziyiizle2.com/konusanlar-3/2-sezon-63-bolum/

🔍 Vidlax direkt analizi: https://diziyiizle2.com/konusanlar-3/2-sezon-63-bolum/
📄 Sayfa içeriği alındı: 359989 karakter
❌ m3u8 URL'si bulunamadı
      ❌ m3u8 bulunamadı
   🔍 [95/213] Bölüm: https://diziyiizle2.com/konusanlar-3/2-sezon-64-bolum/

🔍 Vidlax direkt analizi: https://diziyiizle2.com/konusanlar-3/2-sezon-64-bolum/
📄 Sayfa içeriği alındı: 359965 karakter
❌ m3u8 URL'si bulunamadı
      ❌ m3u8 bulunamadı
   🔍 [96/213] Bölüm: https://diziyiizle2.com/konusanlar-3/2-sezon-65-bolum/

🔍 Vidlax direkt analizi: https://diziyiizle2.com/konusanlar-3/2-sezon-65-bolum/
📄 Sayfa içeriği alındı: 360101 karakter
❌ m3u8 URL'si bulunamadı
      ❌ m3u8 bulunamadı
   🔍 [97/213] Bölüm: https://diziyiizle2.com/konusanlar-3/2-sezon-66-bolum/

🔍 Vidlax direkt analizi: https://diziyiizle2.com/konusanlar-3/2-sezon-66-bolum/
📄 Sayfa içeriği alındı: 360059 karakter
❌ m3u8 URL'si bulunamadı
      ❌ m3u8 bulunamadı
   🔍 [98/213] Bölüm: https://diziyiizle2.com/konusanlar-3/2-sezon-67-bolum/

🔍 Vidlax direkt analizi: https://diziyiizle2.com/konusanlar-3/2-sezon-67-bolum/
📄 Sayfa içeriği alındı: 359945 karakter
❌ m3u8 URL'si bulunamadı
      ❌ m3u8 bulunamadı
   🔍 [99/213] Bölüm: https://diziyiizle2.com/konusanlar-3/2-sezon-68-bolum/

🔍 Vidlax direkt analizi: https://diziyiizle2.com/konusanlar-3/2-sezon-68-bolum/
📄 Sayfa içeriği alındı: 360001 karakter
❌ m3u8 URL'si bulunamadı
      ❌ m3u8 bulunamadı
   🔍 [100/213] Bölüm: https://diziyiizle2.com/konusanlar-3/2-sezon-69-bolum/

🔍 Vidlax direkt analizi: https://diziyiizle2.com/konusanlar-3/2-sezon-69-bolum/
📄 Sayfa içeriği alındı: 360121 karakter
❌ m3u8 URL'si bulunamadı
      ❌ m3u8 bulunamadı
   🔍 [101/213] Bölüm: https://diziyiizle2.com/konusanlar-3/2-sezon-70-bolum/

🔍 Vidlax direkt analizi: https://diziyiizle2.com/konusanlar-3/2-sezon-70-bolum/
📄 Sayfa içeriği alındı: 360076 karakter
❌ m3u8 URL'si bulunamadı
      ❌ m3u8 bulunamadı
   🔍 [102/213] Bölüm: https://diziyiizle2.com/konusanlar-3/2-sezon-71-bolum/

🔍 Vidlax direkt analizi: https://diziyiizle2.com/konusanlar-3/2-sezon-71-bolum/
📄 Sayfa içeriği alındı: 360217 karakter
❌ m3u8 URL'si bulunamadı
      ❌ m3u8 bulunamadı
   🔍 [103/213] Bölüm: https://diziyiizle2.com/konusanlar-3/2-sezon-72-bolum/

🔍 Vidlax direkt analizi: https://diziyiizle2.com/konusanlar-3/2-sezon-72-bolum/
📄 Sayfa içeriği alındı: 360133 karakter
❌ m3u8 URL'si bulunamadı
      ❌ m3u8 bulunamadı
   🔍 [104/213] Bölüm: https://diziyiizle2.com/konusanlar-3/3-sezon-1-bolum/
📺 Embed URL bulundu: https://vidlax.xyz/embed/d1d3f13b2e7389ef
🔍 Embed URL kontrol ediliyor: https://vidlax.xyz/embed/d1d3f13b2e7389ef
📄 Embed sayfa içeriği alındı, boyut: 39536 karakter
🎬 Video Başlığı: Konuşanlar 
📝 Video Açıklaması: 3.Sezon 1.Bölüm
🎯 Tam Başlık: Konuşanlar  - 3.Sezon 1.Bölüm
🎯 HEX DECODE - m3u8 bulundu: https://vidlax.xyz/upload/2beea2145a1d006209d72dc2d92bb9479f6c/master.m3u8
      ✅ Konuşanlar  - 3.Sezon 1.Bölüm - 1 m3u8
   🔍 [105/213] Bölüm: https://diziyiizle2.com/konusanlar-3/3-sezon-2-bolum/
📺 Embed URL bulundu: https://vidlax.xyz/embed/9dbd7c9c87d1568a
🔍 Embed URL kontrol ediliyor: https://vidlax.xyz/embed/9dbd7c9c87d1568a
📄 Embed sayfa içeriği alındı, boyut: 39536 karakter
🎬 Video Başlığı: Konuşanlar 
📝 Video Açıklaması: 3.Sezon 2.Bölüm
🎯 Tam Başlık: Konuşanlar  - 3.Sezon 2.Bölüm
🎯 HEX DECODE - m3u8 bulundu: https://vidlax.xyz/upload/2445ca2735754bedefb3c140e96e4cd8653c/master.m3u8
      ✅ Konuşanlar  - 3.Sezon 2.Bölüm - 1 m3u8
   🔍 [106/213] Bölüm: https://diziyiizle2.com/konusanlar-3/3-sezon-3-bolum/
📺 Embed URL bulundu: https://vidlax.xyz/embed/31cf8e087dc835fc
🔍 Embed URL kontrol ediliyor: https://vidlax.xyz/embed/31cf8e087dc835fc
📄 Embed sayfa içeriği alındı, boyut: 39536 karakter
🎬 Video Başlığı: Konuşanlar 
📝 Video Açıklaması: 3.Sezon 3.Bölüm
🎯 Tam Başlık: Konuşanlar  - 3.Sezon 3.Bölüm
🎯 HEX DECODE - m3u8 bulundu: https://vidlax.xyz/upload/e73a48e6fa0bc17802f21ae27e3fcf2d84d2/master.m3u8
      ✅ Konuşanlar  - 3.Sezon 3.Bölüm - 1 m3u8
   🔍 [107/213] Bölüm: https://diziyiizle2.com/konusanlar-3/3-sezon-4-bolum/
📺 Embed URL bulundu: https://vidlax.xyz/embed/78da10bead27ada6
🔍 Embed URL kontrol ediliyor: https://vidlax.xyz/embed/78da10bead27ada6
📄 Embed sayfa içeriği alındı, boyut: 39536 karakter
🎬 Video Başlığı: Konuşanlar 
📝 Video Açıklaması: 3.Sezon 4.Bölüm
🎯 Tam Başlık: Konuşanlar  - 3.Sezon 4.Bölüm
🎯 HEX DECODE - m3u8 bulundu: https://vidlax.xyz/upload/c9c7b06d2f83ff1785045a00a3a70472f663/master.m3u8
      ✅ Konuşanlar  - 3.Sezon 4.Bölüm - 1 m3u8
   🔍 [108/213] Bölüm: https://diziyiizle2.com/konusanlar-3/3-sezon-5-bolum/
📺 Embed URL bulundu: https://vidlax.xyz/embed/7a08456bae9339e3
🔍 Embed URL kontrol ediliyor: https://vidlax.xyz/embed/7a08456bae9339e3
📄 Embed sayfa içeriği alındı, boyut: 39536 karakter
🎬 Video Başlığı: Konuşanlar 
📝 Video Açıklaması: 3.Sezon 5.Bölüm
🎯 Tam Başlık: Konuşanlar  - 3.Sezon 5.Bölüm
🎯 HEX DECODE - m3u8 bulundu: https://vidlax.xyz/upload/a4c375350c8b964421cb28dc0e0cf80f86aa/master.m3u8
      ✅ Konuşanlar  - 3.Sezon 5.Bölüm - 1 m3u8
   🔍 [109/213] Bölüm: https://diziyiizle2.com/konusanlar-3/3-sezon-6-bolum/
📺 Embed URL bulundu: https://vidlax.xyz/embed/2e662ef72ba05201
🔍 Embed URL kontrol ediliyor: https://vidlax.xyz/embed/2e662ef72ba05201
📄 Embed sayfa içeriği alındı, boyut: 39536 karakter
🎬 Video Başlığı: Konuşanlar 
📝 Video Açıklaması: 3.Sezon 6.Bölüm
🎯 Tam Başlık: Konuşanlar  - 3.Sezon 6.Bölüm
🎯 HEX DECODE - m3u8 bulundu: https://vidlax.xyz/upload/2246bc40a8bd4046d0ceb1548e06a0a9eda9/master.m3u8
      ✅ Konuşanlar  - 3.Sezon 6.Bölüm - 1 m3u8
   🔍 [110/213] Bölüm: https://diziyiizle2.com/konusanlar-3/3-sezon-7-bolum/
📺 Embed URL bulundu: https://vidlax.xyz/embed/f6a16b262f3c8810
🔍 Embed URL kontrol ediliyor: https://vidlax.xyz/embed/f6a16b262f3c8810
📄 Embed sayfa içeriği alındı, boyut: 39535 karakter
🎬 Video Başlığı: Konuşanlar
📝 Video Açıklaması: 3.Sezon 7.Bölüm
🎯 Tam Başlık: Konuşanlar - 3.Sezon 7.Bölüm
🎯 HEX DECODE - m3u8 bulundu: https://vidlax.xyz/upload/f62fc32d892238d8c69c3258c5041d2d5822/master.m3u8
      ✅ Konuşanlar - 3.Sezon 7.Bölüm - 1 m3u8
   🔍 [111/213] Bölüm: https://diziyiizle2.com/konusanlar-3/3-sezon-8-bolum/
📺 Embed URL bulundu: https://vidlax.xyz/embed/716df6cebfb129c7
🔍 Embed URL kontrol ediliyor: https://vidlax.xyz/embed/716df6cebfb129c7
📄 Embed sayfa içeriği alındı, boyut: 39535 karakter
🎬 Video Başlığı: Konuşanlar
📝 Video Açıklaması: 3.Sezon 8.Bölüm
🎯 Tam Başlık: Konuşanlar - 3.Sezon 8.Bölüm
🎯 HEX DECODE - m3u8 bulundu: https://vidlax.xyz/upload/1517a98da3d8b26277f6d38552d45de042da/master.m3u8
      ✅ Konuşanlar - 3.Sezon 8.Bölüm - 1 m3u8
   🔍 [112/213] Bölüm: https://diziyiizle2.com/konusanlar-3/3-sezon-9-bolum/

🔍 Vidlax direkt analizi: https://diziyiizle2.com/konusanlar-3/3-sezon-9-bolum/
📄 Sayfa içeriği alındı: 360211 karakter
❌ m3u8 URL'si bulunamadı
      ❌ m3u8 bulunamadı
   🔍 [113/213] Bölüm: https://diziyiizle2.com/konusanlar-3/3-sezon-10-bolum/
📺 Embed URL bulundu: https://vidlax.xyz/embed/cbbbd55b69be390c
🔍 Embed URL kontrol ediliyor: https://vidlax.xyz/embed/cbbbd55b69be390c
📄 Embed sayfa içeriği alındı, boyut: 39536 karakter
🎬 Video Başlığı: Konuşanlar
📝 Video Açıklaması: 3.Sezon 10.Bölüm
🎯 Tam Başlık: Konuşanlar - 3.Sezon 10.Bölüm
🎯 HEX DECODE - m3u8 bulundu: https://vidlax.xyz/upload/7ba6aadfc83a37727eadc10adc648d184af8/master.m3u8
      ✅ Konuşanlar - 3.Sezon 10.Bölüm - 1 m3u8
   🔍 [114/213] Bölüm: https://diziyiizle2.com/konusanlar-3/3-sezon-11-bolum/
📺 Embed URL bulundu: https://vidlax.xyz/embed/06f93a05fc5abbba
🔍 Embed URL kontrol ediliyor: https://vidlax.xyz/embed/06f93a05fc5abbba
📄 Embed sayfa içeriği alındı, boyut: 39536 karakter
🎬 Video Başlığı: Konuşanlar
📝 Video Açıklaması: 3.Sezon 11.Bölüm
🎯 Tam Başlık: Konuşanlar - 3.Sezon 11.Bölüm
🎯 HEX DECODE - m3u8 bulundu: https://vidlax.xyz/upload/2603cb9075ee69cbadfa6f213a89a3135562/master.m3u8
      ✅ Konuşanlar - 3.Sezon 11.Bölüm - 1 m3u8
   🔍 [115/213] Bölüm: https://diziyiizle2.com/konusanlar-3/3-sezon-12-bolum/

🔍 Vidlax direkt analizi: https://diziyiizle2.com/konusanlar-3/3-sezon-12-bolum/
📄 Sayfa içeriği alındı: 360273 karakter
❌ m3u8 URL'si bulunamadı
      ❌ m3u8 bulunamadı
   🔍 [116/213] Bölüm: https://diziyiizle2.com/konusanlar-3/3-sezon-13-bolum/

🔍 Vidlax direkt analizi: https://diziyiizle2.com/konusanlar-3/3-sezon-13-bolum/
📄 Sayfa içeriği alındı: 360245 karakter
❌ m3u8 URL'si bulunamadı
      ❌ m3u8 bulunamadı
   🔍 [117/213] Bölüm: https://diziyiizle2.com/konusanlar-3/3-sezon-14-bolum/

🔍 Vidlax direkt analizi: https://diziyiizle2.com/konusanlar-3/3-sezon-14-bolum/
📄 Sayfa içeriği alındı: 360241 karakter
❌ m3u8 URL'si bulunamadı
      ❌ m3u8 bulunamadı
   🔍 [118/213] Bölüm: https://diziyiizle2.com/konusanlar-3/3-sezon-15-bolum/

🔍 Vidlax direkt analizi: https://diziyiizle2.com/konusanlar-3/3-sezon-15-bolum/
📄 Sayfa içeriği alındı: 360096 karakter
❌ m3u8 URL'si bulunamadı
      ❌ m3u8 bulunamadı
   🔍 [119/213] Bölüm: https://diziyiizle2.com/konusanlar-3/3-sezon-16-bolum/
📺 Embed URL bulundu: https://vidlax.xyz/embed/7fa80f6c5f09aa97
🔍 Embed URL kontrol ediliyor: https://vidlax.xyz/embed/7fa80f6c5f09aa97
📄 Embed sayfa içeriği alındı, boyut: 39536 karakter
🎬 Video Başlığı: Konuşanlar
📝 Video Açıklaması: 3.Sezon 16.Bölüm
🎯 Tam Başlık: Konuşanlar - 3.Sezon 16.Bölüm
🎯 HEX DECODE - m3u8 bulundu: https://vidlax.xyz/upload/66964fab0943f3fcc28dcefc4a0830178d47/master.m3u8
      ✅ Konuşanlar - 3.Sezon 16.Bölüm - 1 m3u8
   🔍 [120/213] Bölüm: https://diziyiizle2.com/konusanlar-3/3-sezon-17-bolum/

🔍 Vidlax direkt analizi: https://diziyiizle2.com/konusanlar-3/3-sezon-17-bolum/
📄 Sayfa içeriği alındı: 360210 karakter
❌ m3u8 URL'si bulunamadı
      ❌ m3u8 bulunamadı
   🔍 [121/213] Bölüm: https://diziyiizle2.com/konusanlar-3/3-sezon-18-bolum/

🔍 Vidlax direkt analizi: https://diziyiizle2.com/konusanlar-3/3-sezon-18-bolum/
📄 Sayfa içeriği alındı: 360253 karakter
❌ m3u8 URL'si bulunamadı
      ❌ m3u8 bulunamadı
   🔍 [122/213] Bölüm: https://diziyiizle2.com/konusanlar-3/3-sezon-19-bolum/

🔍 Vidlax direkt analizi: https://diziyiizle2.com/konusanlar-3/3-sezon-19-bolum/
📄 Sayfa içeriği alındı: 360302 karakter
❌ m3u8 URL'si bulunamadı
      ❌ m3u8 bulunamadı
   🔍 [123/213] Bölüm: https://diziyiizle2.com/konusanlar-3/3-sezon-20-bolum/

🔍 Vidlax direkt analizi: https://diziyiizle2.com/konusanlar-3/3-sezon-20-bolum/
📄 Sayfa içeriği alındı: 360221 karakter
❌ m3u8 URL'si bulunamadı
      ❌ m3u8 bulunamadı
   🔍 [124/213] Bölüm: https://diziyiizle2.com/konusanlar-3/3-sezon-21-bolum/
📺 Embed URL bulundu: https://vidlax.xyz/embed/1c4553932154da78
🔍 Embed URL kontrol ediliyor: https://vidlax.xyz/embed/1c4553932154da78
📄 Embed sayfa içeriği alındı, boyut: 39536 karakter
🎬 Video Başlığı: Konuşanlar
📝 Video Açıklaması: 3.Sezon 21.Bölüm
🎯 Tam Başlık: Konuşanlar - 3.Sezon 21.Bölüm
🎯 HEX DECODE - m3u8 bulundu: https://vidlax.xyz/upload/555ceb0e07d1e1b1480bddb84bcc75572ec0/master.m3u8
      ✅ Konuşanlar - 3.Sezon 21.Bölüm - 1 m3u8
   🔍 [125/213] Bölüm: https://diziyiizle2.com/konusanlar-3/3-sezon-22-bolum/

🔍 Vidlax direkt analizi: https://diziyiizle2.com/konusanlar-3/3-sezon-22-bolum/
📄 Sayfa içeriği alındı: 360289 karakter
❌ m3u8 URL'si bulunamadı
      ❌ m3u8 bulunamadı
   🔍 [126/213] Bölüm: https://diziyiizle2.com/konusanlar-3/3-sezon-23-bolum/

🔍 Vidlax direkt analizi: https://diziyiizle2.com/konusanlar-3/3-sezon-23-bolum/
📄 Sayfa içeriği alındı: 360334 karakter
❌ m3u8 URL'si bulunamadı
      ❌ m3u8 bulunamadı
   🔍 [127/213] Bölüm: https://diziyiizle2.com/konusanlar-3/3-sezon-24-bolum/

🔍 Vidlax direkt analizi: https://diziyiizle2.com/konusanlar-3/3-sezon-24-bolum/
📄 Sayfa içeriği alındı: 360085 karakter
❌ m3u8 URL'si bulunamadı
      ❌ m3u8 bulunamadı
   🔍 [128/213] Bölüm: https://diziyiizle2.com/konusanlar-3/3-sezon-25-bolum/

🔍 Vidlax direkt analizi: https://diziyiizle2.com/konusanlar-3/3-sezon-25-bolum/
📄 Sayfa içeriği alındı: 360330 karakter
❌ m3u8 URL'si bulunamadı
      ❌ m3u8 bulunamadı
   🔍 [129/213] Bölüm: https://diziyiizle2.com/konusanlar-3/3-sezon-26-bolum/

🔍 Vidlax direkt analizi: https://diziyiizle2.com/konusanlar-3/3-sezon-26-bolum/
📄 Sayfa içeriği alındı: 360331 karakter
❌ m3u8 URL'si bulunamadı
      ❌ m3u8 bulunamadı
   🔍 [130/213] Bölüm: https://diziyiizle2.com/konusanlar-3/3-sezon-27-bolum/

🔍 Vidlax direkt analizi: https://diziyiizle2.com/konusanlar-3/3-sezon-27-bolum/
📄 Sayfa içeriği alındı: 360134 karakter
❌ m3u8 URL'si bulunamadı
      ❌ m3u8 bulunamadı
   🔍 [131/213] Bölüm: https://diziyiizle2.com/konusanlar-3/3-sezon-28-bolum/

🔍 Vidlax direkt analizi: https://diziyiizle2.com/konusanlar-3/3-sezon-28-bolum/
📄 Sayfa içeriği alındı: 360259 karakter
❌ m3u8 URL'si bulunamadı
      ❌ m3u8 bulunamadı
   🔍 [132/213] Bölüm: https://diziyiizle2.com/konusanlar-3/3-sezon-29-bolum/

🔍 Vidlax direkt analizi: https://diziyiizle2.com/konusanlar-3/3-sezon-29-bolum/
📄 Sayfa içeriği alındı: 360131 karakter
❌ m3u8 URL'si bulunamadı
      ❌ m3u8 bulunamadı
   🔍 [133/213] Bölüm: https://diziyiizle2.com/konusanlar-3/3-sezon-30-bolum/

🔍 Vidlax direkt analizi: https://diziyiizle2.com/konusanlar-3/3-sezon-30-bolum/
📄 Sayfa içeriği alındı: 360118 karakter
❌ m3u8 URL'si bulunamadı
      ❌ m3u8 bulunamadı
   🔍 [134/213] Bölüm: https://diziyiizle2.com/konusanlar-3/3-sezon-31-bolum/

🔍 Vidlax direkt analizi: https://diziyiizle2.com/konusanlar-3/3-sezon-31-bolum/
📄 Sayfa içeriği alındı: 360176 karakter
❌ m3u8 URL'si bulunamadı
      ❌ m3u8 bulunamadı
   🔍 [135/213] Bölüm: https://diziyiizle2.com/konusanlar-3/3-sezon-32-bolum/

🔍 Vidlax direkt analizi: https://diziyiizle2.com/konusanlar-3/3-sezon-32-bolum/
📄 Sayfa içeriği alındı: 360141 karakter
❌ m3u8 URL'si bulunamadı
      ❌ m3u8 bulunamadı
   🔍 [136/213] Bölüm: https://diziyiizle2.com/konusanlar-3/3-sezon-33-bolum/

🔍 Vidlax direkt analizi: https://diziyiizle2.com/konusanlar-3/3-sezon-33-bolum/
📄 Sayfa içeriği alındı: 360143 karakter
❌ m3u8 URL'si bulunamadı
      ❌ m3u8 bulunamadı
   🔍 [137/213] Bölüm: https://diziyiizle2.com/konusanlar-3/3-sezon-34-bolum/

🔍 Vidlax direkt analizi: https://diziyiizle2.com/konusanlar-3/3-sezon-34-bolum/
📄 Sayfa içeriği alındı: 360172 karakter
❌ m3u8 URL'si bulunamadı
      ❌ m3u8 bulunamadı
   🔍 [138/213] Bölüm: https://diziyiizle2.com/konusanlar-3/3-sezon-35-bolum/

🔍 Vidlax direkt analizi: https://diziyiizle2.com/konusanlar-3/3-sezon-35-bolum/
📄 Sayfa içeriği alındı: 360277 karakter
❌ m3u8 URL'si bulunamadı
      ❌ m3u8 bulunamadı
   🔍 [139/213] Bölüm: https://diziyiizle2.com/konusanlar-3/3-sezon-36-bolum/

🔍 Vidlax direkt analizi: https://diziyiizle2.com/konusanlar-3/3-sezon-36-bolum/
📄 Sayfa içeriği alındı: 360025 karakter
❌ m3u8 URL'si bulunamadı
      ❌ m3u8 bulunamadı
   🔍 [140/213] Bölüm: https://diziyiizle2.com/konusanlar-3/3-sezon-37-bolum/

🔍 Vidlax direkt analizi: https://diziyiizle2.com/konusanlar-3/3-sezon-37-bolum/
📄 Sayfa içeriği alındı: 360036 karakter
❌ m3u8 URL'si bulunamadı
      ❌ m3u8 bulunamadı
   🔍 [141/213] Bölüm: https://diziyiizle2.com/konusanlar-3/3-sezon-38-bolum/

🔍 Vidlax direkt analizi: https://diziyiizle2.com/konusanlar-3/3-sezon-38-bolum/
📄 Sayfa içeriği alındı: 360202 karakter
❌ m3u8 URL'si bulunamadı
      ❌ m3u8 bulunamadı
   🔍 [142/213] Bölüm: https://diziyiizle2.com/konusanlar-3/4-sezon-1-bolum/
📺 Embed URL bulundu: https://vidlax.xyz/embed/bfc6143b14119f88
🔍 Embed URL kontrol ediliyor: https://vidlax.xyz/embed/bfc6143b14119f88
📄 Embed sayfa içeriği alındı, boyut: 39535 karakter
🎬 Video Başlığı: Konuşanlar
📝 Video Açıklaması: 4.Sezon 1.Bölüm
🎯 Tam Başlık: Konuşanlar - 4.Sezon 1.Bölüm
🎯 HEX DECODE - m3u8 bulundu: https://vidlax.xyz/upload/652f2a4b3a483ac204c67e6b03c3228852ec/master.m3u8
      ✅ Konuşanlar - 4.Sezon 1.Bölüm - 1 m3u8
   🔍 [143/213] Bölüm: https://diziyiizle2.com/konusanlar-3/4-sezon-2-bolum/
📺 Embed URL bulundu: https://vidlax.xyz/embed/93f8937af70b76b3
🔍 Embed URL kontrol ediliyor: https://vidlax.xyz/embed/93f8937af70b76b3
📄 Embed sayfa içeriği alındı, boyut: 39535 karakter
🎬 Video Başlığı: Konuşanlar
📝 Video Açıklaması: 4.Sezon 2.Bölüm
🎯 Tam Başlık: Konuşanlar - 4.Sezon 2.Bölüm
🎯 HEX DECODE - m3u8 bulundu: https://vidlax.xyz/upload/2081183ffb61ae1e86d8886c6ed8e02f2848/master.m3u8
      ✅ Konuşanlar - 4.Sezon 2.Bölüm - 1 m3u8
   🔍 [144/213] Bölüm: https://diziyiizle2.com/konusanlar-3/4-sezon-3-bolum/
📺 Embed URL bulundu: https://vidlax.xyz/embed/fd219c1ee507961c
🔍 Embed URL kontrol ediliyor: https://vidlax.xyz/embed/fd219c1ee507961c
📄 Embed sayfa içeriği alındı, boyut: 39535 karakter
🎬 Video Başlığı: Konuşanlar
📝 Video Açıklaması: 4.Sezon 3.Bölüm
🎯 Tam Başlık: Konuşanlar - 4.Sezon 3.Bölüm
🎯 HEX DECODE - m3u8 bulundu: https://vidlax.xyz/upload/745cd038160dc6c5d8232827fb90ba0cea8f/master.m3u8
      ✅ Konuşanlar - 4.Sezon 3.Bölüm - 1 m3u8
   🔍 [145/213] Bölüm: https://diziyiizle2.com/konusanlar-3/4-sezon-4-bolum/
📺 Embed URL bulundu: https://vidlax.xyz/embed/f6e042c088f03884
🔍 Embed URL kontrol ediliyor: https://vidlax.xyz/embed/f6e042c088f03884
📄 Embed sayfa içeriği alındı, boyut: 39535 karakter
🎬 Video Başlığı: Konuşanlar
📝 Video Açıklaması: 4.Sezon 4.Bölüm
🎯 Tam Başlık: Konuşanlar - 4.Sezon 4.Bölüm
🎯 HEX DECODE - m3u8 bulundu: https://vidlax.xyz/upload/2760ea0f12bbec38eda36f232ebeb9efa9e8/master.m3u8
      ✅ Konuşanlar - 4.Sezon 4.Bölüm - 1 m3u8
   🔍 [146/213] Bölüm: https://diziyiizle2.com/konusanlar-3/4-sezon-5-bolum/
📺 Embed URL bulundu: https://vidlax.xyz/embed/165ed6cf5fb60819
🔍 Embed URL kontrol ediliyor: https://vidlax.xyz/embed/165ed6cf5fb60819
📄 Embed sayfa içeriği alındı, boyut: 39535 karakter
🎬 Video Başlığı: Konuşanlar
📝 Video Açıklaması: 4.Sezon 5.Bölüm
🎯 Tam Başlık: Konuşanlar - 4.Sezon 5.Bölüm
🎯 HEX DECODE - m3u8 bulundu: https://vidlax.xyz/upload/241ae2106805bc64014aaeb192b12f499296/master.m3u8
      ✅ Konuşanlar - 4.Sezon 5.Bölüm - 1 m3u8
   🔍 [147/213] Bölüm: https://diziyiizle2.com/konusanlar-3/4-sezon-6-bolum/
📺 Embed URL bulundu: https://vidlax.xyz/embed/117dda43c4f9b223
🔍 Embed URL kontrol ediliyor: https://vidlax.xyz/embed/117dda43c4f9b223
📄 Embed sayfa içeriği alındı, boyut: 39535 karakter
🎬 Video Başlığı: Konuşanlar
📝 Video Açıklaması: 4.Sezon 6.Bölüm
🎯 Tam Başlık: Konuşanlar - 4.Sezon 6.Bölüm
🎯 HEX DECODE - m3u8 bulundu: https://vidlax.xyz/upload/d88d6c35bddfb12799619082f4a7866d9d82/master.m3u8
      ✅ Konuşanlar - 4.Sezon 6.Bölüm - 1 m3u8
   🔍 [148/213] Bölüm: https://diziyiizle2.com/konusanlar-3/4-sezon-7-bolum/
📺 Embed URL bulundu: https://vidlax.xyz/embed/fed2fa0925d459a3
🔍 Embed URL kontrol ediliyor: https://vidlax.xyz/embed/fed2fa0925d459a3
📄 Embed sayfa içeriği alındı, boyut: 39535 karakter
🎬 Video Başlığı: Konuşanlar
📝 Video Açıklaması: 4.Sezon 7.Bölüm
🎯 Tam Başlık: Konuşanlar - 4.Sezon 7.Bölüm
🎯 HEX DECODE - m3u8 bulundu: https://vidlax.xyz/upload/c182b1666320926b7b5e57af63e708fcf922/master.m3u8
      ✅ Konuşanlar - 4.Sezon 7.Bölüm - 1 m3u8
   🔍 [149/213] Bölüm: https://diziyiizle2.com/konusanlar-3/4-sezon-8-bolum/
📺 Embed URL bulundu: https://vidlax.xyz/embed/1a63e2bb2b44556b
🔍 Embed URL kontrol ediliyor: https://vidlax.xyz/embed/1a63e2bb2b44556b
📄 Embed sayfa içeriği alındı, boyut: 39535 karakter
🎬 Video Başlığı: Konuşanlar
📝 Video Açıklaması: 4.Sezon 8.Bölüm
🎯 Tam Başlık: Konuşanlar - 4.Sezon 8.Bölüm
🎯 HEX DECODE - m3u8 bulundu: https://vidlax.xyz/upload/2b983fca6ef8e5d570313578ccee84d838d1/master.m3u8
      ✅ Konuşanlar - 4.Sezon 8.Bölüm - 1 m3u8
   🔍 [150/213] Bölüm: https://diziyiizle2.com/konusanlar-3/4-sezon-9-bolum/
📺 Embed URL bulundu: https://vidlax.xyz/embed/831c853a9526a8e2
🔍 Embed URL kontrol ediliyor: https://vidlax.xyz/embed/831c853a9526a8e2
📄 Embed sayfa içeriği alındı, boyut: 39535 karakter
🎬 Video Başlığı: Konuşanlar
📝 Video Açıklaması: 4.Sezon 9.Bölüm
🎯 Tam Başlık: Konuşanlar - 4.Sezon 9.Bölüm
🎯 HEX DECODE - m3u8 bulundu: https://vidlax.xyz/upload/97ba1d7c935a5f77ad2936a041843c1fe634/master.m3u8
      ✅ Konuşanlar - 4.Sezon 9.Bölüm - 1 m3u8
   🔍 [151/213] Bölüm: https://diziyiizle2.com/konusanlar-3/4-sezon-10-bolum/
📺 Embed URL bulundu: https://vidlax.xyz/embed/2aae9a33e84f61e3
🔍 Embed URL kontrol ediliyor: https://vidlax.xyz/embed/2aae9a33e84f61e3
📄 Embed sayfa içeriği alındı, boyut: 39536 karakter
🎬 Video Başlığı: Konuşanlar
📝 Video Açıklaması: 4.Sezon 10.Bölüm
🎯 Tam Başlık: Konuşanlar - 4.Sezon 10.Bölüm
🎯 HEX DECODE - m3u8 bulundu: https://vidlax.xyz/upload/0d5f4526206dac425d193d6c2d3cde9768f8/master.m3u8
      ✅ Konuşanlar - 4.Sezon 10.Bölüm - 1 m3u8
   🔍 [152/213] Bölüm: https://diziyiizle2.com/konusanlar-3/4-sezon-11-bolum/
📺 Embed URL bulundu: https://vidlax.xyz/embed/505d0c0aa9f5edf1
🔍 Embed URL kontrol ediliyor: https://vidlax.xyz/embed/505d0c0aa9f5edf1
📄 Embed sayfa içeriği alındı, boyut: 39536 karakter
🎬 Video Başlığı: Konuşanlar
📝 Video Açıklaması: 4.Sezon 11.Bölüm
🎯 Tam Başlık: Konuşanlar - 4.Sezon 11.Bölüm
🎯 HEX DECODE - m3u8 bulundu: https://vidlax.xyz/upload/7f389a793ee86ffafdca71e7a4637094b740/master.m3u8
      ✅ Konuşanlar - 4.Sezon 11.Bölüm - 1 m3u8
   🔍 [153/213] Bölüm: https://diziyiizle2.com/konusanlar-3/4-sezon-12-bolum/
📺 Embed URL bulundu: https://vidlax.xyz/embed/a4fe8dfce28fe704
🔍 Embed URL kontrol ediliyor: https://vidlax.xyz/embed/a4fe8dfce28fe704
📄 Embed sayfa içeriği alındı, boyut: 39536 karakter
🎬 Video Başlığı: Konuşanlar
📝 Video Açıklaması: 4.Sezon 12.Bölüm
🎯 Tam Başlık: Konuşanlar - 4.Sezon 12.Bölüm
🎯 HEX DECODE - m3u8 bulundu: https://vidlax.xyz/upload/d1c37c7abb52181926cba3952389e0e6c2f4/master.m3u8
      ✅ Konuşanlar - 4.Sezon 12.Bölüm - 1 m3u8
   🔍 [154/213] Bölüm: https://diziyiizle2.com/konusanlar-3/4-sezon-13-bolum/
📺 Embed URL bulundu: https://vidlax.xyz/embed/4302cbb77172ceb8
🔍 Embed URL kontrol ediliyor: https://vidlax.xyz/embed/4302cbb77172ceb8
📄 Embed sayfa içeriği alındı, boyut: 39536 karakter
🎬 Video Başlığı: Konuşanlar
📝 Video Açıklaması: 4.Sezon 13.Bölüm
🎯 Tam Başlık: Konuşanlar - 4.Sezon 13.Bölüm
🎯 HEX DECODE - m3u8 bulundu: https://vidlax.xyz/upload/140f6975efd83f6fd97dbbec5dc834b01774/master.m3u8
      ✅ Konuşanlar - 4.Sezon 13.Bölüm - 1 m3u8
   🔍 [155/213] Bölüm: https://diziyiizle2.com/konusanlar-3/4-sezon-14-bolum/
📺 Embed URL bulundu: https://vidlax.xyz/embed/8ef55f23a5401ad0
🔍 Embed URL kontrol ediliyor: https://vidlax.xyz/embed/8ef55f23a5401ad0
📄 Embed sayfa içeriği alındı, boyut: 39536 karakter
🎬 Video Başlığı: Konuşanlar
📝 Video Açıklaması: 4.Sezon 14.Bölüm
🎯 Tam Başlık: Konuşanlar - 4.Sezon 14.Bölüm
🎯 HEX DECODE - m3u8 bulundu: https://vidlax.xyz/upload/f078bd7b8da62e2d33a144ef718cbde33aba/master.m3u8
      ✅ Konuşanlar - 4.Sezon 14.Bölüm - 1 m3u8
   🔍 [156/213] Bölüm: https://diziyiizle2.com/konusanlar-3/4-sezon-15-bolum/
📺 Embed URL bulundu: https://vidlax.xyz/embed/4cddbcc94fec9151
🔍 Embed URL kontrol ediliyor: https://vidlax.xyz/embed/4cddbcc94fec9151
📄 Embed sayfa içeriği alındı, boyut: 39536 karakter
🎬 Video Başlığı: Konuşanlar
📝 Video Açıklaması: 4.Sezon 15.Bölüm
🎯 Tam Başlık: Konuşanlar - 4.Sezon 15.Bölüm
🎯 HEX DECODE - m3u8 bulundu: https://vidlax.xyz/upload/f4a5f10a6baa66995cb3a4edea6f6bb7bf17/master.m3u8
      ✅ Konuşanlar - 4.Sezon 15.Bölüm - 1 m3u8
   🔍 [157/213] Bölüm: https://diziyiizle2.com/konusanlar-3/4-sezon-16-bolum/
📺 Embed URL bulundu: https://vidlax.xyz/embed/414d6b0370e476d8
🔍 Embed URL kontrol ediliyor: https://vidlax.xyz/embed/414d6b0370e476d8
📄 Embed sayfa içeriği alındı, boyut: 39536 karakter
🎬 Video Başlığı: Konuşanlar
📝 Video Açıklaması: 4.Sezon 16.Bölüm
🎯 Tam Başlık: Konuşanlar - 4.Sezon 16.Bölüm
🎯 HEX DECODE - m3u8 bulundu: https://vidlax.xyz/upload/0bcb90c7699de138944be0a2b6e0c1106891/master.m3u8
      ✅ Konuşanlar - 4.Sezon 16.Bölüm - 1 m3u8
   🔍 [158/213] Bölüm: https://diziyiizle2.com/konusanlar-3/4-sezon-17-bolum/
📺 Embed URL bulundu: https://vidlax.xyz/embed/2c7207fb217f2d5f
🔍 Embed URL kontrol ediliyor: https://vidlax.xyz/embed/2c7207fb217f2d5f
📄 Embed sayfa içeriği alındı, boyut: 39536 karakter
🎬 Video Başlığı: Konuşanlar
📝 Video Açıklaması: 4.Sezon 17.Bölüm
🎯 Tam Başlık: Konuşanlar - 4.Sezon 17.Bölüm
🎯 HEX DECODE - m3u8 bulundu: https://vidlax.xyz/upload/d9c9d8fb679659fb8cf004d9d8d162b8db0f/master.m3u8
      ✅ Konuşanlar - 4.Sezon 17.Bölüm - 1 m3u8
   🔍 [159/213] Bölüm: https://diziyiizle2.com/konusanlar-3/4-sezon-18-bolum/
📺 Embed URL bulundu: https://vidlax.xyz/embed/e9b9873bae141322
🔍 Embed URL kontrol ediliyor: https://vidlax.xyz/embed/e9b9873bae141322
📄 Embed sayfa içeriği alındı, boyut: 39536 karakter
🎬 Video Başlığı: Konuşanlar
📝 Video Açıklaması: 4.Sezon 18.Bölüm
🎯 Tam Başlık: Konuşanlar - 4.Sezon 18.Bölüm
🎯 HEX DECODE - m3u8 bulundu: https://vidlax.xyz/upload/20f0187cdd5dfebdeafc5a22a987d1685adf/master.m3u8
      ✅ Konuşanlar - 4.Sezon 18.Bölüm - 1 m3u8
   🔍 [160/213] Bölüm: https://diziyiizle2.com/konusanlar-3/4-sezon-19-bolum/
📺 Embed URL bulundu: https://vidlax.xyz/embed/44206d4a42253017
🔍 Embed URL kontrol ediliyor: https://vidlax.xyz/embed/44206d4a42253017
📄 Embed sayfa içeriği alındı, boyut: 39536 karakter
🎬 Video Başlığı: Konuşanlar
📝 Video Açıklaması: 4.Sezon 19.Bölüm
🎯 Tam Başlık: Konuşanlar - 4.Sezon 19.Bölüm
🎯 HEX DECODE - m3u8 bulundu: https://vidlax.xyz/upload/fd8d2cb1ac164bde4a9d64f7f1209dede8ce/master.m3u8
      ✅ Konuşanlar - 4.Sezon 19.Bölüm - 1 m3u8
   🔍 [161/213] Bölüm: https://diziyiizle2.com/konusanlar-3/4-sezon-20-bolum/
📺 Embed URL bulundu: https://vidlax.xyz/embed/087b622f5d1e53fd
🔍 Embed URL kontrol ediliyor: https://vidlax.xyz/embed/087b622f5d1e53fd
📄 Embed sayfa içeriği alındı, boyut: 39536 karakter
🎬 Video Başlığı: Konuşanlar
📝 Video Açıklaması: 4.Sezon 20.Bölüm
🎯 Tam Başlık: Konuşanlar - 4.Sezon 20.Bölüm
🎯 HEX DECODE - m3u8 bulundu: https://vidlax.xyz/upload/2779d2ce150a55fcfc1a623a35d754ffbc73/master.m3u8
      ✅ Konuşanlar - 4.Sezon 20.Bölüm - 1 m3u8
   🔍 [162/213] Bölüm: https://diziyiizle2.com/konusanlar-3/4-sezon-21-bolum/
📺 Embed URL bulundu: https://vidlax.xyz/embed/955401beb2cfe1b2
🔍 Embed URL kontrol ediliyor: https://vidlax.xyz/embed/955401beb2cfe1b2
📄 Embed sayfa içeriği alındı, boyut: 39536 karakter
🎬 Video Başlığı: Konuşanlar
📝 Video Açıklaması: 4.Sezon 21.Bölüm
🎯 Tam Başlık: Konuşanlar - 4.Sezon 21.Bölüm
🎯 HEX DECODE - m3u8 bulundu: https://vidlax.xyz/upload/8ab72443234ead013d8de4362634fb2ff4aa/master.m3u8
      ✅ Konuşanlar - 4.Sezon 21.Bölüm - 1 m3u8
   🔍 [163/213] Bölüm: https://diziyiizle2.com/konusanlar-3/4-sezon-22-bolum/
📺 Embed URL bulundu: https://vidlax.xyz/embed/f35f6464b7d4b42d
🔍 Embed URL kontrol ediliyor: https://vidlax.xyz/embed/f35f6464b7d4b42d
📄 Embed sayfa içeriği alındı, boyut: 39536 karakter
🎬 Video Başlığı: Konuşanlar
📝 Video Açıklaması: 4.Sezon 22.Bölüm
🎯 Tam Başlık: Konuşanlar - 4.Sezon 22.Bölüm
🎯 HEX DECODE - m3u8 bulundu: https://vidlax.xyz/upload/872e3da78f38810bbec478cad9afdb3efab6/master.m3u8
      ✅ Konuşanlar - 4.Sezon 22.Bölüm - 1 m3u8
   🔍 [164/213] Bölüm: https://diziyiizle2.com/konusanlar-3/4-sezon-23-bolum/
📺 Embed URL bulundu: https://vidlax.xyz/embed/6b1f1d396da609dc
🔍 Embed URL kontrol ediliyor: https://vidlax.xyz/embed/6b1f1d396da609dc
📄 Embed sayfa içeriği alındı, boyut: 39536 karakter
🎬 Video Başlığı: Konuşanlar
📝 Video Açıklaması: 4.Sezon 23.Bölüm
🎯 Tam Başlık: Konuşanlar - 4.Sezon 23.Bölüm
🎯 HEX DECODE - m3u8 bulundu: https://vidlax.xyz/upload/f57490a81511d0c07be24052e4799d721890/master.m3u8
      ✅ Konuşanlar - 4.Sezon 23.Bölüm - 1 m3u8
   🔍 [165/213] Bölüm: https://diziyiizle2.com/konusanlar-3/4-sezon-24-bolum/
📺 Embed URL bulundu: https://vidlax.xyz/embed/5525a41b85f71b5d
🔍 Embed URL kontrol ediliyor: https://vidlax.xyz/embed/5525a41b85f71b5d
📄 Embed sayfa içeriği alındı, boyut: 39536 karakter
🎬 Video Başlığı: Konuşanlar
📝 Video Açıklaması: 4.Sezon 24.Bölüm
🎯 Tam Başlık: Konuşanlar - 4.Sezon 24.Bölüm
🎯 HEX DECODE - m3u8 bulundu: https://vidlax.xyz/upload/63a695ad6643bbe6ea52606a60746f91f60c/master.m3u8
      ✅ Konuşanlar - 4.Sezon 24.Bölüm - 1 m3u8
   🔍 [166/213] Bölüm: https://diziyiizle2.com/konusanlar-3/4-sezon-25-bolum/
📺 Embed URL bulundu: https://vidlax.xyz/embed/7659e18e9bec9984
🔍 Embed URL kontrol ediliyor: https://vidlax.xyz/embed/7659e18e9bec9984
📄 Embed sayfa içeriği alındı, boyut: 39536 karakter
🎬 Video Başlığı: Konuşanlar
📝 Video Açıklaması: 4.Sezon 25.Bölüm
🎯 Tam Başlık: Konuşanlar - 4.Sezon 25.Bölüm
🎯 HEX DECODE - m3u8 bulundu: https://vidlax.xyz/upload/d38b55b1486cd06e7731dc4e0d5ba0ce828c/master.m3u8
      ✅ Konuşanlar - 4.Sezon 25.Bölüm - 1 m3u8
   🔍 [167/213] Bölüm: https://diziyiizle2.com/konusanlar-3/4-sezon-26-bolum/
📺 Embed URL bulundu: https://vidlax.xyz/embed/18dd09ed54212e34
🔍 Embed URL kontrol ediliyor: https://vidlax.xyz/embed/18dd09ed54212e34
📄 Embed sayfa içeriği alındı, boyut: 39536 karakter
🎬 Video Başlığı: Konuşanlar
📝 Video Açıklaması: 4.Sezon 26.Bölüm
🎯 Tam Başlık: Konuşanlar - 4.Sezon 26.Bölüm
🎯 HEX DECODE - m3u8 bulundu: https://vidlax.xyz/upload/259f67d266bc801c8a1392348ffa324b8898/master.m3u8
      ✅ Konuşanlar - 4.Sezon 26.Bölüm - 1 m3u8
   🔍 [168/213] Bölüm: https://diziyiizle2.com/konusanlar-3/4-sezon-27-bolum/
📺 Embed URL bulundu: https://vidlax.xyz/embed/9943ab9453abf7cf
🔍 Embed URL kontrol ediliyor: https://vidlax.xyz/embed/9943ab9453abf7cf
📄 Embed sayfa içeriği alındı, boyut: 39536 karakter
🎬 Video Başlığı: Konuşanlar
📝 Video Açıklaması: 4.Sezon 27.Bölüm
🎯 Tam Başlık: Konuşanlar - 4.Sezon 27.Bölüm
🎯 HEX DECODE - m3u8 bulundu: https://vidlax.xyz/upload/43f9d1c89e7bd7a08c1cb4ad80f91dbc868d/master.m3u8
      ✅ Konuşanlar - 4.Sezon 27.Bölüm - 1 m3u8
   🔍 [169/213] Bölüm: https://diziyiizle2.com/konusanlar-3/4-sezon-28-bolum/
📺 Embed URL bulundu: https://vidlax.xyz/embed/5ef2fba45a4ac35e
🔍 Embed URL kontrol ediliyor: https://vidlax.xyz/embed/5ef2fba45a4ac35e
📄 Embed sayfa içeriği alındı, boyut: 39536 karakter
🎬 Video Başlığı: Konuşanlar
📝 Video Açıklaması: 4.Sezon 28.Bölüm
🎯 Tam Başlık: Konuşanlar - 4.Sezon 28.Bölüm
🎯 HEX DECODE - m3u8 bulundu: https://vidlax.xyz/upload/a990b927ed68fe3d1c869437f8bcbc64a7ba/master.m3u8
      ✅ Konuşanlar - 4.Sezon 28.Bölüm - 1 m3u8
   🔍 [170/213] Bölüm: https://diziyiizle2.com/konusanlar-3/4-sezon-29-bolum/
📺 Embed URL bulundu: https://vidlax.xyz/embed/3195f6e0c054fa3c
🔍 Embed URL kontrol ediliyor: https://vidlax.xyz/embed/3195f6e0c054fa3c
📄 Embed sayfa içeriği alındı, boyut: 39536 karakter
🎬 Video Başlığı: Konuşanlar
📝 Video Açıklaması: 4.Sezon 29.Bölüm
🎯 Tam Başlık: Konuşanlar - 4.Sezon 29.Bölüm
🎯 HEX DECODE - m3u8 bulundu: https://vidlax.xyz/upload/65925fa3079e636bf7e792fa28901b878b5e/master.m3u8
      ✅ Konuşanlar - 4.Sezon 29.Bölüm - 1 m3u8
   🔍 [171/213] Bölüm: https://diziyiizle2.com/konusanlar-3/4-sezon-30-bolum/
📺 Embed URL bulundu: https://vidlax.xyz/embed/1293b89967c8f1ea
🔍 Embed URL kontrol ediliyor: https://vidlax.xyz/embed/1293b89967c8f1ea
📄 Embed sayfa içeriği alındı, boyut: 39536 karakter
🎬 Video Başlığı: Konuşanlar
📝 Video Açıklaması: 4.Sezon 30.Bölüm
🎯 Tam Başlık: Konuşanlar - 4.Sezon 30.Bölüm
🎯 HEX DECODE - m3u8 bulundu: https://vidlax.xyz/upload/52ad191e25bf2e78e4d11539903cb9bea281/master.m3u8
      ✅ Konuşanlar - 4.Sezon 30.Bölüm - 1 m3u8
   🔍 [172/213] Bölüm: https://diziyiizle2.com/konusanlar-3/4-sezon-31-bolum/
📺 Embed URL bulundu: https://vidlax.xyz/embed/2a9f7f22ea498c8b
🔍 Embed URL kontrol ediliyor: https://vidlax.xyz/embed/2a9f7f22ea498c8b
📄 Embed sayfa içeriği alındı, boyut: 39536 karakter
🎬 Video Başlığı: Konuşanlar
📝 Video Açıklaması: 4.Sezon 31.Bölüm
🎯 Tam Başlık: Konuşanlar - 4.Sezon 31.Bölüm
🎯 HEX DECODE - m3u8 bulundu: https://vidlax.xyz/upload/6ad280d5f2178a6a5c311620072eb54aa5a0/master.m3u8
      ✅ Konuşanlar - 4.Sezon 31.Bölüm - 1 m3u8
   🔍 [173/213] Bölüm: https://diziyiizle2.com/konusanlar-3/4-sezon-32-bolum/
📺 Embed URL bulundu: https://vidlax.xyz/embed/8d203365dfcc8cf2
🔍 Embed URL kontrol ediliyor: https://vidlax.xyz/embed/8d203365dfcc8cf2
📄 Embed sayfa içeriği alındı, boyut: 39536 karakter
🎬 Video Başlığı: Konuşanlar
📝 Video Açıklaması: 4.Sezon 32.Bölüm
🎯 Tam Başlık: Konuşanlar - 4.Sezon 32.Bölüm
🎯 HEX DECODE - m3u8 bulundu: https://vidlax.xyz/upload/3f58c9a5d25b52a370c2602f6f534f51dd9a/master.m3u8
      ✅ Konuşanlar - 4.Sezon 32.Bölüm - 1 m3u8
   🔍 [174/213] Bölüm: https://diziyiizle2.com/konusanlar-3/4-sezon-33-bolum/

🔍 Vidlax direkt analizi: https://diziyiizle2.com/konusanlar-3/4-sezon-33-bolum/
📄 Sayfa içeriği alındı: 359984 karakter
❌ m3u8 URL'si bulunamadı
      ❌ m3u8 bulunamadı
   🔍 [175/213] Bölüm: https://diziyiizle2.com/konusanlar-3/4-sezon-34-bolum/

🔍 Vidlax direkt analizi: https://diziyiizle2.com/konusanlar-3/4-sezon-34-bolum/
📄 Sayfa içeriği alındı: 360055 karakter
❌ m3u8 URL'si bulunamadı
      ❌ m3u8 bulunamadı
   🔍 [176/213] Bölüm: https://diziyiizle2.com/konusanlar-3/4-sezon-35-bolum/

🔍 Vidlax direkt analizi: https://diziyiizle2.com/konusanlar-3/4-sezon-35-bolum/
📄 Sayfa içeriği alındı: 360116 karakter
❌ m3u8 URL'si bulunamadı
      ❌ m3u8 bulunamadı
   🔍 [177/213] Bölüm: https://diziyiizle2.com/konusanlar-3/4-sezon-36-bolum/

🔍 Vidlax direkt analizi: https://diziyiizle2.com/konusanlar-3/4-sezon-36-bolum/
📄 Sayfa içeriği alındı: 360064 karakter
❌ m3u8 URL'si bulunamadı
      ❌ m3u8 bulunamadı
   🔍 [178/213] Bölüm: https://diziyiizle2.com/konusanlar-3/4-sezon-37-bolum/

🔍 Vidlax direkt analizi: https://diziyiizle2.com/konusanlar-3/4-sezon-37-bolum/
📄 Sayfa içeriği alındı: 360181 karakter
❌ m3u8 URL'si bulunamadı
      ❌ m3u8 bulunamadı
   🔍 [179/213] Bölüm: https://diziyiizle2.com/konusanlar-3/4-sezon-38-bolum/

🔍 Vidlax direkt analizi: https://diziyiizle2.com/konusanlar-3/4-sezon-38-bolum/
📄 Sayfa içeriği alındı: 360188 karakter
❌ m3u8 URL'si bulunamadı
      ❌ m3u8 bulunamadı
   🔍 [180/213] Bölüm: https://diziyiizle2.com/konusanlar-3/4-sezon-39-bolum/

🔍 Vidlax direkt analizi: https://diziyiizle2.com/konusanlar-3/4-sezon-39-bolum/
📄 Sayfa içeriği alındı: 359956 karakter
❌ m3u8 URL'si bulunamadı
      ❌ m3u8 bulunamadı
   🔍 [181/213] Bölüm: https://diziyiizle2.com/konusanlar-3/4-sezon-40-bolum/

🔍 Vidlax direkt analizi: https://diziyiizle2.com/konusanlar-3/4-sezon-40-bolum/
📄 Sayfa içeriği alındı: 360089 karakter
❌ m3u8 URL'si bulunamadı
      ❌ m3u8 bulunamadı
   🔍 [182/213] Bölüm: https://diziyiizle2.com/konusanlar-3/5-sezon-1-bolum/
📺 Embed URL bulundu: https://vidlax.xyz/embed/7e78fd02c91b2c03
🔍 Embed URL kontrol ediliyor: https://vidlax.xyz/embed/7e78fd02c91b2c03
📄 Embed sayfa içeriği alındı, boyut: 39708 karakter
🎬 Video Başlığı: Konuşanlar
📝 Video Açıklaması: 1.Sezon 1.Bölüm
🎯 Tam Başlık: Konuşanlar - 1.Sezon 1.Bölüm
🎯 HEX DECODE - m3u8 bulundu: https://vidlax.xyz/upload/aa92fe2e0f9724bd7060c7de9d8f7177f152/master.m3u8
      ✅ Konuşanlar - 1.Sezon 1.Bölüm - 1 m3u8
   🔍 [183/213] Bölüm: https://diziyiizle2.com/konusanlar-3/5-sezon-2-bolum/

🔍 Vidlax direkt analizi: https://diziyiizle2.com/konusanlar-3/5-sezon-2-bolum/
📄 Sayfa içeriği alındı: 359965 karakter
❌ m3u8 URL'si bulunamadı
      ❌ m3u8 bulunamadı
   🔍 [184/213] Bölüm: https://diziyiizle2.com/konusanlar-3/5-sezon-3-bolum/

🔍 Vidlax direkt analizi: https://diziyiizle2.com/konusanlar-3/5-sezon-3-bolum/
📄 Sayfa içeriği alındı: 360137 karakter
❌ m3u8 URL'si bulunamadı
      ❌ m3u8 bulunamadı
   🔍 [185/213] Bölüm: https://diziyiizle2.com/konusanlar-3/5-sezon-4-bolum/

🔍 Vidlax direkt analizi: https://diziyiizle2.com/konusanlar-3/5-sezon-4-bolum/
📄 Sayfa içeriği alındı: 359877 karakter
❌ m3u8 URL'si bulunamadı
      ❌ m3u8 bulunamadı
   🔍 [186/213] Bölüm: https://diziyiizle2.com/konusanlar-3/5-sezon-5-bolum/

🔍 Vidlax direkt analizi: https://diziyiizle2.com/konusanlar-3/5-sezon-5-bolum/
📄 Sayfa içeriği alındı: 360015 karakter
❌ m3u8 URL'si bulunamadı
      ❌ m3u8 bulunamadı
   🔍 [187/213] Bölüm: https://diziyiizle2.com/konusanlar-3/5-sezon-6-bolum/

🔍 Vidlax direkt analizi: https://diziyiizle2.com/konusanlar-3/5-sezon-6-bolum/
📄 Sayfa içeriği alındı: 359989 karakter
❌ m3u8 URL'si bulunamadı
      ❌ m3u8 bulunamadı
   🔍 [188/213] Bölüm: https://diziyiizle2.com/konusanlar-3/5-sezon-7-bolum/

🔍 Vidlax direkt analizi: https://diziyiizle2.com/konusanlar-3/5-sezon-7-bolum/
📄 Sayfa içeriği alındı: 360150 karakter
❌ m3u8 URL'si bulunamadı
      ❌ m3u8 bulunamadı
   🔍 [189/213] Bölüm: https://diziyiizle2.com/konusanlar-3/5-sezon-8-bolum/

🔍 Vidlax direkt analizi: https://diziyiizle2.com/konusanlar-3/5-sezon-8-bolum/
📄 Sayfa içeriği alındı: 360046 karakter
❌ m3u8 URL'si bulunamadı
      ❌ m3u8 bulunamadı
   🔍 [190/213] Bölüm: https://diziyiizle2.com/konusanlar-3/5-sezon-9-bolum/

🔍 Vidlax direkt analizi: https://diziyiizle2.com/konusanlar-3/5-sezon-9-bolum/
📄 Sayfa içeriği alındı: 360061 karakter
❌ m3u8 URL'si bulunamadı
      ❌ m3u8 bulunamadı
   🔍 [191/213] Bölüm: https://diziyiizle2.com/konusanlar-3/5-sezon-10-bolum/

🔍 Vidlax direkt analizi: https://diziyiizle2.com/konusanlar-3/5-sezon-10-bolum/
📄 Sayfa içeriği alındı: 360031 karakter
❌ m3u8 URL'si bulunamadı
      ❌ m3u8 bulunamadı
   🔍 [192/213] Bölüm: https://diziyiizle2.com/konusanlar-3/5-sezon-11-bolum/

🔍 Vidlax direkt analizi: https://diziyiizle2.com/konusanlar-3/5-sezon-11-bolum/
📄 Sayfa içeriği alındı: 359988 karakter
❌ m3u8 URL'si bulunamadı
      ❌ m3u8 bulunamadı
   🔍 [193/213] Bölüm: https://diziyiizle2.com/konusanlar-3/5-sezon-12-bolum/

🔍 Vidlax direkt analizi: https://diziyiizle2.com/konusanlar-3/5-sezon-12-bolum/
📄 Sayfa içeriği alındı: 359948 karakter
❌ m3u8 URL'si bulunamadı
      ❌ m3u8 bulunamadı
   🔍 [194/213] Bölüm: https://diziyiizle2.com/konusanlar-3/5-sezon-13-bolum/

🔍 Vidlax direkt analizi: https://diziyiizle2.com/konusanlar-3/5-sezon-13-bolum/
📄 Sayfa içeriği alındı: 359932 karakter
❌ m3u8 URL'si bulunamadı
      ❌ m3u8 bulunamadı
   🔍 [195/213] Bölüm: https://diziyiizle2.com/konusanlar-3/5-sezon-14-bolum/

🔍 Vidlax direkt analizi: https://diziyiizle2.com/konusanlar-3/5-sezon-14-bolum/
📄 Sayfa içeriği alındı: 360019 karakter
❌ m3u8 URL'si bulunamadı
      ❌ m3u8 bulunamadı
   🔍 [196/213] Bölüm: https://diziyiizle2.com/konusanlar-3/5-sezon-15-bolum/

🔍 Vidlax direkt analizi: https://diziyiizle2.com/konusanlar-3/5-sezon-15-bolum/
📄 Sayfa içeriği alındı: 360054 karakter
❌ m3u8 URL'si bulunamadı
      ❌ m3u8 bulunamadı
   🔍 [197/213] Bölüm: https://diziyiizle2.com/konusanlar-3/5-sezon-16-bolum/

🔍 Vidlax direkt analizi: https://diziyiizle2.com/konusanlar-3/5-sezon-16-bolum/
📄 Sayfa içeriği alındı: 360105 karakter
❌ m3u8 URL'si bulunamadı
      ❌ m3u8 bulunamadı
   🔍 [198/213] Bölüm: https://diziyiizle2.com/konusanlar-3/5-sezon-17-bolum/

🔍 Vidlax direkt analizi: https://diziyiizle2.com/konusanlar-3/5-sezon-17-bolum/
📄 Sayfa içeriği alındı: 360043 karakter
❌ m3u8 URL'si bulunamadı
      ❌ m3u8 bulunamadı
   🔍 [199/213] Bölüm: https://diziyiizle2.com/konusanlar-3/5-sezon-18-bolum/

🔍 Vidlax direkt analizi: https://diziyiizle2.com/konusanlar-3/5-sezon-18-bolum/
📄 Sayfa içeriği alındı: 360035 karakter
❌ m3u8 URL'si bulunamadı
      ❌ m3u8 bulunamadı
   🔍 [200/213] Bölüm: https://diziyiizle2.com/konusanlar-3/5-sezon-19-bolum/

🔍 Vidlax direkt analizi: https://diziyiizle2.com/konusanlar-3/5-sezon-19-bolum/
📄 Sayfa içeriği alındı: 360032 karakter
❌ m3u8 URL'si bulunamadı
      ❌ m3u8 bulunamadı
   🔍 [201/213] Bölüm: https://diziyiizle2.com/konusanlar-3/5-sezon-20-bolum/

🔍 Vidlax direkt analizi: https://diziyiizle2.com/konusanlar-3/5-sezon-20-bolum/
📄 Sayfa içeriği alındı: 359996 karakter
❌ m3u8 URL'si bulunamadı
      ❌ m3u8 bulunamadı
   🔍 [202/213] Bölüm: https://diziyiizle2.com/konusanlar-3/5-sezon-21-bolum/

🔍 Vidlax direkt analizi: https://diziyiizle2.com/konusanlar-3/5-sezon-21-bolum/
📄 Sayfa içeriği alındı: 360088 karakter
❌ m3u8 URL'si bulunamadı
      ❌ m3u8 bulunamadı
   🔍 [203/213] Bölüm: https://diziyiizle2.com/konusanlar-3/5-sezon-22-bolum/

🔍 Vidlax direkt analizi: https://diziyiizle2.com/konusanlar-3/5-sezon-22-bolum/
📄 Sayfa içeriği alındı: 360068 karakter
❌ m3u8 URL'si bulunamadı
      ❌ m3u8 bulunamadı
   🔍 [204/213] Bölüm: https://diziyiizle2.com/konusanlar-3/5-sezon-23-bolum/

🔍 Vidlax direkt analizi: https://diziyiizle2.com/konusanlar-3/5-sezon-23-bolum/
📄 Sayfa içeriği alındı: 360047 karakter
❌ m3u8 URL'si bulunamadı
      ❌ m3u8 bulunamadı
   🔍 [205/213] Bölüm: https://diziyiizle2.com/konusanlar-3/5-sezon-24-bolum/

🔍 Vidlax direkt analizi: https://diziyiizle2.com/konusanlar-3/5-sezon-24-bolum/
📄 Sayfa içeriği alındı: 359984 karakter
❌ m3u8 URL'si bulunamadı
      ❌ m3u8 bulunamadı
   🔍 [206/213] Bölüm: https://diziyiizle2.com/konusanlar-3/5-sezon-25-bolum/

🔍 Vidlax direkt analizi: https://diziyiizle2.com/konusanlar-3/5-sezon-25-bolum/
📄 Sayfa içeriği alındı: 360059 karakter
❌ m3u8 URL'si bulunamadı
      ❌ m3u8 bulunamadı
   🔍 [207/213] Bölüm: https://diziyiizle2.com/konusanlar-3/5-sezon-26-bolum/

🔍 Vidlax direkt analizi: https://diziyiizle2.com/konusanlar-3/5-sezon-26-bolum/
📄 Sayfa içeriği alındı: 360035 karakter
❌ m3u8 URL'si bulunamadı
      ❌ m3u8 bulunamadı
   🔍 [208/213] Bölüm: https://diziyiizle2.com/konusanlar-3/5-sezon-27-bolum/

🔍 Vidlax direkt analizi: https://diziyiizle2.com/konusanlar-3/5-sezon-27-bolum/
📄 Sayfa içeriği alındı: 360084 karakter
❌ m3u8 URL'si bulunamadı
      ❌ m3u8 bulunamadı
   🔍 [209/213] Bölüm: https://diziyiizle2.com/konusanlar-3/5-sezon-28-bolum/

🔍 Vidlax direkt analizi: https://diziyiizle2.com/konusanlar-3/5-sezon-28-bolum/
📄 Sayfa içeriği alındı: 360047 karakter
❌ m3u8 URL'si bulunamadı
      ❌ m3u8 bulunamadı
   🔍 [210/213] Bölüm: https://diziyiizle2.com/konusanlar-3/5-sezon-29-bolum/

🔍 Vidlax direkt analizi: https://diziyiizle2.com/konusanlar-3/5-sezon-29-bolum/
📄 Sayfa içeriği alındı: 360257 karakter
❌ m3u8 URL'si bulunamadı
      ❌ m3u8 bulunamadı
   🔍 [211/213] Bölüm: https://diziyiizle2.com/konusanlar-3/5-sezon-30-bolum/

🔍 Vidlax direkt analizi: https://diziyiizle2.com/konusanlar-3/5-sezon-30-bolum/
📄 Sayfa içeriği alındı: 360085 karakter
❌ m3u8 URL'si bulunamadı
      ❌ m3u8 bulunamadı
   🔍 [212/213] Bölüm: https://diziyiizle2.com/konusanlar-3/5-sezon-31-bolum/

🔍 Vidlax direkt analizi: https://diziyiizle2.com/konusanlar-3/5-sezon-31-bolum/
📄 Sayfa içeriği alındı: 360004 karakter
❌ m3u8 URL'si bulunamadı
      ❌ m3u8 bulunamadı
   🔍 [213/213] Bölüm: https://diziyiizle2.com/konusanlar-3/5-sezon-32-bolum/

🔍 Vidlax direkt analizi: https://diziyiizle2.com/konusanlar-3/5-sezon-32-bolum/
📄 Sayfa içeriği alındı: 360040 karakter
❌ m3u8 URL'si bulunamadı
      ❌ m3u8 bulunamadı
      📁 Dizi playlist: playlists/konusanlar_playlist.m3u
   ✅ Dizi tamamlandı: 111 m3u8 eklendi

============================================================
🎬 [52/56] İşleniyor: https://diziyiizle2.com/dizi/watching-you/
📺 Bölüm bulundu: 1. Sezon 1. BölümAltyazılı03.10.2025 - https://diziyiizle2.com/watching-you/1-sezon-1-bolum/
📺 Bölüm bulundu: 1. Sezon 2. BölümAltyazılı03.10.2025 - https://diziyiizle2.com/watching-you/1-sezon-2-bolum/
📺 Bölüm bulundu: 1. Sezon 3. BölümAltyazılı10.10.2025 - https://diziyiizle2.com/watching-you/1-sezon-3-bolum/
📺 Bölüm bulundu: 1. Sezon 4. BölümAltyazılı17.10.2025 - https://diziyiizle2.com/watching-you/1-sezon-4-bolum/
📺 Bölüm bulundu: 1. Sezon 5. BölümAltyazılı10.10.2025 - https://diziyiizle2.com/watching-you/1-sezon-5-bolum/
📺 Bölüm bulundu: 1. Sezon 6. BölümAltyazılı10.10.2025 - https://diziyiizle2.com/watching-you/1-sezon-6-bolum/

📊 Toplam 6 bölüm bulundu
   🔍 [1/6] Bölüm: https://diziyiizle2.com/watching-you/1-sezon-1-bolum/
📺 Embed URL bulundu: https://vidlax.xyz/embed/b4da296ccf422e2d
🔍 Embed URL kontrol ediliyor: https://vidlax.xyz/embed/b4da296ccf422e2d
📄 Embed sayfa içeriği alındı, boyut: 39710 karakter
🎬 Video Başlığı: Watching You
📝 Video Açıklaması: 1.Sezon 1.Bölüm
🎯 Tam Başlık: Watching You - 1.Sezon 1.Bölüm
🎯 HEX DECODE - m3u8 bulundu: https://vidlax.xyz/upload/147aba435a1bd1e14b243f62d4767085281b/master.m3u8
      ✅ Watching You - 1.Sezon 1.Bölüm - 1 m3u8
   🔍 [2/6] Bölüm: https://diziyiizle2.com/watching-you/1-sezon-2-bolum/
📺 Embed URL bulundu: https://vidlax.xyz/embed/62cdcd73613b262f
🔍 Embed URL kontrol ediliyor: https://vidlax.xyz/embed/62cdcd73613b262f
📄 Embed sayfa içeriği alındı, boyut: 39710 karakter
🎬 Video Başlığı: Watching You
📝 Video Açıklaması: 1.Sezon 2.Bölüm
🎯 Tam Başlık: Watching You - 1.Sezon 2.Bölüm
🎯 HEX DECODE - m3u8 bulundu: https://vidlax.xyz/upload/37d039789f230914edbe5752f46faaf5ddb3/master.m3u8
      ✅ Watching You - 1.Sezon 2.Bölüm - 1 m3u8
   🔍 [3/6] Bölüm: https://diziyiizle2.com/watching-you/1-sezon-3-bolum/
📺 Embed URL bulundu: https://vidlax.xyz/embed/58914800e6d517f0
🔍 Embed URL kontrol ediliyor: https://vidlax.xyz/embed/58914800e6d517f0
📄 Embed sayfa içeriği alındı, boyut: 39710 karakter
🎬 Video Başlığı: Watching You
📝 Video Açıklaması: 1.Sezon 3.Bölüm
🎯 Tam Başlık: Watching You - 1.Sezon 3.Bölüm
🎯 HEX DECODE - m3u8 bulundu: https://vidlax.xyz/upload/9d0ea37985a3f0d4c400be8e7f23fb0a3b9a/master.m3u8
      ✅ Watching You - 1.Sezon 3.Bölüm - 1 m3u8
   🔍 [4/6] Bölüm: https://diziyiizle2.com/watching-you/1-sezon-4-bolum/

🔍 Vidlax direkt analizi: https://diziyiizle2.com/watching-you/1-sezon-4-bolum/
📄 Sayfa içeriği alındı: 92644 karakter
❌ m3u8 URL'si bulunamadı
      ❌ m3u8 bulunamadı
   🔍 [5/6] Bölüm: https://diziyiizle2.com/watching-you/1-sezon-5-bolum/

🔍 Vidlax direkt analizi: https://diziyiizle2.com/watching-you/1-sezon-5-bolum/
📄 Sayfa içeriği alındı: 92644 karakter
❌ m3u8 URL'si bulunamadı
      ❌ m3u8 bulunamadı
   🔍 [6/6] Bölüm: https://diziyiizle2.com/watching-you/1-sezon-6-bolum/

🔍 Vidlax direkt analizi: https://diziyiizle2.com/watching-you/1-sezon-6-bolum/
📄 Sayfa içeriği alındı: 92644 karakter
❌ m3u8 URL'si bulunamadı
      ❌ m3u8 bulunamadı
      📁 Dizi playlist: playlists/watching_you_playlist.m3u
   ✅ Dizi tamamlandı: 3 m3u8 eklendi

============================================================
🎬 [53/56] İşleniyor: https://diziyiizle2.com/dizi/dudes/
📺 Bölüm bulundu: 1. Sezon 1. BölümAltyazılı02.10.202538 dk. - https://diziyiizle2.com/dudes/1-sezon-1-bolum/
📺 Bölüm bulundu: 1. Sezon 2. BölümDublaj02.10.202536 dk. - https://diziyiizle2.com/dudes/1-sezon-2-bolum/
📺 Bölüm bulundu: 1. Sezon 3. BölümAltyazılı02.10.202536 dk. - https://diziyiizle2.com/dudes/1-sezon-3-bolum/
📺 Bölüm bulundu: 1. Sezon 4. BölümAltyazılı02.10.202535 dk. - https://diziyiizle2.com/dudes/1-sezon-4-bolum/
📺 Bölüm bulundu: 1. Sezon 5. BölümAltyazılı02.10.202533 dk. - https://diziyiizle2.com/dudes/1-sezon-5-bolum/
📺 Bölüm bulundu: 1. Sezon 6. BölümDublaj02.10.202535 dk. - https://diziyiizle2.com/dudes/1-sezon-6-bolum/
📺 Bölüm bulundu: 1. Sezon 7. BölümAltyazılı02.10.202534 dk. - https://diziyiizle2.com/dudes/1-sezon-7-bolum/
📺 Bölüm bulundu: 1. Sezon 8. BölümAltyazılı02.10.202536 dk. - https://diziyiizle2.com/dudes/1-sezon-8-bolum/

📊 Toplam 8 bölüm bulundu
   🔍 [1/8] Bölüm: https://diziyiizle2.com/dudes/1-sezon-1-bolum/
📺 Embed URL bulundu: https://vidlax.xyz/embed/a3ccd62b2ced48e8
🔍 Embed URL kontrol ediliyor: https://vidlax.xyz/embed/a3ccd62b2ced48e8
📄 Embed sayfa içeriği alındı, boyut: 42959 karakter
🎬 Video Başlığı: Dudes
📝 Video Açıklaması: 1.Sezon 1.Bölüm
🎯 Tam Başlık: Dudes - 1.Sezon 1.Bölüm
🎯 HEX DECODE - m3u8 bulundu: https://vidlax.xyz/upload/3caf2de9d7fe9d747f9a68e3df388b779819/master.m3u8
      ✅ Dudes - 1.Sezon 1.Bölüm - 1 m3u8
   🔍 [2/8] Bölüm: https://diziyiizle2.com/dudes/1-sezon-2-bolum/
📺 Embed URL bulundu: https://vidlax.xyz/embed/acfe717a90997d2d
🔍 Embed URL kontrol ediliyor: https://vidlax.xyz/embed/acfe717a90997d2d
📄 Embed sayfa içeriği alındı, boyut: 42959 karakter
🎬 Video Başlığı: Dudes
📝 Video Açıklaması: 1.Sezon 2.Bölüm
🎯 Tam Başlık: Dudes - 1.Sezon 2.Bölüm
🎯 HEX DECODE - m3u8 bulundu: https://vidlax.xyz/upload/6e301d09bab0bdce60d6252f965726ae5da8/master.m3u8
      ✅ Dudes - 1.Sezon 2.Bölüm - 1 m3u8
   🔍 [3/8] Bölüm: https://diziyiizle2.com/dudes/1-sezon-3-bolum/
📺 Embed URL bulundu: https://vidlax.xyz/embed/c1cfe7c5a8eb2d20
🔍 Embed URL kontrol ediliyor: https://vidlax.xyz/embed/c1cfe7c5a8eb2d20
📄 Embed sayfa içeriği alındı, boyut: 43087 karakter
🎬 Video Başlığı: Dudes
📝 Video Açıklaması: 1.Sezon 3.Bölüm
🎯 Tam Başlık: Dudes - 1.Sezon 3.Bölüm
🎯 HEX DECODE - m3u8 bulundu: https://vidlax.xyz/upload/b65069124c2e28a3ba8ec3dd3f99d919e105/master.m3u8
      ✅ Dudes - 1.Sezon 3.Bölüm - 1 m3u8
   🔍 [4/8] Bölüm: https://diziyiizle2.com/dudes/1-sezon-4-bolum/
📺 Embed URL bulundu: https://vidlax.xyz/embed/38e93ef122bb9034
🔍 Embed URL kontrol ediliyor: https://vidlax.xyz/embed/38e93ef122bb9034
📄 Embed sayfa içeriği alındı, boyut: 42959 karakter
🎬 Video Başlığı: Dudes
📝 Video Açıklaması: 1.Sezon 4.Bölüm
🎯 Tam Başlık: Dudes - 1.Sezon 4.Bölüm
🎯 HEX DECODE - m3u8 bulundu: https://vidlax.xyz/upload/0a4bced0f19068fc05532fe30a6c37c96b9d/master.m3u8
      ✅ Dudes - 1.Sezon 4.Bölüm - 1 m3u8
   🔍 [5/8] Bölüm: https://diziyiizle2.com/dudes/1-sezon-5-bolum/
📺 Embed URL bulundu: https://vidlax.xyz/embed/80b89f6ca4130e5e
🔍 Embed URL kontrol ediliyor: https://vidlax.xyz/embed/80b89f6ca4130e5e
📄 Embed sayfa içeriği alındı, boyut: 42959 karakter
🎬 Video Başlığı: Dudes
📝 Video Açıklaması: 1.Sezon 5.Bölüm
🎯 Tam Başlık: Dudes - 1.Sezon 5.Bölüm
🎯 HEX DECODE - m3u8 bulundu: https://vidlax.xyz/upload/34d3e21b3563f75dbc63d583200bb08990f6/master.m3u8
      ✅ Dudes - 1.Sezon 5.Bölüm - 1 m3u8
   🔍 [6/8] Bölüm: https://diziyiizle2.com/dudes/1-sezon-6-bolum/
📺 Embed URL bulundu: https://vidlax.xyz/embed/36fe6b73969243d2
🔍 Embed URL kontrol ediliyor: https://vidlax.xyz/embed/36fe6b73969243d2
📄 Embed sayfa içeriği alındı, boyut: 42959 karakter
🎬 Video Başlığı: Dudes
📝 Video Açıklaması: 1.Sezon 6.Bölüm
🎯 Tam Başlık: Dudes - 1.Sezon 6.Bölüm
🎯 HEX DECODE - m3u8 bulundu: https://vidlax.xyz/upload/b074622d64705d61716a3a0e826cd8f58bc0/master.m3u8
      ✅ Dudes - 1.Sezon 6.Bölüm - 1 m3u8
   🔍 [7/8] Bölüm: https://diziyiizle2.com/dudes/1-sezon-7-bolum/
📺 Embed URL bulundu: https://vidlax.xyz/embed/3bbaaaaf9b387fe1
🔍 Embed URL kontrol ediliyor: https://vidlax.xyz/embed/3bbaaaaf9b387fe1
📄 Embed sayfa içeriği alındı, boyut: 42959 karakter
🎬 Video Başlığı: Dudes
📝 Video Açıklaması: 1.Sezon 7.Bölüm
🎯 Tam Başlık: Dudes - 1.Sezon 7.Bölüm
🎯 HEX DECODE - m3u8 bulundu: https://vidlax.xyz/upload/1d903de49e9698e8d60b83829d07300871b7/master.m3u8
      ✅ Dudes - 1.Sezon 7.Bölüm - 1 m3u8
   🔍 [8/8] Bölüm: https://diziyiizle2.com/dudes/1-sezon-8-bolum/
📺 Embed URL bulundu: https://vidlax.xyz/embed/1bb67c55cc492273
🔍 Embed URL kontrol ediliyor: https://vidlax.xyz/embed/1bb67c55cc492273
📄 Embed sayfa içeriği alındı, boyut: 42959 karakter
🎬 Video Başlığı: Dudes
📝 Video Açıklaması: 1.Sezon 8.Bölüm
🎯 Tam Başlık: Dudes - 1.Sezon 8.Bölüm
🎯 HEX DECODE - m3u8 bulundu: https://vidlax.xyz/upload/7e8a6df8c27dfd1fd2f39c15034fe1a4784a/master.m3u8
      ✅ Dudes - 1.Sezon 8.Bölüm - 1 m3u8
      📁 Dizi playlist: playlists/dudes_playlist.m3u
   ✅ Dizi tamamlandı: 8 m3u8 eklendi

============================================================
🎬 [54/56] İşleniyor: https://diziyiizle2.com/dizi/riv4li/
📺 Bölüm bulundu: 1. Sezon 1. BölümAltyazılı02.10.202544 dk. - https://diziyiizle2.com/riv4li/1-sezon-1-bolum/
📺 Bölüm bulundu: 1. Sezon 2. BölümAltyazılı02.10.202534 dk. - https://diziyiizle2.com/riv4li/1-sezon-2-bolum/
📺 Bölüm bulundu: 1. Sezon 3. BölümAltyazılı02.10.202534 dk. - https://diziyiizle2.com/riv4li/1-sezon-3-bolum/
📺 Bölüm bulundu: 1. Sezon 4. BölümAltyazılı02.10.202531 dk. - https://diziyiizle2.com/riv4li/1-sezon-4-bolum/
📺 Bölüm bulundu: 1. Sezon 5. BölümAltyazılı02.10.202528 dk. - https://diziyiizle2.com/riv4li/1-sezon-5-bolum/
📺 Bölüm bulundu: 1. Sezon 6. BölümAltyazılı02.10.202531 dk. - https://diziyiizle2.com/riv4li/1-sezon-6-bolum/
📺 Bölüm bulundu: 1. Sezon 7. BölümAltyazılı02.10.202534 dk. - https://diziyiizle2.com/riv4li/1-sezon-7-bolum/
📺 Bölüm bulundu: 1. Sezon 8. BölümAltyazılı02.10.202535 dk. - https://diziyiizle2.com/riv4li/1-sezon-8-bolum/
📺 Bölüm bulundu: 1. Sezon 9. BölümAltyazılı02.10.202526 dk. - https://diziyiizle2.com/riv4li/1-sezon-9-bolum/
📺 Bölüm bulundu: 1. Sezon 10. BölümAltyazılı02.10.202531 dk. - https://diziyiizle2.com/riv4li/1-sezon-10-bolum/
📺 Bölüm bulundu: 1. Sezon 11. BölümAltyazılı02.10.202532 dk. - https://diziyiizle2.com/riv4li/1-sezon-11-bolum/
📺 Bölüm bulundu: 1. Sezon 12. BölümAltyazılı02.10.202532 dk. - https://diziyiizle2.com/riv4li/1-sezon-12-bolum/
📺 Bölüm bulundu: 1. Sezon 13. BölümAltyazılı02.10.202530 dk. - https://diziyiizle2.com/riv4li/1-sezon-13-bolum/
📺 Bölüm bulundu: 1. Sezon 14. BölümAltyazılı02.10.202530 dk. - https://diziyiizle2.com/riv4li/1-sezon-14-bolum/

📊 Toplam 14 bölüm bulundu
   🔍 [1/14] Bölüm: https://diziyiizle2.com/riv4li/1-sezon-1-bolum/
📺 Embed URL bulundu: https://vidlax.xyz/embed/ad18ad970f663b8d
🔍 Embed URL kontrol ediliyor: https://vidlax.xyz/embed/ad18ad970f663b8d
📄 Embed sayfa içeriği alındı, boyut: 39703 karakter
🎬 Video Başlığı: RIV4LRIES
📝 Video Açıklaması: 1.Sezon 1.Bölüm
🎯 Tam Başlık: RIV4LRIES - 1.Sezon 1.Bölüm
🎯 HEX DECODE - m3u8 bulundu: https://vidlax.xyz/upload/758d698709c901fa8a305ba81c5946caa2fc/master.m3u8
      ✅ RIV4LRIES - 1.Sezon 1.Bölüm - 1 m3u8
   🔍 [2/14] Bölüm: https://diziyiizle2.com/riv4li/1-sezon-2-bolum/
📺 Embed URL bulundu: https://vidlax.xyz/embed/4dd5610564abca9e
🔍 Embed URL kontrol ediliyor: https://vidlax.xyz/embed/4dd5610564abca9e
📄 Embed sayfa içeriği alındı, boyut: 39703 karakter
🎬 Video Başlığı: RIV4LRIES
📝 Video Açıklaması: 1.Sezon 2.Bölüm
🎯 Tam Başlık: RIV4LRIES - 1.Sezon 2.Bölüm
🎯 HEX DECODE - m3u8 bulundu: https://vidlax.xyz/upload/ce5f5f556b8c3d6e8c5e36512814d3816847/master.m3u8
      ✅ RIV4LRIES - 1.Sezon 2.Bölüm - 1 m3u8
   🔍 [3/14] Bölüm: https://diziyiizle2.com/riv4li/1-sezon-3-bolum/
📺 Embed URL bulundu: https://vidlax.xyz/embed/c562993353b6a875
🔍 Embed URL kontrol ediliyor: https://vidlax.xyz/embed/c562993353b6a875
📄 Embed sayfa içeriği alındı, boyut: 39703 karakter
🎬 Video Başlığı: RIV4LRIES
📝 Video Açıklaması: 1.Sezon 3.Bölüm
🎯 Tam Başlık: RIV4LRIES - 1.Sezon 3.Bölüm
🎯 HEX DECODE - m3u8 bulundu: https://vidlax.xyz/upload/8cfa11937e875294b6b53fc55f5b2251f0d3/master.m3u8
      ✅ RIV4LRIES - 1.Sezon 3.Bölüm - 1 m3u8
   🔍 [4/14] Bölüm: https://diziyiizle2.com/riv4li/1-sezon-4-bolum/
📺 Embed URL bulundu: https://vidlax.xyz/embed/c14acb321cbc6ae2
🔍 Embed URL kontrol ediliyor: https://vidlax.xyz/embed/c14acb321cbc6ae2
📄 Embed sayfa içeriği alındı, boyut: 39703 karakter
🎬 Video Başlığı: RIV4LRIES
📝 Video Açıklaması: 1.Sezon 4.Bölüm
🎯 Tam Başlık: RIV4LRIES - 1.Sezon 4.Bölüm
🎯 HEX DECODE - m3u8 bulundu: https://vidlax.xyz/upload/9c2ba4a4db669e36c814ca2bea2461849a91/master.m3u8
      ✅ RIV4LRIES - 1.Sezon 4.Bölüm - 1 m3u8
   🔍 [5/14] Bölüm: https://diziyiizle2.com/riv4li/1-sezon-5-bolum/
📺 Embed URL bulundu: https://vidlax.xyz/embed/2bdc19392c358f59
🔍 Embed URL kontrol ediliyor: https://vidlax.xyz/embed/2bdc19392c358f59
📄 Embed sayfa içeriği alındı, boyut: 39703 karakter
🎬 Video Başlığı: RIV4LRIES
📝 Video Açıklaması: 1.Sezon 5.Bölüm
🎯 Tam Başlık: RIV4LRIES - 1.Sezon 5.Bölüm
🎯 HEX DECODE - m3u8 bulundu: https://vidlax.xyz/upload/124d58969448d101cbfc8934fd219855babc/master.m3u8
      ✅ RIV4LRIES - 1.Sezon 5.Bölüm - 1 m3u8
   🔍 [6/14] Bölüm: https://diziyiizle2.com/riv4li/1-sezon-6-bolum/
📺 Embed URL bulundu: https://vidlax.xyz/embed/e78de353a535f6e2
🔍 Embed URL kontrol ediliyor: https://vidlax.xyz/embed/e78de353a535f6e2
📄 Embed sayfa içeriği alındı, boyut: 39703 karakter
🎬 Video Başlığı: RIV4LRIES
📝 Video Açıklaması: 1.Sezon 6.Bölüm
🎯 Tam Başlık: RIV4LRIES - 1.Sezon 6.Bölüm
🎯 HEX DECODE - m3u8 bulundu: https://vidlax.xyz/upload/c0ed4f2c25023515ffd3baae721c44f8329d/master.m3u8
      ✅ RIV4LRIES - 1.Sezon 6.Bölüm - 1 m3u8
   🔍 [7/14] Bölüm: https://diziyiizle2.com/riv4li/1-sezon-7-bolum/
📺 Embed URL bulundu: https://vidlax.xyz/embed/624f9134fa7a27d7
🔍 Embed URL kontrol ediliyor: https://vidlax.xyz/embed/624f9134fa7a27d7
📄 Embed sayfa içeriği alındı, boyut: 39703 karakter
🎬 Video Başlığı: RIV4LRIES
📝 Video Açıklaması: 1.Sezon 7.Bölüm
🎯 Tam Başlık: RIV4LRIES - 1.Sezon 7.Bölüm
🎯 HEX DECODE - m3u8 bulundu: https://vidlax.xyz/upload/2f5a65aa146305c9ff566184176b17c5f35e/master.m3u8
      ✅ RIV4LRIES - 1.Sezon 7.Bölüm - 1 m3u8
   🔍 [8/14] Bölüm: https://diziyiizle2.com/riv4li/1-sezon-8-bolum/
📺 Embed URL bulundu: https://vidlax.xyz/embed/f1f3534b393f5b0b
🔍 Embed URL kontrol ediliyor: https://vidlax.xyz/embed/f1f3534b393f5b0b
📄 Embed sayfa içeriği alındı, boyut: 39703 karakter
🎬 Video Başlığı: RIV4LRIES
📝 Video Açıklaması: 1.Sezon 8.Bölüm
🎯 Tam Başlık: RIV4LRIES - 1.Sezon 8.Bölüm
🎯 HEX DECODE - m3u8 bulundu: https://vidlax.xyz/upload/0d5cf5ce61b247f59ac713a044f698e8fe30/master.m3u8
      ✅ RIV4LRIES - 1.Sezon 8.Bölüm - 1 m3u8
   🔍 [9/14] Bölüm: https://diziyiizle2.com/riv4li/1-sezon-9-bolum/
📺 Embed URL bulundu: https://vidlax.xyz/embed/42cf52ca2e8eeb20
🔍 Embed URL kontrol ediliyor: https://vidlax.xyz/embed/42cf52ca2e8eeb20
📄 Embed sayfa içeriği alındı, boyut: 39703 karakter
🎬 Video Başlığı: RIV4LRIES
📝 Video Açıklaması: 1.Sezon 9.Bölüm
🎯 Tam Başlık: RIV4LRIES - 1.Sezon 9.Bölüm
🎯 HEX DECODE - m3u8 bulundu: https://vidlax.xyz/upload/c4192b64e9a1a50b8eb9dd1fb5ba58c963a6/master.m3u8
      ✅ RIV4LRIES - 1.Sezon 9.Bölüm - 1 m3u8
   🔍 [10/14] Bölüm: https://diziyiizle2.com/riv4li/1-sezon-10-bolum/
📺 Embed URL bulundu: https://vidlax.xyz/embed/1ed2f498f3dbffe7
🔍 Embed URL kontrol ediliyor: https://vidlax.xyz/embed/1ed2f498f3dbffe7
📄 Embed sayfa içeriği alındı, boyut: 39704 karakter
🎬 Video Başlığı: RIV4LRIES
📝 Video Açıklaması: 1.Sezon 10.Bölüm
🎯 Tam Başlık: RIV4LRIES - 1.Sezon 10.Bölüm
🎯 HEX DECODE - m3u8 bulundu: https://vidlax.xyz/upload/8137e5f995ef9d1594fa8c175c1737fcf2f5/master.m3u8
      ✅ RIV4LRIES - 1.Sezon 10.Bölüm - 1 m3u8
   🔍 [11/14] Bölüm: https://diziyiizle2.com/riv4li/1-sezon-11-bolum/
📺 Embed URL bulundu: https://vidlax.xyz/embed/4134f4fc3a393d08
🔍 Embed URL kontrol ediliyor: https://vidlax.xyz/embed/4134f4fc3a393d08
📄 Embed sayfa içeriği alındı, boyut: 39704 karakter
🎬 Video Başlığı: RIV4LRIES
📝 Video Açıklaması: 1.Sezon 11.Bölüm
🎯 Tam Başlık: RIV4LRIES - 1.Sezon 11.Bölüm
🎯 HEX DECODE - m3u8 bulundu: https://vidlax.xyz/upload/7256e639650c203fd6417ab1dfa28253807b/master.m3u8
      ✅ RIV4LRIES - 1.Sezon 11.Bölüm - 1 m3u8
   🔍 [12/14] Bölüm: https://diziyiizle2.com/riv4li/1-sezon-12-bolum/
📺 Embed URL bulundu: https://vidlax.xyz/embed/1485bd272f027de0
🔍 Embed URL kontrol ediliyor: https://vidlax.xyz/embed/1485bd272f027de0
📄 Embed sayfa içeriği alındı, boyut: 39704 karakter
🎬 Video Başlığı: RIV4LRIES
📝 Video Açıklaması: 1.Sezon 12.Bölüm
🎯 Tam Başlık: RIV4LRIES - 1.Sezon 12.Bölüm
🎯 HEX DECODE - m3u8 bulundu: https://vidlax.xyz/upload/896f63fac4c9c317d3ff8dab763a49add850/master.m3u8
      ✅ RIV4LRIES - 1.Sezon 12.Bölüm - 1 m3u8
   🔍 [13/14] Bölüm: https://diziyiizle2.com/riv4li/1-sezon-13-bolum/
📺 Embed URL bulundu: https://vidlax.xyz/embed/897dea5b8189576b
🔍 Embed URL kontrol ediliyor: https://vidlax.xyz/embed/897dea5b8189576b
📄 Embed sayfa içeriği alındı, boyut: 39704 karakter
🎬 Video Başlığı: RIV4LRIES
📝 Video Açıklaması: 1.Sezon 13.Bölüm
🎯 Tam Başlık: RIV4LRIES - 1.Sezon 13.Bölüm
🎯 HEX DECODE - m3u8 bulundu: https://vidlax.xyz/upload/f02d9ceefcb2507adfe5977ab197dd7d8e59/master.m3u8
      ✅ RIV4LRIES - 1.Sezon 13.Bölüm - 1 m3u8
   🔍 [14/14] Bölüm: https://diziyiizle2.com/riv4li/1-sezon-14-bolum/
📺 Embed URL bulundu: https://vidlax.xyz/embed/24124876839ee5e4
🔍 Embed URL kontrol ediliyor: https://vidlax.xyz/embed/24124876839ee5e4
📄 Embed sayfa içeriği alındı, boyut: 39704 karakter
🎬 Video Başlığı: RIV4LRIES
📝 Video Açıklaması: 1.Sezon 14.Bölüm
🎯 Tam Başlık: RIV4LRIES - 1.Sezon 14.Bölüm
🎯 HEX DECODE - m3u8 bulundu: https://vidlax.xyz/upload/822c499a1955b256ee3e52eb9530690365c0/master.m3u8
      ✅ RIV4LRIES - 1.Sezon 14.Bölüm - 1 m3u8
      📁 Dizi playlist: playlists/riv4li_playlist.m3u
   ✅ Dizi tamamlandı: 14 m3u8 eklendi

============================================================
🎬 [55/56] İşleniyor: https://diziyiizle2.com/dizi/crime-scene-zero/
📺 Bölüm bulundu: 1. Sezon 1. BölümAltyazılı02.10.202579 dk. - https://diziyiizle2.com/crime-scene-zero/1-sezon-1-bolum/
📺 Bölüm bulundu: 1. Sezon 2. BölümAltyazılı02.10.202587 dk. - https://diziyiizle2.com/crime-scene-zero/1-sezon-2-bolum/
📺 Bölüm bulundu: 1. Sezon 3. BölümAltyazılı02.10.202578 dk. - https://diziyiizle2.com/crime-scene-zero/1-sezon-3-bolum/
📺 Bölüm bulundu: 1. Sezon 4. BölümAltyazılı02.10.202583 dk. - https://diziyiizle2.com/crime-scene-zero/1-sezon-4-bolum/
📺 Bölüm bulundu: 1. Sezon 5. BölümAltyazılı02.10.202582 dk. - https://diziyiizle2.com/crime-scene-zero/1-sezon-5-bolum/
📺 Bölüm bulundu: 1. Sezon 6. BölümDublaj02.10.202581 dk. - https://diziyiizle2.com/crime-scene-zero/1-sezon-6-bolum/
📺 Bölüm bulundu: 1. Sezon 7. BölümAltyazılı02.10.202584 dk. - https://diziyiizle2.com/crime-scene-zero/1-sezon-7-bolum/
📺 Bölüm bulundu: 1. Sezon 8. BölümAltyazılı02.10.202587 dk. - https://diziyiizle2.com/crime-scene-zero/1-sezon-8-bolum/
📺 Bölüm bulundu: 1. Sezon 9. BölümAltyazılı07.10.2025 - https://diziyiizle2.com/crime-scene-zero/1-sezon-9-bolum/
📺 Bölüm bulundu: 1. Sezon 10. BölümAltyazılı07.10.2025 - https://diziyiizle2.com/crime-scene-zero/1-sezon-10-bolum/

📊 Toplam 10 bölüm bulundu
   🔍 [1/10] Bölüm: https://diziyiizle2.com/crime-scene-zero/1-sezon-1-bolum/
📺 Embed URL bulundu: https://vidlax.xyz/embed/8b78efc7b4f4b117
🔍 Embed URL kontrol ediliyor: https://vidlax.xyz/embed/8b78efc7b4f4b117
📄 Embed sayfa içeriği alındı, boyut: 39541 karakter
🎬 Video Başlığı: Crime Scene Zero
📝 Video Açıklaması: 1.Sezon 1.Bölüm
🎯 Tam Başlık: Crime Scene Zero - 1.Sezon 1.Bölüm
🎯 HEX DECODE - m3u8 bulundu: https://vidlax.xyz/upload/92b865d9bd6f74ff79c1bec44142ca254ca0/master.m3u8
      ✅ Crime Scene Zero - 1.Sezon 1.Bölüm - 1 m3u8
   🔍 [2/10] Bölüm: https://diziyiizle2.com/crime-scene-zero/1-sezon-2-bolum/
📺 Embed URL bulundu: https://vidlax.xyz/embed/549b5fee03e13164
🔍 Embed URL kontrol ediliyor: https://vidlax.xyz/embed/549b5fee03e13164
📄 Embed sayfa içeriği alındı, boyut: 39541 karakter
🎬 Video Başlığı: Crime Scene Zero
📝 Video Açıklaması: 1.Sezon 2.Bölüm
🎯 Tam Başlık: Crime Scene Zero - 1.Sezon 2.Bölüm
🎯 HEX DECODE - m3u8 bulundu: https://vidlax.xyz/upload/21193ff21288bb5fe459666044f4c708fd2b/master.m3u8
      ✅ Crime Scene Zero - 1.Sezon 2.Bölüm - 1 m3u8
   🔍 [3/10] Bölüm: https://diziyiizle2.com/crime-scene-zero/1-sezon-3-bolum/
📺 Embed URL bulundu: https://vidlax.xyz/embed/b25f25a7d17c4342
🔍 Embed URL kontrol ediliyor: https://vidlax.xyz/embed/b25f25a7d17c4342
📄 Embed sayfa içeriği alındı, boyut: 39541 karakter
🎬 Video Başlığı: Crime Scene Zero
📝 Video Açıklaması: 1.Sezon 3.Bölüm
🎯 Tam Başlık: Crime Scene Zero - 1.Sezon 3.Bölüm
🎯 HEX DECODE - m3u8 bulundu: https://vidlax.xyz/upload/7036d1af8c1d566ba1c756817b74cee12e8b/master.m3u8
      ✅ Crime Scene Zero - 1.Sezon 3.Bölüm - 1 m3u8
   🔍 [4/10] Bölüm: https://diziyiizle2.com/crime-scene-zero/1-sezon-4-bolum/
📺 Embed URL bulundu: https://vidlax.xyz/embed/d8faa76be7b0de49
🔍 Embed URL kontrol ediliyor: https://vidlax.xyz/embed/d8faa76be7b0de49
📄 Embed sayfa içeriği alındı, boyut: 39541 karakter
🎬 Video Başlığı: Crime Scene Zero
📝 Video Açıklaması: 1.Sezon 4.Bölüm
🎯 Tam Başlık: Crime Scene Zero - 1.Sezon 4.Bölüm
🎯 HEX DECODE - m3u8 bulundu: https://vidlax.xyz/upload/88b88ff9cafd24f40f3a0af333c8cae9aeae/master.m3u8
      ✅ Crime Scene Zero - 1.Sezon 4.Bölüm - 1 m3u8
   🔍 [5/10] Bölüm: https://diziyiizle2.com/crime-scene-zero/1-sezon-5-bolum/
📺 Embed URL bulundu: https://vidlax.xyz/embed/4bafce15025f466f
🔍 Embed URL kontrol ediliyor: https://vidlax.xyz/embed/4bafce15025f466f
📄 Embed sayfa içeriği alındı, boyut: 39714 karakter
🎬 Video Başlığı: Crime Scene Zero
📝 Video Açıklaması: 1.Sezon 5.Bölüm
🎯 Tam Başlık: Crime Scene Zero - 1.Sezon 5.Bölüm
🎯 HEX DECODE - m3u8 bulundu: https://vidlax.xyz/upload/17456ee08299ef1a64c0d585bfb3fdbded2e/master.m3u8
      ✅ Crime Scene Zero - 1.Sezon 5.Bölüm - 1 m3u8
   🔍 [6/10] Bölüm: https://diziyiizle2.com/crime-scene-zero/1-sezon-6-bolum/
📺 Embed URL bulundu: https://vidlax.xyz/embed/7a1e7ca8a8198be0
🔍 Embed URL kontrol ediliyor: https://vidlax.xyz/embed/7a1e7ca8a8198be0
📄 Embed sayfa içeriği alındı, boyut: 39714 karakter
🎬 Video Başlığı: Crime Scene Zero
📝 Video Açıklaması: 1.Sezon 6.Bölüm
🎯 Tam Başlık: Crime Scene Zero - 1.Sezon 6.Bölüm
🎯 HEX DECODE - m3u8 bulundu: https://vidlax.xyz/upload/777e2137e2a0c29c5b980d152272c18fb920/master.m3u8
      ✅ Crime Scene Zero - 1.Sezon 6.Bölüm - 1 m3u8
   🔍 [7/10] Bölüm: https://diziyiizle2.com/crime-scene-zero/1-sezon-7-bolum/
📺 Embed URL bulundu: https://vidlax.xyz/embed/5c641f0f9b92be38
🔍 Embed URL kontrol ediliyor: https://vidlax.xyz/embed/5c641f0f9b92be38
📄 Embed sayfa içeriği alındı, boyut: 39714 karakter
🎬 Video Başlığı: Crime Scene Zero
📝 Video Açıklaması: 1.Sezon 7.Bölüm
🎯 Tam Başlık: Crime Scene Zero - 1.Sezon 7.Bölüm
🎯 HEX DECODE - m3u8 bulundu: https://vidlax.xyz/upload/c2f580676488dfd3969f1f5e659ee97741b0/master.m3u8
      ✅ Crime Scene Zero - 1.Sezon 7.Bölüm - 1 m3u8
   🔍 [8/10] Bölüm: https://diziyiizle2.com/crime-scene-zero/1-sezon-8-bolum/
📺 Embed URL bulundu: https://vidlax.xyz/embed/2428697b2dd3ccd2
🔍 Embed URL kontrol ediliyor: https://vidlax.xyz/embed/2428697b2dd3ccd2
📄 Embed sayfa içeriği alındı, boyut: 39714 karakter
🎬 Video Başlığı: Crime Scene Zero
📝 Video Açıklaması: 1.Sezon 8.Bölüm
🎯 Tam Başlık: Crime Scene Zero - 1.Sezon 8.Bölüm
🎯 HEX DECODE - m3u8 bulundu: https://vidlax.xyz/upload/b7592cf11747065d47d64e8c0e753a884b60/master.m3u8
      ✅ Crime Scene Zero - 1.Sezon 8.Bölüm - 1 m3u8
   🔍 [9/10] Bölüm: https://diziyiizle2.com/crime-scene-zero/1-sezon-9-bolum/
📺 Embed URL bulundu: https://vidlax.xyz/embed/1178f4746f05f786
🔍 Embed URL kontrol ediliyor: https://vidlax.xyz/embed/1178f4746f05f786
📄 Embed sayfa içeriği alındı, boyut: 39714 karakter
🎬 Video Başlığı: Crime Scene Zero
📝 Video Açıklaması: 1.Sezon 9.Bölüm
🎯 Tam Başlık: Crime Scene Zero - 1.Sezon 9.Bölüm
🎯 HEX DECODE - m3u8 bulundu: https://vidlax.xyz/upload/4bcb9dad1b53c4a23a19ac90e048233d5e60/master.m3u8
      ✅ Crime Scene Zero - 1.Sezon 9.Bölüm - 1 m3u8
   🔍 [10/10] Bölüm: https://diziyiizle2.com/crime-scene-zero/1-sezon-10-bolum/
📺 Embed URL bulundu: https://vidlax.xyz/embed/5f9175ac773390a2
🔍 Embed URL kontrol ediliyor: https://vidlax.xyz/embed/5f9175ac773390a2
📄 Embed sayfa içeriği alındı, boyut: 39715 karakter
🎬 Video Başlığı: Crime Scene Zero
📝 Video Açıklaması: 1.Sezon 10.Bölüm
🎯 Tam Başlık: Crime Scene Zero - 1.Sezon 10.Bölüm
🎯 HEX DECODE - m3u8 bulundu: https://vidlax.xyz/upload/5fbdd256f8ef8bb00950a3e8c9a3486bd5cb/master.m3u8
      ✅ Crime Scene Zero - 1.Sezon 10.Bölüm - 1 m3u8
      📁 Dizi playlist: playlists/crime_scene_zero_playlist.m3u
   ✅ Dizi tamamlandı: 10 m3u8 eklendi

============================================================
🎬 [56/56] İşleniyor: https://diziyiizle2.com/dizi/nightmares-of-nature/
📺 Bölüm bulundu: 1. Sezon 1. BölümAltyazılı02.10.202544 dk. - https://diziyiizle2.com/nightmares-of-nature/1-sezon-1-bolum/
📺 Bölüm bulundu: 1. Sezon 2. BölümAltyazılı02.10.202544 dk. - https://diziyiizle2.com/nightmares-of-nature/1-sezon-2-bolum/
📺 Bölüm bulundu: 1. Sezon 3. BölümAltyazılı02.10.202548 dk. - https://diziyiizle2.com/nightmares-of-nature/1-sezon-3-bolum/
📺 Bölüm bulundu: 2. Sezon 1. BölümAltyazılı02.10.2025 - https://diziyiizle2.com/nightmares-of-nature/2-sezon-1-bolum/

📊 Toplam 4 bölüm bulundu
   🔍 [1/4] Bölüm: https://diziyiizle2.com/nightmares-of-nature/1-sezon-1-bolum/
📺 Embed URL bulundu: https://vidlax.xyz/embed/4e55ba083633f56e
🔍 Embed URL kontrol ediliyor: https://vidlax.xyz/embed/4e55ba083633f56e
📄 Embed sayfa içeriği alındı, boyut: 39718 karakter
🎬 Video Başlığı: Nightmares of Nature
📝 Video Açıklaması: 1.Sezon 1.Bölüm
🎯 Tam Başlık: Nightmares of Nature - 1.Sezon 1.Bölüm
🎯 HEX DECODE - m3u8 bulundu: https://vidlax.xyz/upload/ae1f0ff95fa764827e2824b6c7bbf2878391/master.m3u8
      ✅ Nightmares of Nature - 1.Sezon 1.Bölüm - 1 m3u8
   🔍 [2/4] Bölüm: https://diziyiizle2.com/nightmares-of-nature/1-sezon-2-bolum/
📺 Embed URL bulundu: https://vidlax.xyz/embed/081aae704b0f82f6
🔍 Embed URL kontrol ediliyor: https://vidlax.xyz/embed/081aae704b0f82f6
📄 Embed sayfa içeriği alındı, boyut: 39718 karakter
🎬 Video Başlığı: Nightmares of Nature
📝 Video Açıklaması: 1.Sezon 2.Bölüm
🎯 Tam Başlık: Nightmares of Nature - 1.Sezon 2.Bölüm
🎯 HEX DECODE - m3u8 bulundu: https://vidlax.xyz/upload/c2dd5b6b41f860016f6ea520ef531706d629/master.m3u8
      ✅ Nightmares of Nature - 1.Sezon 2.Bölüm - 1 m3u8
   🔍 [3/4] Bölüm: https://diziyiizle2.com/nightmares-of-nature/1-sezon-3-bolum/
📺 Embed URL bulundu: https://vidlax.xyz/embed/84198d9cf8ebb239
🔍 Embed URL kontrol ediliyor: https://vidlax.xyz/embed/84198d9cf8ebb239
📄 Embed sayfa içeriği alındı, boyut: 39718 karakter
🎬 Video Başlığı: Nightmares of Nature
📝 Video Açıklaması: 1.Sezon 3.Bölüm
🎯 Tam Başlık: Nightmares of Nature - 1.Sezon 3.Bölüm
🎯 HEX DECODE - m3u8 bulundu: https://vidlax.xyz/upload/5b1d91fde803aad92ed4c29fe2cf703ada8b/master.m3u8
      ✅ Nightmares of Nature - 1.Sezon 3.Bölüm - 1 m3u8
   🔍 [4/4] Bölüm: https://diziyiizle2.com/nightmares-of-nature/2-sezon-1-bolum/

🔍 Vidlax direkt analizi: https://diziyiizle2.com/nightmares-of-nature/2-sezon-1-bolum/
📄 Sayfa içeriği alındı: 91332 karakter
❌ m3u8 URL'si bulunamadı
      ❌ m3u8 bulunamadı
      📁 Dizi playlist: playlists/nightmares_of_nature_playlist.m3u
   ✅ Dizi tamamlandı: 3 m3u8 eklendi

📁 Master playlist oluşturuldu: master_all_series_playlist.m3u

📁 Tüm diziler için master playlist oluşturuldu (705 item).
