Running atp/atp.py at 20251031T041224Z (UTC)
🚀 TÜM DİZİLERİN M3U8'LERİ TOPLANIYOR
⚡ FULL MODE: Tüm diziler işlenecek!
⏰ Bu işlem uzun sürebilir...
🌟 PROCESS ALL: https://diziyiizle.com/?post_type=series
📺 Dizi bulundu: https://diziyiizle2.com/dizi/
📺 Dizi bulundu: https://diziyiizle2.com/dizi/amsterdam-empire/
📺 Dizi bulundu: https://diziyiizle2.com/dizi/juan-gabriel-debo-puedo-y-quiero/
📺 Dizi bulundu: https://diziyiizle2.com/dizi/son-of-a-donkey/
📺 Dizi bulundu: https://diziyiizle2.com/dizi/ultimate-airport-dubai/
📺 Dizi bulundu: https://diziyiizle2.com/dizi/breeders/
📺 Dizi bulundu: https://diziyiizle2.com/dizi/yildizlarin-altinda/
📺 Dizi bulundu: https://diziyiizle2.com/dizi/memeliler/
📺 Dizi bulundu: https://diziyiizle2.com/dizi/kizlar-sahada/
📺 Dizi bulundu: https://diziyiizle2.com/dizi/ozel-iliskiler/
📺 Dizi bulundu: https://diziyiizle2.com/dizi/buyuk-iskender-nasil-buyuk-oldu/
📺 Dizi bulundu: https://diziyiizle2.com/dizi/disney-wisted-wonderland-the-animation/
📺 Dizi bulundu: https://diziyiizle2.com/dizi/rulers-of-fortune/
📺 Dizi bulundu: https://diziyiizle2.com/dizi/down-cemetery-road/
📺 Dizi bulundu: https://diziyiizle2.com/dizi/physical-asia/
📺 Dizi bulundu: https://diziyiizle2.com/dizi/legenden/
📺 Dizi bulundu: https://diziyiizle2.com/dizi/it-welcome-to-derry/
📺 Dizi bulundu: https://diziyiizle2.com/dizi/citadel-honey-bunny/
📺 Dizi bulundu: https://diziyiizle2.com/dizi/sheriff-country/
📺 Dizi bulundu: https://diziyiizle2.com/dizi/boston-blue/
📺 Dizi bulundu: https://diziyiizle2.com/dizi/the-kardashians/
📺 Dizi bulundu: https://diziyiizle2.com/dizi/sorgu/
📺 Dizi bulundu: https://diziyiizle2.com/dizi/shogun/
📺 Dizi bulundu: https://diziyiizle2.com/dizi/tom-clancyden-jack-ryan/
📺 Dizi bulundu: https://diziyiizle2.com/dizi/the-boys/
📺 Dizi bulundu: https://diziyiizle2.com/dizi/platform/
📺 Dizi bulundu: https://diziyiizle2.com/dizi/mahsun-j-12/
📺 Dizi bulundu: https://diziyiizle2.com/dizi/esref-ruya-9/
📺 Dizi bulundu: https://diziyiizle2.com/dizi/gibi/
📺 Dizi bulundu: https://diziyiizle2.com/dizi/var-bunlar-izle-14/
📺 Dizi bulundu: https://diziyiizle2.com/dizi/prens-izle-4/
📺 Dizi bulundu (sayfa): https://diziyiizle2.com/dizi/dugum/
📺 Dizi bulundu (sayfa): https://diziyiizle2.com/dizi/9-1-1-nashville/
📺 Dizi bulundu (sayfa): https://diziyiizle2.com/dizi/kayip-kizlar-long-island-seri-katili/
📺 Dizi bulundu (sayfa): https://diziyiizle2.com/dizi/en-guclu-100/
📺 Dizi bulundu (sayfa): https://diziyiizle2.com/dizi/mob-war-philadelphia-vs-the-mafia/
📺 Dizi bulundu (sayfa): https://diziyiizle2.com/dizi/harlan-cobens-lazarus/
📺 Dizi bulundu (sayfa): https://diziyiizle2.com/dizi/il-mostro/
📺 Dizi bulundu (sayfa): https://diziyiizle2.com/dizi/the-forsytes/
📺 Dizi bulundu (sayfa): https://diziyiizle2.com/dizi/anne-rices-talamasca-the-secret-order/
📺 Dizi bulundu (sayfa): https://diziyiizle2.com/dizi/the-ridge/
📺 Dizi bulundu (sayfa): https://diziyiizle2.com/dizi/dexter/
📺 Dizi bulundu (sayfa): https://diziyiizle2.com/dizi/mr-scorsese/
📺 Dizi bulundu (sayfa): https://diziyiizle2.com/dizi/ilk-bes/
📺 Dizi bulundu (sayfa): https://diziyiizle2.com/dizi/to-cook-a-bear/
📺 Dizi bulundu (sayfa): https://diziyiizle2.com/dizi/murdaugh-death-in-the-family/
📺 Dizi bulundu (sayfa): https://diziyiizle2.com/dizi/gittigimizi-kimse-gormedi/
📺 Dizi bulundu (sayfa): https://diziyiizle2.com/dizi/loot/
📺 Dizi bulundu (sayfa): https://diziyiizle2.com/dizi/dmv/
📺 Dizi bulundu (sayfa): https://diziyiizle2.com/dizi/bad-thoughts/
📺 Dizi bulundu (sayfa): https://diziyiizle2.com/dizi/ozluyorum-seni/
📺 Dizi bulundu (sayfa): https://diziyiizle2.com/dizi/splinter-cell-deathwatch/
📺 Dizi bulundu (sayfa): https://diziyiizle2.com/dizi/typhoon-family/
📺 Dizi bulundu (sayfa): https://diziyiizle2.com/dizi/the-chair-company/
📺 Dizi bulundu (sayfa): https://diziyiizle2.com/dizi/gumruk-muhafaza-turkiye/
📺 Dizi bulundu (sayfa): https://diziyiizle2.com/dizi/muhafizlar-gizli-proje/

📊 Toplam 56 dizi bulundu

============================================================
🎬 [1/56] İşleniyor: https://diziyiizle2.com/dizi/
📺 Bölüm bulundu: Mahsun J2.Sezon 13.BölümDual - https://diziyiizle2.com/mahsun-j-13/2-sezon-13-bolum/
📺 Bölüm bulundu: Muhafızlar: Gizli Proje1.Sezon 6.BölümDual - https://diziyiizle2.com/muhafizlar-gizli-proje/1-sezon-6-bolum/
📺 Bölüm bulundu: Amsterdam Empire1.Sezon 1.BölümDublaj - https://diziyiizle2.com/amsterdam-empire/1-sezon-1-bolum/
📺 Bölüm bulundu: Juan Gabriel: Debo, puedo y quiero1.Sezon 1.BölümAltyazılı - https://diziyiizle2.com/juan-gabriel-debo-puedo-y-quiero/1-sezon-1-bolum/
📺 Bölüm bulundu: Son of a Donkey1.Sezon 1.BölümAltyazılı - https://diziyiizle2.com/son-of-a-donkey/1-sezon-1-bolum/
📺 Bölüm bulundu: The Witcher4.Sezon 1.BölümDublaj - https://diziyiizle2.com/the-witcher/4-sezon-1-bolum/
📺 Bölüm bulundu: Eşref Rüya2.Sezon 7.BölümAltyazılı - https://diziyiizle2.com/esref-ruya-11/2-sezon-7-bolum/
📺 Bölüm bulundu: Star Wars: Visions3.Sezon 1.BölümAltyazılı - https://diziyiizle2.com/star-wars-visions/3-sezon-1-bolum/
📺 Bölüm bulundu: Disney Twisted-Wonderland the Animation1.Sezon 1.BölümAltyazılı - https://diziyiizle2.com/disney-wisted-wonderland-the-animation/1-sezon-1-bolum/
📺 Bölüm bulundu: Rulers of Fortune1.Sezon 8.BölümDublaj - https://diziyiizle2.com/rulers-of-fortune/1-sezon-8-bolum/
📺 Bölüm bulundu: Rulers of Fortune1.Sezon 1.BölümDublaj - https://diziyiizle2.com/rulers-of-fortune/1-sezon-1-bolum/
📺 Bölüm bulundu: Down Cemetery Road1.Sezon 2.BölümAltyazılı - https://diziyiizle2.com/down-cemetery-road/1-sezon-2-bolum/

📊 Toplam 12 bölüm bulundu
   🔍 [1/12] Bölüm: https://diziyiizle2.com/mahsun-j-13/2-sezon-13-bolum/
📺 Embed URL bulundu: https://vidlax1.xyz/embed/af888cc5f914817b
🔍 Embed URL kontrol ediliyor: https://vidlax1.xyz/embed/af888cc5f914817b
📄 Embed sayfa içeriği alındı, boyut: 39658 karakter
🎬 Video Başlığı: Mahsun J 
📝 Video Açıklaması: 2.Sezon 13.Bölüm
🎯 Tam Başlık: Mahsun J  - 2.Sezon 13.Bölüm
🎯 HEX DECODE - m3u8 bulundu: https://vidlax.xyz/upload/55b8af8748a1e44f89fc4ddef82d2a67f4d9/master.m3u8
      ✅ Mahsun J  - 2.Sezon 13.Bölüm - 1 m3u8
   🔍 [2/12] Bölüm: https://diziyiizle2.com/muhafizlar-gizli-proje/1-sezon-6-bolum/
📺 Embed URL bulundu: https://vidlax1.xyz/embed/f79327234671efa2
🔍 Embed URL kontrol ediliyor: https://vidlax1.xyz/embed/f79327234671efa2
📄 Embed sayfa içeriği alındı, boyut: 39788 karakter
🎬 Video Başlığı: The Sentinels
📝 Video Açıklaması: 1.Sezon 6.Bölüm
🎯 Tam Başlık: The Sentinels - 1.Sezon 6.Bölüm
🎯 HEX DECODE - m3u8 bulundu: https://vidlax.xyz/upload/9cf3678ff5561c0b6fcb08f26a1be6f46938/master.m3u8
      ✅ The Sentinels - 1.Sezon 6.Bölüm - 1 m3u8
   🔍 [3/12] Bölüm: https://diziyiizle2.com/amsterdam-empire/1-sezon-1-bolum/
📺 Embed URL bulundu: https://vidlax1.xyz/embed/e698ddd8d04cbba5
🔍 Embed URL kontrol ediliyor: https://vidlax1.xyz/embed/e698ddd8d04cbba5
📄 Embed sayfa içeriği alındı, boyut: 42762 karakter
🎬 Video Başlığı: Amsterdam Empire
📝 Video Açıklaması: 1.Sezon 1.Bölüm
🎯 Tam Başlık: Amsterdam Empire - 1.Sezon 1.Bölüm
🎯 HEX DECODE - m3u8 bulundu: https://vidlax.xyz/upload/ffa011912a94197fe026f88e0ccc803518d5/master.m3u8
      ✅ Amsterdam Empire - 1.Sezon 1.Bölüm - 1 m3u8
   🔍 [4/12] Bölüm: https://diziyiizle2.com/juan-gabriel-debo-puedo-y-quiero/1-sezon-1-bolum/

🔍 Vidlax direkt analizi: https://diziyiizle2.com/juan-gabriel-debo-puedo-y-quiero/1-sezon-1-bolum/
📄 Sayfa içeriği alındı: 55726 karakter
❌ m3u8 URL'si bulunamadı
      ❌ m3u8 bulunamadı
   🔍 [5/12] Bölüm: https://diziyiizle2.com/son-of-a-donkey/1-sezon-1-bolum/
📺 Embed URL bulundu: https://vidlax1.xyz/embed/159f1fcb9931fe72
🔍 Embed URL kontrol ediliyor: https://vidlax1.xyz/embed/159f1fcb9931fe72
📄 Embed sayfa içeriği alındı, boyut: 42412 karakter
🎬 Video Başlığı: Son of a Donkey
📝 Video Açıklaması: 1.Sezon 1.Bölüm
🎯 Tam Başlık: Son of a Donkey - 1.Sezon 1.Bölüm
🎯 HEX DECODE - m3u8 bulundu: https://vidlax.xyz/upload/ad51e387ab43cce85d8d72f9962db93acd6c/master.m3u8
      ✅ Son of a Donkey - 1.Sezon 1.Bölüm - 1 m3u8
   🔍 [6/12] Bölüm: https://diziyiizle2.com/the-witcher/4-sezon-1-bolum/
📺 Embed URL bulundu: https://vidlax1.xyz/embed/9d4dd354d00ef2f4
🔍 Embed URL kontrol ediliyor: https://vidlax1.xyz/embed/9d4dd354d00ef2f4
📄 Embed sayfa içeriği alındı, boyut: 43425 karakter
🎬 Video Başlığı: The Witcher
📝 Video Açıklaması: 4.Sezon 1.Bölüm
🎯 Tam Başlık: The Witcher - 4.Sezon 1.Bölüm
🎯 HEX DECODE - m3u8 bulundu: https://vidlax.xyz/upload/b5aa294ed294198b0e1478210b1c6cef0acf/master.m3u8
      ✅ The Witcher - 4.Sezon 1.Bölüm - 1 m3u8
   🔍 [7/12] Bölüm: https://diziyiizle2.com/esref-ruya-11/2-sezon-7-bolum/
📺 Embed URL bulundu: https://vidlax1.xyz/embed/e010f0ef3d5daa2c
🔍 Embed URL kontrol ediliyor: https://vidlax1.xyz/embed/e010f0ef3d5daa2c
📄 Embed sayfa içeriği alındı, boyut: 39478 karakter
🎬 Video Başlığı: Eşref Rüya
📝 Video Açıklaması: 20.Bölüm
🎯 Tam Başlık: Eşref Rüya - 20.Bölüm
🎯 HEX DECODE - m3u8 bulundu: https://vidlax.xyz/upload/4b35acaf14a5015c2e8659fbda0436192371/master.m3u8
      ✅ Eşref Rüya - 20.Bölüm - 1 m3u8
   🔍 [8/12] Bölüm: https://diziyiizle2.com/star-wars-visions/3-sezon-1-bolum/
📺 Embed URL bulundu: https://vidlax1.xyz/embed/0e95326faa4b64e4
🔍 Embed URL kontrol ediliyor: https://vidlax1.xyz/embed/0e95326faa4b64e4
📄 Embed sayfa içeriği alındı, boyut: 41736 karakter
🎬 Video Başlığı: Star Wars: Visions
📝 Video Açıklaması: 3.Sezon 1.Bölüm
🎯 Tam Başlık: Star Wars: Visions - 3.Sezon 1.Bölüm
🎯 HEX DECODE - m3u8 bulundu: https://vidlax.xyz/upload/9ca77ae8ec523799e006b6d20039bf8e66e9/master.m3u8
      ✅ Star Wars: Visions - 3.Sezon 1.Bölüm - 1 m3u8
   🔍 [9/12] Bölüm: https://diziyiizle2.com/disney-wisted-wonderland-the-animation/1-sezon-1-bolum/
📺 Embed URL bulundu: https://vidlax1.xyz/embed/80a5e729d6c1956c
🔍 Embed URL kontrol ediliyor: https://vidlax1.xyz/embed/80a5e729d6c1956c
📄 Embed sayfa içeriği alındı, boyut: 41567 karakter
🎬 Video Başlığı: Disney Twisted-Wonderland the Animation
📝 Video Açıklaması: 1.Sezon 1.Bölüm
🎯 Tam Başlık: Disney Twisted-Wonderland the Animation - 1.Sezon 1.Bölüm
🎯 HEX DECODE - m3u8 bulundu: https://vidlax.xyz/upload/6295274d649d4f969b1c4e2c57bf9a3c71be/master.m3u8
      ✅ Disney Twisted-Wonderland the Animation - 1.Sezon 1.Bölüm - 1 m3u8
   🔍 [10/12] Bölüm: https://diziyiizle2.com/rulers-of-fortune/1-sezon-8-bolum/
📺 Embed URL bulundu: https://vidlax1.xyz/embed/06b222760a4ec490
🔍 Embed URL kontrol ediliyor: https://vidlax1.xyz/embed/06b222760a4ec490
📄 Embed sayfa içeriği alındı, boyut: 42394 karakter
🎬 Video Başlığı: Rulers of Fortune
📝 Video Açıklaması: 1.Sezon 8.Bölüm
🎯 Tam Başlık: Rulers of Fortune - 1.Sezon 8.Bölüm
🎯 HEX DECODE - m3u8 bulundu: https://vidlax.xyz/upload/e81b36f19a082a7cb74c885c81830102981c/master.m3u8
      ✅ Rulers of Fortune - 1.Sezon 8.Bölüm - 1 m3u8
   🔍 [11/12] Bölüm: https://diziyiizle2.com/rulers-of-fortune/1-sezon-1-bolum/
📺 Embed URL bulundu: https://vidlax1.xyz/embed/d4a674e365dabd87
🔍 Embed URL kontrol ediliyor: https://vidlax1.xyz/embed/d4a674e365dabd87
📄 Embed sayfa içeriği alındı, boyut: 42755 karakter
🎬 Video Başlığı: Rulers of Fortune
📝 Video Açıklaması: 1.Sezon 1.Bölüm
🎯 Tam Başlık: Rulers of Fortune - 1.Sezon 1.Bölüm
🎯 HEX DECODE - m3u8 bulundu: https://vidlax.xyz/upload/5cdb3caf3f342c13535326513e9ab90dc93d/master.m3u8
      ✅ Rulers of Fortune - 1.Sezon 1.Bölüm - 1 m3u8
   🔍 [12/12] Bölüm: https://diziyiizle2.com/down-cemetery-road/1-sezon-2-bolum/
📺 Embed URL bulundu: https://vidlax1.xyz/embed/17bb870d41545eea
🔍 Embed URL kontrol ediliyor: https://vidlax1.xyz/embed/17bb870d41545eea
📄 Embed sayfa içeriği alındı, boyut: 42756 karakter
🎬 Video Başlığı: Down Cemetery Road
📝 Video Açıklaması: 1.Sezon 2.Bölüm
🎯 Tam Başlık: Down Cemetery Road - 1.Sezon 2.Bölüm
🎯 HEX DECODE - m3u8 bulundu: https://vidlax.xyz/upload/f2ff3a490ba36710f448d6e95a70ff88405b/master.m3u8
      ✅ Down Cemetery Road - 1.Sezon 2.Bölüm - 1 m3u8
      📁 Dizi playlist: playlists/dizi_playlist.m3u
   ✅ Dizi tamamlandı: 11 m3u8 eklendi

============================================================
🎬 [2/56] İşleniyor: https://diziyiizle2.com/dizi/amsterdam-empire/
📺 Bölüm bulundu: 1. Sezon 1. BölümDublaj30.10.2025 - https://diziyiizle2.com/amsterdam-empire/1-sezon-1-bolum/
📺 Bölüm bulundu: 1. Sezon 2. BölümDublaj30.10.2025 - https://diziyiizle2.com/amsterdam-empire/1-sezon-2-bolum/
📺 Bölüm bulundu: 1. Sezon 3. BölümDublaj30.10.2025 - https://diziyiizle2.com/amsterdam-empire/1-sezon-3-bolum/
📺 Bölüm bulundu: 1. Sezon 4. BölümDublaj30.10.2025 - https://diziyiizle2.com/amsterdam-empire/1-sezon-4-bolum/
📺 Bölüm bulundu: 1. Sezon 5. BölümDublaj30.10.2025 - https://diziyiizle2.com/amsterdam-empire/1-sezon-5-bolum/
📺 Bölüm bulundu: 1. Sezon 6. BölümDublaj30.10.2025 - https://diziyiizle2.com/amsterdam-empire/1-sezon-6-bolum/
📺 Bölüm bulundu: 1. Sezon 7. BölümDublaj30.10.2025 - https://diziyiizle2.com/amsterdam-empire/1-sezon-7-bolum/

📊 Toplam 7 bölüm bulundu
   🔍 [1/7] Bölüm: https://diziyiizle2.com/amsterdam-empire/1-sezon-1-bolum/
📺 Embed URL bulundu: https://vidlax1.xyz/embed/e698ddd8d04cbba5
🔍 Embed URL kontrol ediliyor: https://vidlax1.xyz/embed/e698ddd8d04cbba5
📄 Embed sayfa içeriği alındı, boyut: 42762 karakter
🎬 Video Başlığı: Amsterdam Empire
📝 Video Açıklaması: 1.Sezon 1.Bölüm
🎯 Tam Başlık: Amsterdam Empire - 1.Sezon 1.Bölüm
🎯 HEX DECODE - m3u8 bulundu: https://vidlax.xyz/upload/ffa011912a94197fe026f88e0ccc803518d5/master.m3u8
      ✅ Amsterdam Empire - 1.Sezon 1.Bölüm - 1 m3u8
   🔍 [2/7] Bölüm: https://diziyiizle2.com/amsterdam-empire/1-sezon-2-bolum/
📺 Embed URL bulundu: https://vidlax1.xyz/embed/e843530f40abea86
🔍 Embed URL kontrol ediliyor: https://vidlax1.xyz/embed/e843530f40abea86
📄 Embed sayfa içeriği alındı, boyut: 42936 karakter
🎬 Video Başlığı: Amsterdam Empire
📝 Video Açıklaması: 1.Sezon 2.Bölüm
🎯 Tam Başlık: Amsterdam Empire - 1.Sezon 2.Bölüm
🎯 HEX DECODE - m3u8 bulundu: https://vidlax.xyz/upload/4acd2869bd56a55a314131fdae66dcdc9c80/master.m3u8
      ✅ Amsterdam Empire - 1.Sezon 2.Bölüm - 1 m3u8
   🔍 [3/7] Bölüm: https://diziyiizle2.com/amsterdam-empire/1-sezon-3-bolum/
📺 Embed URL bulundu: https://vidlax1.xyz/embed/ebe182c182b3ae0b
🔍 Embed URL kontrol ediliyor: https://vidlax1.xyz/embed/ebe182c182b3ae0b
📄 Embed sayfa içeriği alındı, boyut: 42762 karakter
🎬 Video Başlığı: Amsterdam Empire
📝 Video Açıklaması: 1.Sezon 3.Bölüm
🎯 Tam Başlık: Amsterdam Empire - 1.Sezon 3.Bölüm
🎯 HEX DECODE - m3u8 bulundu: https://vidlax.xyz/upload/8fd38bccedfc2d364dd3255c1726274174f8/master.m3u8
      ✅ Amsterdam Empire - 1.Sezon 3.Bölüm - 1 m3u8
   🔍 [4/7] Bölüm: https://diziyiizle2.com/amsterdam-empire/1-sezon-4-bolum/
📺 Embed URL bulundu: https://vidlax1.xyz/embed/bd55e05c953c4976
🔍 Embed URL kontrol ediliyor: https://vidlax1.xyz/embed/bd55e05c953c4976
📄 Embed sayfa içeriği alındı, boyut: 42762 karakter
🎬 Video Başlığı: Amsterdam Empire
📝 Video Açıklaması: 1.Sezon 4.Bölüm
🎯 Tam Başlık: Amsterdam Empire - 1.Sezon 4.Bölüm
🎯 HEX DECODE - m3u8 bulundu: https://vidlax.xyz/upload/a0351cae6c377ba4c9ab669c5e7e0f80aa73/master.m3u8
      ✅ Amsterdam Empire - 1.Sezon 4.Bölüm - 1 m3u8
   🔍 [5/7] Bölüm: https://diziyiizle2.com/amsterdam-empire/1-sezon-5-bolum/
📺 Embed URL bulundu: https://vidlax1.xyz/embed/588e4959444c3819
🔍 Embed URL kontrol ediliyor: https://vidlax1.xyz/embed/588e4959444c3819
📄 Embed sayfa içeriği alındı, boyut: 42752 karakter
🎬 Video Başlığı: Amsterdam Empire
📝 Video Açıklaması: 1.Sezon 5.Bölüm
🎯 Tam Başlık: Amsterdam Empire - 1.Sezon 5.Bölüm
🎯 HEX DECODE - m3u8 bulundu: https://vidlax.xyz/upload/d4f2ca256417eef1b0038a20e412564b15de/master.m3u8
      ✅ Amsterdam Empire - 1.Sezon 5.Bölüm - 1 m3u8
   🔍 [6/7] Bölüm: https://diziyiizle2.com/amsterdam-empire/1-sezon-6-bolum/
📺 Embed URL bulundu: https://vidlax1.xyz/embed/af64396549c1c067
🔍 Embed URL kontrol ediliyor: https://vidlax1.xyz/embed/af64396549c1c067
📄 Embed sayfa içeriği alındı, boyut: 42762 karakter
🎬 Video Başlığı: Amsterdam Empire
📝 Video Açıklaması: 1.Sezon 6.Bölüm
🎯 Tam Başlık: Amsterdam Empire - 1.Sezon 6.Bölüm
🎯 HEX DECODE - m3u8 bulundu: https://vidlax.xyz/upload/e9b5e7693758998617316702a7612ab307b5/master.m3u8
      ✅ Amsterdam Empire - 1.Sezon 6.Bölüm - 1 m3u8
   🔍 [7/7] Bölüm: https://diziyiizle2.com/amsterdam-empire/1-sezon-7-bolum/
📺 Embed URL bulundu: https://vidlax1.xyz/embed/cba100af9ee9abb6
🔍 Embed URL kontrol ediliyor: https://vidlax1.xyz/embed/cba100af9ee9abb6
📄 Embed sayfa içeriği alındı, boyut: 42591 karakter
🎬 Video Başlığı: Amsterdam Empire
📝 Video Açıklaması: 1.Sezon 7.Bölüm
🎯 Tam Başlık: Amsterdam Empire - 1.Sezon 7.Bölüm
🎯 HEX DECODE - m3u8 bulundu: https://vidlax.xyz/upload/cc3b9cba753e21c92926f06534d3d661e171/master.m3u8
      ✅ Amsterdam Empire - 1.Sezon 7.Bölüm - 1 m3u8
      📁 Dizi playlist: playlists/amsterdam_empire_playlist.m3u
   ✅ Dizi tamamlandı: 7 m3u8 eklendi

============================================================
🎬 [3/56] İşleniyor: https://diziyiizle2.com/dizi/juan-gabriel-debo-puedo-y-quiero/
📺 Bölüm bulundu: 1. Sezon 1. BölümAltyazılı30.10.2025 - https://diziyiizle2.com/juan-gabriel-debo-puedo-y-quiero/1-sezon-1-bolum/
📺 Bölüm bulundu: 1. Sezon 2. BölümAltyazılı30.10.2025 - https://diziyiizle2.com/juan-gabriel-debo-puedo-y-quiero/1-sezon-2-bolum/
📺 Bölüm bulundu: 1. Sezon 3. BölümAltyazılı30.10.2025 - https://diziyiizle2.com/juan-gabriel-debo-puedo-y-quiero/1-sezon-3-bolum/
📺 Bölüm bulundu: 1. Sezon 4. BölümAltyazılı30.10.2025 - https://diziyiizle2.com/juan-gabriel-debo-puedo-y-quiero/1-sezon-4-bolum/

📊 Toplam 4 bölüm bulundu
   🔍 [1/4] Bölüm: https://diziyiizle2.com/juan-gabriel-debo-puedo-y-quiero/1-sezon-1-bolum/

🔍 Vidlax direkt analizi: https://diziyiizle2.com/juan-gabriel-debo-puedo-y-quiero/1-sezon-1-bolum/
📄 Sayfa içeriği alındı: 55726 karakter
❌ m3u8 URL'si bulunamadı
      ❌ m3u8 bulunamadı
   🔍 [2/4] Bölüm: https://diziyiizle2.com/juan-gabriel-debo-puedo-y-quiero/1-sezon-2-bolum/

🔍 Vidlax direkt analizi: https://diziyiizle2.com/juan-gabriel-debo-puedo-y-quiero/1-sezon-2-bolum/
📄 Sayfa içeriği alındı: 55796 karakter
❌ m3u8 URL'si bulunamadı
      ❌ m3u8 bulunamadı
   🔍 [3/4] Bölüm: https://diziyiizle2.com/juan-gabriel-debo-puedo-y-quiero/1-sezon-3-bolum/

🔍 Vidlax direkt analizi: https://diziyiizle2.com/juan-gabriel-debo-puedo-y-quiero/1-sezon-3-bolum/
📄 Sayfa içeriği alındı: 55796 karakter
❌ m3u8 URL'si bulunamadı
      ❌ m3u8 bulunamadı
   🔍 [4/4] Bölüm: https://diziyiizle2.com/juan-gabriel-debo-puedo-y-quiero/1-sezon-4-bolum/

🔍 Vidlax direkt analizi: https://diziyiizle2.com/juan-gabriel-debo-puedo-y-quiero/1-sezon-4-bolum/
📄 Sayfa içeriği alındı: 55797 karakter
❌ m3u8 URL'si bulunamadı
      ❌ m3u8 bulunamadı
   ❌ Bu dizi için hiç m3u8 bulunamadı

============================================================
🎬 [4/56] İşleniyor: https://diziyiizle2.com/dizi/son-of-a-donkey/
📺 Bölüm bulundu: 1. Sezon 1. BölümAltyazılı30.10.2025 - https://diziyiizle2.com/son-of-a-donkey/1-sezon-1-bolum/
📺 Bölüm bulundu: 1. Sezon 2. BölümAltyazılı30.10.2025 - https://diziyiizle2.com/son-of-a-donkey/1-sezon-2-bolum/
📺 Bölüm bulundu: 1. Sezon 3. BölümAltyazılı30.10.2025 - https://diziyiizle2.com/son-of-a-donkey/1-sezon-3-bolum/
📺 Bölüm bulundu: 1. Sezon 4. BölümAltyazılı30.10.2025 - https://diziyiizle2.com/son-of-a-donkey/1-sezon-4-bolum/
📺 Bölüm bulundu: 1. Sezon 5. BölümAltyazılı30.10.2025 - https://diziyiizle2.com/son-of-a-donkey/1-sezon-5-bolum/
📺 Bölüm bulundu: 1. Sezon 6. BölümAltyazılı30.10.2025 - https://diziyiizle2.com/son-of-a-donkey/1-sezon-6-bolum/

📊 Toplam 6 bölüm bulundu
   🔍 [1/6] Bölüm: https://diziyiizle2.com/son-of-a-donkey/1-sezon-1-bolum/
📺 Embed URL bulundu: https://vidlax1.xyz/embed/159f1fcb9931fe72
🔍 Embed URL kontrol ediliyor: https://vidlax1.xyz/embed/159f1fcb9931fe72
📄 Embed sayfa içeriği alındı, boyut: 42412 karakter
🎬 Video Başlığı: Son of a Donkey
📝 Video Açıklaması: 1.Sezon 1.Bölüm
🎯 Tam Başlık: Son of a Donkey - 1.Sezon 1.Bölüm
🎯 HEX DECODE - m3u8 bulundu: https://vidlax.xyz/upload/ad51e387ab43cce85d8d72f9962db93acd6c/master.m3u8
      ✅ Son of a Donkey - 1.Sezon 1.Bölüm - 1 m3u8
   🔍 [2/6] Bölüm: https://diziyiizle2.com/son-of-a-donkey/1-sezon-2-bolum/

🔍 Vidlax direkt analizi: https://diziyiizle2.com/son-of-a-donkey/1-sezon-2-bolum/
📄 Sayfa içeriği alındı: 57883 karakter
❌ m3u8 URL'si bulunamadı
      ❌ m3u8 bulunamadı
   🔍 [3/6] Bölüm: https://diziyiizle2.com/son-of-a-donkey/1-sezon-3-bolum/
📺 Embed URL bulundu: https://vidlax1.xyz/embed/dca33b00d13b5370
🔍 Embed URL kontrol ediliyor: https://vidlax1.xyz/embed/dca33b00d13b5370
📄 Embed sayfa içeriği alındı, boyut: 42370 karakter
🎬 Video Başlığı: Son of a Donkey
📝 Video Açıklaması: 1.Sezon 3.Bölüm
🎯 Tam Başlık: Son of a Donkey - 1.Sezon 3.Bölüm
🎯 HEX DECODE - m3u8 bulundu: https://vidlax.xyz/upload/46328e5f3c9200435940e310f5aababb9977/master.m3u8
      ✅ Son of a Donkey - 1.Sezon 3.Bölüm - 1 m3u8
   🔍 [4/6] Bölüm: https://diziyiizle2.com/son-of-a-donkey/1-sezon-4-bolum/
📺 Embed URL bulundu: https://vidlax1.xyz/embed/e1c81d63877a7e81
🔍 Embed URL kontrol ediliyor: https://vidlax1.xyz/embed/e1c81d63877a7e81
📄 Embed sayfa içeriği alındı, boyut: 42587 karakter
🎬 Video Başlığı: Son of a Donkey
📝 Video Açıklaması: 1.Sezon 4.Bölüm
🎯 Tam Başlık: Son of a Donkey - 1.Sezon 4.Bölüm
🎯 HEX DECODE - m3u8 bulundu: https://vidlax.xyz/upload/a667241fb4959c4be58e8588b612c422c48b/master.m3u8
      ✅ Son of a Donkey - 1.Sezon 4.Bölüm - 1 m3u8
   🔍 [5/6] Bölüm: https://diziyiizle2.com/son-of-a-donkey/1-sezon-5-bolum/
📺 Embed URL bulundu: https://vidlax1.xyz/embed/5be5ba79040ee862
🔍 Embed URL kontrol ediliyor: https://vidlax1.xyz/embed/5be5ba79040ee862
📄 Embed sayfa içeriği alındı, boyut: 42587 karakter
🎬 Video Başlığı: Son of a Donkey
📝 Video Açıklaması: 1.Sezon 5.Bölüm
🎯 Tam Başlık: Son of a Donkey - 1.Sezon 5.Bölüm
🎯 HEX DECODE - m3u8 bulundu: https://vidlax.xyz/upload/91e9dd0973247134a7ea1d56f7782af5b2ad/master.m3u8
      ✅ Son of a Donkey - 1.Sezon 5.Bölüm - 1 m3u8
   🔍 [6/6] Bölüm: https://diziyiizle2.com/son-of-a-donkey/1-sezon-6-bolum/
📺 Embed URL bulundu: https://vidlax1.xyz/embed/a091ee63eaadaffc
🔍 Embed URL kontrol ediliyor: https://vidlax1.xyz/embed/a091ee63eaadaffc
📄 Embed sayfa içeriği alındı, boyut: 42587 karakter
🎬 Video Başlığı: Son of a Donkey
📝 Video Açıklaması: 1.Sezon 6.Bölüm
🎯 Tam Başlık: Son of a Donkey - 1.Sezon 6.Bölüm
🎯 HEX DECODE - m3u8 bulundu: https://vidlax.xyz/upload/37153d3372dbc11aade0a17dd214768bfbb6/master.m3u8
      ✅ Son of a Donkey - 1.Sezon 6.Bölüm - 1 m3u8
      📁 Dizi playlist: playlists/son_of_a_donkey_playlist.m3u
   ✅ Dizi tamamlandı: 5 m3u8 eklendi

============================================================
🎬 [5/56] İşleniyor: https://diziyiizle2.com/dizi/ultimate-airport-dubai/
📺 Bölüm bulundu: 1. Sezon 1. BölümDublaj30.10.202546 dk. - https://diziyiizle2.com/ultimate-airport-dubai/1-sezon-1-bolum/
📺 Bölüm bulundu: 1. Sezon 2. BölümDublaj30.10.202546 dk. - https://diziyiizle2.com/ultimate-airport-dubai/1-sezon-2-bolum/
📺 Bölüm bulundu: 1. Sezon 3. BölümDublaj30.10.202546 dk. - https://diziyiizle2.com/ultimate-airport-dubai/1-sezon-3-bolum/
📺 Bölüm bulundu: 1. Sezon 4. BölümDublaj30.10.202546 dk. - https://diziyiizle2.com/ultimate-airport-dubai/1-sezon-4-bolum/
📺 Bölüm bulundu: 1. Sezon 5. BölümDublaj30.10.202546 dk. - https://diziyiizle2.com/ultimate-airport-dubai/1-sezon-5-bolum/
📺 Bölüm bulundu: 1. Sezon 6. BölümDublaj30.10.202546 dk. - https://diziyiizle2.com/ultimate-airport-dubai/1-sezon-6-bolum/
📺 Bölüm bulundu: 1. Sezon 7. BölümDublaj30.10.202546 dk. - https://diziyiizle2.com/ultimate-airport-dubai/1-sezon-7-bolum/
📺 Bölüm bulundu: 1. Sezon 8. BölümDublaj30.10.202546 dk. - https://diziyiizle2.com/ultimate-airport-dubai/1-sezon-8-bolum/
📺 Bölüm bulundu: 1. Sezon 9. BölümDublaj30.10.202546 dk. - https://diziyiizle2.com/ultimate-airport-dubai/1-sezon-9-bolum/
📺 Bölüm bulundu: 1. Sezon 10. BölümDublaj30.10.202546 dk. - https://diziyiizle2.com/ultimate-airport-dubai/1-sezon-10-bolum/
📺 Bölüm bulundu: 2. Sezon 1. BölümDublaj30.10.202545 dk. - https://diziyiizle2.com/ultimate-airport-dubai/2-sezon-1-bolum/
📺 Bölüm bulundu: 2. Sezon 2. BölümDublaj30.10.202545 dk. - https://diziyiizle2.com/ultimate-airport-dubai/2-sezon-2-bolum/
📺 Bölüm bulundu: 2. Sezon 3. BölümDublaj30.10.202545 dk. - https://diziyiizle2.com/ultimate-airport-dubai/2-sezon-3-bolum/
📺 Bölüm bulundu: 2. Sezon 4. BölümDublaj30.10.202545 dk. - https://diziyiizle2.com/ultimate-airport-dubai/2-sezon-4-bolum/
📺 Bölüm bulundu: 2. Sezon 5. BölümDublaj30.10.202545 dk. - https://diziyiizle2.com/ultimate-airport-dubai/2-sezon-5-bolum/
📺 Bölüm bulundu: 2. Sezon 6. BölümDublaj30.10.202545 dk. - https://diziyiizle2.com/ultimate-airport-dubai/2-sezon-6-bolum/
📺 Bölüm bulundu: 2. Sezon 7. BölümDublaj30.10.202545 dk. - https://diziyiizle2.com/ultimate-airport-dubai/2-sezon-7-bolum/
📺 Bölüm bulundu: 2. Sezon 8. BölümDublaj30.10.202545 dk. - https://diziyiizle2.com/ultimate-airport-dubai/2-sezon-8-bolum/
📺 Bölüm bulundu: 2. Sezon 9. BölümDublaj30.10.202545 dk. - https://diziyiizle2.com/ultimate-airport-dubai/2-sezon-9-bolum/
📺 Bölüm bulundu: 2. Sezon 10. BölümDublaj30.10.202545 dk. - https://diziyiizle2.com/ultimate-airport-dubai/2-sezon-10-bolum/
📺 Bölüm bulundu: 3. Sezon 1. BölümDublaj30.10.202545 dk. - https://diziyiizle2.com/ultimate-airport-dubai/3-sezon-1-bolum/
📺 Bölüm bulundu: 3. Sezon 2. BölümDublaj30.10.202545 dk. - https://diziyiizle2.com/ultimate-airport-dubai/3-sezon-2-bolum/
📺 Bölüm bulundu: 3. Sezon 3. BölümDublaj30.10.202545 dk. - https://diziyiizle2.com/ultimate-airport-dubai/3-sezon-3-bolum/
📺 Bölüm bulundu: 3. Sezon 4. BölümDublaj30.10.202545 dk. - https://diziyiizle2.com/ultimate-airport-dubai/3-sezon-4-bolum/
📺 Bölüm bulundu: 3. Sezon 5. BölümDublaj30.10.202545 dk. - https://diziyiizle2.com/ultimate-airport-dubai/3-sezon-5-bolum/
📺 Bölüm bulundu: 3. Sezon 6. BölümDublaj30.10.202545 dk. - https://diziyiizle2.com/ultimate-airport-dubai/3-sezon-6-bolum/
📺 Bölüm bulundu: 3. Sezon 7. BölümDublaj30.10.202545 dk. - https://diziyiizle2.com/ultimate-airport-dubai/3-sezon-7-bolum/
📺 Bölüm bulundu: 3. Sezon 8. BölümDublaj30.10.202545 dk. - https://diziyiizle2.com/ultimate-airport-dubai/3-sezon-8-bolum/
📺 Bölüm bulundu: 3. Sezon 9. BölümDublaj30.10.202545 dk. - https://diziyiizle2.com/ultimate-airport-dubai/3-sezon-9-bolum/
📺 Bölüm bulundu: 3. Sezon 10. BölümDublaj30.10.202545 dk. - https://diziyiizle2.com/ultimate-airport-dubai/3-sezon-10-bolum/

📊 Toplam 30 bölüm bulundu
   🔍 [1/30] Bölüm: https://diziyiizle2.com/ultimate-airport-dubai/1-sezon-1-bolum/
📺 Embed URL bulundu: https://vidlax1.xyz/embed/501fe16e7c5137b0
🔍 Embed URL kontrol ediliyor: https://vidlax1.xyz/embed/501fe16e7c5137b0
📄 Embed sayfa içeriği alındı, boyut: 40882 karakter
🎬 Video Başlığı: Ultimate Airport Dubai
📝 Video Açıklaması: 1.Sezon 1.Bölüm
🎯 Tam Başlık: Ultimate Airport Dubai - 1.Sezon 1.Bölüm
🎯 HEX DECODE - m3u8 bulundu: https://vidlax.xyz/upload/faec1bcdbecde07e479c13bc5d147bb19142/master.m3u8
      ✅ Ultimate Airport Dubai - 1.Sezon 1.Bölüm - 1 m3u8
   🔍 [2/30] Bölüm: https://diziyiizle2.com/ultimate-airport-dubai/1-sezon-2-bolum/
📺 Embed URL bulundu: https://vidlax1.xyz/embed/2007d20a0f8f8aed
🔍 Embed URL kontrol ediliyor: https://vidlax1.xyz/embed/2007d20a0f8f8aed
📄 Embed sayfa içeriği alındı, boyut: 40882 karakter
🎬 Video Başlığı: Ultimate Airport Dubai
📝 Video Açıklaması: 1.Sezon 2.Bölüm
🎯 Tam Başlık: Ultimate Airport Dubai - 1.Sezon 2.Bölüm
🎯 HEX DECODE - m3u8 bulundu: https://vidlax.xyz/upload/db2332b3216899fc5a66ba9c162d473c5915/master.m3u8
      ✅ Ultimate Airport Dubai - 1.Sezon 2.Bölüm - 1 m3u8
   🔍 [3/30] Bölüm: https://diziyiizle2.com/ultimate-airport-dubai/1-sezon-3-bolum/
📺 Embed URL bulundu: https://vidlax1.xyz/embed/b6668ed3b2ed2f44
🔍 Embed URL kontrol ediliyor: https://vidlax1.xyz/embed/b6668ed3b2ed2f44
📄 Embed sayfa içeriği alındı, boyut: 40882 karakter
🎬 Video Başlığı: Ultimate Airport Dubai
📝 Video Açıklaması: 1.Sezon 3.Bölüm
🎯 Tam Başlık: Ultimate Airport Dubai - 1.Sezon 3.Bölüm
🎯 HEX DECODE - m3u8 bulundu: https://vidlax.xyz/upload/5198b0e8d10cc7527e2a5b8f4f15e9de1daf/master.m3u8
      ✅ Ultimate Airport Dubai - 1.Sezon 3.Bölüm - 1 m3u8
   🔍 [4/30] Bölüm: https://diziyiizle2.com/ultimate-airport-dubai/1-sezon-4-bolum/
📺 Embed URL bulundu: https://vidlax1.xyz/embed/1a2c787a7617e8ec
🔍 Embed URL kontrol ediliyor: https://vidlax1.xyz/embed/1a2c787a7617e8ec
📄 Embed sayfa içeriği alındı, boyut: 40882 karakter
🎬 Video Başlığı: Ultimate Airport Dubai
📝 Video Açıklaması: 1.Sezon 4.Bölüm
🎯 Tam Başlık: Ultimate Airport Dubai - 1.Sezon 4.Bölüm
🎯 HEX DECODE - m3u8 bulundu: https://vidlax.xyz/upload/6bd4c2740aad6be2697412d8642430a62784/master.m3u8
      ✅ Ultimate Airport Dubai - 1.Sezon 4.Bölüm - 1 m3u8
   🔍 [5/30] Bölüm: https://diziyiizle2.com/ultimate-airport-dubai/1-sezon-5-bolum/
📺 Embed URL bulundu: https://vidlax1.xyz/embed/51dc70de2e2871f2
🔍 Embed URL kontrol ediliyor: https://vidlax1.xyz/embed/51dc70de2e2871f2
📄 Embed sayfa içeriği alındı, boyut: 40882 karakter
🎬 Video Başlığı: Ultimate Airport Dubai
📝 Video Açıklaması: 1.Sezon 5.Bölüm
🎯 Tam Başlık: Ultimate Airport Dubai - 1.Sezon 5.Bölüm
🎯 HEX DECODE - m3u8 bulundu: https://vidlax.xyz/upload/2e622497d730c6bc28b9a92128fd63d91e92/master.m3u8
      ✅ Ultimate Airport Dubai - 1.Sezon 5.Bölüm - 1 m3u8
   🔍 [6/30] Bölüm: https://diziyiizle2.com/ultimate-airport-dubai/1-sezon-6-bolum/
📺 Embed URL bulundu: https://vidlax1.xyz/embed/69188388a19bbd7e
🔍 Embed URL kontrol ediliyor: https://vidlax1.xyz/embed/69188388a19bbd7e
📄 Embed sayfa içeriği alındı, boyut: 40882 karakter
🎬 Video Başlığı: Ultimate Airport Dubai
📝 Video Açıklaması: 1.Sezon 6.Bölüm
🎯 Tam Başlık: Ultimate Airport Dubai - 1.Sezon 6.Bölüm
🎯 HEX DECODE - m3u8 bulundu: https://vidlax.xyz/upload/3455df06e0d5db4f946dc8a9842f4ca18222/master.m3u8
      ✅ Ultimate Airport Dubai - 1.Sezon 6.Bölüm - 1 m3u8
   🔍 [7/30] Bölüm: https://diziyiizle2.com/ultimate-airport-dubai/1-sezon-7-bolum/
📺 Embed URL bulundu: https://vidlax1.xyz/embed/fd5961a2f00d8c77
🔍 Embed URL kontrol ediliyor: https://vidlax1.xyz/embed/fd5961a2f00d8c77
📄 Embed sayfa içeriği alındı, boyut: 40882 karakter
🎬 Video Başlığı: Ultimate Airport Dubai
📝 Video Açıklaması: 1.Sezon 7.Bölüm
🎯 Tam Başlık: Ultimate Airport Dubai - 1.Sezon 7.Bölüm
🎯 HEX DECODE - m3u8 bulundu: https://vidlax.xyz/upload/0bdbaf8abd93d9398a91249383db8f8531f3/master.m3u8
      ✅ Ultimate Airport Dubai - 1.Sezon 7.Bölüm - 1 m3u8
   🔍 [8/30] Bölüm: https://diziyiizle2.com/ultimate-airport-dubai/1-sezon-8-bolum/
📺 Embed URL bulundu: https://vidlax1.xyz/embed/7b2214d29ae4a477
🔍 Embed URL kontrol ediliyor: https://vidlax1.xyz/embed/7b2214d29ae4a477
📄 Embed sayfa içeriği alındı, boyut: 40882 karakter
🎬 Video Başlığı: Ultimate Airport Dubai
📝 Video Açıklaması: 1.Sezon 8.Bölüm
🎯 Tam Başlık: Ultimate Airport Dubai - 1.Sezon 8.Bölüm
🎯 HEX DECODE - m3u8 bulundu: https://vidlax.xyz/upload/03bdc9feb5646a1f6d06c1c0d42e0a0360d7/master.m3u8
      ✅ Ultimate Airport Dubai - 1.Sezon 8.Bölüm - 1 m3u8
   🔍 [9/30] Bölüm: https://diziyiizle2.com/ultimate-airport-dubai/1-sezon-9-bolum/
📺 Embed URL bulundu: https://vidlax1.xyz/embed/1cb774ea1d41f624
🔍 Embed URL kontrol ediliyor: https://vidlax1.xyz/embed/1cb774ea1d41f624
📄 Embed sayfa içeriği alındı, boyut: 40883 karakter
🎬 Video Başlığı: Ultimate Airport Dubai
📝 Video Açıklaması: 1.Sezon 9.Bölüm
🎯 Tam Başlık: Ultimate Airport Dubai - 1.Sezon 9.Bölüm
🎯 HEX DECODE - m3u8 bulundu: https://vidlax.xyz/upload/b30c0797c919bed7a56e9fa574ebd0adbe06/master.m3u8
      ✅ Ultimate Airport Dubai - 1.Sezon 9.Bölüm - 1 m3u8
   🔍 [10/30] Bölüm: https://diziyiizle2.com/ultimate-airport-dubai/1-sezon-10-bolum/
📺 Embed URL bulundu: https://vidlax1.xyz/embed/8aa0783468aeabd1
🔍 Embed URL kontrol ediliyor: https://vidlax1.xyz/embed/8aa0783468aeabd1
📄 Embed sayfa içeriği alındı, boyut: 40883 karakter
🎬 Video Başlığı: Ultimate Airport Dubai
📝 Video Açıklaması: 1.Sezon 10.Bölüm
🎯 Tam Başlık: Ultimate Airport Dubai - 1.Sezon 10.Bölüm
🎯 HEX DECODE - m3u8 bulundu: https://vidlax.xyz/upload/dd07841fa87d33620bc54e721bb98323d7a1/master.m3u8
      ✅ Ultimate Airport Dubai - 1.Sezon 10.Bölüm - 1 m3u8
   🔍 [11/30] Bölüm: https://diziyiizle2.com/ultimate-airport-dubai/2-sezon-1-bolum/
📺 Embed URL bulundu: https://vidlax1.xyz/embed/d13a878e589cedd2
🔍 Embed URL kontrol ediliyor: https://vidlax1.xyz/embed/d13a878e589cedd2
📄 Embed sayfa içeriği alındı, boyut: 40701 karakter
🎬 Video Başlığı: Ultimate Airport Dubai
📝 Video Açıklaması: 2.Sezon 1.Bölüm
🎯 Tam Başlık: Ultimate Airport Dubai - 2.Sezon 1.Bölüm
🎯 HEX DECODE - m3u8 bulundu: https://vidlax.xyz/upload/11b8754023e7b98f7314207ab863b1c9253f/master.m3u8
      ✅ Ultimate Airport Dubai - 2.Sezon 1.Bölüm - 1 m3u8
   🔍 [12/30] Bölüm: https://diziyiizle2.com/ultimate-airport-dubai/2-sezon-2-bolum/
📺 Embed URL bulundu: https://vidlax1.xyz/embed/5e78aefdc8786ffb
🔍 Embed URL kontrol ediliyor: https://vidlax1.xyz/embed/5e78aefdc8786ffb
📄 Embed sayfa içeriği alındı, boyut: 40882 karakter
🎬 Video Başlığı: Ultimate Airport Dubai
📝 Video Açıklaması: 2.Sezon 2.Bölüm
🎯 Tam Başlık: Ultimate Airport Dubai - 2.Sezon 2.Bölüm
🎯 HEX DECODE - m3u8 bulundu: https://vidlax.xyz/upload/4b25dfdb25af0530fc8b3a1aa6e95305162f/master.m3u8
      ✅ Ultimate Airport Dubai - 2.Sezon 2.Bölüm - 1 m3u8
   🔍 [13/30] Bölüm: https://diziyiizle2.com/ultimate-airport-dubai/2-sezon-3-bolum/
📺 Embed URL bulundu: https://vidlax1.xyz/embed/9c7d38efc12343f7
🔍 Embed URL kontrol ediliyor: https://vidlax1.xyz/embed/9c7d38efc12343f7
📄 Embed sayfa içeriği alındı, boyut: 40882 karakter
🎬 Video Başlığı: Ultimate Airport Dubai
📝 Video Açıklaması: 2.Sezon 3.Bölüm
🎯 Tam Başlık: Ultimate Airport Dubai - 2.Sezon 3.Bölüm
🎯 HEX DECODE - m3u8 bulundu: https://vidlax.xyz/upload/178ce5b84f89be3de3d868172c4dc7675992/master.m3u8
      ✅ Ultimate Airport Dubai - 2.Sezon 3.Bölüm - 1 m3u8
   🔍 [14/30] Bölüm: https://diziyiizle2.com/ultimate-airport-dubai/2-sezon-4-bolum/
📺 Embed URL bulundu: https://vidlax1.xyz/embed/ca1e8e46ae622a74
🔍 Embed URL kontrol ediliyor: https://vidlax1.xyz/embed/ca1e8e46ae622a74
📄 Embed sayfa içeriği alındı, boyut: 40882 karakter
🎬 Video Başlığı: Ultimate Airport Dubai
📝 Video Açıklaması: 2.Sezon 4.Bölüm
🎯 Tam Başlık: Ultimate Airport Dubai - 2.Sezon 4.Bölüm
🎯 HEX DECODE - m3u8 bulundu: https://vidlax.xyz/upload/06dad93fb297493122cea6405f22a8637268/master.m3u8
      ✅ Ultimate Airport Dubai - 2.Sezon 4.Bölüm - 1 m3u8
   🔍 [15/30] Bölüm: https://diziyiizle2.com/ultimate-airport-dubai/2-sezon-5-bolum/
📺 Embed URL bulundu: https://vidlax1.xyz/embed/2f09bee1bcfaa384
🔍 Embed URL kontrol ediliyor: https://vidlax1.xyz/embed/2f09bee1bcfaa384
📄 Embed sayfa içeriği alındı, boyut: 40882 karakter
🎬 Video Başlığı: Ultimate Airport Dubai
📝 Video Açıklaması: 2.Sezon 5.Bölüm
🎯 Tam Başlık: Ultimate Airport Dubai - 2.Sezon 5.Bölüm
🎯 HEX DECODE - m3u8 bulundu: https://vidlax.xyz/upload/d7ab804f3062149b2023375c03960a3d0a0c/master.m3u8
      ✅ Ultimate Airport Dubai - 2.Sezon 5.Bölüm - 1 m3u8
   🔍 [16/30] Bölüm: https://diziyiizle2.com/ultimate-airport-dubai/2-sezon-6-bolum/
📺 Embed URL bulundu: https://vidlax1.xyz/embed/5ad56f87206df478
🔍 Embed URL kontrol ediliyor: https://vidlax1.xyz/embed/5ad56f87206df478
📄 Embed sayfa içeriği alındı, boyut: 40882 karakter
🎬 Video Başlığı: Ultimate Airport Dubai
📝 Video Açıklaması: 2.Sezon 6.Bölüm
🎯 Tam Başlık: Ultimate Airport Dubai - 2.Sezon 6.Bölüm
🎯 HEX DECODE - m3u8 bulundu: https://vidlax.xyz/upload/a2d9697a4323e8f6b6114235006941a5077b/master.m3u8
      ✅ Ultimate Airport Dubai - 2.Sezon 6.Bölüm - 1 m3u8
   🔍 [17/30] Bölüm: https://diziyiizle2.com/ultimate-airport-dubai/2-sezon-7-bolum/
📺 Embed URL bulundu: https://vidlax1.xyz/embed/6860cf1c3acc9ce9
🔍 Embed URL kontrol ediliyor: https://vidlax1.xyz/embed/6860cf1c3acc9ce9
📄 Embed sayfa içeriği alındı, boyut: 40882 karakter
🎬 Video Başlığı: Ultimate Airport Dubai
📝 Video Açıklaması: 2.Sezon 7.Bölüm
🎯 Tam Başlık: Ultimate Airport Dubai - 2.Sezon 7.Bölüm
🎯 HEX DECODE - m3u8 bulundu: https://vidlax.xyz/upload/f45bd65daf4d3af5d8ad57d9915be76bcb02/master.m3u8
      ✅ Ultimate Airport Dubai - 2.Sezon 7.Bölüm - 1 m3u8
   🔍 [18/30] Bölüm: https://diziyiizle2.com/ultimate-airport-dubai/2-sezon-8-bolum/
📺 Embed URL bulundu: https://vidlax1.xyz/embed/2a38cbbfc85f109c
🔍 Embed URL kontrol ediliyor: https://vidlax1.xyz/embed/2a38cbbfc85f109c
📄 Embed sayfa içeriği alındı, boyut: 40882 karakter
🎬 Video Başlığı: Ultimate Airport Dubai
📝 Video Açıklaması: 2.Sezon 8.Bölüm
🎯 Tam Başlık: Ultimate Airport Dubai - 2.Sezon 8.Bölüm
🎯 HEX DECODE - m3u8 bulundu: https://vidlax.xyz/upload/3dbdf92117cffead1c12adc0bcc7388354fb/master.m3u8
      ✅ Ultimate Airport Dubai - 2.Sezon 8.Bölüm - 1 m3u8
   🔍 [19/30] Bölüm: https://diziyiizle2.com/ultimate-airport-dubai/2-sezon-9-bolum/
📺 Embed URL bulundu: https://vidlax1.xyz/embed/c435e5344d7c6b09
🔍 Embed URL kontrol ediliyor: https://vidlax1.xyz/embed/c435e5344d7c6b09
📄 Embed sayfa içeriği alındı, boyut: 40882 karakter
🎬 Video Başlığı: Ultimate Airport Dubai
📝 Video Açıklaması: 2.Sezon 9.Bölüm
🎯 Tam Başlık: Ultimate Airport Dubai - 2.Sezon 9.Bölüm
🎯 HEX DECODE - m3u8 bulundu: https://vidlax.xyz/upload/a300514cb44ab3306f491442da04c1dacf9f/master.m3u8
      ✅ Ultimate Airport Dubai - 2.Sezon 9.Bölüm - 1 m3u8
   🔍 [20/30] Bölüm: https://diziyiizle2.com/ultimate-airport-dubai/2-sezon-10-bolum/
📺 Embed URL bulundu: https://vidlax1.xyz/embed/d686e47237694fe1
🔍 Embed URL kontrol ediliyor: https://vidlax1.xyz/embed/d686e47237694fe1
📄 Embed sayfa içeriği alındı, boyut: 40883 karakter
🎬 Video Başlığı: Ultimate Airport Dubai
📝 Video Açıklaması: 2.Sezon 10.Bölüm
🎯 Tam Başlık: Ultimate Airport Dubai - 2.Sezon 10.Bölüm
🎯 HEX DECODE - m3u8 bulundu: https://vidlax.xyz/upload/cce45d5627e814022cf66866b7e2807b68cb/master.m3u8
      ✅ Ultimate Airport Dubai - 2.Sezon 10.Bölüm - 1 m3u8
   🔍 [21/30] Bölüm: https://diziyiizle2.com/ultimate-airport-dubai/3-sezon-1-bolum/
📺 Embed URL bulundu: https://vidlax1.xyz/embed/3e2a808783514eb9
🔍 Embed URL kontrol ediliyor: https://vidlax1.xyz/embed/3e2a808783514eb9
📄 Embed sayfa içeriği alındı, boyut: 41036 karakter
🎬 Video Başlığı: Ultimate Airport Dubai
📝 Video Açıklaması: 3.Sezon 1.Bölüm
🎯 Tam Başlık: Ultimate Airport Dubai - 3.Sezon 1.Bölüm
🎯 HEX DECODE - m3u8 bulundu: https://vidlax.xyz/upload/a8a13edd47c65dac3e3aa2e877858914d99a/master.m3u8
      ✅ Ultimate Airport Dubai - 3.Sezon 1.Bölüm - 1 m3u8
   🔍 [22/30] Bölüm: https://diziyiizle2.com/ultimate-airport-dubai/3-sezon-2-bolum/
📺 Embed URL bulundu: https://vidlax1.xyz/embed/dd2d9638f049341d
🔍 Embed URL kontrol ediliyor: https://vidlax1.xyz/embed/dd2d9638f049341d
📄 Embed sayfa içeriği alındı, boyut: 41224 karakter
🎬 Video Başlığı: Ultimate Airport Dubai
📝 Video Açıklaması: 3.Sezon 2.Bölüm
🎯 Tam Başlık: Ultimate Airport Dubai - 3.Sezon 2.Bölüm
🎯 HEX DECODE - m3u8 bulundu: https://vidlax.xyz/upload/be0823d92b8770e12906d947662902fd6749/master.m3u8
      ✅ Ultimate Airport Dubai - 3.Sezon 2.Bölüm - 1 m3u8
   🔍 [23/30] Bölüm: https://diziyiizle2.com/ultimate-airport-dubai/3-sezon-3-bolum/
📺 Embed URL bulundu: https://vidlax1.xyz/embed/d421a6f6eb09ee52
🔍 Embed URL kontrol ediliyor: https://vidlax1.xyz/embed/d421a6f6eb09ee52
📄 Embed sayfa içeriği alındı, boyut: 41036 karakter
🎬 Video Başlığı: Ultimate Airport Dubai
📝 Video Açıklaması: 3.Sezon 3.Bölüm
🎯 Tam Başlık: Ultimate Airport Dubai - 3.Sezon 3.Bölüm
🎯 HEX DECODE - m3u8 bulundu: https://vidlax.xyz/upload/7333b0bd4f5314090b6d08a06330f5c0192b/master.m3u8
      ✅ Ultimate Airport Dubai - 3.Sezon 3.Bölüm - 1 m3u8
   🔍 [24/30] Bölüm: https://diziyiizle2.com/ultimate-airport-dubai/3-sezon-4-bolum/
📺 Embed URL bulundu: https://vidlax1.xyz/embed/141c3348fd1bbc47
🔍 Embed URL kontrol ediliyor: https://vidlax1.xyz/embed/141c3348fd1bbc47
📄 Embed sayfa içeriği alındı, boyut: 40882 karakter
🎬 Video Başlığı: Ultimate Airport Dubai
📝 Video Açıklaması: 3.Sezon 4.Bölüm
🎯 Tam Başlık: Ultimate Airport Dubai - 3.Sezon 4.Bölüm
🎯 HEX DECODE - m3u8 bulundu: https://vidlax.xyz/upload/c0f84b47bc62460984d2ece988607d59b425/master.m3u8
      ✅ Ultimate Airport Dubai - 3.Sezon 4.Bölüm - 1 m3u8
   🔍 [25/30] Bölüm: https://diziyiizle2.com/ultimate-airport-dubai/3-sezon-5-bolum/
📺 Embed URL bulundu: https://vidlax1.xyz/embed/e029b6095f6aa3c1
🔍 Embed URL kontrol ediliyor: https://vidlax1.xyz/embed/e029b6095f6aa3c1
📄 Embed sayfa içeriği alındı, boyut: 40882 karakter
🎬 Video Başlığı: Ultimate Airport Dubai
📝 Video Açıklaması: 3.Sezon 5.Bölüm
🎯 Tam Başlık: Ultimate Airport Dubai - 3.Sezon 5.Bölüm
🎯 HEX DECODE - m3u8 bulundu: https://vidlax.xyz/upload/87b3b5adbffb6ae5bd87965c26b6629bed68/master.m3u8
      ✅ Ultimate Airport Dubai - 3.Sezon 5.Bölüm - 1 m3u8
   🔍 [26/30] Bölüm: https://diziyiizle2.com/ultimate-airport-dubai/3-sezon-6-bolum/
📺 Embed URL bulundu: https://vidlax1.xyz/embed/164813b667fa35af
🔍 Embed URL kontrol ediliyor: https://vidlax1.xyz/embed/164813b667fa35af
📄 Embed sayfa içeriği alındı, boyut: 40882 karakter
🎬 Video Başlığı: Ultimate Airport Dubai
📝 Video Açıklaması: 3.Sezon 6.Bölüm
🎯 Tam Başlık: Ultimate Airport Dubai - 3.Sezon 6.Bölüm
🎯 HEX DECODE - m3u8 bulundu: https://vidlax.xyz/upload/315d73223e2ab9520a3d61c071f1ba263806/master.m3u8
      ✅ Ultimate Airport Dubai - 3.Sezon 6.Bölüm - 1 m3u8
   🔍 [27/30] Bölüm: https://diziyiizle2.com/ultimate-airport-dubai/3-sezon-7-bolum/
📺 Embed URL bulundu: https://vidlax1.xyz/embed/ad147ef150fc94be
🔍 Embed URL kontrol ediliyor: https://vidlax1.xyz/embed/ad147ef150fc94be
📄 Embed sayfa içeriği alındı, boyut: 40882 karakter
🎬 Video Başlığı: Ultimate Airport Dubai
📝 Video Açıklaması: 3.Sezon 7.Bölüm
🎯 Tam Başlık: Ultimate Airport Dubai - 3.Sezon 7.Bölüm
🎯 HEX DECODE - m3u8 bulundu: https://vidlax.xyz/upload/e25ef6ce7a643a53a283613025f7e2cd16c2/master.m3u8
      ✅ Ultimate Airport Dubai - 3.Sezon 7.Bölüm - 1 m3u8
   🔍 [28/30] Bölüm: https://diziyiizle2.com/ultimate-airport-dubai/3-sezon-8-bolum/
📺 Embed URL bulundu: https://vidlax1.xyz/embed/607ca4832ce6ee19
🔍 Embed URL kontrol ediliyor: https://vidlax1.xyz/embed/607ca4832ce6ee19
📄 Embed sayfa içeriği alındı, boyut: 40882 karakter
🎬 Video Başlığı: Ultimate Airport Dubai
📝 Video Açıklaması: 3.Sezon 8.Bölüm
🎯 Tam Başlık: Ultimate Airport Dubai - 3.Sezon 8.Bölüm
🎯 HEX DECODE - m3u8 bulundu: https://vidlax.xyz/upload/35b5a0252667fc15588b222b4cf7b7c630d9/master.m3u8
      ✅ Ultimate Airport Dubai - 3.Sezon 8.Bölüm - 1 m3u8
   🔍 [29/30] Bölüm: https://diziyiizle2.com/ultimate-airport-dubai/3-sezon-9-bolum/
📺 Embed URL bulundu: https://vidlax1.xyz/embed/625b64a5d22c6696
🔍 Embed URL kontrol ediliyor: https://vidlax1.xyz/embed/625b64a5d22c6696
📄 Embed sayfa içeriği alındı, boyut: 40882 karakter
🎬 Video Başlığı: Ultimate Airport Dubai
📝 Video Açıklaması: 3.Sezon 9.Bölüm
🎯 Tam Başlık: Ultimate Airport Dubai - 3.Sezon 9.Bölüm
🎯 HEX DECODE - m3u8 bulundu: https://vidlax.xyz/upload/18d06ca2b1289398388f404233329606650d/master.m3u8
      ✅ Ultimate Airport Dubai - 3.Sezon 9.Bölüm - 1 m3u8
   🔍 [30/30] Bölüm: https://diziyiizle2.com/ultimate-airport-dubai/3-sezon-10-bolum/
📺 Embed URL bulundu: https://vidlax1.xyz/embed/c7e2a4ffbfb3e162
🔍 Embed URL kontrol ediliyor: https://vidlax1.xyz/embed/c7e2a4ffbfb3e162
📄 Embed sayfa içeriği alındı, boyut: 40883 karakter
🎬 Video Başlığı: Ultimate Airport Dubai
📝 Video Açıklaması: 3.Sezon 10.Bölüm
🎯 Tam Başlık: Ultimate Airport Dubai - 3.Sezon 10.Bölüm
🎯 HEX DECODE - m3u8 bulundu: https://vidlax.xyz/upload/168c32231a2c1cb80c63b755075c8d770a9a/master.m3u8
      ✅ Ultimate Airport Dubai - 3.Sezon 10.Bölüm - 1 m3u8
      📁 Dizi playlist: playlists/ultimate_airport_dubai_playlist.m3u
   ✅ Dizi tamamlandı: 30 m3u8 eklendi

============================================================
🎬 [6/56] İşleniyor: https://diziyiizle2.com/dizi/breeders/
📺 Bölüm bulundu: 1. Sezon 1. BölümDublaj30.10.202528 dk. - https://diziyiizle2.com/breeders/1-sezon-1-bolum/
📺 Bölüm bulundu: 1. Sezon 2. BölümDublaj30.10.202527 dk. - https://diziyiizle2.com/breeders/1-sezon-2-bolum/
📺 Bölüm bulundu: 1. Sezon 3. BölümDublaj30.10.202523 dk. - https://diziyiizle2.com/breeders/1-sezon-3-bolum/
📺 Bölüm bulundu: 1. Sezon 4. BölümDublaj30.10.202526 dk. - https://diziyiizle2.com/breeders/1-sezon-4-bolum/
📺 Bölüm bulundu: 1. Sezon 5. BölümDublaj30.10.202525 dk. - https://diziyiizle2.com/breeders/1-sezon-5-bolum/
📺 Bölüm bulundu: 1. Sezon 6. BölümDublaj30.10.202523 dk. - https://diziyiizle2.com/breeders/1-sezon-6-bolum/
📺 Bölüm bulundu: 1. Sezon 7. BölümDublaj30.10.202523 dk. - https://diziyiizle2.com/breeders/1-sezon-7-bolum/
📺 Bölüm bulundu: 1. Sezon 8. BölümDublaj30.10.202525 dk. - https://diziyiizle2.com/breeders/1-sezon-8-bolum/
📺 Bölüm bulundu: 1. Sezon 9. BölümDublaj30.10.202524 dk. - https://diziyiizle2.com/breeders/1-sezon-9-bolum/
📺 Bölüm bulundu: 1. Sezon 10. BölümDublaj30.10.202523 dk. - https://diziyiizle2.com/breeders/1-sezon-10-bolum/
📺 Bölüm bulundu: 2. Sezon 1. BölümDublaj30.10.202524 dk. - https://diziyiizle2.com/breeders/2-sezon-1-bolum/
📺 Bölüm bulundu: 2. Sezon 2. BölümDublaj30.10.202521 dk. - https://diziyiizle2.com/breeders/2-sezon-2-bolum/
📺 Bölüm bulundu: 2. Sezon 3. BölümDublaj30.10.202522 dk. - https://diziyiizle2.com/breeders/2-sezon-3-bolum/
📺 Bölüm bulundu: 2. Sezon 4. BölümDublaj30.10.202523 dk. - https://diziyiizle2.com/breeders/2-sezon-4-bolum/
📺 Bölüm bulundu: 2. Sezon 5. BölümDublaj30.10.202521 dk. - https://diziyiizle2.com/breeders/2-sezon-5-bolum/
📺 Bölüm bulundu: 2. Sezon 6. BölümDublaj30.10.202524 dk. - https://diziyiizle2.com/breeders/2-sezon-6-bolum/
📺 Bölüm bulundu: 2. Sezon 7. BölümDublaj30.10.202523 dk. - https://diziyiizle2.com/breeders/2-sezon-7-bolum/
📺 Bölüm bulundu: 2. Sezon 8. BölümDublaj30.10.202527 dk. - https://diziyiizle2.com/breeders/2-sezon-8-bolum/
📺 Bölüm bulundu: 2. Sezon 9. BölümDublaj30.10.202524 dk. - https://diziyiizle2.com/breeders/2-sezon-9-bolum/
📺 Bölüm bulundu: 2. Sezon 10. BölümDublaj30.10.202524 dk. - https://diziyiizle2.com/breeders/2-sezon-10-bolum/
📺 Bölüm bulundu: 3. Sezon 1. BölümDublaj30.10.202524 dk. - https://diziyiizle2.com/breeders/3-sezon-1-bolum/
📺 Bölüm bulundu: 3. Sezon 2. BölümDublaj30.10.202524 dk. - https://diziyiizle2.com/breeders/3-sezon-2-bolum/
📺 Bölüm bulundu: 3. Sezon 3. BölümDublaj30.10.202523 dk. - https://diziyiizle2.com/breeders/3-sezon-3-bolum/
📺 Bölüm bulundu: 3. Sezon 4. BölümDublaj30.10.202524 dk. - https://diziyiizle2.com/breeders/3-sezon-4-bolum/
📺 Bölüm bulundu: 3. Sezon 5. BölümDublaj30.10.202525 dk. - https://diziyiizle2.com/breeders/3-sezon-5-bolum/
📺 Bölüm bulundu: 3. Sezon 6. BölümDublaj30.10.202525 dk. - https://diziyiizle2.com/breeders/3-sezon-6-bolum/
📺 Bölüm bulundu: 3. Sezon 7. BölümDublaj30.10.202522 dk. - https://diziyiizle2.com/breeders/3-sezon-7-bolum/
📺 Bölüm bulundu: 3. Sezon 8. BölümDublaj30.10.202530 dk. - https://diziyiizle2.com/breeders/3-sezon-8-bolum/
📺 Bölüm bulundu: 3. Sezon 9. BölümDublaj30.10.202522 dk. - https://diziyiizle2.com/breeders/3-sezon-9-bolum/
📺 Bölüm bulundu: 3. Sezon 10. BölümDublaj30.10.202522 dk. - https://diziyiizle2.com/breeders/3-sezon-10-bolum/
📺 Bölüm bulundu: 4. Sezon 1. BölümAltyazılı30.10.202527 dk. - https://diziyiizle2.com/breeders/4-sezon-1-bolum/
📺 Bölüm bulundu: 4. Sezon 2. BölümAltyazılı30.10.202522 dk. - https://diziyiizle2.com/breeders/4-sezon-2-bolum/
📺 Bölüm bulundu: 4. Sezon 3. BölümAltyazılı30.10.202527 dk. - https://diziyiizle2.com/breeders/4-sezon-3-bolum/
📺 Bölüm bulundu: 4. Sezon 4. BölümAltyazılı30.10.202524 dk. - https://diziyiizle2.com/breeders/4-sezon-4-bolum/
📺 Bölüm bulundu: 4. Sezon 5. BölümAltyazılı30.10.202524 dk. - https://diziyiizle2.com/breeders/4-sezon-5-bolum/
📺 Bölüm bulundu: 4. Sezon 6. BölümAltyazılı30.10.202522 dk. - https://diziyiizle2.com/breeders/4-sezon-6-bolum/
📺 Bölüm bulundu: 4. Sezon 7. BölümAltyazılı30.10.202524 dk. - https://diziyiizle2.com/breeders/4-sezon-7-bolum/
📺 Bölüm bulundu: 4. Sezon 8. BölümAltyazılı30.10.202523 dk. - https://diziyiizle2.com/breeders/4-sezon-8-bolum/
📺 Bölüm bulundu: 4. Sezon 9. BölümAltyazılı30.10.202523 dk. - https://diziyiizle2.com/breeders/4-sezon-9-bolum/
📺 Bölüm bulundu: 4. Sezon 10. BölümAltyazılı30.10.202526 dk. - https://diziyiizle2.com/breeders/4-sezon-10-bolum/

📊 Toplam 40 bölüm bulundu
   🔍 [1/40] Bölüm: https://diziyiizle2.com/breeders/1-sezon-1-bolum/
📺 Embed URL bulundu: https://vidlax1.xyz/embed/a0a35a2dbce2377f
🔍 Embed URL kontrol ediliyor: https://vidlax1.xyz/embed/a0a35a2dbce2377f
📄 Embed sayfa içeriği alındı, boyut: 41364 karakter
🎬 Video Başlığı: Breeders
📝 Video Açıklaması: 1.Sezon 1.Bölüm
🎯 Tam Başlık: Breeders - 1.Sezon 1.Bölüm
🎯 HEX DECODE - m3u8 bulundu: https://vidlax.xyz/upload/340bf67a8ffd1afa12b72c4aecaadba03245/master.m3u8
      ✅ Breeders - 1.Sezon 1.Bölüm - 1 m3u8
   🔍 [2/40] Bölüm: https://diziyiizle2.com/breeders/1-sezon-2-bolum/
📺 Embed URL bulundu: https://vidlax1.xyz/embed/4b84a0b1a71ac7dc
🔍 Embed URL kontrol ediliyor: https://vidlax1.xyz/embed/4b84a0b1a71ac7dc
📄 Embed sayfa içeriği alındı, boyut: 41364 karakter
🎬 Video Başlığı: Breeders
📝 Video Açıklaması: 1.Sezon 2.Bölüm
🎯 Tam Başlık: Breeders - 1.Sezon 2.Bölüm
🎯 HEX DECODE - m3u8 bulundu: https://vidlax.xyz/upload/ff088d2d4a809170edd61e7509b3998960e7/master.m3u8
      ✅ Breeders - 1.Sezon 2.Bölüm - 1 m3u8
   🔍 [3/40] Bölüm: https://diziyiizle2.com/breeders/1-sezon-3-bolum/
📺 Embed URL bulundu: https://vidlax1.xyz/embed/2eb76cd6c11fd2be
🔍 Embed URL kontrol ediliyor: https://vidlax1.xyz/embed/2eb76cd6c11fd2be
📄 Embed sayfa içeriği alındı, boyut: 41364 karakter
🎬 Video Başlığı: Breeders
📝 Video Açıklaması: 1.Sezon 3.Bölüm
🎯 Tam Başlık: Breeders - 1.Sezon 3.Bölüm
🎯 HEX DECODE - m3u8 bulundu: https://vidlax.xyz/upload/e5aa9f48dfd553c83e6fa8877b2182b3bf6d/master.m3u8
      ✅ Breeders - 1.Sezon 3.Bölüm - 1 m3u8
   🔍 [4/40] Bölüm: https://diziyiizle2.com/breeders/1-sezon-4-bolum/
📺 Embed URL bulundu: https://vidlax1.xyz/embed/cf92f583baf6318c
🔍 Embed URL kontrol ediliyor: https://vidlax1.xyz/embed/cf92f583baf6318c
📄 Embed sayfa içeriği alındı, boyut: 41364 karakter
🎬 Video Başlığı: Breeders
📝 Video Açıklaması: 1.Sezon 4.Bölüm
🎯 Tam Başlık: Breeders - 1.Sezon 4.Bölüm
🎯 HEX DECODE - m3u8 bulundu: https://vidlax.xyz/upload/b24ae19ea0ed991d65721987b2d8a1cf4fde/master.m3u8
      ✅ Breeders - 1.Sezon 4.Bölüm - 1 m3u8
   🔍 [5/40] Bölüm: https://diziyiizle2.com/breeders/1-sezon-5-bolum/
📺 Embed URL bulundu: https://vidlax1.xyz/embed/d81a99f4796a295d
🔍 Embed URL kontrol ediliyor: https://vidlax1.xyz/embed/d81a99f4796a295d
📄 Embed sayfa içeriği alındı, boyut: 41364 karakter
🎬 Video Başlığı: Breeders
📝 Video Açıklaması: 1.Sezon 5.Bölüm
🎯 Tam Başlık: Breeders - 1.Sezon 5.Bölüm
🎯 HEX DECODE - m3u8 bulundu: https://vidlax.xyz/upload/c1f26504d1a7e9cf04bba19f47c189eecd8a/master.m3u8
      ✅ Breeders - 1.Sezon 5.Bölüm - 1 m3u8
   🔍 [6/40] Bölüm: https://diziyiizle2.com/breeders/1-sezon-6-bolum/
📺 Embed URL bulundu: https://vidlax1.xyz/embed/f51ca8e61f48ee80
🔍 Embed URL kontrol ediliyor: https://vidlax1.xyz/embed/f51ca8e61f48ee80
📄 Embed sayfa içeriği alındı, boyut: 41364 karakter
🎬 Video Başlığı: Breeders
📝 Video Açıklaması: 1.Sezon 6.Bölüm
🎯 Tam Başlık: Breeders - 1.Sezon 6.Bölüm
🎯 HEX DECODE - m3u8 bulundu: https://vidlax.xyz/upload/65b83d9c22de8654cf6fca50f772c7125a74/master.m3u8
      ✅ Breeders - 1.Sezon 6.Bölüm - 1 m3u8
   🔍 [7/40] Bölüm: https://diziyiizle2.com/breeders/1-sezon-7-bolum/
📺 Embed URL bulundu: https://vidlax1.xyz/embed/c8f64f8d77994d36
🔍 Embed URL kontrol ediliyor: https://vidlax1.xyz/embed/c8f64f8d77994d36
📄 Embed sayfa içeriği alındı, boyut: 41364 karakter
🎬 Video Başlığı: Breeders
📝 Video Açıklaması: 1.Sezon 7.Bölüm
🎯 Tam Başlık: Breeders - 1.Sezon 7.Bölüm
🎯 HEX DECODE - m3u8 bulundu: https://vidlax.xyz/upload/c25b560c6142a0b035b527bee936e06f3181/master.m3u8
      ✅ Breeders - 1.Sezon 7.Bölüm - 1 m3u8
   🔍 [8/40] Bölüm: https://diziyiizle2.com/breeders/1-sezon-8-bolum/
📺 Embed URL bulundu: https://vidlax1.xyz/embed/9b68d1c3ecb0b262
🔍 Embed URL kontrol ediliyor: https://vidlax1.xyz/embed/9b68d1c3ecb0b262
📄 Embed sayfa içeriği alındı, boyut: 41364 karakter
🎬 Video Başlığı: Breeders
📝 Video Açıklaması: 1.Sezon 8.Bölüm
🎯 Tam Başlık: Breeders - 1.Sezon 8.Bölüm
🎯 HEX DECODE - m3u8 bulundu: https://vidlax.xyz/upload/f0f439a1f3b53efa2b83a0065b568fd64591/master.m3u8
      ✅ Breeders - 1.Sezon 8.Bölüm - 1 m3u8
   🔍 [9/40] Bölüm: https://diziyiizle2.com/breeders/1-sezon-9-bolum/
📺 Embed URL bulundu: https://vidlax1.xyz/embed/2e971120edfb7519
🔍 Embed URL kontrol ediliyor: https://vidlax1.xyz/embed/2e971120edfb7519
📄 Embed sayfa içeriği alındı, boyut: 41364 karakter
🎬 Video Başlığı: Breeders
📝 Video Açıklaması: 1.Sezon 9.Bölüm
🎯 Tam Başlık: Breeders - 1.Sezon 9.Bölüm
🎯 HEX DECODE - m3u8 bulundu: https://vidlax.xyz/upload/8a250192de46dc0799682a6f576cc4aeb270/master.m3u8
      ✅ Breeders - 1.Sezon 9.Bölüm - 1 m3u8
   🔍 [10/40] Bölüm: https://diziyiizle2.com/breeders/1-sezon-10-bolum/
📺 Embed URL bulundu: https://vidlax1.xyz/embed/1fb5e6365ecdb31e
🔍 Embed URL kontrol ediliyor: https://vidlax1.xyz/embed/1fb5e6365ecdb31e
📄 Embed sayfa içeriği alındı, boyut: 41365 karakter
🎬 Video Başlığı: Breeders
📝 Video Açıklaması: 1.Sezon 10.Bölüm
🎯 Tam Başlık: Breeders - 1.Sezon 10.Bölüm
🎯 HEX DECODE - m3u8 bulundu: https://vidlax.xyz/upload/7dfd051c51b872ef658fadbb07759d8647de/master.m3u8
      ✅ Breeders - 1.Sezon 10.Bölüm - 1 m3u8
   🔍 [11/40] Bölüm: https://diziyiizle2.com/breeders/2-sezon-1-bolum/
📺 Embed URL bulundu: https://vidlax1.xyz/embed/a02f6f2cafe58e2d
🔍 Embed URL kontrol ediliyor: https://vidlax1.xyz/embed/a02f6f2cafe58e2d
📄 Embed sayfa içeriği alındı, boyut: 41355 karakter
🎬 Video Başlığı: Breeders
📝 Video Açıklaması: 2.Sezon 1.Bölüm
🎯 Tam Başlık: Breeders - 2.Sezon 1.Bölüm
🎯 HEX DECODE - m3u8 bulundu: https://vidlax.xyz/upload/b446a16b0a10750510d312c6ff933a915efd/master.m3u8
      ✅ Breeders - 2.Sezon 1.Bölüm - 1 m3u8
   🔍 [12/40] Bölüm: https://diziyiizle2.com/breeders/2-sezon-2-bolum/
📺 Embed URL bulundu: https://vidlax1.xyz/embed/5fbf2d56f062153c
🔍 Embed URL kontrol ediliyor: https://vidlax1.xyz/embed/5fbf2d56f062153c
📄 Embed sayfa içeriği alındı, boyut: 41356 karakter
🎬 Video Başlığı: Breeders
📝 Video Açıklaması: 2.Sezon 2.Bölüm
🎯 Tam Başlık: Breeders - 2.Sezon 2.Bölüm
🎯 HEX DECODE - m3u8 bulundu: https://vidlax.xyz/upload/5d738cffa6b279372cf92e5cbefda47b9c6d/master.m3u8
      ✅ Breeders - 2.Sezon 2.Bölüm - 1 m3u8
   🔍 [13/40] Bölüm: https://diziyiizle2.com/breeders/2-sezon-3-bolum/
📺 Embed URL bulundu: https://vidlax1.xyz/embed/82020e0e6e214bd8
🔍 Embed URL kontrol ediliyor: https://vidlax1.xyz/embed/82020e0e6e214bd8
📄 Embed sayfa içeriği alındı, boyut: 41355 karakter
🎬 Video Başlığı: Breeders
📝 Video Açıklaması: 2.Sezon 3.Bölüm
🎯 Tam Başlık: Breeders - 2.Sezon 3.Bölüm
🎯 HEX DECODE - m3u8 bulundu: https://vidlax.xyz/upload/18dd20b629ddac49a2df2eae077dfb95c4ff/master.m3u8
      ✅ Breeders - 2.Sezon 3.Bölüm - 1 m3u8
   🔍 [14/40] Bölüm: https://diziyiizle2.com/breeders/2-sezon-4-bolum/
📺 Embed URL bulundu: https://vidlax1.xyz/embed/cc857f332c82d72b
🔍 Embed URL kontrol ediliyor: https://vidlax1.xyz/embed/cc857f332c82d72b
📄 Embed sayfa içeriği alındı, boyut: 41355 karakter
🎬 Video Başlığı: Breeders
📝 Video Açıklaması: 2.Sezon 4.Bölüm
🎯 Tam Başlık: Breeders - 2.Sezon 4.Bölüm
🎯 HEX DECODE - m3u8 bulundu: https://vidlax.xyz/upload/b64fee9fcee05ee1438b0144baf874108f61/master.m3u8
      ✅ Breeders - 2.Sezon 4.Bölüm - 1 m3u8
   🔍 [15/40] Bölüm: https://diziyiizle2.com/breeders/2-sezon-5-bolum/
📺 Embed URL bulundu: https://vidlax1.xyz/embed/0cf93da8fd255911
🔍 Embed URL kontrol ediliyor: https://vidlax1.xyz/embed/0cf93da8fd255911
📄 Embed sayfa içeriği alındı, boyut: 41355 karakter
🎬 Video Başlığı: Breeders
📝 Video Açıklaması: 2.Sezon 5.Bölüm
🎯 Tam Başlık: Breeders - 2.Sezon 5.Bölüm
🎯 HEX DECODE - m3u8 bulundu: https://vidlax.xyz/upload/aec0955738c56044abb0f534ac4ee78dc0e0/master.m3u8
      ✅ Breeders - 2.Sezon 5.Bölüm - 1 m3u8
   🔍 [16/40] Bölüm: https://diziyiizle2.com/breeders/2-sezon-6-bolum/
📺 Embed URL bulundu: https://vidlax1.xyz/embed/d5a5c8a8a44dc707
🔍 Embed URL kontrol ediliyor: https://vidlax1.xyz/embed/d5a5c8a8a44dc707
📄 Embed sayfa içeriği alındı, boyut: 41355 karakter
🎬 Video Başlığı: Breeders
📝 Video Açıklaması: 2.Sezon 6.Bölüm
🎯 Tam Başlık: Breeders - 2.Sezon 6.Bölüm
🎯 HEX DECODE - m3u8 bulundu: https://vidlax.xyz/upload/c102359d6e4141ccda6be41b79eac4d0add3/master.m3u8
      ✅ Breeders - 2.Sezon 6.Bölüm - 1 m3u8
   🔍 [17/40] Bölüm: https://diziyiizle2.com/breeders/2-sezon-7-bolum/
📺 Embed URL bulundu: https://vidlax1.xyz/embed/5b318dba4f9ab3d8
🔍 Embed URL kontrol ediliyor: https://vidlax1.xyz/embed/5b318dba4f9ab3d8
📄 Embed sayfa içeriği alındı, boyut: 41559 karakter
🎬 Video Başlığı: Breeders
📝 Video Açıklaması: 2.Sezon 7.Bölüm
🎯 Tam Başlık: Breeders - 2.Sezon 7.Bölüm
🎯 HEX DECODE - m3u8 bulundu: https://vidlax.xyz/upload/1553ab77574fd949df1fbc3a92f4d9355afc/master.m3u8
      ✅ Breeders - 2.Sezon 7.Bölüm - 1 m3u8
   🔍 [18/40] Bölüm: https://diziyiizle2.com/breeders/2-sezon-8-bolum/
📺 Embed URL bulundu: https://vidlax1.xyz/embed/140bc258a0a4bd8d
🔍 Embed URL kontrol ediliyor: https://vidlax1.xyz/embed/140bc258a0a4bd8d
📄 Embed sayfa içeriği alındı, boyut: 41355 karakter
🎬 Video Başlığı: Breeders
📝 Video Açıklaması: 2.Sezon 8.Bölüm
🎯 Tam Başlık: Breeders - 2.Sezon 8.Bölüm
🎯 HEX DECODE - m3u8 bulundu: https://vidlax.xyz/upload/f9558a33b5b727e7005bb00fa2bc9d19bea1/master.m3u8
      ✅ Breeders - 2.Sezon 8.Bölüm - 1 m3u8
   🔍 [19/40] Bölüm: https://diziyiizle2.com/breeders/2-sezon-9-bolum/
📺 Embed URL bulundu: https://vidlax1.xyz/embed/49c1df8c04e39ab3
🔍 Embed URL kontrol ediliyor: https://vidlax1.xyz/embed/49c1df8c04e39ab3
📄 Embed sayfa içeriği alındı, boyut: 41559 karakter
🎬 Video Başlığı: Breeders
📝 Video Açıklaması: 2.Sezon 9.Bölüm
🎯 Tam Başlık: Breeders - 2.Sezon 9.Bölüm
🎯 HEX DECODE - m3u8 bulundu: https://vidlax.xyz/upload/97aa5ea8dd4842e8f687444dcec9712cf314/master.m3u8
      ✅ Breeders - 2.Sezon 9.Bölüm - 1 m3u8
   🔍 [20/40] Bölüm: https://diziyiizle2.com/breeders/2-sezon-10-bolum/
📺 Embed URL bulundu: https://vidlax1.xyz/embed/a5e65deb85ae3f5f
🔍 Embed URL kontrol ediliyor: https://vidlax1.xyz/embed/a5e65deb85ae3f5f
📄 Embed sayfa içeriği alındı, boyut: 41356 karakter
🎬 Video Başlığı: Breeders
📝 Video Açıklaması: 2.Sezon 10.Bölüm
🎯 Tam Başlık: Breeders - 2.Sezon 10.Bölüm
🎯 HEX DECODE - m3u8 bulundu: https://vidlax.xyz/upload/4b51ca75d218510eb30c7f70859b571f7d84/master.m3u8
      ✅ Breeders - 2.Sezon 10.Bölüm - 1 m3u8
   🔍 [21/40] Bölüm: https://diziyiizle2.com/breeders/3-sezon-1-bolum/
📺 Embed URL bulundu: https://vidlax1.xyz/embed/136adfe09570f82a
🔍 Embed URL kontrol ediliyor: https://vidlax1.xyz/embed/136adfe09570f82a
📄 Embed sayfa içeriği alındı, boyut: 41550 karakter
🎬 Video Başlığı: Breeders
📝 Video Açıklaması: 3.Sezon 1.Bölüm
🎯 Tam Başlık: Breeders - 3.Sezon 1.Bölüm
🎯 HEX DECODE - m3u8 bulundu: https://vidlax.xyz/upload/9e93e8e8c1f01b12480bdaa1c7c97ddcd774/master.m3u8
      ✅ Breeders - 3.Sezon 1.Bölüm - 1 m3u8
   🔍 [22/40] Bölüm: https://diziyiizle2.com/breeders/3-sezon-2-bolum/
📺 Embed URL bulundu: https://vidlax1.xyz/embed/4e891a0917fe3321
🔍 Embed URL kontrol ediliyor: https://vidlax1.xyz/embed/4e891a0917fe3321
📄 Embed sayfa içeriği alındı, boyut: 41550 karakter
🎬 Video Başlığı: Breeders
📝 Video Açıklaması: 3.Sezon 2.Bölüm
🎯 Tam Başlık: Breeders - 3.Sezon 2.Bölüm
🎯 HEX DECODE - m3u8 bulundu: https://vidlax.xyz/upload/ec5685b66acd9fdb532faf83c51b2e74deb2/master.m3u8
      ✅ Breeders - 3.Sezon 2.Bölüm - 1 m3u8
   🔍 [23/40] Bölüm: https://diziyiizle2.com/breeders/3-sezon-3-bolum/
📺 Embed URL bulundu: https://vidlax1.xyz/embed/a6cff1762d9cea26
🔍 Embed URL kontrol ediliyor: https://vidlax1.xyz/embed/a6cff1762d9cea26
📄 Embed sayfa içeriği alındı, boyut: 41550 karakter
🎬 Video Başlığı: Breeders
📝 Video Açıklaması: 3.Sezon 3.Bölüm
🎯 Tam Başlık: Breeders - 3.Sezon 3.Bölüm
🎯 HEX DECODE - m3u8 bulundu: https://vidlax.xyz/upload/675a3f0dff63b455680e1a8d0049c78c15af/master.m3u8
      ✅ Breeders - 3.Sezon 3.Bölüm - 1 m3u8
   🔍 [24/40] Bölüm: https://diziyiizle2.com/breeders/3-sezon-4-bolum/
📺 Embed URL bulundu: https://vidlax1.xyz/embed/d8ee88b1e98e8e21
🔍 Embed URL kontrol ediliyor: https://vidlax1.xyz/embed/d8ee88b1e98e8e21
📄 Embed sayfa içeriği alındı, boyut: 41550 karakter
🎬 Video Başlığı: Breeders
📝 Video Açıklaması: 3.Sezon 4.Bölüm
🎯 Tam Başlık: Breeders - 3.Sezon 4.Bölüm
🎯 HEX DECODE - m3u8 bulundu: https://vidlax.xyz/upload/97c6b0afa103616b0fd3a86b51415878fdbf/master.m3u8
      ✅ Breeders - 3.Sezon 4.Bölüm - 1 m3u8
   🔍 [25/40] Bölüm: https://diziyiizle2.com/breeders/3-sezon-5-bolum/
📺 Embed URL bulundu: https://vidlax1.xyz/embed/3e43e7f3ce07fbb8
🔍 Embed URL kontrol ediliyor: https://vidlax1.xyz/embed/3e43e7f3ce07fbb8
📄 Embed sayfa içeriği alındı, boyut: 41540 karakter
🎬 Video Başlığı: Breeders
📝 Video Açıklaması: 3.Sezon 5.Bölüm
🎯 Tam Başlık: Breeders - 3.Sezon 5.Bölüm
🎯 HEX DECODE - m3u8 bulundu: https://vidlax.xyz/upload/d6da10b33ee3fabd6bf431f16d8c4c3cb0e6/master.m3u8
      ✅ Breeders - 3.Sezon 5.Bölüm - 1 m3u8
   🔍 [26/40] Bölüm: https://diziyiizle2.com/breeders/3-sezon-6-bolum/
📺 Embed URL bulundu: https://vidlax1.xyz/embed/6ebbf438a53f9237
🔍 Embed URL kontrol ediliyor: https://vidlax1.xyz/embed/6ebbf438a53f9237
📄 Embed sayfa içeriği alındı, boyut: 41550 karakter
🎬 Video Başlığı: Breeders
📝 Video Açıklaması: 3.Sezon 6.Bölüm
🎯 Tam Başlık: Breeders - 3.Sezon 6.Bölüm
🎯 HEX DECODE - m3u8 bulundu: https://vidlax.xyz/upload/e547d6989535af39abc0635fdc2b63e03eb3/master.m3u8
      ✅ Breeders - 3.Sezon 6.Bölüm - 1 m3u8
   🔍 [27/40] Bölüm: https://diziyiizle2.com/breeders/3-sezon-7-bolum/
📺 Embed URL bulundu: https://vidlax1.xyz/embed/8d42fd5001524f32
🔍 Embed URL kontrol ediliyor: https://vidlax1.xyz/embed/8d42fd5001524f32
📄 Embed sayfa içeriği alındı, boyut: 41550 karakter
🎬 Video Başlığı: Breeders
📝 Video Açıklaması: 3.Sezon 7.Bölüm
🎯 Tam Başlık: Breeders - 3.Sezon 7.Bölüm
🎯 HEX DECODE - m3u8 bulundu: https://vidlax.xyz/upload/dcb233012d3c9ae7490c2dc464938593a043/master.m3u8
      ✅ Breeders - 3.Sezon 7.Bölüm - 1 m3u8
   🔍 [28/40] Bölüm: https://diziyiizle2.com/breeders/3-sezon-8-bolum/
📺 Embed URL bulundu: https://vidlax1.xyz/embed/2982b8d13eaa43f8
🔍 Embed URL kontrol ediliyor: https://vidlax1.xyz/embed/2982b8d13eaa43f8
📄 Embed sayfa içeriği alındı, boyut: 41364 karakter
🎬 Video Başlığı: Breeders
📝 Video Açıklaması: 3.Sezon 8.Bölüm
🎯 Tam Başlık: Breeders - 3.Sezon 8.Bölüm
🎯 HEX DECODE - m3u8 bulundu: https://vidlax.xyz/upload/d9d3ea668d6be4263f3448f8453791ebb1e0/master.m3u8
      ✅ Breeders - 3.Sezon 8.Bölüm - 1 m3u8
   🔍 [29/40] Bölüm: https://diziyiizle2.com/breeders/3-sezon-9-bolum/
📺 Embed URL bulundu: https://vidlax1.xyz/embed/64eb31888c5761d8
🔍 Embed URL kontrol ediliyor: https://vidlax1.xyz/embed/64eb31888c5761d8
📄 Embed sayfa içeriği alındı, boyut: 41550 karakter
🎬 Video Başlığı: Breeders
📝 Video Açıklaması: 3.Sezon 9.Bölüm
🎯 Tam Başlık: Breeders - 3.Sezon 9.Bölüm
🎯 HEX DECODE - m3u8 bulundu: https://vidlax.xyz/upload/bb20db857c703416716632c76d13aedeab94/master.m3u8
      ✅ Breeders - 3.Sezon 9.Bölüm - 1 m3u8
   🔍 [30/40] Bölüm: https://diziyiizle2.com/breeders/3-sezon-10-bolum/
📺 Embed URL bulundu: https://vidlax1.xyz/embed/3031270708df24e3
🔍 Embed URL kontrol ediliyor: https://vidlax1.xyz/embed/3031270708df24e3
📄 Embed sayfa içeriği alındı, boyut: 41541 karakter
🎬 Video Başlığı: Breeders
📝 Video Açıklaması: 3.Sezon 10.Bölüm
🎯 Tam Başlık: Breeders - 3.Sezon 10.Bölüm
🎯 HEX DECODE - m3u8 bulundu: https://vidlax.xyz/upload/15f8f9b954cfd51f9f89ccfed6ecfd74c4f8/master.m3u8
      ✅ Breeders - 3.Sezon 10.Bölüm - 1 m3u8
   🔍 [31/40] Bölüm: https://diziyiizle2.com/breeders/4-sezon-1-bolum/

🔍 Vidlax direkt analizi: https://diziyiizle2.com/breeders/4-sezon-1-bolum/
📄 Sayfa içeriği alındı: 104394 karakter
❌ m3u8 URL'si bulunamadı
      ❌ m3u8 bulunamadı
   🔍 [32/40] Bölüm: https://diziyiizle2.com/breeders/4-sezon-2-bolum/

🔍 Vidlax direkt analizi: https://diziyiizle2.com/breeders/4-sezon-2-bolum/
📄 Sayfa içeriği alındı: 104394 karakter
❌ m3u8 URL'si bulunamadı
      ❌ m3u8 bulunamadı
   🔍 [33/40] Bölüm: https://diziyiizle2.com/breeders/4-sezon-3-bolum/

🔍 Vidlax direkt analizi: https://diziyiizle2.com/breeders/4-sezon-3-bolum/
📄 Sayfa içeriği alındı: 104394 karakter
❌ m3u8 URL'si bulunamadı
      ❌ m3u8 bulunamadı
   🔍 [34/40] Bölüm: https://diziyiizle2.com/breeders/4-sezon-4-bolum/

🔍 Vidlax direkt analizi: https://diziyiizle2.com/breeders/4-sezon-4-bolum/
📄 Sayfa içeriği alındı: 104394 karakter
❌ m3u8 URL'si bulunamadı
      ❌ m3u8 bulunamadı
   🔍 [35/40] Bölüm: https://diziyiizle2.com/breeders/4-sezon-5-bolum/

🔍 Vidlax direkt analizi: https://diziyiizle2.com/breeders/4-sezon-5-bolum/
📄 Sayfa içeriği alındı: 104394 karakter
❌ m3u8 URL'si bulunamadı
      ❌ m3u8 bulunamadı
   🔍 [36/40] Bölüm: https://diziyiizle2.com/breeders/4-sezon-6-bolum/

🔍 Vidlax direkt analizi: https://diziyiizle2.com/breeders/4-sezon-6-bolum/
📄 Sayfa içeriği alındı: 104394 karakter
❌ m3u8 URL'si bulunamadı
      ❌ m3u8 bulunamadı
   🔍 [37/40] Bölüm: https://diziyiizle2.com/breeders/4-sezon-7-bolum/

🔍 Vidlax direkt analizi: https://diziyiizle2.com/breeders/4-sezon-7-bolum/
📄 Sayfa içeriği alındı: 104393 karakter
❌ m3u8 URL'si bulunamadı
      ❌ m3u8 bulunamadı
   🔍 [38/40] Bölüm: https://diziyiizle2.com/breeders/4-sezon-8-bolum/

🔍 Vidlax direkt analizi: https://diziyiizle2.com/breeders/4-sezon-8-bolum/
📄 Sayfa içeriği alındı: 104394 karakter
❌ m3u8 URL'si bulunamadı
      ❌ m3u8 bulunamadı
   🔍 [39/40] Bölüm: https://diziyiizle2.com/breeders/4-sezon-9-bolum/

🔍 Vidlax direkt analizi: https://diziyiizle2.com/breeders/4-sezon-9-bolum/
📄 Sayfa içeriği alındı: 104394 karakter
❌ m3u8 URL'si bulunamadı
      ❌ m3u8 bulunamadı
   🔍 [40/40] Bölüm: https://diziyiizle2.com/breeders/4-sezon-10-bolum/

🔍 Vidlax direkt analizi: https://diziyiizle2.com/breeders/4-sezon-10-bolum/
📄 Sayfa içeriği alındı: 104412 karakter
❌ m3u8 URL'si bulunamadı
      ❌ m3u8 bulunamadı
      📁 Dizi playlist: playlists/breeders_playlist.m3u
   ✅ Dizi tamamlandı: 30 m3u8 eklendi

============================================================
🎬 [7/56] İşleniyor: https://diziyiizle2.com/dizi/yildizlarin-altinda/
📺 Bölüm bulundu: 1. Sezon 1. BölümDublaj30.10.202556 dk. - https://diziyiizle2.com/yildizlarin-altinda/1-sezon-1-bolum/
📺 Bölüm bulundu: 1. Sezon 2. BölümDublaj30.10.202554 dk. - https://diziyiizle2.com/yildizlarin-altinda/1-sezon-2-bolum/
📺 Bölüm bulundu: 1. Sezon 3. BölümDublaj30.10.202554 dk. - https://diziyiizle2.com/yildizlarin-altinda/1-sezon-3-bolum/
📺 Bölüm bulundu: 1. Sezon 4. BölümDublaj30.10.202555 dk. - https://diziyiizle2.com/yildizlarin-altinda/1-sezon-4-bolum/
📺 Bölüm bulundu: 1. Sezon 5. BölümDublaj30.10.202553 dk. - https://diziyiizle2.com/yildizlarin-altinda/1-sezon-5-bolum/
📺 Bölüm bulundu: 1. Sezon 6. BölümDublaj30.10.202554 dk. - https://diziyiizle2.com/yildizlarin-altinda/1-sezon-6-bolum/
📺 Bölüm bulundu: 1. Sezon 7. BölümDublaj30.10.202554 dk. - https://diziyiizle2.com/yildizlarin-altinda/1-sezon-7-bolum/
📺 Bölüm bulundu: 1. Sezon 8. BölümDublaj30.10.202553 dk. - https://diziyiizle2.com/yildizlarin-altinda/1-sezon-8-bolum/

📊 Toplam 8 bölüm bulundu
   🔍 [1/8] Bölüm: https://diziyiizle2.com/yildizlarin-altinda/1-sezon-1-bolum/
📺 Embed URL bulundu: https://vidlax1.xyz/embed/d88be1c3d66cfd3b
🔍 Embed URL kontrol ediliyor: https://vidlax1.xyz/embed/d88be1c3d66cfd3b
📄 Embed sayfa içeriği alındı, boyut: 39483 karakter
🎬 Video Başlığı: Night Sky
📝 Video Açıklaması: 1.Sezon 1.Bölüm
🎯 Tam Başlık: Night Sky - 1.Sezon 1.Bölüm
🎯 HEX DECODE - m3u8 bulundu: https://vidlax.xyz/upload/aa832427c00c8c19ed6073457cd33c884178/master.m3u8
      ✅ Night Sky - 1.Sezon 1.Bölüm - 1 m3u8
   🔍 [2/8] Bölüm: https://diziyiizle2.com/yildizlarin-altinda/1-sezon-2-bolum/
📺 Embed URL bulundu: https://vidlax1.xyz/embed/c42142082b0a1685
🔍 Embed URL kontrol ediliyor: https://vidlax1.xyz/embed/c42142082b0a1685
📄 Embed sayfa içeriği alındı, boyut: 39483 karakter
🎬 Video Başlığı: Night Sky
📝 Video Açıklaması: 1.Sezon 2.Bölüm
🎯 Tam Başlık: Night Sky - 1.Sezon 2.Bölüm
🎯 HEX DECODE - m3u8 bulundu: https://vidlax.xyz/upload/1cf5f350809120bd902296f66079689e43ce/master.m3u8
      ✅ Night Sky - 1.Sezon 2.Bölüm - 1 m3u8
   🔍 [3/8] Bölüm: https://diziyiizle2.com/yildizlarin-altinda/1-sezon-3-bolum/
📺 Embed URL bulundu: https://vidlax1.xyz/embed/15a27fd88eb420cb
🔍 Embed URL kontrol ediliyor: https://vidlax1.xyz/embed/15a27fd88eb420cb
📄 Embed sayfa içeriği alındı, boyut: 39483 karakter
🎬 Video Başlığı: Night Sky
📝 Video Açıklaması: 1.Sezon 3.Bölüm
🎯 Tam Başlık: Night Sky - 1.Sezon 3.Bölüm
🎯 HEX DECODE - m3u8 bulundu: https://vidlax.xyz/upload/3841240da726719724bc3581ed65ebe73df3/master.m3u8
      ✅ Night Sky - 1.Sezon 3.Bölüm - 1 m3u8
   🔍 [4/8] Bölüm: https://diziyiizle2.com/yildizlarin-altinda/1-sezon-4-bolum/
📺 Embed URL bulundu: https://vidlax1.xyz/embed/6abac4caa6cd8187
🔍 Embed URL kontrol ediliyor: https://vidlax1.xyz/embed/6abac4caa6cd8187
📄 Embed sayfa içeriği alındı, boyut: 39483 karakter
🎬 Video Başlığı: Night Sky
📝 Video Açıklaması: 1.Sezon 4.Bölüm
🎯 Tam Başlık: Night Sky - 1.Sezon 4.Bölüm
🎯 HEX DECODE - m3u8 bulundu: https://vidlax.xyz/upload/49a49b72a6009f2797bef9734572d20dc83c/master.m3u8
      ✅ Night Sky - 1.Sezon 4.Bölüm - 1 m3u8
   🔍 [5/8] Bölüm: https://diziyiizle2.com/yildizlarin-altinda/1-sezon-5-bolum/
📺 Embed URL bulundu: https://vidlax1.xyz/embed/9c18a8fdf5254b32
🔍 Embed URL kontrol ediliyor: https://vidlax1.xyz/embed/9c18a8fdf5254b32
📄 Embed sayfa içeriği alındı, boyut: 39483 karakter
🎬 Video Başlığı: Night Sky
📝 Video Açıklaması: 1.Sezon 5.Bölüm
🎯 Tam Başlık: Night Sky - 1.Sezon 5.Bölüm
🎯 HEX DECODE - m3u8 bulundu: https://vidlax.xyz/upload/292f114117065d069cd11a8a3d2619df1911/master.m3u8
      ✅ Night Sky - 1.Sezon 5.Bölüm - 1 m3u8
   🔍 [6/8] Bölüm: https://diziyiizle2.com/yildizlarin-altinda/1-sezon-6-bolum/
📺 Embed URL bulundu: https://vidlax1.xyz/embed/09a81651314d2cf8
🔍 Embed URL kontrol ediliyor: https://vidlax1.xyz/embed/09a81651314d2cf8
📄 Embed sayfa içeriği alındı, boyut: 39483 karakter
🎬 Video Başlığı: Night Sky
📝 Video Açıklaması: 1.Sezon 6.Bölüm
🎯 Tam Başlık: Night Sky - 1.Sezon 6.Bölüm
🎯 HEX DECODE - m3u8 bulundu: https://vidlax.xyz/upload/06fa4cdb67bddd606c98a6c21fbf9d64cddf/master.m3u8
      ✅ Night Sky - 1.Sezon 6.Bölüm - 1 m3u8
   🔍 [7/8] Bölüm: https://diziyiizle2.com/yildizlarin-altinda/1-sezon-7-bolum/
📺 Embed URL bulundu: https://vidlax1.xyz/embed/e56677239e6408dd
🔍 Embed URL kontrol ediliyor: https://vidlax1.xyz/embed/e56677239e6408dd
📄 Embed sayfa içeriği alındı, boyut: 39483 karakter
🎬 Video Başlığı: Night Sky
📝 Video Açıklaması: 1.Sezon 7.Bölüm
🎯 Tam Başlık: Night Sky - 1.Sezon 7.Bölüm
🎯 HEX DECODE - m3u8 bulundu: https://vidlax.xyz/upload/0bd9195b294e28aaa0e2e3d845c1f86b1991/master.m3u8
      ✅ Night Sky - 1.Sezon 7.Bölüm - 1 m3u8
   🔍 [8/8] Bölüm: https://diziyiizle2.com/yildizlarin-altinda/1-sezon-8-bolum/
📺 Embed URL bulundu: https://vidlax1.xyz/embed/03811955c5be8d3c
🔍 Embed URL kontrol ediliyor: https://vidlax1.xyz/embed/03811955c5be8d3c
📄 Embed sayfa içeriği alındı, boyut: 39483 karakter
🎬 Video Başlığı: Night Sky
📝 Video Açıklaması: 1.Sezon 8.Bölüm
🎯 Tam Başlık: Night Sky - 1.Sezon 8.Bölüm
🎯 HEX DECODE - m3u8 bulundu: https://vidlax.xyz/upload/4a77cf775389d43b10dab6aa8d6a38d00b21/master.m3u8
      ✅ Night Sky - 1.Sezon 8.Bölüm - 1 m3u8
      📁 Dizi playlist: playlists/yildizlarin_altinda_playlist.m3u
   ✅ Dizi tamamlandı: 8 m3u8 eklendi

============================================================
🎬 [8/56] İşleniyor: https://diziyiizle2.com/dizi/memeliler/
📺 Bölüm bulundu: 1. Sezon 1. BölümDublaj30.10.202526 dk. - https://diziyiizle2.com/memeliler/1-sezon-1-bolum/
📺 Bölüm bulundu: 1. Sezon 2. BölümDublaj30.10.202530 dk. - https://diziyiizle2.com/memeliler/1-sezon-2-bolum/
📺 Bölüm bulundu: 1. Sezon 3. BölümDublaj30.10.202524 dk. - https://diziyiizle2.com/memeliler/1-sezon-3-bolum/
📺 Bölüm bulundu: 1. Sezon 4. BölümDublaj30.10.202528 dk. - https://diziyiizle2.com/memeliler/1-sezon-4-bolum/
📺 Bölüm bulundu: 1. Sezon 5. BölümDublaj30.10.202523 dk. - https://diziyiizle2.com/memeliler/1-sezon-5-bolum/
📺 Bölüm bulundu: 1. Sezon 6. BölümDublaj30.10.202528 dk. - https://diziyiizle2.com/memeliler/1-sezon-6-bolum/

📊 Toplam 6 bölüm bulundu
   🔍 [1/6] Bölüm: https://diziyiizle2.com/memeliler/1-sezon-1-bolum/
📺 Embed URL bulundu: https://vidlax1.xyz/embed/1e3ce891fe3be2d9
🔍 Embed URL kontrol ediliyor: https://vidlax1.xyz/embed/1e3ce891fe3be2d9
📄 Embed sayfa içeriği alındı, boyut: 39481 karakter
🎬 Video Başlığı: Mammals
📝 Video Açıklaması: 1.Sezon 1.Bölüm
🎯 Tam Başlık: Mammals - 1.Sezon 1.Bölüm
🎯 HEX DECODE - m3u8 bulundu: https://vidlax.xyz/upload/fb7dc1523a09f5c4410d4a10f4fc23b1759f/master.m3u8
      ✅ Mammals - 1.Sezon 1.Bölüm - 1 m3u8
   🔍 [2/6] Bölüm: https://diziyiizle2.com/memeliler/1-sezon-2-bolum/
📺 Embed URL bulundu: https://vidlax1.xyz/embed/167bd3afda00ff2a
🔍 Embed URL kontrol ediliyor: https://vidlax1.xyz/embed/167bd3afda00ff2a
📄 Embed sayfa içeriği alındı, boyut: 39481 karakter
🎬 Video Başlığı: Mammals
📝 Video Açıklaması: 1.Sezon 2.Bölüm
🎯 Tam Başlık: Mammals - 1.Sezon 2.Bölüm
🎯 HEX DECODE - m3u8 bulundu: https://vidlax.xyz/upload/e9a482dd2b1184dda9d37bb7949cbf2ef492/master.m3u8
      ✅ Mammals - 1.Sezon 2.Bölüm - 1 m3u8
   🔍 [3/6] Bölüm: https://diziyiizle2.com/memeliler/1-sezon-3-bolum/
📺 Embed URL bulundu: https://vidlax1.xyz/embed/1eea406e402afa30
🔍 Embed URL kontrol ediliyor: https://vidlax1.xyz/embed/1eea406e402afa30
📄 Embed sayfa içeriği alındı, boyut: 39481 karakter
🎬 Video Başlığı: Mammals
📝 Video Açıklaması: 1.Sezon 3.Bölüm
🎯 Tam Başlık: Mammals - 1.Sezon 3.Bölüm
🎯 HEX DECODE - m3u8 bulundu: https://vidlax.xyz/upload/c3b8d0e20b45247623c0ba36afce9bc85b77/master.m3u8
      ✅ Mammals - 1.Sezon 3.Bölüm - 1 m3u8
   🔍 [4/6] Bölüm: https://diziyiizle2.com/memeliler/1-sezon-4-bolum/
📺 Embed URL bulundu: https://vidlax1.xyz/embed/9d625e3fa92a77b1
🔍 Embed URL kontrol ediliyor: https://vidlax1.xyz/embed/9d625e3fa92a77b1
📄 Embed sayfa içeriği alındı, boyut: 39481 karakter
🎬 Video Başlığı: Mammals
📝 Video Açıklaması: 1.Sezon 4.Bölüm
🎯 Tam Başlık: Mammals - 1.Sezon 4.Bölüm
🎯 HEX DECODE - m3u8 bulundu: https://vidlax.xyz/upload/d74973bd4e91d5e282f4ddcf639180e7228f/master.m3u8
      ✅ Mammals - 1.Sezon 4.Bölüm - 1 m3u8
   🔍 [5/6] Bölüm: https://diziyiizle2.com/memeliler/1-sezon-5-bolum/
📺 Embed URL bulundu: https://vidlax1.xyz/embed/edc4c8abd4ad3cc8
🔍 Embed URL kontrol ediliyor: https://vidlax1.xyz/embed/edc4c8abd4ad3cc8
📄 Embed sayfa içeriği alındı, boyut: 39481 karakter
🎬 Video Başlığı: Mammals
📝 Video Açıklaması: 1.Sezon 5.Bölüm
🎯 Tam Başlık: Mammals - 1.Sezon 5.Bölüm
🎯 HEX DECODE - m3u8 bulundu: https://vidlax.xyz/upload/47ad0c654a7cf62cf5064f86eefe344ebf60/master.m3u8
      ✅ Mammals - 1.Sezon 5.Bölüm - 1 m3u8
   🔍 [6/6] Bölüm: https://diziyiizle2.com/memeliler/1-sezon-6-bolum/
📺 Embed URL bulundu: https://vidlax1.xyz/embed/a465c5386568cdff
🔍 Embed URL kontrol ediliyor: https://vidlax1.xyz/embed/a465c5386568cdff
📄 Embed sayfa içeriği alındı, boyut: 39481 karakter
🎬 Video Başlığı: Mammals
📝 Video Açıklaması: 1.Sezon 6.Bölüm
🎯 Tam Başlık: Mammals - 1.Sezon 6.Bölüm
🎯 HEX DECODE - m3u8 bulundu: https://vidlax.xyz/upload/38c14302c84d9fc7c2ff745081dfb8da22c4/master.m3u8
      ✅ Mammals - 1.Sezon 6.Bölüm - 1 m3u8
      📁 Dizi playlist: playlists/memeliler_playlist.m3u
   ✅ Dizi tamamlandı: 6 m3u8 eklendi

============================================================
🎬 [9/56] İşleniyor: https://diziyiizle2.com/dizi/kizlar-sahada/
📺 Bölüm bulundu: 1. Sezon 1. BölümDublaj30.10.202552 dk. - https://diziyiizle2.com/kizlar-sahada/1-sezon-1-bolum/
📺 Bölüm bulundu: 1. Sezon 2. BölümDublaj30.10.202546 dk. - https://diziyiizle2.com/kizlar-sahada/1-sezon-2-bolum/
📺 Bölüm bulundu: 1. Sezon 3. BölümDublaj30.10.202555 dk. - https://diziyiizle2.com/kizlar-sahada/1-sezon-3-bolum/
📺 Bölüm bulundu: 1. Sezon 4. BölümDublaj30.10.202554 dk. - https://diziyiizle2.com/kizlar-sahada/1-sezon-4-bolum/
📺 Bölüm bulundu: 1. Sezon 5. BölümDublaj30.10.202552 dk. - https://diziyiizle2.com/kizlar-sahada/1-sezon-5-bolum/
📺 Bölüm bulundu: 1. Sezon 6. BölümDublaj30.10.202559 dk. - https://diziyiizle2.com/kizlar-sahada/1-sezon-6-bolum/
📺 Bölüm bulundu: 1. Sezon 7. BölümDublaj30.10.202553 dk. - https://diziyiizle2.com/kizlar-sahada/1-sezon-7-bolum/
📺 Bölüm bulundu: 1. Sezon 8. BölümAltyazılı30.10.202560 dk. - https://diziyiizle2.com/kizlar-sahada/1-sezon-8-bolum/

📊 Toplam 8 bölüm bulundu
   🔍 [1/8] Bölüm: https://diziyiizle2.com/kizlar-sahada/1-sezon-1-bolum/
📺 Embed URL bulundu: https://vidlax1.xyz/embed/2f0f82ae3207a5cf
🔍 Embed URL kontrol ediliyor: https://vidlax1.xyz/embed/2f0f82ae3207a5cf
📄 Embed sayfa içeriği alındı, boyut: 39495 karakter
🎬 Video Başlığı: A League of Their Own
📝 Video Açıklaması: 1.Sezon 1.Bölüm
🎯 Tam Başlık: A League of Their Own - 1.Sezon 1.Bölüm
🎯 HEX DECODE - m3u8 bulundu: https://vidlax.xyz/upload/7d61763c0763cbf1d3af0380d94b594be2ba/master.m3u8
      ✅ A League of Their Own - 1.Sezon 1.Bölüm - 1 m3u8
   🔍 [2/8] Bölüm: https://diziyiizle2.com/kizlar-sahada/1-sezon-2-bolum/
📺 Embed URL bulundu: https://vidlax1.xyz/embed/bdafe3482b53943e
🔍 Embed URL kontrol ediliyor: https://vidlax1.xyz/embed/bdafe3482b53943e
📄 Embed sayfa içeriği alındı, boyut: 39495 karakter
🎬 Video Başlığı: A League of Their Own
📝 Video Açıklaması: 1.Sezon 2.Bölüm
🎯 Tam Başlık: A League of Their Own - 1.Sezon 2.Bölüm
🎯 HEX DECODE - m3u8 bulundu: https://vidlax.xyz/upload/0116e1dae687d0a0b2c7f6dcf6a939a04eed/master.m3u8
      ✅ A League of Their Own - 1.Sezon 2.Bölüm - 1 m3u8
   🔍 [3/8] Bölüm: https://diziyiizle2.com/kizlar-sahada/1-sezon-3-bolum/
📺 Embed URL bulundu: https://vidlax1.xyz/embed/86725e340a8554b1
🔍 Embed URL kontrol ediliyor: https://vidlax1.xyz/embed/86725e340a8554b1
📄 Embed sayfa içeriği alındı, boyut: 39495 karakter
🎬 Video Başlığı: A League of Their Own
📝 Video Açıklaması: 1.Sezon 3.Bölüm
🎯 Tam Başlık: A League of Their Own - 1.Sezon 3.Bölüm
🎯 HEX DECODE - m3u8 bulundu: https://vidlax.xyz/upload/6dd5dba4bc0d0aa0e745732d7ffa3722a218/master.m3u8
      ✅ A League of Their Own - 1.Sezon 3.Bölüm - 1 m3u8
   🔍 [4/8] Bölüm: https://diziyiizle2.com/kizlar-sahada/1-sezon-4-bolum/
📺 Embed URL bulundu: https://vidlax1.xyz/embed/b6fc4f21d54279bd
🔍 Embed URL kontrol ediliyor: https://vidlax1.xyz/embed/b6fc4f21d54279bd
📄 Embed sayfa içeriği alındı, boyut: 39495 karakter
🎬 Video Başlığı: A League of Their Own
📝 Video Açıklaması: 1.Sezon 4.Bölüm
🎯 Tam Başlık: A League of Their Own - 1.Sezon 4.Bölüm
🎯 HEX DECODE - m3u8 bulundu: https://vidlax.xyz/upload/20d51ae0dca86c60a19f76477d2ba0ce29ac/master.m3u8
      ✅ A League of Their Own - 1.Sezon 4.Bölüm - 1 m3u8
   🔍 [5/8] Bölüm: https://diziyiizle2.com/kizlar-sahada/1-sezon-5-bolum/
📺 Embed URL bulundu: https://vidlax1.xyz/embed/05d0dfaddedbcd17
🔍 Embed URL kontrol ediliyor: https://vidlax1.xyz/embed/05d0dfaddedbcd17
📄 Embed sayfa içeriği alındı, boyut: 39495 karakter
🎬 Video Başlığı: A League of Their Own
📝 Video Açıklaması: 1.Sezon 5.Bölüm
🎯 Tam Başlık: A League of Their Own - 1.Sezon 5.Bölüm
🎯 HEX DECODE - m3u8 bulundu: https://vidlax.xyz/upload/d50c92217629eaf5073a7d5c80da49e22e0c/master.m3u8
      ✅ A League of Their Own - 1.Sezon 5.Bölüm - 1 m3u8
   🔍 [6/8] Bölüm: https://diziyiizle2.com/kizlar-sahada/1-sezon-6-bolum/
📺 Embed URL bulundu: https://vidlax1.xyz/embed/58827b564df83781
🔍 Embed URL kontrol ediliyor: https://vidlax1.xyz/embed/58827b564df83781
📄 Embed sayfa içeriği alındı, boyut: 39495 karakter
🎬 Video Başlığı: A League of Their Own
📝 Video Açıklaması: 1.Sezon 6.Bölüm
🎯 Tam Başlık: A League of Their Own - 1.Sezon 6.Bölüm
🎯 HEX DECODE - m3u8 bulundu: https://vidlax.xyz/upload/ed0cbc79eaffe21a8253099fd112cfabaa18/master.m3u8
      ✅ A League of Their Own - 1.Sezon 6.Bölüm - 1 m3u8
   🔍 [7/8] Bölüm: https://diziyiizle2.com/kizlar-sahada/1-sezon-7-bolum/
📺 Embed URL bulundu: https://vidlax1.xyz/embed/32dee97f0cc03559
🔍 Embed URL kontrol ediliyor: https://vidlax1.xyz/embed/32dee97f0cc03559
📄 Embed sayfa içeriği alındı, boyut: 39495 karakter
🎬 Video Başlığı: A League of Their Own
📝 Video Açıklaması: 1.Sezon 7.Bölüm
🎯 Tam Başlık: A League of Their Own - 1.Sezon 7.Bölüm
🎯 HEX DECODE - m3u8 bulundu: https://vidlax.xyz/upload/83a6df8fab27e806dedea60ee1f22b098e00/master.m3u8
      ✅ A League of Their Own - 1.Sezon 7.Bölüm - 1 m3u8
   🔍 [8/8] Bölüm: https://diziyiizle2.com/kizlar-sahada/1-sezon-8-bolum/

🔍 Vidlax direkt analizi: https://diziyiizle2.com/kizlar-sahada/1-sezon-8-bolum/
📄 Sayfa içeriği alındı: 61401 karakter
❌ m3u8 URL'si bulunamadı
      ❌ m3u8 bulunamadı
      📁 Dizi playlist: playlists/kizlar_sahada_playlist.m3u
   ✅ Dizi tamamlandı: 7 m3u8 eklendi

============================================================
🎬 [10/56] İşleniyor: https://diziyiizle2.com/dizi/ozel-iliskiler/
📺 Bölüm bulundu: 1. Sezon 1. BölümDublaj30.10.202552 dk. - https://diziyiizle2.com/ozel-iliskiler/1-sezon-1-bolum/
📺 Bölüm bulundu: 1. Sezon 2. BölümDublaj30.10.202545 dk. - https://diziyiizle2.com/ozel-iliskiler/1-sezon-2-bolum/
📺 Bölüm bulundu: 1. Sezon 3. BölümDublaj30.10.202541 dk. - https://diziyiizle2.com/ozel-iliskiler/1-sezon-3-bolum/
📺 Bölüm bulundu: 1. Sezon 4. BölümDublaj30.10.202544 dk. - https://diziyiizle2.com/ozel-iliskiler/1-sezon-4-bolum/
📺 Bölüm bulundu: 1. Sezon 5. BölümDublaj30.10.202543 dk. - https://diziyiizle2.com/ozel-iliskiler/1-sezon-5-bolum/
📺 Bölüm bulundu: 1. Sezon 6. BölümDublaj30.10.202543 dk. - https://diziyiizle2.com/ozel-iliskiler/1-sezon-6-bolum/
📺 Bölüm bulundu: 1. Sezon 7. BölümDublaj30.10.202546 dk. - https://diziyiizle2.com/ozel-iliskiler/1-sezon-7-bolum/
📺 Bölüm bulundu: 1. Sezon 8. BölümDublaj30.10.202548 dk. - https://diziyiizle2.com/ozel-iliskiler/1-sezon-8-bolum/

📊 Toplam 8 bölüm bulundu
   🔍 [1/8] Bölüm: https://diziyiizle2.com/ozel-iliskiler/1-sezon-1-bolum/
📺 Embed URL bulundu: https://vidlax1.xyz/embed/ad6bef7048b2acda
🔍 Embed URL kontrol ediliyor: https://vidlax1.xyz/embed/ad6bef7048b2acda
📄 Embed sayfa içeriği alındı, boyut: 39490 karakter
🎬 Video Başlığı: A Private Affair
📝 Video Açıklaması: 1.Sezon 1.Bölüm
🎯 Tam Başlık: A Private Affair - 1.Sezon 1.Bölüm
🎯 HEX DECODE - m3u8 bulundu: https://vidlax.xyz/upload/b10e2fa1271a6aee029b4b7da04d09816be4/master.m3u8
      ✅ A Private Affair - 1.Sezon 1.Bölüm - 1 m3u8
   🔍 [2/8] Bölüm: https://diziyiizle2.com/ozel-iliskiler/1-sezon-2-bolum/
📺 Embed URL bulundu: https://vidlax1.xyz/embed/92f00f0aeccc6179
🔍 Embed URL kontrol ediliyor: https://vidlax1.xyz/embed/92f00f0aeccc6179
📄 Embed sayfa içeriği alındı, boyut: 39490 karakter
🎬 Video Başlığı: A Private Affair
📝 Video Açıklaması: 1.Sezon 2.Bölüm
🎯 Tam Başlık: A Private Affair - 1.Sezon 2.Bölüm
🎯 HEX DECODE - m3u8 bulundu: https://vidlax.xyz/upload/e94e2fa92f2503764fd9ecc4f3a72d546b0a/master.m3u8
      ✅ A Private Affair - 1.Sezon 2.Bölüm - 1 m3u8
   🔍 [3/8] Bölüm: https://diziyiizle2.com/ozel-iliskiler/1-sezon-3-bolum/
📺 Embed URL bulundu: https://vidlax1.xyz/embed/dd507ed07b3e148f
🔍 Embed URL kontrol ediliyor: https://vidlax1.xyz/embed/dd507ed07b3e148f
📄 Embed sayfa içeriği alındı, boyut: 39490 karakter
🎬 Video Başlığı: A Private Affair
📝 Video Açıklaması: 1.Sezon 3.Bölüm
🎯 Tam Başlık: A Private Affair - 1.Sezon 3.Bölüm
🎯 HEX DECODE - m3u8 bulundu: https://vidlax.xyz/upload/271ec12de8c9b2faf21655df6ef413312d05/master.m3u8
      ✅ A Private Affair - 1.Sezon 3.Bölüm - 1 m3u8
   🔍 [4/8] Bölüm: https://diziyiizle2.com/ozel-iliskiler/1-sezon-4-bolum/
📺 Embed URL bulundu: https://vidlax1.xyz/embed/2c23f11647368c48
🔍 Embed URL kontrol ediliyor: https://vidlax1.xyz/embed/2c23f11647368c48
📄 Embed sayfa içeriği alındı, boyut: 39490 karakter
🎬 Video Başlığı: A Private Affair
📝 Video Açıklaması: 1.Sezon 4.Bölüm
🎯 Tam Başlık: A Private Affair - 1.Sezon 4.Bölüm
🎯 HEX DECODE - m3u8 bulundu: https://vidlax.xyz/upload/cd75db6d479a48306fc0d6937149c18a1b25/master.m3u8
      ✅ A Private Affair - 1.Sezon 4.Bölüm - 1 m3u8
   🔍 [5/8] Bölüm: https://diziyiizle2.com/ozel-iliskiler/1-sezon-5-bolum/
📺 Embed URL bulundu: https://vidlax1.xyz/embed/45d71877791da9d1
🔍 Embed URL kontrol ediliyor: https://vidlax1.xyz/embed/45d71877791da9d1
📄 Embed sayfa içeriği alındı, boyut: 39490 karakter
🎬 Video Başlığı: A Private Affair
📝 Video Açıklaması: 1.Sezon 5.Bölüm
🎯 Tam Başlık: A Private Affair - 1.Sezon 5.Bölüm
🎯 HEX DECODE - m3u8 bulundu: https://vidlax.xyz/upload/234ac041582146a53983c915c15886061cd5/master.m3u8
      ✅ A Private Affair - 1.Sezon 5.Bölüm - 1 m3u8
   🔍 [6/8] Bölüm: https://diziyiizle2.com/ozel-iliskiler/1-sezon-6-bolum/
📺 Embed URL bulundu: https://vidlax1.xyz/embed/9cc44b22df8cfdbb
🔍 Embed URL kontrol ediliyor: https://vidlax1.xyz/embed/9cc44b22df8cfdbb
📄 Embed sayfa içeriği alındı, boyut: 39490 karakter
🎬 Video Başlığı: A Private Affair
📝 Video Açıklaması: 1.Sezon 6.Bölüm
🎯 Tam Başlık: A Private Affair - 1.Sezon 6.Bölüm
🎯 HEX DECODE - m3u8 bulundu: https://vidlax.xyz/upload/0a64eddadf33c05f445dd2fe40756adabaa0/master.m3u8
      ✅ A Private Affair - 1.Sezon 6.Bölüm - 1 m3u8
   🔍 [7/8] Bölüm: https://diziyiizle2.com/ozel-iliskiler/1-sezon-7-bolum/
📺 Embed URL bulundu: https://vidlax1.xyz/embed/2417a177c2132790
🔍 Embed URL kontrol ediliyor: https://vidlax1.xyz/embed/2417a177c2132790
📄 Embed sayfa içeriği alındı, boyut: 39490 karakter
🎬 Video Başlığı: A Private Affair
📝 Video Açıklaması: 1.Sezon 7.Bölüm
🎯 Tam Başlık: A Private Affair - 1.Sezon 7.Bölüm
🎯 HEX DECODE - m3u8 bulundu: https://vidlax.xyz/upload/5fe961aaad2f22a78195c8250ea1ec3b4588/master.m3u8
      ✅ A Private Affair - 1.Sezon 7.Bölüm - 1 m3u8
   🔍 [8/8] Bölüm: https://diziyiizle2.com/ozel-iliskiler/1-sezon-8-bolum/
📺 Embed URL bulundu: https://vidlax1.xyz/embed/f35822af9216852b
🔍 Embed URL kontrol ediliyor: https://vidlax1.xyz/embed/f35822af9216852b
📄 Embed sayfa içeriği alındı, boyut: 39488 karakter
🎬 Video Başlığı: Özel İlişkiler
📝 Video Açıklaması: 1.Sezon 8.Bölüm
🎯 Tam Başlık: Özel İlişkiler - 1.Sezon 8.Bölüm
🎯 HEX DECODE - m3u8 bulundu: https://vidlax.xyz/upload/cbdb41943c7fcfb50eb3438aa51f31ad1a06/master.m3u8
      ✅ Özel İlişkiler - 1.Sezon 8.Bölüm - 1 m3u8
      📁 Dizi playlist: playlists/ozel_iliskiler_playlist.m3u
   ✅ Dizi tamamlandı: 8 m3u8 eklendi

============================================================
🎬 [11/56] İşleniyor: https://diziyiizle2.com/dizi/buyuk-iskender-nasil-buyuk-oldu/
📺 Bölüm bulundu: 1. Sezon 1. BölümDublaj30.10.202544 dk. - https://diziyiizle2.com/buyuk-iskender-nasil-buyuk-oldu/1-sezon-1-bolum/
📺 Bölüm bulundu: 1. Sezon 2. BölümDublaj30.10.202538 dk. - https://diziyiizle2.com/buyuk-iskender-nasil-buyuk-oldu/1-sezon-2-bolum/
📺 Bölüm bulundu: 1. Sezon 3. BölümDublaj30.10.202538 dk. - https://diziyiizle2.com/buyuk-iskender-nasil-buyuk-oldu/1-sezon-3-bolum/
📺 Bölüm bulundu: 1. Sezon 4. BölümDublaj30.10.202538 dk. - https://diziyiizle2.com/buyuk-iskender-nasil-buyuk-oldu/1-sezon-4-bolum/
📺 Bölüm bulundu: 1. Sezon 5. BölümDublaj30.10.202538 dk. - https://diziyiizle2.com/buyuk-iskender-nasil-buyuk-oldu/1-sezon-5-bolum/
📺 Bölüm bulundu: 1. Sezon 6. BölümDublaj30.10.202537 dk. - https://diziyiizle2.com/buyuk-iskender-nasil-buyuk-oldu/1-sezon-6-bolum/

📊 Toplam 6 bölüm bulundu
   🔍 [1/6] Bölüm: https://diziyiizle2.com/buyuk-iskender-nasil-buyuk-oldu/1-sezon-1-bolum/
📺 Embed URL bulundu: https://vidlax1.xyz/embed/83f9aa0bfbbf626a
🔍 Embed URL kontrol ediliyor: https://vidlax1.xyz/embed/83f9aa0bfbbf626a
📄 Embed sayfa içeriği alındı, boyut: 39677 karakter
🎬 Video Başlığı: Alexander: The Making of a God
📝 Video Açıklaması: 1.Sezon 1.Bölüm
🎯 Tam Başlık: Alexander: The Making of a God - 1.Sezon 1.Bölüm
🎯 HEX DECODE - m3u8 bulundu: https://vidlax.xyz/upload/dc35383065d71baa9f35281dcbd8b74788b8/master.m3u8
      ✅ Alexander: The Making of a God - 1.Sezon 1.Bölüm - 1 m3u8
   🔍 [2/6] Bölüm: https://diziyiizle2.com/buyuk-iskender-nasil-buyuk-oldu/1-sezon-2-bolum/
📺 Embed URL bulundu: https://vidlax1.xyz/embed/e506b9e8c3f5320b
🔍 Embed URL kontrol ediliyor: https://vidlax1.xyz/embed/e506b9e8c3f5320b
📄 Embed sayfa içeriği alındı, boyut: 39677 karakter
🎬 Video Başlığı: Alexander: The Making of a God
📝 Video Açıklaması: 1.Sezon 2.Bölüm
🎯 Tam Başlık: Alexander: The Making of a God - 1.Sezon 2.Bölüm
🎯 HEX DECODE - m3u8 bulundu: https://vidlax.xyz/upload/6f064daf431db85f19dfa552e9eb48982d19/master.m3u8
      ✅ Alexander: The Making of a God - 1.Sezon 2.Bölüm - 1 m3u8
   🔍 [3/6] Bölüm: https://diziyiizle2.com/buyuk-iskender-nasil-buyuk-oldu/1-sezon-3-bolum/
📺 Embed URL bulundu: https://vidlax1.xyz/embed/a651fcd4b03446e7
🔍 Embed URL kontrol ediliyor: https://vidlax1.xyz/embed/a651fcd4b03446e7
📄 Embed sayfa içeriği alındı, boyut: 39850 karakter
🎬 Video Başlığı: Alexander: The Making of a God
📝 Video Açıklaması: 1.Sezon 3.Bölüm
🎯 Tam Başlık: Alexander: The Making of a God - 1.Sezon 3.Bölüm
🎯 HEX DECODE - m3u8 bulundu: https://vidlax.xyz/upload/ae2256c945e228b11ce278f087d3c87214d7/master.m3u8
      ✅ Alexander: The Making of a God - 1.Sezon 3.Bölüm - 1 m3u8
   🔍 [4/6] Bölüm: https://diziyiizle2.com/buyuk-iskender-nasil-buyuk-oldu/1-sezon-4-bolum/
📺 Embed URL bulundu: https://vidlax1.xyz/embed/860d8aca1ee4756f
🔍 Embed URL kontrol ediliyor: https://vidlax1.xyz/embed/860d8aca1ee4756f
📄 Embed sayfa içeriği alındı, boyut: 39677 karakter
🎬 Video Başlığı: Alexander: The Making of a God
📝 Video Açıklaması: 1.Sezon 4.Bölüm
🎯 Tam Başlık: Alexander: The Making of a God - 1.Sezon 4.Bölüm
🎯 HEX DECODE - m3u8 bulundu: https://vidlax.xyz/upload/ed472e3bf238e4606c4f2447db3b93f1643b/master.m3u8
      ✅ Alexander: The Making of a God - 1.Sezon 4.Bölüm - 1 m3u8
   🔍 [5/6] Bölüm: https://diziyiizle2.com/buyuk-iskender-nasil-buyuk-oldu/1-sezon-5-bolum/
📺 Embed URL bulundu: https://vidlax1.xyz/embed/ab74c757acb8c98b
🔍 Embed URL kontrol ediliyor: https://vidlax1.xyz/embed/ab74c757acb8c98b
📄 Embed sayfa içeriği alındı, boyut: 39850 karakter
🎬 Video Başlığı: Alexander: The Making of a God
📝 Video Açıklaması: 1.Sezon 5.Bölüm
🎯 Tam Başlık: Alexander: The Making of a God - 1.Sezon 5.Bölüm
🎯 HEX DECODE - m3u8 bulundu: https://vidlax.xyz/upload/319ad121d6535fa0e1d04a77466578b5db14/master.m3u8
      ✅ Alexander: The Making of a God - 1.Sezon 5.Bölüm - 1 m3u8
   🔍 [6/6] Bölüm: https://diziyiizle2.com/buyuk-iskender-nasil-buyuk-oldu/1-sezon-6-bolum/
📺 Embed URL bulundu: https://vidlax1.xyz/embed/e1277863f05ebea4
🔍 Embed URL kontrol ediliyor: https://vidlax1.xyz/embed/e1277863f05ebea4
📄 Embed sayfa içeriği alındı, boyut: 39677 karakter
🎬 Video Başlığı: Alexander: The Making of a God
📝 Video Açıklaması: 1.Sezon 6.Bölüm
🎯 Tam Başlık: Alexander: The Making of a God - 1.Sezon 6.Bölüm
🎯 HEX DECODE - m3u8 bulundu: https://vidlax.xyz/upload/0fcef53389801e7bd03a5f983defef30ab6b/master.m3u8
      ✅ Alexander: The Making of a God - 1.Sezon 6.Bölüm - 1 m3u8
      📁 Dizi playlist: playlists/buyuk_iskender_nasil_buyuk_oldu_playlist.m3u
   ✅ Dizi tamamlandı: 6 m3u8 eklendi

============================================================
🎬 [12/56] İşleniyor: https://diziyiizle2.com/dizi/disney-wisted-wonderland-the-animation/
📺 Bölüm bulundu: 1. Sezon 1. BölümAltyazılı29.10.202527 dk. - https://diziyiizle2.com/disney-wisted-wonderland-the-animation/1-sezon-1-bolum/
📺 Bölüm bulundu: 1. Sezon 2. BölümAltyazılı29.10.2025 - https://diziyiizle2.com/disney-wisted-wonderland-the-animation/1-sezon-2-bolum/
📺 Bölüm bulundu: 1. Sezon 3. BölümAltyazılı29.10.2025 - https://diziyiizle2.com/disney-wisted-wonderland-the-animation/1-sezon-3-bolum/
📺 Bölüm bulundu: 1. Sezon 4. BölümAltyazılı29.10.2025 - https://diziyiizle2.com/disney-wisted-wonderland-the-animation/1-sezon-4-bolum/
📺 Bölüm bulundu: 1. Sezon 5. BölümAltyazılı29.10.2025 - https://diziyiizle2.com/disney-wisted-wonderland-the-animation/1-sezon-5-bolum/
📺 Bölüm bulundu: 1. Sezon 6. BölümAltyazılı29.10.2025 - https://diziyiizle2.com/disney-wisted-wonderland-the-animation/1-sezon-6-bolum/
📺 Bölüm bulundu: 1. Sezon 7. BölümAltyazılı29.10.2025 - https://diziyiizle2.com/disney-wisted-wonderland-the-animation/1-sezon-7-bolum/
📺 Bölüm bulundu: 1. Sezon 8. BölümAltyazılı29.10.2025 - https://diziyiizle2.com/disney-wisted-wonderland-the-animation/1-sezon-8-bolum/

📊 Toplam 8 bölüm bulundu
   🔍 [1/8] Bölüm: https://diziyiizle2.com/disney-wisted-wonderland-the-animation/1-sezon-1-bolum/
📺 Embed URL bulundu: https://vidlax1.xyz/embed/80a5e729d6c1956c
🔍 Embed URL kontrol ediliyor: https://vidlax1.xyz/embed/80a5e729d6c1956c
📄 Embed sayfa içeriği alındı, boyut: 41567 karakter
🎬 Video Başlığı: Disney Twisted-Wonderland the Animation
📝 Video Açıklaması: 1.Sezon 1.Bölüm
🎯 Tam Başlık: Disney Twisted-Wonderland the Animation - 1.Sezon 1.Bölüm
🎯 HEX DECODE - m3u8 bulundu: https://vidlax.xyz/upload/6295274d649d4f969b1c4e2c57bf9a3c71be/master.m3u8
      ✅ Disney Twisted-Wonderland the Animation - 1.Sezon 1.Bölüm - 1 m3u8
   🔍 [2/8] Bölüm: https://diziyiizle2.com/disney-wisted-wonderland-the-animation/1-sezon-2-bolum/

🔍 Vidlax direkt analizi: https://diziyiizle2.com/disney-wisted-wonderland-the-animation/1-sezon-2-bolum/
📄 Sayfa içeriği alındı: 61098 karakter
❌ m3u8 URL'si bulunamadı
      ❌ m3u8 bulunamadı
   🔍 [3/8] Bölüm: https://diziyiizle2.com/disney-wisted-wonderland-the-animation/1-sezon-3-bolum/

🔍 Vidlax direkt analizi: https://diziyiizle2.com/disney-wisted-wonderland-the-animation/1-sezon-3-bolum/
📄 Sayfa içeriği alındı: 61098 karakter
❌ m3u8 URL'si bulunamadı
      ❌ m3u8 bulunamadı
   🔍 [4/8] Bölüm: https://diziyiizle2.com/disney-wisted-wonderland-the-animation/1-sezon-4-bolum/

🔍 Vidlax direkt analizi: https://diziyiizle2.com/disney-wisted-wonderland-the-animation/1-sezon-4-bolum/
📄 Sayfa içeriği alındı: 61098 karakter
❌ m3u8 URL'si bulunamadı
      ❌ m3u8 bulunamadı
   🔍 [5/8] Bölüm: https://diziyiizle2.com/disney-wisted-wonderland-the-animation/1-sezon-5-bolum/

🔍 Vidlax direkt analizi: https://diziyiizle2.com/disney-wisted-wonderland-the-animation/1-sezon-5-bolum/
📄 Sayfa içeriği alındı: 61098 karakter
❌ m3u8 URL'si bulunamadı
      ❌ m3u8 bulunamadı
   🔍 [6/8] Bölüm: https://diziyiizle2.com/disney-wisted-wonderland-the-animation/1-sezon-6-bolum/

🔍 Vidlax direkt analizi: https://diziyiizle2.com/disney-wisted-wonderland-the-animation/1-sezon-6-bolum/
📄 Sayfa içeriği alındı: 61099 karakter
❌ m3u8 URL'si bulunamadı
      ❌ m3u8 bulunamadı
   🔍 [7/8] Bölüm: https://diziyiizle2.com/disney-wisted-wonderland-the-animation/1-sezon-7-bolum/

🔍 Vidlax direkt analizi: https://diziyiizle2.com/disney-wisted-wonderland-the-animation/1-sezon-7-bolum/
📄 Sayfa içeriği alındı: 61098 karakter
❌ m3u8 URL'si bulunamadı
      ❌ m3u8 bulunamadı
   🔍 [8/8] Bölüm: https://diziyiizle2.com/disney-wisted-wonderland-the-animation/1-sezon-8-bolum/

🔍 Vidlax direkt analizi: https://diziyiizle2.com/disney-wisted-wonderland-the-animation/1-sezon-8-bolum/
📄 Sayfa içeriği alındı: 61099 karakter
❌ m3u8 URL'si bulunamadı
      ❌ m3u8 bulunamadı
      📁 Dizi playlist: playlists/disney_wisted_wonderland_the_animation_playlist.m3u
   ✅ Dizi tamamlandı: 1 m3u8 eklendi

============================================================
🎬 [13/56] İşleniyor: https://diziyiizle2.com/dizi/rulers-of-fortune/
📺 Bölüm bulundu: 1. Sezon 1. BölümDublaj29.10.202550 dk. - https://diziyiizle2.com/rulers-of-fortune/1-sezon-1-bolum/
📺 Bölüm bulundu: 1. Sezon 2. BölümDublaj29.10.202560 dk. - https://diziyiizle2.com/rulers-of-fortune/1-sezon-2-bolum/
📺 Bölüm bulundu: 1. Sezon 3. BölümDublaj29.10.202556 dk. - https://diziyiizle2.com/rulers-of-fortune/1-sezon-3-bolum/
📺 Bölüm bulundu: 1. Sezon 4. BölümDublaj29.10.202559 dk. - https://diziyiizle2.com/rulers-of-fortune/1-sezon-4-bolum/
📺 Bölüm bulundu: 1. Sezon 5. BölümDublaj29.10.202554 dk. - https://diziyiizle2.com/rulers-of-fortune/1-sezon-5-bolum/
📺 Bölüm bulundu: 1. Sezon 6. BölümDublaj29.10.202556 dk. - https://diziyiizle2.com/rulers-of-fortune/1-sezon-6-bolum/
📺 Bölüm bulundu: 1. Sezon 7. BölümDublaj29.10.202553 dk. - https://diziyiizle2.com/rulers-of-fortune/1-sezon-7-bolum/
📺 Bölüm bulundu: 1. Sezon 8. BölümDublaj29.10.202562 dk. - https://diziyiizle2.com/rulers-of-fortune/1-sezon-8-bolum/

📊 Toplam 8 bölüm bulundu
   🔍 [1/8] Bölüm: https://diziyiizle2.com/rulers-of-fortune/1-sezon-1-bolum/
📺 Embed URL bulundu: https://vidlax1.xyz/embed/d4a674e365dabd87
🔍 Embed URL kontrol ediliyor: https://vidlax1.xyz/embed/d4a674e365dabd87
📄 Embed sayfa içeriği alındı, boyut: 42755 karakter
🎬 Video Başlığı: Rulers of Fortune
📝 Video Açıklaması: 1.Sezon 1.Bölüm
🎯 Tam Başlık: Rulers of Fortune - 1.Sezon 1.Bölüm
🎯 HEX DECODE - m3u8 bulundu: https://vidlax.xyz/upload/5cdb3caf3f342c13535326513e9ab90dc93d/master.m3u8
      ✅ Rulers of Fortune - 1.Sezon 1.Bölüm - 1 m3u8
   🔍 [2/8] Bölüm: https://diziyiizle2.com/rulers-of-fortune/1-sezon-2-bolum/
📺 Embed URL bulundu: https://vidlax1.xyz/embed/179e026d1a0ef203
🔍 Embed URL kontrol ediliyor: https://vidlax1.xyz/embed/179e026d1a0ef203
📄 Embed sayfa içeriği alındı, boyut: 42584 karakter
🎬 Video Başlığı: Rulers of Fortune
📝 Video Açıklaması: 1.Sezon 2.Bölüm
🎯 Tam Başlık: Rulers of Fortune - 1.Sezon 2.Bölüm
🎯 HEX DECODE - m3u8 bulundu: https://vidlax.xyz/upload/30b316c10adb246224dfac3db52be30a5671/master.m3u8
      ✅ Rulers of Fortune - 1.Sezon 2.Bölüm - 1 m3u8
   🔍 [3/8] Bölüm: https://diziyiizle2.com/rulers-of-fortune/1-sezon-3-bolum/
📺 Embed URL bulundu: https://vidlax1.xyz/embed/8b77d956a84c6df8
🔍 Embed URL kontrol ediliyor: https://vidlax1.xyz/embed/8b77d956a84c6df8
📄 Embed sayfa içeriği alındı, boyut: 42748 karakter
🎬 Video Başlığı: Rulers of Fortune
📝 Video Açıklaması: 1.Sezon 3.Bölüm
🎯 Tam Başlık: Rulers of Fortune - 1.Sezon 3.Bölüm
🎯 HEX DECODE - m3u8 bulundu: https://vidlax.xyz/upload/4d20383b72056a3f082680fcd136d1983eb7/master.m3u8
      ✅ Rulers of Fortune - 1.Sezon 3.Bölüm - 1 m3u8
   🔍 [4/8] Bölüm: https://diziyiizle2.com/rulers-of-fortune/1-sezon-4-bolum/
📺 Embed URL bulundu: https://vidlax1.xyz/embed/0ae40a77c2eb2dbc
🔍 Embed URL kontrol ediliyor: https://vidlax1.xyz/embed/0ae40a77c2eb2dbc
📄 Embed sayfa içeriği alındı, boyut: 42570 karakter
🎬 Video Başlığı: Rulers of Fortune
📝 Video Açıklaması: 1.Sezon 4.Bölüm
🎯 Tam Başlık: Rulers of Fortune - 1.Sezon 4.Bölüm
🎯 HEX DECODE - m3u8 bulundu: https://vidlax.xyz/upload/5a010bbe1dc9052985d5c81adbc2f6b0d4a5/master.m3u8
      ✅ Rulers of Fortune - 1.Sezon 4.Bölüm - 1 m3u8
   🔍 [5/8] Bölüm: https://diziyiizle2.com/rulers-of-fortune/1-sezon-5-bolum/
📺 Embed URL bulundu: https://vidlax1.xyz/embed/ab748589a761ac51
🔍 Embed URL kontrol ediliyor: https://vidlax1.xyz/embed/ab748589a761ac51
📄 Embed sayfa içeriği alındı, boyut: 42584 karakter
🎬 Video Başlığı: Rulers of Fortune
📝 Video Açıklaması: 1.Sezon 5.Bölüm
🎯 Tam Başlık: Rulers of Fortune - 1.Sezon 5.Bölüm
🎯 HEX DECODE - m3u8 bulundu: https://vidlax.xyz/upload/cfa9b7ec4c0a5d482b9ff591e0f08308979b/master.m3u8
      ✅ Rulers of Fortune - 1.Sezon 5.Bölüm - 1 m3u8
   🔍 [6/8] Bölüm: https://diziyiizle2.com/rulers-of-fortune/1-sezon-6-bolum/
📺 Embed URL bulundu: https://vidlax1.xyz/embed/16516820660f49f0
🔍 Embed URL kontrol ediliyor: https://vidlax1.xyz/embed/16516820660f49f0
📄 Embed sayfa içeriği alındı, boyut: 42571 karakter
🎬 Video Başlığı: Rulers of Fortune
📝 Video Açıklaması: 1.Sezon 6.Bölüm
🎯 Tam Başlık: Rulers of Fortune - 1.Sezon 6.Bölüm
🎯 HEX DECODE - m3u8 bulundu: https://vidlax.xyz/upload/da493dce21240436711092407d4d3e094fd5/master.m3u8
      ✅ Rulers of Fortune - 1.Sezon 6.Bölüm - 1 m3u8
   🔍 [7/8] Bölüm: https://diziyiizle2.com/rulers-of-fortune/1-sezon-7-bolum/
📺 Embed URL bulundu: https://vidlax1.xyz/embed/c6c95b29199cd736
🔍 Embed URL kontrol ediliyor: https://vidlax1.xyz/embed/c6c95b29199cd736
📄 Embed sayfa içeriği alındı, boyut: 42582 karakter
🎬 Video Başlığı: Rulers of Fortune
📝 Video Açıklaması: 1.Sezon 7.Bölüm
🎯 Tam Başlık: Rulers of Fortune - 1.Sezon 7.Bölüm
🎯 HEX DECODE - m3u8 bulundu: https://vidlax.xyz/upload/61a62f3b83425e948cae1d391dc4d34dfff3/master.m3u8
      ✅ Rulers of Fortune - 1.Sezon 7.Bölüm - 1 m3u8
   🔍 [8/8] Bölüm: https://diziyiizle2.com/rulers-of-fortune/1-sezon-8-bolum/
📺 Embed URL bulundu: https://vidlax1.xyz/embed/06b222760a4ec490
🔍 Embed URL kontrol ediliyor: https://vidlax1.xyz/embed/06b222760a4ec490
📄 Embed sayfa içeriği alındı, boyut: 42394 karakter
🎬 Video Başlığı: Rulers of Fortune
📝 Video Açıklaması: 1.Sezon 8.Bölüm
🎯 Tam Başlık: Rulers of Fortune - 1.Sezon 8.Bölüm
🎯 HEX DECODE - m3u8 bulundu: https://vidlax.xyz/upload/e81b36f19a082a7cb74c885c81830102981c/master.m3u8
      ✅ Rulers of Fortune - 1.Sezon 8.Bölüm - 1 m3u8
      📁 Dizi playlist: playlists/rulers_of_fortune_playlist.m3u
   ✅ Dizi tamamlandı: 8 m3u8 eklendi

============================================================
🎬 [14/56] İşleniyor: https://diziyiizle2.com/dizi/down-cemetery-road/
📺 Bölüm bulundu: 1. Sezon 1. BölümAltyazılı29.10.202552 dk. - https://diziyiizle2.com/down-cemetery-road/1-sezon-1-bolum/
📺 Bölüm bulundu: 1. Sezon 2. BölümAltyazılı29.10.202554 dk. - https://diziyiizle2.com/down-cemetery-road/1-sezon-2-bolum/
📺 Bölüm bulundu: 1. Sezon 3. BölümAltyazılı29.10.202555 dk. - https://diziyiizle2.com/down-cemetery-road/1-sezon-3-bolum/
📺 Bölüm bulundu: 1. Sezon 4. BölümAltyazılı29.10.202549 dk. - https://diziyiizle2.com/down-cemetery-road/1-sezon-4-bolum/
📺 Bölüm bulundu: 1. Sezon 5. BölümAltyazılı29.10.2025 - https://diziyiizle2.com/down-cemetery-road/1-sezon-5-bolum/
📺 Bölüm bulundu: 1. Sezon 6. BölümAltyazılı29.10.202551 dk. - https://diziyiizle2.com/down-cemetery-road/1-sezon-6-bolum/
📺 Bölüm bulundu: 1. Sezon 7. BölümAltyazılı29.10.202550 dk. - https://diziyiizle2.com/down-cemetery-road/1-sezon-7-bolum/
📺 Bölüm bulundu: 1. Sezon 8. BölümAltyazılı29.10.2025 - https://diziyiizle2.com/down-cemetery-road/1-sezon-8-bolum/

📊 Toplam 8 bölüm bulundu
   🔍 [1/8] Bölüm: https://diziyiizle2.com/down-cemetery-road/1-sezon-1-bolum/
📺 Embed URL bulundu: https://vidlax1.xyz/embed/451d091d2d205075
🔍 Embed URL kontrol ediliyor: https://vidlax1.xyz/embed/451d091d2d205075
📄 Embed sayfa içeriği alındı, boyut: 43065 karakter
🎬 Video Başlığı: Down Cemetery Road
📝 Video Açıklaması: 1.Sezon 1.Bölüm
🎯 Tam Başlık: Down Cemetery Road - 1.Sezon 1.Bölüm
🎯 HEX DECODE - m3u8 bulundu: https://vidlax.xyz/upload/a02ac2bbbc5c281ff62c36bfdfb06009f224/master.m3u8
      ✅ Down Cemetery Road - 1.Sezon 1.Bölüm - 1 m3u8
   🔍 [2/8] Bölüm: https://diziyiizle2.com/down-cemetery-road/1-sezon-2-bolum/
📺 Embed URL bulundu: https://vidlax1.xyz/embed/17bb870d41545eea
🔍 Embed URL kontrol ediliyor: https://vidlax1.xyz/embed/17bb870d41545eea
📄 Embed sayfa içeriği alındı, boyut: 42756 karakter
🎬 Video Başlığı: Down Cemetery Road
📝 Video Açıklaması: 1.Sezon 2.Bölüm
🎯 Tam Başlık: Down Cemetery Road - 1.Sezon 2.Bölüm
🎯 HEX DECODE - m3u8 bulundu: https://vidlax.xyz/upload/f2ff3a490ba36710f448d6e95a70ff88405b/master.m3u8
      ✅ Down Cemetery Road - 1.Sezon 2.Bölüm - 1 m3u8
   🔍 [3/8] Bölüm: https://diziyiizle2.com/down-cemetery-road/1-sezon-3-bolum/

🔍 Vidlax direkt analizi: https://diziyiizle2.com/down-cemetery-road/1-sezon-3-bolum/
📄 Sayfa içeriği alındı: 61300 karakter
❌ m3u8 URL'si bulunamadı
      ❌ m3u8 bulunamadı
   🔍 [4/8] Bölüm: https://diziyiizle2.com/down-cemetery-road/1-sezon-4-bolum/

🔍 Vidlax direkt analizi: https://diziyiizle2.com/down-cemetery-road/1-sezon-4-bolum/
📄 Sayfa içeriği alındı: 60727 karakter
❌ m3u8 URL'si bulunamadı
      ❌ m3u8 bulunamadı
   🔍 [5/8] Bölüm: https://diziyiizle2.com/down-cemetery-road/1-sezon-5-bolum/

🔍 Vidlax direkt analizi: https://diziyiizle2.com/down-cemetery-road/1-sezon-5-bolum/
📄 Sayfa içeriği alındı: 60600 karakter
❌ m3u8 URL'si bulunamadı
      ❌ m3u8 bulunamadı
   🔍 [6/8] Bölüm: https://diziyiizle2.com/down-cemetery-road/1-sezon-6-bolum/

🔍 Vidlax direkt analizi: https://diziyiizle2.com/down-cemetery-road/1-sezon-6-bolum/
📄 Sayfa içeriği alındı: 60727 karakter
❌ m3u8 URL'si bulunamadı
      ❌ m3u8 bulunamadı
   🔍 [7/8] Bölüm: https://diziyiizle2.com/down-cemetery-road/1-sezon-7-bolum/

🔍 Vidlax direkt analizi: https://diziyiizle2.com/down-cemetery-road/1-sezon-7-bolum/
📄 Sayfa içeriği alındı: 60726 karakter
❌ m3u8 URL'si bulunamadı
      ❌ m3u8 bulunamadı
   🔍 [8/8] Bölüm: https://diziyiizle2.com/down-cemetery-road/1-sezon-8-bolum/

🔍 Vidlax direkt analizi: https://diziyiizle2.com/down-cemetery-road/1-sezon-8-bolum/
📄 Sayfa içeriği alındı: 60599 karakter
❌ m3u8 URL'si bulunamadı
      ❌ m3u8 bulunamadı
      📁 Dizi playlist: playlists/down_cemetery_road_playlist.m3u
   ✅ Dizi tamamlandı: 2 m3u8 eklendi

============================================================
🎬 [15/56] İşleniyor: https://diziyiizle2.com/dizi/physical-asia/
📺 Bölüm bulundu: 1. Sezon 1. BölümDublaj28.10.202565 dk. - https://diziyiizle2.com/physical-asia/1-sezon-1-bolum/
📺 Bölüm bulundu: 1. Sezon 2. BölümDublaj28.10.202556 dk. - https://diziyiizle2.com/physical-asia/1-sezon-2-bolum/
📺 Bölüm bulundu: 1. Sezon 3. BölümDublaj28.10.202558 dk. - https://diziyiizle2.com/physical-asia/1-sezon-3-bolum/
📺 Bölüm bulundu: 1. Sezon 4. BölümDublaj28.10.202582 dk. - https://diziyiizle2.com/physical-asia/1-sezon-4-bolum/
📺 Bölüm bulundu: 1. Sezon 5. BölümAltyazılı28.10.2025 - https://diziyiizle2.com/physical-asia/1-sezon-5-bolum/
📺 Bölüm bulundu: 1. Sezon 6. BölümAltyazılı28.10.2025 - https://diziyiizle2.com/physical-asia/1-sezon-6-bolum/
📺 Bölüm bulundu: 1. Sezon 7. BölümAltyazılı28.10.2025 - https://diziyiizle2.com/physical-asia/1-sezon-7-bolum/
📺 Bölüm bulundu: 1. Sezon 8. BölümAltyazılı28.10.2025 - https://diziyiizle2.com/physical-asia/1-sezon-8-bolum/
📺 Bölüm bulundu: 1. Sezon 9. BölümAltyazılı28.10.2025 - https://diziyiizle2.com/physical-asia/1-sezon-9-bolum/
📺 Bölüm bulundu: 1. Sezon 10. BölümAltyazılı28.10.2025 - https://diziyiizle2.com/physical-asia/1-sezon-10-bolum/
📺 Bölüm bulundu: 1. Sezon 11. BölümAltyazılı28.10.2025 - https://diziyiizle2.com/physical-asia/1-sezon-11-bolum/
📺 Bölüm bulundu: 1. Sezon 12. BölümAltyazılı28.10.2025 - https://diziyiizle2.com/physical-asia/1-sezon-12-bolum/

📊 Toplam 12 bölüm bulundu
   🔍 [1/12] Bölüm: https://diziyiizle2.com/physical-asia/1-sezon-1-bolum/
📺 Embed URL bulundu: https://vidlax1.xyz/embed/806053df49e6e8ae
🔍 Embed URL kontrol ediliyor: https://vidlax1.xyz/embed/806053df49e6e8ae
📄 Embed sayfa içeriği alındı, boyut: 42557 karakter
🎬 Video Başlığı: Physical: Asia
📝 Video Açıklaması: 1.Sezon 1.Bölüm
🎯 Tam Başlık: Physical: Asia - 1.Sezon 1.Bölüm
🎯 HEX DECODE - m3u8 bulundu: https://vidlax.xyz/upload/50e366f79cc252bb524d7ba842745d55eda7/master.m3u8
      ✅ Physical: Asia - 1.Sezon 1.Bölüm - 1 m3u8
   🔍 [2/12] Bölüm: https://diziyiizle2.com/physical-asia/1-sezon-2-bolum/
📺 Embed URL bulundu: https://vidlax1.xyz/embed/3488e6bd2475cf23
🔍 Embed URL kontrol ediliyor: https://vidlax1.xyz/embed/3488e6bd2475cf23
📄 Embed sayfa içeriği alındı, boyut: 42557 karakter
🎬 Video Başlığı: Physical: Asia
📝 Video Açıklaması: 1.Sezon 2.Bölüm
🎯 Tam Başlık: Physical: Asia - 1.Sezon 2.Bölüm
🎯 HEX DECODE - m3u8 bulundu: https://vidlax.xyz/upload/f1e0c05a9f2dd8fc9db44a98916a5c18cfb9/master.m3u8
      ✅ Physical: Asia - 1.Sezon 2.Bölüm - 1 m3u8
   🔍 [3/12] Bölüm: https://diziyiizle2.com/physical-asia/1-sezon-3-bolum/
📺 Embed URL bulundu: https://vidlax1.xyz/embed/a979f0b93d016b68
🔍 Embed URL kontrol ediliyor: https://vidlax1.xyz/embed/a979f0b93d016b68
📄 Embed sayfa içeriği alındı, boyut: 42557 karakter
🎬 Video Başlığı: Physical: Asia
📝 Video Açıklaması: 1.Sezon 3.Bölüm
🎯 Tam Başlık: Physical: Asia - 1.Sezon 3.Bölüm
🎯 HEX DECODE - m3u8 bulundu: https://vidlax.xyz/upload/7aed956a08e9fcfbf5d1acb3afbbff34f8dc/master.m3u8
      ✅ Physical: Asia - 1.Sezon 3.Bölüm - 1 m3u8
   🔍 [4/12] Bölüm: https://diziyiizle2.com/physical-asia/1-sezon-4-bolum/
📺 Embed URL bulundu: https://vidlax1.xyz/embed/49b41a2ed25db9c3
🔍 Embed URL kontrol ediliyor: https://vidlax1.xyz/embed/49b41a2ed25db9c3
📄 Embed sayfa içeriği alındı, boyut: 42381 karakter
🎬 Video Başlığı: Physical: Asia
📝 Video Açıklaması: 1.Sezon 4.Bölüm
🎯 Tam Başlık: Physical: Asia - 1.Sezon 4.Bölüm
🎯 HEX DECODE - m3u8 bulundu: https://vidlax.xyz/upload/5b4f783ba8ecd692c959fb5a0c5a9853d027/master.m3u8
      ✅ Physical: Asia - 1.Sezon 4.Bölüm - 1 m3u8
   🔍 [5/12] Bölüm: https://diziyiizle2.com/physical-asia/1-sezon-5-bolum/

🔍 Vidlax direkt analizi: https://diziyiizle2.com/physical-asia/1-sezon-5-bolum/
📄 Sayfa içeriği alındı: 65435 karakter
❌ m3u8 URL'si bulunamadı
      ❌ m3u8 bulunamadı
   🔍 [6/12] Bölüm: https://diziyiizle2.com/physical-asia/1-sezon-6-bolum/

🔍 Vidlax direkt analizi: https://diziyiizle2.com/physical-asia/1-sezon-6-bolum/
📄 Sayfa içeriği alındı: 65435 karakter
❌ m3u8 URL'si bulunamadı
      ❌ m3u8 bulunamadı
   🔍 [7/12] Bölüm: https://diziyiizle2.com/physical-asia/1-sezon-7-bolum/

🔍 Vidlax direkt analizi: https://diziyiizle2.com/physical-asia/1-sezon-7-bolum/
📄 Sayfa içeriği alındı: 65435 karakter
❌ m3u8 URL'si bulunamadı
      ❌ m3u8 bulunamadı
   🔍 [8/12] Bölüm: https://diziyiizle2.com/physical-asia/1-sezon-8-bolum/

🔍 Vidlax direkt analizi: https://diziyiizle2.com/physical-asia/1-sezon-8-bolum/
📄 Sayfa içeriği alındı: 65435 karakter
❌ m3u8 URL'si bulunamadı
      ❌ m3u8 bulunamadı
   🔍 [9/12] Bölüm: https://diziyiizle2.com/physical-asia/1-sezon-9-bolum/

🔍 Vidlax direkt analizi: https://diziyiizle2.com/physical-asia/1-sezon-9-bolum/
📄 Sayfa içeriği alındı: 65434 karakter
❌ m3u8 URL'si bulunamadı
      ❌ m3u8 bulunamadı
   🔍 [10/12] Bölüm: https://diziyiizle2.com/physical-asia/1-sezon-10-bolum/

🔍 Vidlax direkt analizi: https://diziyiizle2.com/physical-asia/1-sezon-10-bolum/
📄 Sayfa içeriği alındı: 65452 karakter
❌ m3u8 URL'si bulunamadı
      ❌ m3u8 bulunamadı
   🔍 [11/12] Bölüm: https://diziyiizle2.com/physical-asia/1-sezon-11-bolum/

🔍 Vidlax direkt analizi: https://diziyiizle2.com/physical-asia/1-sezon-11-bolum/
📄 Sayfa içeriği alındı: 65452 karakter
❌ m3u8 URL'si bulunamadı
      ❌ m3u8 bulunamadı
   🔍 [12/12] Bölüm: https://diziyiizle2.com/physical-asia/1-sezon-12-bolum/

🔍 Vidlax direkt analizi: https://diziyiizle2.com/physical-asia/1-sezon-12-bolum/
📄 Sayfa içeriği alındı: 65453 karakter
❌ m3u8 URL'si bulunamadı
      ❌ m3u8 bulunamadı
      📁 Dizi playlist: playlists/physical_asia_playlist.m3u
   ✅ Dizi tamamlandı: 4 m3u8 eklendi

============================================================
🎬 [16/56] İşleniyor: https://diziyiizle2.com/dizi/legenden/
📺 Bölüm bulundu: 1. Sezon 1. BölümAltyazılı27.10.2025 - https://diziyiizle2.com/legenden/1-sezon-1-bolum/
📺 Bölüm bulundu: 1. Sezon 2. BölümAltyazılı27.10.2025 - https://diziyiizle2.com/legenden/1-sezon-2-bolum/
📺 Bölüm bulundu: 1. Sezon 3. BölümAltyazılı27.10.2025 - https://diziyiizle2.com/legenden/1-sezon-3-bolum/
📺 Bölüm bulundu: 1. Sezon 4. BölümAltyazılı27.10.2025 - https://diziyiizle2.com/legenden/1-sezon-4-bolum/
📺 Bölüm bulundu: 1. Sezon 5. BölümAltyazılı27.10.2025 - https://diziyiizle2.com/legenden/1-sezon-5-bolum/
📺 Bölüm bulundu: 1. Sezon 6. BölümAltyazılı27.10.2025 - https://diziyiizle2.com/legenden/1-sezon-6-bolum/

📊 Toplam 6 bölüm bulundu
   🔍 [1/6] Bölüm: https://diziyiizle2.com/legenden/1-sezon-1-bolum/
📺 Embed URL bulundu: https://vidlax1.xyz/embed/e5043f8ba4f6bf33
🔍 Embed URL kontrol ediliyor: https://vidlax1.xyz/embed/e5043f8ba4f6bf33
📄 Embed sayfa içeriği alındı, boyut: 43071 karakter
🎬 Video Başlığı: The Asset
📝 Video Açıklaması: 1.Sezon 1.Bölüm
🎯 Tam Başlık: The Asset - 1.Sezon 1.Bölüm
🎯 HEX DECODE - m3u8 bulundu: https://vidlax.xyz/upload/4b63ad41dafa9dace5bf695b04bd22448e9d/master.m3u8
      ✅ The Asset - 1.Sezon 1.Bölüm - 1 m3u8
   🔍 [2/6] Bölüm: https://diziyiizle2.com/legenden/1-sezon-2-bolum/
📺 Embed URL bulundu: https://vidlax1.xyz/embed/3dc57423d2ce65c8
🔍 Embed URL kontrol ediliyor: https://vidlax1.xyz/embed/3dc57423d2ce65c8
📄 Embed sayfa içeriği alındı, boyut: 43057 karakter
🎬 Video Başlığı: The Asset
📝 Video Açıklaması: 1.Sezon 2.Bölüm
🎯 Tam Başlık: The Asset - 1.Sezon 2.Bölüm
🎯 HEX DECODE - m3u8 bulundu: https://vidlax.xyz/upload/ef95c1dcf037ae45ea601a390f14821d72e5/master.m3u8
      ✅ The Asset - 1.Sezon 2.Bölüm - 1 m3u8
   🔍 [3/6] Bölüm: https://diziyiizle2.com/legenden/1-sezon-3-bolum/

🔍 Vidlax direkt analizi: https://diziyiizle2.com/legenden/1-sezon-3-bolum/
📄 Sayfa içeriği alındı: 57702 karakter
❌ m3u8 URL'si bulunamadı
      ❌ m3u8 bulunamadı
   🔍 [4/6] Bölüm: https://diziyiizle2.com/legenden/1-sezon-4-bolum/

🔍 Vidlax direkt analizi: https://diziyiizle2.com/legenden/1-sezon-4-bolum/
📄 Sayfa içeriği alındı: 57702 karakter
❌ m3u8 URL'si bulunamadı
      ❌ m3u8 bulunamadı
   🔍 [5/6] Bölüm: https://diziyiizle2.com/legenden/1-sezon-5-bolum/
📺 Embed URL bulundu: https://vidlax1.xyz/embed/3acce3d0faba07c4
🔍 Embed URL kontrol ediliyor: https://vidlax1.xyz/embed/3acce3d0faba07c4
📄 Embed sayfa içeriği alındı, boyut: 43093 karakter
🎬 Video Başlığı: The Asset
📝 Video Açıklaması: 1.Sezon 5.Bölüm
🎯 Tam Başlık: The Asset - 1.Sezon 5.Bölüm
🎯 HEX DECODE - m3u8 bulundu: https://vidlax.xyz/upload/4dd541bca79983da24c0eab7e23d8c4b8ecf/master.m3u8
      ✅ The Asset - 1.Sezon 5.Bölüm - 1 m3u8
   🔍 [6/6] Bölüm: https://diziyiizle2.com/legenden/1-sezon-6-bolum/

🔍 Vidlax direkt analizi: https://diziyiizle2.com/legenden/1-sezon-6-bolum/
📄 Sayfa içeriği alındı: 57703 karakter
❌ m3u8 URL'si bulunamadı
      ❌ m3u8 bulunamadı
      📁 Dizi playlist: playlists/legenden_playlist.m3u
   ✅ Dizi tamamlandı: 3 m3u8 eklendi

============================================================
🎬 [17/56] İşleniyor: https://diziyiizle2.com/dizi/it-welcome-to-derry/
📺 Bölüm bulundu: 1. Sezon 1. BölümDublaj27.10.202554 dk. - https://diziyiizle2.com/it-welcome-to-derry/1-sezon-1-bolum/
📺 Bölüm bulundu: 1. Sezon 2. BölümAltyazılı27.10.202570 dk. - https://diziyiizle2.com/it-welcome-to-derry/1-sezon-2-bolum/
📺 Bölüm bulundu: 1. Sezon 3. BölümAltyazılı27.10.202560 dk. - https://diziyiizle2.com/it-welcome-to-derry/1-sezon-3-bolum/
📺 Bölüm bulundu: 1. Sezon 4. BölümAltyazılı27.10.2025 - https://diziyiizle2.com/it-welcome-to-derry/1-sezon-4-bolum/
📺 Bölüm bulundu: 1. Sezon 5. BölümAltyazılı27.10.2025 - https://diziyiizle2.com/it-welcome-to-derry/1-sezon-5-bolum/
📺 Bölüm bulundu: 1. Sezon 6. BölümAltyazılı27.10.2025 - https://diziyiizle2.com/it-welcome-to-derry/1-sezon-6-bolum/
📺 Bölüm bulundu: 1. Sezon 7. BölümAltyazılı27.10.2025 - https://diziyiizle2.com/it-welcome-to-derry/1-sezon-7-bolum/
📺 Bölüm bulundu: 1. Sezon 8. BölümAltyazılı27.10.2025 - https://diziyiizle2.com/it-welcome-to-derry/1-sezon-8-bolum/

📊 Toplam 8 bölüm bulundu
   🔍 [1/8] Bölüm: https://diziyiizle2.com/it-welcome-to-derry/1-sezon-1-bolum/
📺 Embed URL bulundu: https://vidlax1.xyz/embed/1f18e5edda886337
🔍 Embed URL kontrol ediliyor: https://vidlax1.xyz/embed/1f18e5edda886337
📄 Embed sayfa içeriği alındı, boyut: 39840 karakter
🎬 Video Başlığı: IT: Welcome to Derry
📝 Video Açıklaması: 1.Sezon 1.Bölüm
🎯 Tam Başlık: IT: Welcome to Derry - 1.Sezon 1.Bölüm
🎯 HEX DECODE - m3u8 bulundu: https://vidlax.xyz/upload/87068f9bf3a9e2ed160486c32c6ae20799bc/master.m3u8
      ✅ IT: Welcome to Derry - 1.Sezon 1.Bölüm - 1 m3u8
   🔍 [2/8] Bölüm: https://diziyiizle2.com/it-welcome-to-derry/1-sezon-2-bolum/

🔍 Vidlax direkt analizi: https://diziyiizle2.com/it-welcome-to-derry/1-sezon-2-bolum/
📄 Sayfa içeriği alındı: 61374 karakter
❌ m3u8 URL'si bulunamadı
      ❌ m3u8 bulunamadı
   🔍 [3/8] Bölüm: https://diziyiizle2.com/it-welcome-to-derry/1-sezon-3-bolum/

🔍 Vidlax direkt analizi: https://diziyiizle2.com/it-welcome-to-derry/1-sezon-3-bolum/
📄 Sayfa içeriği alındı: 60711 karakter
❌ m3u8 URL'si bulunamadı
      ❌ m3u8 bulunamadı
   🔍 [4/8] Bölüm: https://diziyiizle2.com/it-welcome-to-derry/1-sezon-4-bolum/

🔍 Vidlax direkt analizi: https://diziyiizle2.com/it-welcome-to-derry/1-sezon-4-bolum/
📄 Sayfa içeriği alındı: 60584 karakter
❌ m3u8 URL'si bulunamadı
      ❌ m3u8 bulunamadı
   🔍 [5/8] Bölüm: https://diziyiizle2.com/it-welcome-to-derry/1-sezon-5-bolum/

🔍 Vidlax direkt analizi: https://diziyiizle2.com/it-welcome-to-derry/1-sezon-5-bolum/
📄 Sayfa içeriği alındı: 60585 karakter
❌ m3u8 URL'si bulunamadı
      ❌ m3u8 bulunamadı
   🔍 [6/8] Bölüm: https://diziyiizle2.com/it-welcome-to-derry/1-sezon-6-bolum/

🔍 Vidlax direkt analizi: https://diziyiizle2.com/it-welcome-to-derry/1-sezon-6-bolum/
📄 Sayfa içeriği alındı: 60585 karakter
❌ m3u8 URL'si bulunamadı
      ❌ m3u8 bulunamadı
   🔍 [7/8] Bölüm: https://diziyiizle2.com/it-welcome-to-derry/1-sezon-7-bolum/

🔍 Vidlax direkt analizi: https://diziyiizle2.com/it-welcome-to-derry/1-sezon-7-bolum/
📄 Sayfa içeriği alındı: 60585 karakter
❌ m3u8 URL'si bulunamadı
      ❌ m3u8 bulunamadı
   🔍 [8/8] Bölüm: https://diziyiizle2.com/it-welcome-to-derry/1-sezon-8-bolum/

🔍 Vidlax direkt analizi: https://diziyiizle2.com/it-welcome-to-derry/1-sezon-8-bolum/
📄 Sayfa içeriği alındı: 60585 karakter
❌ m3u8 URL'si bulunamadı
      ❌ m3u8 bulunamadı
      📁 Dizi playlist: playlists/it_welcome_to_derry_playlist.m3u
   ✅ Dizi tamamlandı: 1 m3u8 eklendi

============================================================
🎬 [18/56] İşleniyor: https://diziyiizle2.com/dizi/citadel-honey-bunny/
📺 Bölüm bulundu: 1. Sezon 1. BölümDublaj26.10.202552 dk. - https://diziyiizle2.com/citadel-honey-bunny/1-sezon-1-bolum/
📺 Bölüm bulundu: 1. Sezon 2. BölümDublaj26.10.202555 dk. - https://diziyiizle2.com/citadel-honey-bunny/1-sezon-2-bolum/
📺 Bölüm bulundu: 1. Sezon 3. BölümDublaj26.10.202547 dk. - https://diziyiizle2.com/citadel-honey-bunny/1-sezon-3-bolum/
📺 Bölüm bulundu: 1. Sezon 4. BölümDublaj26.10.202552 dk. - https://diziyiizle2.com/citadel-honey-bunny/1-sezon-4-bolum/
📺 Bölüm bulundu: 1. Sezon 5. BölümDublaj26.10.202543 dk. - https://diziyiizle2.com/citadel-honey-bunny/1-sezon-5-bolum/
📺 Bölüm bulundu: 1. Sezon 6. BölümDublaj26.10.202554 dk. - https://diziyiizle2.com/citadel-honey-bunny/1-sezon-6-bolum/

📊 Toplam 6 bölüm bulundu
   🔍 [1/6] Bölüm: https://diziyiizle2.com/citadel-honey-bunny/1-sezon-1-bolum/
📺 Embed URL bulundu: https://vidlax1.xyz/embed/2566d94596f2a042
🔍 Embed URL kontrol ediliyor: https://vidlax1.xyz/embed/2566d94596f2a042
📄 Embed sayfa içeriği alındı, boyut: 39648 karakter
🎬 Video Başlığı: Citadel Honey Bunny
📝 Video Açıklaması: 1.Sezon 1.Bölüm
🎯 Tam Başlık: Citadel Honey Bunny - 1.Sezon 1.Bölüm
🎯 HEX DECODE - m3u8 bulundu: https://vidlax.xyz/upload/ecd2c7184ca9b022030607250a71fd11dd24/master.m3u8
      ✅ Citadel Honey Bunny - 1.Sezon 1.Bölüm - 1 m3u8
   🔍 [2/6] Bölüm: https://diziyiizle2.com/citadel-honey-bunny/1-sezon-2-bolum/
📺 Embed URL bulundu: https://vidlax1.xyz/embed/1479799294b3b906
🔍 Embed URL kontrol ediliyor: https://vidlax1.xyz/embed/1479799294b3b906
📄 Embed sayfa içeriği alındı, boyut: 39648 karakter
🎬 Video Başlığı: Citadel Honey Bunny
📝 Video Açıklaması: 1.Sezon 2.Bölüm
🎯 Tam Başlık: Citadel Honey Bunny - 1.Sezon 2.Bölüm
🎯 HEX DECODE - m3u8 bulundu: https://vidlax.xyz/upload/41ac495b4c0e842f5f5b7a8233f10054eda0/master.m3u8
      ✅ Citadel Honey Bunny - 1.Sezon 2.Bölüm - 1 m3u8
   🔍 [3/6] Bölüm: https://diziyiizle2.com/citadel-honey-bunny/1-sezon-3-bolum/
📺 Embed URL bulundu: https://vidlax1.xyz/embed/f7797f5d08de4516
🔍 Embed URL kontrol ediliyor: https://vidlax1.xyz/embed/f7797f5d08de4516
📄 Embed sayfa içeriği alındı, boyut: 39648 karakter
🎬 Video Başlığı: Citadel Honey Bunny
📝 Video Açıklaması: 1.Sezon 3.Bölüm
🎯 Tam Başlık: Citadel Honey Bunny - 1.Sezon 3.Bölüm
🎯 HEX DECODE - m3u8 bulundu: https://vidlax.xyz/upload/ee4c486059df80c5c9486dc90bf4017a4ca3/master.m3u8
      ✅ Citadel Honey Bunny - 1.Sezon 3.Bölüm - 1 m3u8
   🔍 [4/6] Bölüm: https://diziyiizle2.com/citadel-honey-bunny/1-sezon-4-bolum/
📺 Embed URL bulundu: https://vidlax1.xyz/embed/2b79d97d7a01c132
🔍 Embed URL kontrol ediliyor: https://vidlax1.xyz/embed/2b79d97d7a01c132
📄 Embed sayfa içeriği alındı, boyut: 39648 karakter
🎬 Video Başlığı: Citadel Honey Bunny
📝 Video Açıklaması: 1.Sezon 4.Bölüm
🎯 Tam Başlık: Citadel Honey Bunny - 1.Sezon 4.Bölüm
🎯 HEX DECODE - m3u8 bulundu: https://vidlax.xyz/upload/d6420fa7cd502a70a753a7f1c4ee5c1d4f0d/master.m3u8
      ✅ Citadel Honey Bunny - 1.Sezon 4.Bölüm - 1 m3u8
   🔍 [5/6] Bölüm: https://diziyiizle2.com/citadel-honey-bunny/1-sezon-5-bolum/
📺 Embed URL bulundu: https://vidlax1.xyz/embed/3f7faef7c71e59e4
🔍 Embed URL kontrol ediliyor: https://vidlax1.xyz/embed/3f7faef7c71e59e4
📄 Embed sayfa içeriği alındı, boyut: 39648 karakter
🎬 Video Başlığı: Citadel Honey Bunny
📝 Video Açıklaması: 1.Sezon 5.Bölüm
🎯 Tam Başlık: Citadel Honey Bunny - 1.Sezon 5.Bölüm
🎯 HEX DECODE - m3u8 bulundu: https://vidlax.xyz/upload/f07c89aa1c7361e8b237d6392db126db30d8/master.m3u8
      ✅ Citadel Honey Bunny - 1.Sezon 5.Bölüm - 1 m3u8
   🔍 [6/6] Bölüm: https://diziyiizle2.com/citadel-honey-bunny/1-sezon-6-bolum/
📺 Embed URL bulundu: https://vidlax1.xyz/embed/b2ea4a70e7bc0063
🔍 Embed URL kontrol ediliyor: https://vidlax1.xyz/embed/b2ea4a70e7bc0063
📄 Embed sayfa içeriği alındı, boyut: 39648 karakter
🎬 Video Başlığı: Citadel Honey Bunny
📝 Video Açıklaması: 1.Sezon 6.Bölüm
🎯 Tam Başlık: Citadel Honey Bunny - 1.Sezon 6.Bölüm
🎯 HEX DECODE - m3u8 bulundu: https://vidlax.xyz/upload/809717da1d0d7dc51fe6ff43d3af9bbab781/master.m3u8
      ✅ Citadel Honey Bunny - 1.Sezon 6.Bölüm - 1 m3u8
      📁 Dizi playlist: playlists/citadel_honey_bunny_playlist.m3u
   ✅ Dizi tamamlandı: 6 m3u8 eklendi

============================================================
🎬 [19/56] İşleniyor: https://diziyiizle2.com/dizi/sheriff-country/
📺 Bölüm bulundu: 1. Sezon 1. BölümAltyazılı26.10.2025 - https://diziyiizle2.com/sheriff-country/1-sezon-1-bolum/
📺 Bölüm bulundu: 1. Sezon 2. BölümAltyazılı26.10.2025 - https://diziyiizle2.com/sheriff-country/1-sezon-2-bolum/
📺 Bölüm bulundu: 1. Sezon 3. BölümAltyazılı26.10.2025 - https://diziyiizle2.com/sheriff-country/1-sezon-3-bolum/
📺 Bölüm bulundu: 1. Sezon 4. BölümAltyazılı26.10.2025 - https://diziyiizle2.com/sheriff-country/1-sezon-4-bolum/
📺 Bölüm bulundu: 1. Sezon 5. BölümAltyazılı26.10.2025 - https://diziyiizle2.com/sheriff-country/1-sezon-5-bolum/

📊 Toplam 5 bölüm bulundu
   🔍 [1/5] Bölüm: https://diziyiizle2.com/sheriff-country/1-sezon-1-bolum/
📺 Embed URL bulundu: https://vidlax1.xyz/embed/daf5ba76b4cd76dc
🔍 Embed URL kontrol ediliyor: https://vidlax1.xyz/embed/daf5ba76b4cd76dc
📄 Embed sayfa içeriği alındı, boyut: 39661 karakter
🎬 Video Başlığı: Sheriff Country
📝 Video Açıklaması: 1.Sezon 1.Bölüm
🎯 Tam Başlık: Sheriff Country - 1.Sezon 1.Bölüm
🎯 HEX DECODE - m3u8 bulundu: https://vidlax.xyz/upload/b42b131fa0fef97af73af88393e70b50642a/master.m3u8
      ✅ Sheriff Country - 1.Sezon 1.Bölüm - 1 m3u8
   🔍 [2/5] Bölüm: https://diziyiizle2.com/sheriff-country/1-sezon-2-bolum/
📺 Embed URL bulundu: https://vidlax1.xyz/embed/2c023ec0c86d46c3
🔍 Embed URL kontrol ediliyor: https://vidlax1.xyz/embed/2c023ec0c86d46c3
📄 Embed sayfa içeriği alındı, boyut: 39803 karakter
🎬 Video Başlığı: Sheriff Country
📝 Video Açıklaması: 1.Sezon 2.Bölüm
🎯 Tam Başlık: Sheriff Country - 1.Sezon 2.Bölüm
🎯 HEX DECODE - m3u8 bulundu: https://vidlax.xyz/upload/c2b0cc86125d6a1c0d4fad9d3ab16d357111/master.m3u8
      ✅ Sheriff Country - 1.Sezon 2.Bölüm - 1 m3u8
   🔍 [3/5] Bölüm: https://diziyiizle2.com/sheriff-country/1-sezon-3-bolum/

🔍 Vidlax direkt analizi: https://diziyiizle2.com/sheriff-country/1-sezon-3-bolum/
📄 Sayfa içeriği alındı: 56630 karakter
❌ m3u8 URL'si bulunamadı
      ❌ m3u8 bulunamadı
   🔍 [4/5] Bölüm: https://diziyiizle2.com/sheriff-country/1-sezon-4-bolum/

🔍 Vidlax direkt analizi: https://diziyiizle2.com/sheriff-country/1-sezon-4-bolum/
📄 Sayfa içeriği alındı: 56630 karakter
❌ m3u8 URL'si bulunamadı
      ❌ m3u8 bulunamadı
   🔍 [5/5] Bölüm: https://diziyiizle2.com/sheriff-country/1-sezon-5-bolum/

🔍 Vidlax direkt analizi: https://diziyiizle2.com/sheriff-country/1-sezon-5-bolum/
📄 Sayfa içeriği alındı: 56630 karakter
❌ m3u8 URL'si bulunamadı
      ❌ m3u8 bulunamadı
      📁 Dizi playlist: playlists/sheriff_country_playlist.m3u
   ✅ Dizi tamamlandı: 2 m3u8 eklendi

============================================================
🎬 [20/56] İşleniyor: https://diziyiizle2.com/dizi/boston-blue/
📺 Bölüm bulundu: 1. Sezon 1. BölümAltyazılı26.10.2025 - https://diziyiizle2.com/boston-blue/1-sezon-1-bolum/
📺 Bölüm bulundu: 1. Sezon 2. BölümAltyazılı26.10.2025 - https://diziyiizle2.com/boston-blue/1-sezon-2-bolum/
📺 Bölüm bulundu: 1. Sezon 3. BölümAltyazılı26.10.2025 - https://diziyiizle2.com/boston-blue/1-sezon-3-bolum/
📺 Bölüm bulundu: 1. Sezon 4. BölümAltyazılı26.10.2025 - https://diziyiizle2.com/boston-blue/1-sezon-4-bolum/
📺 Bölüm bulundu: 1. Sezon 5. BölümAltyazılı26.10.2025 - https://diziyiizle2.com/boston-blue/1-sezon-5-bolum/

📊 Toplam 5 bölüm bulundu
   🔍 [1/5] Bölüm: https://diziyiizle2.com/boston-blue/1-sezon-1-bolum/
📺 Embed URL bulundu: https://vidlax1.xyz/embed/830a041ff083a503
🔍 Embed URL kontrol ediliyor: https://vidlax1.xyz/embed/830a041ff083a503
📄 Embed sayfa içeriği alındı, boyut: 39657 karakter
🎬 Video Başlığı: Boston Blue
📝 Video Açıklaması: 1.Sezon 1.Bölüm
🎯 Tam Başlık: Boston Blue - 1.Sezon 1.Bölüm
🎯 HEX DECODE - m3u8 bulundu: https://vidlax.xyz/upload/78a384f340994650b3607bcc7b55d0fbe484/master.m3u8
      ✅ Boston Blue - 1.Sezon 1.Bölüm - 1 m3u8
   🔍 [2/5] Bölüm: https://diziyiizle2.com/boston-blue/1-sezon-2-bolum/
📺 Embed URL bulundu: https://vidlax1.xyz/embed/b1f8882611605d3a
🔍 Embed URL kontrol ediliyor: https://vidlax1.xyz/embed/b1f8882611605d3a
📄 Embed sayfa içeriği alındı, boyut: 39799 karakter
🎬 Video Başlığı: Boston Blue
📝 Video Açıklaması: 1.Sezon 2.Bölüm
🎯 Tam Başlık: Boston Blue - 1.Sezon 2.Bölüm
🎯 HEX DECODE - m3u8 bulundu: https://vidlax.xyz/upload/826c82375aa0ca717c25dd649f65e428ee59/master.m3u8
      ✅ Boston Blue - 1.Sezon 2.Bölüm - 1 m3u8
   🔍 [3/5] Bölüm: https://diziyiizle2.com/boston-blue/1-sezon-3-bolum/

🔍 Vidlax direkt analizi: https://diziyiizle2.com/boston-blue/1-sezon-3-bolum/
📄 Sayfa içeriği alındı: 56523 karakter
❌ m3u8 URL'si bulunamadı
      ❌ m3u8 bulunamadı
   🔍 [4/5] Bölüm: https://diziyiizle2.com/boston-blue/1-sezon-4-bolum/

🔍 Vidlax direkt analizi: https://diziyiizle2.com/boston-blue/1-sezon-4-bolum/
📄 Sayfa içeriği alındı: 56523 karakter
❌ m3u8 URL'si bulunamadı
      ❌ m3u8 bulunamadı
   🔍 [5/5] Bölüm: https://diziyiizle2.com/boston-blue/1-sezon-5-bolum/

🔍 Vidlax direkt analizi: https://diziyiizle2.com/boston-blue/1-sezon-5-bolum/
📄 Sayfa içeriği alındı: 56522 karakter
❌ m3u8 URL'si bulunamadı
      ❌ m3u8 bulunamadı
      📁 Dizi playlist: playlists/boston_blue_playlist.m3u
   ✅ Dizi tamamlandı: 2 m3u8 eklendi

============================================================
🎬 [21/56] İşleniyor: https://diziyiizle2.com/dizi/the-kardashians/
📺 Bölüm bulundu: 1. Sezon 1. BölümDublaj25.10.202549 dk. - https://diziyiizle2.com/the-kardashians/1-sezon-1-bolum/
📺 Bölüm bulundu: 1. Sezon 2. BölümDublaj25.10.202546 dk. - https://diziyiizle2.com/the-kardashians/1-sezon-2-bolum/
📺 Bölüm bulundu: 1. Sezon 3. BölümDublaj25.10.202544 dk. - https://diziyiizle2.com/the-kardashians/1-sezon-3-bolum/
📺 Bölüm bulundu: 1. Sezon 4. BölümDublaj25.10.202544 dk. - https://diziyiizle2.com/the-kardashians/1-sezon-4-bolum/
📺 Bölüm bulundu: 1. Sezon 5. BölümDublaj25.10.202543 dk. - https://diziyiizle2.com/the-kardashians/1-sezon-5-bolum/
📺 Bölüm bulundu: 1. Sezon 6. BölümAltyazılı25.10.202542 dk. - https://diziyiizle2.com/the-kardashians/1-sezon-6-bolum/
📺 Bölüm bulundu: 1. Sezon 7. BölümDublaj25.10.202542 dk. - https://diziyiizle2.com/the-kardashians/1-sezon-7-bolum/
📺 Bölüm bulundu: 1. Sezon 8. BölümDublaj25.10.202540 dk. - https://diziyiizle2.com/the-kardashians/1-sezon-8-bolum/
📺 Bölüm bulundu: 1. Sezon 9. BölümDublaj25.10.202543 dk. - https://diziyiizle2.com/the-kardashians/1-sezon-9-bolum/
📺 Bölüm bulundu: 1. Sezon 10. BölümDublaj25.10.202544 dk. - https://diziyiizle2.com/the-kardashians/1-sezon-10-bolum/
📺 Bölüm bulundu: 2. Sezon 1. BölümDublaj25.10.202549 dk. - https://diziyiizle2.com/the-kardashians/2-sezon-1-bolum/
📺 Bölüm bulundu: 2. Sezon 2. BölümDublaj25.10.202545 dk. - https://diziyiizle2.com/the-kardashians/2-sezon-2-bolum/
📺 Bölüm bulundu: 2. Sezon 3. BölümDublaj25.10.202544 dk. - https://diziyiizle2.com/the-kardashians/2-sezon-3-bolum/
📺 Bölüm bulundu: 2. Sezon 4. BölümDublaj25.10.202549 dk. - https://diziyiizle2.com/the-kardashians/2-sezon-4-bolum/
📺 Bölüm bulundu: 2. Sezon 5. BölümDublaj25.10.202545 dk. - https://diziyiizle2.com/the-kardashians/2-sezon-5-bolum/
📺 Bölüm bulundu: 2. Sezon 6. BölümDublaj25.10.202544 dk. - https://diziyiizle2.com/the-kardashians/2-sezon-6-bolum/
📺 Bölüm bulundu: 2. Sezon 7. BölümDublaj25.10.202540 dk. - https://diziyiizle2.com/the-kardashians/2-sezon-7-bolum/
📺 Bölüm bulundu: 2. Sezon 8. BölümDublaj25.10.202546 dk. - https://diziyiizle2.com/the-kardashians/2-sezon-8-bolum/
📺 Bölüm bulundu: 2. Sezon 9. BölümDublaj25.10.202540 dk. - https://diziyiizle2.com/the-kardashians/2-sezon-9-bolum/
📺 Bölüm bulundu: 2. Sezon 10. BölümDublaj25.10.202545 dk. - https://diziyiizle2.com/the-kardashians/2-sezon-10-bolum/
📺 Bölüm bulundu: 3. Sezon 1. BölümDublaj25.10.202545 dk. - https://diziyiizle2.com/the-kardashians/3-sezon-1-bolum/
📺 Bölüm bulundu: 3. Sezon 2. BölümDublaj25.10.202544 dk. - https://diziyiizle2.com/the-kardashians/3-sezon-2-bolum/
📺 Bölüm bulundu: 3. Sezon 3. BölümDublaj25.10.202547 dk. - https://diziyiizle2.com/the-kardashians/3-sezon-3-bolum/
📺 Bölüm bulundu: 3. Sezon 4. BölümDublaj25.10.202547 dk. - https://diziyiizle2.com/the-kardashians/3-sezon-4-bolum/
📺 Bölüm bulundu: 3. Sezon 5. BölümDublaj25.10.202545 dk. - https://diziyiizle2.com/the-kardashians/3-sezon-5-bolum/
📺 Bölüm bulundu: 3. Sezon 6. BölümDublaj25.10.202540 dk. - https://diziyiizle2.com/the-kardashians/3-sezon-6-bolum/
📺 Bölüm bulundu: 3. Sezon 7. BölümDublaj25.10.202557 dk. - https://diziyiizle2.com/the-kardashians/3-sezon-7-bolum/
📺 Bölüm bulundu: 3. Sezon 8. BölümDublaj25.10.202550 dk. - https://diziyiizle2.com/the-kardashians/3-sezon-8-bolum/
📺 Bölüm bulundu: 3. Sezon 9. BölümDublaj25.10.202546 dk. - https://diziyiizle2.com/the-kardashians/3-sezon-9-bolum/
📺 Bölüm bulundu: 3. Sezon 10. BölümDublaj25.10.202550 dk. - https://diziyiizle2.com/the-kardashians/3-sezon-10-bolum/
📺 Bölüm bulundu: 4. Sezon 1. BölümDublaj25.10.202550 dk. - https://diziyiizle2.com/the-kardashians/4-sezon-1-bolum/
📺 Bölüm bulundu: 4. Sezon 2. BölümDublaj25.10.202554 dk. - https://diziyiizle2.com/the-kardashians/4-sezon-2-bolum/
📺 Bölüm bulundu: 4. Sezon 3. BölümDublaj25.10.202540 dk. - https://diziyiizle2.com/the-kardashians/4-sezon-3-bolum/
📺 Bölüm bulundu: 4. Sezon 4. BölümDublaj25.10.202544 dk. - https://diziyiizle2.com/the-kardashians/4-sezon-4-bolum/
📺 Bölüm bulundu: 4. Sezon 5. BölümDublaj25.10.202548 dk. - https://diziyiizle2.com/the-kardashians/4-sezon-5-bolum/
📺 Bölüm bulundu: 4. Sezon 6. BölümDublaj25.10.202551 dk. - https://diziyiizle2.com/the-kardashians/4-sezon-6-bolum/
📺 Bölüm bulundu: 4. Sezon 7. BölümDublaj25.10.202549 dk. - https://diziyiizle2.com/the-kardashians/4-sezon-7-bolum/
📺 Bölüm bulundu: 4. Sezon 8. BölümDublaj25.10.202549 dk. - https://diziyiizle2.com/the-kardashians/4-sezon-8-bolum/
📺 Bölüm bulundu: 4. Sezon 9. BölümDublaj25.10.202548 dk. - https://diziyiizle2.com/the-kardashians/4-sezon-9-bolum/
📺 Bölüm bulundu: 4. Sezon 10. BölümDublaj25.10.202550 dk. - https://diziyiizle2.com/the-kardashians/4-sezon-10-bolum/
📺 Bölüm bulundu: 5. Sezon 1. BölümDublaj25.10.202552 dk. - https://diziyiizle2.com/the-kardashians/5-sezon-1-bolum/
📺 Bölüm bulundu: 5. Sezon 2. BölümDublaj25.10.202545 dk. - https://diziyiizle2.com/the-kardashians/5-sezon-2-bolum/
📺 Bölüm bulundu: 5. Sezon 3. BölümDublaj25.10.202546 dk. - https://diziyiizle2.com/the-kardashians/5-sezon-3-bolum/
📺 Bölüm bulundu: 5. Sezon 4. BölümDublaj25.10.202546 dk. - https://diziyiizle2.com/the-kardashians/5-sezon-4-bolum/
📺 Bölüm bulundu: 5. Sezon 5. BölümDublaj25.10.202550 dk. - https://diziyiizle2.com/the-kardashians/5-sezon-5-bolum/
📺 Bölüm bulundu: 5. Sezon 6. BölümAltyazılı25.10.202547 dk. - https://diziyiizle2.com/the-kardashians/5-sezon-6-bolum/
📺 Bölüm bulundu: 5. Sezon 7. BölümAltyazılı25.10.202545 dk. - https://diziyiizle2.com/the-kardashians/5-sezon-7-bolum/
📺 Bölüm bulundu: 5. Sezon 8. BölümAltyazılı25.10.202547 dk. - https://diziyiizle2.com/the-kardashians/5-sezon-8-bolum/
📺 Bölüm bulundu: 5. Sezon 9. BölümAltyazılı25.10.202547 dk. - https://diziyiizle2.com/the-kardashians/5-sezon-9-bolum/
📺 Bölüm bulundu: 5. Sezon 10. BölümAltyazılı25.10.202546 dk. - https://diziyiizle2.com/the-kardashians/5-sezon-10-bolum/
📺 Bölüm bulundu: 6. Sezon 1. BölümAltyazılı25.10.202556 dk. - https://diziyiizle2.com/the-kardashians/6-sezon-1-bolum/
📺 Bölüm bulundu: 6. Sezon 2. BölümAltyazılı25.10.202559 dk. - https://diziyiizle2.com/the-kardashians/6-sezon-2-bolum/
📺 Bölüm bulundu: 6. Sezon 3. BölümAltyazılı25.10.202550 dk. - https://diziyiizle2.com/the-kardashians/6-sezon-3-bolum/
📺 Bölüm bulundu: 6. Sezon 4. BölümAltyazılı25.10.202550 dk. - https://diziyiizle2.com/the-kardashians/6-sezon-4-bolum/
📺 Bölüm bulundu: 6. Sezon 5. BölümAltyazılı25.10.202548 dk. - https://diziyiizle2.com/the-kardashians/6-sezon-5-bolum/
📺 Bölüm bulundu: 6. Sezon 6. BölümAltyazılı25.10.202550 dk. - https://diziyiizle2.com/the-kardashians/6-sezon-6-bolum/
📺 Bölüm bulundu: 6. Sezon 7. BölümAltyazılı25.10.202553 dk. - https://diziyiizle2.com/the-kardashians/6-sezon-7-bolum/
📺 Bölüm bulundu: 6. Sezon 8. BölümAltyazılı25.10.202545 dk. - https://diziyiizle2.com/the-kardashians/6-sezon-8-bolum/
📺 Bölüm bulundu: 6. Sezon 9. BölümAltyazılı25.10.202550 dk. - https://diziyiizle2.com/the-kardashians/6-sezon-9-bolum/
📺 Bölüm bulundu: 6. Sezon 10. BölümAltyazılı25.10.202549 dk. - https://diziyiizle2.com/the-kardashians/6-sezon-10-bolum/
📺 Bölüm bulundu: 7. Sezon 1. BölümAltyazılı25.10.202552 dk. - https://diziyiizle2.com/the-kardashians/7-sezon-1-bolum/
📺 Bölüm bulundu: 7. Sezon 2. BölümAltyazılı25.10.2025 - https://diziyiizle2.com/the-kardashians/7-sezon-2-bolum/
📺 Bölüm bulundu: 7. Sezon 3. BölümAltyazılı25.10.2025 - https://diziyiizle2.com/the-kardashians/7-sezon-3-bolum/

📊 Toplam 63 bölüm bulundu
   🔍 [1/63] Bölüm: https://diziyiizle2.com/the-kardashians/1-sezon-1-bolum/
📺 Embed URL bulundu: https://vidlax1.xyz/embed/ac1700753614780f
🔍 Embed URL kontrol ediliyor: https://vidlax1.xyz/embed/ac1700753614780f
📄 Embed sayfa içeriği alındı, boyut: 39489 karakter
🎬 Video Başlığı: The Kardashians
📝 Video Açıklaması: 1.Sezon 1.Bölüm
🎯 Tam Başlık: The Kardashians - 1.Sezon 1.Bölüm
🎯 HEX DECODE - m3u8 bulundu: https://vidlax.xyz/upload/9cffb5f04d28bd70218e3c8a354d836de0fe/master.m3u8
      ✅ The Kardashians - 1.Sezon 1.Bölüm - 1 m3u8
   🔍 [2/63] Bölüm: https://diziyiizle2.com/the-kardashians/1-sezon-2-bolum/
📺 Embed URL bulundu: https://vidlax1.xyz/embed/ddf61eb09fefd966
🔍 Embed URL kontrol ediliyor: https://vidlax1.xyz/embed/ddf61eb09fefd966
📄 Embed sayfa içeriği alındı, boyut: 39489 karakter
🎬 Video Başlığı: The Kardashians
📝 Video Açıklaması: 1.Sezon 2.Bölüm
🎯 Tam Başlık: The Kardashians - 1.Sezon 2.Bölüm
🎯 HEX DECODE - m3u8 bulundu: https://vidlax.xyz/upload/606b49cd760459aa37cbb41058cd9a7ec148/master.m3u8
      ✅ The Kardashians - 1.Sezon 2.Bölüm - 1 m3u8
   🔍 [3/63] Bölüm: https://diziyiizle2.com/the-kardashians/1-sezon-3-bolum/
📺 Embed URL bulundu: https://vidlax1.xyz/embed/39a4033bb794ffce
🔍 Embed URL kontrol ediliyor: https://vidlax1.xyz/embed/39a4033bb794ffce
📄 Embed sayfa içeriği alındı, boyut: 39489 karakter
🎬 Video Başlığı: The Kardashians
📝 Video Açıklaması: 1.Sezon 3.Bölüm
🎯 Tam Başlık: The Kardashians - 1.Sezon 3.Bölüm
🎯 HEX DECODE - m3u8 bulundu: https://vidlax.xyz/upload/c677804f5dd776462eca0cf4e4a68e44c012/master.m3u8
      ✅ The Kardashians - 1.Sezon 3.Bölüm - 1 m3u8
   🔍 [4/63] Bölüm: https://diziyiizle2.com/the-kardashians/1-sezon-4-bolum/
📺 Embed URL bulundu: https://vidlax1.xyz/embed/ae96527ffe0f948a
🔍 Embed URL kontrol ediliyor: https://vidlax1.xyz/embed/ae96527ffe0f948a
📄 Embed sayfa içeriği alındı, boyut: 39489 karakter
🎬 Video Başlığı: The Kardashians
📝 Video Açıklaması: 1.Sezon 4.Bölüm
🎯 Tam Başlık: The Kardashians - 1.Sezon 4.Bölüm
🎯 HEX DECODE - m3u8 bulundu: https://vidlax.xyz/upload/4ec4b12b807c6fe19e962e87cae9c8c395f2/master.m3u8
      ✅ The Kardashians - 1.Sezon 4.Bölüm - 1 m3u8
   🔍 [5/63] Bölüm: https://diziyiizle2.com/the-kardashians/1-sezon-5-bolum/
📺 Embed URL bulundu: https://vidlax1.xyz/embed/4e784083501612ae
🔍 Embed URL kontrol ediliyor: https://vidlax1.xyz/embed/4e784083501612ae
📄 Embed sayfa içeriği alındı, boyut: 39489 karakter
🎬 Video Başlığı: The Kardashians
📝 Video Açıklaması: 1.Sezon 5.Bölüm
🎯 Tam Başlık: The Kardashians - 1.Sezon 5.Bölüm
🎯 HEX DECODE - m3u8 bulundu: https://vidlax.xyz/upload/04288780d7a471b6916aff0caf5ffe24ccd4/master.m3u8
      ✅ The Kardashians - 1.Sezon 5.Bölüm - 1 m3u8
   🔍 [6/63] Bölüm: https://diziyiizle2.com/the-kardashians/1-sezon-6-bolum/

🔍 Vidlax direkt analizi: https://diziyiizle2.com/the-kardashians/1-sezon-6-bolum/
📄 Sayfa içeriği alındı: 136498 karakter
❌ m3u8 URL'si bulunamadı
      ❌ m3u8 bulunamadı
   🔍 [7/63] Bölüm: https://diziyiizle2.com/the-kardashians/1-sezon-7-bolum/
📺 Embed URL bulundu: https://vidlax1.xyz/embed/683e7aa13c4f3748
🔍 Embed URL kontrol ediliyor: https://vidlax1.xyz/embed/683e7aa13c4f3748
📄 Embed sayfa içeriği alındı, boyut: 39489 karakter
🎬 Video Başlığı: The Kardashians
📝 Video Açıklaması: 1.Sezon 7.Bölüm
🎯 Tam Başlık: The Kardashians - 1.Sezon 7.Bölüm
🎯 HEX DECODE - m3u8 bulundu: https://vidlax.xyz/upload/4be44601a1233f2dc098fbad75a87a31cb89/master.m3u8
      ✅ The Kardashians - 1.Sezon 7.Bölüm - 1 m3u8
   🔍 [8/63] Bölüm: https://diziyiizle2.com/the-kardashians/1-sezon-8-bolum/
📺 Embed URL bulundu: https://vidlax1.xyz/embed/f81c12e74fb9d7de
🔍 Embed URL kontrol ediliyor: https://vidlax1.xyz/embed/f81c12e74fb9d7de
📄 Embed sayfa içeriği alındı, boyut: 39489 karakter
🎬 Video Başlığı: The Kardashians
📝 Video Açıklaması: 1.Sezon 8.Bölüm
🎯 Tam Başlık: The Kardashians - 1.Sezon 8.Bölüm
🎯 HEX DECODE - m3u8 bulundu: https://vidlax.xyz/upload/5cda6a7063218812c0eaa8310461782485b9/master.m3u8
      ✅ The Kardashians - 1.Sezon 8.Bölüm - 1 m3u8
   🔍 [9/63] Bölüm: https://diziyiizle2.com/the-kardashians/1-sezon-9-bolum/
📺 Embed URL bulundu: https://vidlax1.xyz/embed/7d9b113ca595bfb2
🔍 Embed URL kontrol ediliyor: https://vidlax1.xyz/embed/7d9b113ca595bfb2
📄 Embed sayfa içeriği alındı, boyut: 39489 karakter
🎬 Video Başlığı: The Kardashians
📝 Video Açıklaması: 1.Sezon 9.Bölüm
🎯 Tam Başlık: The Kardashians - 1.Sezon 9.Bölüm
🎯 HEX DECODE - m3u8 bulundu: https://vidlax.xyz/upload/39002f25ca568178bcfc22f15941666a4a54/master.m3u8
      ✅ The Kardashians - 1.Sezon 9.Bölüm - 1 m3u8
   🔍 [10/63] Bölüm: https://diziyiizle2.com/the-kardashians/1-sezon-10-bolum/
📺 Embed URL bulundu: https://vidlax1.xyz/embed/9eae8ecf20624009
🔍 Embed URL kontrol ediliyor: https://vidlax1.xyz/embed/9eae8ecf20624009
📄 Embed sayfa içeriği alındı, boyut: 39490 karakter
🎬 Video Başlığı: The Kardashians
📝 Video Açıklaması: 1.Sezon 10.Bölüm
🎯 Tam Başlık: The Kardashians - 1.Sezon 10.Bölüm
🎯 HEX DECODE - m3u8 bulundu: https://vidlax.xyz/upload/81c30cba528294a111b342e4dc85e671f04d/master.m3u8
      ✅ The Kardashians - 1.Sezon 10.Bölüm - 1 m3u8
   🔍 [11/63] Bölüm: https://diziyiizle2.com/the-kardashians/2-sezon-1-bolum/
📺 Embed URL bulundu: https://vidlax1.xyz/embed/1818c1846955a56b
🔍 Embed URL kontrol ediliyor: https://vidlax1.xyz/embed/1818c1846955a56b
📄 Embed sayfa içeriği alındı, boyut: 39489 karakter
🎬 Video Başlığı: The Kardashians
📝 Video Açıklaması: 2.Sezon 1.Bölüm
🎯 Tam Başlık: The Kardashians - 2.Sezon 1.Bölüm
🎯 HEX DECODE - m3u8 bulundu: https://vidlax.xyz/upload/c9c24052433eaa9bfc944af226519c4782d3/master.m3u8
      ✅ The Kardashians - 2.Sezon 1.Bölüm - 1 m3u8
   🔍 [12/63] Bölüm: https://diziyiizle2.com/the-kardashians/2-sezon-2-bolum/
📺 Embed URL bulundu: https://vidlax1.xyz/embed/fa73d278f5845e8d
🔍 Embed URL kontrol ediliyor: https://vidlax1.xyz/embed/fa73d278f5845e8d
📄 Embed sayfa içeriği alındı, boyut: 39489 karakter
🎬 Video Başlığı: The Kardashians
📝 Video Açıklaması: 2.Sezon 2.Bölüm
🎯 Tam Başlık: The Kardashians - 2.Sezon 2.Bölüm
🎯 HEX DECODE - m3u8 bulundu: https://vidlax.xyz/upload/bcf67dffc4fbcb048a79cbca2558749ff640/master.m3u8
      ✅ The Kardashians - 2.Sezon 2.Bölüm - 1 m3u8
   🔍 [13/63] Bölüm: https://diziyiizle2.com/the-kardashians/2-sezon-3-bolum/
📺 Embed URL bulundu: https://vidlax1.xyz/embed/f5b897500c5a3558
🔍 Embed URL kontrol ediliyor: https://vidlax1.xyz/embed/f5b897500c5a3558
📄 Embed sayfa içeriği alındı, boyut: 39489 karakter
🎬 Video Başlığı: The Kardashians
📝 Video Açıklaması: 2.Sezon 3.Bölüm
🎯 Tam Başlık: The Kardashians - 2.Sezon 3.Bölüm
🎯 HEX DECODE - m3u8 bulundu: https://vidlax.xyz/upload/9de01e2f7d38496a513c92641e514434d558/master.m3u8
      ✅ The Kardashians - 2.Sezon 3.Bölüm - 1 m3u8
   🔍 [14/63] Bölüm: https://diziyiizle2.com/the-kardashians/2-sezon-4-bolum/
📺 Embed URL bulundu: https://vidlax1.xyz/embed/4e7455abc0e25b02
🔍 Embed URL kontrol ediliyor: https://vidlax1.xyz/embed/4e7455abc0e25b02
📄 Embed sayfa içeriği alındı, boyut: 39489 karakter
🎬 Video Başlığı: The Kardashians
📝 Video Açıklaması: 2.Sezon 4.Bölüm
🎯 Tam Başlık: The Kardashians - 2.Sezon 4.Bölüm
🎯 HEX DECODE - m3u8 bulundu: https://vidlax.xyz/upload/6a150c175d48284ca549ea9b83182c6440b7/master.m3u8
      ✅ The Kardashians - 2.Sezon 4.Bölüm - 1 m3u8
   🔍 [15/63] Bölüm: https://diziyiizle2.com/the-kardashians/2-sezon-5-bolum/
📺 Embed URL bulundu: https://vidlax1.xyz/embed/4f1fe31397cc731c
🔍 Embed URL kontrol ediliyor: https://vidlax1.xyz/embed/4f1fe31397cc731c
📄 Embed sayfa içeriği alındı, boyut: 39489 karakter
🎬 Video Başlığı: The Kardashians
📝 Video Açıklaması: 2.Sezon 5.Bölüm
🎯 Tam Başlık: The Kardashians - 2.Sezon 5.Bölüm
🎯 HEX DECODE - m3u8 bulundu: https://vidlax.xyz/upload/115290e380106b380275ae079695dc8a0a26/master.m3u8
      ✅ The Kardashians - 2.Sezon 5.Bölüm - 1 m3u8
   🔍 [16/63] Bölüm: https://diziyiizle2.com/the-kardashians/2-sezon-6-bolum/
📺 Embed URL bulundu: https://vidlax1.xyz/embed/68d9e584427d7d23
🔍 Embed URL kontrol ediliyor: https://vidlax1.xyz/embed/68d9e584427d7d23
📄 Embed sayfa içeriği alındı, boyut: 39489 karakter
🎬 Video Başlığı: The Kardashians
📝 Video Açıklaması: 2.Sezon 6.Bölüm
🎯 Tam Başlık: The Kardashians - 2.Sezon 6.Bölüm
🎯 HEX DECODE - m3u8 bulundu: https://vidlax.xyz/upload/c8a106e903f51660f9f0204c2231245644d5/master.m3u8
      ✅ The Kardashians - 2.Sezon 6.Bölüm - 1 m3u8
   🔍 [17/63] Bölüm: https://diziyiizle2.com/the-kardashians/2-sezon-7-bolum/
📺 Embed URL bulundu: https://vidlax1.xyz/embed/e909abcaaee33157
🔍 Embed URL kontrol ediliyor: https://vidlax1.xyz/embed/e909abcaaee33157
📄 Embed sayfa içeriği alındı, boyut: 39489 karakter
🎬 Video Başlığı: The Kardashians
📝 Video Açıklaması: 2.Sezon 7.Bölüm
🎯 Tam Başlık: The Kardashians - 2.Sezon 7.Bölüm
🎯 HEX DECODE - m3u8 bulundu: https://vidlax.xyz/upload/da3d255a0d1bde21623d9998e9eced1ab480/master.m3u8
      ✅ The Kardashians - 2.Sezon 7.Bölüm - 1 m3u8
   🔍 [18/63] Bölüm: https://diziyiizle2.com/the-kardashians/2-sezon-8-bolum/
📺 Embed URL bulundu: https://vidlax1.xyz/embed/881bc21cfe853eb5
🔍 Embed URL kontrol ediliyor: https://vidlax1.xyz/embed/881bc21cfe853eb5
📄 Embed sayfa içeriği alındı, boyut: 39489 karakter
🎬 Video Başlığı: The Kardashians
📝 Video Açıklaması: 2.Sezon 8.Bölüm
🎯 Tam Başlık: The Kardashians - 2.Sezon 8.Bölüm
🎯 HEX DECODE - m3u8 bulundu: https://vidlax.xyz/upload/2eb164bbb93b38ae335809ac3027961dedb5/master.m3u8
      ✅ The Kardashians - 2.Sezon 8.Bölüm - 1 m3u8
   🔍 [19/63] Bölüm: https://diziyiizle2.com/the-kardashians/2-sezon-9-bolum/
📺 Embed URL bulundu: https://vidlax1.xyz/embed/4a48cecc10f35ebc
🔍 Embed URL kontrol ediliyor: https://vidlax1.xyz/embed/4a48cecc10f35ebc
📄 Embed sayfa içeriği alındı, boyut: 39489 karakter
🎬 Video Başlığı: The Kardashians
📝 Video Açıklaması: 2.Sezon 9.Bölüm
🎯 Tam Başlık: The Kardashians - 2.Sezon 9.Bölüm
🎯 HEX DECODE - m3u8 bulundu: https://vidlax.xyz/upload/61d0c827496e8a833bb6129d5e1f33c7af1a/master.m3u8
      ✅ The Kardashians - 2.Sezon 9.Bölüm - 1 m3u8
   🔍 [20/63] Bölüm: https://diziyiizle2.com/the-kardashians/2-sezon-10-bolum/
📺 Embed URL bulundu: https://vidlax1.xyz/embed/e005d5c598db586b
🔍 Embed URL kontrol ediliyor: https://vidlax1.xyz/embed/e005d5c598db586b
📄 Embed sayfa içeriği alındı, boyut: 39490 karakter
🎬 Video Başlığı: The Kardashians
📝 Video Açıklaması: 2.Sezon 10.Bölüm
🎯 Tam Başlık: The Kardashians - 2.Sezon 10.Bölüm
🎯 HEX DECODE - m3u8 bulundu: https://vidlax.xyz/upload/588bb6cc29e9a94aed3e6ce551568f2722c7/master.m3u8
      ✅ The Kardashians - 2.Sezon 10.Bölüm - 1 m3u8
   🔍 [21/63] Bölüm: https://diziyiizle2.com/the-kardashians/3-sezon-1-bolum/
📺 Embed URL bulundu: https://vidlax1.xyz/embed/c90dd395dd2d2ef7
🔍 Embed URL kontrol ediliyor: https://vidlax1.xyz/embed/c90dd395dd2d2ef7
📄 Embed sayfa içeriği alındı, boyut: 41390 karakter
🎬 Video Başlığı: The Kardashians
📝 Video Açıklaması: 3.Sezon 1.Bölüm
🎯 Tam Başlık: The Kardashians - 3.Sezon 1.Bölüm
🎯 HEX DECODE - m3u8 bulundu: https://vidlax.xyz/upload/d6837f1734a5b90e1cc1cc175e72baeec9e3/master.m3u8
      ✅ The Kardashians - 3.Sezon 1.Bölüm - 1 m3u8
   🔍 [22/63] Bölüm: https://diziyiizle2.com/the-kardashians/3-sezon-2-bolum/
📺 Embed URL bulundu: https://vidlax1.xyz/embed/30950c528d710b2b
🔍 Embed URL kontrol ediliyor: https://vidlax1.xyz/embed/30950c528d710b2b
📄 Embed sayfa içeriği alındı, boyut: 41390 karakter
🎬 Video Başlığı: The Kardashians
📝 Video Açıklaması: 3.Sezon 2.Bölüm
🎯 Tam Başlık: The Kardashians - 3.Sezon 2.Bölüm
🎯 HEX DECODE - m3u8 bulundu: https://vidlax.xyz/upload/f895f8f7eebd451aa62f3e56b5c3b039a069/master.m3u8
      ✅ The Kardashians - 3.Sezon 2.Bölüm - 1 m3u8
   🔍 [23/63] Bölüm: https://diziyiizle2.com/the-kardashians/3-sezon-3-bolum/
📺 Embed URL bulundu: https://vidlax1.xyz/embed/36fa9d926322624f
🔍 Embed URL kontrol ediliyor: https://vidlax1.xyz/embed/36fa9d926322624f
📄 Embed sayfa içeriği alındı, boyut: 41200 karakter
🎬 Video Başlığı: The Kardashians
📝 Video Açıklaması: 3.Sezon 3.Bölüm
🎯 Tam Başlık: The Kardashians - 3.Sezon 3.Bölüm
🎯 HEX DECODE - m3u8 bulundu: https://vidlax.xyz/upload/35c7614c970de05ffb67c6b72594866ed455/master.m3u8
      ✅ The Kardashians - 3.Sezon 3.Bölüm - 1 m3u8
   🔍 [24/63] Bölüm: https://diziyiizle2.com/the-kardashians/3-sezon-4-bolum/
📺 Embed URL bulundu: https://vidlax1.xyz/embed/edfdb0f878d945ab
🔍 Embed URL kontrol ediliyor: https://vidlax1.xyz/embed/edfdb0f878d945ab
📄 Embed sayfa içeriği alındı, boyut: 41205 karakter
🎬 Video Başlığı: The Kardashians
📝 Video Açıklaması: 3.Sezon 4.Bölüm
🎯 Tam Başlık: The Kardashians - 3.Sezon 4.Bölüm
🎯 HEX DECODE - m3u8 bulundu: https://vidlax.xyz/upload/28c5b039ef9fd6ff877a186c880eb77f2dbe/master.m3u8
      ✅ The Kardashians - 3.Sezon 4.Bölüm - 1 m3u8
   🔍 [25/63] Bölüm: https://diziyiizle2.com/the-kardashians/3-sezon-5-bolum/
📺 Embed URL bulundu: https://vidlax1.xyz/embed/fc6a1f3c5ef0f3a7
🔍 Embed URL kontrol ediliyor: https://vidlax1.xyz/embed/fc6a1f3c5ef0f3a7
📄 Embed sayfa içeriği alındı, boyut: 41210 karakter
🎬 Video Başlığı: The Kardashians
📝 Video Açıklaması: 3.Sezon 5.Bölüm
🎯 Tam Başlık: The Kardashians - 3.Sezon 5.Bölüm
🎯 HEX DECODE - m3u8 bulundu: https://vidlax.xyz/upload/32f103920500386c2d20f8d2f374e3e7df7a/master.m3u8
      ✅ The Kardashians - 3.Sezon 5.Bölüm - 1 m3u8
   🔍 [26/63] Bölüm: https://diziyiizle2.com/the-kardashians/3-sezon-6-bolum/
📺 Embed URL bulundu: https://vidlax1.xyz/embed/57f8dc800c64500a
🔍 Embed URL kontrol ediliyor: https://vidlax1.xyz/embed/57f8dc800c64500a
📄 Embed sayfa içeriği alındı, boyut: 41192 karakter
🎬 Video Başlığı: The Kardashians
📝 Video Açıklaması: 3.Sezon 6.Bölüm
🎯 Tam Başlık: The Kardashians - 3.Sezon 6.Bölüm
🎯 HEX DECODE - m3u8 bulundu: https://vidlax.xyz/upload/3dd3bcfae44558071dbe409a4ee92ae83828/master.m3u8
      ✅ The Kardashians - 3.Sezon 6.Bölüm - 1 m3u8
   🔍 [27/63] Bölüm: https://diziyiizle2.com/the-kardashians/3-sezon-7-bolum/
📺 Embed URL bulundu: https://vidlax1.xyz/embed/27d573c13cdc2cf4
🔍 Embed URL kontrol ediliyor: https://vidlax1.xyz/embed/27d573c13cdc2cf4
📄 Embed sayfa içeriği alındı, boyut: 41027 karakter
🎬 Video Başlığı: The Kardashians
📝 Video Açıklaması: 3.Sezon 7.Bölüm
🎯 Tam Başlık: The Kardashians - 3.Sezon 7.Bölüm
🎯 HEX DECODE - m3u8 bulundu: https://vidlax.xyz/upload/c191022d530f58eb40327d1849bac9b84af4/master.m3u8
      ✅ The Kardashians - 3.Sezon 7.Bölüm - 1 m3u8
   🔍 [28/63] Bölüm: https://diziyiizle2.com/the-kardashians/3-sezon-8-bolum/
📺 Embed URL bulundu: https://vidlax1.xyz/embed/e9cad5285b72126e
🔍 Embed URL kontrol ediliyor: https://vidlax1.xyz/embed/e9cad5285b72126e
📄 Embed sayfa içeriği alındı, boyut: 41024 karakter
🎬 Video Başlığı: The Kardashians
📝 Video Açıklaması: 3.Sezon 8.Bölüm
🎯 Tam Başlık: The Kardashians - 3.Sezon 8.Bölüm
🎯 HEX DECODE - m3u8 bulundu: https://vidlax.xyz/upload/f94bd6c34672cb6dc61c13039a448cbd3320/master.m3u8
      ✅ The Kardashians - 3.Sezon 8.Bölüm - 1 m3u8
   🔍 [29/63] Bölüm: https://diziyiizle2.com/the-kardashians/3-sezon-9-bolum/
📺 Embed URL bulundu: https://vidlax1.xyz/embed/b590539d723f7725
🔍 Embed URL kontrol ediliyor: https://vidlax1.xyz/embed/b590539d723f7725
📄 Embed sayfa içeriği alındı, boyut: 41388 karakter
🎬 Video Başlığı: The Kardashians
📝 Video Açıklaması: 3.Sezon 9.Bölüm
🎯 Tam Başlık: The Kardashians - 3.Sezon 9.Bölüm
🎯 HEX DECODE - m3u8 bulundu: https://vidlax.xyz/upload/6bb7a9ccb8ba691ac134289d2ee6662c8a9f/master.m3u8
      ✅ The Kardashians - 3.Sezon 9.Bölüm - 1 m3u8
   🔍 [30/63] Bölüm: https://diziyiizle2.com/the-kardashians/3-sezon-10-bolum/
📺 Embed URL bulundu: https://vidlax1.xyz/embed/6d8d821dcfc8cbd0
🔍 Embed URL kontrol ediliyor: https://vidlax1.xyz/embed/6d8d821dcfc8cbd0
📄 Embed sayfa içeriği alındı, boyut: 41201 karakter
🎬 Video Başlığı: The Kardashians
📝 Video Açıklaması: 3.Sezon 10.Bölüm
🎯 Tam Başlık: The Kardashians - 3.Sezon 10.Bölüm
🎯 HEX DECODE - m3u8 bulundu: https://vidlax.xyz/upload/50c5fb209ed83b600eb38c508b71b2f3ac49/master.m3u8
      ✅ The Kardashians - 3.Sezon 10.Bölüm - 1 m3u8
   🔍 [31/63] Bölüm: https://diziyiizle2.com/the-kardashians/4-sezon-1-bolum/
📺 Embed URL bulundu: https://vidlax1.xyz/embed/971c142c128f00c2
🔍 Embed URL kontrol ediliyor: https://vidlax1.xyz/embed/971c142c128f00c2
📄 Embed sayfa içeriği alındı, boyut: 39489 karakter
🎬 Video Başlığı: The Kardashians
📝 Video Açıklaması: 4.Sezon 1.Bölüm
🎯 Tam Başlık: The Kardashians - 4.Sezon 1.Bölüm
🎯 HEX DECODE - m3u8 bulundu: https://vidlax.xyz/upload/a90d38267b3383e91fc06dbad0e8dcdbb6bb/master.m3u8
      ✅ The Kardashians - 4.Sezon 1.Bölüm - 1 m3u8
   🔍 [32/63] Bölüm: https://diziyiizle2.com/the-kardashians/4-sezon-2-bolum/
📺 Embed URL bulundu: https://vidlax1.xyz/embed/2e05e9a7ed0b8a60
🔍 Embed URL kontrol ediliyor: https://vidlax1.xyz/embed/2e05e9a7ed0b8a60
📄 Embed sayfa içeriği alındı, boyut: 39489 karakter
🎬 Video Başlığı: The Kardashians
📝 Video Açıklaması: 4.Sezon 2.Bölüm
🎯 Tam Başlık: The Kardashians - 4.Sezon 2.Bölüm
🎯 HEX DECODE - m3u8 bulundu: https://vidlax.xyz/upload/6b24595d30c6d471e2e37734ab88d1e2c60c/master.m3u8
      ✅ The Kardashians - 4.Sezon 2.Bölüm - 1 m3u8
   🔍 [33/63] Bölüm: https://diziyiizle2.com/the-kardashians/4-sezon-3-bolum/
📺 Embed URL bulundu: https://vidlax1.xyz/embed/cff3182d8a31f7fc
🔍 Embed URL kontrol ediliyor: https://vidlax1.xyz/embed/cff3182d8a31f7fc
📄 Embed sayfa içeriği alındı, boyut: 39489 karakter
🎬 Video Başlığı: The Kardashians
📝 Video Açıklaması: 4.Sezon 3.Bölüm
🎯 Tam Başlık: The Kardashians - 4.Sezon 3.Bölüm
🎯 HEX DECODE - m3u8 bulundu: https://vidlax.xyz/upload/b4eaaaa245dc72c4e567e0362f23f6ab40f2/master.m3u8
      ✅ The Kardashians - 4.Sezon 3.Bölüm - 1 m3u8
   🔍 [34/63] Bölüm: https://diziyiizle2.com/the-kardashians/4-sezon-4-bolum/
📺 Embed URL bulundu: https://vidlax1.xyz/embed/647287f6461eaa02
🔍 Embed URL kontrol ediliyor: https://vidlax1.xyz/embed/647287f6461eaa02
📄 Embed sayfa içeriği alındı, boyut: 39489 karakter
🎬 Video Başlığı: The Kardashians
📝 Video Açıklaması: 4.Sezon 4.Bölüm
🎯 Tam Başlık: The Kardashians - 4.Sezon 4.Bölüm
🎯 HEX DECODE - m3u8 bulundu: https://vidlax.xyz/upload/0413bcb8a224f723f0b4a67f1276cf535295/master.m3u8
      ✅ The Kardashians - 4.Sezon 4.Bölüm - 1 m3u8
   🔍 [35/63] Bölüm: https://diziyiizle2.com/the-kardashians/4-sezon-5-bolum/
📺 Embed URL bulundu: https://vidlax1.xyz/embed/21f56535ad489cb3
🔍 Embed URL kontrol ediliyor: https://vidlax1.xyz/embed/21f56535ad489cb3
📄 Embed sayfa içeriği alındı, boyut: 39489 karakter
🎬 Video Başlığı: The Kardashians
📝 Video Açıklaması: 4.Sezon 5.Bölüm
🎯 Tam Başlık: The Kardashians - 4.Sezon 5.Bölüm
🎯 HEX DECODE - m3u8 bulundu: https://vidlax.xyz/upload/acc0fed3b5f1191ef3d8739b20654b55e773/master.m3u8
      ✅ The Kardashians - 4.Sezon 5.Bölüm - 1 m3u8
   🔍 [36/63] Bölüm: https://diziyiizle2.com/the-kardashians/4-sezon-6-bolum/
📺 Embed URL bulundu: https://vidlax1.xyz/embed/1e5d607434bc2ca7
🔍 Embed URL kontrol ediliyor: https://vidlax1.xyz/embed/1e5d607434bc2ca7
📄 Embed sayfa içeriği alındı, boyut: 39489 karakter
🎬 Video Başlığı: The Kardashians
📝 Video Açıklaması: 4.Sezon 6.Bölüm
🎯 Tam Başlık: The Kardashians - 4.Sezon 6.Bölüm
🎯 HEX DECODE - m3u8 bulundu: https://vidlax.xyz/upload/486422986ee9952ed0572066864df401191b/master.m3u8
      ✅ The Kardashians - 4.Sezon 6.Bölüm - 1 m3u8
   🔍 [37/63] Bölüm: https://diziyiizle2.com/the-kardashians/4-sezon-7-bolum/
📺 Embed URL bulundu: https://vidlax1.xyz/embed/d272491ece11f6a1
🔍 Embed URL kontrol ediliyor: https://vidlax1.xyz/embed/d272491ece11f6a1
📄 Embed sayfa içeriği alındı, boyut: 39489 karakter
🎬 Video Başlığı: The Kardashians
📝 Video Açıklaması: 4.Sezon 7.Bölüm
🎯 Tam Başlık: The Kardashians - 4.Sezon 7.Bölüm
🎯 HEX DECODE - m3u8 bulundu: https://vidlax.xyz/upload/8a763f8a12155257d89366cb80752a955c7e/master.m3u8
      ✅ The Kardashians - 4.Sezon 7.Bölüm - 1 m3u8
   🔍 [38/63] Bölüm: https://diziyiizle2.com/the-kardashians/4-sezon-8-bolum/
📺 Embed URL bulundu: https://vidlax1.xyz/embed/4d0fbbaa51291c43
🔍 Embed URL kontrol ediliyor: https://vidlax1.xyz/embed/4d0fbbaa51291c43
📄 Embed sayfa içeriği alındı, boyut: 39489 karakter
🎬 Video Başlığı: The Kardashians
📝 Video Açıklaması: 4.Sezon 8.Bölüm
🎯 Tam Başlık: The Kardashians - 4.Sezon 8.Bölüm
🎯 HEX DECODE - m3u8 bulundu: https://vidlax.xyz/upload/90429cfe71ab5d5133341e5d10ebb9294b7b/master.m3u8
      ✅ The Kardashians - 4.Sezon 8.Bölüm - 1 m3u8
   🔍 [39/63] Bölüm: https://diziyiizle2.com/the-kardashians/4-sezon-9-bolum/
📺 Embed URL bulundu: https://vidlax1.xyz/embed/128ba15b2e8a8d6c
🔍 Embed URL kontrol ediliyor: https://vidlax1.xyz/embed/128ba15b2e8a8d6c
📄 Embed sayfa içeriği alındı, boyut: 39489 karakter
🎬 Video Başlığı: The Kardashians
📝 Video Açıklaması: 4.Sezon 9.Bölüm
🎯 Tam Başlık: The Kardashians - 4.Sezon 9.Bölüm
🎯 HEX DECODE - m3u8 bulundu: https://vidlax.xyz/upload/89ef0afc7107e96884a0d585fd2cbf74b165/master.m3u8
      ✅ The Kardashians - 4.Sezon 9.Bölüm - 1 m3u8
   🔍 [40/63] Bölüm: https://diziyiizle2.com/the-kardashians/4-sezon-10-bolum/
📺 Embed URL bulundu: https://vidlax1.xyz/embed/8ad72b36e8518e4b
🔍 Embed URL kontrol ediliyor: https://vidlax1.xyz/embed/8ad72b36e8518e4b
📄 Embed sayfa içeriği alındı, boyut: 39490 karakter
🎬 Video Başlığı: The Kardashians
📝 Video Açıklaması: 4.Sezon 10.Bölüm
🎯 Tam Başlık: The Kardashians - 4.Sezon 10.Bölüm
🎯 HEX DECODE - m3u8 bulundu: https://vidlax.xyz/upload/8e520f2dcea3805198ec7b0c8341f7c9aa05/master.m3u8
      ✅ The Kardashians - 4.Sezon 10.Bölüm - 1 m3u8
   🔍 [41/63] Bölüm: https://diziyiizle2.com/the-kardashians/5-sezon-1-bolum/
📺 Embed URL bulundu: https://vidlax1.xyz/embed/0d614a5ef8b62472
🔍 Embed URL kontrol ediliyor: https://vidlax1.xyz/embed/0d614a5ef8b62472
📄 Embed sayfa içeriği alındı, boyut: 41365 karakter
🎬 Video Başlığı: The Kardashians
📝 Video Açıklaması: 5.Sezon 1.Bölüm
🎯 Tam Başlık: The Kardashians - 5.Sezon 1.Bölüm
🎯 HEX DECODE - m3u8 bulundu: https://vidlax.xyz/upload/2ef8122a5db501f91750f77cf0748dccca59/master.m3u8
      ✅ The Kardashians - 5.Sezon 1.Bölüm - 1 m3u8
   🔍 [42/63] Bölüm: https://diziyiizle2.com/the-kardashians/5-sezon-2-bolum/
📺 Embed URL bulundu: https://vidlax1.xyz/embed/cb33e99c7a29e468
🔍 Embed URL kontrol ediliyor: https://vidlax1.xyz/embed/cb33e99c7a29e468
📄 Embed sayfa içeriği alındı, boyut: 39657 karakter
🎬 Video Başlığı: The Kardashians
📝 Video Açıklaması: 5.Sezon 2.Bölüm
🎯 Tam Başlık: The Kardashians - 5.Sezon 2.Bölüm
🎯 HEX DECODE - m3u8 bulundu: https://vidlax.xyz/upload/054ae11e66ad87a8914052d55885eec5f7fe/master.m3u8
      ✅ The Kardashians - 5.Sezon 2.Bölüm - 1 m3u8
   🔍 [43/63] Bölüm: https://diziyiizle2.com/the-kardashians/5-sezon-3-bolum/
📺 Embed URL bulundu: https://vidlax1.xyz/embed/78ef26e2a23321c0
🔍 Embed URL kontrol ediliyor: https://vidlax1.xyz/embed/78ef26e2a23321c0
📄 Embed sayfa içeriği alındı, boyut: 39657 karakter
🎬 Video Başlığı: The Kardashians
📝 Video Açıklaması: 5.Sezon 3.Bölüm
🎯 Tam Başlık: The Kardashians - 5.Sezon 3.Bölüm
🎯 HEX DECODE - m3u8 bulundu: https://vidlax.xyz/upload/47b80a504bebb953c8fa1ba4f5e2272bd4b0/master.m3u8
      ✅ The Kardashians - 5.Sezon 3.Bölüm - 1 m3u8
   🔍 [44/63] Bölüm: https://diziyiizle2.com/the-kardashians/5-sezon-4-bolum/
📺 Embed URL bulundu: https://vidlax1.xyz/embed/536af2c5315eaba0
🔍 Embed URL kontrol ediliyor: https://vidlax1.xyz/embed/536af2c5315eaba0
📄 Embed sayfa içeriği alındı, boyut: 39657 karakter
🎬 Video Başlığı: The Kardashians
📝 Video Açıklaması: 5.Sezon 4.Bölüm
🎯 Tam Başlık: The Kardashians - 5.Sezon 4.Bölüm
🎯 HEX DECODE - m3u8 bulundu: https://vidlax.xyz/upload/f0c1888ecf17e31de1b8a691dec3ee08313e/master.m3u8
      ✅ The Kardashians - 5.Sezon 4.Bölüm - 1 m3u8
   🔍 [45/63] Bölüm: https://diziyiizle2.com/the-kardashians/5-sezon-5-bolum/
📺 Embed URL bulundu: https://vidlax1.xyz/embed/a08891f3fdd35a2e
🔍 Embed URL kontrol ediliyor: https://vidlax1.xyz/embed/a08891f3fdd35a2e
📄 Embed sayfa içeriği alındı, boyut: 41386 karakter
🎬 Video Başlığı: The Kardashians
📝 Video Açıklaması: 5.Sezon 5.Bölüm
🎯 Tam Başlık: The Kardashians - 5.Sezon 5.Bölüm
🎯 HEX DECODE - m3u8 bulundu: https://vidlax.xyz/upload/e2c465ce1bdb477702ef8d221e5483561c0c/master.m3u8
      ✅ The Kardashians - 5.Sezon 5.Bölüm - 1 m3u8
   🔍 [46/63] Bölüm: https://diziyiizle2.com/the-kardashians/5-sezon-6-bolum/

🔍 Vidlax direkt analizi: https://diziyiizle2.com/the-kardashians/5-sezon-6-bolum/
📄 Sayfa içeriği alındı: 136835 karakter
❌ m3u8 URL'si bulunamadı
      ❌ m3u8 bulunamadı
   🔍 [47/63] Bölüm: https://diziyiizle2.com/the-kardashians/5-sezon-7-bolum/

🔍 Vidlax direkt analizi: https://diziyiizle2.com/the-kardashians/5-sezon-7-bolum/
📄 Sayfa içeriği alındı: 136835 karakter
❌ m3u8 URL'si bulunamadı
      ❌ m3u8 bulunamadı
   🔍 [48/63] Bölüm: https://diziyiizle2.com/the-kardashians/5-sezon-8-bolum/

🔍 Vidlax direkt analizi: https://diziyiizle2.com/the-kardashians/5-sezon-8-bolum/
📄 Sayfa içeriği alındı: 136835 karakter
❌ m3u8 URL'si bulunamadı
      ❌ m3u8 bulunamadı
   🔍 [49/63] Bölüm: https://diziyiizle2.com/the-kardashians/5-sezon-9-bolum/

🔍 Vidlax direkt analizi: https://diziyiizle2.com/the-kardashians/5-sezon-9-bolum/
📄 Sayfa içeriği alındı: 136835 karakter
❌ m3u8 URL'si bulunamadı
      ❌ m3u8 bulunamadı
   🔍 [50/63] Bölüm: https://diziyiizle2.com/the-kardashians/5-sezon-10-bolum/

🔍 Vidlax direkt analizi: https://diziyiizle2.com/the-kardashians/5-sezon-10-bolum/
📄 Sayfa içeriği alındı: 136854 karakter
❌ m3u8 URL'si bulunamadı
      ❌ m3u8 bulunamadı
   🔍 [51/63] Bölüm: https://diziyiizle2.com/the-kardashians/6-sezon-1-bolum/

🔍 Vidlax direkt analizi: https://diziyiizle2.com/the-kardashians/6-sezon-1-bolum/
📄 Sayfa içeriği alındı: 136834 karakter
❌ m3u8 URL'si bulunamadı
      ❌ m3u8 bulunamadı
   🔍 [52/63] Bölüm: https://diziyiizle2.com/the-kardashians/6-sezon-2-bolum/

🔍 Vidlax direkt analizi: https://diziyiizle2.com/the-kardashians/6-sezon-2-bolum/
📄 Sayfa içeriği alındı: 136835 karakter
❌ m3u8 URL'si bulunamadı
      ❌ m3u8 bulunamadı
   🔍 [53/63] Bölüm: https://diziyiizle2.com/the-kardashians/6-sezon-3-bolum/

🔍 Vidlax direkt analizi: https://diziyiizle2.com/the-kardashians/6-sezon-3-bolum/
📄 Sayfa içeriği alındı: 136835 karakter
❌ m3u8 URL'si bulunamadı
      ❌ m3u8 bulunamadı
   🔍 [54/63] Bölüm: https://diziyiizle2.com/the-kardashians/6-sezon-4-bolum/

🔍 Vidlax direkt analizi: https://diziyiizle2.com/the-kardashians/6-sezon-4-bolum/
📄 Sayfa içeriği alındı: 136835 karakter
❌ m3u8 URL'si bulunamadı
      ❌ m3u8 bulunamadı
   🔍 [55/63] Bölüm: https://diziyiizle2.com/the-kardashians/6-sezon-5-bolum/

🔍 Vidlax direkt analizi: https://diziyiizle2.com/the-kardashians/6-sezon-5-bolum/
📄 Sayfa içeriği alındı: 136834 karakter
❌ m3u8 URL'si bulunamadı
      ❌ m3u8 bulunamadı
   🔍 [56/63] Bölüm: https://diziyiizle2.com/the-kardashians/6-sezon-6-bolum/

🔍 Vidlax direkt analizi: https://diziyiizle2.com/the-kardashians/6-sezon-6-bolum/
📄 Sayfa içeriği alındı: 136835 karakter
❌ m3u8 URL'si bulunamadı
      ❌ m3u8 bulunamadı
   🔍 [57/63] Bölüm: https://diziyiizle2.com/the-kardashians/6-sezon-7-bolum/

🔍 Vidlax direkt analizi: https://diziyiizle2.com/the-kardashians/6-sezon-7-bolum/
📄 Sayfa içeriği alındı: 136835 karakter
❌ m3u8 URL'si bulunamadı
      ❌ m3u8 bulunamadı
   🔍 [58/63] Bölüm: https://diziyiizle2.com/the-kardashians/6-sezon-8-bolum/

🔍 Vidlax direkt analizi: https://diziyiizle2.com/the-kardashians/6-sezon-8-bolum/
📄 Sayfa içeriği alındı: 136834 karakter
❌ m3u8 URL'si bulunamadı
      ❌ m3u8 bulunamadı
   🔍 [59/63] Bölüm: https://diziyiizle2.com/the-kardashians/6-sezon-9-bolum/

🔍 Vidlax direkt analizi: https://diziyiizle2.com/the-kardashians/6-sezon-9-bolum/
📄 Sayfa içeriği alındı: 136834 karakter
❌ m3u8 URL'si bulunamadı
      ❌ m3u8 bulunamadı
   🔍 [60/63] Bölüm: https://diziyiizle2.com/the-kardashians/6-sezon-10-bolum/

🔍 Vidlax direkt analizi: https://diziyiizle2.com/the-kardashians/6-sezon-10-bolum/
📄 Sayfa içeriği alındı: 136853 karakter
❌ m3u8 URL'si bulunamadı
      ❌ m3u8 bulunamadı
   🔍 [61/63] Bölüm: https://diziyiizle2.com/the-kardashians/7-sezon-1-bolum/

🔍 Vidlax direkt analizi: https://diziyiizle2.com/the-kardashians/7-sezon-1-bolum/
📄 Sayfa içeriği alındı: 136835 karakter
❌ m3u8 URL'si bulunamadı
      ❌ m3u8 bulunamadı
   🔍 [62/63] Bölüm: https://diziyiizle2.com/the-kardashians/7-sezon-2-bolum/

🔍 Vidlax direkt analizi: https://diziyiizle2.com/the-kardashians/7-sezon-2-bolum/
📄 Sayfa içeriği alındı: 136708 karakter
❌ m3u8 URL'si bulunamadı
      ❌ m3u8 bulunamadı
   🔍 [63/63] Bölüm: https://diziyiizle2.com/the-kardashians/7-sezon-3-bolum/

🔍 Vidlax direkt analizi: https://diziyiizle2.com/the-kardashians/7-sezon-3-bolum/
📄 Sayfa içeriği alındı: 136051 karakter
❌ m3u8 URL'si bulunamadı
      ❌ m3u8 bulunamadı
      📁 Dizi playlist: playlists/the_kardashians_playlist.m3u
   ✅ Dizi tamamlandı: 44 m3u8 eklendi

============================================================
🎬 [22/56] İşleniyor: https://diziyiizle2.com/dizi/sorgu/
📺 Bölüm bulundu: 1. Sezon 1. BölümDual24.10.202545 dk. - https://diziyiizle2.com/sorgu/1-sezon-1-bolum/
📺 Bölüm bulundu: 1. Sezon 2. BölümDual24.10.202546 dk. - https://diziyiizle2.com/sorgu/1-sezon-2-bolum/
📺 Bölüm bulundu: 1. Sezon 3. BölümDual24.10.202545 dk. - https://diziyiizle2.com/sorgu/1-sezon-3-bolum/
📺 Bölüm bulundu: 1. Sezon 4. BölümDual24.10.202551 dk. - https://diziyiizle2.com/sorgu/1-sezon-4-bolum/
📺 Bölüm bulundu: 1. Sezon 5. BölümDual24.10.202542 dk. - https://diziyiizle2.com/sorgu/1-sezon-5-bolum/
📺 Bölüm bulundu: 1. Sezon 6. BölümDual24.10.202545 dk. - https://diziyiizle2.com/sorgu/1-sezon-6-bolum/
📺 Bölüm bulundu: 1. Sezon 7. BölümDual24.10.202545 dk. - https://diziyiizle2.com/sorgu/1-sezon-7-bolum/
📺 Bölüm bulundu: 1. Sezon 8. BölümDual24.10.202545 dk. - https://diziyiizle2.com/sorgu/1-sezon-8-bolum/
📺 Bölüm bulundu: 1. Sezon 9. BölümDual24.10.202543 dk. - https://diziyiizle2.com/sorgu/1-sezon-9-bolum/
📺 Bölüm bulundu: 1. Sezon 10. BölümDual24.10.202549 dk. - https://diziyiizle2.com/sorgu/1-sezon-10-bolum/

📊 Toplam 10 bölüm bulundu
   🔍 [1/10] Bölüm: https://diziyiizle2.com/sorgu/1-sezon-1-bolum/
📺 Embed URL bulundu: https://vidlax1.xyz/embed/bf508f0bb444b548
🔍 Embed URL kontrol ediliyor: https://vidlax1.xyz/embed/bf508f0bb444b548
📄 Embed sayfa içeriği alındı, boyut: 39479 karakter
🎬 Video Başlığı: Sorgu
📝 Video Açıklaması: 1.Sezon 1.Bölüm
🎯 Tam Başlık: Sorgu - 1.Sezon 1.Bölüm
🎯 HEX DECODE - m3u8 bulundu: https://vidlax.xyz/upload/0857ce041d70624d3f3c19960c4f3996efdd/master.m3u8
      ✅ Sorgu - 1.Sezon 1.Bölüm - 1 m3u8
   🔍 [2/10] Bölüm: https://diziyiizle2.com/sorgu/1-sezon-2-bolum/
📺 Embed URL bulundu: https://vidlax1.xyz/embed/48abe5a5ddfe2286
🔍 Embed URL kontrol ediliyor: https://vidlax1.xyz/embed/48abe5a5ddfe2286
📄 Embed sayfa içeriği alındı, boyut: 39479 karakter
🎬 Video Başlığı: Sorgu
📝 Video Açıklaması: 1.Sezon 2.Bölüm
🎯 Tam Başlık: Sorgu - 1.Sezon 2.Bölüm
🎯 HEX DECODE - m3u8 bulundu: https://vidlax.xyz/upload/909d6282733ddbfaf00eea6ae84b1bd783c3/master.m3u8
      ✅ Sorgu - 1.Sezon 2.Bölüm - 1 m3u8
   🔍 [3/10] Bölüm: https://diziyiizle2.com/sorgu/1-sezon-3-bolum/
📺 Embed URL bulundu: https://vidlax1.xyz/embed/8f743668e8fed57e
🔍 Embed URL kontrol ediliyor: https://vidlax1.xyz/embed/8f743668e8fed57e
📄 Embed sayfa içeriği alındı, boyut: 39479 karakter
🎬 Video Başlığı: Sorgu
📝 Video Açıklaması: 1.Sezon 3.Bölüm
🎯 Tam Başlık: Sorgu - 1.Sezon 3.Bölüm
🎯 HEX DECODE - m3u8 bulundu: https://vidlax.xyz/upload/77408ca098df168d2ec2e5fc93e2a8813ccc/master.m3u8
      ✅ Sorgu - 1.Sezon 3.Bölüm - 1 m3u8
   🔍 [4/10] Bölüm: https://diziyiizle2.com/sorgu/1-sezon-4-bolum/
📺 Embed URL bulundu: https://vidlax1.xyz/embed/f0aa356aa1195461
🔍 Embed URL kontrol ediliyor: https://vidlax1.xyz/embed/f0aa356aa1195461
📄 Embed sayfa içeriği alındı, boyut: 39479 karakter
🎬 Video Başlığı: Sorgu
📝 Video Açıklaması: 1.Sezon 4.Bölüm
🎯 Tam Başlık: Sorgu - 1.Sezon 4.Bölüm
🎯 HEX DECODE - m3u8 bulundu: https://vidlax.xyz/upload/f1e491e5fd3d49a8646a5f51c55270a118e1/master.m3u8
      ✅ Sorgu - 1.Sezon 4.Bölüm - 1 m3u8
   🔍 [5/10] Bölüm: https://diziyiizle2.com/sorgu/1-sezon-5-bolum/
📺 Embed URL bulundu: https://vidlax1.xyz/embed/659f2b3d586971bd
🔍 Embed URL kontrol ediliyor: https://vidlax1.xyz/embed/659f2b3d586971bd
📄 Embed sayfa içeriği alındı, boyut: 39479 karakter
🎬 Video Başlığı: Sorgu
📝 Video Açıklaması: 1.Sezon 5.Bölüm
🎯 Tam Başlık: Sorgu - 1.Sezon 5.Bölüm
🎯 HEX DECODE - m3u8 bulundu: https://vidlax.xyz/upload/9222a83dff7063b250a44b9d70edc1aa0efc/master.m3u8
      ✅ Sorgu - 1.Sezon 5.Bölüm - 1 m3u8
   🔍 [6/10] Bölüm: https://diziyiizle2.com/sorgu/1-sezon-6-bolum/
📺 Embed URL bulundu: https://vidlax1.xyz/embed/4a8724d7e47d191f
🔍 Embed URL kontrol ediliyor: https://vidlax1.xyz/embed/4a8724d7e47d191f
📄 Embed sayfa içeriği alındı, boyut: 39479 karakter
🎬 Video Başlığı: Sorgu
📝 Video Açıklaması: 1.Sezon 6.Bölüm
🎯 Tam Başlık: Sorgu - 1.Sezon 6.Bölüm
🎯 HEX DECODE - m3u8 bulundu: https://vidlax.xyz/upload/3d94f6b93162e19512acec2c2e39c59abffb/master.m3u8
      ✅ Sorgu - 1.Sezon 6.Bölüm - 1 m3u8
   🔍 [7/10] Bölüm: https://diziyiizle2.com/sorgu/1-sezon-7-bolum/
📺 Embed URL bulundu: https://vidlax1.xyz/embed/613fb5bb232a5a17
🔍 Embed URL kontrol ediliyor: https://vidlax1.xyz/embed/613fb5bb232a5a17
📄 Embed sayfa içeriği alındı, boyut: 39479 karakter
🎬 Video Başlığı: Sorgu
📝 Video Açıklaması: 1.Sezon 7.Bölüm
🎯 Tam Başlık: Sorgu - 1.Sezon 7.Bölüm
🎯 HEX DECODE - m3u8 bulundu: https://vidlax.xyz/upload/e22e51cacbb868174e045dfe6e7640d284a7/master.m3u8
      ✅ Sorgu - 1.Sezon 7.Bölüm - 1 m3u8
   🔍 [8/10] Bölüm: https://diziyiizle2.com/sorgu/1-sezon-8-bolum/
📺 Embed URL bulundu: https://vidlax1.xyz/embed/e7f930ca93e18a1f
🔍 Embed URL kontrol ediliyor: https://vidlax1.xyz/embed/e7f930ca93e18a1f
📄 Embed sayfa içeriği alındı, boyut: 39479 karakter
🎬 Video Başlığı: Sorgu
📝 Video Açıklaması: 1.Sezon 8.Bölüm
🎯 Tam Başlık: Sorgu - 1.Sezon 8.Bölüm
🎯 HEX DECODE - m3u8 bulundu: https://vidlax.xyz/upload/06566300d3e1352a0f9a02b93d21a12e0f38/master.m3u8
      ✅ Sorgu - 1.Sezon 8.Bölüm - 1 m3u8
   🔍 [9/10] Bölüm: https://diziyiizle2.com/sorgu/1-sezon-9-bolum/
📺 Embed URL bulundu: https://vidlax1.xyz/embed/4832df10e84cdfe0
🔍 Embed URL kontrol ediliyor: https://vidlax1.xyz/embed/4832df10e84cdfe0
📄 Embed sayfa içeriği alındı, boyut: 39479 karakter
🎬 Video Başlığı: Sorgu
📝 Video Açıklaması: 1.Sezon 9.Bölüm
🎯 Tam Başlık: Sorgu - 1.Sezon 9.Bölüm
🎯 HEX DECODE - m3u8 bulundu: https://vidlax.xyz/upload/4cca7b9ade7e0e9faeab4518a115f50bc062/master.m3u8
      ✅ Sorgu - 1.Sezon 9.Bölüm - 1 m3u8
   🔍 [10/10] Bölüm: https://diziyiizle2.com/sorgu/1-sezon-10-bolum/
📺 Embed URL bulundu: https://vidlax1.xyz/embed/5c848821d510771c
🔍 Embed URL kontrol ediliyor: https://vidlax1.xyz/embed/5c848821d510771c
📄 Embed sayfa içeriği alındı, boyut: 39480 karakter
🎬 Video Başlığı: Sorgu
📝 Video Açıklaması: 1.Sezon 10.Bölüm
🎯 Tam Başlık: Sorgu - 1.Sezon 10.Bölüm
🎯 HEX DECODE - m3u8 bulundu: https://vidlax.xyz/upload/82eae015a688559251cb32d69914f53bd711/master.m3u8
      ✅ Sorgu - 1.Sezon 10.Bölüm - 1 m3u8
      📁 Dizi playlist: playlists/sorgu_playlist.m3u
   ✅ Dizi tamamlandı: 10 m3u8 eklendi

============================================================
🎬 [23/56] İşleniyor: https://diziyiizle2.com/dizi/shogun/
📺 Bölüm bulundu: 1. Sezon 1. BölümDublaj24.10.202571 dk. - https://diziyiizle2.com/shogun/1-sezon-1-bolum/
📺 Bölüm bulundu: 1. Sezon 2. BölümDublaj24.10.202560 dk. - https://diziyiizle2.com/shogun/1-sezon-2-bolum/
📺 Bölüm bulundu: 1. Sezon 3. BölümDublaj24.10.202554 dk. - https://diziyiizle2.com/shogun/1-sezon-3-bolum/
📺 Bölüm bulundu: 1. Sezon 4. BölümDublaj24.10.202558 dk. - https://diziyiizle2.com/shogun/1-sezon-4-bolum/
📺 Bölüm bulundu: 1. Sezon 5. BölümDublaj24.10.202557 dk. - https://diziyiizle2.com/shogun/1-sezon-5-bolum/
📺 Bölüm bulundu: 1. Sezon 6. BölümDublaj24.10.202557 dk. - https://diziyiizle2.com/shogun/1-sezon-6-bolum/
📺 Bölüm bulundu: 1. Sezon 7. BölümDublaj24.10.202555 dk. - https://diziyiizle2.com/shogun/1-sezon-7-bolum/
📺 Bölüm bulundu: 1. Sezon 8. BölümDublaj24.10.202559 dk. - https://diziyiizle2.com/shogun/1-sezon-8-bolum/
📺 Bölüm bulundu: 1. Sezon 9. BölümDublaj24.10.202561 dk. - https://diziyiizle2.com/shogun/1-sezon-9-bolum/
📺 Bölüm bulundu: 1. Sezon 10. BölümDublaj24.10.202563 dk. - https://diziyiizle2.com/shogun/1-sezon-10-bolum/

📊 Toplam 10 bölüm bulundu
   🔍 [1/10] Bölüm: https://diziyiizle2.com/shogun/1-sezon-1-bolum/
📺 Embed URL bulundu: https://vidlax1.xyz/embed/58cb69586438fd72
🔍 Embed URL kontrol ediliyor: https://vidlax1.xyz/embed/58cb69586438fd72
📄 Embed sayfa içeriği alındı, boyut: 39480 karakter
🎬 Video Başlığı: Shōgun
📝 Video Açıklaması: 1.Sezon 1.Bölüm
🎯 Tam Başlık: Shōgun - 1.Sezon 1.Bölüm
🎯 HEX DECODE - m3u8 bulundu: https://vidlax.xyz/upload/ab602129420688dbfdb0ca2e1a22d47e92ab/master.m3u8
      ✅ Shōgun - 1.Sezon 1.Bölüm - 1 m3u8
   🔍 [2/10] Bölüm: https://diziyiizle2.com/shogun/1-sezon-2-bolum/
📺 Embed URL bulundu: https://vidlax1.xyz/embed/f387fc2b583048e0
🔍 Embed URL kontrol ediliyor: https://vidlax1.xyz/embed/f387fc2b583048e0
📄 Embed sayfa içeriği alındı, boyut: 39480 karakter
🎬 Video Başlığı: Shōgun
📝 Video Açıklaması: 1.Sezon 2.Bölüm
🎯 Tam Başlık: Shōgun - 1.Sezon 2.Bölüm
🎯 HEX DECODE - m3u8 bulundu: https://vidlax.xyz/upload/9ae6528f08747e103e4e674ac8d4f1c8c9d9/master.m3u8
      ✅ Shōgun - 1.Sezon 2.Bölüm - 1 m3u8
   🔍 [3/10] Bölüm: https://diziyiizle2.com/shogun/1-sezon-3-bolum/
📺 Embed URL bulundu: https://vidlax1.xyz/embed/66bc9cbaf5c7943b
🔍 Embed URL kontrol ediliyor: https://vidlax1.xyz/embed/66bc9cbaf5c7943b
📄 Embed sayfa içeriği alındı, boyut: 39480 karakter
🎬 Video Başlığı: Shōgun
📝 Video Açıklaması: 1.Sezon 3.Bölüm
🎯 Tam Başlık: Shōgun - 1.Sezon 3.Bölüm
🎯 HEX DECODE - m3u8 bulundu: https://vidlax.xyz/upload/d5298533bfb8ea634eabbd0eda535918856a/master.m3u8
      ✅ Shōgun - 1.Sezon 3.Bölüm - 1 m3u8
   🔍 [4/10] Bölüm: https://diziyiizle2.com/shogun/1-sezon-4-bolum/
📺 Embed URL bulundu: https://vidlax1.xyz/embed/5ebb00c04704a4ff
🔍 Embed URL kontrol ediliyor: https://vidlax1.xyz/embed/5ebb00c04704a4ff
📄 Embed sayfa içeriği alındı, boyut: 39480 karakter
🎬 Video Başlığı: Shōgun
📝 Video Açıklaması: 1.Sezon 4.Bölüm
🎯 Tam Başlık: Shōgun - 1.Sezon 4.Bölüm
🎯 HEX DECODE - m3u8 bulundu: https://vidlax.xyz/upload/21e5b957ba18b85279e70aeb0861a6626a16/master.m3u8
      ✅ Shōgun - 1.Sezon 4.Bölüm - 1 m3u8
   🔍 [5/10] Bölüm: https://diziyiizle2.com/shogun/1-sezon-5-bolum/
📺 Embed URL bulundu: https://vidlax1.xyz/embed/b36eae602261176c
🔍 Embed URL kontrol ediliyor: https://vidlax1.xyz/embed/b36eae602261176c
📄 Embed sayfa içeriği alındı, boyut: 39480 karakter
🎬 Video Başlığı: Shōgun
📝 Video Açıklaması: 1.Sezon 5.Bölüm
🎯 Tam Başlık: Shōgun - 1.Sezon 5.Bölüm
🎯 HEX DECODE - m3u8 bulundu: https://vidlax.xyz/upload/bd40411928a81d92a9b5e83ddddc0de2e31e/master.m3u8
      ✅ Shōgun - 1.Sezon 5.Bölüm - 1 m3u8
   🔍 [6/10] Bölüm: https://diziyiizle2.com/shogun/1-sezon-6-bolum/
📺 Embed URL bulundu: https://vidlax1.xyz/embed/63faf28e8c045e46
🔍 Embed URL kontrol ediliyor: https://vidlax1.xyz/embed/63faf28e8c045e46
📄 Embed sayfa içeriği alındı, boyut: 39480 karakter
🎬 Video Başlığı: Shōgun
📝 Video Açıklaması: 1.Sezon 6.Bölüm
🎯 Tam Başlık: Shōgun - 1.Sezon 6.Bölüm
🎯 HEX DECODE - m3u8 bulundu: https://vidlax.xyz/upload/c49f99543d9bcc1c75ddc8447102a94ca663/master.m3u8
      ✅ Shōgun - 1.Sezon 6.Bölüm - 1 m3u8
   🔍 [7/10] Bölüm: https://diziyiizle2.com/shogun/1-sezon-7-bolum/
📺 Embed URL bulundu: https://vidlax1.xyz/embed/191b2b9e81751136
🔍 Embed URL kontrol ediliyor: https://vidlax1.xyz/embed/191b2b9e81751136
📄 Embed sayfa içeriği alındı, boyut: 39480 karakter
🎬 Video Başlığı: Shōgun
📝 Video Açıklaması: 1.Sezon 7.Bölüm
🎯 Tam Başlık: Shōgun - 1.Sezon 7.Bölüm
🎯 HEX DECODE - m3u8 bulundu: https://vidlax.xyz/upload/b574e2c2ceb0ff6fa84babe9bff5d34b480f/master.m3u8
      ✅ Shōgun - 1.Sezon 7.Bölüm - 1 m3u8
   🔍 [8/10] Bölüm: https://diziyiizle2.com/shogun/1-sezon-8-bolum/
📺 Embed URL bulundu: https://vidlax1.xyz/embed/200b98bd022ceece
🔍 Embed URL kontrol ediliyor: https://vidlax1.xyz/embed/200b98bd022ceece
📄 Embed sayfa içeriği alındı, boyut: 39480 karakter
🎬 Video Başlığı: Shōgun
📝 Video Açıklaması: 1.Sezon 8.Bölüm
🎯 Tam Başlık: Shōgun - 1.Sezon 8.Bölüm
🎯 HEX DECODE - m3u8 bulundu: https://vidlax.xyz/upload/4f1263066150e7a97dc479c45d0aeb96a235/master.m3u8
      ✅ Shōgun - 1.Sezon 8.Bölüm - 1 m3u8
   🔍 [9/10] Bölüm: https://diziyiizle2.com/shogun/1-sezon-9-bolum/
📺 Embed URL bulundu: https://vidlax1.xyz/embed/cfd51c9ad97b3b92
🔍 Embed URL kontrol ediliyor: https://vidlax1.xyz/embed/cfd51c9ad97b3b92
📄 Embed sayfa içeriği alındı, boyut: 39480 karakter
🎬 Video Başlığı: Shōgun
📝 Video Açıklaması: 1.Sezon 9.Bölüm
🎯 Tam Başlık: Shōgun - 1.Sezon 9.Bölüm
🎯 HEX DECODE - m3u8 bulundu: https://vidlax.xyz/upload/d0507fe2130eefa463b5d71b964a8763bc73/master.m3u8
      ✅ Shōgun - 1.Sezon 9.Bölüm - 1 m3u8
   🔍 [10/10] Bölüm: https://diziyiizle2.com/shogun/1-sezon-10-bolum/
📺 Embed URL bulundu: https://vidlax1.xyz/embed/fc838193d42025b3
🔍 Embed URL kontrol ediliyor: https://vidlax1.xyz/embed/fc838193d42025b3
📄 Embed sayfa içeriği alındı, boyut: 39481 karakter
🎬 Video Başlığı: Shōgun
📝 Video Açıklaması: 1.Sezon 10.Bölüm
🎯 Tam Başlık: Shōgun - 1.Sezon 10.Bölüm
🎯 HEX DECODE - m3u8 bulundu: https://vidlax.xyz/upload/0064d1915f0e5bc38ff178a4fa14dd21f875/master.m3u8
      ✅ Shōgun - 1.Sezon 10.Bölüm - 1 m3u8
      📁 Dizi playlist: playlists/shogun_playlist.m3u
   ✅ Dizi tamamlandı: 10 m3u8 eklendi

============================================================
🎬 [24/56] İşleniyor: https://diziyiizle2.com/dizi/tom-clancyden-jack-ryan/
📺 Bölüm bulundu: 1. Sezon 1. BölümDublaj24.10.202566 dk. - https://diziyiizle2.com/tom-clancyden-jack-ryan/1-sezon-1-bolum/
📺 Bölüm bulundu: 1. Sezon 2. BölümAltyazılı24.10.202547 dk. - https://diziyiizle2.com/tom-clancyden-jack-ryan/1-sezon-2-bolum/
📺 Bölüm bulundu: 1. Sezon 3. BölümDublaj24.10.202553 dk. - https://diziyiizle2.com/tom-clancyden-jack-ryan/1-sezon-3-bolum/
📺 Bölüm bulundu: 1. Sezon 4. BölümDublaj24.10.202545 dk. - https://diziyiizle2.com/tom-clancyden-jack-ryan/1-sezon-4-bolum/
📺 Bölüm bulundu: 1. Sezon 5. BölümDublaj24.10.202551 dk. - https://diziyiizle2.com/tom-clancyden-jack-ryan/1-sezon-5-bolum/
📺 Bölüm bulundu: 1. Sezon 6. BölümDublaj24.10.202558 dk. - https://diziyiizle2.com/tom-clancyden-jack-ryan/1-sezon-6-bolum/
📺 Bölüm bulundu: 1. Sezon 7. BölümDublaj24.10.202549 dk. - https://diziyiizle2.com/tom-clancyden-jack-ryan/1-sezon-7-bolum/
📺 Bölüm bulundu: 1. Sezon 8. BölümDublaj24.10.202545 dk. - https://diziyiizle2.com/tom-clancyden-jack-ryan/1-sezon-8-bolum/
📺 Bölüm bulundu: 2. Sezon 1. BölümDublaj24.10.202560 dk. - https://diziyiizle2.com/tom-clancyden-jack-ryan/2-sezon-1-bolum/
📺 Bölüm bulundu: 2. Sezon 2. BölümDublaj24.10.202556 dk. - https://diziyiizle2.com/tom-clancyden-jack-ryan/2-sezon-2-bolum/
📺 Bölüm bulundu: 2. Sezon 3. BölümDublaj24.10.202547 dk. - https://diziyiizle2.com/tom-clancyden-jack-ryan/2-sezon-3-bolum/
📺 Bölüm bulundu: 2. Sezon 4. BölümDublaj24.10.202544 dk. - https://diziyiizle2.com/tom-clancyden-jack-ryan/2-sezon-4-bolum/
📺 Bölüm bulundu: 2. Sezon 5. BölümDublaj24.10.202543 dk. - https://diziyiizle2.com/tom-clancyden-jack-ryan/2-sezon-5-bolum/
📺 Bölüm bulundu: 2. Sezon 6. BölümDublaj24.10.202542 dk. - https://diziyiizle2.com/tom-clancyden-jack-ryan/2-sezon-6-bolum/
📺 Bölüm bulundu: 2. Sezon 7. BölümDublaj24.10.202544 dk. - https://diziyiizle2.com/tom-clancyden-jack-ryan/2-sezon-7-bolum/
📺 Bölüm bulundu: 2. Sezon 8. BölümDublaj24.10.202547 dk. - https://diziyiizle2.com/tom-clancyden-jack-ryan/2-sezon-8-bolum/
📺 Bölüm bulundu: 3. Sezon 1. BölümDublaj24.10.202566 dk. - https://diziyiizle2.com/tom-clancyden-jack-ryan/3-sezon-1-bolum/
📺 Bölüm bulundu: 3. Sezon 2. BölümDublaj24.10.202553 dk. - https://diziyiizle2.com/tom-clancyden-jack-ryan/3-sezon-2-bolum/
📺 Bölüm bulundu: 3. Sezon 3. BölümDublaj24.10.202546 dk. - https://diziyiizle2.com/tom-clancyden-jack-ryan/3-sezon-3-bolum/
📺 Bölüm bulundu: 3. Sezon 4. BölümDublaj24.10.202549 dk. - https://diziyiizle2.com/tom-clancyden-jack-ryan/3-sezon-4-bolum/
📺 Bölüm bulundu: 3. Sezon 5. BölümDublaj24.10.202549 dk. - https://diziyiizle2.com/tom-clancyden-jack-ryan/3-sezon-5-bolum/
📺 Bölüm bulundu: 3. Sezon 6. BölümDublaj24.10.202549 dk. - https://diziyiizle2.com/tom-clancyden-jack-ryan/3-sezon-6-bolum/
📺 Bölüm bulundu: 3. Sezon 7. BölümDublaj24.10.202548 dk. - https://diziyiizle2.com/tom-clancyden-jack-ryan/3-sezon-7-bolum/
📺 Bölüm bulundu: 3. Sezon 8. BölümDublaj24.10.202556 dk. - https://diziyiizle2.com/tom-clancyden-jack-ryan/3-sezon-8-bolum/
📺 Bölüm bulundu: 4. Sezon 1. BölümDublaj24.10.202560 dk. - https://diziyiizle2.com/tom-clancyden-jack-ryan/4-sezon-1-bolum/
📺 Bölüm bulundu: 4. Sezon 2. BölümDublaj24.10.202553 dk. - https://diziyiizle2.com/tom-clancyden-jack-ryan/4-sezon-2-bolum/
📺 Bölüm bulundu: 4. Sezon 3. BölümDublaj24.10.202551 dk. - https://diziyiizle2.com/tom-clancyden-jack-ryan/4-sezon-3-bolum/
📺 Bölüm bulundu: 4. Sezon 4. BölümDublaj24.10.202552 dk. - https://diziyiizle2.com/tom-clancyden-jack-ryan/4-sezon-4-bolum/
📺 Bölüm bulundu: 4. Sezon 5. BölümDublaj24.10.202562 dk. - https://diziyiizle2.com/tom-clancyden-jack-ryan/4-sezon-5-bolum/
📺 Bölüm bulundu: 4. Sezon 6. BölümDublaj24.10.202564 dk. - https://diziyiizle2.com/tom-clancyden-jack-ryan/4-sezon-6-bolum/

📊 Toplam 30 bölüm bulundu
   🔍 [1/30] Bölüm: https://diziyiizle2.com/tom-clancyden-jack-ryan/1-sezon-1-bolum/
📺 Embed URL bulundu: https://vidlax1.xyz/embed/aa889e99aeb5ed90
🔍 Embed URL kontrol ediliyor: https://vidlax1.xyz/embed/aa889e99aeb5ed90
📄 Embed sayfa içeriği alındı, boyut: 39501 karakter
🎬 Video Başlığı: Tom Clancy&#039;s Jack Ryan
📝 Video Açıklaması: 1.Sezon 1.Bölüm
🎯 Tam Başlık: Tom Clancy&#039;s Jack Ryan - 1.Sezon 1.Bölüm
🎯 HEX DECODE - m3u8 bulundu: https://vidlax.xyz/upload/66a6280b3ead35f9aab10695a48903307e86/master.m3u8
      ✅ Tom Clancy&#039;s Jack Ryan - 1.Sezon 1.Bölüm - 1 m3u8
   🔍 [2/30] Bölüm: https://diziyiizle2.com/tom-clancyden-jack-ryan/1-sezon-2-bolum/

🔍 Vidlax direkt analizi: https://diziyiizle2.com/tom-clancyden-jack-ryan/1-sezon-2-bolum/
📄 Sayfa içeriği alındı: 92503 karakter
❌ m3u8 URL'si bulunamadı
      ❌ m3u8 bulunamadı
   🔍 [3/30] Bölüm: https://diziyiizle2.com/tom-clancyden-jack-ryan/1-sezon-3-bolum/
📺 Embed URL bulundu: https://vidlax1.xyz/embed/f6a1f424806e8723
🔍 Embed URL kontrol ediliyor: https://vidlax1.xyz/embed/f6a1f424806e8723
📄 Embed sayfa içeriği alındı, boyut: 39501 karakter
🎬 Video Başlığı: Tom Clancy&#039;s Jack Ryan
📝 Video Açıklaması: 1.Sezon 3.Bölüm
🎯 Tam Başlık: Tom Clancy&#039;s Jack Ryan - 1.Sezon 3.Bölüm
🎯 HEX DECODE - m3u8 bulundu: https://vidlax.xyz/upload/812512c4087531b72f27bf61be42163ec5fa/master.m3u8
      ✅ Tom Clancy&#039;s Jack Ryan - 1.Sezon 3.Bölüm - 1 m3u8
   🔍 [4/30] Bölüm: https://diziyiizle2.com/tom-clancyden-jack-ryan/1-sezon-4-bolum/
📺 Embed URL bulundu: https://vidlax1.xyz/embed/6c2ac6950482d75a
🔍 Embed URL kontrol ediliyor: https://vidlax1.xyz/embed/6c2ac6950482d75a
📄 Embed sayfa içeriği alındı, boyut: 39501 karakter
🎬 Video Başlığı: Tom Clancy&#039;s Jack Ryan
📝 Video Açıklaması: 1.Sezon 4.Bölüm
🎯 Tam Başlık: Tom Clancy&#039;s Jack Ryan - 1.Sezon 4.Bölüm
🎯 HEX DECODE - m3u8 bulundu: https://vidlax.xyz/upload/1b421edbcdd598108e595289cd8af811f2ef/master.m3u8
      ✅ Tom Clancy&#039;s Jack Ryan - 1.Sezon 4.Bölüm - 1 m3u8
   🔍 [5/30] Bölüm: https://diziyiizle2.com/tom-clancyden-jack-ryan/1-sezon-5-bolum/
📺 Embed URL bulundu: https://vidlax1.xyz/embed/706d3c901fba8a22
🔍 Embed URL kontrol ediliyor: https://vidlax1.xyz/embed/706d3c901fba8a22
📄 Embed sayfa içeriği alındı, boyut: 39501 karakter
🎬 Video Başlığı: Tom Clancy&#039;s Jack Ryan
📝 Video Açıklaması: 1.Sezon 5.Bölüm
🎯 Tam Başlık: Tom Clancy&#039;s Jack Ryan - 1.Sezon 5.Bölüm
🎯 HEX DECODE - m3u8 bulundu: https://vidlax.xyz/upload/78ae4c8381f927ec5b5ffac0787849765b02/master.m3u8
      ✅ Tom Clancy&#039;s Jack Ryan - 1.Sezon 5.Bölüm - 1 m3u8
   🔍 [6/30] Bölüm: https://diziyiizle2.com/tom-clancyden-jack-ryan/1-sezon-6-bolum/
📺 Embed URL bulundu: https://vidlax1.xyz/embed/65bdf5d846539925
🔍 Embed URL kontrol ediliyor: https://vidlax1.xyz/embed/65bdf5d846539925
📄 Embed sayfa içeriği alındı, boyut: 39501 karakter
🎬 Video Başlığı: Tom Clancy&#039;s Jack Ryan
📝 Video Açıklaması: 1.Sezon 6.Bölüm
🎯 Tam Başlık: Tom Clancy&#039;s Jack Ryan - 1.Sezon 6.Bölüm
🎯 HEX DECODE - m3u8 bulundu: https://vidlax.xyz/upload/408b5db8ad670a28bb8165d214daeeaf88e0/master.m3u8
      ✅ Tom Clancy&#039;s Jack Ryan - 1.Sezon 6.Bölüm - 1 m3u8
   🔍 [7/30] Bölüm: https://diziyiizle2.com/tom-clancyden-jack-ryan/1-sezon-7-bolum/
📺 Embed URL bulundu: https://vidlax1.xyz/embed/8b630d2805fe45cf
🔍 Embed URL kontrol ediliyor: https://vidlax1.xyz/embed/8b630d2805fe45cf
📄 Embed sayfa içeriği alındı, boyut: 39501 karakter
🎬 Video Başlığı: Tom Clancy&#039;s Jack Ryan
📝 Video Açıklaması: 1.Sezon 7.Bölüm
🎯 Tam Başlık: Tom Clancy&#039;s Jack Ryan - 1.Sezon 7.Bölüm
🎯 HEX DECODE - m3u8 bulundu: https://vidlax.xyz/upload/6ec0926bfaae6921af5e4b440481d5fd9cbb/master.m3u8
      ✅ Tom Clancy&#039;s Jack Ryan - 1.Sezon 7.Bölüm - 1 m3u8
   🔍 [8/30] Bölüm: https://diziyiizle2.com/tom-clancyden-jack-ryan/1-sezon-8-bolum/
📺 Embed URL bulundu: https://vidlax1.xyz/embed/e56e24501ed2a7bc
🔍 Embed URL kontrol ediliyor: https://vidlax1.xyz/embed/e56e24501ed2a7bc
📄 Embed sayfa içeriği alındı, boyut: 39501 karakter
🎬 Video Başlığı: Tom Clancy&#039;s Jack Ryan
📝 Video Açıklaması: 1.Sezon 8.Bölüm
🎯 Tam Başlık: Tom Clancy&#039;s Jack Ryan - 1.Sezon 8.Bölüm
🎯 HEX DECODE - m3u8 bulundu: https://vidlax.xyz/upload/8f119e498018c6df7c205d4a402290294f43/master.m3u8
      ✅ Tom Clancy&#039;s Jack Ryan - 1.Sezon 8.Bölüm - 1 m3u8
   🔍 [9/30] Bölüm: https://diziyiizle2.com/tom-clancyden-jack-ryan/2-sezon-1-bolum/
📺 Embed URL bulundu: https://vidlax1.xyz/embed/bf7a235f759e4a6f
🔍 Embed URL kontrol ediliyor: https://vidlax1.xyz/embed/bf7a235f759e4a6f
📄 Embed sayfa içeriği alındı, boyut: 39501 karakter
🎬 Video Başlığı: Tom Clancy&#039;s Jack Ryan
📝 Video Açıklaması: 2.Sezon 1.Bölüm
🎯 Tam Başlık: Tom Clancy&#039;s Jack Ryan - 2.Sezon 1.Bölüm
🎯 HEX DECODE - m3u8 bulundu: https://vidlax.xyz/upload/bfed836329278b3df9243558e8af2dfd159f/master.m3u8
      ✅ Tom Clancy&#039;s Jack Ryan - 2.Sezon 1.Bölüm - 1 m3u8
   🔍 [10/30] Bölüm: https://diziyiizle2.com/tom-clancyden-jack-ryan/2-sezon-2-bolum/
📺 Embed URL bulundu: https://vidlax1.xyz/embed/eaadd8f43060606c
🔍 Embed URL kontrol ediliyor: https://vidlax1.xyz/embed/eaadd8f43060606c
📄 Embed sayfa içeriği alındı, boyut: 39501 karakter
🎬 Video Başlığı: Tom Clancy&#039;s Jack Ryan
📝 Video Açıklaması: 2.Sezon 2.Bölüm
🎯 Tam Başlık: Tom Clancy&#039;s Jack Ryan - 2.Sezon 2.Bölüm
🎯 HEX DECODE - m3u8 bulundu: https://vidlax.xyz/upload/02dc016074dee88f4bd835c7fee414c77750/master.m3u8
      ✅ Tom Clancy&#039;s Jack Ryan - 2.Sezon 2.Bölüm - 1 m3u8
   🔍 [11/30] Bölüm: https://diziyiizle2.com/tom-clancyden-jack-ryan/2-sezon-3-bolum/
📺 Embed URL bulundu: https://vidlax1.xyz/embed/6eac2466634da568
🔍 Embed URL kontrol ediliyor: https://vidlax1.xyz/embed/6eac2466634da568
📄 Embed sayfa içeriği alındı, boyut: 39501 karakter
🎬 Video Başlığı: Tom Clancy&#039;s Jack Ryan
📝 Video Açıklaması: 2.Sezon 3.Bölüm
🎯 Tam Başlık: Tom Clancy&#039;s Jack Ryan - 2.Sezon 3.Bölüm
🎯 HEX DECODE - m3u8 bulundu: https://vidlax.xyz/upload/9c2e11563d9fd9345558089c4feb31002d08/master.m3u8
      ✅ Tom Clancy&#039;s Jack Ryan - 2.Sezon 3.Bölüm - 1 m3u8
   🔍 [12/30] Bölüm: https://diziyiizle2.com/tom-clancyden-jack-ryan/2-sezon-4-bolum/
📺 Embed URL bulundu: https://vidlax1.xyz/embed/a6e389a2f6809172
🔍 Embed URL kontrol ediliyor: https://vidlax1.xyz/embed/a6e389a2f6809172
📄 Embed sayfa içeriği alındı, boyut: 39501 karakter
🎬 Video Başlığı: Tom Clancy&#039;s Jack Ryan
📝 Video Açıklaması: 2.Sezon 4.Bölüm
🎯 Tam Başlık: Tom Clancy&#039;s Jack Ryan - 2.Sezon 4.Bölüm
🎯 HEX DECODE - m3u8 bulundu: https://vidlax.xyz/upload/2133fc482b1396ac8a5cc3c53fb63d315900/master.m3u8
      ✅ Tom Clancy&#039;s Jack Ryan - 2.Sezon 4.Bölüm - 1 m3u8
   🔍 [13/30] Bölüm: https://diziyiizle2.com/tom-clancyden-jack-ryan/2-sezon-5-bolum/
📺 Embed URL bulundu: https://vidlax1.xyz/embed/f676e900827084e5
🔍 Embed URL kontrol ediliyor: https://vidlax1.xyz/embed/f676e900827084e5
📄 Embed sayfa içeriği alındı, boyut: 39503 karakter
🎬 Video Başlığı: Tom Clancy&#039;den Jack Ryan
📝 Video Açıklaması: 2.Sezon 5.Bölüm
🎯 Tam Başlık: Tom Clancy&#039;den Jack Ryan - 2.Sezon 5.Bölüm
🎯 HEX DECODE - m3u8 bulundu: https://vidlax.xyz/upload/40cf25934a62f50df67c765b777a3a1a4a1e/master.m3u8
      ✅ Tom Clancy&#039;den Jack Ryan - 2.Sezon 5.Bölüm - 1 m3u8
   🔍 [14/30] Bölüm: https://diziyiizle2.com/tom-clancyden-jack-ryan/2-sezon-6-bolum/
📺 Embed URL bulundu: https://vidlax1.xyz/embed/0a5fbb3a381ec530
🔍 Embed URL kontrol ediliyor: https://vidlax1.xyz/embed/0a5fbb3a381ec530
📄 Embed sayfa içeriği alındı, boyut: 39501 karakter
🎬 Video Başlığı: Tom Clancy&#039;s Jack Ryan
📝 Video Açıklaması: 2.Sezon 6.Bölüm
🎯 Tam Başlık: Tom Clancy&#039;s Jack Ryan - 2.Sezon 6.Bölüm
🎯 HEX DECODE - m3u8 bulundu: https://vidlax.xyz/upload/12a8d9e12fae189f38f1035d1c195ddb1f95/master.m3u8
      ✅ Tom Clancy&#039;s Jack Ryan - 2.Sezon 6.Bölüm - 1 m3u8
   🔍 [15/30] Bölüm: https://diziyiizle2.com/tom-clancyden-jack-ryan/2-sezon-7-bolum/
📺 Embed URL bulundu: https://vidlax1.xyz/embed/171a2e7e35cf8b5d
🔍 Embed URL kontrol ediliyor: https://vidlax1.xyz/embed/171a2e7e35cf8b5d
📄 Embed sayfa içeriği alındı, boyut: 39501 karakter
🎬 Video Başlığı: Tom Clancy&#039;s Jack Ryan
📝 Video Açıklaması: 2.Sezon 7.Bölüm
🎯 Tam Başlık: Tom Clancy&#039;s Jack Ryan - 2.Sezon 7.Bölüm
🎯 HEX DECODE - m3u8 bulundu: https://vidlax.xyz/upload/4505a5630ad9305f5f68e6166eca693e6dc6/master.m3u8
      ✅ Tom Clancy&#039;s Jack Ryan - 2.Sezon 7.Bölüm - 1 m3u8
   🔍 [16/30] Bölüm: https://diziyiizle2.com/tom-clancyden-jack-ryan/2-sezon-8-bolum/
📺 Embed URL bulundu: https://vidlax1.xyz/embed/fd100981bb348331
🔍 Embed URL kontrol ediliyor: https://vidlax1.xyz/embed/fd100981bb348331
📄 Embed sayfa içeriği alındı, boyut: 39501 karakter
🎬 Video Başlığı: Tom Clancy&#039;s Jack Ryan
📝 Video Açıklaması: 2.Sezon 8.Bölüm
🎯 Tam Başlık: Tom Clancy&#039;s Jack Ryan - 2.Sezon 8.Bölüm
🎯 HEX DECODE - m3u8 bulundu: https://vidlax.xyz/upload/36a2a82f62d75c41dcf14205039ea66e4a8a/master.m3u8
      ✅ Tom Clancy&#039;s Jack Ryan - 2.Sezon 8.Bölüm - 1 m3u8
   🔍 [17/30] Bölüm: https://diziyiizle2.com/tom-clancyden-jack-ryan/3-sezon-1-bolum/
📺 Embed URL bulundu: https://vidlax1.xyz/embed/a538f6ca285dd86b
🔍 Embed URL kontrol ediliyor: https://vidlax1.xyz/embed/a538f6ca285dd86b
📄 Embed sayfa içeriği alındı, boyut: 39501 karakter
🎬 Video Başlığı: Tom Clancy&#039;s Jack Ryan
📝 Video Açıklaması: 3.Sezon 1.Bölüm
🎯 Tam Başlık: Tom Clancy&#039;s Jack Ryan - 3.Sezon 1.Bölüm
🎯 HEX DECODE - m3u8 bulundu: https://vidlax.xyz/upload/2c496baa65830cb49487dc58d5431401eb1a/master.m3u8
      ✅ Tom Clancy&#039;s Jack Ryan - 3.Sezon 1.Bölüm - 1 m3u8
   🔍 [18/30] Bölüm: https://diziyiizle2.com/tom-clancyden-jack-ryan/3-sezon-2-bolum/
📺 Embed URL bulundu: https://vidlax1.xyz/embed/61627618ccf4a55b
🔍 Embed URL kontrol ediliyor: https://vidlax1.xyz/embed/61627618ccf4a55b
📄 Embed sayfa içeriği alındı, boyut: 39501 karakter
🎬 Video Başlığı: Tom Clancy&#039;s Jack Ryan
📝 Video Açıklaması: 3.Sezon 2.Bölüm
🎯 Tam Başlık: Tom Clancy&#039;s Jack Ryan - 3.Sezon 2.Bölüm
🎯 HEX DECODE - m3u8 bulundu: https://vidlax.xyz/upload/8eb875af8cc0221f50fc890e3bd578d925ec/master.m3u8
      ✅ Tom Clancy&#039;s Jack Ryan - 3.Sezon 2.Bölüm - 1 m3u8
   🔍 [19/30] Bölüm: https://diziyiizle2.com/tom-clancyden-jack-ryan/3-sezon-3-bolum/
📺 Embed URL bulundu: https://vidlax1.xyz/embed/9ce446a5d8ff10d9
🔍 Embed URL kontrol ediliyor: https://vidlax1.xyz/embed/9ce446a5d8ff10d9
📄 Embed sayfa içeriği alındı, boyut: 39501 karakter
🎬 Video Başlığı: Tom Clancy&#039;s Jack Ryan
📝 Video Açıklaması: 3.Sezon 3.Bölüm
🎯 Tam Başlık: Tom Clancy&#039;s Jack Ryan - 3.Sezon 3.Bölüm
🎯 HEX DECODE - m3u8 bulundu: https://vidlax.xyz/upload/1e98db8cac5bac649a7df5d4c22200edf4ba/master.m3u8
      ✅ Tom Clancy&#039;s Jack Ryan - 3.Sezon 3.Bölüm - 1 m3u8
   🔍 [20/30] Bölüm: https://diziyiizle2.com/tom-clancyden-jack-ryan/3-sezon-4-bolum/
📺 Embed URL bulundu: https://vidlax1.xyz/embed/4fdc04bf3be3677d
🔍 Embed URL kontrol ediliyor: https://vidlax1.xyz/embed/4fdc04bf3be3677d
📄 Embed sayfa içeriği alındı, boyut: 39501 karakter
🎬 Video Başlığı: Tom Clancy&#039;s Jack Ryan
📝 Video Açıklaması: 3.Sezon 4.Bölüm
🎯 Tam Başlık: Tom Clancy&#039;s Jack Ryan - 3.Sezon 4.Bölüm
🎯 HEX DECODE - m3u8 bulundu: https://vidlax.xyz/upload/db4a71dcf0788aae1c8f642a81ec4dd2152b/master.m3u8
      ✅ Tom Clancy&#039;s Jack Ryan - 3.Sezon 4.Bölüm - 1 m3u8
   🔍 [21/30] Bölüm: https://diziyiizle2.com/tom-clancyden-jack-ryan/3-sezon-5-bolum/
📺 Embed URL bulundu: https://vidlax1.xyz/embed/59592b8a6f3f868a
🔍 Embed URL kontrol ediliyor: https://vidlax1.xyz/embed/59592b8a6f3f868a
📄 Embed sayfa içeriği alındı, boyut: 39501 karakter
🎬 Video Başlığı: Tom Clancy&#039;s Jack Ryan
📝 Video Açıklaması: 3.Sezon 5.Bölüm
🎯 Tam Başlık: Tom Clancy&#039;s Jack Ryan - 3.Sezon 5.Bölüm
🎯 HEX DECODE - m3u8 bulundu: https://vidlax.xyz/upload/b4ef84963cb5b9a131fe06c98c2a5291feca/master.m3u8
      ✅ Tom Clancy&#039;s Jack Ryan - 3.Sezon 5.Bölüm - 1 m3u8
   🔍 [22/30] Bölüm: https://diziyiizle2.com/tom-clancyden-jack-ryan/3-sezon-6-bolum/
📺 Embed URL bulundu: https://vidlax1.xyz/embed/034cacab02ef1402
🔍 Embed URL kontrol ediliyor: https://vidlax1.xyz/embed/034cacab02ef1402
📄 Embed sayfa içeriği alındı, boyut: 39501 karakter
🎬 Video Başlığı: Tom Clancy&#039;s Jack Ryan
📝 Video Açıklaması: 3.Sezon 6.Bölüm
🎯 Tam Başlık: Tom Clancy&#039;s Jack Ryan - 3.Sezon 6.Bölüm
🎯 HEX DECODE - m3u8 bulundu: https://vidlax.xyz/upload/d81930db9fb190be4e484a21f07dd0195750/master.m3u8
      ✅ Tom Clancy&#039;s Jack Ryan - 3.Sezon 6.Bölüm - 1 m3u8
   🔍 [23/30] Bölüm: https://diziyiizle2.com/tom-clancyden-jack-ryan/3-sezon-7-bolum/
📺 Embed URL bulundu: https://vidlax1.xyz/embed/81dcf80069e10d86
🔍 Embed URL kontrol ediliyor: https://vidlax1.xyz/embed/81dcf80069e10d86
📄 Embed sayfa içeriği alındı, boyut: 39501 karakter
🎬 Video Başlığı: Tom Clancy&#039;s Jack Ryan
📝 Video Açıklaması: 3.Sezon 7.Bölüm
🎯 Tam Başlık: Tom Clancy&#039;s Jack Ryan - 3.Sezon 7.Bölüm
🎯 HEX DECODE - m3u8 bulundu: https://vidlax.xyz/upload/d8884ff71b029f6f83d213b8290d5ee955f6/master.m3u8
      ✅ Tom Clancy&#039;s Jack Ryan - 3.Sezon 7.Bölüm - 1 m3u8
   🔍 [24/30] Bölüm: https://diziyiizle2.com/tom-clancyden-jack-ryan/3-sezon-8-bolum/
📺 Embed URL bulundu: https://vidlax1.xyz/embed/b215169196cad58c
🔍 Embed URL kontrol ediliyor: https://vidlax1.xyz/embed/b215169196cad58c
📄 Embed sayfa içeriği alındı, boyut: 39501 karakter
🎬 Video Başlığı: Tom Clancy&#039;s Jack Ryan
📝 Video Açıklaması: 3.Sezon 8.Bölüm
🎯 Tam Başlık: Tom Clancy&#039;s Jack Ryan - 3.Sezon 8.Bölüm
🎯 HEX DECODE - m3u8 bulundu: https://vidlax.xyz/upload/8d1f43bf6606f9547ab801a54a8edc0d2498/master.m3u8
      ✅ Tom Clancy&#039;s Jack Ryan - 3.Sezon 8.Bölüm - 1 m3u8
   🔍 [25/30] Bölüm: https://diziyiizle2.com/tom-clancyden-jack-ryan/4-sezon-1-bolum/
📺 Embed URL bulundu: https://vidlax1.xyz/embed/6b45d12bbfaf2011
🔍 Embed URL kontrol ediliyor: https://vidlax1.xyz/embed/6b45d12bbfaf2011
📄 Embed sayfa içeriği alındı, boyut: 39501 karakter
🎬 Video Başlığı: Tom Clancy&#039;s Jack Ryan
📝 Video Açıklaması: 4.Sezon 1.Bölüm
🎯 Tam Başlık: Tom Clancy&#039;s Jack Ryan - 4.Sezon 1.Bölüm
🎯 HEX DECODE - m3u8 bulundu: https://vidlax.xyz/upload/2447f9b8d5d91a749d02ed65bc31a059850d/master.m3u8
      ✅ Tom Clancy&#039;s Jack Ryan - 4.Sezon 1.Bölüm - 1 m3u8
   🔍 [26/30] Bölüm: https://diziyiizle2.com/tom-clancyden-jack-ryan/4-sezon-2-bolum/
📺 Embed URL bulundu: https://vidlax1.xyz/embed/46691327d347d3cd
🔍 Embed URL kontrol ediliyor: https://vidlax1.xyz/embed/46691327d347d3cd
📄 Embed sayfa içeriği alındı, boyut: 39501 karakter
🎬 Video Başlığı: Tom Clancy&#039;s Jack Ryan
📝 Video Açıklaması: 4.Sezon 2.Bölüm
🎯 Tam Başlık: Tom Clancy&#039;s Jack Ryan - 4.Sezon 2.Bölüm
🎯 HEX DECODE - m3u8 bulundu: https://vidlax.xyz/upload/ffd629b3c9804c035bcc7802fec447c325c5/master.m3u8
      ✅ Tom Clancy&#039;s Jack Ryan - 4.Sezon 2.Bölüm - 1 m3u8
   🔍 [27/30] Bölüm: https://diziyiizle2.com/tom-clancyden-jack-ryan/4-sezon-3-bolum/
📺 Embed URL bulundu: https://vidlax1.xyz/embed/73c1a72114030130
🔍 Embed URL kontrol ediliyor: https://vidlax1.xyz/embed/73c1a72114030130
📄 Embed sayfa içeriği alındı, boyut: 39501 karakter
🎬 Video Başlığı: Tom Clancy&#039;s Jack Ryan
📝 Video Açıklaması: 4.Sezon 3.Bölüm
🎯 Tam Başlık: Tom Clancy&#039;s Jack Ryan - 4.Sezon 3.Bölüm
🎯 HEX DECODE - m3u8 bulundu: https://vidlax.xyz/upload/59adfedbf20ec45e6a87d773174a665dafbe/master.m3u8
      ✅ Tom Clancy&#039;s Jack Ryan - 4.Sezon 3.Bölüm - 1 m3u8
   🔍 [28/30] Bölüm: https://diziyiizle2.com/tom-clancyden-jack-ryan/4-sezon-4-bolum/
📺 Embed URL bulundu: https://vidlax1.xyz/embed/667ca88312ae3d43
🔍 Embed URL kontrol ediliyor: https://vidlax1.xyz/embed/667ca88312ae3d43
📄 Embed sayfa içeriği alındı, boyut: 39501 karakter
🎬 Video Başlığı: Tom Clancy&#039;s Jack Ryan
📝 Video Açıklaması: 4.Sezon 4.Bölüm
🎯 Tam Başlık: Tom Clancy&#039;s Jack Ryan - 4.Sezon 4.Bölüm
🎯 HEX DECODE - m3u8 bulundu: https://vidlax.xyz/upload/e4cd4314fd17b80b282545e7b30297a38fab/master.m3u8
      ✅ Tom Clancy&#039;s Jack Ryan - 4.Sezon 4.Bölüm - 1 m3u8
   🔍 [29/30] Bölüm: https://diziyiizle2.com/tom-clancyden-jack-ryan/4-sezon-5-bolum/
📺 Embed URL bulundu: https://vidlax1.xyz/embed/d286653d8b9a05f6
🔍 Embed URL kontrol ediliyor: https://vidlax1.xyz/embed/d286653d8b9a05f6
📄 Embed sayfa içeriği alındı, boyut: 39501 karakter
🎬 Video Başlığı: Tom Clancy&#039;s Jack Ryan
📝 Video Açıklaması: 4.Sezon 5.Bölüm
🎯 Tam Başlık: Tom Clancy&#039;s Jack Ryan - 4.Sezon 5.Bölüm
🎯 HEX DECODE - m3u8 bulundu: https://vidlax.xyz/upload/e3f728eea323f18411fa807846be49bb40ff/master.m3u8
      ✅ Tom Clancy&#039;s Jack Ryan - 4.Sezon 5.Bölüm - 1 m3u8
   🔍 [30/30] Bölüm: https://diziyiizle2.com/tom-clancyden-jack-ryan/4-sezon-6-bolum/
📺 Embed URL bulundu: https://vidlax1.xyz/embed/327e12b31aba724e
🔍 Embed URL kontrol ediliyor: https://vidlax1.xyz/embed/327e12b31aba724e
📄 Embed sayfa içeriği alındı, boyut: 39501 karakter
🎬 Video Başlığı: Tom Clancy&#039;s Jack Ryan
📝 Video Açıklaması: 4.Sezon 6.Bölüm
🎯 Tam Başlık: Tom Clancy&#039;s Jack Ryan - 4.Sezon 6.Bölüm
🎯 HEX DECODE - m3u8 bulundu: https://vidlax.xyz/upload/ca0f2c02cb19c4662c118e505b74d30e9a54/master.m3u8
      ✅ Tom Clancy&#039;s Jack Ryan - 4.Sezon 6.Bölüm - 1 m3u8
      📁 Dizi playlist: playlists/tom_clancyden_jack_ryan_playlist.m3u
   ✅ Dizi tamamlandı: 29 m3u8 eklendi

============================================================
🎬 [25/56] İşleniyor: https://diziyiizle2.com/dizi/the-boys/
📺 Bölüm bulundu: 1. Sezon 1. BölümDublaj24.10.202560 dk. - https://diziyiizle2.com/the-boys/1-sezon-1-bolum/
📺 Bölüm bulundu: 1. Sezon 2. BölümDublaj24.10.202559 dk. - https://diziyiizle2.com/the-boys/1-sezon-2-bolum/
📺 Bölüm bulundu: 1. Sezon 3. BölümDublaj24.10.202555 dk. - https://diziyiizle2.com/the-boys/1-sezon-3-bolum/
📺 Bölüm bulundu: 1. Sezon 4. BölümDublaj24.10.202556 dk. - https://diziyiizle2.com/the-boys/1-sezon-4-bolum/
📺 Bölüm bulundu: 1. Sezon 5. BölümDublaj24.10.202560 dk. - https://diziyiizle2.com/the-boys/1-sezon-5-bolum/
📺 Bölüm bulundu: 1. Sezon 6. BölümDublaj24.10.202560 dk. - https://diziyiizle2.com/the-boys/1-sezon-6-bolum/
📺 Bölüm bulundu: 1. Sezon 7. BölümDublaj24.10.202556 dk. - https://diziyiizle2.com/the-boys/1-sezon-7-bolum/
📺 Bölüm bulundu: 1. Sezon 8. BölümDublaj24.10.202566 dk. - https://diziyiizle2.com/the-boys/1-sezon-8-bolum/
📺 Bölüm bulundu: 2. Sezon 1. BölümDublaj24.10.202563 dk. - https://diziyiizle2.com/the-boys/2-sezon-1-bolum/
📺 Bölüm bulundu: 2. Sezon 2. BölümDublaj24.10.202559 dk. - https://diziyiizle2.com/the-boys/2-sezon-2-bolum/
📺 Bölüm bulundu: 2. Sezon 3. BölümDublaj24.10.202561 dk. - https://diziyiizle2.com/the-boys/2-sezon-3-bolum/
📺 Bölüm bulundu: 2. Sezon 4. BölümDublaj24.10.202570 dk. - https://diziyiizle2.com/the-boys/2-sezon-4-bolum/
📺 Bölüm bulundu: 2. Sezon 5. BölümDublaj24.10.202563 dk. - https://diziyiizle2.com/the-boys/2-sezon-5-bolum/
📺 Bölüm bulundu: 2. Sezon 6. BölümDublaj24.10.202566 dk. - https://diziyiizle2.com/the-boys/2-sezon-6-bolum/
📺 Bölüm bulundu: 2. Sezon 7. BölümDublaj24.10.202556 dk. - https://diziyiizle2.com/the-boys/2-sezon-7-bolum/
📺 Bölüm bulundu: 2. Sezon 8. BölümDublaj24.10.202570 dk. - https://diziyiizle2.com/the-boys/2-sezon-8-bolum/
📺 Bölüm bulundu: 3. Sezon 1. BölümAltyazılı24.10.202564 dk. - https://diziyiizle2.com/the-boys/3-sezon-1-bolum/
📺 Bölüm bulundu: 3. Sezon 2. BölümAltyazılı24.10.202562 dk. - https://diziyiizle2.com/the-boys/3-sezon-2-bolum/
📺 Bölüm bulundu: 3. Sezon 3. BölümAltyazılı24.10.202563 dk. - https://diziyiizle2.com/the-boys/3-sezon-3-bolum/
📺 Bölüm bulundu: 3. Sezon 4. BölümAltyazılı24.10.202562 dk. - https://diziyiizle2.com/the-boys/3-sezon-4-bolum/
📺 Bölüm bulundu: 3. Sezon 5. BölümAltyazılı24.10.202563 dk. - https://diziyiizle2.com/the-boys/3-sezon-5-bolum/
📺 Bölüm bulundu: 3. Sezon 6. BölümAltyazılı24.10.202563 dk. - https://diziyiizle2.com/the-boys/3-sezon-6-bolum/
📺 Bölüm bulundu: 3. Sezon 7. BölümAltyazılı24.10.202567 dk. - https://diziyiizle2.com/the-boys/3-sezon-7-bolum/
📺 Bölüm bulundu: 3. Sezon 8. BölümDublaj24.10.202564 dk. - https://diziyiizle2.com/the-boys/3-sezon-8-bolum/
📺 Bölüm bulundu: 4. Sezon 1. BölümDublaj24.10.202566 dk. - https://diziyiizle2.com/the-boys/4-sezon-1-bolum/
📺 Bölüm bulundu: 4. Sezon 2. BölümDublaj24.10.202562 dk. - https://diziyiizle2.com/the-boys/4-sezon-2-bolum/
📺 Bölüm bulundu: 4. Sezon 3. BölümDublaj24.10.202561 dk. - https://diziyiizle2.com/the-boys/4-sezon-3-bolum/
📺 Bölüm bulundu: 4. Sezon 4. BölümDublaj24.10.202567 dk. - https://diziyiizle2.com/the-boys/4-sezon-4-bolum/
📺 Bölüm bulundu: 4. Sezon 5. BölümDublaj24.10.202569 dk. - https://diziyiizle2.com/the-boys/4-sezon-5-bolum/
📺 Bölüm bulundu: 4. Sezon 6. BölümDublaj24.10.202566 dk. - https://diziyiizle2.com/the-boys/4-sezon-6-bolum/
📺 Bölüm bulundu: 4. Sezon 7. BölümDublaj24.10.202565 dk. - https://diziyiizle2.com/the-boys/4-sezon-7-bolum/
📺 Bölüm bulundu: 4. Sezon 8. BölümAltyazılı24.10.202569 dk. - https://diziyiizle2.com/the-boys/4-sezon-8-bolum/
📺 Bölüm bulundu: 5. Sezon 1. BölümAltyazılı24.10.2025 - https://diziyiizle2.com/the-boys/5-sezon-1-bolum/

📊 Toplam 33 bölüm bulundu
   🔍 [1/33] Bölüm: https://diziyiizle2.com/the-boys/1-sezon-1-bolum/
📺 Embed URL bulundu: https://vidlax1.xyz/embed/aecb3874ccd085e6
🔍 Embed URL kontrol ediliyor: https://vidlax1.xyz/embed/aecb3874ccd085e6
📄 Embed sayfa içeriği alındı, boyut: 39482 karakter
🎬 Video Başlığı: The Boys
📝 Video Açıklaması: 1.Sezon 1.Bölüm
🎯 Tam Başlık: The Boys - 1.Sezon 1.Bölüm
🎯 HEX DECODE - m3u8 bulundu: https://vidlax.xyz/upload/4e03fecbc14ae8fd36a3bfdf5a183853405d/master.m3u8
      ✅ The Boys - 1.Sezon 1.Bölüm - 1 m3u8
   🔍 [2/33] Bölüm: https://diziyiizle2.com/the-boys/1-sezon-2-bolum/
📺 Embed URL bulundu: https://vidlax1.xyz/embed/e2a41ccf39a94000
🔍 Embed URL kontrol ediliyor: https://vidlax1.xyz/embed/e2a41ccf39a94000
📄 Embed sayfa içeriği alındı, boyut: 39501 karakter
🎬 Video Başlığı: Tom Clancy&#039;s Jack Ryan
📝 Video Açıklaması: 1.Sezon 2.Bölüm
🎯 Tam Başlık: Tom Clancy&#039;s Jack Ryan - 1.Sezon 2.Bölüm
🎯 HEX DECODE - m3u8 bulundu: https://vidlax.xyz/upload/f9eb4055a293271dbacdf041faef4bd12884/master.m3u8
      ✅ Tom Clancy&#039;s Jack Ryan - 1.Sezon 2.Bölüm - 1 m3u8
   🔍 [3/33] Bölüm: https://diziyiizle2.com/the-boys/1-sezon-3-bolum/
📺 Embed URL bulundu: https://vidlax1.xyz/embed/e91500fbdbf52f60
🔍 Embed URL kontrol ediliyor: https://vidlax1.xyz/embed/e91500fbdbf52f60
📄 Embed sayfa içeriği alındı, boyut: 39482 karakter
🎬 Video Başlığı: The Boys
📝 Video Açıklaması: 1.Sezon 3.Bölüm
🎯 Tam Başlık: The Boys - 1.Sezon 3.Bölüm
🎯 HEX DECODE - m3u8 bulundu: https://vidlax.xyz/upload/7560de45620d6137bcaeb493583ff83b2ee1/master.m3u8
      ✅ The Boys - 1.Sezon 3.Bölüm - 1 m3u8
   🔍 [4/33] Bölüm: https://diziyiizle2.com/the-boys/1-sezon-4-bolum/
📺 Embed URL bulundu: https://vidlax1.xyz/embed/699669aff5a31a4f
🔍 Embed URL kontrol ediliyor: https://vidlax1.xyz/embed/699669aff5a31a4f
📄 Embed sayfa içeriği alındı, boyut: 39482 karakter
🎬 Video Başlığı: The Boys
📝 Video Açıklaması: 1.Sezon 4.Bölüm
🎯 Tam Başlık: The Boys - 1.Sezon 4.Bölüm
🎯 HEX DECODE - m3u8 bulundu: https://vidlax.xyz/upload/0660cfe94647b2c123e2cd41a60a016ac15b/master.m3u8
      ✅ The Boys - 1.Sezon 4.Bölüm - 1 m3u8
   🔍 [5/33] Bölüm: https://diziyiizle2.com/the-boys/1-sezon-5-bolum/
📺 Embed URL bulundu: https://vidlax1.xyz/embed/ab90cfc22b12b9e2
🔍 Embed URL kontrol ediliyor: https://vidlax1.xyz/embed/ab90cfc22b12b9e2
📄 Embed sayfa içeriği alındı, boyut: 39482 karakter
🎬 Video Başlığı: The Boys
📝 Video Açıklaması: 1.Sezon 5.Bölüm
🎯 Tam Başlık: The Boys - 1.Sezon 5.Bölüm
🎯 HEX DECODE - m3u8 bulundu: https://vidlax.xyz/upload/380ba47a33697a34287e7985becf98f34a8d/master.m3u8
      ✅ The Boys - 1.Sezon 5.Bölüm - 1 m3u8
   🔍 [6/33] Bölüm: https://diziyiizle2.com/the-boys/1-sezon-6-bolum/
📺 Embed URL bulundu: https://vidlax1.xyz/embed/a5cc93796891a754
🔍 Embed URL kontrol ediliyor: https://vidlax1.xyz/embed/a5cc93796891a754
📄 Embed sayfa içeriği alındı, boyut: 39482 karakter
🎬 Video Başlığı: The Boys
📝 Video Açıklaması: 1.Sezon 6.Bölüm
🎯 Tam Başlık: The Boys - 1.Sezon 6.Bölüm
🎯 HEX DECODE - m3u8 bulundu: https://vidlax.xyz/upload/74e507eabc1f429e770853f5b5d9731b5c6d/master.m3u8
      ✅ The Boys - 1.Sezon 6.Bölüm - 1 m3u8
   🔍 [7/33] Bölüm: https://diziyiizle2.com/the-boys/1-sezon-7-bolum/
📺 Embed URL bulundu: https://vidlax1.xyz/embed/b9f47979ddf8a7b8
🔍 Embed URL kontrol ediliyor: https://vidlax1.xyz/embed/b9f47979ddf8a7b8
📄 Embed sayfa içeriği alındı, boyut: 39482 karakter
🎬 Video Başlığı: The Boys
📝 Video Açıklaması: 1.Sezon 7.Bölüm
🎯 Tam Başlık: The Boys - 1.Sezon 7.Bölüm
🎯 HEX DECODE - m3u8 bulundu: https://vidlax.xyz/upload/8c5d0856d391068ed1178e819b2273e800af/master.m3u8
      ✅ The Boys - 1.Sezon 7.Bölüm - 1 m3u8
   🔍 [8/33] Bölüm: https://diziyiizle2.com/the-boys/1-sezon-8-bolum/
📺 Embed URL bulundu: https://vidlax1.xyz/embed/68e5308b34c1348f
🔍 Embed URL kontrol ediliyor: https://vidlax1.xyz/embed/68e5308b34c1348f
📄 Embed sayfa içeriği alındı, boyut: 39482 karakter
🎬 Video Başlığı: The Boys
📝 Video Açıklaması: 1.Sezon 8.Bölüm
🎯 Tam Başlık: The Boys - 1.Sezon 8.Bölüm
🎯 HEX DECODE - m3u8 bulundu: https://vidlax.xyz/upload/4c6c71d3acbc83ae1a3670d2a587862e7270/master.m3u8
      ✅ The Boys - 1.Sezon 8.Bölüm - 1 m3u8
   🔍 [9/33] Bölüm: https://diziyiizle2.com/the-boys/2-sezon-1-bolum/
📺 Embed URL bulundu: https://vidlax1.xyz/embed/aa13deadcf675aa7
🔍 Embed URL kontrol ediliyor: https://vidlax1.xyz/embed/aa13deadcf675aa7
📄 Embed sayfa içeriği alındı, boyut: 39482 karakter
🎬 Video Başlığı: The Boys
📝 Video Açıklaması: 2.Sezon 1.Bölüm
🎯 Tam Başlık: The Boys - 2.Sezon 1.Bölüm
🎯 HEX DECODE - m3u8 bulundu: https://vidlax.xyz/upload/c5e6ff38bd15c04720e2ebd78220436bb950/master.m3u8
      ✅ The Boys - 2.Sezon 1.Bölüm - 1 m3u8
   🔍 [10/33] Bölüm: https://diziyiizle2.com/the-boys/2-sezon-2-bolum/
📺 Embed URL bulundu: https://vidlax1.xyz/embed/fc4d55a5a07f46f0
🔍 Embed URL kontrol ediliyor: https://vidlax1.xyz/embed/fc4d55a5a07f46f0
📄 Embed sayfa içeriği alındı, boyut: 39482 karakter
🎬 Video Başlığı: The Boys
📝 Video Açıklaması: 2.Sezon 2.Bölüm
🎯 Tam Başlık: The Boys - 2.Sezon 2.Bölüm
🎯 HEX DECODE - m3u8 bulundu: https://vidlax.xyz/upload/2fb309e888985f55269f05e1200ff247a9b7/master.m3u8
      ✅ The Boys - 2.Sezon 2.Bölüm - 1 m3u8
   🔍 [11/33] Bölüm: https://diziyiizle2.com/the-boys/2-sezon-3-bolum/
📺 Embed URL bulundu: https://vidlax1.xyz/embed/4da27d57493fcb43
🔍 Embed URL kontrol ediliyor: https://vidlax1.xyz/embed/4da27d57493fcb43
📄 Embed sayfa içeriği alındı, boyut: 39482 karakter
🎬 Video Başlığı: The Boys
📝 Video Açıklaması: 2.Sezon 3.Bölüm
🎯 Tam Başlık: The Boys - 2.Sezon 3.Bölüm
🎯 HEX DECODE - m3u8 bulundu: https://vidlax.xyz/upload/b16737e037159c56289854bc5f7a7229ae6c/master.m3u8
      ✅ The Boys - 2.Sezon 3.Bölüm - 1 m3u8
   🔍 [12/33] Bölüm: https://diziyiizle2.com/the-boys/2-sezon-4-bolum/
📺 Embed URL bulundu: https://vidlax1.xyz/embed/596cc107ecf1e971
🔍 Embed URL kontrol ediliyor: https://vidlax1.xyz/embed/596cc107ecf1e971
📄 Embed sayfa içeriği alındı, boyut: 39482 karakter
🎬 Video Başlığı: The Boys
📝 Video Açıklaması: 2.Sezon 4.Bölüm
🎯 Tam Başlık: The Boys - 2.Sezon 4.Bölüm
🎯 HEX DECODE - m3u8 bulundu: https://vidlax.xyz/upload/b104f9bad8612a09e0138c005770ae472a84/master.m3u8
      ✅ The Boys - 2.Sezon 4.Bölüm - 1 m3u8
   🔍 [13/33] Bölüm: https://diziyiizle2.com/the-boys/2-sezon-5-bolum/
📺 Embed URL bulundu: https://vidlax1.xyz/embed/27346188c8338adc
🔍 Embed URL kontrol ediliyor: https://vidlax1.xyz/embed/27346188c8338adc
📄 Embed sayfa içeriği alındı, boyut: 39482 karakter
🎬 Video Başlığı: The Boys
📝 Video Açıklaması: 2.Sezon 5.Bölüm
🎯 Tam Başlık: The Boys - 2.Sezon 5.Bölüm
🎯 HEX DECODE - m3u8 bulundu: https://vidlax.xyz/upload/bcccefd8df17a0fdaf246269585bcf38c130/master.m3u8
      ✅ The Boys - 2.Sezon 5.Bölüm - 1 m3u8
   🔍 [14/33] Bölüm: https://diziyiizle2.com/the-boys/2-sezon-6-bolum/
📺 Embed URL bulundu: https://vidlax1.xyz/embed/e606ecec3f783aeb
🔍 Embed URL kontrol ediliyor: https://vidlax1.xyz/embed/e606ecec3f783aeb
📄 Embed sayfa içeriği alındı, boyut: 39482 karakter
🎬 Video Başlığı: The Boys
📝 Video Açıklaması: 2.Sezon 6.Bölüm
🎯 Tam Başlık: The Boys - 2.Sezon 6.Bölüm
🎯 HEX DECODE - m3u8 bulundu: https://vidlax.xyz/upload/93b2cfda96f737d24ec839682fe11a744b29/master.m3u8
      ✅ The Boys - 2.Sezon 6.Bölüm - 1 m3u8
   🔍 [15/33] Bölüm: https://diziyiizle2.com/the-boys/2-sezon-7-bolum/
📺 Embed URL bulundu: https://vidlax1.xyz/embed/bd871aa14511a95c
🔍 Embed URL kontrol ediliyor: https://vidlax1.xyz/embed/bd871aa14511a95c
📄 Embed sayfa içeriği alındı, boyut: 39482 karakter
🎬 Video Başlığı: The Boys
📝 Video Açıklaması: 2.Sezon 7.Bölüm
🎯 Tam Başlık: The Boys - 2.Sezon 7.Bölüm
🎯 HEX DECODE - m3u8 bulundu: https://vidlax.xyz/upload/6b5414b8349c25048b7c0bb54853ac69ae37/master.m3u8
      ✅ The Boys - 2.Sezon 7.Bölüm - 1 m3u8
   🔍 [16/33] Bölüm: https://diziyiizle2.com/the-boys/2-sezon-8-bolum/
📺 Embed URL bulundu: https://vidlax1.xyz/embed/964256d83452e263
🔍 Embed URL kontrol ediliyor: https://vidlax1.xyz/embed/964256d83452e263
📄 Embed sayfa içeriği alındı, boyut: 39482 karakter
🎬 Video Başlığı: The Boys
📝 Video Açıklaması: 2.Sezon 8.Bölüm
🎯 Tam Başlık: The Boys - 2.Sezon 8.Bölüm
🎯 HEX DECODE - m3u8 bulundu: https://vidlax.xyz/upload/d1d4d29b5d51321a4aa4f1938c5491fe5c06/master.m3u8
      ✅ The Boys - 2.Sezon 8.Bölüm - 1 m3u8
   🔍 [17/33] Bölüm: https://diziyiizle2.com/the-boys/3-sezon-1-bolum/

🔍 Vidlax direkt analizi: https://diziyiizle2.com/the-boys/3-sezon-1-bolum/
📄 Sayfa içeriği alındı: 96684 karakter
❌ m3u8 URL'si bulunamadı
      ❌ m3u8 bulunamadı
   🔍 [18/33] Bölüm: https://diziyiizle2.com/the-boys/3-sezon-2-bolum/

🔍 Vidlax direkt analizi: https://diziyiizle2.com/the-boys/3-sezon-2-bolum/
📄 Sayfa içeriği alındı: 96575 karakter
❌ m3u8 URL'si bulunamadı
      ❌ m3u8 bulunamadı
   🔍 [19/33] Bölüm: https://diziyiizle2.com/the-boys/3-sezon-3-bolum/

🔍 Vidlax direkt analizi: https://diziyiizle2.com/the-boys/3-sezon-3-bolum/
📄 Sayfa içeriği alındı: 96646 karakter
❌ m3u8 URL'si bulunamadı
      ❌ m3u8 bulunamadı
   🔍 [20/33] Bölüm: https://diziyiizle2.com/the-boys/3-sezon-4-bolum/

🔍 Vidlax direkt analizi: https://diziyiizle2.com/the-boys/3-sezon-4-bolum/
📄 Sayfa içeriği alındı: 96580 karakter
❌ m3u8 URL'si bulunamadı
      ❌ m3u8 bulunamadı
   🔍 [21/33] Bölüm: https://diziyiizle2.com/the-boys/3-sezon-5-bolum/

🔍 Vidlax direkt analizi: https://diziyiizle2.com/the-boys/3-sezon-5-bolum/
📄 Sayfa içeriği alındı: 96760 karakter
❌ m3u8 URL'si bulunamadı
      ❌ m3u8 bulunamadı
   🔍 [22/33] Bölüm: https://diziyiizle2.com/the-boys/3-sezon-6-bolum/

🔍 Vidlax direkt analizi: https://diziyiizle2.com/the-boys/3-sezon-6-bolum/
📄 Sayfa içeriği alındı: 96619 karakter
❌ m3u8 URL'si bulunamadı
      ❌ m3u8 bulunamadı
   🔍 [23/33] Bölüm: https://diziyiizle2.com/the-boys/3-sezon-7-bolum/

🔍 Vidlax direkt analizi: https://diziyiizle2.com/the-boys/3-sezon-7-bolum/
📄 Sayfa içeriği alındı: 96473 karakter
❌ m3u8 URL'si bulunamadı
      ❌ m3u8 bulunamadı
   🔍 [24/33] Bölüm: https://diziyiizle2.com/the-boys/3-sezon-8-bolum/
📺 Embed URL bulundu: https://vidlax1.xyz/embed/9b5c9c3d5ff7e6c8
🔍 Embed URL kontrol ediliyor: https://vidlax1.xyz/embed/9b5c9c3d5ff7e6c8
📄 Embed sayfa içeriği alındı, boyut: 39482 karakter
🎬 Video Başlığı: The Boys
📝 Video Açıklaması: 3.Sezon 8.Bölüm
🎯 Tam Başlık: The Boys - 3.Sezon 8.Bölüm
🎯 HEX DECODE - m3u8 bulundu: https://vidlax.xyz/upload/f6de6969ce31429194888f4952300a977f27/master.m3u8
      ✅ The Boys - 3.Sezon 8.Bölüm - 1 m3u8
   🔍 [25/33] Bölüm: https://diziyiizle2.com/the-boys/4-sezon-1-bolum/
📺 Embed URL bulundu: https://vidlax1.xyz/embed/2974f9ae8b8b7e5b
🔍 Embed URL kontrol ediliyor: https://vidlax1.xyz/embed/2974f9ae8b8b7e5b
📄 Embed sayfa içeriği alındı, boyut: 39482 karakter
🎬 Video Başlığı: The Boys
📝 Video Açıklaması: 4.Sezon 1.Bölüm
🎯 Tam Başlık: The Boys - 4.Sezon 1.Bölüm
🎯 HEX DECODE - m3u8 bulundu: https://vidlax.xyz/upload/db01ffcf4a73136b747e1a8a7fde680a2ec3/master.m3u8
      ✅ The Boys - 4.Sezon 1.Bölüm - 1 m3u8
   🔍 [26/33] Bölüm: https://diziyiizle2.com/the-boys/4-sezon-2-bolum/
📺 Embed URL bulundu: https://vidlax1.xyz/embed/1b891ae1bb8bf95b
🔍 Embed URL kontrol ediliyor: https://vidlax1.xyz/embed/1b891ae1bb8bf95b
📄 Embed sayfa içeriği alındı, boyut: 39482 karakter
🎬 Video Başlığı: The Boys
📝 Video Açıklaması: 4.Sezon 2.Bölüm
🎯 Tam Başlık: The Boys - 4.Sezon 2.Bölüm
🎯 HEX DECODE - m3u8 bulundu: https://vidlax.xyz/upload/c6e83c099c4232f2cb54b55e3b402eabe0a5/master.m3u8
      ✅ The Boys - 4.Sezon 2.Bölüm - 1 m3u8
   🔍 [27/33] Bölüm: https://diziyiizle2.com/the-boys/4-sezon-3-bolum/
📺 Embed URL bulundu: https://vidlax1.xyz/embed/11d6d09011d60274
🔍 Embed URL kontrol ediliyor: https://vidlax1.xyz/embed/11d6d09011d60274
📄 Embed sayfa içeriği alındı, boyut: 39482 karakter
🎬 Video Başlığı: The Boys
📝 Video Açıklaması: 4.Sezon 3.Bölüm
🎯 Tam Başlık: The Boys - 4.Sezon 3.Bölüm
🎯 HEX DECODE - m3u8 bulundu: https://vidlax.xyz/upload/a99af37d25e10b920fec446f6b7291940e78/master.m3u8
      ✅ The Boys - 4.Sezon 3.Bölüm - 1 m3u8
   🔍 [28/33] Bölüm: https://diziyiizle2.com/the-boys/4-sezon-4-bolum/
📺 Embed URL bulundu: https://vidlax1.xyz/embed/77f69e098abf0b96
🔍 Embed URL kontrol ediliyor: https://vidlax1.xyz/embed/77f69e098abf0b96
📄 Embed sayfa içeriği alındı, boyut: 39482 karakter
🎬 Video Başlığı: The Boys
📝 Video Açıklaması: 4.Sezon 4.Bölüm
🎯 Tam Başlık: The Boys - 4.Sezon 4.Bölüm
🎯 HEX DECODE - m3u8 bulundu: https://vidlax.xyz/upload/b094631c0b804827a646d77da92cb63a98cf/master.m3u8
      ✅ The Boys - 4.Sezon 4.Bölüm - 1 m3u8
   🔍 [29/33] Bölüm: https://diziyiizle2.com/the-boys/4-sezon-5-bolum/
📺 Embed URL bulundu: https://vidlax1.xyz/embed/b644cf3005f9e862
🔍 Embed URL kontrol ediliyor: https://vidlax1.xyz/embed/b644cf3005f9e862
📄 Embed sayfa içeriği alındı, boyut: 39482 karakter
🎬 Video Başlığı: The Boys
📝 Video Açıklaması: 4.Sezon 5.Bölüm
🎯 Tam Başlık: The Boys - 4.Sezon 5.Bölüm
🎯 HEX DECODE - m3u8 bulundu: https://vidlax.xyz/upload/373a526a4edfb013fb0da9fbd3d24d3dd316/master.m3u8
      ✅ The Boys - 4.Sezon 5.Bölüm - 1 m3u8
   🔍 [30/33] Bölüm: https://diziyiizle2.com/the-boys/4-sezon-6-bolum/
📺 Embed URL bulundu: https://vidlax1.xyz/embed/a74c7075a84f8fab
🔍 Embed URL kontrol ediliyor: https://vidlax1.xyz/embed/a74c7075a84f8fab
📄 Embed sayfa içeriği alındı, boyut: 39482 karakter
🎬 Video Başlığı: The Boys
📝 Video Açıklaması: 4.Sezon 6.Bölüm
🎯 Tam Başlık: The Boys - 4.Sezon 6.Bölüm
🎯 HEX DECODE - m3u8 bulundu: https://vidlax.xyz/upload/73a16fa61f971f33da83f94a996f9e475abb/master.m3u8
      ✅ The Boys - 4.Sezon 6.Bölüm - 1 m3u8
   🔍 [31/33] Bölüm: https://diziyiizle2.com/the-boys/4-sezon-7-bolum/
📺 Embed URL bulundu: https://vidlax1.xyz/embed/2fb87e717a8b4a34
🔍 Embed URL kontrol ediliyor: https://vidlax1.xyz/embed/2fb87e717a8b4a34
📄 Embed sayfa içeriği alındı, boyut: 39482 karakter
🎬 Video Başlığı: The Boys
📝 Video Açıklaması: 4.Sezon 7.Bölüm
🎯 Tam Başlık: The Boys - 4.Sezon 7.Bölüm
🎯 HEX DECODE - m3u8 bulundu: https://vidlax.xyz/upload/418d6b75d9b9488b28b45fe2cd4c3fdf738c/master.m3u8
      ✅ The Boys - 4.Sezon 7.Bölüm - 1 m3u8
   🔍 [32/33] Bölüm: https://diziyiizle2.com/the-boys/4-sezon-8-bolum/

🔍 Vidlax direkt analizi: https://diziyiizle2.com/the-boys/4-sezon-8-bolum/
📄 Sayfa içeriği alındı: 96429 karakter
❌ m3u8 URL'si bulunamadı
      ❌ m3u8 bulunamadı
   🔍 [33/33] Bölüm: https://diziyiizle2.com/the-boys/5-sezon-1-bolum/

🔍 Vidlax direkt analizi: https://diziyiizle2.com/the-boys/5-sezon-1-bolum/
📄 Sayfa içeriği alındı: 95598 karakter
❌ m3u8 URL'si bulunamadı
      ❌ m3u8 bulunamadı
      📁 Dizi playlist: playlists/the_boys_playlist.m3u
   ✅ Dizi tamamlandı: 24 m3u8 eklendi

============================================================
🎬 [26/56] İşleniyor: https://diziyiizle2.com/dizi/platform/
📺 Bölüm bulundu: 1. Sezon 1. BölümDublaj24.10.202550 dk. - https://diziyiizle2.com/platform/1-sezon-1-bolum/
📺 Bölüm bulundu: 1. Sezon 2. BölümDublaj24.10.202554 dk. - https://diziyiizle2.com/platform/1-sezon-2-bolum/
📺 Bölüm bulundu: 1. Sezon 3. BölümDublaj24.10.202554 dk. - https://diziyiizle2.com/platform/1-sezon-3-bolum/
📺 Bölüm bulundu: 1. Sezon 4. BölümDublaj24.10.202548 dk. - https://diziyiizle2.com/platform/1-sezon-4-bolum/
📺 Bölüm bulundu: 1. Sezon 5. BölümDublaj24.10.202555 dk. - https://diziyiizle2.com/platform/1-sezon-5-bolum/
📺 Bölüm bulundu: 1. Sezon 6. BölümDublaj24.10.202548 dk. - https://diziyiizle2.com/platform/1-sezon-6-bolum/
📺 Bölüm bulundu: 2. Sezon 1. BölümDublaj24.10.202560 dk. - https://diziyiizle2.com/platform/2-sezon-1-bolum/
📺 Bölüm bulundu: 2. Sezon 2. BölümDublaj24.10.202552 dk. - https://diziyiizle2.com/platform/2-sezon-2-bolum/
📺 Bölüm bulundu: 2. Sezon 3. BölümDublaj24.10.202553 dk. - https://diziyiizle2.com/platform/2-sezon-3-bolum/
📺 Bölüm bulundu: 2. Sezon 4. BölümDublaj24.10.202558 dk. - https://diziyiizle2.com/platform/2-sezon-4-bolum/
📺 Bölüm bulundu: 2. Sezon 5. BölümDublaj24.10.202548 dk. - https://diziyiizle2.com/platform/2-sezon-5-bolum/
📺 Bölüm bulundu: 2. Sezon 6. BölümDublaj24.10.202555 dk. - https://diziyiizle2.com/platform/2-sezon-6-bolum/

📊 Toplam 12 bölüm bulundu
   🔍 [1/12] Bölüm: https://diziyiizle2.com/platform/1-sezon-1-bolum/
📺 Embed URL bulundu: https://vidlax1.xyz/embed/7690745eecf0f2f3
🔍 Embed URL kontrol ediliyor: https://vidlax1.xyz/embed/7690745eecf0f2f3
📄 Embed sayfa içeriği alındı, boyut: 39482 karakter
🎬 Video Başlığı: Platform
📝 Video Açıklaması: 1.Sezon 1.Bölüm
🎯 Tam Başlık: Platform - 1.Sezon 1.Bölüm
🎯 HEX DECODE - m3u8 bulundu: https://vidlax.xyz/upload/6d10c9fba429214ac3ae53c80a91f0c52261/master.m3u8
      ✅ Platform - 1.Sezon 1.Bölüm - 1 m3u8
   🔍 [2/12] Bölüm: https://diziyiizle2.com/platform/1-sezon-2-bolum/
📺 Embed URL bulundu: https://vidlax1.xyz/embed/93dd3034b40aef58
🔍 Embed URL kontrol ediliyor: https://vidlax1.xyz/embed/93dd3034b40aef58
📄 Embed sayfa içeriği alındı, boyut: 39482 karakter
🎬 Video Başlığı: Platform
📝 Video Açıklaması: 1.Sezon 2.Bölüm
🎯 Tam Başlık: Platform - 1.Sezon 2.Bölüm
🎯 HEX DECODE - m3u8 bulundu: https://vidlax.xyz/upload/2545f01438e3872ee630b3e7c5eec69ea829/master.m3u8
      ✅ Platform - 1.Sezon 2.Bölüm - 1 m3u8
   🔍 [3/12] Bölüm: https://diziyiizle2.com/platform/1-sezon-3-bolum/
📺 Embed URL bulundu: https://vidlax1.xyz/embed/09ff65d49349691a
🔍 Embed URL kontrol ediliyor: https://vidlax1.xyz/embed/09ff65d49349691a
📄 Embed sayfa içeriği alındı, boyut: 39482 karakter
🎬 Video Başlığı: Platform
📝 Video Açıklaması: 1.Sezon 3.Bölüm
🎯 Tam Başlık: Platform - 1.Sezon 3.Bölüm
🎯 HEX DECODE - m3u8 bulundu: https://vidlax.xyz/upload/c09e64f7d9fd0a2b9277fe30e806f8f856f1/master.m3u8
      ✅ Platform - 1.Sezon 3.Bölüm - 1 m3u8
   🔍 [4/12] Bölüm: https://diziyiizle2.com/platform/1-sezon-4-bolum/
📺 Embed URL bulundu: https://vidlax1.xyz/embed/79aefd5a475b6d51
🔍 Embed URL kontrol ediliyor: https://vidlax1.xyz/embed/79aefd5a475b6d51
📄 Embed sayfa içeriği alındı, boyut: 39482 karakter
🎬 Video Başlığı: Platform
📝 Video Açıklaması: 1.Sezon 4.Bölüm
🎯 Tam Başlık: Platform - 1.Sezon 4.Bölüm
🎯 HEX DECODE - m3u8 bulundu: https://vidlax.xyz/upload/1e71b9d8419a9d4d23db67571d38b8109d7f/master.m3u8
      ✅ Platform - 1.Sezon 4.Bölüm - 1 m3u8
   🔍 [5/12] Bölüm: https://diziyiizle2.com/platform/1-sezon-5-bolum/
📺 Embed URL bulundu: https://vidlax1.xyz/embed/7af97402efade8ee
🔍 Embed URL kontrol ediliyor: https://vidlax1.xyz/embed/7af97402efade8ee
📄 Embed sayfa içeriği alındı, boyut: 39482 karakter
🎬 Video Başlığı: Platform
📝 Video Açıklaması: 1.Sezon 5.Bölüm
🎯 Tam Başlık: Platform - 1.Sezon 5.Bölüm
🎯 HEX DECODE - m3u8 bulundu: https://vidlax.xyz/upload/f6b36d54608fa6ce1b9ae16008694dc639cf/master.m3u8
      ✅ Platform - 1.Sezon 5.Bölüm - 1 m3u8
   🔍 [6/12] Bölüm: https://diziyiizle2.com/platform/1-sezon-6-bolum/
📺 Embed URL bulundu: https://vidlax1.xyz/embed/1d6ff3e9dc9e4bae
🔍 Embed URL kontrol ediliyor: https://vidlax1.xyz/embed/1d6ff3e9dc9e4bae
📄 Embed sayfa içeriği alındı, boyut: 39482 karakter
🎬 Video Başlığı: Platform
📝 Video Açıklaması: 1.Sezon 6.Bölüm
🎯 Tam Başlık: Platform - 1.Sezon 6.Bölüm
🎯 HEX DECODE - m3u8 bulundu: https://vidlax.xyz/upload/290681323960bb0824eb1595c9cdf19ced70/master.m3u8
      ✅ Platform - 1.Sezon 6.Bölüm - 1 m3u8
   🔍 [7/12] Bölüm: https://diziyiizle2.com/platform/2-sezon-1-bolum/
📺 Embed URL bulundu: https://vidlax1.xyz/embed/4b1c6e8905781d76
🔍 Embed URL kontrol ediliyor: https://vidlax1.xyz/embed/4b1c6e8905781d76
📄 Embed sayfa içeriği alındı, boyut: 39482 karakter
🎬 Video Başlığı: Platform
📝 Video Açıklaması: 2.Sezon 1.Bölüm
🎯 Tam Başlık: Platform - 2.Sezon 1.Bölüm
🎯 HEX DECODE - m3u8 bulundu: https://vidlax.xyz/upload/fdf13d62ce32fe299a9d69ab92a089bccfbb/master.m3u8
      ✅ Platform - 2.Sezon 1.Bölüm - 1 m3u8
   🔍 [8/12] Bölüm: https://diziyiizle2.com/platform/2-sezon-2-bolum/
📺 Embed URL bulundu: https://vidlax1.xyz/embed/a8f9d2be50d3f570
🔍 Embed URL kontrol ediliyor: https://vidlax1.xyz/embed/a8f9d2be50d3f570
📄 Embed sayfa içeriği alındı, boyut: 39482 karakter
🎬 Video Başlığı: Platform
📝 Video Açıklaması: 2.Sezon 2.Bölüm
🎯 Tam Başlık: Platform - 2.Sezon 2.Bölüm
🎯 HEX DECODE - m3u8 bulundu: https://vidlax.xyz/upload/2ce0fceaee066ef94924c3f1e664f88c710a/master.m3u8
      ✅ Platform - 2.Sezon 2.Bölüm - 1 m3u8
   🔍 [9/12] Bölüm: https://diziyiizle2.com/platform/2-sezon-3-bolum/
📺 Embed URL bulundu: https://vidlax1.xyz/embed/bbefba9b4cfacef7
🔍 Embed URL kontrol ediliyor: https://vidlax1.xyz/embed/bbefba9b4cfacef7
📄 Embed sayfa içeriği alındı, boyut: 39482 karakter
🎬 Video Başlığı: Platform
📝 Video Açıklaması: 2.Sezon 3.Bölüm
🎯 Tam Başlık: Platform - 2.Sezon 3.Bölüm
🎯 HEX DECODE - m3u8 bulundu: https://vidlax.xyz/upload/156550caa8387c1acc4a129c10bcd852dc29/master.m3u8
      ✅ Platform - 2.Sezon 3.Bölüm - 1 m3u8
   🔍 [10/12] Bölüm: https://diziyiizle2.com/platform/2-sezon-4-bolum/
📺 Embed URL bulundu: https://vidlax1.xyz/embed/f44831a2ab5a748b
🔍 Embed URL kontrol ediliyor: https://vidlax1.xyz/embed/f44831a2ab5a748b
📄 Embed sayfa içeriği alındı, boyut: 39482 karakter
🎬 Video Başlığı: Platform
📝 Video Açıklaması: 2.Sezon 4.Bölüm
🎯 Tam Başlık: Platform - 2.Sezon 4.Bölüm
🎯 HEX DECODE - m3u8 bulundu: https://vidlax.xyz/upload/d631c33ffd4182e9028bf07856c1d46d4d03/master.m3u8
      ✅ Platform - 2.Sezon 4.Bölüm - 1 m3u8
   🔍 [11/12] Bölüm: https://diziyiizle2.com/platform/2-sezon-5-bolum/
📺 Embed URL bulundu: https://vidlax1.xyz/embed/761cddc104bfb951
🔍 Embed URL kontrol ediliyor: https://vidlax1.xyz/embed/761cddc104bfb951
📄 Embed sayfa içeriği alındı, boyut: 39482 karakter
🎬 Video Başlığı: Platform
📝 Video Açıklaması: 2.Sezon 5.Bölüm
🎯 Tam Başlık: Platform - 2.Sezon 5.Bölüm
🎯 HEX DECODE - m3u8 bulundu: https://vidlax.xyz/upload/e1af012c8005adf7c0ccd993f05b973eb0a2/master.m3u8
      ✅ Platform - 2.Sezon 5.Bölüm - 1 m3u8
   🔍 [12/12] Bölüm: https://diziyiizle2.com/platform/2-sezon-6-bolum/
📺 Embed URL bulundu: https://vidlax1.xyz/embed/6a1ed97e28934bb6
🔍 Embed URL kontrol ediliyor: https://vidlax1.xyz/embed/6a1ed97e28934bb6
📄 Embed sayfa içeriği alındı, boyut: 39482 karakter
🎬 Video Başlığı: Platform
📝 Video Açıklaması: 2.Sezon 6.Bölüm
🎯 Tam Başlık: Platform - 2.Sezon 6.Bölüm
🎯 HEX DECODE - m3u8 bulundu: https://vidlax.xyz/upload/71c4e761f5de01e5303ee102ef64c98e4b0f/master.m3u8
      ✅ Platform - 2.Sezon 6.Bölüm - 1 m3u8
      📁 Dizi playlist: playlists/platform_playlist.m3u
   ✅ Dizi tamamlandı: 12 m3u8 eklendi

============================================================
🎬 [27/56] İşleniyor: https://diziyiizle2.com/dizi/mahsun-j-12/
📺 Bölüm bulundu: 1. Sezon 1. BölümDual13.08.202547 dk. - https://diziyiizle2.com/mahsun-j-13/1-sezon-1-bolum/
📺 Bölüm bulundu: 1. Sezon 2. BölümDual13.08.202548 dk. - https://diziyiizle2.com/mahsun-j-13/1-sezon-2-bolum/
📺 Bölüm bulundu: 1. Sezon 3. BölümDual13.08.202541 dk. - https://diziyiizle2.com/mahsun-j-13/1-sezon-3-bolum/
📺 Bölüm bulundu: 1. Sezon 4. BölümDual13.08.202552 dk. - https://diziyiizle2.com/mahsun-j-13/1-sezon-4-bolum/
📺 Bölüm bulundu: 1. Sezon 5. BölümDual13.08.202541 dk. - https://diziyiizle2.com/mahsun-j-13/1-sezon-5-bolum/
📺 Bölüm bulundu: 1. Sezon 6. BölümDual13.08.202539 dk. - https://diziyiizle2.com/mahsun-j-13/1-sezon-6-bolum/
📺 Bölüm bulundu: 1. Sezon 7. BölümDual13.08.202540 dk. - https://diziyiizle2.com/mahsun-j-13/1-sezon-7-bolum/
📺 Bölüm bulundu: 1. Sezon 8. BölümDual13.08.202556 dk. - https://diziyiizle2.com/mahsun-j-13/1-sezon-8-bolum/
📺 Bölüm bulundu: 2. Sezon 1. BölümDual13.08.202545 dk. - https://diziyiizle2.com/mahsun-j-13/2-sezon-1-bolum/
📺 Bölüm bulundu: 2. Sezon 2. BölümDual13.08.202545 dk. - https://diziyiizle2.com/mahsun-j-13/2-sezon-2-bolum/
📺 Bölüm bulundu: 2. Sezon 3. BölümDual13.08.202548 dk. - https://diziyiizle2.com/mahsun-j-13/2-sezon-3-bolum/
📺 Bölüm bulundu: 2. Sezon 4. BölümDual13.08.202542 dk. - https://diziyiizle2.com/mahsun-j-13/2-sezon-4-bolum/
📺 Bölüm bulundu: 2. Sezon 5. BölümDual13.08.202546 dk. - https://diziyiizle2.com/mahsun-j-13/2-sezon-5-bolum/
📺 Bölüm bulundu: 2. Sezon 6. BölümDual13.08.202549 dk. - https://diziyiizle2.com/mahsun-j-13/2-sezon-6-bolum/
📺 Bölüm bulundu: 2. Sezon 7. BölümDual13.08.202552 dk. - https://diziyiizle2.com/mahsun-j-13/2-sezon-7-bolum/
📺 Bölüm bulundu: 2. Sezon 8. BölümDual25.09.202548 dk. - https://diziyiizle2.com/mahsun-j-13/2-sezon-8-bolum/
📺 Bölüm bulundu: 2. Sezon 9. BölümDual03.10.202550 dk. - https://diziyiizle2.com/mahsun-j-13/2-sezon-9-bolum/
📺 Bölüm bulundu: 2. Sezon 10. BölümDual10.10.202560 dk. - https://diziyiizle2.com/mahsun-j-13/2-sezon-10-bolum/
📺 Bölüm bulundu: 2. Sezon 11. BölümDual17.10.202530 dk. - https://diziyiizle2.com/mahsun-j-13/2-sezon-11-bolum/
📺 Bölüm bulundu: 2. Sezon 12. BölümDual24.10.202535 dk. - https://diziyiizle2.com/mahsun-j-13/2-sezon-12-bolum/
📺 Bölüm bulundu: 2. Sezon 13. BölümAltyazılı27.10.202540 dk. - https://diziyiizle2.com/mahsun-j-13/2-sezon-13-bolum/

📊 Toplam 21 bölüm bulundu
   🔍 [1/21] Bölüm: https://diziyiizle2.com/mahsun-j-13/1-sezon-1-bolum/
📺 Embed URL bulundu: https://vidlax1.xyz/embed/778eab7a30cbfb8a
🔍 Embed URL kontrol ediliyor: https://vidlax1.xyz/embed/778eab7a30cbfb8a
📄 Embed sayfa içeriği alındı, boyut: 39656 karakter
🎬 Video Başlığı: Mahsun J 
📝 Video Açıklaması: 1.Sezon 1.Bölüm
🎯 Tam Başlık: Mahsun J  - 1.Sezon 1.Bölüm
🎯 HEX DECODE - m3u8 bulundu: https://vidlax.xyz/upload/2f16ee995d7810e7c06f40d3e9018d60104b/master.m3u8
      ✅ Mahsun J  - 1.Sezon 1.Bölüm - 1 m3u8
   🔍 [2/21] Bölüm: https://diziyiizle2.com/mahsun-j-13/1-sezon-2-bolum/
📺 Embed URL bulundu: https://vidlax1.xyz/embed/718e57e139c0bda2
🔍 Embed URL kontrol ediliyor: https://vidlax1.xyz/embed/718e57e139c0bda2
📄 Embed sayfa içeriği alındı, boyut: 39656 karakter
🎬 Video Başlığı: Mahsun J 
📝 Video Açıklaması: 1.Sezon 2.Bölüm
🎯 Tam Başlık: Mahsun J  - 1.Sezon 2.Bölüm
🎯 HEX DECODE - m3u8 bulundu: https://vidlax.xyz/upload/2cbc33d4e5a969a7cccdc8382e25786df655/master.m3u8
      ✅ Mahsun J  - 1.Sezon 2.Bölüm - 1 m3u8
   🔍 [3/21] Bölüm: https://diziyiizle2.com/mahsun-j-13/1-sezon-3-bolum/
📺 Embed URL bulundu: https://vidlax1.xyz/embed/97e8be60949c247f
🔍 Embed URL kontrol ediliyor: https://vidlax1.xyz/embed/97e8be60949c247f
📄 Embed sayfa içeriği alındı, boyut: 39483 karakter
🎬 Video Başlığı: Mahsun J 
📝 Video Açıklaması: 1.Sezon 3.Bölüm
🎯 Tam Başlık: Mahsun J  - 1.Sezon 3.Bölüm
🎯 HEX DECODE - m3u8 bulundu: https://vidlax.xyz/upload/a2fa15f6cb411e668cf331b2ba967791508f/master.m3u8
      ✅ Mahsun J  - 1.Sezon 3.Bölüm - 1 m3u8
   🔍 [4/21] Bölüm: https://diziyiizle2.com/mahsun-j-13/1-sezon-4-bolum/
📺 Embed URL bulundu: https://vidlax1.xyz/embed/768b43ac91b48034
🔍 Embed URL kontrol ediliyor: https://vidlax1.xyz/embed/768b43ac91b48034
📄 Embed sayfa içeriği alındı, boyut: 39483 karakter
🎬 Video Başlığı: Mahsun J 
📝 Video Açıklaması: 1.Sezon 4.Bölüm
🎯 Tam Başlık: Mahsun J  - 1.Sezon 4.Bölüm
🎯 HEX DECODE - m3u8 bulundu: https://vidlax.xyz/upload/ecda36a128f94ac983882616369f10d83940/master.m3u8
      ✅ Mahsun J  - 1.Sezon 4.Bölüm - 1 m3u8
   🔍 [5/21] Bölüm: https://diziyiizle2.com/mahsun-j-13/1-sezon-5-bolum/
📺 Embed URL bulundu: https://vidlax1.xyz/embed/b3e1069470d7fa84
🔍 Embed URL kontrol ediliyor: https://vidlax1.xyz/embed/b3e1069470d7fa84
📄 Embed sayfa içeriği alındı, boyut: 39483 karakter
🎬 Video Başlığı: Mahsun J 
📝 Video Açıklaması: 1.Sezon 5.Bölüm
🎯 Tam Başlık: Mahsun J  - 1.Sezon 5.Bölüm
🎯 HEX DECODE - m3u8 bulundu: https://vidlax.xyz/upload/f8640977fa52d1e01eb77a71aaf15fb7c06c/master.m3u8
      ✅ Mahsun J  - 1.Sezon 5.Bölüm - 1 m3u8
   🔍 [6/21] Bölüm: https://diziyiizle2.com/mahsun-j-13/1-sezon-6-bolum/
📺 Embed URL bulundu: https://vidlax1.xyz/embed/913c81e217d84831
🔍 Embed URL kontrol ediliyor: https://vidlax1.xyz/embed/913c81e217d84831
📄 Embed sayfa içeriği alındı, boyut: 39483 karakter
🎬 Video Başlığı: Mahsun J 
📝 Video Açıklaması: 1.Sezon 6.Bölüm
🎯 Tam Başlık: Mahsun J  - 1.Sezon 6.Bölüm
🎯 HEX DECODE - m3u8 bulundu: https://vidlax.xyz/upload/6795466c7cc5ca5af37824325ce4ca6a9b82/master.m3u8
      ✅ Mahsun J  - 1.Sezon 6.Bölüm - 1 m3u8
   🔍 [7/21] Bölüm: https://diziyiizle2.com/mahsun-j-13/1-sezon-7-bolum/
📺 Embed URL bulundu: https://vidlax1.xyz/embed/cfb522b8994527a9
🔍 Embed URL kontrol ediliyor: https://vidlax1.xyz/embed/cfb522b8994527a9
📄 Embed sayfa içeriği alındı, boyut: 39483 karakter
🎬 Video Başlığı: Mahsun J 
📝 Video Açıklaması: 1.Sezon 7.Bölüm
🎯 Tam Başlık: Mahsun J  - 1.Sezon 7.Bölüm
🎯 HEX DECODE - m3u8 bulundu: https://vidlax.xyz/upload/76507fe179a2dd440c8075f363a4f8b6dada/master.m3u8
      ✅ Mahsun J  - 1.Sezon 7.Bölüm - 1 m3u8
   🔍 [8/21] Bölüm: https://diziyiizle2.com/mahsun-j-13/1-sezon-8-bolum/
📺 Embed URL bulundu: https://vidlax1.xyz/embed/191db4a8fac6d00e
🔍 Embed URL kontrol ediliyor: https://vidlax1.xyz/embed/191db4a8fac6d00e
📄 Embed sayfa içeriği alındı, boyut: 39483 karakter
🎬 Video Başlığı: Mahsun J 
📝 Video Açıklaması: 1.Sezon 8.Bölüm
🎯 Tam Başlık: Mahsun J  - 1.Sezon 8.Bölüm
🎯 HEX DECODE - m3u8 bulundu: https://vidlax.xyz/upload/ffebec0b5c7077df3629aa2b43528526bf26/master.m3u8
      ✅ Mahsun J  - 1.Sezon 8.Bölüm - 1 m3u8
   🔍 [9/21] Bölüm: https://diziyiizle2.com/mahsun-j-13/2-sezon-1-bolum/
📺 Embed URL bulundu: https://vidlax1.xyz/embed/da6bf5da6422fd47
🔍 Embed URL kontrol ediliyor: https://vidlax1.xyz/embed/da6bf5da6422fd47
📄 Embed sayfa içeriği alındı, boyut: 39655 karakter
🎬 Video Başlığı: Mahsun J
📝 Video Açıklaması: 2.Sezon 1.Bölüm
🎯 Tam Başlık: Mahsun J - 2.Sezon 1.Bölüm
🎯 HEX DECODE - m3u8 bulundu: https://vidlax.xyz/upload/a0257161a8716c93665c96af0799b905103b/master.m3u8
      ✅ Mahsun J - 2.Sezon 1.Bölüm - 1 m3u8
   🔍 [10/21] Bölüm: https://diziyiizle2.com/mahsun-j-13/2-sezon-2-bolum/
📺 Embed URL bulundu: https://vidlax1.xyz/embed/399a181fddea51ea
🔍 Embed URL kontrol ediliyor: https://vidlax1.xyz/embed/399a181fddea51ea
📄 Embed sayfa içeriği alındı, boyut: 39655 karakter
🎬 Video Başlığı: Mahsun J
📝 Video Açıklaması: 2.Sezon 2.Bölüm
🎯 Tam Başlık: Mahsun J - 2.Sezon 2.Bölüm
🎯 HEX DECODE - m3u8 bulundu: https://vidlax.xyz/upload/e67edf7b08076fcb6459548d174f01f35d09/master.m3u8
      ✅ Mahsun J - 2.Sezon 2.Bölüm - 1 m3u8
   🔍 [11/21] Bölüm: https://diziyiizle2.com/mahsun-j-13/2-sezon-3-bolum/
📺 Embed URL bulundu: https://vidlax1.xyz/embed/dd75cd77f7436bb6
🔍 Embed URL kontrol ediliyor: https://vidlax1.xyz/embed/dd75cd77f7436bb6
📄 Embed sayfa içeriği alındı, boyut: 39655 karakter
🎬 Video Başlığı: Mahsun J
📝 Video Açıklaması: 2.Sezon 3.Bölüm
🎯 Tam Başlık: Mahsun J - 2.Sezon 3.Bölüm
🎯 HEX DECODE - m3u8 bulundu: https://vidlax.xyz/upload/45c1a8eac5d73eaf773533cc3e7ff71da891/master.m3u8
      ✅ Mahsun J - 2.Sezon 3.Bölüm - 1 m3u8
   🔍 [12/21] Bölüm: https://diziyiizle2.com/mahsun-j-13/2-sezon-4-bolum/
📺 Embed URL bulundu: https://vidlax1.xyz/embed/60605d1ec77ace3f
🔍 Embed URL kontrol ediliyor: https://vidlax1.xyz/embed/60605d1ec77ace3f
📄 Embed sayfa içeriği alındı, boyut: 39482 karakter
🎬 Video Başlığı: Mahsun J
📝 Video Açıklaması: 2.Sezon 4.Bölüm
🎯 Tam Başlık: Mahsun J - 2.Sezon 4.Bölüm
🎯 HEX DECODE - m3u8 bulundu: https://vidlax.xyz/upload/51726b84c54aed290276d3ed9edc3ddd599a/master.m3u8
      ✅ Mahsun J - 2.Sezon 4.Bölüm - 1 m3u8
   🔍 [13/21] Bölüm: https://diziyiizle2.com/mahsun-j-13/2-sezon-5-bolum/
📺 Embed URL bulundu: https://vidlax1.xyz/embed/ea94e6a1e23a03f2
🔍 Embed URL kontrol ediliyor: https://vidlax1.xyz/embed/ea94e6a1e23a03f2
📄 Embed sayfa içeriği alındı, boyut: 39482 karakter
🎬 Video Başlığı: Mahsun J
📝 Video Açıklaması: 2.Sezon 5.Bölüm
🎯 Tam Başlık: Mahsun J - 2.Sezon 5.Bölüm
🎯 HEX DECODE - m3u8 bulundu: https://vidlax.xyz/upload/572e1630058d25a36a1ddd9737abc734d10f/master.m3u8
      ✅ Mahsun J - 2.Sezon 5.Bölüm - 1 m3u8
   🔍 [14/21] Bölüm: https://diziyiizle2.com/mahsun-j-13/2-sezon-6-bolum/
📺 Embed URL bulundu: https://vidlax1.xyz/embed/d0a5697eb42ffd73
🔍 Embed URL kontrol ediliyor: https://vidlax1.xyz/embed/d0a5697eb42ffd73
📄 Embed sayfa içeriği alındı, boyut: 39482 karakter
🎬 Video Başlığı: Mahsun J
📝 Video Açıklaması: 2.Sezon 6.Bölüm
🎯 Tam Başlık: Mahsun J - 2.Sezon 6.Bölüm
🎯 HEX DECODE - m3u8 bulundu: https://vidlax.xyz/upload/a86c7432236da501de6c08479f13ec5b1dce/master.m3u8
      ✅ Mahsun J - 2.Sezon 6.Bölüm - 1 m3u8
   🔍 [15/21] Bölüm: https://diziyiizle2.com/mahsun-j-13/2-sezon-7-bolum/
📺 Embed URL bulundu: https://vidlax1.xyz/embed/2144c9d1743ccace
🔍 Embed URL kontrol ediliyor: https://vidlax1.xyz/embed/2144c9d1743ccace
📄 Embed sayfa içeriği alındı, boyut: 39482 karakter
🎬 Video Başlığı: Mahsun J
📝 Video Açıklaması: 2.Sezon 7.Bölüm
🎯 Tam Başlık: Mahsun J - 2.Sezon 7.Bölüm
🎯 HEX DECODE - m3u8 bulundu: https://vidlax.xyz/upload/0bbf9a9214393bc350bf860808f6f5a19c3b/master.m3u8
      ✅ Mahsun J - 2.Sezon 7.Bölüm - 1 m3u8
   🔍 [16/21] Bölüm: https://diziyiizle2.com/mahsun-j-13/2-sezon-8-bolum/
📺 Embed URL bulundu: https://vidlax1.xyz/embed/ea21e235b97b1fcc
🔍 Embed URL kontrol ediliyor: https://vidlax1.xyz/embed/ea21e235b97b1fcc
📄 Embed sayfa içeriği alındı, boyut: 39655 karakter
🎬 Video Başlığı: Mahsun J
📝 Video Açıklaması: 2.Sezon 8.Bölüm
🎯 Tam Başlık: Mahsun J - 2.Sezon 8.Bölüm
🎯 HEX DECODE - m3u8 bulundu: https://vidlax.xyz/upload/448d9b887369e0c3b1d30ab449593e1ba7db/master.m3u8
      ✅ Mahsun J - 2.Sezon 8.Bölüm - 1 m3u8
   🔍 [17/21] Bölüm: https://diziyiizle2.com/mahsun-j-13/2-sezon-9-bolum/
📺 Embed URL bulundu: https://vidlax1.xyz/embed/cc397d113f84bb67
🔍 Embed URL kontrol ediliyor: https://vidlax1.xyz/embed/cc397d113f84bb67
📄 Embed sayfa içeriği alındı, boyut: 39655 karakter
🎬 Video Başlığı: Mahsun J
📝 Video Açıklaması: 2.Sezon 9.Bölüm
🎯 Tam Başlık: Mahsun J - 2.Sezon 9.Bölüm
🎯 HEX DECODE - m3u8 bulundu: https://vidlax.xyz/upload/6e6e998b39c4fa7ec3d39af1430b9fdb45ad/master.m3u8
      ✅ Mahsun J - 2.Sezon 9.Bölüm - 1 m3u8
   🔍 [18/21] Bölüm: https://diziyiizle2.com/mahsun-j-13/2-sezon-10-bolum/
📺 Embed URL bulundu: https://vidlax1.xyz/embed/14de7ab8742ee64b
🔍 Embed URL kontrol ediliyor: https://vidlax1.xyz/embed/14de7ab8742ee64b
📄 Embed sayfa içeriği alındı, boyut: 39785 karakter
🎬 Video Başlığı: Mahsun J 
📝 Video Açıklaması: 2.Sezon 10.Bölüm
🎯 Tam Başlık: Mahsun J  - 2.Sezon 10.Bölüm
🎯 HEX DECODE - m3u8 bulundu: https://vidlax.xyz/upload/0b3cd83a307db29b14c2c1fdfb5e650d22b1/master.m3u8
      ✅ Mahsun J  - 2.Sezon 10.Bölüm - 1 m3u8
   🔍 [19/21] Bölüm: https://diziyiizle2.com/mahsun-j-13/2-sezon-11-bolum/
📺 Embed URL bulundu: https://vidlax1.xyz/embed/435c41138c45f672
🔍 Embed URL kontrol ediliyor: https://vidlax1.xyz/embed/435c41138c45f672
📄 Embed sayfa içeriği alındı, boyut: 39657 karakter
🎬 Video Başlığı: Mahsun J 
📝 Video Açıklaması: 2.Sezon 11.Bölüm
🎯 Tam Başlık: Mahsun J  - 2.Sezon 11.Bölüm
🎯 HEX DECODE - m3u8 bulundu: https://vidlax.xyz/upload/571014420e16605e96420769c331a5471094/master.m3u8
      ✅ Mahsun J  - 2.Sezon 11.Bölüm - 1 m3u8
   🔍 [20/21] Bölüm: https://diziyiizle2.com/mahsun-j-13/2-sezon-12-bolum/
📺 Embed URL bulundu: https://vidlax1.xyz/embed/359b6fb379ecace1
🔍 Embed URL kontrol ediliyor: https://vidlax1.xyz/embed/359b6fb379ecace1
📄 Embed sayfa içeriği alındı, boyut: 39656 karakter
🎬 Video Başlığı: Mahsun J
📝 Video Açıklaması: 2.Sezon 12.Bölüm
🎯 Tam Başlık: Mahsun J - 2.Sezon 12.Bölüm
🎯 HEX DECODE - m3u8 bulundu: https://vidlax.xyz/upload/108b80c7cf848171deb9eb32354dce2cc6e5/master.m3u8
      ✅ Mahsun J - 2.Sezon 12.Bölüm - 1 m3u8
   🔍 [21/21] Bölüm: https://diziyiizle2.com/mahsun-j-13/2-sezon-13-bolum/
📺 Embed URL bulundu: https://vidlax1.xyz/embed/aa0b0fc28effa7cf
🔍 Embed URL kontrol ediliyor: https://vidlax1.xyz/embed/aa0b0fc28effa7cf
📄 Embed sayfa içeriği alındı, boyut: 39677 karakter
🎬 Video Başlığı: Mahsun J
📝 Video Açıklaması: 2.Sezon 13.Bölüm
🎯 Tam Başlık: Mahsun J - 2.Sezon 13.Bölüm
🎯 HEX DECODE - m3u8 bulundu: https://vidlax.xyz/tmp-upload/8b9f1fa9f88442624534f7e4f049f3b0d0e6/master.m3u8
      ✅ Mahsun J - 2.Sezon 13.Bölüm - 1 m3u8
      📁 Dizi playlist: playlists/mahsun_j_12_playlist.m3u
   ✅ Dizi tamamlandı: 21 m3u8 eklendi

============================================================
🎬 [28/56] İşleniyor: https://diziyiizle2.com/dizi/esref-ruya-9/
📺 Bölüm bulundu: 1. Sezon 1. BölümDual23.09.2025137 dk. - https://diziyiizle2.com/esref-ruya-11/1-sezon-1-bolum/
📺 Bölüm bulundu: 1. Sezon 2. BölümDual23.09.2025116 dk. - https://diziyiizle2.com/esref-ruya-11/1-sezon-2-bolum/
📺 Bölüm bulundu: 1. Sezon 3. BölümDual23.09.2025137 dk. - https://diziyiizle2.com/esref-ruya-11/1-sezon-3-bolum/
📺 Bölüm bulundu: 1. Sezon 4. BölümDual23.09.2025134 dk. - https://diziyiizle2.com/esref-ruya-11/1-sezon-4-bolum/
📺 Bölüm bulundu: 1. Sezon 5. BölümDual23.09.2025134 dk. - https://diziyiizle2.com/esref-ruya-11/1-sezon-5-bolum/
📺 Bölüm bulundu: 1. Sezon 6. BölümDual23.09.2025137 dk. - https://diziyiizle2.com/esref-ruya-11/1-sezon-6-bolum/
📺 Bölüm bulundu: 1. Sezon 7. BölümDual23.09.2025140 dk. - https://diziyiizle2.com/esref-ruya-11/1-sezon-7-bolum/
📺 Bölüm bulundu: 1. Sezon 8. BölümDual23.09.2025134 dk. - https://diziyiizle2.com/esref-ruya-11/1-sezon-8-bolum/
📺 Bölüm bulundu: 1. Sezon 9. BölümDual23.09.2025120 dk. - https://diziyiizle2.com/esref-ruya-11/1-sezon-9-bolum/
📺 Bölüm bulundu: 1. Sezon 10. BölümDual23.09.2025144 dk. - https://diziyiizle2.com/esref-ruya-11/1-sezon-10-bolum/
📺 Bölüm bulundu: 1. Sezon 11. BölümAltyazılı23.09.2025133 dk. - https://diziyiizle2.com/esref-ruya-11/1-sezon-11-bolum/
📺 Bölüm bulundu: 1. Sezon 12. BölümDual23.09.2025129 dk. - https://diziyiizle2.com/esref-ruya-11/1-sezon-12-bolum/
📺 Bölüm bulundu: 1. Sezon 13. BölümDual23.09.2025153 dk. - https://diziyiizle2.com/esref-ruya-11/1-sezon-13-bolum/
📺 Bölüm bulundu: 2. Sezon 1. BölümDual23.09.2025156 dk. - https://diziyiizle2.com/esref-ruya-11/2-sezon-1-bolum/
📺 Bölüm bulundu: 2. Sezon 2. BölümDual25.09.2025 - https://diziyiizle2.com/esref-ruya-11/2-sezon-2-bolum/
📺 Bölüm bulundu: 2. Sezon 3. BölümDual02.10.2025 - https://diziyiizle2.com/esref-ruya-11/2-sezon-3-bolum/
📺 Bölüm bulundu: 2. Sezon 4. BölümDual09.10.2025 - https://diziyiizle2.com/esref-ruya-11/2-sezon-4-bolum/
📺 Bölüm bulundu: 2. Sezon 5. BölümDual16.10.2025120 dk. - https://diziyiizle2.com/esref-ruya-11/2-sezon-5-bolum/
📺 Bölüm bulundu: 2. Sezon 6. BölümDual23.10.2025120 dk. - https://diziyiizle2.com/esref-ruya-11/2-sezon-6-bolum/
📺 Bölüm bulundu: 2. Sezon 7. BölümAltyazılı30.10.2025120 dk. - https://diziyiizle2.com/esref-ruya-11/2-sezon-7-bolum/

📊 Toplam 20 bölüm bulundu
   🔍 [1/20] Bölüm: https://diziyiizle2.com/esref-ruya-11/1-sezon-1-bolum/
📺 Embed URL bulundu: https://vidlax1.xyz/embed/056a656cce56dbb0
🔍 Embed URL kontrol ediliyor: https://vidlax1.xyz/embed/056a656cce56dbb0
📄 Embed sayfa içeriği alındı, boyut: 39484 karakter
🎬 Video Başlığı: Eşref Rüya
📝 Video Açıklaması: 1.Sezon 1.Bölüm
🎯 Tam Başlık: Eşref Rüya - 1.Sezon 1.Bölüm
🎯 HEX DECODE - m3u8 bulundu: https://vidlax.xyz/upload/55aa9becd9c674f9db886ffade8cebc56e95/master.m3u8
      ✅ Eşref Rüya - 1.Sezon 1.Bölüm - 1 m3u8
   🔍 [2/20] Bölüm: https://diziyiizle2.com/esref-ruya-11/1-sezon-2-bolum/
📺 Embed URL bulundu: https://vidlax1.xyz/embed/0f9775173955ad7c
🔍 Embed URL kontrol ediliyor: https://vidlax1.xyz/embed/0f9775173955ad7c
📄 Embed sayfa içeriği alındı, boyut: 39484 karakter
🎬 Video Başlığı: Eşref Rüya
📝 Video Açıklaması: 1.Sezon 2.Bölüm
🎯 Tam Başlık: Eşref Rüya - 1.Sezon 2.Bölüm
🎯 HEX DECODE - m3u8 bulundu: https://vidlax.xyz/upload/fb79de0854c9fd989f451447fefdb0673056/master.m3u8
      ✅ Eşref Rüya - 1.Sezon 2.Bölüm - 1 m3u8
   🔍 [3/20] Bölüm: https://diziyiizle2.com/esref-ruya-11/1-sezon-3-bolum/
📺 Embed URL bulundu: https://vidlax1.xyz/embed/94d3f5465b6df675
🔍 Embed URL kontrol ediliyor: https://vidlax1.xyz/embed/94d3f5465b6df675
📄 Embed sayfa içeriği alındı, boyut: 39484 karakter
🎬 Video Başlığı: Eşref Rüya
📝 Video Açıklaması: 1.Sezon 3.Bölüm
🎯 Tam Başlık: Eşref Rüya - 1.Sezon 3.Bölüm
🎯 HEX DECODE - m3u8 bulundu: https://vidlax.xyz/upload/360b976ac8ecf5874b27c270152c6237ab4d/master.m3u8
      ✅ Eşref Rüya - 1.Sezon 3.Bölüm - 1 m3u8
   🔍 [4/20] Bölüm: https://diziyiizle2.com/esref-ruya-11/1-sezon-4-bolum/
📺 Embed URL bulundu: https://vidlax1.xyz/embed/254eeffdd3037114
🔍 Embed URL kontrol ediliyor: https://vidlax1.xyz/embed/254eeffdd3037114
📄 Embed sayfa içeriği alındı, boyut: 39484 karakter
🎬 Video Başlığı: Eşref Rüya
📝 Video Açıklaması: 1.Sezon 4.Bölüm
🎯 Tam Başlık: Eşref Rüya - 1.Sezon 4.Bölüm
🎯 HEX DECODE - m3u8 bulundu: https://vidlax.xyz/upload/6939347c230e21c030b49107e29b487faad2/master.m3u8
      ✅ Eşref Rüya - 1.Sezon 4.Bölüm - 1 m3u8
   🔍 [5/20] Bölüm: https://diziyiizle2.com/esref-ruya-11/1-sezon-5-bolum/
📺 Embed URL bulundu: https://vidlax1.xyz/embed/57f60093fff0ff2d
🔍 Embed URL kontrol ediliyor: https://vidlax1.xyz/embed/57f60093fff0ff2d
📄 Embed sayfa içeriği alındı, boyut: 39484 karakter
🎬 Video Başlığı: Eşref Rüya
📝 Video Açıklaması: 1.Sezon 5.Bölüm
🎯 Tam Başlık: Eşref Rüya - 1.Sezon 5.Bölüm
🎯 HEX DECODE - m3u8 bulundu: https://vidlax.xyz/upload/2220f245f9a1969f8a03fcfbc3497b3d7c6e/master.m3u8
      ✅ Eşref Rüya - 1.Sezon 5.Bölüm - 1 m3u8
   🔍 [6/20] Bölüm: https://diziyiizle2.com/esref-ruya-11/1-sezon-6-bolum/
📺 Embed URL bulundu: https://vidlax1.xyz/embed/476d3a43ab259412
🔍 Embed URL kontrol ediliyor: https://vidlax1.xyz/embed/476d3a43ab259412
📄 Embed sayfa içeriği alındı, boyut: 39484 karakter
🎬 Video Başlığı: Eşref Rüya
📝 Video Açıklaması: 1.Sezon 6.Bölüm
🎯 Tam Başlık: Eşref Rüya - 1.Sezon 6.Bölüm
🎯 HEX DECODE - m3u8 bulundu: https://vidlax.xyz/upload/e7403b4205830afd07735f08832fe3f48453/master.m3u8
      ✅ Eşref Rüya - 1.Sezon 6.Bölüm - 1 m3u8
   🔍 [7/20] Bölüm: https://diziyiizle2.com/esref-ruya-11/1-sezon-7-bolum/
📺 Embed URL bulundu: https://vidlax1.xyz/embed/9c61544c7a534cdf
🔍 Embed URL kontrol ediliyor: https://vidlax1.xyz/embed/9c61544c7a534cdf
📄 Embed sayfa içeriği alındı, boyut: 39484 karakter
🎬 Video Başlığı: Eşref Rüya
📝 Video Açıklaması: 1.Sezon 7.Bölüm
🎯 Tam Başlık: Eşref Rüya - 1.Sezon 7.Bölüm
🎯 HEX DECODE - m3u8 bulundu: https://vidlax.xyz/upload/9d808f367f961caa9afa96259205db7e3803/master.m3u8
      ✅ Eşref Rüya - 1.Sezon 7.Bölüm - 1 m3u8
   🔍 [8/20] Bölüm: https://diziyiizle2.com/esref-ruya-11/1-sezon-8-bolum/
📺 Embed URL bulundu: https://vidlax1.xyz/embed/6d5e79283b3d415b
🔍 Embed URL kontrol ediliyor: https://vidlax1.xyz/embed/6d5e79283b3d415b
📄 Embed sayfa içeriği alındı, boyut: 39484 karakter
🎬 Video Başlığı: Eşref Rüya
📝 Video Açıklaması: 1.Sezon 8.Bölüm
🎯 Tam Başlık: Eşref Rüya - 1.Sezon 8.Bölüm
🎯 HEX DECODE - m3u8 bulundu: https://vidlax.xyz/upload/ae53fc03b1a6bd9ce5151faa358f77ad676a/master.m3u8
      ✅ Eşref Rüya - 1.Sezon 8.Bölüm - 1 m3u8
   🔍 [9/20] Bölüm: https://diziyiizle2.com/esref-ruya-11/1-sezon-9-bolum/
📺 Embed URL bulundu: https://vidlax1.xyz/embed/65627e0d7ec79950
🔍 Embed URL kontrol ediliyor: https://vidlax1.xyz/embed/65627e0d7ec79950
📄 Embed sayfa içeriği alındı, boyut: 39484 karakter
🎬 Video Başlığı: Eşref Rüya
📝 Video Açıklaması: 1.Sezon 9.Bölüm
🎯 Tam Başlık: Eşref Rüya - 1.Sezon 9.Bölüm
🎯 HEX DECODE - m3u8 bulundu: https://vidlax.xyz/upload/53a27fb66a77733f75d632547415cc0c905b/master.m3u8
      ✅ Eşref Rüya - 1.Sezon 9.Bölüm - 1 m3u8
   🔍 [10/20] Bölüm: https://diziyiizle2.com/esref-ruya-11/1-sezon-10-bolum/
📺 Embed URL bulundu: https://vidlax1.xyz/embed/af8b440a0fe53dd9
🔍 Embed URL kontrol ediliyor: https://vidlax1.xyz/embed/af8b440a0fe53dd9
📄 Embed sayfa içeriği alındı, boyut: 39485 karakter
🎬 Video Başlığı: Eşref Rüya
📝 Video Açıklaması: 1.Sezon 10.Bölüm
🎯 Tam Başlık: Eşref Rüya - 1.Sezon 10.Bölüm
🎯 HEX DECODE - m3u8 bulundu: https://vidlax.xyz/upload/2456a88df60b9c237b40513c512fd5340e67/master.m3u8
      ✅ Eşref Rüya - 1.Sezon 10.Bölüm - 1 m3u8
   🔍 [11/20] Bölüm: https://diziyiizle2.com/esref-ruya-11/1-sezon-11-bolum/

🔍 Vidlax direkt analizi: https://diziyiizle2.com/esref-ruya-11/1-sezon-11-bolum/
📄 Sayfa içeriği alındı: 82302 karakter
❌ m3u8 URL'si bulunamadı
      ❌ m3u8 bulunamadı
   🔍 [12/20] Bölüm: https://diziyiizle2.com/esref-ruya-11/1-sezon-12-bolum/
📺 Embed URL bulundu: https://vidlax1.xyz/embed/7908ac5aa11f9194
🔍 Embed URL kontrol ediliyor: https://vidlax1.xyz/embed/7908ac5aa11f9194
📄 Embed sayfa içeriği alındı, boyut: 39485 karakter
🎬 Video Başlığı: Eşref Rüya
📝 Video Açıklaması: 1.Sezon 12.Bölüm
🎯 Tam Başlık: Eşref Rüya - 1.Sezon 12.Bölüm
🎯 HEX DECODE - m3u8 bulundu: https://vidlax.xyz/upload/4029c8ed1e8637fb315289fcfe8c5e81488c/master.m3u8
      ✅ Eşref Rüya - 1.Sezon 12.Bölüm - 1 m3u8
   🔍 [13/20] Bölüm: https://diziyiizle2.com/esref-ruya-11/1-sezon-13-bolum/
📺 Embed URL bulundu: https://vidlax1.xyz/embed/765f65b24fea8ecc
🔍 Embed URL kontrol ediliyor: https://vidlax1.xyz/embed/765f65b24fea8ecc
📄 Embed sayfa içeriği alındı, boyut: 39485 karakter
🎬 Video Başlığı: Eşref Rüya
📝 Video Açıklaması: 1.Sezon 13.Bölüm
🎯 Tam Başlık: Eşref Rüya - 1.Sezon 13.Bölüm
🎯 HEX DECODE - m3u8 bulundu: https://vidlax.xyz/upload/16c296b2bb4ea13897c8a95633ae6b70a4d1/master.m3u8
      ✅ Eşref Rüya - 1.Sezon 13.Bölüm - 1 m3u8
   🔍 [14/20] Bölüm: https://diziyiizle2.com/esref-ruya-11/2-sezon-1-bolum/
📺 Embed URL bulundu: https://vidlax1.xyz/embed/a0e6430e61731284
🔍 Embed URL kontrol ediliyor: https://vidlax1.xyz/embed/a0e6430e61731284
📄 Embed sayfa içeriği alındı, boyut: 39484 karakter
🎬 Video Başlığı: Eşref Rüya
📝 Video Açıklaması: 2.Sezon 1.Bölüm
🎯 Tam Başlık: Eşref Rüya - 2.Sezon 1.Bölüm
🎯 HEX DECODE - m3u8 bulundu: https://vidlax.xyz/upload/5fe807a35216b408b2358cbf8eae21d10f39/master.m3u8
      ✅ Eşref Rüya - 2.Sezon 1.Bölüm - 1 m3u8
   🔍 [15/20] Bölüm: https://diziyiizle2.com/esref-ruya-11/2-sezon-2-bolum/
📺 Embed URL bulundu: https://vidlax1.xyz/embed/27db9066dc161600
🔍 Embed URL kontrol ediliyor: https://vidlax1.xyz/embed/27db9066dc161600
📄 Embed sayfa içeriği alındı, boyut: 39484 karakter
🎬 Video Başlığı: Eşref Rüya
📝 Video Açıklaması: 2.Sezon 2.Bölüm
🎯 Tam Başlık: Eşref Rüya - 2.Sezon 2.Bölüm
🎯 HEX DECODE - m3u8 bulundu: https://vidlax.xyz/upload/e53edb63c1808c5f1b6af5095fbdae139b36/master.m3u8
      ✅ Eşref Rüya - 2.Sezon 2.Bölüm - 1 m3u8
   🔍 [16/20] Bölüm: https://diziyiizle2.com/esref-ruya-11/2-sezon-3-bolum/
📺 Embed URL bulundu: https://vidlax1.xyz/embed/2d83a1e68e6c7f40
🔍 Embed URL kontrol ediliyor: https://vidlax1.xyz/embed/2d83a1e68e6c7f40
📄 Embed sayfa içeriği alındı, boyut: 39484 karakter
🎬 Video Başlığı: Eşref Rüya
📝 Video Açıklaması: 2.Sezon 3.Bölüm
🎯 Tam Başlık: Eşref Rüya - 2.Sezon 3.Bölüm
🎯 HEX DECODE - m3u8 bulundu: https://vidlax.xyz/upload/6ca2a792a2e10a876079cd3f8a13c11256ff/master.m3u8
      ✅ Eşref Rüya - 2.Sezon 3.Bölüm - 1 m3u8
   🔍 [17/20] Bölüm: https://diziyiizle2.com/esref-ruya-11/2-sezon-4-bolum/
📺 Embed URL bulundu: https://vidlax1.xyz/embed/f6f87e5d58b66211
🔍 Embed URL kontrol ediliyor: https://vidlax1.xyz/embed/f6f87e5d58b66211
📄 Embed sayfa içeriği alındı, boyut: 39484 karakter
🎬 Video Başlığı: Eşref Rüya
📝 Video Açıklaması: 2.Sezon 4.Bölüm
🎯 Tam Başlık: Eşref Rüya - 2.Sezon 4.Bölüm
🎯 HEX DECODE - m3u8 bulundu: https://vidlax.xyz/upload/65615e9fea4f0b15ff852b678e48d9da942f/master.m3u8
      ✅ Eşref Rüya - 2.Sezon 4.Bölüm - 1 m3u8
   🔍 [18/20] Bölüm: https://diziyiizle2.com/esref-ruya-11/2-sezon-5-bolum/
📺 Embed URL bulundu: https://vidlax1.xyz/embed/9fbca2ebc62f6900
🔍 Embed URL kontrol ediliyor: https://vidlax1.xyz/embed/9fbca2ebc62f6900
📄 Embed sayfa içeriği alındı, boyut: 39605 karakter
🎬 Video Başlığı: Eşref Rüya
📝 Video Açıklaması: 18.Bölüm
🎯 Tam Başlık: Eşref Rüya - 18.Bölüm
🎯 HEX DECODE - m3u8 bulundu: https://vidlax.xyz/upload/843672d0261f55337580f8058aa9c29ec40a/master.m3u8
      ✅ Eşref Rüya - 18.Bölüm - 1 m3u8
   🔍 [19/20] Bölüm: https://diziyiizle2.com/esref-ruya-11/2-sezon-6-bolum/
📺 Embed URL bulundu: https://vidlax1.xyz/embed/e1b32e2cf57c89d3
🔍 Embed URL kontrol ediliyor: https://vidlax1.xyz/embed/e1b32e2cf57c89d3
📄 Embed sayfa içeriği alındı, boyut: 39477 karakter
🎬 Video Başlığı: Eşref Rüya
📝 Video Açıklaması: 19.Bölüm
🎯 Tam Başlık: Eşref Rüya - 19.Bölüm
🎯 HEX DECODE - m3u8 bulundu: https://vidlax.xyz/upload/4d03f12df6271cabf87d8c70fa1d680be790/master.m3u8
      ✅ Eşref Rüya - 19.Bölüm - 1 m3u8
   🔍 [20/20] Bölüm: https://diziyiizle2.com/esref-ruya-11/2-sezon-7-bolum/
📺 Embed URL bulundu: https://vidlax1.xyz/embed/e010f0ef3d5daa2c
🔍 Embed URL kontrol ediliyor: https://vidlax1.xyz/embed/e010f0ef3d5daa2c
📄 Embed sayfa içeriği alındı, boyut: 39478 karakter
🎬 Video Başlığı: Eşref Rüya
📝 Video Açıklaması: 20.Bölüm
🎯 Tam Başlık: Eşref Rüya - 20.Bölüm
🎯 HEX DECODE - m3u8 bulundu: https://vidlax.xyz/upload/4b35acaf14a5015c2e8659fbda0436192371/master.m3u8
      ✅ Eşref Rüya - 20.Bölüm - 1 m3u8
      📁 Dizi playlist: playlists/esref_ruya_9_playlist.m3u
   ✅ Dizi tamamlandı: 19 m3u8 eklendi

============================================================
🎬 [29/56] İşleniyor: https://diziyiizle2.com/dizi/gibi/
📺 Bölüm bulundu: 1. Sezon 1. BölümDual12.08.202527 dk. - https://diziyiizle2.com/gibi/1-sezon-1-bolum/
📺 Bölüm bulundu: 1. Sezon 2. BölümDual12.08.202528 dk. - https://diziyiizle2.com/gibi/1-sezon-2-bolum/
📺 Bölüm bulundu: 1. Sezon 3. BölümDublaj12.08.202530 dk. - https://diziyiizle2.com/gibi/1-sezon-3-bolum/
📺 Bölüm bulundu: 1. Sezon 4. BölümDual12.08.202541 dk. - https://diziyiizle2.com/gibi/1-sezon-4-bolum/
📺 Bölüm bulundu: 1. Sezon 5. BölümDual12.08.202538 dk. - https://diziyiizle2.com/gibi/1-sezon-5-bolum/
📺 Bölüm bulundu: 1. Sezon 6. BölümDual12.08.202530 dk. - https://diziyiizle2.com/gibi/1-sezon-6-bolum/
📺 Bölüm bulundu: 1. Sezon 7. BölümDual12.08.202542 dk. - https://diziyiizle2.com/gibi/1-sezon-7-bolum/
📺 Bölüm bulundu: 1. Sezon 8. BölümDual12.08.202530 dk. - https://diziyiizle2.com/gibi/1-sezon-8-bolum/
📺 Bölüm bulundu: 1. Sezon 9. BölümDual12.08.202538 dk. - https://diziyiizle2.com/gibi/1-sezon-9-bolum/
📺 Bölüm bulundu: 1. Sezon 10. BölümDual12.08.202535 dk. - https://diziyiizle2.com/gibi/1-sezon-10-bolum/
📺 Bölüm bulundu: 1. Sezon 11. BölümDual12.08.202531 dk. - https://diziyiizle2.com/gibi/1-sezon-11-bolum/
📺 Bölüm bulundu: 1. Sezon 12. BölümDual12.08.202534 dk. - https://diziyiizle2.com/gibi/1-sezon-12-bolum/
📺 Bölüm bulundu: 2. Sezon 1. BölümDual12.08.202546 dk. - https://diziyiizle2.com/gibi/2-sezon-1-bolum/
📺 Bölüm bulundu: 2. Sezon 2. BölümDual12.08.202540 dk. - https://diziyiizle2.com/gibi/2-sezon-2-bolum/
📺 Bölüm bulundu: 2. Sezon 3. BölümDual12.08.202547 dk. - https://diziyiizle2.com/gibi/2-sezon-3-bolum/
📺 Bölüm bulundu: 2. Sezon 4. BölümDual12.08.202554 dk. - https://diziyiizle2.com/gibi/2-sezon-4-bolum/
📺 Bölüm bulundu: 2. Sezon 5. BölümDual12.08.202540 dk. - https://diziyiizle2.com/gibi/2-sezon-5-bolum/
📺 Bölüm bulundu: 2. Sezon 6. BölümDual12.08.202542 dk. - https://diziyiizle2.com/gibi/2-sezon-6-bolum/
📺 Bölüm bulundu: 2. Sezon 7. BölümDual12.08.202543 dk. - https://diziyiizle2.com/gibi/2-sezon-7-bolum/
📺 Bölüm bulundu: 2. Sezon 8. BölümDual12.08.202534 dk. - https://diziyiizle2.com/gibi/2-sezon-8-bolum/
📺 Bölüm bulundu: 2. Sezon 9. BölümDual12.08.202536 dk. - https://diziyiizle2.com/gibi/2-sezon-9-bolum/
📺 Bölüm bulundu: 2. Sezon 10. BölümDual12.08.202548 dk. - https://diziyiizle2.com/gibi/2-sezon-10-bolum/
📺 Bölüm bulundu: 3. Sezon 1. BölümDual12.08.202561 dk. - https://diziyiizle2.com/gibi/3-sezon-1-bolum/
📺 Bölüm bulundu: 3. Sezon 2. BölümDual12.08.202555 dk. - https://diziyiizle2.com/gibi/3-sezon-2-bolum/
📺 Bölüm bulundu: 3. Sezon 3. BölümDual12.08.202543 dk. - https://diziyiizle2.com/gibi/3-sezon-3-bolum/
📺 Bölüm bulundu: 3. Sezon 4. BölümDual12.08.202551 dk. - https://diziyiizle2.com/gibi/3-sezon-4-bolum/
📺 Bölüm bulundu: 3. Sezon 5. BölümDual12.08.202545 dk. - https://diziyiizle2.com/gibi/3-sezon-5-bolum/
📺 Bölüm bulundu: 3. Sezon 6. BölümDual12.08.202553 dk. - https://diziyiizle2.com/gibi/3-sezon-6-bolum/
📺 Bölüm bulundu: 3. Sezon 7. BölümDual12.08.202541 dk. - https://diziyiizle2.com/gibi/3-sezon-7-bolum/
📺 Bölüm bulundu: 3. Sezon 8. BölümDual12.08.202545 dk. - https://diziyiizle2.com/gibi/3-sezon-8-bolum/
📺 Bölüm bulundu: 3. Sezon 9. BölümDual12.08.202541 dk. - https://diziyiizle2.com/gibi/3-sezon-9-bolum/
📺 Bölüm bulundu: 3. Sezon 10. BölümDual12.08.202535 dk. - https://diziyiizle2.com/gibi/3-sezon-10-bolum/
📺 Bölüm bulundu: 4. Sezon 1. BölümDual12.08.202548 dk. - https://diziyiizle2.com/gibi/4-sezon-1-bolum/
📺 Bölüm bulundu: 4. Sezon 2. BölümDual12.08.202543 dk. - https://diziyiizle2.com/gibi/4-sezon-2-bolum/
📺 Bölüm bulundu: 4. Sezon 3. BölümDual12.08.202553 dk. - https://diziyiizle2.com/gibi/4-sezon-3-bolum/
📺 Bölüm bulundu: 4. Sezon 4. BölümDual12.08.202554 dk. - https://diziyiizle2.com/gibi/4-sezon-4-bolum/
📺 Bölüm bulundu: 4. Sezon 5. BölümDual12.08.202547 dk. - https://diziyiizle2.com/gibi/4-sezon-5-bolum/
📺 Bölüm bulundu: 4. Sezon 6. BölümDual12.08.202546 dk. - https://diziyiizle2.com/gibi/4-sezon-6-bolum/
📺 Bölüm bulundu: 4. Sezon 7. BölümDual12.08.202541 dk. - https://diziyiizle2.com/gibi/4-sezon-7-bolum/
📺 Bölüm bulundu: 4. Sezon 8. BölümDual12.08.202541 dk. - https://diziyiizle2.com/gibi/4-sezon-8-bolum/
📺 Bölüm bulundu: 4. Sezon 9. BölümDual12.08.202531 dk. - https://diziyiizle2.com/gibi/4-sezon-9-bolum/
📺 Bölüm bulundu: 4. Sezon 10. BölümDual12.08.202556 dk. - https://diziyiizle2.com/gibi/4-sezon-10-bolum/
📺 Bölüm bulundu: 5. Sezon 1. BölümDual12.08.202540 dk. - https://diziyiizle2.com/gibi/5-sezon-1-bolum/
📺 Bölüm bulundu: 5. Sezon 2. BölümDual12.08.202546 dk. - https://diziyiizle2.com/gibi/5-sezon-2-bolum/
📺 Bölüm bulundu: 5. Sezon 3. BölümDual12.08.202541 dk. - https://diziyiizle2.com/gibi/5-sezon-3-bolum/
📺 Bölüm bulundu: 5. Sezon 4. BölümDual12.08.202543 dk. - https://diziyiizle2.com/gibi/5-sezon-4-bolum/
📺 Bölüm bulundu: 5. Sezon 5. BölümDual12.08.202554 dk. - https://diziyiizle2.com/gibi/5-sezon-5-bolum/
📺 Bölüm bulundu: 5. Sezon 6. BölümDual12.08.202545 dk. - https://diziyiizle2.com/gibi/5-sezon-6-bolum/
📺 Bölüm bulundu: 5. Sezon 7. BölümDual12.08.202536 dk. - https://diziyiizle2.com/gibi/5-sezon-7-bolum/
📺 Bölüm bulundu: 5. Sezon 8. BölümDual12.08.202543 dk. - https://diziyiizle2.com/gibi/5-sezon-8-bolum/
📺 Bölüm bulundu: 5. Sezon 9. BölümDual12.08.202546 dk. - https://diziyiizle2.com/gibi/5-sezon-9-bolum/
📺 Bölüm bulundu: 5. Sezon 10. BölümDual12.08.202540 dk. - https://diziyiizle2.com/gibi/5-sezon-10-bolum/
📺 Bölüm bulundu: 5. Sezon 11. BölümDual12.08.202536 dk. - https://diziyiizle2.com/gibi/5-sezon-11-bolum/
📺 Bölüm bulundu: 5. Sezon 12. BölümDual12.08.202546 dk. - https://diziyiizle2.com/gibi/5-sezon-12-bolum/
📺 Bölüm bulundu: 5. Sezon 13. BölümDual12.08.202551 dk. - https://diziyiizle2.com/gibi/5-sezon-13-bolum/
📺 Bölüm bulundu: 6. Sezon 1. BölümDual12.08.202552 dk. - https://diziyiizle2.com/gibi/6-sezon-1-bolum/
📺 Bölüm bulundu: 6. Sezon 2. BölümDual12.08.202546 dk. - https://diziyiizle2.com/gibi/6-sezon-2-bolum/
📺 Bölüm bulundu: 6. Sezon 3. BölümDual12.08.202550 dk. - https://diziyiizle2.com/gibi/6-sezon-3-bolum/
📺 Bölüm bulundu: 6. Sezon 4. BölümDual12.08.202546 dk. - https://diziyiizle2.com/gibi/6-sezon-4-bolum/
📺 Bölüm bulundu: 6. Sezon 5. BölümDual12.08.202553 dk. - https://diziyiizle2.com/gibi/6-sezon-5-bolum/
📺 Bölüm bulundu: 6. Sezon 6. BölümDual12.08.202553 dk. - https://diziyiizle2.com/gibi/6-sezon-6-bolum/
📺 Bölüm bulundu: 6. Sezon 7. BölümDual12.08.202550 dk. - https://diziyiizle2.com/gibi/6-sezon-7-bolum/
📺 Bölüm bulundu: 6. Sezon 8. BölümDual12.08.202560 dk. - https://diziyiizle2.com/gibi/6-sezon-8-bolum/
📺 Bölüm bulundu: 6. Sezon 9. BölümDual12.08.202563 dk. - https://diziyiizle2.com/gibi/6-sezon-9-bolum/
📺 Bölüm bulundu: 6. Sezon 10. BölümDual12.08.202554 dk. - https://diziyiizle2.com/gibi/6-sezon-10-bolum/
📺 Bölüm bulundu: 6. Sezon 11. BölümDual12.08.202547 dk. - https://diziyiizle2.com/gibi/6-sezon-11-bolum/
📺 Bölüm bulundu: 6. Sezon 12. BölümDual12.08.202557 dk. - https://diziyiizle2.com/gibi/6-sezon-12-bolum/
📺 Bölüm bulundu: 6. Sezon 13. BölümDual12.08.202565 dk. - https://diziyiizle2.com/gibi/6-sezon-13-bolum/

📊 Toplam 68 bölüm bulundu
   🔍 [1/68] Bölüm: https://diziyiizle2.com/gibi/1-sezon-1-bolum/
📺 Embed URL bulundu: https://vidlax1.xyz/embed/90a2681d2278fdf1
🔍 Embed URL kontrol ediliyor: https://vidlax1.xyz/embed/90a2681d2278fdf1
📄 Embed sayfa içeriği alındı, boyut: 39478 karakter
🎬 Video Başlığı: Gibi
📝 Video Açıklaması: 1.Sezon 1.Bölüm
🎯 Tam Başlık: Gibi - 1.Sezon 1.Bölüm
🎯 HEX DECODE - m3u8 bulundu: https://vidlax.xyz/upload/ef9aeb59f3bd5b5e820c6c14bb75df60a7d0/master.m3u8
      ✅ Gibi - 1.Sezon 1.Bölüm - 1 m3u8
   🔍 [2/68] Bölüm: https://diziyiizle2.com/gibi/1-sezon-2-bolum/
📺 Embed URL bulundu: https://vidlax1.xyz/embed/4e075322d5ef47cc
🔍 Embed URL kontrol ediliyor: https://vidlax1.xyz/embed/4e075322d5ef47cc
📄 Embed sayfa içeriği alındı, boyut: 39478 karakter
🎬 Video Başlığı: Gibi
📝 Video Açıklaması: 1.Sezon 2.Bölüm
🎯 Tam Başlık: Gibi - 1.Sezon 2.Bölüm
🎯 HEX DECODE - m3u8 bulundu: https://vidlax.xyz/upload/699d95f1328f23c0ffa92e110a7fd4111c53/master.m3u8
      ✅ Gibi - 1.Sezon 2.Bölüm - 1 m3u8
   🔍 [3/68] Bölüm: https://diziyiizle2.com/gibi/1-sezon-3-bolum/
📺 Embed URL bulundu: https://vidlax1.xyz/embed/c2f2c09068692f3b
🔍 Embed URL kontrol ediliyor: https://vidlax1.xyz/embed/c2f2c09068692f3b
📄 Embed sayfa içeriği alındı, boyut: 39478 karakter
🎬 Video Başlığı: Gibi
📝 Video Açıklaması: 1.Sezon 3.Bölüm
🎯 Tam Başlık: Gibi - 1.Sezon 3.Bölüm
🎯 HEX DECODE - m3u8 bulundu: https://vidlax.xyz/upload/5d8dc4f3335d040275bc23cfad3b1566ef59/master.m3u8
      ✅ Gibi - 1.Sezon 3.Bölüm - 1 m3u8
   🔍 [4/68] Bölüm: https://diziyiizle2.com/gibi/1-sezon-4-bolum/
📺 Embed URL bulundu: https://vidlax1.xyz/embed/865b9144fd3bad4d
🔍 Embed URL kontrol ediliyor: https://vidlax1.xyz/embed/865b9144fd3bad4d
📄 Embed sayfa içeriği alındı, boyut: 39478 karakter
🎬 Video Başlığı: Gibi
📝 Video Açıklaması: 1.Sezon 4.Bölüm
🎯 Tam Başlık: Gibi - 1.Sezon 4.Bölüm
🎯 HEX DECODE - m3u8 bulundu: https://vidlax.xyz/upload/2a483a6f37b3b6ceb36aac1e6e23a895b13d/master.m3u8
      ✅ Gibi - 1.Sezon 4.Bölüm - 1 m3u8
   🔍 [5/68] Bölüm: https://diziyiizle2.com/gibi/1-sezon-5-bolum/
📺 Embed URL bulundu: https://vidlax1.xyz/embed/c31aed902dbff06a
🔍 Embed URL kontrol ediliyor: https://vidlax1.xyz/embed/c31aed902dbff06a
📄 Embed sayfa içeriği alındı, boyut: 39478 karakter
🎬 Video Başlığı: Gibi
📝 Video Açıklaması: 1.Sezon 5.Bölüm
🎯 Tam Başlık: Gibi - 1.Sezon 5.Bölüm
🎯 HEX DECODE - m3u8 bulundu: https://vidlax.xyz/upload/2d9cff10f68a10a6d3b97ea7e1cb1f823d64/master.m3u8
      ✅ Gibi - 1.Sezon 5.Bölüm - 1 m3u8
   🔍 [6/68] Bölüm: https://diziyiizle2.com/gibi/1-sezon-6-bolum/
📺 Embed URL bulundu: https://vidlax1.xyz/embed/afa8b399b3a1e6e6
🔍 Embed URL kontrol ediliyor: https://vidlax1.xyz/embed/afa8b399b3a1e6e6
📄 Embed sayfa içeriği alındı, boyut: 39478 karakter
🎬 Video Başlığı: Gibi
📝 Video Açıklaması: 1.Sezon 6.Bölüm
🎯 Tam Başlık: Gibi - 1.Sezon 6.Bölüm
🎯 HEX DECODE - m3u8 bulundu: https://vidlax.xyz/upload/8712a71444da9b26baf65bb6826a6613816f/master.m3u8
      ✅ Gibi - 1.Sezon 6.Bölüm - 1 m3u8
   🔍 [7/68] Bölüm: https://diziyiizle2.com/gibi/1-sezon-7-bolum/
📺 Embed URL bulundu: https://vidlax1.xyz/embed/35e67334014730af
🔍 Embed URL kontrol ediliyor: https://vidlax1.xyz/embed/35e67334014730af
📄 Embed sayfa içeriği alındı, boyut: 39478 karakter
🎬 Video Başlığı: Gibi
📝 Video Açıklaması: 1.Sezon 7.Bölüm
🎯 Tam Başlık: Gibi - 1.Sezon 7.Bölüm
🎯 HEX DECODE - m3u8 bulundu: https://vidlax.xyz/upload/258af434f1fd58d09b54da5e439a1d2adfc5/master.m3u8
      ✅ Gibi - 1.Sezon 7.Bölüm - 1 m3u8
   🔍 [8/68] Bölüm: https://diziyiizle2.com/gibi/1-sezon-8-bolum/
📺 Embed URL bulundu: https://vidlax1.xyz/embed/e724ef40e2b0b452
🔍 Embed URL kontrol ediliyor: https://vidlax1.xyz/embed/e724ef40e2b0b452
📄 Embed sayfa içeriği alındı, boyut: 39478 karakter
🎬 Video Başlığı: Gibi
📝 Video Açıklaması: 1.Sezon 8.Bölüm
🎯 Tam Başlık: Gibi - 1.Sezon 8.Bölüm
🎯 HEX DECODE - m3u8 bulundu: https://vidlax.xyz/upload/6da913ee7e1428243056216c3641ce119343/master.m3u8
      ✅ Gibi - 1.Sezon 8.Bölüm - 1 m3u8
   🔍 [9/68] Bölüm: https://diziyiizle2.com/gibi/1-sezon-9-bolum/
📺 Embed URL bulundu: https://vidlax1.xyz/embed/0e00572d24b29f58
🔍 Embed URL kontrol ediliyor: https://vidlax1.xyz/embed/0e00572d24b29f58
📄 Embed sayfa içeriği alındı, boyut: 39478 karakter
🎬 Video Başlığı: Gibi
📝 Video Açıklaması: 1.Sezon 9.Bölüm
🎯 Tam Başlık: Gibi - 1.Sezon 9.Bölüm
🎯 HEX DECODE - m3u8 bulundu: https://vidlax.xyz/upload/5f1ca55c8c1df66875fb16eec2761b17f481/master.m3u8
      ✅ Gibi - 1.Sezon 9.Bölüm - 1 m3u8
   🔍 [10/68] Bölüm: https://diziyiizle2.com/gibi/1-sezon-10-bolum/
📺 Embed URL bulundu: https://vidlax1.xyz/embed/d61f4e168bf21cde
🔍 Embed URL kontrol ediliyor: https://vidlax1.xyz/embed/d61f4e168bf21cde
📄 Embed sayfa içeriği alındı, boyut: 39479 karakter
🎬 Video Başlığı: Gibi
📝 Video Açıklaması: 1.Sezon 10.Bölüm
🎯 Tam Başlık: Gibi - 1.Sezon 10.Bölüm
🎯 HEX DECODE - m3u8 bulundu: https://vidlax.xyz/upload/653870feba4946fc92e4e7d3e7c5d4b82373/master.m3u8
      ✅ Gibi - 1.Sezon 10.Bölüm - 1 m3u8
   🔍 [11/68] Bölüm: https://diziyiizle2.com/gibi/1-sezon-11-bolum/
📺 Embed URL bulundu: https://vidlax1.xyz/embed/d055fd5136719204
🔍 Embed URL kontrol ediliyor: https://vidlax1.xyz/embed/d055fd5136719204
📄 Embed sayfa içeriği alındı, boyut: 39479 karakter
🎬 Video Başlığı: Gibi
📝 Video Açıklaması: 1.Sezon 11.Bölüm
🎯 Tam Başlık: Gibi - 1.Sezon 11.Bölüm
🎯 HEX DECODE - m3u8 bulundu: https://vidlax.xyz/upload/e750f9409cc09608573733e45cbd623056e1/master.m3u8
      ✅ Gibi - 1.Sezon 11.Bölüm - 1 m3u8
   🔍 [12/68] Bölüm: https://diziyiizle2.com/gibi/1-sezon-12-bolum/
📺 Embed URL bulundu: https://vidlax1.xyz/embed/c8ab47b0491b9c86
🔍 Embed URL kontrol ediliyor: https://vidlax1.xyz/embed/c8ab47b0491b9c86
📄 Embed sayfa içeriği alındı, boyut: 39479 karakter
🎬 Video Başlığı: Gibi
📝 Video Açıklaması: 1.Sezon 12.Bölüm
🎯 Tam Başlık: Gibi - 1.Sezon 12.Bölüm
🎯 HEX DECODE - m3u8 bulundu: https://vidlax.xyz/upload/38b48e94a0518e69785e1e9040e08a54915a/master.m3u8
      ✅ Gibi - 1.Sezon 12.Bölüm - 1 m3u8
   🔍 [13/68] Bölüm: https://diziyiizle2.com/gibi/2-sezon-1-bolum/
📺 Embed URL bulundu: https://vidlax1.xyz/embed/b59f7af78be03e36
🔍 Embed URL kontrol ediliyor: https://vidlax1.xyz/embed/b59f7af78be03e36
📄 Embed sayfa içeriği alındı, boyut: 39478 karakter
🎬 Video Başlığı: Gibi
📝 Video Açıklaması: 2.Sezon 1.Bölüm
🎯 Tam Başlık: Gibi - 2.Sezon 1.Bölüm
🎯 HEX DECODE - m3u8 bulundu: https://vidlax.xyz/upload/a4ad52687e17e5a0fa0abc63bb7ed06512bb/master.m3u8
      ✅ Gibi - 2.Sezon 1.Bölüm - 1 m3u8
   🔍 [14/68] Bölüm: https://diziyiizle2.com/gibi/2-sezon-2-bolum/
📺 Embed URL bulundu: https://vidlax1.xyz/embed/584039877777d669
🔍 Embed URL kontrol ediliyor: https://vidlax1.xyz/embed/584039877777d669
📄 Embed sayfa içeriği alındı, boyut: 39478 karakter
🎬 Video Başlığı: Gibi
📝 Video Açıklaması: 2.Sezon 2.Bölüm
🎯 Tam Başlık: Gibi - 2.Sezon 2.Bölüm
🎯 HEX DECODE - m3u8 bulundu: https://vidlax.xyz/upload/111ff461803464d35e23caab9601b1f0a3e7/master.m3u8
      ✅ Gibi - 2.Sezon 2.Bölüm - 1 m3u8
   🔍 [15/68] Bölüm: https://diziyiizle2.com/gibi/2-sezon-3-bolum/
📺 Embed URL bulundu: https://vidlax1.xyz/embed/f791a577f7278af1
🔍 Embed URL kontrol ediliyor: https://vidlax1.xyz/embed/f791a577f7278af1
📄 Embed sayfa içeriği alındı, boyut: 39478 karakter
🎬 Video Başlığı: Gibi
📝 Video Açıklaması: 2.Sezon 3.Bölüm
🎯 Tam Başlık: Gibi - 2.Sezon 3.Bölüm
🎯 HEX DECODE - m3u8 bulundu: https://vidlax.xyz/upload/e1fd59852feb95b42f47eb3c348a6165f3a2/master.m3u8
      ✅ Gibi - 2.Sezon 3.Bölüm - 1 m3u8
   🔍 [16/68] Bölüm: https://diziyiizle2.com/gibi/2-sezon-4-bolum/
📺 Embed URL bulundu: https://vidlax1.xyz/embed/01650357aaedf3a4
🔍 Embed URL kontrol ediliyor: https://vidlax1.xyz/embed/01650357aaedf3a4
📄 Embed sayfa içeriği alındı, boyut: 39478 karakter
🎬 Video Başlığı: Gibi
📝 Video Açıklaması: 2.Sezon 4.Bölüm
🎯 Tam Başlık: Gibi - 2.Sezon 4.Bölüm
🎯 HEX DECODE - m3u8 bulundu: https://vidlax.xyz/upload/c0a6eeaf28693b88a0323b20ceb9500a422e/master.m3u8
      ✅ Gibi - 2.Sezon 4.Bölüm - 1 m3u8
   🔍 [17/68] Bölüm: https://diziyiizle2.com/gibi/2-sezon-5-bolum/
📺 Embed URL bulundu: https://vidlax1.xyz/embed/6fa89742d7c3509d
🔍 Embed URL kontrol ediliyor: https://vidlax1.xyz/embed/6fa89742d7c3509d
📄 Embed sayfa içeriği alındı, boyut: 39478 karakter
🎬 Video Başlığı: Gibi
📝 Video Açıklaması: 2.Sezon 5.Bölüm
🎯 Tam Başlık: Gibi - 2.Sezon 5.Bölüm
🎯 HEX DECODE - m3u8 bulundu: https://vidlax.xyz/upload/aebfd91b0f2617f6632366fe022f4075fbb0/master.m3u8
      ✅ Gibi - 2.Sezon 5.Bölüm - 1 m3u8
   🔍 [18/68] Bölüm: https://diziyiizle2.com/gibi/2-sezon-6-bolum/
📺 Embed URL bulundu: https://vidlax1.xyz/embed/3682243a0f3b17f3
🔍 Embed URL kontrol ediliyor: https://vidlax1.xyz/embed/3682243a0f3b17f3
📄 Embed sayfa içeriği alındı, boyut: 39478 karakter
🎬 Video Başlığı: Gibi
📝 Video Açıklaması: 2.Sezon 6.Bölüm
🎯 Tam Başlık: Gibi - 2.Sezon 6.Bölüm
🎯 HEX DECODE - m3u8 bulundu: https://vidlax.xyz/upload/62d4d7081eae822a6aeeca3359319f23953f/master.m3u8
      ✅ Gibi - 2.Sezon 6.Bölüm - 1 m3u8
   🔍 [19/68] Bölüm: https://diziyiizle2.com/gibi/2-sezon-7-bolum/
📺 Embed URL bulundu: https://vidlax1.xyz/embed/81f4203b6ec9f365
🔍 Embed URL kontrol ediliyor: https://vidlax1.xyz/embed/81f4203b6ec9f365
📄 Embed sayfa içeriği alındı, boyut: 39478 karakter
🎬 Video Başlığı: Gibi
📝 Video Açıklaması: 2.Sezon 7.Bölüm
🎯 Tam Başlık: Gibi - 2.Sezon 7.Bölüm
🎯 HEX DECODE - m3u8 bulundu: https://vidlax.xyz/upload/ac6a06bf64898e585a300786da37649785df/master.m3u8
      ✅ Gibi - 2.Sezon 7.Bölüm - 1 m3u8
   🔍 [20/68] Bölüm: https://diziyiizle2.com/gibi/2-sezon-8-bolum/
📺 Embed URL bulundu: https://vidlax1.xyz/embed/17c5d0fc9129afe4
🔍 Embed URL kontrol ediliyor: https://vidlax1.xyz/embed/17c5d0fc9129afe4
📄 Embed sayfa içeriği alındı, boyut: 39478 karakter
🎬 Video Başlığı: Gibi
📝 Video Açıklaması: 2.Sezon 8.Bölüm
🎯 Tam Başlık: Gibi - 2.Sezon 8.Bölüm
🎯 HEX DECODE - m3u8 bulundu: https://vidlax.xyz/upload/16a48775e2f3f44b5a80a668a0ba8c24e7f0/master.m3u8
      ✅ Gibi - 2.Sezon 8.Bölüm - 1 m3u8
   🔍 [21/68] Bölüm: https://diziyiizle2.com/gibi/2-sezon-9-bolum/
📺 Embed URL bulundu: https://vidlax1.xyz/embed/716f550556066b99
🔍 Embed URL kontrol ediliyor: https://vidlax1.xyz/embed/716f550556066b99
📄 Embed sayfa içeriği alındı, boyut: 39478 karakter
🎬 Video Başlığı: Gibi
📝 Video Açıklaması: 2.Sezon 9.Bölüm
🎯 Tam Başlık: Gibi - 2.Sezon 9.Bölüm
🎯 HEX DECODE - m3u8 bulundu: https://vidlax.xyz/upload/0785813b75b486ee1ffe3d59553d52f9c14b/master.m3u8
      ✅ Gibi - 2.Sezon 9.Bölüm - 1 m3u8
   🔍 [22/68] Bölüm: https://diziyiizle2.com/gibi/2-sezon-10-bolum/
📺 Embed URL bulundu: https://vidlax1.xyz/embed/daa7f7ec4789d3a6
🔍 Embed URL kontrol ediliyor: https://vidlax1.xyz/embed/daa7f7ec4789d3a6
📄 Embed sayfa içeriği alındı, boyut: 39479 karakter
🎬 Video Başlığı: Gibi
📝 Video Açıklaması: 2.Sezon 10.Bölüm
🎯 Tam Başlık: Gibi - 2.Sezon 10.Bölüm
🎯 HEX DECODE - m3u8 bulundu: https://vidlax.xyz/upload/ed3ef6eebdce4783eaf5eb6a2a4d64761e35/master.m3u8
      ✅ Gibi - 2.Sezon 10.Bölüm - 1 m3u8
   🔍 [23/68] Bölüm: https://diziyiizle2.com/gibi/3-sezon-1-bolum/
📺 Embed URL bulundu: https://vidlax1.xyz/embed/40175853001265ae
🔍 Embed URL kontrol ediliyor: https://vidlax1.xyz/embed/40175853001265ae
📄 Embed sayfa içeriği alındı, boyut: 39478 karakter
🎬 Video Başlığı: Gibi
📝 Video Açıklaması: 3.Sezon 1.Bölüm
🎯 Tam Başlık: Gibi - 3.Sezon 1.Bölüm
🎯 HEX DECODE - m3u8 bulundu: https://vidlax.xyz/upload/8ad0841fb805b8bc5cd37285a4f7da09bf85/master.m3u8
      ✅ Gibi - 3.Sezon 1.Bölüm - 1 m3u8
   🔍 [24/68] Bölüm: https://diziyiizle2.com/gibi/3-sezon-2-bolum/
📺 Embed URL bulundu: https://vidlax1.xyz/embed/18e22f7bf3081078
🔍 Embed URL kontrol ediliyor: https://vidlax1.xyz/embed/18e22f7bf3081078
📄 Embed sayfa içeriği alındı, boyut: 39478 karakter
🎬 Video Başlığı: Gibi
📝 Video Açıklaması: 3.Sezon 2.Bölüm
🎯 Tam Başlık: Gibi - 3.Sezon 2.Bölüm
🎯 HEX DECODE - m3u8 bulundu: https://vidlax.xyz/upload/2deee2459408a0e63da10470b28f0a16b2fd/master.m3u8
      ✅ Gibi - 3.Sezon 2.Bölüm - 1 m3u8
   🔍 [25/68] Bölüm: https://diziyiizle2.com/gibi/3-sezon-3-bolum/
📺 Embed URL bulundu: https://vidlax1.xyz/embed/f38cc73133e0d429
🔍 Embed URL kontrol ediliyor: https://vidlax1.xyz/embed/f38cc73133e0d429
📄 Embed sayfa içeriği alındı, boyut: 39478 karakter
🎬 Video Başlığı: Gibi
📝 Video Açıklaması: 3.Sezon 3.Bölüm
🎯 Tam Başlık: Gibi - 3.Sezon 3.Bölüm
🎯 HEX DECODE - m3u8 bulundu: https://vidlax.xyz/upload/99bbf2b4d06fc6122e314f42d5b2ba83ed28/master.m3u8
      ✅ Gibi - 3.Sezon 3.Bölüm - 1 m3u8
   🔍 [26/68] Bölüm: https://diziyiizle2.com/gibi/3-sezon-4-bolum/
📺 Embed URL bulundu: https://vidlax1.xyz/embed/3de785a506e682c0
🔍 Embed URL kontrol ediliyor: https://vidlax1.xyz/embed/3de785a506e682c0
📄 Embed sayfa içeriği alındı, boyut: 39478 karakter
🎬 Video Başlığı: Gibi
📝 Video Açıklaması: 3.Sezon 4.Bölüm
🎯 Tam Başlık: Gibi - 3.Sezon 4.Bölüm
🎯 HEX DECODE - m3u8 bulundu: https://vidlax.xyz/upload/7e227b83c771b9cc62f9d596f3d052ec00c2/master.m3u8
      ✅ Gibi - 3.Sezon 4.Bölüm - 1 m3u8
   🔍 [27/68] Bölüm: https://diziyiizle2.com/gibi/3-sezon-5-bolum/
📺 Embed URL bulundu: https://vidlax1.xyz/embed/073b1c78a264d0bd
🔍 Embed URL kontrol ediliyor: https://vidlax1.xyz/embed/073b1c78a264d0bd
📄 Embed sayfa içeriği alındı, boyut: 39478 karakter
🎬 Video Başlığı: Gibi
📝 Video Açıklaması: 3.Sezon 5.Bölüm
🎯 Tam Başlık: Gibi - 3.Sezon 5.Bölüm
🎯 HEX DECODE - m3u8 bulundu: https://vidlax.xyz/upload/a7d832fbbcefbce452a3992c1d083594dde2/master.m3u8
      ✅ Gibi - 3.Sezon 5.Bölüm - 1 m3u8
   🔍 [28/68] Bölüm: https://diziyiizle2.com/gibi/3-sezon-6-bolum/
📺 Embed URL bulundu: https://vidlax1.xyz/embed/439d9da302327a36
🔍 Embed URL kontrol ediliyor: https://vidlax1.xyz/embed/439d9da302327a36
📄 Embed sayfa içeriği alındı, boyut: 39478 karakter
🎬 Video Başlığı: Gibi
📝 Video Açıklaması: 3.Sezon 6.Bölüm
🎯 Tam Başlık: Gibi - 3.Sezon 6.Bölüm
🎯 HEX DECODE - m3u8 bulundu: https://vidlax.xyz/upload/fd0fbff41fbacdad2d620c85b87232c8613e/master.m3u8
      ✅ Gibi - 3.Sezon 6.Bölüm - 1 m3u8
   🔍 [29/68] Bölüm: https://diziyiizle2.com/gibi/3-sezon-7-bolum/
📺 Embed URL bulundu: https://vidlax1.xyz/embed/1e54d2c333fb7cd2
🔍 Embed URL kontrol ediliyor: https://vidlax1.xyz/embed/1e54d2c333fb7cd2
📄 Embed sayfa içeriği alındı, boyut: 39478 karakter
🎬 Video Başlığı: Gibi
📝 Video Açıklaması: 3.Sezon 7.Bölüm
🎯 Tam Başlık: Gibi - 3.Sezon 7.Bölüm
🎯 HEX DECODE - m3u8 bulundu: https://vidlax.xyz/upload/eb3ca7a83425093212b9600c0896fceac6c8/master.m3u8
      ✅ Gibi - 3.Sezon 7.Bölüm - 1 m3u8
   🔍 [30/68] Bölüm: https://diziyiizle2.com/gibi/3-sezon-8-bolum/
📺 Embed URL bulundu: https://vidlax1.xyz/embed/98cf2dbcbbdf5322
🔍 Embed URL kontrol ediliyor: https://vidlax1.xyz/embed/98cf2dbcbbdf5322
📄 Embed sayfa içeriği alındı, boyut: 39478 karakter
🎬 Video Başlığı: Gibi
📝 Video Açıklaması: 3.Sezon 8.Bölüm
🎯 Tam Başlık: Gibi - 3.Sezon 8.Bölüm
🎯 HEX DECODE - m3u8 bulundu: https://vidlax.xyz/upload/7a5353e486285e16b00a55d72a00c908db57/master.m3u8
      ✅ Gibi - 3.Sezon 8.Bölüm - 1 m3u8
   🔍 [31/68] Bölüm: https://diziyiizle2.com/gibi/3-sezon-9-bolum/
📺 Embed URL bulundu: https://vidlax1.xyz/embed/80783f002a46dc80
🔍 Embed URL kontrol ediliyor: https://vidlax1.xyz/embed/80783f002a46dc80
📄 Embed sayfa içeriği alındı, boyut: 39478 karakter
🎬 Video Başlığı: Gibi
📝 Video Açıklaması: 3.Sezon 9.Bölüm
🎯 Tam Başlık: Gibi - 3.Sezon 9.Bölüm
🎯 HEX DECODE - m3u8 bulundu: https://vidlax.xyz/upload/ad5fbdc066b0a31127f95f39d18fcce4e2e8/master.m3u8
      ✅ Gibi - 3.Sezon 9.Bölüm - 1 m3u8
   🔍 [32/68] Bölüm: https://diziyiizle2.com/gibi/3-sezon-10-bolum/
📺 Embed URL bulundu: https://vidlax1.xyz/embed/154110125d2b51fa
🔍 Embed URL kontrol ediliyor: https://vidlax1.xyz/embed/154110125d2b51fa
📄 Embed sayfa içeriği alındı, boyut: 39479 karakter
🎬 Video Başlığı: Gibi
📝 Video Açıklaması: 3.Sezon 10.Bölüm
🎯 Tam Başlık: Gibi - 3.Sezon 10.Bölüm
🎯 HEX DECODE - m3u8 bulundu: https://vidlax.xyz/upload/7706338cbbce2ce582fa15722f1e5a002d67/master.m3u8
      ✅ Gibi - 3.Sezon 10.Bölüm - 1 m3u8
   🔍 [33/68] Bölüm: https://diziyiizle2.com/gibi/4-sezon-1-bolum/
📺 Embed URL bulundu: https://vidlax1.xyz/embed/be87c45ed71b3c37
🔍 Embed URL kontrol ediliyor: https://vidlax1.xyz/embed/be87c45ed71b3c37
📄 Embed sayfa içeriği alındı, boyut: 39478 karakter
🎬 Video Başlığı: Gibi
📝 Video Açıklaması: 4.Sezon 1.Bölüm
🎯 Tam Başlık: Gibi - 4.Sezon 1.Bölüm
🎯 HEX DECODE - m3u8 bulundu: https://vidlax.xyz/upload/fdb702d592afd9a76967f43b5c0aa5b64f3a/master.m3u8
      ✅ Gibi - 4.Sezon 1.Bölüm - 1 m3u8
   🔍 [34/68] Bölüm: https://diziyiizle2.com/gibi/4-sezon-2-bolum/
📺 Embed URL bulundu: https://vidlax1.xyz/embed/6b4d085157bb7545
🔍 Embed URL kontrol ediliyor: https://vidlax1.xyz/embed/6b4d085157bb7545
📄 Embed sayfa içeriği alındı, boyut: 39478 karakter
🎬 Video Başlığı: Gibi
📝 Video Açıklaması: 4.Sezon 2.Bölüm
🎯 Tam Başlık: Gibi - 4.Sezon 2.Bölüm
🎯 HEX DECODE - m3u8 bulundu: https://vidlax.xyz/upload/e0a903e8818512e04af4643fe85be01639e6/master.m3u8
      ✅ Gibi - 4.Sezon 2.Bölüm - 1 m3u8
   🔍 [35/68] Bölüm: https://diziyiizle2.com/gibi/4-sezon-3-bolum/
📺 Embed URL bulundu: https://vidlax1.xyz/embed/eb1dea0853adbb77
🔍 Embed URL kontrol ediliyor: https://vidlax1.xyz/embed/eb1dea0853adbb77
📄 Embed sayfa içeriği alındı, boyut: 39478 karakter
🎬 Video Başlığı: Gibi
📝 Video Açıklaması: 4.Sezon 3.Bölüm
🎯 Tam Başlık: Gibi - 4.Sezon 3.Bölüm
🎯 HEX DECODE - m3u8 bulundu: https://vidlax.xyz/upload/8229cd423830a6f563ee2860b3a1d4a66ffa/master.m3u8
      ✅ Gibi - 4.Sezon 3.Bölüm - 1 m3u8
   🔍 [36/68] Bölüm: https://diziyiizle2.com/gibi/4-sezon-4-bolum/
📺 Embed URL bulundu: https://vidlax1.xyz/embed/bcfb4dc2f95cd9ad
🔍 Embed URL kontrol ediliyor: https://vidlax1.xyz/embed/bcfb4dc2f95cd9ad
📄 Embed sayfa içeriği alındı, boyut: 39478 karakter
🎬 Video Başlığı: Gibi
📝 Video Açıklaması: 4.Sezon 4.Bölüm
🎯 Tam Başlık: Gibi - 4.Sezon 4.Bölüm
🎯 HEX DECODE - m3u8 bulundu: https://vidlax.xyz/upload/c6c6bc3193d0e59aed452527cd994e2e848b/master.m3u8
      ✅ Gibi - 4.Sezon 4.Bölüm - 1 m3u8
   🔍 [37/68] Bölüm: https://diziyiizle2.com/gibi/4-sezon-5-bolum/
📺 Embed URL bulundu: https://vidlax1.xyz/embed/534567552743c045
🔍 Embed URL kontrol ediliyor: https://vidlax1.xyz/embed/534567552743c045
📄 Embed sayfa içeriği alındı, boyut: 39478 karakter
🎬 Video Başlığı: Gibi
📝 Video Açıklaması: 4.Sezon 5.Bölüm
🎯 Tam Başlık: Gibi - 4.Sezon 5.Bölüm
🎯 HEX DECODE - m3u8 bulundu: https://vidlax.xyz/upload/22c71f21dac50d56c7a1976deb5e2283aa5a/master.m3u8
      ✅ Gibi - 4.Sezon 5.Bölüm - 1 m3u8
   🔍 [38/68] Bölüm: https://diziyiizle2.com/gibi/4-sezon-6-bolum/
📺 Embed URL bulundu: https://vidlax1.xyz/embed/0d9b535ca2c1233c
🔍 Embed URL kontrol ediliyor: https://vidlax1.xyz/embed/0d9b535ca2c1233c
📄 Embed sayfa içeriği alındı, boyut: 39478 karakter
🎬 Video Başlığı: Gibi
📝 Video Açıklaması: 4.Sezon 6.Bölüm
🎯 Tam Başlık: Gibi - 4.Sezon 6.Bölüm
🎯 HEX DECODE - m3u8 bulundu: https://vidlax.xyz/upload/ab9500fb082e0a4ff4306c55b45a156c5dc3/master.m3u8
      ✅ Gibi - 4.Sezon 6.Bölüm - 1 m3u8
   🔍 [39/68] Bölüm: https://diziyiizle2.com/gibi/4-sezon-7-bolum/
📺 Embed URL bulundu: https://vidlax1.xyz/embed/c63ba790f80a94f0
🔍 Embed URL kontrol ediliyor: https://vidlax1.xyz/embed/c63ba790f80a94f0
📄 Embed sayfa içeriği alındı, boyut: 39478 karakter
🎬 Video Başlığı: Gibi
📝 Video Açıklaması: 4.Sezon 7.Bölüm
🎯 Tam Başlık: Gibi - 4.Sezon 7.Bölüm
🎯 HEX DECODE - m3u8 bulundu: https://vidlax.xyz/upload/395121004a6fd2216dd23515dc4b7b59606e/master.m3u8
      ✅ Gibi - 4.Sezon 7.Bölüm - 1 m3u8
   🔍 [40/68] Bölüm: https://diziyiizle2.com/gibi/4-sezon-8-bolum/
📺 Embed URL bulundu: https://vidlax1.xyz/embed/773719625a8960c8
🔍 Embed URL kontrol ediliyor: https://vidlax1.xyz/embed/773719625a8960c8
📄 Embed sayfa içeriği alındı, boyut: 39478 karakter
🎬 Video Başlığı: Gibi
📝 Video Açıklaması: 4.Sezon 8.Bölüm
🎯 Tam Başlık: Gibi - 4.Sezon 8.Bölüm
🎯 HEX DECODE - m3u8 bulundu: https://vidlax.xyz/upload/675b22a8d8fc2ac4f21cc92f70f0c570000f/master.m3u8
      ✅ Gibi - 4.Sezon 8.Bölüm - 1 m3u8
   🔍 [41/68] Bölüm: https://diziyiizle2.com/gibi/4-sezon-9-bolum/
📺 Embed URL bulundu: https://vidlax1.xyz/embed/ab3337e5aeab88ec
🔍 Embed URL kontrol ediliyor: https://vidlax1.xyz/embed/ab3337e5aeab88ec
📄 Embed sayfa içeriği alındı, boyut: 39478 karakter
🎬 Video Başlığı: Gibi
📝 Video Açıklaması: 4.Sezon 9.Bölüm
🎯 Tam Başlık: Gibi - 4.Sezon 9.Bölüm
🎯 HEX DECODE - m3u8 bulundu: https://vidlax.xyz/upload/3ca718bf51a541f684203a41ed0e77a3f584/master.m3u8
      ✅ Gibi - 4.Sezon 9.Bölüm - 1 m3u8
   🔍 [42/68] Bölüm: https://diziyiizle2.com/gibi/4-sezon-10-bolum/
📺 Embed URL bulundu: https://vidlax1.xyz/embed/760cf8f319e74b9d
🔍 Embed URL kontrol ediliyor: https://vidlax1.xyz/embed/760cf8f319e74b9d
📄 Embed sayfa içeriği alındı, boyut: 39479 karakter
🎬 Video Başlığı: Gibi
📝 Video Açıklaması: 4.Sezon 10.Bölüm
🎯 Tam Başlık: Gibi - 4.Sezon 10.Bölüm
🎯 HEX DECODE - m3u8 bulundu: https://vidlax.xyz/upload/c7d54eed9091867d787dfdb522e15bfb5a71/master.m3u8
      ✅ Gibi - 4.Sezon 10.Bölüm - 1 m3u8
   🔍 [43/68] Bölüm: https://diziyiizle2.com/gibi/5-sezon-1-bolum/
📺 Embed URL bulundu: https://vidlax1.xyz/embed/218291e897c29225
🔍 Embed URL kontrol ediliyor: https://vidlax1.xyz/embed/218291e897c29225
📄 Embed sayfa içeriği alındı, boyut: 39478 karakter
🎬 Video Başlığı: Gibi
📝 Video Açıklaması: 5.Sezon 1.Bölüm
🎯 Tam Başlık: Gibi - 5.Sezon 1.Bölüm
🎯 HEX DECODE - m3u8 bulundu: https://vidlax.xyz/upload/90783af7a9774a05ae12b046d15d30cb788e/master.m3u8
      ✅ Gibi - 5.Sezon 1.Bölüm - 1 m3u8
   🔍 [44/68] Bölüm: https://diziyiizle2.com/gibi/5-sezon-2-bolum/
📺 Embed URL bulundu: https://vidlax1.xyz/embed/02a43ec63041b294
🔍 Embed URL kontrol ediliyor: https://vidlax1.xyz/embed/02a43ec63041b294
📄 Embed sayfa içeriği alındı, boyut: 39478 karakter
🎬 Video Başlığı: Gibi
📝 Video Açıklaması: 5.Sezon 2.Bölüm
🎯 Tam Başlık: Gibi - 5.Sezon 2.Bölüm
🎯 HEX DECODE - m3u8 bulundu: https://vidlax.xyz/upload/65b37e72dec2b9abe48e173d439729e08bc8/master.m3u8
      ✅ Gibi - 5.Sezon 2.Bölüm - 1 m3u8
   🔍 [45/68] Bölüm: https://diziyiizle2.com/gibi/5-sezon-3-bolum/
📺 Embed URL bulundu: https://vidlax1.xyz/embed/dd293c8a98b47287
🔍 Embed URL kontrol ediliyor: https://vidlax1.xyz/embed/dd293c8a98b47287
📄 Embed sayfa içeriği alındı, boyut: 39478 karakter
🎬 Video Başlığı: Gibi
📝 Video Açıklaması: 5.Sezon 3.Bölüm
🎯 Tam Başlık: Gibi - 5.Sezon 3.Bölüm
🎯 HEX DECODE - m3u8 bulundu: https://vidlax.xyz/upload/cb54b7e2623aacf409a88e1d21f494028e4c/master.m3u8
      ✅ Gibi - 5.Sezon 3.Bölüm - 1 m3u8
   🔍 [46/68] Bölüm: https://diziyiizle2.com/gibi/5-sezon-4-bolum/
📺 Embed URL bulundu: https://vidlax1.xyz/embed/52578d8d9cbd35e8
🔍 Embed URL kontrol ediliyor: https://vidlax1.xyz/embed/52578d8d9cbd35e8
📄 Embed sayfa içeriği alındı, boyut: 39478 karakter
🎬 Video Başlığı: Gibi
📝 Video Açıklaması: 5.Sezon 4.Bölüm
🎯 Tam Başlık: Gibi - 5.Sezon 4.Bölüm
🎯 HEX DECODE - m3u8 bulundu: https://vidlax.xyz/upload/a2faec3ad42aea20f94994d884fb1a426b95/master.m3u8
      ✅ Gibi - 5.Sezon 4.Bölüm - 1 m3u8
   🔍 [47/68] Bölüm: https://diziyiizle2.com/gibi/5-sezon-5-bolum/
📺 Embed URL bulundu: https://vidlax1.xyz/embed/972638609a669dfb
🔍 Embed URL kontrol ediliyor: https://vidlax1.xyz/embed/972638609a669dfb
📄 Embed sayfa içeriği alındı, boyut: 39478 karakter
🎬 Video Başlığı: Gibi
📝 Video Açıklaması: 5.Sezon 5.Bölüm
🎯 Tam Başlık: Gibi - 5.Sezon 5.Bölüm
🎯 HEX DECODE - m3u8 bulundu: https://vidlax.xyz/upload/3dd17ffde5077b9288c1d8e4fe72fadbeb46/master.m3u8
      ✅ Gibi - 5.Sezon 5.Bölüm - 1 m3u8
   🔍 [48/68] Bölüm: https://diziyiizle2.com/gibi/5-sezon-6-bolum/
📺 Embed URL bulundu: https://vidlax1.xyz/embed/9deaa6d1498dfef9
🔍 Embed URL kontrol ediliyor: https://vidlax1.xyz/embed/9deaa6d1498dfef9
📄 Embed sayfa içeriği alındı, boyut: 39478 karakter
🎬 Video Başlığı: Gibi
📝 Video Açıklaması: 5.Sezon 6.Bölüm
🎯 Tam Başlık: Gibi - 5.Sezon 6.Bölüm
🎯 HEX DECODE - m3u8 bulundu: https://vidlax.xyz/upload/87e472d3dfaeddc6706e366cb7ef061939f4/master.m3u8
      ✅ Gibi - 5.Sezon 6.Bölüm - 1 m3u8
   🔍 [49/68] Bölüm: https://diziyiizle2.com/gibi/5-sezon-7-bolum/
📺 Embed URL bulundu: https://vidlax1.xyz/embed/66468b9798c1f7b7
🔍 Embed URL kontrol ediliyor: https://vidlax1.xyz/embed/66468b9798c1f7b7
📄 Embed sayfa içeriği alındı, boyut: 39478 karakter
🎬 Video Başlığı: Gibi
📝 Video Açıklaması: 5.Sezon 7.Bölüm
🎯 Tam Başlık: Gibi - 5.Sezon 7.Bölüm
🎯 HEX DECODE - m3u8 bulundu: https://vidlax.xyz/upload/b93e2fd1b9d2babf81d9fe10f53607f53b05/master.m3u8
      ✅ Gibi - 5.Sezon 7.Bölüm - 1 m3u8
   🔍 [50/68] Bölüm: https://diziyiizle2.com/gibi/5-sezon-8-bolum/
📺 Embed URL bulundu: https://vidlax1.xyz/embed/0d3a8b1cd2c60d2c
🔍 Embed URL kontrol ediliyor: https://vidlax1.xyz/embed/0d3a8b1cd2c60d2c
📄 Embed sayfa içeriği alındı, boyut: 39478 karakter
🎬 Video Başlığı: Gibi
📝 Video Açıklaması: 5.Sezon 8.Bölüm
🎯 Tam Başlık: Gibi - 5.Sezon 8.Bölüm
🎯 HEX DECODE - m3u8 bulundu: https://vidlax.xyz/upload/14a43dad7f45a5fcc7db0308cad888971eeb/master.m3u8
      ✅ Gibi - 5.Sezon 8.Bölüm - 1 m3u8
   🔍 [51/68] Bölüm: https://diziyiizle2.com/gibi/5-sezon-9-bolum/
📺 Embed URL bulundu: https://vidlax1.xyz/embed/3522df9b2d0584a1
🔍 Embed URL kontrol ediliyor: https://vidlax1.xyz/embed/3522df9b2d0584a1
📄 Embed sayfa içeriği alındı, boyut: 39478 karakter
🎬 Video Başlığı: Gibi
📝 Video Açıklaması: 5.Sezon 9.Bölüm
🎯 Tam Başlık: Gibi - 5.Sezon 9.Bölüm
🎯 HEX DECODE - m3u8 bulundu: https://vidlax.xyz/upload/8f0cf4d0a0097ed8b57f53b88dbda5ffd0ac/master.m3u8
      ✅ Gibi - 5.Sezon 9.Bölüm - 1 m3u8
   🔍 [52/68] Bölüm: https://diziyiizle2.com/gibi/5-sezon-10-bolum/
📺 Embed URL bulundu: https://vidlax1.xyz/embed/a2628a19d0f2e4d5
🔍 Embed URL kontrol ediliyor: https://vidlax1.xyz/embed/a2628a19d0f2e4d5
📄 Embed sayfa içeriği alındı, boyut: 39479 karakter
🎬 Video Başlığı: Gibi
📝 Video Açıklaması: 5.Sezon 10.Bölüm
🎯 Tam Başlık: Gibi - 5.Sezon 10.Bölüm
🎯 HEX DECODE - m3u8 bulundu: https://vidlax.xyz/upload/ce4284d91a029839cd315baa20df4881c1b2/master.m3u8
      ✅ Gibi - 5.Sezon 10.Bölüm - 1 m3u8
   🔍 [53/68] Bölüm: https://diziyiizle2.com/gibi/5-sezon-11-bolum/
📺 Embed URL bulundu: https://vidlax1.xyz/embed/5fb5296df51e75cd
🔍 Embed URL kontrol ediliyor: https://vidlax1.xyz/embed/5fb5296df51e75cd
📄 Embed sayfa içeriği alındı, boyut: 39479 karakter
🎬 Video Başlığı: Gibi
📝 Video Açıklaması: 5.Sezon 11.Bölüm
🎯 Tam Başlık: Gibi - 5.Sezon 11.Bölüm
🎯 HEX DECODE - m3u8 bulundu: https://vidlax.xyz/upload/1469cc700cf4e3d98f51681765aa565b0c6b/master.m3u8
      ✅ Gibi - 5.Sezon 11.Bölüm - 1 m3u8
   🔍 [54/68] Bölüm: https://diziyiizle2.com/gibi/5-sezon-12-bolum/
📺 Embed URL bulundu: https://vidlax1.xyz/embed/7e80af25f439ebfa
🔍 Embed URL kontrol ediliyor: https://vidlax1.xyz/embed/7e80af25f439ebfa
📄 Embed sayfa içeriği alındı, boyut: 39479 karakter
🎬 Video Başlığı: Gibi
📝 Video Açıklaması: 5.Sezon 12.Bölüm
🎯 Tam Başlık: Gibi - 5.Sezon 12.Bölüm
🎯 HEX DECODE - m3u8 bulundu: https://vidlax.xyz/upload/9773bec2df76821794837466f3fde78085ca/master.m3u8
      ✅ Gibi - 5.Sezon 12.Bölüm - 1 m3u8
   🔍 [55/68] Bölüm: https://diziyiizle2.com/gibi/5-sezon-13-bolum/
📺 Embed URL bulundu: https://vidlax1.xyz/embed/38593f7fcfc81ce4
🔍 Embed URL kontrol ediliyor: https://vidlax1.xyz/embed/38593f7fcfc81ce4
📄 Embed sayfa içeriği alındı, boyut: 39479 karakter
🎬 Video Başlığı: Gibi
📝 Video Açıklaması: 5.Sezon 13.Bölüm
🎯 Tam Başlık: Gibi - 5.Sezon 13.Bölüm
🎯 HEX DECODE - m3u8 bulundu: https://vidlax.xyz/upload/bbdacae9c448b02d63c809108399c5c42cb6/master.m3u8
      ✅ Gibi - 5.Sezon 13.Bölüm - 1 m3u8
   🔍 [56/68] Bölüm: https://diziyiizle2.com/gibi/6-sezon-1-bolum/
📺 Embed URL bulundu: https://vidlax1.xyz/embed/acde1eb5d274f515
🔍 Embed URL kontrol ediliyor: https://vidlax1.xyz/embed/acde1eb5d274f515
📄 Embed sayfa içeriği alındı, boyut: 39651 karakter
🎬 Video Başlığı: Gibi
📝 Video Açıklaması: 6.Sezon 1.Bölüm
🎯 Tam Başlık: Gibi - 6.Sezon 1.Bölüm
🎯 HEX DECODE - m3u8 bulundu: https://vidlax.xyz/upload/ebd11639d6c0078e2193d48128a60568dcf2/master.m3u8
      ✅ Gibi - 6.Sezon 1.Bölüm - 1 m3u8
   🔍 [57/68] Bölüm: https://diziyiizle2.com/gibi/6-sezon-2-bolum/
📺 Embed URL bulundu: https://vidlax1.xyz/embed/b9f5abe6db581249
🔍 Embed URL kontrol ediliyor: https://vidlax1.xyz/embed/b9f5abe6db581249
📄 Embed sayfa içeriği alındı, boyut: 39651 karakter
🎬 Video Başlığı: Gibi
📝 Video Açıklaması: 6.Sezon 2.Bölüm
🎯 Tam Başlık: Gibi - 6.Sezon 2.Bölüm
🎯 HEX DECODE - m3u8 bulundu: https://vidlax.xyz/upload/383f91ce5e0825fdb4077b1edb9218e5d650/master.m3u8
      ✅ Gibi - 6.Sezon 2.Bölüm - 1 m3u8
   🔍 [58/68] Bölüm: https://diziyiizle2.com/gibi/6-sezon-3-bolum/
📺 Embed URL bulundu: https://vidlax1.xyz/embed/6c0b7446f5788014
🔍 Embed URL kontrol ediliyor: https://vidlax1.xyz/embed/6c0b7446f5788014
📄 Embed sayfa içeriği alındı, boyut: 39651 karakter
🎬 Video Başlığı: Gibi
📝 Video Açıklaması: 6.Sezon 3.Bölüm
🎯 Tam Başlık: Gibi - 6.Sezon 3.Bölüm
🎯 HEX DECODE - m3u8 bulundu: https://vidlax.xyz/upload/c10583700467b1807ea23c27a053a755186b/master.m3u8
      ✅ Gibi - 6.Sezon 3.Bölüm - 1 m3u8
   🔍 [59/68] Bölüm: https://diziyiizle2.com/gibi/6-sezon-4-bolum/
📺 Embed URL bulundu: https://vidlax1.xyz/embed/4715bff684b935b1
🔍 Embed URL kontrol ediliyor: https://vidlax1.xyz/embed/4715bff684b935b1
📄 Embed sayfa içeriği alındı, boyut: 39651 karakter
🎬 Video Başlığı: Gibi
📝 Video Açıklaması: 6.Sezon 4.Bölüm
🎯 Tam Başlık: Gibi - 6.Sezon 4.Bölüm
🎯 HEX DECODE - m3u8 bulundu: https://vidlax.xyz/upload/8b6adca58dc29222dd7cba65e268c7b0b26d/master.m3u8
      ✅ Gibi - 6.Sezon 4.Bölüm - 1 m3u8
   🔍 [60/68] Bölüm: https://diziyiizle2.com/gibi/6-sezon-5-bolum/
📺 Embed URL bulundu: https://vidlax1.xyz/embed/bf5661150a4d5faf
🔍 Embed URL kontrol ediliyor: https://vidlax1.xyz/embed/bf5661150a4d5faf
📄 Embed sayfa içeriği alındı, boyut: 39651 karakter
🎬 Video Başlığı: Gibi
📝 Video Açıklaması: 6.Sezon 5.Bölüm
🎯 Tam Başlık: Gibi - 6.Sezon 5.Bölüm
🎯 HEX DECODE - m3u8 bulundu: https://vidlax.xyz/upload/a0348fc462b6b14c86c8837e2c6d10c8f540/master.m3u8
      ✅ Gibi - 6.Sezon 5.Bölüm - 1 m3u8
   🔍 [61/68] Bölüm: https://diziyiizle2.com/gibi/6-sezon-6-bolum/
📺 Embed URL bulundu: https://vidlax1.xyz/embed/165b9ef4a32f8eb6
🔍 Embed URL kontrol ediliyor: https://vidlax1.xyz/embed/165b9ef4a32f8eb6
📄 Embed sayfa içeriği alındı, boyut: 39651 karakter
🎬 Video Başlığı: Gibi
📝 Video Açıklaması: 6.Sezon 6.Bölüm
🎯 Tam Başlık: Gibi - 6.Sezon 6.Bölüm
🎯 HEX DECODE - m3u8 bulundu: https://vidlax.xyz/upload/02c8d96c6a070b111f8ea0f1ea199a5d5b3c/master.m3u8
      ✅ Gibi - 6.Sezon 6.Bölüm - 1 m3u8
   🔍 [62/68] Bölüm: https://diziyiizle2.com/gibi/6-sezon-7-bolum/
📺 Embed URL bulundu: https://vidlax1.xyz/embed/7f553e1cf4834f2b
🔍 Embed URL kontrol ediliyor: https://vidlax1.xyz/embed/7f553e1cf4834f2b
📄 Embed sayfa içeriği alındı, boyut: 39651 karakter
🎬 Video Başlığı: Gibi
📝 Video Açıklaması: 6.Sezon 7.Bölüm
🎯 Tam Başlık: Gibi - 6.Sezon 7.Bölüm
🎯 HEX DECODE - m3u8 bulundu: https://vidlax.xyz/upload/aaedefb0d5225fc6bbd99cc3dedae9c89890/master.m3u8
      ✅ Gibi - 6.Sezon 7.Bölüm - 1 m3u8
   🔍 [63/68] Bölüm: https://diziyiizle2.com/gibi/6-sezon-8-bolum/
📺 Embed URL bulundu: https://vidlax1.xyz/embed/7b79196b03121b47
🔍 Embed URL kontrol ediliyor: https://vidlax1.xyz/embed/7b79196b03121b47
📄 Embed sayfa içeriği alındı, boyut: 39651 karakter
🎬 Video Başlığı: Gibi
📝 Video Açıklaması: 6.Sezon 8.Bölüm
🎯 Tam Başlık: Gibi - 6.Sezon 8.Bölüm
🎯 HEX DECODE - m3u8 bulundu: https://vidlax.xyz/upload/58995a93f34f0eca8719b4494c775f410518/master.m3u8
      ✅ Gibi - 6.Sezon 8.Bölüm - 1 m3u8
   🔍 [64/68] Bölüm: https://diziyiizle2.com/gibi/6-sezon-9-bolum/
📺 Embed URL bulundu: https://vidlax1.xyz/embed/e5f2002b46d0152b
🔍 Embed URL kontrol ediliyor: https://vidlax1.xyz/embed/e5f2002b46d0152b
📄 Embed sayfa içeriği alındı, boyut: 39651 karakter
🎬 Video Başlığı: Gibi
📝 Video Açıklaması: 6.Sezon 9.Bölüm
🎯 Tam Başlık: Gibi - 6.Sezon 9.Bölüm
🎯 HEX DECODE - m3u8 bulundu: https://vidlax.xyz/upload/20a8b0f6db15b8fa7523ccdb730ec72a1d72/master.m3u8
      ✅ Gibi - 6.Sezon 9.Bölüm - 1 m3u8
   🔍 [65/68] Bölüm: https://diziyiizle2.com/gibi/6-sezon-10-bolum/
📺 Embed URL bulundu: https://vidlax1.xyz/embed/b2cbde85f8e32d50
🔍 Embed URL kontrol ediliyor: https://vidlax1.xyz/embed/b2cbde85f8e32d50
📄 Embed sayfa içeriği alındı, boyut: 39652 karakter
🎬 Video Başlığı: Gibi
📝 Video Açıklaması: 6.Sezon 10.Bölüm
🎯 Tam Başlık: Gibi - 6.Sezon 10.Bölüm
🎯 HEX DECODE - m3u8 bulundu: https://vidlax.xyz/upload/82522f90b85852b399a4d87aafe4a1e2ab2c/master.m3u8
      ✅ Gibi - 6.Sezon 10.Bölüm - 1 m3u8
   🔍 [66/68] Bölüm: https://diziyiizle2.com/gibi/6-sezon-11-bolum/
📺 Embed URL bulundu: https://vidlax1.xyz/embed/f5c75f17ec8097ca
🔍 Embed URL kontrol ediliyor: https://vidlax1.xyz/embed/f5c75f17ec8097ca
📄 Embed sayfa içeriği alındı, boyut: 39652 karakter
🎬 Video Başlığı: Gibi
📝 Video Açıklaması: 6.Sezon 11.Bölüm
🎯 Tam Başlık: Gibi - 6.Sezon 11.Bölüm
🎯 HEX DECODE - m3u8 bulundu: https://vidlax.xyz/upload/4906e3300bf4254a783dddd2aa533059f0fb/master.m3u8
      ✅ Gibi - 6.Sezon 11.Bölüm - 1 m3u8
   🔍 [67/68] Bölüm: https://diziyiizle2.com/gibi/6-sezon-12-bolum/
📺 Embed URL bulundu: https://vidlax1.xyz/embed/f44b1fdfb56fad41
🔍 Embed URL kontrol ediliyor: https://vidlax1.xyz/embed/f44b1fdfb56fad41
📄 Embed sayfa içeriği alındı, boyut: 39652 karakter
🎬 Video Başlığı: Gibi
📝 Video Açıklaması: 6.Sezon 12.Bölüm
🎯 Tam Başlık: Gibi - 6.Sezon 12.Bölüm
🎯 HEX DECODE - m3u8 bulundu: https://vidlax.xyz/upload/49f5949ee6d2372e54b048e896245b9b9851/master.m3u8
      ✅ Gibi - 6.Sezon 12.Bölüm - 1 m3u8
   🔍 [68/68] Bölüm: https://diziyiizle2.com/gibi/6-sezon-13-bolum/
📺 Embed URL bulundu: https://vidlax1.xyz/embed/8d73fd3c7edaa30e
🔍 Embed URL kontrol ediliyor: https://vidlax1.xyz/embed/8d73fd3c7edaa30e
📄 Embed sayfa içeriği alındı, boyut: 39479 karakter
🎬 Video Başlığı: Gibi
📝 Video Açıklaması: 6.Sezon 13.Bölüm
🎯 Tam Başlık: Gibi - 6.Sezon 13.Bölüm
🎯 HEX DECODE - m3u8 bulundu: https://vidlax.xyz/upload/987db5125bc41bf8cd7d97e01c74574122ce/master.m3u8
      ✅ Gibi - 6.Sezon 13.Bölüm - 1 m3u8
      📁 Dizi playlist: playlists/gibi_playlist.m3u
   ✅ Dizi tamamlandı: 68 m3u8 eklendi

============================================================
🎬 [30/56] İşleniyor: https://diziyiizle2.com/dizi/var-bunlar-izle-14/
📺 Bölüm bulundu: Karşılaşmalar2.Sezon 7.BölümAltyazılı - https://diziyiizle2.com/karsilasmalar/2-sezon-7-bolum/
📺 Bölüm bulundu: Mahsun J2.Sezon 13.BölümDual - https://diziyiizle2.com/mahsun-j-13/2-sezon-13-bolum/
📺 Bölüm bulundu: Muhafızlar: Gizli Proje1.Sezon 6.BölümDual - https://diziyiizle2.com/muhafizlar-gizli-proje/1-sezon-6-bolum/
📺 Bölüm bulundu: Amsterdam Empire1.Sezon 1.BölümDublaj - https://diziyiizle2.com/amsterdam-empire/1-sezon-1-bolum/
📺 Bölüm bulundu: Juan Gabriel: Debo, puedo y quiero1.Sezon 1.BölümAltyazılı - https://diziyiizle2.com/juan-gabriel-debo-puedo-y-quiero/1-sezon-1-bolum/
📺 Bölüm bulundu: Son of a Donkey1.Sezon 1.BölümAltyazılı - https://diziyiizle2.com/son-of-a-donkey/1-sezon-1-bolum/
📺 Bölüm bulundu: The Witcher4.Sezon 1.BölümDublaj - https://diziyiizle2.com/the-witcher/4-sezon-1-bolum/
📺 Bölüm bulundu: Eşref Rüya2.Sezon 7.BölümAltyazılı - https://diziyiizle2.com/esref-ruya-11/2-sezon-7-bolum/
📺 Bölüm bulundu: Star Wars: Visions3.Sezon 1.BölümAltyazılı - https://diziyiizle2.com/star-wars-visions/3-sezon-1-bolum/
📺 Bölüm bulundu: Disney Twisted-Wonderland the Animation1.Sezon 1.BölümAltyazılı - https://diziyiizle2.com/disney-wisted-wonderland-the-animation/1-sezon-1-bolum/
📺 Bölüm bulundu: Rulers of Fortune1.Sezon 8.BölümDublaj - https://diziyiizle2.com/rulers-of-fortune/1-sezon-8-bolum/
📺 Bölüm bulundu: Rulers of Fortune1.Sezon 1.BölümDublaj - https://diziyiizle2.com/rulers-of-fortune/1-sezon-1-bolum/

📊 Toplam 12 bölüm bulundu
   🔍 [1/12] Bölüm: https://diziyiizle2.com/karsilasmalar/2-sezon-7-bolum/

🔍 Vidlax direkt analizi: https://diziyiizle2.com/karsilasmalar/2-sezon-7-bolum/
📄 Sayfa içeriği alındı: 73962 karakter
❌ m3u8 URL'si bulunamadı
      ❌ m3u8 bulunamadı
   🔍 [2/12] Bölüm: https://diziyiizle2.com/mahsun-j-13/2-sezon-13-bolum/
📺 Embed URL bulundu: https://vidlax1.xyz/embed/aa0b0fc28effa7cf
🔍 Embed URL kontrol ediliyor: https://vidlax1.xyz/embed/aa0b0fc28effa7cf
📄 Embed sayfa içeriği alındı, boyut: 39677 karakter
🎬 Video Başlığı: Mahsun J
📝 Video Açıklaması: 2.Sezon 13.Bölüm
🎯 Tam Başlık: Mahsun J - 2.Sezon 13.Bölüm
🎯 HEX DECODE - m3u8 bulundu: https://vidlax.xyz/tmp-upload/8b9f1fa9f88442624534f7e4f049f3b0d0e6/master.m3u8
      ✅ Mahsun J - 2.Sezon 13.Bölüm - 1 m3u8
   🔍 [3/12] Bölüm: https://diziyiizle2.com/muhafizlar-gizli-proje/1-sezon-6-bolum/
📺 Embed URL bulundu: https://vidlax1.xyz/embed/f79327234671efa2
🔍 Embed URL kontrol ediliyor: https://vidlax1.xyz/embed/f79327234671efa2
📄 Embed sayfa içeriği alındı, boyut: 39788 karakter
🎬 Video Başlığı: The Sentinels
📝 Video Açıklaması: 1.Sezon 6.Bölüm
🎯 Tam Başlık: The Sentinels - 1.Sezon 6.Bölüm
🎯 HEX DECODE - m3u8 bulundu: https://vidlax.xyz/upload/9cf3678ff5561c0b6fcb08f26a1be6f46938/master.m3u8
      ✅ The Sentinels - 1.Sezon 6.Bölüm - 1 m3u8
   🔍 [4/12] Bölüm: https://diziyiizle2.com/amsterdam-empire/1-sezon-1-bolum/
📺 Embed URL bulundu: https://vidlax1.xyz/embed/e698ddd8d04cbba5
🔍 Embed URL kontrol ediliyor: https://vidlax1.xyz/embed/e698ddd8d04cbba5
📄 Embed sayfa içeriği alındı, boyut: 42762 karakter
🎬 Video Başlığı: Amsterdam Empire
📝 Video Açıklaması: 1.Sezon 1.Bölüm
🎯 Tam Başlık: Amsterdam Empire - 1.Sezon 1.Bölüm
🎯 HEX DECODE - m3u8 bulundu: https://vidlax.xyz/upload/ffa011912a94197fe026f88e0ccc803518d5/master.m3u8
      ✅ Amsterdam Empire - 1.Sezon 1.Bölüm - 1 m3u8
   🔍 [5/12] Bölüm: https://diziyiizle2.com/juan-gabriel-debo-puedo-y-quiero/1-sezon-1-bolum/

🔍 Vidlax direkt analizi: https://diziyiizle2.com/juan-gabriel-debo-puedo-y-quiero/1-sezon-1-bolum/
📄 Sayfa içeriği alındı: 55726 karakter
❌ m3u8 URL'si bulunamadı
      ❌ m3u8 bulunamadı
   🔍 [6/12] Bölüm: https://diziyiizle2.com/son-of-a-donkey/1-sezon-1-bolum/
📺 Embed URL bulundu: https://vidlax1.xyz/embed/159f1fcb9931fe72
🔍 Embed URL kontrol ediliyor: https://vidlax1.xyz/embed/159f1fcb9931fe72
📄 Embed sayfa içeriği alındı, boyut: 42412 karakter
🎬 Video Başlığı: Son of a Donkey
📝 Video Açıklaması: 1.Sezon 1.Bölüm
🎯 Tam Başlık: Son of a Donkey - 1.Sezon 1.Bölüm
🎯 HEX DECODE - m3u8 bulundu: https://vidlax.xyz/upload/ad51e387ab43cce85d8d72f9962db93acd6c/master.m3u8
      ✅ Son of a Donkey - 1.Sezon 1.Bölüm - 1 m3u8
   🔍 [7/12] Bölüm: https://diziyiizle2.com/the-witcher/4-sezon-1-bolum/
📺 Embed URL bulundu: https://vidlax1.xyz/embed/9d4dd354d00ef2f4
🔍 Embed URL kontrol ediliyor: https://vidlax1.xyz/embed/9d4dd354d00ef2f4
📄 Embed sayfa içeriği alındı, boyut: 43425 karakter
🎬 Video Başlığı: The Witcher
📝 Video Açıklaması: 4.Sezon 1.Bölüm
🎯 Tam Başlık: The Witcher - 4.Sezon 1.Bölüm
🎯 HEX DECODE - m3u8 bulundu: https://vidlax.xyz/upload/b5aa294ed294198b0e1478210b1c6cef0acf/master.m3u8
      ✅ The Witcher - 4.Sezon 1.Bölüm - 1 m3u8
   🔍 [8/12] Bölüm: https://diziyiizle2.com/esref-ruya-11/2-sezon-7-bolum/
📺 Embed URL bulundu: https://vidlax1.xyz/embed/e010f0ef3d5daa2c
🔍 Embed URL kontrol ediliyor: https://vidlax1.xyz/embed/e010f0ef3d5daa2c
📄 Embed sayfa içeriği alındı, boyut: 39478 karakter
🎬 Video Başlığı: Eşref Rüya
📝 Video Açıklaması: 20.Bölüm
🎯 Tam Başlık: Eşref Rüya - 20.Bölüm
🎯 HEX DECODE - m3u8 bulundu: https://vidlax.xyz/upload/4b35acaf14a5015c2e8659fbda0436192371/master.m3u8
      ✅ Eşref Rüya - 20.Bölüm - 1 m3u8
   🔍 [9/12] Bölüm: https://diziyiizle2.com/star-wars-visions/3-sezon-1-bolum/
📺 Embed URL bulundu: https://vidlax1.xyz/embed/0e95326faa4b64e4
🔍 Embed URL kontrol ediliyor: https://vidlax1.xyz/embed/0e95326faa4b64e4
📄 Embed sayfa içeriği alındı, boyut: 41736 karakter
🎬 Video Başlığı: Star Wars: Visions
📝 Video Açıklaması: 3.Sezon 1.Bölüm
🎯 Tam Başlık: Star Wars: Visions - 3.Sezon 1.Bölüm
🎯 HEX DECODE - m3u8 bulundu: https://vidlax.xyz/upload/9ca77ae8ec523799e006b6d20039bf8e66e9/master.m3u8
      ✅ Star Wars: Visions - 3.Sezon 1.Bölüm - 1 m3u8
   🔍 [10/12] Bölüm: https://diziyiizle2.com/disney-wisted-wonderland-the-animation/1-sezon-1-bolum/
📺 Embed URL bulundu: https://vidlax1.xyz/embed/80a5e729d6c1956c
🔍 Embed URL kontrol ediliyor: https://vidlax1.xyz/embed/80a5e729d6c1956c
📄 Embed sayfa içeriği alındı, boyut: 41567 karakter
🎬 Video Başlığı: Disney Twisted-Wonderland the Animation
📝 Video Açıklaması: 1.Sezon 1.Bölüm
🎯 Tam Başlık: Disney Twisted-Wonderland the Animation - 1.Sezon 1.Bölüm
🎯 HEX DECODE - m3u8 bulundu: https://vidlax.xyz/upload/6295274d649d4f969b1c4e2c57bf9a3c71be/master.m3u8
      ✅ Disney Twisted-Wonderland the Animation - 1.Sezon 1.Bölüm - 1 m3u8
   🔍 [11/12] Bölüm: https://diziyiizle2.com/rulers-of-fortune/1-sezon-8-bolum/
📺 Embed URL bulundu: https://vidlax1.xyz/embed/06b222760a4ec490
🔍 Embed URL kontrol ediliyor: https://vidlax1.xyz/embed/06b222760a4ec490
📄 Embed sayfa içeriği alındı, boyut: 42394 karakter
🎬 Video Başlığı: Rulers of Fortune
📝 Video Açıklaması: 1.Sezon 8.Bölüm
🎯 Tam Başlık: Rulers of Fortune - 1.Sezon 8.Bölüm
🎯 HEX DECODE - m3u8 bulundu: https://vidlax.xyz/upload/e81b36f19a082a7cb74c885c81830102981c/master.m3u8
      ✅ Rulers of Fortune - 1.Sezon 8.Bölüm - 1 m3u8
   🔍 [12/12] Bölüm: https://diziyiizle2.com/rulers-of-fortune/1-sezon-1-bolum/
📺 Embed URL bulundu: https://vidlax1.xyz/embed/d4a674e365dabd87
🔍 Embed URL kontrol ediliyor: https://vidlax1.xyz/embed/d4a674e365dabd87
📄 Embed sayfa içeriği alındı, boyut: 42755 karakter
🎬 Video Başlığı: Rulers of Fortune
📝 Video Açıklaması: 1.Sezon 1.Bölüm
🎯 Tam Başlık: Rulers of Fortune - 1.Sezon 1.Bölüm
🎯 HEX DECODE - m3u8 bulundu: https://vidlax.xyz/upload/5cdb3caf3f342c13535326513e9ab90dc93d/master.m3u8
      ✅ Rulers of Fortune - 1.Sezon 1.Bölüm - 1 m3u8
      📁 Dizi playlist: playlists/var_bunlar_izle_14_playlist.m3u
   ✅ Dizi tamamlandı: 10 m3u8 eklendi

============================================================
🎬 [31/56] İşleniyor: https://diziyiizle2.com/dizi/prens-izle-4/
📺 Bölüm bulundu: 1. Sezon 1. BölümDual10.08.202538 dk. - https://diziyiizle2.com/prens-izle-4/1-sezon-1-bolum/
📺 Bölüm bulundu: 1. Sezon 2. BölümDual10.08.202539 dk. - https://diziyiizle2.com/prens-izle-4/1-sezon-2-bolum/
📺 Bölüm bulundu: 1. Sezon 3. BölümDual10.08.202545 dk. - https://diziyiizle2.com/prens-izle-4/1-sezon-3-bolum/
📺 Bölüm bulundu: 1. Sezon 4. BölümDual10.08.202548 dk. - https://diziyiizle2.com/prens-izle-4/1-sezon-4-bolum/
📺 Bölüm bulundu: 1. Sezon 5. BölümDual10.08.202544 dk. - https://diziyiizle2.com/prens-izle-4/1-sezon-5-bolum/
📺 Bölüm bulundu: 1. Sezon 6. BölümDual10.08.202539 dk. - https://diziyiizle2.com/prens-izle-4/1-sezon-6-bolum/
📺 Bölüm bulundu: 1. Sezon 7. BölümDual10.08.202541 dk. - https://diziyiizle2.com/prens-izle-4/1-sezon-7-bolum/
📺 Bölüm bulundu: 1. Sezon 8. BölümDual10.08.202549 dk. - https://diziyiizle2.com/prens-izle-4/1-sezon-8-bolum/
📺 Bölüm bulundu: 2. Sezon 1. BölümDual10.08.202542 dk. - https://diziyiizle2.com/prens-izle-4/2-sezon-1-bolum/
📺 Bölüm bulundu: 2. Sezon 2. BölümDual10.08.202546 dk. - https://diziyiizle2.com/prens-izle-4/2-sezon-2-bolum/
📺 Bölüm bulundu: 2. Sezon 3. BölümDual10.08.202543 dk. - https://diziyiizle2.com/prens-izle-4/2-sezon-3-bolum/
📺 Bölüm bulundu: 2. Sezon 4. BölümDual10.08.202542 dk. - https://diziyiizle2.com/prens-izle-4/2-sezon-4-bolum/
📺 Bölüm bulundu: 2. Sezon 5. BölümDual10.08.202545 dk. - https://diziyiizle2.com/prens-izle-4/2-sezon-5-bolum/
📺 Bölüm bulundu: 2. Sezon 6. BölümDual10.08.202543 dk. - https://diziyiizle2.com/prens-izle-4/2-sezon-6-bolum/
📺 Bölüm bulundu: 2. Sezon 7. BölümDual10.08.202555 dk. - https://diziyiizle2.com/prens-izle-4/2-sezon-7-bolum/
📺 Bölüm bulundu: 3. Sezon 1. BölümDual10.08.202557 dk. - https://diziyiizle2.com/prens-izle-4/3-sezon-1-bolum/
📺 Bölüm bulundu: 3. Sezon 2. BölümDual10.08.202553 dk. - https://diziyiizle2.com/prens-izle-4/3-sezon-2-bolum/
📺 Bölüm bulundu: 3. Sezon 3. BölümDual10.08.202557 dk. - https://diziyiizle2.com/prens-izle-4/3-sezon-3-bolum/
📺 Bölüm bulundu: 3. Sezon 4. BölümAltyazılı10.08.202555 dk. - https://diziyiizle2.com/prens-izle-4/3-sezon-4-bolum/
📺 Bölüm bulundu: 3. Sezon 5. BölümDual10.08.202554 dk. - https://diziyiizle2.com/prens-izle-4/3-sezon-5-bolum/
📺 Bölüm bulundu: 3. Sezon 6. BölümDual10.08.202551 dk. - https://diziyiizle2.com/prens-izle-4/3-sezon-6-bolum/
📺 Bölüm bulundu: 3. Sezon 7. BölümDual10.08.202546 dk. - https://diziyiizle2.com/prens-izle-4/3-sezon-7-bolum/
📺 Bölüm bulundu: 3. Sezon 8. BölümDual10.08.202565 dk. - https://diziyiizle2.com/prens-izle-4/3-sezon-8-bolum/

📊 Toplam 23 bölüm bulundu
   🔍 [1/23] Bölüm: https://diziyiizle2.com/prens-izle-4/1-sezon-1-bolum/
📺 Embed URL bulundu: https://vidlax1.xyz/embed/ea6baadf3a8eda54
🔍 Embed URL kontrol ediliyor: https://vidlax1.xyz/embed/ea6baadf3a8eda54
📄 Embed sayfa içeriği alındı, boyut: 39650 karakter
🎬 Video Başlığı: Prens
📝 Video Açıklaması: 1.Sezon 1.Bölüm
🎯 Tam Başlık: Prens - 1.Sezon 1.Bölüm
🎯 HEX DECODE - m3u8 bulundu: https://vidlax.xyz/upload/39d518ba6fa697b00e80bf20ace59ad803ef/master.m3u8
      ✅ Prens - 1.Sezon 1.Bölüm - 1 m3u8
   🔍 [2/23] Bölüm: https://diziyiizle2.com/prens-izle-4/1-sezon-2-bolum/
📺 Embed URL bulundu: https://vidlax1.xyz/embed/b7fffab06fae0ba6
🔍 Embed URL kontrol ediliyor: https://vidlax1.xyz/embed/b7fffab06fae0ba6
📄 Embed sayfa içeriği alındı, boyut: 39650 karakter
🎬 Video Başlığı: Prens
📝 Video Açıklaması: 1.Sezon 2.Bölüm
🎯 Tam Başlık: Prens - 1.Sezon 2.Bölüm
🎯 HEX DECODE - m3u8 bulundu: https://vidlax.xyz/upload/dd56dc18ca0e5142d72f75be82249e5db57d/master.m3u8
      ✅ Prens - 1.Sezon 2.Bölüm - 1 m3u8
   🔍 [3/23] Bölüm: https://diziyiizle2.com/prens-izle-4/1-sezon-3-bolum/
📺 Embed URL bulundu: https://vidlax1.xyz/embed/c36abd0347fe7904
🔍 Embed URL kontrol ediliyor: https://vidlax1.xyz/embed/c36abd0347fe7904
📄 Embed sayfa içeriği alındı, boyut: 39650 karakter
🎬 Video Başlığı: Prens
📝 Video Açıklaması: 1.Sezon 3.Bölüm
🎯 Tam Başlık: Prens - 1.Sezon 3.Bölüm
🎯 HEX DECODE - m3u8 bulundu: https://vidlax.xyz/upload/ef1e9eca92cbc4ccfbdc8a49f6df9620f46e/master.m3u8
      ✅ Prens - 1.Sezon 3.Bölüm - 1 m3u8
   🔍 [4/23] Bölüm: https://diziyiizle2.com/prens-izle-4/1-sezon-4-bolum/
📺 Embed URL bulundu: https://vidlax1.xyz/embed/bc93ad37ebb774c0
🔍 Embed URL kontrol ediliyor: https://vidlax1.xyz/embed/bc93ad37ebb774c0
📄 Embed sayfa içeriği alındı, boyut: 39650 karakter
🎬 Video Başlığı: Prens
📝 Video Açıklaması: 1.Sezon 4.Bölüm
🎯 Tam Başlık: Prens - 1.Sezon 4.Bölüm
🎯 HEX DECODE - m3u8 bulundu: https://vidlax.xyz/upload/82e56027c903368e6e1a69aa35dfee766f66/master.m3u8
      ✅ Prens - 1.Sezon 4.Bölüm - 1 m3u8
   🔍 [5/23] Bölüm: https://diziyiizle2.com/prens-izle-4/1-sezon-5-bolum/
📺 Embed URL bulundu: https://vidlax1.xyz/embed/8a02dbd273505a8b
🔍 Embed URL kontrol ediliyor: https://vidlax1.xyz/embed/8a02dbd273505a8b
📄 Embed sayfa içeriği alındı, boyut: 39650 karakter
🎬 Video Başlığı: Prens
📝 Video Açıklaması: 1.Sezon 5.Bölüm
🎯 Tam Başlık: Prens - 1.Sezon 5.Bölüm
🎯 HEX DECODE - m3u8 bulundu: https://vidlax.xyz/upload/0a73e6f2502488cf58058b2df6775c8a6dea/master.m3u8
      ✅ Prens - 1.Sezon 5.Bölüm - 1 m3u8
   🔍 [6/23] Bölüm: https://diziyiizle2.com/prens-izle-4/1-sezon-6-bolum/
📺 Embed URL bulundu: https://vidlax1.xyz/embed/101a24d32814d075
🔍 Embed URL kontrol ediliyor: https://vidlax1.xyz/embed/101a24d32814d075
📄 Embed sayfa içeriği alındı, boyut: 39650 karakter
🎬 Video Başlığı: Prens
📝 Video Açıklaması: 1.Sezon 6.Bölüm
🎯 Tam Başlık: Prens - 1.Sezon 6.Bölüm
🎯 HEX DECODE - m3u8 bulundu: https://vidlax.xyz/upload/edcebac5ffb7c31392006fe02b6c6066d204/master.m3u8
      ✅ Prens - 1.Sezon 6.Bölüm - 1 m3u8
   🔍 [7/23] Bölüm: https://diziyiizle2.com/prens-izle-4/1-sezon-7-bolum/
📺 Embed URL bulundu: https://vidlax1.xyz/embed/40cfaf57a20c3d9f
🔍 Embed URL kontrol ediliyor: https://vidlax1.xyz/embed/40cfaf57a20c3d9f
📄 Embed sayfa içeriği alındı, boyut: 39650 karakter
🎬 Video Başlığı: Prens
📝 Video Açıklaması: 1.Sezon 7.Bölüm
🎯 Tam Başlık: Prens - 1.Sezon 7.Bölüm
🎯 HEX DECODE - m3u8 bulundu: https://vidlax.xyz/upload/325a05aa777a0f61f95f5f892a9b6771b0f3/master.m3u8
      ✅ Prens - 1.Sezon 7.Bölüm - 1 m3u8
   🔍 [8/23] Bölüm: https://diziyiizle2.com/prens-izle-4/1-sezon-8-bolum/
📺 Embed URL bulundu: https://vidlax1.xyz/embed/b307773309f2fcd5
🔍 Embed URL kontrol ediliyor: https://vidlax1.xyz/embed/b307773309f2fcd5
📄 Embed sayfa içeriği alındı, boyut: 39665 karakter
🎬 Video Başlığı: Prens
📝 Video Açıklaması: 1.Sezon 8.Bölüm | Sezon Finali
🎯 Tam Başlık: Prens - 1.Sezon 8.Bölüm | Sezon Finali
🎯 HEX DECODE - m3u8 bulundu: https://vidlax.xyz/upload/36083be07889b1afdbcad8d2e95119741a53/master.m3u8
      ✅ Prens - 1.Sezon 8.Bölüm | Sezon Finali - 1 m3u8
   🔍 [9/23] Bölüm: https://diziyiizle2.com/prens-izle-4/2-sezon-1-bolum/
📺 Embed URL bulundu: https://vidlax1.xyz/embed/3331980f19a9a7f6
🔍 Embed URL kontrol ediliyor: https://vidlax1.xyz/embed/3331980f19a9a7f6
📄 Embed sayfa içeriği alındı, boyut: 39650 karakter
🎬 Video Başlığı: Prens
📝 Video Açıklaması: 2.Sezon 1.Bölüm
🎯 Tam Başlık: Prens - 2.Sezon 1.Bölüm
🎯 HEX DECODE - m3u8 bulundu: https://vidlax.xyz/upload/282c6f5a0e1402e31586b05021e36acb5e33/master.m3u8
      ✅ Prens - 2.Sezon 1.Bölüm - 1 m3u8
   🔍 [10/23] Bölüm: https://diziyiizle2.com/prens-izle-4/2-sezon-2-bolum/
📺 Embed URL bulundu: https://vidlax1.xyz/embed/bf9616a746e11031
🔍 Embed URL kontrol ediliyor: https://vidlax1.xyz/embed/bf9616a746e11031
📄 Embed sayfa içeriği alındı, boyut: 39650 karakter
🎬 Video Başlığı: Prens
📝 Video Açıklaması: 2.Sezon 2.Bölüm
🎯 Tam Başlık: Prens - 2.Sezon 2.Bölüm
🎯 HEX DECODE - m3u8 bulundu: https://vidlax.xyz/upload/77a0416fb85930414a46acc75a6e5171f477/master.m3u8
      ✅ Prens - 2.Sezon 2.Bölüm - 1 m3u8
   🔍 [11/23] Bölüm: https://diziyiizle2.com/prens-izle-4/2-sezon-3-bolum/
📺 Embed URL bulundu: https://vidlax1.xyz/embed/7931d085cacd578d
🔍 Embed URL kontrol ediliyor: https://vidlax1.xyz/embed/7931d085cacd578d
📄 Embed sayfa içeriği alındı, boyut: 39650 karakter
🎬 Video Başlığı: Prens
📝 Video Açıklaması: 2.Sezon 3.Bölüm
🎯 Tam Başlık: Prens - 2.Sezon 3.Bölüm
🎯 HEX DECODE - m3u8 bulundu: https://vidlax.xyz/upload/8bb212d4c0e1d9a58d2d9a1c687e31c98098/master.m3u8
      ✅ Prens - 2.Sezon 3.Bölüm - 1 m3u8
   🔍 [12/23] Bölüm: https://diziyiizle2.com/prens-izle-4/2-sezon-4-bolum/
📺 Embed URL bulundu: https://vidlax1.xyz/embed/ae3bce3193ac7b42
🔍 Embed URL kontrol ediliyor: https://vidlax1.xyz/embed/ae3bce3193ac7b42
📄 Embed sayfa içeriği alındı, boyut: 39650 karakter
🎬 Video Başlığı: Prens
📝 Video Açıklaması: 2.Sezon 4.Bölüm
🎯 Tam Başlık: Prens - 2.Sezon 4.Bölüm
🎯 HEX DECODE - m3u8 bulundu: https://vidlax.xyz/upload/4271ba4a9474d51511d21c8c42f6495c7e96/master.m3u8
      ✅ Prens - 2.Sezon 4.Bölüm - 1 m3u8
   🔍 [13/23] Bölüm: https://diziyiizle2.com/prens-izle-4/2-sezon-5-bolum/
📺 Embed URL bulundu: https://vidlax1.xyz/embed/15cd05a347502dba
🔍 Embed URL kontrol ediliyor: https://vidlax1.xyz/embed/15cd05a347502dba
📄 Embed sayfa içeriği alındı, boyut: 39650 karakter
🎬 Video Başlığı: Prens
📝 Video Açıklaması: 2.Sezon 5.Bölüm
🎯 Tam Başlık: Prens - 2.Sezon 5.Bölüm
🎯 HEX DECODE - m3u8 bulundu: https://vidlax.xyz/upload/339421e5e4e7be6fce4071605cebb5232181/master.m3u8
      ✅ Prens - 2.Sezon 5.Bölüm - 1 m3u8
   🔍 [14/23] Bölüm: https://diziyiizle2.com/prens-izle-4/2-sezon-6-bolum/
📺 Embed URL bulundu: https://vidlax1.xyz/embed/28bf20484047c4cb
🔍 Embed URL kontrol ediliyor: https://vidlax1.xyz/embed/28bf20484047c4cb
📄 Embed sayfa içeriği alındı, boyut: 39650 karakter
🎬 Video Başlığı: Prens
📝 Video Açıklaması: 2.Sezon 6.Bölüm
🎯 Tam Başlık: Prens - 2.Sezon 6.Bölüm
🎯 HEX DECODE - m3u8 bulundu: https://vidlax.xyz/upload/486a3caa9366a7c695301bff50386b0f0423/master.m3u8
      ✅ Prens - 2.Sezon 6.Bölüm - 1 m3u8
   🔍 [15/23] Bölüm: https://diziyiizle2.com/prens-izle-4/2-sezon-7-bolum/
📺 Embed URL bulundu: https://vidlax1.xyz/embed/3750cb0618b69a76
🔍 Embed URL kontrol ediliyor: https://vidlax1.xyz/embed/3750cb0618b69a76
📄 Embed sayfa içeriği alındı, boyut: 39650 karakter
🎬 Video Başlığı: Prens
📝 Video Açıklaması: 2.Sezon 7.Bölüm
🎯 Tam Başlık: Prens - 2.Sezon 7.Bölüm
🎯 HEX DECODE - m3u8 bulundu: https://vidlax.xyz/upload/f46ae2fd84871dde2ed87ba886363ca47ad3/master.m3u8
      ✅ Prens - 2.Sezon 7.Bölüm - 1 m3u8
   🔍 [16/23] Bölüm: https://diziyiizle2.com/prens-izle-4/3-sezon-1-bolum/
📺 Embed URL bulundu: https://vidlax1.xyz/embed/98299665ddc2d22c
🔍 Embed URL kontrol ediliyor: https://vidlax1.xyz/embed/98299665ddc2d22c
📄 Embed sayfa içeriği alındı, boyut: 39827 karakter
🎬 Video Başlığı: Prens
📝 Video Açıklaması: 3.Sezon 1.Bölüm
🎯 Tam Başlık: Prens - 3.Sezon 1.Bölüm
🎯 HEX DECODE - m3u8 bulundu: https://vidlax.xyz/upload/f9a39d25d11c0551ec0873c9293653c24634/master.m3u8
      ✅ Prens - 3.Sezon 1.Bölüm - 1 m3u8
   🔍 [17/23] Bölüm: https://diziyiizle2.com/prens-izle-4/3-sezon-2-bolum/
📺 Embed URL bulundu: https://vidlax1.xyz/embed/7ffc27ae59479268
🔍 Embed URL kontrol ediliyor: https://vidlax1.xyz/embed/7ffc27ae59479268
📄 Embed sayfa içeriği alındı, boyut: 39808 karakter
🎬 Video Başlığı: Prens
📝 Video Açıklaması: 3.Sezon 2.Bölüm
🎯 Tam Başlık: Prens - 3.Sezon 2.Bölüm
🎯 HEX DECODE - m3u8 bulundu: https://vidlax.xyz/upload/cc250932ae61e373b483ddbb5c0dfb3a351d/master.m3u8
      ✅ Prens - 3.Sezon 2.Bölüm - 1 m3u8
   🔍 [18/23] Bölüm: https://diziyiizle2.com/prens-izle-4/3-sezon-3-bolum/
📺 Embed URL bulundu: https://vidlax1.xyz/embed/eadc2905b25812c8
🔍 Embed URL kontrol ediliyor: https://vidlax1.xyz/embed/eadc2905b25812c8
📄 Embed sayfa içeriği alındı, boyut: 39827 karakter
🎬 Video Başlığı: Prens
📝 Video Açıklaması: 3.Sezon 3.Bölüm
🎯 Tam Başlık: Prens - 3.Sezon 3.Bölüm
🎯 HEX DECODE - m3u8 bulundu: https://vidlax.xyz/upload/9cde99a3192e81ea6a4300de5beb34bd8b93/master.m3u8
      ✅ Prens - 3.Sezon 3.Bölüm - 1 m3u8
   🔍 [19/23] Bölüm: https://diziyiizle2.com/prens-izle-4/3-sezon-4-bolum/

🔍 Vidlax direkt analizi: https://diziyiizle2.com/prens-izle-4/3-sezon-4-bolum/
📄 Sayfa içeriği alındı: 81023 karakter
❌ m3u8 URL'si bulunamadı
      ❌ m3u8 bulunamadı
   🔍 [20/23] Bölüm: https://diziyiizle2.com/prens-izle-4/3-sezon-5-bolum/
📺 Embed URL bulundu: https://vidlax1.xyz/embed/9b86bd3041dcc758
🔍 Embed URL kontrol ediliyor: https://vidlax1.xyz/embed/9b86bd3041dcc758
📄 Embed sayfa içeriği alındı, boyut: 39818 karakter
🎬 Video Başlığı: Prens
📝 Video Açıklaması: 3.Sezon 5.Bölüm
🎯 Tam Başlık: Prens - 3.Sezon 5.Bölüm
🎯 HEX DECODE - m3u8 bulundu: https://vidlax.xyz/upload/10fa5533ce9ec4e04f58d40c7b7fdbb37dc1/master.m3u8
      ✅ Prens - 3.Sezon 5.Bölüm - 1 m3u8
   🔍 [21/23] Bölüm: https://diziyiizle2.com/prens-izle-4/3-sezon-6-bolum/
📺 Embed URL bulundu: https://vidlax1.xyz/embed/71923198391429a6
🔍 Embed URL kontrol ediliyor: https://vidlax1.xyz/embed/71923198391429a6
📄 Embed sayfa içeriği alındı, boyut: 39995 karakter
🎬 Video Başlığı: Prens
📝 Video Açıklaması: 3.Sezon 6.Bölüm
🎯 Tam Başlık: Prens - 3.Sezon 6.Bölüm
🎯 HEX DECODE - m3u8 bulundu: https://vidlax.xyz/upload/7e0d0c14ec48a77fd3ade353ef60f080ba71/master.m3u8
      ✅ Prens - 3.Sezon 6.Bölüm - 1 m3u8
   🔍 [22/23] Bölüm: https://diziyiizle2.com/prens-izle-4/3-sezon-7-bolum/
📺 Embed URL bulundu: https://vidlax1.xyz/embed/a8b8d1cc111d451d
🔍 Embed URL kontrol ediliyor: https://vidlax1.xyz/embed/a8b8d1cc111d451d
📄 Embed sayfa içeriği alındı, boyut: 39995 karakter
🎬 Video Başlığı: Prens
📝 Video Açıklaması: 3.Sezon 7.Bölüm
🎯 Tam Başlık: Prens - 3.Sezon 7.Bölüm
🎯 HEX DECODE - m3u8 bulundu: https://vidlax.xyz/upload/54a99c0fb0ca90ada551079258b3c6b9a521/master.m3u8
      ✅ Prens - 3.Sezon 7.Bölüm - 1 m3u8
   🔍 [23/23] Bölüm: https://diziyiizle2.com/prens-izle-4/3-sezon-8-bolum/
📺 Embed URL bulundu: https://vidlax1.xyz/embed/ebfcbadf25b631a0
🔍 Embed URL kontrol ediliyor: https://vidlax1.xyz/embed/ebfcbadf25b631a0
📄 Embed sayfa içeriği alındı, boyut: 39995 karakter
🎬 Video Başlığı: Prens
📝 Video Açıklaması: 3.Sezon 8.Bölüm
🎯 Tam Başlık: Prens - 3.Sezon 8.Bölüm
🎯 HEX DECODE - m3u8 bulundu: https://vidlax.xyz/upload/bb45de0cf8132ba9c123f2f5d44db101b9b5/master.m3u8
      ✅ Prens - 3.Sezon 8.Bölüm - 1 m3u8
      📁 Dizi playlist: playlists/prens_izle_4_playlist.m3u
   ✅ Dizi tamamlandı: 22 m3u8 eklendi

============================================================
🎬 [32/56] İşleniyor: https://diziyiizle2.com/dizi/dugum/
📺 Bölüm bulundu: 1. Sezon 1. BölümDual24.10.202548 dk. - https://diziyiizle2.com/dugum/1-sezon-1-bolum/
📺 Bölüm bulundu: 1. Sezon 2. BölümDual24.10.202546 dk. - https://diziyiizle2.com/dugum/1-sezon-2-bolum/
📺 Bölüm bulundu: 1. Sezon 3. BölümDual24.10.202541 dk. - https://diziyiizle2.com/dugum/1-sezon-3-bolum/
📺 Bölüm bulundu: 1. Sezon 4. BölümDual24.10.202539 dk. - https://diziyiizle2.com/dugum/1-sezon-4-bolum/
📺 Bölüm bulundu: 1. Sezon 5. BölümDual24.10.202543 dk. - https://diziyiizle2.com/dugum/1-sezon-5-bolum/
📺 Bölüm bulundu: 1. Sezon 6. BölümDual24.10.202541 dk. - https://diziyiizle2.com/dugum/1-sezon-6-bolum/
📺 Bölüm bulundu: 1. Sezon 7. BölümDual24.10.202546 dk. - https://diziyiizle2.com/dugum/1-sezon-7-bolum/
📺 Bölüm bulundu: 1. Sezon 8. BölümDual24.10.202538 dk. - https://diziyiizle2.com/dugum/1-sezon-8-bolum/

📊 Toplam 8 bölüm bulundu
   🔍 [1/8] Bölüm: https://diziyiizle2.com/dugum/1-sezon-1-bolum/
📺 Embed URL bulundu: https://vidlax1.xyz/embed/0b4064f750519fa0
🔍 Embed URL kontrol ediliyor: https://vidlax1.xyz/embed/0b4064f750519fa0
📄 Embed sayfa içeriği alındı, boyut: 39475 karakter
🎬 Video Başlığı: Düğüm
📝 Video Açıklaması: 1.Sezon 1.Bölüm
🎯 Tam Başlık: Düğüm - 1.Sezon 1.Bölüm
🎯 HEX DECODE - m3u8 bulundu: https://vidlax.xyz/upload/5fcaed3cc354eab940efdf692ba90e9c2d7d/master.m3u8
      ✅ Düğüm - 1.Sezon 1.Bölüm - 1 m3u8
   🔍 [2/8] Bölüm: https://diziyiizle2.com/dugum/1-sezon-2-bolum/
📺 Embed URL bulundu: https://vidlax1.xyz/embed/997b240aa5c626d4
🔍 Embed URL kontrol ediliyor: https://vidlax1.xyz/embed/997b240aa5c626d4
📄 Embed sayfa içeriği alındı, boyut: 39475 karakter
🎬 Video Başlığı: Düğüm
📝 Video Açıklaması: 1.Sezon 2.Bölüm
🎯 Tam Başlık: Düğüm - 1.Sezon 2.Bölüm
🎯 HEX DECODE - m3u8 bulundu: https://vidlax.xyz/upload/c6a4abde6f4e6051934620661c8406e21c8b/master.m3u8
      ✅ Düğüm - 1.Sezon 2.Bölüm - 1 m3u8
   🔍 [3/8] Bölüm: https://diziyiizle2.com/dugum/1-sezon-3-bolum/
📺 Embed URL bulundu: https://vidlax1.xyz/embed/f9ada2454a8108fe
🔍 Embed URL kontrol ediliyor: https://vidlax1.xyz/embed/f9ada2454a8108fe
📄 Embed sayfa içeriği alındı, boyut: 39475 karakter
🎬 Video Başlığı: Düğüm
📝 Video Açıklaması: 1.Sezon 3.Bölüm
🎯 Tam Başlık: Düğüm - 1.Sezon 3.Bölüm
🎯 HEX DECODE - m3u8 bulundu: https://vidlax.xyz/upload/53c9455262f381bcf7a9751b68a355d1d50b/master.m3u8
      ✅ Düğüm - 1.Sezon 3.Bölüm - 1 m3u8
   🔍 [4/8] Bölüm: https://diziyiizle2.com/dugum/1-sezon-4-bolum/
📺 Embed URL bulundu: https://vidlax1.xyz/embed/e5df6fe92c47983e
🔍 Embed URL kontrol ediliyor: https://vidlax1.xyz/embed/e5df6fe92c47983e
📄 Embed sayfa içeriği alındı, boyut: 39475 karakter
🎬 Video Başlığı: Düğüm
📝 Video Açıklaması: 1.Sezon 4.Bölüm
🎯 Tam Başlık: Düğüm - 1.Sezon 4.Bölüm
🎯 HEX DECODE - m3u8 bulundu: https://vidlax.xyz/upload/30661f44e795e95379007126402d3f4370bb/master.m3u8
      ✅ Düğüm - 1.Sezon 4.Bölüm - 1 m3u8
   🔍 [5/8] Bölüm: https://diziyiizle2.com/dugum/1-sezon-5-bolum/
📺 Embed URL bulundu: https://vidlax1.xyz/embed/5688638b02530998
🔍 Embed URL kontrol ediliyor: https://vidlax1.xyz/embed/5688638b02530998
📄 Embed sayfa içeriği alındı, boyut: 39475 karakter
🎬 Video Başlığı: Düğüm
📝 Video Açıklaması: 1.Sezon 5.Bölüm
🎯 Tam Başlık: Düğüm - 1.Sezon 5.Bölüm
🎯 HEX DECODE - m3u8 bulundu: https://vidlax.xyz/upload/e499eee33b0ecb1ba2db4385026eff25207b/master.m3u8
      ✅ Düğüm - 1.Sezon 5.Bölüm - 1 m3u8
   🔍 [6/8] Bölüm: https://diziyiizle2.com/dugum/1-sezon-6-bolum/
📺 Embed URL bulundu: https://vidlax1.xyz/embed/b8b2384e4e94f91a
🔍 Embed URL kontrol ediliyor: https://vidlax1.xyz/embed/b8b2384e4e94f91a
📄 Embed sayfa içeriği alındı, boyut: 39475 karakter
🎬 Video Başlığı: Düğüm
📝 Video Açıklaması: 1.Sezon 6.Bölüm
🎯 Tam Başlık: Düğüm - 1.Sezon 6.Bölüm
🎯 HEX DECODE - m3u8 bulundu: https://vidlax.xyz/upload/f65805413cd9750c1d2e8e49f747c8e01e6b/master.m3u8
      ✅ Düğüm - 1.Sezon 6.Bölüm - 1 m3u8
   🔍 [7/8] Bölüm: https://diziyiizle2.com/dugum/1-sezon-7-bolum/
📺 Embed URL bulundu: https://vidlax1.xyz/embed/05ad78e6dafee4ac
🔍 Embed URL kontrol ediliyor: https://vidlax1.xyz/embed/05ad78e6dafee4ac
📄 Embed sayfa içeriği alındı, boyut: 39475 karakter
🎬 Video Başlığı: Düğüm
📝 Video Açıklaması: 1.Sezon 7.Bölüm
🎯 Tam Başlık: Düğüm - 1.Sezon 7.Bölüm
🎯 HEX DECODE - m3u8 bulundu: https://vidlax.xyz/upload/4d105a5e05794838d89168d4e3ee2a825907/master.m3u8
      ✅ Düğüm - 1.Sezon 7.Bölüm - 1 m3u8
   🔍 [8/8] Bölüm: https://diziyiizle2.com/dugum/1-sezon-8-bolum/
📺 Embed URL bulundu: https://vidlax1.xyz/embed/f45d0b9b50d61ebd
🔍 Embed URL kontrol ediliyor: https://vidlax1.xyz/embed/f45d0b9b50d61ebd
📄 Embed sayfa içeriği alındı, boyut: 39475 karakter
🎬 Video Başlığı: Düğüm
📝 Video Açıklaması: 1.Sezon 8.Bölüm
🎯 Tam Başlık: Düğüm - 1.Sezon 8.Bölüm
🎯 HEX DECODE - m3u8 bulundu: https://vidlax.xyz/upload/a498f5a05567765ee9b61efa475077a9c155/master.m3u8
      ✅ Düğüm - 1.Sezon 8.Bölüm - 1 m3u8
      📁 Dizi playlist: playlists/dugum_playlist.m3u
   ✅ Dizi tamamlandı: 8 m3u8 eklendi

============================================================
🎬 [33/56] İşleniyor: https://diziyiizle2.com/dizi/9-1-1-nashville/
📺 Bölüm bulundu: 1. Sezon 1. BölümAltyazılı24.10.202542 dk. - https://diziyiizle2.com/9-1-1-nashville/1-sezon-1-bolum/
📺 Bölüm bulundu: 1. Sezon 2. BölümAltyazılı24.10.2025 - https://diziyiizle2.com/9-1-1-nashville/1-sezon-2-bolum/
📺 Bölüm bulundu: 1. Sezon 3. BölümAltyazılı24.10.2025 - https://diziyiizle2.com/9-1-1-nashville/1-sezon-3-bolum/
📺 Bölüm bulundu: 1. Sezon 4. BölümAltyazılı24.10.2025 - https://diziyiizle2.com/9-1-1-nashville/1-sezon-4-bolum/
📺 Bölüm bulundu: 1. Sezon 5. BölümAltyazılı24.10.2025 - https://diziyiizle2.com/9-1-1-nashville/1-sezon-5-bolum/
📺 Bölüm bulundu: 1. Sezon 6. BölümAltyazılı24.10.2025 - https://diziyiizle2.com/9-1-1-nashville/1-sezon-6-bolum/
📺 Bölüm bulundu: 1. Sezon 7. BölümAltyazılı24.10.2025 - https://diziyiizle2.com/9-1-1-nashville/1-sezon-7-bolum/

📊 Toplam 7 bölüm bulundu
   🔍 [1/7] Bölüm: https://diziyiizle2.com/9-1-1-nashville/1-sezon-1-bolum/
📺 Embed URL bulundu: https://vidlax1.xyz/embed/74e8c2b348af81bf
🔍 Embed URL kontrol ediliyor: https://vidlax1.xyz/embed/74e8c2b348af81bf
📄 Embed sayfa içeriği alındı, boyut: 39662 karakter
🎬 Video Başlığı: 9-1-1: Nashville
📝 Video Açıklaması: 1.Sezon 1.Bölüm
🎯 Tam Başlık: 9-1-1: Nashville - 1.Sezon 1.Bölüm
🎯 HEX DECODE - m3u8 bulundu: https://vidlax.xyz/upload/3de57539fb539d76fa7dfd8193c94262f9ee/master.m3u8
      ✅ 9-1-1: Nashville - 1.Sezon 1.Bölüm - 1 m3u8
   🔍 [2/7] Bölüm: https://diziyiizle2.com/9-1-1-nashville/1-sezon-2-bolum/
📺 Embed URL bulundu: https://vidlax1.xyz/embed/9bccb26887466457
🔍 Embed URL kontrol ediliyor: https://vidlax1.xyz/embed/9bccb26887466457
📄 Embed sayfa içeriği alındı, boyut: 39662 karakter
🎬 Video Başlığı: 9-1-1: Nashville
📝 Video Açıklaması: 1.Sezon 2.Bölüm
🎯 Tam Başlık: 9-1-1: Nashville - 1.Sezon 2.Bölüm
🎯 HEX DECODE - m3u8 bulundu: https://vidlax.xyz/upload/8143f692505d80df30b709332ade915af9e8/master.m3u8
      ✅ 9-1-1: Nashville - 1.Sezon 2.Bölüm - 1 m3u8
   🔍 [3/7] Bölüm: https://diziyiizle2.com/9-1-1-nashville/1-sezon-3-bolum/
📺 Embed URL bulundu: https://vidlax1.xyz/embed/cc8bea0d7dec2367
🔍 Embed URL kontrol ediliyor: https://vidlax1.xyz/embed/cc8bea0d7dec2367
📄 Embed sayfa içeriği alındı, boyut: 39662 karakter
🎬 Video Başlığı: 9-1-1: Nashville
📝 Video Açıklaması: 1.Sezon 3.Bölüm
🎯 Tam Başlık: 9-1-1: Nashville - 1.Sezon 3.Bölüm
🎯 HEX DECODE - m3u8 bulundu: https://vidlax.xyz/upload/93541a1ce4b65efd6668a603016b9de30e96/master.m3u8
      ✅ 9-1-1: Nashville - 1.Sezon 3.Bölüm - 1 m3u8
   🔍 [4/7] Bölüm: https://diziyiizle2.com/9-1-1-nashville/1-sezon-4-bolum/

🔍 Vidlax direkt analizi: https://diziyiizle2.com/9-1-1-nashville/1-sezon-4-bolum/
📄 Sayfa içeriği alındı: 59171 karakter
❌ m3u8 URL'si bulunamadı
      ❌ m3u8 bulunamadı
   🔍 [5/7] Bölüm: https://diziyiizle2.com/9-1-1-nashville/1-sezon-5-bolum/

🔍 Vidlax direkt analizi: https://diziyiizle2.com/9-1-1-nashville/1-sezon-5-bolum/
📄 Sayfa içeriği alındı: 59171 karakter
❌ m3u8 URL'si bulunamadı
      ❌ m3u8 bulunamadı
   🔍 [6/7] Bölüm: https://diziyiizle2.com/9-1-1-nashville/1-sezon-6-bolum/

🔍 Vidlax direkt analizi: https://diziyiizle2.com/9-1-1-nashville/1-sezon-6-bolum/
📄 Sayfa içeriği alındı: 59172 karakter
❌ m3u8 URL'si bulunamadı
      ❌ m3u8 bulunamadı
   🔍 [7/7] Bölüm: https://diziyiizle2.com/9-1-1-nashville/1-sezon-7-bolum/

🔍 Vidlax direkt analizi: https://diziyiizle2.com/9-1-1-nashville/1-sezon-7-bolum/
📄 Sayfa içeriği alındı: 59172 karakter
❌ m3u8 URL'si bulunamadı
      ❌ m3u8 bulunamadı
      📁 Dizi playlist: playlists/9_1_1_nashville_playlist.m3u
   ✅ Dizi tamamlandı: 3 m3u8 eklendi

============================================================
🎬 [34/56] İşleniyor: https://diziyiizle2.com/dizi/kayip-kizlar-long-island-seri-katili/
📺 Bölüm bulundu: 1. Sezon 1. BölümDublaj23.10.202550 dk. - https://diziyiizle2.com/kayip-kizlar-long-island-seri-katili/1-sezon-1-bolum/
📺 Bölüm bulundu: 1. Sezon 2. BölümDublaj23.10.202557 dk. - https://diziyiizle2.com/kayip-kizlar-long-island-seri-katili/1-sezon-2-bolum/
📺 Bölüm bulundu: 1. Sezon 3. BölümDublaj23.10.202553 dk. - https://diziyiizle2.com/kayip-kizlar-long-island-seri-katili/1-sezon-3-bolum/

📊 Toplam 3 bölüm bulundu
   🔍 [1/3] Bölüm: https://diziyiizle2.com/kayip-kizlar-long-island-seri-katili/1-sezon-1-bolum/
📺 Embed URL bulundu: https://vidlax1.xyz/embed/e6fa4715d06ec31b
🔍 Embed URL kontrol ediliyor: https://vidlax1.xyz/embed/e6fa4715d06ec31b
📄 Embed sayfa içeriği alındı, boyut: 40546 karakter
🎬 Video Başlığı: Gone Girls: The Long Island Serial Killer
📝 Video Açıklaması: 1.Sezon 1.Bölüm
🎯 Tam Başlık: Gone Girls: The Long Island Serial Killer - 1.Sezon 1.Bölüm
🎯 HEX DECODE - m3u8 bulundu: https://vidlax.xyz/upload/f1f2d784b7cfa17745143573c2d0c1ea9a39/master.m3u8
      ✅ Gone Girls: The Long Island Serial Killer - 1.Sezon 1.Bölüm - 1 m3u8
   🔍 [2/3] Bölüm: https://diziyiizle2.com/kayip-kizlar-long-island-seri-katili/1-sezon-2-bolum/
📺 Embed URL bulundu: https://vidlax1.xyz/embed/0228228d5688ba2c
🔍 Embed URL kontrol ediliyor: https://vidlax1.xyz/embed/0228228d5688ba2c
📄 Embed sayfa içeriği alındı, boyut: 40367 karakter
🎬 Video Başlığı: Gone Girls: The Long Island Serial Killer
📝 Video Açıklaması: 1.Sezon 2.Bölüm
🎯 Tam Başlık: Gone Girls: The Long Island Serial Killer - 1.Sezon 2.Bölüm
🎯 HEX DECODE - m3u8 bulundu: https://vidlax.xyz/upload/145050bded7a6de828b201ff0ed0d7f8e2b4/master.m3u8
      ✅ Gone Girls: The Long Island Serial Killer - 1.Sezon 2.Bölüm - 1 m3u8
   🔍 [3/3] Bölüm: https://diziyiizle2.com/kayip-kizlar-long-island-seri-katili/1-sezon-3-bolum/
📺 Embed URL bulundu: https://vidlax1.xyz/embed/d11c0d45010cc191
🔍 Embed URL kontrol ediliyor: https://vidlax1.xyz/embed/d11c0d45010cc191
📄 Embed sayfa içeriği alındı, boyut: 40840 karakter
🎬 Video Başlığı: Gone Girls: The Long Island Serial Killer
📝 Video Açıklaması: 1.Sezon 3.Bölüm
🎯 Tam Başlık: Gone Girls: The Long Island Serial Killer - 1.Sezon 3.Bölüm
🎯 HEX DECODE - m3u8 bulundu: https://vidlax.xyz/upload/7462298cb370f3f6e04cf4d39fc0660744a4/master.m3u8
      ✅ Gone Girls: The Long Island Serial Killer - 1.Sezon 3.Bölüm - 1 m3u8
      📁 Dizi playlist: playlists/kayip_kizlar_long_island_seri_katili_playlist.m3u
   ✅ Dizi tamamlandı: 3 m3u8 eklendi

============================================================
🎬 [35/56] İşleniyor: https://diziyiizle2.com/dizi/en-guclu-100/
📺 Bölüm bulundu: 1. Sezon 1. BölümDublaj23.10.202553 dk. - https://diziyiizle2.com/en-guclu-100/1-sezon-1-bolum/
📺 Bölüm bulundu: 1. Sezon 2. BölümDublaj23.10.202563 dk. - https://diziyiizle2.com/en-guclu-100/1-sezon-2-bolum/
📺 Bölüm bulundu: 1. Sezon 3. BölümDublaj23.10.202568 dk. - https://diziyiizle2.com/en-guclu-100/1-sezon-3-bolum/
📺 Bölüm bulundu: 1. Sezon 4. BölümDublaj23.10.202551 dk. - https://diziyiizle2.com/en-guclu-100/1-sezon-4-bolum/
📺 Bölüm bulundu: 1. Sezon 5. BölümDublaj23.10.202569 dk. - https://diziyiizle2.com/en-guclu-100/1-sezon-5-bolum/
📺 Bölüm bulundu: 1. Sezon 6. BölümDublaj23.10.202561 dk. - https://diziyiizle2.com/en-guclu-100/1-sezon-6-bolum/
📺 Bölüm bulundu: 1. Sezon 7. BölümDublaj23.10.202553 dk. - https://diziyiizle2.com/en-guclu-100/1-sezon-7-bolum/
📺 Bölüm bulundu: 1. Sezon 8. BölümDublaj23.10.202573 dk. - https://diziyiizle2.com/en-guclu-100/1-sezon-8-bolum/
📺 Bölüm bulundu: 1. Sezon 9. BölümDublaj23.10.202588 dk. - https://diziyiizle2.com/en-guclu-100/1-sezon-9-bolum/
📺 Bölüm bulundu: 2. Sezon 1. BölümDublaj23.10.202567 dk. - https://diziyiizle2.com/en-guclu-100/2-sezon-1-bolum/
📺 Bölüm bulundu: 2. Sezon 2. BölümDublaj23.10.202554 dk. - https://diziyiizle2.com/en-guclu-100/2-sezon-2-bolum/
📺 Bölüm bulundu: 2. Sezon 3. BölümDublaj23.10.202553 dk. - https://diziyiizle2.com/en-guclu-100/2-sezon-3-bolum/
📺 Bölüm bulundu: 2. Sezon 4. BölümDublaj23.10.202573 dk. - https://diziyiizle2.com/en-guclu-100/2-sezon-4-bolum/
📺 Bölüm bulundu: 2. Sezon 5. BölümDublaj23.10.202554 dk. - https://diziyiizle2.com/en-guclu-100/2-sezon-5-bolum/
📺 Bölüm bulundu: 2. Sezon 6. BölümAltyazılı23.10.202573 dk. - https://diziyiizle2.com/en-guclu-100/2-sezon-6-bolum/
📺 Bölüm bulundu: 2. Sezon 7. BölümAltyazılı23.10.202565 dk. - https://diziyiizle2.com/en-guclu-100/2-sezon-7-bolum/
📺 Bölüm bulundu: 2. Sezon 8. BölümAltyazılı23.10.202587 dk. - https://diziyiizle2.com/en-guclu-100/2-sezon-8-bolum/
📺 Bölüm bulundu: 2. Sezon 9. BölümDublaj23.10.202596 dk. - https://diziyiizle2.com/en-guclu-100/2-sezon-9-bolum/

📊 Toplam 18 bölüm bulundu
   🔍 [1/18] Bölüm: https://diziyiizle2.com/en-guclu-100/1-sezon-1-bolum/
📺 Embed URL bulundu: https://vidlax1.xyz/embed/82bd9e7c53b86a32
🔍 Embed URL kontrol ediliyor: https://vidlax1.xyz/embed/82bd9e7c53b86a32
📄 Embed sayfa içeriği alındı, boyut: 39821 karakter
🎬 Video Başlığı: Physical: 100
📝 Video Açıklaması: 1.Sezon 1.Bölüm
🎯 Tam Başlık: Physical: 100 - 1.Sezon 1.Bölüm
🎯 HEX DECODE - m3u8 bulundu: https://vidlax.xyz/upload/017666bfb47258178b555b764015d0b1605e/master.m3u8
      ✅ Physical: 100 - 1.Sezon 1.Bölüm - 1 m3u8
   🔍 [2/18] Bölüm: https://diziyiizle2.com/en-guclu-100/1-sezon-2-bolum/
📺 Embed URL bulundu: https://vidlax1.xyz/embed/99a32510be5b551d
🔍 Embed URL kontrol ediliyor: https://vidlax1.xyz/embed/99a32510be5b551d
📄 Embed sayfa içeriği alındı, boyut: 39821 karakter
🎬 Video Başlığı: Physical: 100
📝 Video Açıklaması: 1.Sezon 2.Bölüm
🎯 Tam Başlık: Physical: 100 - 1.Sezon 2.Bölüm
🎯 HEX DECODE - m3u8 bulundu: https://vidlax.xyz/upload/126827dfaa774d7530a130e70083e8ff22d3/master.m3u8
      ✅ Physical: 100 - 1.Sezon 2.Bölüm - 1 m3u8
   🔍 [3/18] Bölüm: https://diziyiizle2.com/en-guclu-100/1-sezon-3-bolum/
📺 Embed URL bulundu: https://vidlax1.xyz/embed/9daa3ded3d1841de
🔍 Embed URL kontrol ediliyor: https://vidlax1.xyz/embed/9daa3ded3d1841de
📄 Embed sayfa içeriği alındı, boyut: 39821 karakter
🎬 Video Başlığı: Physical: 100
📝 Video Açıklaması: 1.Sezon 3.Bölüm
🎯 Tam Başlık: Physical: 100 - 1.Sezon 3.Bölüm
🎯 HEX DECODE - m3u8 bulundu: https://vidlax.xyz/upload/6ebfd1d1ed39a401b5c6c273a0577cf19cb8/master.m3u8
      ✅ Physical: 100 - 1.Sezon 3.Bölüm - 1 m3u8
   🔍 [4/18] Bölüm: https://diziyiizle2.com/en-guclu-100/1-sezon-4-bolum/
📺 Embed URL bulundu: https://vidlax1.xyz/embed/5dbf9d851deb32d6
🔍 Embed URL kontrol ediliyor: https://vidlax1.xyz/embed/5dbf9d851deb32d6
📄 Embed sayfa içeriği alındı, boyut: 39821 karakter
🎬 Video Başlığı: Physical: 100
📝 Video Açıklaması: 1.Sezon 4.Bölüm
🎯 Tam Başlık: Physical: 100 - 1.Sezon 4.Bölüm
🎯 HEX DECODE - m3u8 bulundu: https://vidlax.xyz/upload/f20bf746a11bf4728b5f611f3a1c89bcdc00/master.m3u8
      ✅ Physical: 100 - 1.Sezon 4.Bölüm - 1 m3u8
   🔍 [5/18] Bölüm: https://diziyiizle2.com/en-guclu-100/1-sezon-5-bolum/
📺 Embed URL bulundu: https://vidlax1.xyz/embed/b844ed7dc01affb3
🔍 Embed URL kontrol ediliyor: https://vidlax1.xyz/embed/b844ed7dc01affb3
📄 Embed sayfa içeriği alındı, boyut: 39821 karakter
🎬 Video Başlığı: Physical: 100
📝 Video Açıklaması: 1.Sezon 5.Bölüm
🎯 Tam Başlık: Physical: 100 - 1.Sezon 5.Bölüm
🎯 HEX DECODE - m3u8 bulundu: https://vidlax.xyz/upload/be2ecf4f5e096de0b99703df5318c5107af5/master.m3u8
      ✅ Physical: 100 - 1.Sezon 5.Bölüm - 1 m3u8
   🔍 [6/18] Bölüm: https://diziyiizle2.com/en-guclu-100/1-sezon-6-bolum/
📺 Embed URL bulundu: https://vidlax1.xyz/embed/4e66f063cda6923f
🔍 Embed URL kontrol ediliyor: https://vidlax1.xyz/embed/4e66f063cda6923f
📄 Embed sayfa içeriği alındı, boyut: 39821 karakter
🎬 Video Başlığı: Physical: 100
📝 Video Açıklaması: 1.Sezon 6.Bölüm
🎯 Tam Başlık: Physical: 100 - 1.Sezon 6.Bölüm
🎯 HEX DECODE - m3u8 bulundu: https://vidlax.xyz/upload/c42bcb53a21ba67bc511851517ed1a681d8c/master.m3u8
      ✅ Physical: 100 - 1.Sezon 6.Bölüm - 1 m3u8
   🔍 [7/18] Bölüm: https://diziyiizle2.com/en-guclu-100/1-sezon-7-bolum/
📺 Embed URL bulundu: https://vidlax1.xyz/embed/4895bc375121a385
🔍 Embed URL kontrol ediliyor: https://vidlax1.xyz/embed/4895bc375121a385
📄 Embed sayfa içeriği alındı, boyut: 39821 karakter
🎬 Video Başlığı: Physical: 100
📝 Video Açıklaması: 1.Sezon 7.Bölüm
🎯 Tam Başlık: Physical: 100 - 1.Sezon 7.Bölüm
🎯 HEX DECODE - m3u8 bulundu: https://vidlax.xyz/upload/15bd6dac6a86b6cf43ac3cf88b8abdc1e36e/master.m3u8
      ✅ Physical: 100 - 1.Sezon 7.Bölüm - 1 m3u8
   🔍 [8/18] Bölüm: https://diziyiizle2.com/en-guclu-100/1-sezon-8-bolum/
📺 Embed URL bulundu: https://vidlax1.xyz/embed/53462e9e5127b926
🔍 Embed URL kontrol ediliyor: https://vidlax1.xyz/embed/53462e9e5127b926
📄 Embed sayfa içeriği alındı, boyut: 39830 karakter
🎬 Video Başlığı: Physical: 100
📝 Video Açıklaması: 1.Sezon 8.Bölüm
🎯 Tam Başlık: Physical: 100 - 1.Sezon 8.Bölüm
🎯 HEX DECODE - m3u8 bulundu: https://vidlax.xyz/upload/95b910ad6eccbce5a4f53d5fd3fd924ec24e/master.m3u8
      ✅ Physical: 100 - 1.Sezon 8.Bölüm - 1 m3u8
   🔍 [9/18] Bölüm: https://diziyiizle2.com/en-guclu-100/1-sezon-9-bolum/
📺 Embed URL bulundu: https://vidlax1.xyz/embed/18cf49953075ac5c
🔍 Embed URL kontrol ediliyor: https://vidlax1.xyz/embed/18cf49953075ac5c
📄 Embed sayfa içeriği alındı, boyut: 39830 karakter
🎬 Video Başlığı: Physical: 100
📝 Video Açıklaması: 1.Sezon 9.Bölüm
🎯 Tam Başlık: Physical: 100 - 1.Sezon 9.Bölüm
🎯 HEX DECODE - m3u8 bulundu: https://vidlax.xyz/upload/7d1e2935e56872b415a61f35430ec71a395f/master.m3u8
      ✅ Physical: 100 - 1.Sezon 9.Bölüm - 1 m3u8
   🔍 [10/18] Bölüm: https://diziyiizle2.com/en-guclu-100/2-sezon-1-bolum/
📺 Embed URL bulundu: https://vidlax1.xyz/embed/a73ae2d59bce186d
🔍 Embed URL kontrol ediliyor: https://vidlax1.xyz/embed/a73ae2d59bce186d
📄 Embed sayfa içeriği alındı, boyut: 39997 karakter
🎬 Video Başlığı: Physical: 100
📝 Video Açıklaması: 2.Sezon 1.Bölüm
🎯 Tam Başlık: Physical: 100 - 2.Sezon 1.Bölüm
🎯 HEX DECODE - m3u8 bulundu: https://vidlax.xyz/upload/ceb56e73a0b5f36ac50fb9bb0f5abbdefc8a/master.m3u8
      ✅ Physical: 100 - 2.Sezon 1.Bölüm - 1 m3u8
   🔍 [11/18] Bölüm: https://diziyiizle2.com/en-guclu-100/2-sezon-2-bolum/
📺 Embed URL bulundu: https://vidlax1.xyz/embed/f10e38491d57ed42
🔍 Embed URL kontrol ediliyor: https://vidlax1.xyz/embed/f10e38491d57ed42
📄 Embed sayfa içeriği alındı, boyut: 40175 karakter
🎬 Video Başlığı: Physical: 100
📝 Video Açıklaması: 2.Sezon 2.Bölüm
🎯 Tam Başlık: Physical: 100 - 2.Sezon 2.Bölüm
🎯 HEX DECODE - m3u8 bulundu: https://vidlax.xyz/upload/11fbc9ee30b1ba1e784ca89b06045b0988dc/master.m3u8
      ✅ Physical: 100 - 2.Sezon 2.Bölüm - 1 m3u8
   🔍 [12/18] Bölüm: https://diziyiizle2.com/en-guclu-100/2-sezon-3-bolum/
📺 Embed URL bulundu: https://vidlax1.xyz/embed/c17ba00d83a01980
🔍 Embed URL kontrol ediliyor: https://vidlax1.xyz/embed/c17ba00d83a01980
📄 Embed sayfa içeriği alındı, boyut: 40173 karakter
🎬 Video Başlığı: Physical: 100
📝 Video Açıklaması: 2.Sezon 3.Bölüm
🎯 Tam Başlık: Physical: 100 - 2.Sezon 3.Bölüm
🎯 HEX DECODE - m3u8 bulundu: https://vidlax.xyz/upload/3585fb095175b9b3eeef793e1f0e5a004ff1/master.m3u8
      ✅ Physical: 100 - 2.Sezon 3.Bölüm - 1 m3u8
   🔍 [13/18] Bölüm: https://diziyiizle2.com/en-guclu-100/2-sezon-4-bolum/
📺 Embed URL bulundu: https://vidlax1.xyz/embed/7aec1ad0d6825fdb
🔍 Embed URL kontrol ediliyor: https://vidlax1.xyz/embed/7aec1ad0d6825fdb
📄 Embed sayfa içeriği alındı, boyut: 39997 karakter
🎬 Video Başlığı: Physical: 100
📝 Video Açıklaması: 2.Sezon 4.Bölüm
🎯 Tam Başlık: Physical: 100 - 2.Sezon 4.Bölüm
🎯 HEX DECODE - m3u8 bulundu: https://vidlax.xyz/upload/4e93526f328c56daa27915346aba9aa98b62/master.m3u8
      ✅ Physical: 100 - 2.Sezon 4.Bölüm - 1 m3u8
   🔍 [14/18] Bölüm: https://diziyiizle2.com/en-guclu-100/2-sezon-5-bolum/
📺 Embed URL bulundu: https://vidlax1.xyz/embed/9ba86e3b0e5055af
🔍 Embed URL kontrol ediliyor: https://vidlax1.xyz/embed/9ba86e3b0e5055af
📄 Embed sayfa içeriği alındı, boyut: 40165 karakter
🎬 Video Başlığı: Physical: 100
📝 Video Açıklaması: 2.Sezon 5.Bölüm
🎯 Tam Başlık: Physical: 100 - 2.Sezon 5.Bölüm
🎯 HEX DECODE - m3u8 bulundu: https://vidlax.xyz/upload/1e37fd9b4995f35c1e16f8d06b5cf987ff2a/master.m3u8
      ✅ Physical: 100 - 2.Sezon 5.Bölüm - 1 m3u8
   🔍 [15/18] Bölüm: https://diziyiizle2.com/en-guclu-100/2-sezon-6-bolum/

🔍 Vidlax direkt analizi: https://diziyiizle2.com/en-guclu-100/2-sezon-6-bolum/
📄 Sayfa içeriği alındı: 74860 karakter
❌ m3u8 URL'si bulunamadı
      ❌ m3u8 bulunamadı
   🔍 [16/18] Bölüm: https://diziyiizle2.com/en-guclu-100/2-sezon-7-bolum/

🔍 Vidlax direkt analizi: https://diziyiizle2.com/en-guclu-100/2-sezon-7-bolum/
📄 Sayfa içeriği alındı: 74860 karakter
❌ m3u8 URL'si bulunamadı
      ❌ m3u8 bulunamadı
   🔍 [17/18] Bölüm: https://diziyiizle2.com/en-guclu-100/2-sezon-8-bolum/

🔍 Vidlax direkt analizi: https://diziyiizle2.com/en-guclu-100/2-sezon-8-bolum/
📄 Sayfa içeriği alındı: 74860 karakter
❌ m3u8 URL'si bulunamadı
      ❌ m3u8 bulunamadı
   🔍 [18/18] Bölüm: https://diziyiizle2.com/en-guclu-100/2-sezon-9-bolum/
📺 Embed URL bulundu: https://vidlax1.xyz/embed/877bd45b1fb2c74a
🔍 Embed URL kontrol ediliyor: https://vidlax1.xyz/embed/877bd45b1fb2c74a
📄 Embed sayfa içeriği alındı, boyut: 39823 karakter
🎬 Video Başlığı: Physical: 100
📝 Video Açıklaması: 2.Sezon 9.Bölüm
🎯 Tam Başlık: Physical: 100 - 2.Sezon 9.Bölüm
🎯 HEX DECODE - m3u8 bulundu: https://vidlax.xyz/upload/aa36cc27735bc8997194f203ea39bbfb25e3/master.m3u8
      ✅ Physical: 100 - 2.Sezon 9.Bölüm - 1 m3u8
      📁 Dizi playlist: playlists/en_guclu_100_playlist.m3u
   ✅ Dizi tamamlandı: 15 m3u8 eklendi

============================================================
🎬 [36/56] İşleniyor: https://diziyiizle2.com/dizi/mob-war-philadelphia-vs-the-mafia/
📺 Bölüm bulundu: 1. Sezon 1. BölümDublaj22.10.2025 - https://diziyiizle2.com/mob-war-philadelphia-vs-the-mafia/1-sezon-1-bolum/
📺 Bölüm bulundu: 1. Sezon 2. BölümAltyazılı22.10.2025 - https://diziyiizle2.com/mob-war-philadelphia-vs-the-mafia/1-sezon-2-bolum/
📺 Bölüm bulundu: 1. Sezon 3. BölümAltyazılı22.10.2025 - https://diziyiizle2.com/mob-war-philadelphia-vs-the-mafia/1-sezon-3-bolum/

📊 Toplam 3 bölüm bulundu
   🔍 [1/3] Bölüm: https://diziyiizle2.com/mob-war-philadelphia-vs-the-mafia/1-sezon-1-bolum/
📺 Embed URL bulundu: https://vidlax1.xyz/embed/de8de9708cdc8c93
🔍 Embed URL kontrol ediliyor: https://vidlax1.xyz/embed/de8de9708cdc8c93
📄 Embed sayfa içeriği alındı, boyut: 42598 karakter
🎬 Video Başlığı: Mob War: Philadelphia vs. The Mafia
📝 Video Açıklaması: 1.Sezon 1.Bölüm
🎯 Tam Başlık: Mob War: Philadelphia vs. The Mafia - 1.Sezon 1.Bölüm
🎯 HEX DECODE - m3u8 bulundu: https://vidlax.xyz/upload/9c1830c43ebcd73e705e8d19c65da86eafcb/master.m3u8
      ✅ Mob War: Philadelphia vs. The Mafia - 1.Sezon 1.Bölüm - 1 m3u8
   🔍 [2/3] Bölüm: https://diziyiizle2.com/mob-war-philadelphia-vs-the-mafia/1-sezon-2-bolum/

🔍 Vidlax direkt analizi: https://diziyiizle2.com/mob-war-philadelphia-vs-the-mafia/1-sezon-2-bolum/
📄 Sayfa içeriği alındı: 54593 karakter
❌ m3u8 URL'si bulunamadı
      ❌ m3u8 bulunamadı
   🔍 [3/3] Bölüm: https://diziyiizle2.com/mob-war-philadelphia-vs-the-mafia/1-sezon-3-bolum/

🔍 Vidlax direkt analizi: https://diziyiizle2.com/mob-war-philadelphia-vs-the-mafia/1-sezon-3-bolum/
📄 Sayfa içeriği alındı: 54593 karakter
❌ m3u8 URL'si bulunamadı
      ❌ m3u8 bulunamadı
      📁 Dizi playlist: playlists/mob_war_philadelphia_vs_the_mafia_playlist.m3u
   ✅ Dizi tamamlandı: 1 m3u8 eklendi

============================================================
🎬 [37/56] İşleniyor: https://diziyiizle2.com/dizi/harlan-cobens-lazarus/
📺 Bölüm bulundu: 1. Sezon 1. BölümDublaj22.10.2025 - https://diziyiizle2.com/harlan-cobens-lazarus/1-sezon-1-bolum/
📺 Bölüm bulundu: 1. Sezon 2. BölümDublaj22.10.2025 - https://diziyiizle2.com/harlan-cobens-lazarus/1-sezon-2-bolum/
📺 Bölüm bulundu: 1. Sezon 3. BölümDublaj22.10.2025 - https://diziyiizle2.com/harlan-cobens-lazarus/1-sezon-3-bolum/
📺 Bölüm bulundu: 1. Sezon 4. BölümDublaj22.10.2025 - https://diziyiizle2.com/harlan-cobens-lazarus/1-sezon-4-bolum/
📺 Bölüm bulundu: 1. Sezon 5. BölümDublaj22.10.2025 - https://diziyiizle2.com/harlan-cobens-lazarus/1-sezon-5-bolum/
📺 Bölüm bulundu: 1. Sezon 6. BölümDublaj22.10.2025 - https://diziyiizle2.com/harlan-cobens-lazarus/1-sezon-6-bolum/

📊 Toplam 6 bölüm bulundu
   🔍 [1/6] Bölüm: https://diziyiizle2.com/harlan-cobens-lazarus/1-sezon-1-bolum/
📺 Embed URL bulundu: https://vidlax1.xyz/embed/60793f5bcbd3d659
🔍 Embed URL kontrol ediliyor: https://vidlax1.xyz/embed/60793f5bcbd3d659
📄 Embed sayfa içeriği alındı, boyut: 42384 karakter
🎬 Video Başlığı: Harlan Coben&#039;s Lazarus
📝 Video Açıklaması: 1.Sezon 1.Bölüm
🎯 Tam Başlık: Harlan Coben&#039;s Lazarus - 1.Sezon 1.Bölüm
🎯 HEX DECODE - m3u8 bulundu: https://vidlax.xyz/upload/ffb563436b9841ab16cb5fb7d4302572604b/master.m3u8
      ✅ Harlan Coben&#039;s Lazarus - 1.Sezon 1.Bölüm - 1 m3u8
   🔍 [2/6] Bölüm: https://diziyiizle2.com/harlan-cobens-lazarus/1-sezon-2-bolum/
📺 Embed URL bulundu: https://vidlax1.xyz/embed/a0c1cb17accfb652
🔍 Embed URL kontrol ediliyor: https://vidlax1.xyz/embed/a0c1cb17accfb652
📄 Embed sayfa içeriği alındı, boyut: 42391 karakter
🎬 Video Başlığı: Harlan Coben&#039;s Lazarus
📝 Video Açıklaması: 1.Sezon 2.Bölüm
🎯 Tam Başlık: Harlan Coben&#039;s Lazarus - 1.Sezon 2.Bölüm
🎯 HEX DECODE - m3u8 bulundu: https://vidlax.xyz/upload/c5118dc97b8ffe7a530ff1f6b459ba7bf64f/master.m3u8
      ✅ Harlan Coben&#039;s Lazarus - 1.Sezon 2.Bölüm - 1 m3u8
   🔍 [3/6] Bölüm: https://diziyiizle2.com/harlan-cobens-lazarus/1-sezon-3-bolum/
📺 Embed URL bulundu: https://vidlax1.xyz/embed/f7d0f09831280576
🔍 Embed URL kontrol ediliyor: https://vidlax1.xyz/embed/f7d0f09831280576
📄 Embed sayfa içeriği alındı, boyut: 42391 karakter
🎬 Video Başlığı: Harlan Coben&#039;s Lazarus
📝 Video Açıklaması: 1.Sezon 3.Bölüm
🎯 Tam Başlık: Harlan Coben&#039;s Lazarus - 1.Sezon 3.Bölüm
🎯 HEX DECODE - m3u8 bulundu: https://vidlax.xyz/upload/fe3255e5396df00ce4ed56cc56a044c43398/master.m3u8
      ✅ Harlan Coben&#039;s Lazarus - 1.Sezon 3.Bölüm - 1 m3u8
   🔍 [4/6] Bölüm: https://diziyiizle2.com/harlan-cobens-lazarus/1-sezon-4-bolum/
📺 Embed URL bulundu: https://vidlax1.xyz/embed/4973bc5baf2cf5a2
🔍 Embed URL kontrol ediliyor: https://vidlax1.xyz/embed/4973bc5baf2cf5a2
📄 Embed sayfa içeriği alındı, boyut: 42391 karakter
🎬 Video Başlığı: Harlan Coben&#039;s Lazarus
📝 Video Açıklaması: 1.Sezon 4.Bölüm
🎯 Tam Başlık: Harlan Coben&#039;s Lazarus - 1.Sezon 4.Bölüm
🎯 HEX DECODE - m3u8 bulundu: https://vidlax.xyz/upload/f9882064e8e72f262420db6e9bc806a1467f/master.m3u8
      ✅ Harlan Coben&#039;s Lazarus - 1.Sezon 4.Bölüm - 1 m3u8
   🔍 [5/6] Bölüm: https://diziyiizle2.com/harlan-cobens-lazarus/1-sezon-5-bolum/
📺 Embed URL bulundu: https://vidlax1.xyz/embed/25d270ae335fffc2
🔍 Embed URL kontrol ediliyor: https://vidlax1.xyz/embed/25d270ae335fffc2
📄 Embed sayfa içeriği alındı, boyut: 42391 karakter
🎬 Video Başlığı: Harlan Coben&#039;s Lazarus
📝 Video Açıklaması: 1.Sezon 5.Bölüm
🎯 Tam Başlık: Harlan Coben&#039;s Lazarus - 1.Sezon 5.Bölüm
🎯 HEX DECODE - m3u8 bulundu: https://vidlax.xyz/upload/dab5262440e33e20b8d0aa4d7c7a7dc7ca49/master.m3u8
      ✅ Harlan Coben&#039;s Lazarus - 1.Sezon 5.Bölüm - 1 m3u8
   🔍 [6/6] Bölüm: https://diziyiizle2.com/harlan-cobens-lazarus/1-sezon-6-bolum/
📺 Embed URL bulundu: https://vidlax1.xyz/embed/7606b5bfdfdccb57
🔍 Embed URL kontrol ediliyor: https://vidlax1.xyz/embed/7606b5bfdfdccb57
📄 Embed sayfa içeriği alındı, boyut: 42391 karakter
🎬 Video Başlığı: Harlan Coben&#039;s Lazarus
📝 Video Açıklaması: 1.Sezon 6.Bölüm
🎯 Tam Başlık: Harlan Coben&#039;s Lazarus - 1.Sezon 6.Bölüm
🎯 HEX DECODE - m3u8 bulundu: https://vidlax.xyz/upload/8a3012eb16d93e31588cc27b78da6c08e3bb/master.m3u8
      ✅ Harlan Coben&#039;s Lazarus - 1.Sezon 6.Bölüm - 1 m3u8
      📁 Dizi playlist: playlists/harlan_cobens_lazarus_playlist.m3u
   ✅ Dizi tamamlandı: 6 m3u8 eklendi

============================================================
🎬 [38/56] İşleniyor: https://diziyiizle2.com/dizi/il-mostro/
📺 Bölüm bulundu: 1. Sezon 1. BölümAltyazılı22.10.2025 - https://diziyiizle2.com/il-mostro/1-sezon-1-bolum/

📊 Toplam 1 bölüm bulundu
   🔍 [1/1] Bölüm: https://diziyiizle2.com/il-mostro/1-sezon-1-bolum/

🔍 Vidlax direkt analizi: https://diziyiizle2.com/il-mostro/1-sezon-1-bolum/
📄 Sayfa içeriği alındı: 51522 karakter
❌ m3u8 URL'si bulunamadı
      ❌ m3u8 bulunamadı
   ❌ Bu dizi için hiç m3u8 bulunamadı

============================================================
🎬 [39/56] İşleniyor: https://diziyiizle2.com/dizi/the-forsytes/
📺 Bölüm bulundu: 1. Sezon 1. BölümAltyazılı21.10.202551 dk. - https://diziyiizle2.com/the-forsytes/1-sezon-1-bolum/
📺 Bölüm bulundu: 1. Sezon 2. BölümAltyazılı28.10.202551 dk. - https://diziyiizle2.com/the-forsytes/1-sezon-2-bolum/
📺 Bölüm bulundu: 1. Sezon 3. BölümAltyazılı21.10.202552 dk. - https://diziyiizle2.com/the-forsytes/1-sezon-3-bolum/
📺 Bölüm bulundu: 1. Sezon 4. BölümAltyazılı21.10.202552 dk. - https://diziyiizle2.com/the-forsytes/1-sezon-4-bolum/
📺 Bölüm bulundu: 1. Sezon 5. BölümAltyazılı21.10.202551 dk. - https://diziyiizle2.com/the-forsytes/1-sezon-5-bolum/
📺 Bölüm bulundu: 1. Sezon 6. BölümAltyazılı21.10.202552 dk. - https://diziyiizle2.com/the-forsytes/1-sezon-6-bolum/

📊 Toplam 6 bölüm bulundu
   🔍 [1/6] Bölüm: https://diziyiizle2.com/the-forsytes/1-sezon-1-bolum/

🔍 Vidlax direkt analizi: https://diziyiizle2.com/the-forsytes/1-sezon-1-bolum/
📄 Sayfa içeriği alındı: 58629 karakter
❌ m3u8 URL'si bulunamadı
      ❌ m3u8 bulunamadı
   🔍 [2/6] Bölüm: https://diziyiizle2.com/the-forsytes/1-sezon-2-bolum/

🔍 Vidlax direkt analizi: https://diziyiizle2.com/the-forsytes/1-sezon-2-bolum/
📄 Sayfa içeriği alındı: 58700 karakter
❌ m3u8 URL'si bulunamadı
      ❌ m3u8 bulunamadı
   🔍 [3/6] Bölüm: https://diziyiizle2.com/the-forsytes/1-sezon-3-bolum/

🔍 Vidlax direkt analizi: https://diziyiizle2.com/the-forsytes/1-sezon-3-bolum/
📄 Sayfa içeriği alındı: 58700 karakter
❌ m3u8 URL'si bulunamadı
      ❌ m3u8 bulunamadı
   🔍 [4/6] Bölüm: https://diziyiizle2.com/the-forsytes/1-sezon-4-bolum/

🔍 Vidlax direkt analizi: https://diziyiizle2.com/the-forsytes/1-sezon-4-bolum/
📄 Sayfa içeriği alındı: 58700 karakter
❌ m3u8 URL'si bulunamadı
      ❌ m3u8 bulunamadı
   🔍 [5/6] Bölüm: https://diziyiizle2.com/the-forsytes/1-sezon-5-bolum/

🔍 Vidlax direkt analizi: https://diziyiizle2.com/the-forsytes/1-sezon-5-bolum/
📄 Sayfa içeriği alındı: 58701 karakter
❌ m3u8 URL'si bulunamadı
      ❌ m3u8 bulunamadı
   🔍 [6/6] Bölüm: https://diziyiizle2.com/the-forsytes/1-sezon-6-bolum/

🔍 Vidlax direkt analizi: https://diziyiizle2.com/the-forsytes/1-sezon-6-bolum/
📄 Sayfa içeriği alındı: 58701 karakter
❌ m3u8 URL'si bulunamadı
      ❌ m3u8 bulunamadı
   ❌ Bu dizi için hiç m3u8 bulunamadı

============================================================
🎬 [40/56] İşleniyor: https://diziyiizle2.com/dizi/anne-rices-talamasca-the-secret-order/
📺 Bölüm bulundu: 1. Sezon 1. BölümAltyazılı21.10.202553 dk. - https://diziyiizle2.com/anne-rices-talamasca-the-secret-order/1-sezon-1-bolum/
📺 Bölüm bulundu: 1. Sezon 2. BölümAltyazılı21.10.2025 - https://diziyiizle2.com/anne-rices-talamasca-the-secret-order/1-sezon-2-bolum/
📺 Bölüm bulundu: 1. Sezon 3. BölümAltyazılı21.10.2025 - https://diziyiizle2.com/anne-rices-talamasca-the-secret-order/1-sezon-3-bolum/
📺 Bölüm bulundu: 1. Sezon 4. BölümAltyazılı21.10.2025 - https://diziyiizle2.com/anne-rices-talamasca-the-secret-order/1-sezon-4-bolum/
📺 Bölüm bulundu: 1. Sezon 5. BölümAltyazılı21.10.2025 - https://diziyiizle2.com/anne-rices-talamasca-the-secret-order/1-sezon-5-bolum/
📺 Bölüm bulundu: 1. Sezon 6. BölümAltyazılı21.10.2025 - https://diziyiizle2.com/anne-rices-talamasca-the-secret-order/1-sezon-6-bolum/

📊 Toplam 6 bölüm bulundu
   🔍 [1/6] Bölüm: https://diziyiizle2.com/anne-rices-talamasca-the-secret-order/1-sezon-1-bolum/
📺 Embed URL bulundu: https://vidlax1.xyz/embed/242939a781087a52
🔍 Embed URL kontrol ediliyor: https://vidlax1.xyz/embed/242939a781087a52
📄 Embed sayfa içeriği alındı, boyut: 39815 karakter
🎬 Video Başlığı: Talamasca: The Secret Order
📝 Video Açıklaması: 1.Sezon 1.Bölüm
🎯 Tam Başlık: Talamasca: The Secret Order - 1.Sezon 1.Bölüm
🎯 HEX DECODE - m3u8 bulundu: https://vidlax.xyz/upload/e6d5e48fd3bc3e208a81de9987becf46185c/master.m3u8
      ✅ Talamasca: The Secret Order - 1.Sezon 1.Bölüm - 1 m3u8
   🔍 [2/6] Bölüm: https://diziyiizle2.com/anne-rices-talamasca-the-secret-order/1-sezon-2-bolum/
📺 Embed URL bulundu: https://vidlax1.xyz/embed/c67c35cf68e8078f
🔍 Embed URL kontrol ediliyor: https://vidlax1.xyz/embed/c67c35cf68e8078f
📄 Embed sayfa içeriği alındı, boyut: 39815 karakter
🎬 Video Başlığı: Talamasca: The Secret Order
📝 Video Açıklaması: 1.Sezon 2.Bölüm
🎯 Tam Başlık: Talamasca: The Secret Order - 1.Sezon 2.Bölüm
🎯 HEX DECODE - m3u8 bulundu: https://vidlax.xyz/upload/ac7f0010b754aca38d7c34315cf53202ecb0/master.m3u8
      ✅ Talamasca: The Secret Order - 1.Sezon 2.Bölüm - 1 m3u8
   🔍 [3/6] Bölüm: https://diziyiizle2.com/anne-rices-talamasca-the-secret-order/1-sezon-3-bolum/

🔍 Vidlax direkt analizi: https://diziyiizle2.com/anne-rices-talamasca-the-secret-order/1-sezon-3-bolum/
📄 Sayfa içeriği alındı: 58586 karakter
❌ m3u8 URL'si bulunamadı
      ❌ m3u8 bulunamadı
   🔍 [4/6] Bölüm: https://diziyiizle2.com/anne-rices-talamasca-the-secret-order/1-sezon-4-bolum/

🔍 Vidlax direkt analizi: https://diziyiizle2.com/anne-rices-talamasca-the-secret-order/1-sezon-4-bolum/
📄 Sayfa içeriği alındı: 58586 karakter
❌ m3u8 URL'si bulunamadı
      ❌ m3u8 bulunamadı
   🔍 [5/6] Bölüm: https://diziyiizle2.com/anne-rices-talamasca-the-secret-order/1-sezon-5-bolum/

🔍 Vidlax direkt analizi: https://diziyiizle2.com/anne-rices-talamasca-the-secret-order/1-sezon-5-bolum/
📄 Sayfa içeriği alındı: 58584 karakter
❌ m3u8 URL'si bulunamadı
      ❌ m3u8 bulunamadı
   🔍 [6/6] Bölüm: https://diziyiizle2.com/anne-rices-talamasca-the-secret-order/1-sezon-6-bolum/

🔍 Vidlax direkt analizi: https://diziyiizle2.com/anne-rices-talamasca-the-secret-order/1-sezon-6-bolum/
📄 Sayfa içeriği alındı: 58586 karakter
❌ m3u8 URL'si bulunamadı
      ❌ m3u8 bulunamadı
      📁 Dizi playlist: playlists/anne_rices_talamasca_the_secret_order_playlist.m3u
   ✅ Dizi tamamlandı: 2 m3u8 eklendi

============================================================
🎬 [41/56] İşleniyor: https://diziyiizle2.com/dizi/the-ridge/
📺 Bölüm bulundu: 1. Sezon 1. BölümAltyazılı21.10.202542 dk. - https://diziyiizle2.com/the-ridge/1-sezon-1-bolum/
📺 Bölüm bulundu: 1. Sezon 2. BölümAltyazılı21.10.202542 dk. - https://diziyiizle2.com/the-ridge/1-sezon-2-bolum/
📺 Bölüm bulundu: 1. Sezon 3. BölümAltyazılı21.10.202542 dk. - https://diziyiizle2.com/the-ridge/1-sezon-3-bolum/
📺 Bölüm bulundu: 1. Sezon 4. BölümAltyazılı21.10.202542 dk. - https://diziyiizle2.com/the-ridge/1-sezon-4-bolum/
📺 Bölüm bulundu: 1. Sezon 5. BölümAltyazılı25.10.202542 dk. - https://diziyiizle2.com/the-ridge/1-sezon-5-bolum/
📺 Bölüm bulundu: 1. Sezon 6. BölümAltyazılı21.10.202542 dk. - https://diziyiizle2.com/the-ridge/1-sezon-6-bolum/

📊 Toplam 6 bölüm bulundu
   🔍 [1/6] Bölüm: https://diziyiizle2.com/the-ridge/1-sezon-1-bolum/
📺 Embed URL bulundu: https://vidlax1.xyz/embed/7016961717fa3389
🔍 Embed URL kontrol ediliyor: https://vidlax1.xyz/embed/7016961717fa3389
📄 Embed sayfa içeriği alındı, boyut: 39797 karakter
🎬 Video Başlığı: The Ridge
📝 Video Açıklaması: 1.Sezon 1.Bölüm
🎯 Tam Başlık: The Ridge - 1.Sezon 1.Bölüm
🎯 HEX DECODE - m3u8 bulundu: https://vidlax.xyz/upload/dddb5cfb0fa75137058461ba0d237da70260/master.m3u8
      ✅ The Ridge - 1.Sezon 1.Bölüm - 1 m3u8
   🔍 [2/6] Bölüm: https://diziyiizle2.com/the-ridge/1-sezon-2-bolum/

🔍 Vidlax direkt analizi: https://diziyiizle2.com/the-ridge/1-sezon-2-bolum/
📄 Sayfa içeriği alındı: 57907 karakter
❌ m3u8 URL'si bulunamadı
      ❌ m3u8 bulunamadı
   🔍 [3/6] Bölüm: https://diziyiizle2.com/the-ridge/1-sezon-3-bolum/

🔍 Vidlax direkt analizi: https://diziyiizle2.com/the-ridge/1-sezon-3-bolum/
📄 Sayfa içeriği alındı: 57906 karakter
❌ m3u8 URL'si bulunamadı
      ❌ m3u8 bulunamadı
   🔍 [4/6] Bölüm: https://diziyiizle2.com/the-ridge/1-sezon-4-bolum/

🔍 Vidlax direkt analizi: https://diziyiizle2.com/the-ridge/1-sezon-4-bolum/
📄 Sayfa içeriği alındı: 57907 karakter
❌ m3u8 URL'si bulunamadı
      ❌ m3u8 bulunamadı
   🔍 [5/6] Bölüm: https://diziyiizle2.com/the-ridge/1-sezon-5-bolum/
📺 Embed URL bulundu: https://vidlax1.xyz/embed/49038c2f58a6fd4a
🔍 Embed URL kontrol ediliyor: https://vidlax1.xyz/embed/49038c2f58a6fd4a
📄 Embed sayfa içeriği alındı, boyut: 39655 karakter
🎬 Video Başlığı: The Ridge
📝 Video Açıklaması: 1.Sezon 5.Bölüm
🎯 Tam Başlık: The Ridge - 1.Sezon 5.Bölüm
🎯 HEX DECODE - m3u8 bulundu: https://vidlax.xyz/upload/4f310d569fc362490a70be4dfb4f75b45d6e/master.m3u8
      ✅ The Ridge - 1.Sezon 5.Bölüm - 1 m3u8
   🔍 [6/6] Bölüm: https://diziyiizle2.com/the-ridge/1-sezon-6-bolum/

🔍 Vidlax direkt analizi: https://diziyiizle2.com/the-ridge/1-sezon-6-bolum/
📄 Sayfa içeriği alındı: 57907 karakter
❌ m3u8 URL'si bulunamadı
      ❌ m3u8 bulunamadı
      📁 Dizi playlist: playlists/the_ridge_playlist.m3u
   ✅ Dizi tamamlandı: 2 m3u8 eklendi

============================================================
🎬 [42/56] İşleniyor: https://diziyiizle2.com/dizi/dexter/
📺 Bölüm bulundu: 1. Sezon 1. BölümDublaj19.10.202553 dk. - https://diziyiizle2.com/dexter/1-sezon-1-bolum/
📺 Bölüm bulundu: 1. Sezon 2. BölümDublaj19.10.202555 dk. - https://diziyiizle2.com/dexter/1-sezon-2-bolum/
📺 Bölüm bulundu: 1. Sezon 3. BölümDublaj19.10.202551 dk. - https://diziyiizle2.com/dexter/1-sezon-3-bolum/
📺 Bölüm bulundu: 1. Sezon 4. BölümDublaj19.10.202558 dk. - https://diziyiizle2.com/dexter/1-sezon-4-bolum/
📺 Bölüm bulundu: 1. Sezon 5. BölümDublaj19.10.202556 dk. - https://diziyiizle2.com/dexter/1-sezon-5-bolum/
📺 Bölüm bulundu: 1. Sezon 6. BölümDublaj19.10.202553 dk. - https://diziyiizle2.com/dexter/1-sezon-6-bolum/
📺 Bölüm bulundu: 1. Sezon 7. BölümDublaj19.10.202553 dk. - https://diziyiizle2.com/dexter/1-sezon-7-bolum/
📺 Bölüm bulundu: 1. Sezon 8. BölümDublaj19.10.202554 dk. - https://diziyiizle2.com/dexter/1-sezon-8-bolum/
📺 Bölüm bulundu: 1. Sezon 9. BölümDublaj19.10.202556 dk. - https://diziyiizle2.com/dexter/1-sezon-9-bolum/
📺 Bölüm bulundu: 1. Sezon 10. BölümDublaj19.10.202557 dk. - https://diziyiizle2.com/dexter/1-sezon-10-bolum/
📺 Bölüm bulundu: 1. Sezon 11. BölümDublaj19.10.202554 dk. - https://diziyiizle2.com/dexter/1-sezon-11-bolum/
📺 Bölüm bulundu: 1. Sezon 12. BölümDublaj19.10.202557 dk. - https://diziyiizle2.com/dexter/1-sezon-12-bolum/
📺 Bölüm bulundu: 2. Sezon 1. BölümDublaj19.10.202554 dk. - https://diziyiizle2.com/dexter/2-sezon-1-bolum/
📺 Bölüm bulundu: 2. Sezon 2. BölümDublaj19.10.202556 dk. - https://diziyiizle2.com/dexter/2-sezon-2-bolum/
📺 Bölüm bulundu: 2. Sezon 3. BölümDublaj19.10.202553 dk. - https://diziyiizle2.com/dexter/2-sezon-3-bolum/
📺 Bölüm bulundu: 2. Sezon 4. BölümDublaj19.10.202553 dk. - https://diziyiizle2.com/dexter/2-sezon-4-bolum/
📺 Bölüm bulundu: 2. Sezon 5. BölümDublaj19.10.202556 dk. - https://diziyiizle2.com/dexter/2-sezon-5-bolum/
📺 Bölüm bulundu: 2. Sezon 6. BölümDublaj19.10.202554 dk. - https://diziyiizle2.com/dexter/2-sezon-6-bolum/
📺 Bölüm bulundu: 2. Sezon 7. BölümDublaj19.10.202556 dk. - https://diziyiizle2.com/dexter/2-sezon-7-bolum/
📺 Bölüm bulundu: 2. Sezon 8. BölümDublaj19.10.202550 dk. - https://diziyiizle2.com/dexter/2-sezon-8-bolum/
📺 Bölüm bulundu: 2. Sezon 9. BölümDublaj19.10.202551 dk. - https://diziyiizle2.com/dexter/2-sezon-9-bolum/
📺 Bölüm bulundu: 2. Sezon 10. BölümDublaj19.10.202556 dk. - https://diziyiizle2.com/dexter/2-sezon-10-bolum/
📺 Bölüm bulundu: 2. Sezon 11. BölümDublaj19.10.202552 dk. - https://diziyiizle2.com/dexter/2-sezon-11-bolum/
📺 Bölüm bulundu: 2. Sezon 12. BölümDublaj19.10.202552 dk. - https://diziyiizle2.com/dexter/2-sezon-12-bolum/
📺 Bölüm bulundu: 3. Sezon 1. BölümDublaj19.10.202558 dk. - https://diziyiizle2.com/dexter/3-sezon-1-bolum/
📺 Bölüm bulundu: 3. Sezon 2. BölümDublaj19.10.202550 dk. - https://diziyiizle2.com/dexter/3-sezon-2-bolum/
📺 Bölüm bulundu: 3. Sezon 3. BölümDublaj19.10.202550 dk. - https://diziyiizle2.com/dexter/3-sezon-3-bolum/
📺 Bölüm bulundu: 3. Sezon 4. BölümDublaj19.10.202555 dk. - https://diziyiizle2.com/dexter/3-sezon-4-bolum/
📺 Bölüm bulundu: 3. Sezon 5. BölümDublaj19.10.202549 dk. - https://diziyiizle2.com/dexter/3-sezon-5-bolum/
📺 Bölüm bulundu: 3. Sezon 6. BölümDublaj19.10.202555 dk. - https://diziyiizle2.com/dexter/3-sezon-6-bolum/
📺 Bölüm bulundu: 3. Sezon 7. BölümDublaj19.10.202558 dk. - https://diziyiizle2.com/dexter/3-sezon-7-bolum/
📺 Bölüm bulundu: 3. Sezon 8. BölümDublaj19.10.202555 dk. - https://diziyiizle2.com/dexter/3-sezon-8-bolum/
📺 Bölüm bulundu: 3. Sezon 9. BölümDublaj19.10.202552 dk. - https://diziyiizle2.com/dexter/3-sezon-9-bolum/
📺 Bölüm bulundu: 3. Sezon 10. BölümDublaj19.10.202551 dk. - https://diziyiizle2.com/dexter/3-sezon-10-bolum/
📺 Bölüm bulundu: 3. Sezon 11. BölümDublaj19.10.202551 dk. - https://diziyiizle2.com/dexter/3-sezon-11-bolum/
📺 Bölüm bulundu: 3. Sezon 12. BölümDublaj19.10.202552 dk. - https://diziyiizle2.com/dexter/3-sezon-12-bolum/
📺 Bölüm bulundu: 4. Sezon 1. BölümDublaj19.10.202554 dk. - https://diziyiizle2.com/dexter/4-sezon-1-bolum/
📺 Bölüm bulundu: 4. Sezon 2. BölümDublaj19.10.202550 dk. - https://diziyiizle2.com/dexter/4-sezon-2-bolum/
📺 Bölüm bulundu: 4. Sezon 3. BölümDublaj19.10.202552 dk. - https://diziyiizle2.com/dexter/4-sezon-3-bolum/
📺 Bölüm bulundu: 4. Sezon 4. BölümDublaj19.10.202555 dk. - https://diziyiizle2.com/dexter/4-sezon-4-bolum/
📺 Bölüm bulundu: 4. Sezon 5. BölümDublaj19.10.202550 dk. - https://diziyiizle2.com/dexter/4-sezon-5-bolum/
📺 Bölüm bulundu: 4. Sezon 6. BölümDublaj19.10.202556 dk. - https://diziyiizle2.com/dexter/4-sezon-6-bolum/
📺 Bölüm bulundu: 4. Sezon 7. BölümDublaj19.10.202553 dk. - https://diziyiizle2.com/dexter/4-sezon-7-bolum/
📺 Bölüm bulundu: 4. Sezon 8. BölümDublaj19.10.202555 dk. - https://diziyiizle2.com/dexter/4-sezon-8-bolum/
📺 Bölüm bulundu: 4. Sezon 9. BölümDublaj19.10.202552 dk. - https://diziyiizle2.com/dexter/4-sezon-9-bolum/
📺 Bölüm bulundu: 4. Sezon 10. BölümDublaj19.10.202557 dk. - https://diziyiizle2.com/dexter/4-sezon-10-bolum/
📺 Bölüm bulundu: 4. Sezon 11. BölümDublaj19.10.202552 dk. - https://diziyiizle2.com/dexter/4-sezon-11-bolum/
📺 Bölüm bulundu: 4. Sezon 12. BölümDublaj19.10.202552 dk. - https://diziyiizle2.com/dexter/4-sezon-12-bolum/
📺 Bölüm bulundu: 5. Sezon 1. BölümDublaj19.10.202555 dk. - https://diziyiizle2.com/dexter/5-sezon-1-bolum/
📺 Bölüm bulundu: 5. Sezon 2. BölümDublaj19.10.202550 dk. - https://diziyiizle2.com/dexter/5-sezon-2-bolum/
📺 Bölüm bulundu: 5. Sezon 3. BölümDublaj19.10.202549 dk. - https://diziyiizle2.com/dexter/5-sezon-3-bolum/
📺 Bölüm bulundu: 5. Sezon 4. BölümDublaj19.10.202551 dk. - https://diziyiizle2.com/dexter/5-sezon-4-bolum/
📺 Bölüm bulundu: 5. Sezon 5. BölümDublaj19.10.202551 dk. - https://diziyiizle2.com/dexter/5-sezon-5-bolum/
📺 Bölüm bulundu: 5. Sezon 6. BölümDublaj19.10.202551 dk. - https://diziyiizle2.com/dexter/5-sezon-6-bolum/
📺 Bölüm bulundu: 5. Sezon 7. BölümDublaj19.10.202549 dk. - https://diziyiizle2.com/dexter/5-sezon-7-bolum/
📺 Bölüm bulundu: 5. Sezon 8. BölümDublaj19.10.202553 dk. - https://diziyiizle2.com/dexter/5-sezon-8-bolum/
📺 Bölüm bulundu: 5. Sezon 9. BölümDublaj19.10.202555 dk. - https://diziyiizle2.com/dexter/5-sezon-9-bolum/
📺 Bölüm bulundu: 5. Sezon 10. BölümDublaj19.10.202554 dk. - https://diziyiizle2.com/dexter/5-sezon-10-bolum/
📺 Bölüm bulundu: 5. Sezon 11. BölümDublaj19.10.202548 dk. - https://diziyiizle2.com/dexter/5-sezon-11-bolum/
📺 Bölüm bulundu: 5. Sezon 12. BölümDublaj19.10.202556 dk. - https://diziyiizle2.com/dexter/5-sezon-12-bolum/
📺 Bölüm bulundu: 6. Sezon 1. BölümDublaj19.10.202554 dk. - https://diziyiizle2.com/dexter/6-sezon-1-bolum/
📺 Bölüm bulundu: 6. Sezon 2. BölümDublaj19.10.202554 dk. - https://diziyiizle2.com/dexter/6-sezon-2-bolum/
📺 Bölüm bulundu: 6. Sezon 3. BölümDublaj19.10.202551 dk. - https://diziyiizle2.com/dexter/6-sezon-3-bolum/
📺 Bölüm bulundu: 6. Sezon 4. BölümDublaj19.10.202553 dk. - https://diziyiizle2.com/dexter/6-sezon-4-bolum/
📺 Bölüm bulundu: 6. Sezon 5. BölümDublaj19.10.202552 dk. - https://diziyiizle2.com/dexter/6-sezon-5-bolum/
📺 Bölüm bulundu: 6. Sezon 6. BölümDublaj19.10.202555 dk. - https://diziyiizle2.com/dexter/6-sezon-6-bolum/
📺 Bölüm bulundu: 6. Sezon 7. BölümDublaj19.10.202552 dk. - https://diziyiizle2.com/dexter/6-sezon-7-bolum/
📺 Bölüm bulundu: 6. Sezon 8. BölümDublaj19.10.202553 dk. - https://diziyiizle2.com/dexter/6-sezon-8-bolum/
📺 Bölüm bulundu: 6. Sezon 9. BölümDublaj19.10.202551 dk. - https://diziyiizle2.com/dexter/6-sezon-9-bolum/
📺 Bölüm bulundu: 6. Sezon 10. BölümDublaj19.10.202550 dk. - https://diziyiizle2.com/dexter/6-sezon-10-bolum/
📺 Bölüm bulundu: 6. Sezon 11. BölümDublaj19.10.202548 dk. - https://diziyiizle2.com/dexter/6-sezon-11-bolum/
📺 Bölüm bulundu: 6. Sezon 12. BölümDublaj19.10.202552 dk. - https://diziyiizle2.com/dexter/6-sezon-12-bolum/
📺 Bölüm bulundu: 7. Sezon 1. BölümDublaj19.10.202556 dk. - https://diziyiizle2.com/dexter/7-sezon-1-bolum/
📺 Bölüm bulundu: 7. Sezon 2. BölümDublaj19.10.202559 dk. - https://diziyiizle2.com/dexter/7-sezon-2-bolum/
📺 Bölüm bulundu: 7. Sezon 3. BölümDublaj19.10.202557 dk. - https://diziyiizle2.com/dexter/7-sezon-3-bolum/
📺 Bölüm bulundu: 7. Sezon 4. BölümDublaj19.10.202554 dk. - https://diziyiizle2.com/dexter/7-sezon-4-bolum/
📺 Bölüm bulundu: 7. Sezon 5. BölümDublaj19.10.202558 dk. - https://diziyiizle2.com/dexter/7-sezon-5-bolum/
📺 Bölüm bulundu: 7. Sezon 6. BölümDublaj19.10.202555 dk. - https://diziyiizle2.com/dexter/7-sezon-6-bolum/
📺 Bölüm bulundu: 7. Sezon 7. BölümDublaj19.10.202554 dk. - https://diziyiizle2.com/dexter/7-sezon-7-bolum/
📺 Bölüm bulundu: 7. Sezon 8. BölümDublaj19.10.202558 dk. - https://diziyiizle2.com/dexter/7-sezon-8-bolum/
📺 Bölüm bulundu: 7. Sezon 9. BölümDublaj19.10.202557 dk. - https://diziyiizle2.com/dexter/7-sezon-9-bolum/
📺 Bölüm bulundu: 7. Sezon 10. BölümDublaj19.10.202554 dk. - https://diziyiizle2.com/dexter/7-sezon-10-bolum/
📺 Bölüm bulundu: 7. Sezon 11. BölümDublaj19.10.202558 dk. - https://diziyiizle2.com/dexter/7-sezon-11-bolum/
📺 Bölüm bulundu: 7. Sezon 12. BölümDublaj19.10.202556 dk. - https://diziyiizle2.com/dexter/7-sezon-12-bolum/
📺 Bölüm bulundu: 8. Sezon 1. BölümDublaj19.10.202553 dk. - https://diziyiizle2.com/dexter/8-sezon-1-bolum/
📺 Bölüm bulundu: 8. Sezon 2. BölümDublaj19.10.202558 dk. - https://diziyiizle2.com/dexter/8-sezon-2-bolum/
📺 Bölüm bulundu: 8. Sezon 3. BölümDublaj19.10.202549 dk. - https://diziyiizle2.com/dexter/8-sezon-3-bolum/
📺 Bölüm bulundu: 8. Sezon 4. BölümDublaj19.10.202550 dk. - https://diziyiizle2.com/dexter/8-sezon-4-bolum/
📺 Bölüm bulundu: 8. Sezon 5. BölümDublaj19.10.202548 dk. - https://diziyiizle2.com/dexter/8-sezon-5-bolum/
📺 Bölüm bulundu: 8. Sezon 6. BölümDublaj19.10.202556 dk. - https://diziyiizle2.com/dexter/8-sezon-6-bolum/
📺 Bölüm bulundu: 8. Sezon 7. BölümDublaj19.10.202553 dk. - https://diziyiizle2.com/dexter/8-sezon-7-bolum/
📺 Bölüm bulundu: 8. Sezon 8. BölümDublaj19.10.202553 dk. - https://diziyiizle2.com/dexter/8-sezon-8-bolum/
📺 Bölüm bulundu: 8. Sezon 9. BölümDublaj19.10.202556 dk. - https://diziyiizle2.com/dexter/8-sezon-9-bolum/
📺 Bölüm bulundu: 8. Sezon 10. BölümDublaj19.10.202553 dk. - https://diziyiizle2.com/dexter/8-sezon-10-bolum/
📺 Bölüm bulundu: 8. Sezon 11. BölümDublaj19.10.202553 dk. - https://diziyiizle2.com/dexter/8-sezon-11-bolum/
📺 Bölüm bulundu: 8. Sezon 12. BölümDublaj19.10.202557 dk. - https://diziyiizle2.com/dexter/8-sezon-12-bolum/

📊 Toplam 96 bölüm bulundu
   🔍 [1/96] Bölüm: https://diziyiizle2.com/dexter/1-sezon-1-bolum/
📺 Embed URL bulundu: https://vidlax1.xyz/embed/d8057513a2c5377e
🔍 Embed URL kontrol ediliyor: https://vidlax1.xyz/embed/d8057513a2c5377e
📄 Embed sayfa içeriği alındı, boyut: 39653 karakter
🎬 Video Başlığı: Dexter
📝 Video Açıklaması: 1.Sezon 1.Bölüm
🎯 Tam Başlık: Dexter - 1.Sezon 1.Bölüm
🎯 HEX DECODE - m3u8 bulundu: https://vidlax.xyz/upload/fa063e9c6f3d23505c3ad2debf841f1f59ae/master.m3u8
      ✅ Dexter - 1.Sezon 1.Bölüm - 1 m3u8
   🔍 [2/96] Bölüm: https://diziyiizle2.com/dexter/1-sezon-2-bolum/
📺 Embed URL bulundu: https://vidlax1.xyz/embed/cc6c5a08762c193a
🔍 Embed URL kontrol ediliyor: https://vidlax1.xyz/embed/cc6c5a08762c193a
📄 Embed sayfa içeriği alındı, boyut: 39653 karakter
🎬 Video Başlığı: Dexter
📝 Video Açıklaması: 1.Sezon 2.Bölüm
🎯 Tam Başlık: Dexter - 1.Sezon 2.Bölüm
🎯 HEX DECODE - m3u8 bulundu: https://vidlax.xyz/upload/c2e2d2a2121e105d76d57843bdf48a4c9033/master.m3u8
      ✅ Dexter - 1.Sezon 2.Bölüm - 1 m3u8
   🔍 [3/96] Bölüm: https://diziyiizle2.com/dexter/1-sezon-3-bolum/
📺 Embed URL bulundu: https://vidlax1.xyz/embed/31b843054c745fa5
🔍 Embed URL kontrol ediliyor: https://vidlax1.xyz/embed/31b843054c745fa5
📄 Embed sayfa içeriği alındı, boyut: 39653 karakter
🎬 Video Başlığı: Dexter
📝 Video Açıklaması: 1.Sezon 3.Bölüm
🎯 Tam Başlık: Dexter - 1.Sezon 3.Bölüm
🎯 HEX DECODE - m3u8 bulundu: https://vidlax.xyz/upload/aefb4f3339fa92cb32c24cb8e0e2ae6de9ac/master.m3u8
      ✅ Dexter - 1.Sezon 3.Bölüm - 1 m3u8
   🔍 [4/96] Bölüm: https://diziyiizle2.com/dexter/1-sezon-4-bolum/
📺 Embed URL bulundu: https://vidlax1.xyz/embed/068618189a0ad683
🔍 Embed URL kontrol ediliyor: https://vidlax1.xyz/embed/068618189a0ad683
📄 Embed sayfa içeriği alındı, boyut: 39653 karakter
🎬 Video Başlığı: Dexter
📝 Video Açıklaması: 1.Sezon 4.Bölüm
🎯 Tam Başlık: Dexter - 1.Sezon 4.Bölüm
🎯 HEX DECODE - m3u8 bulundu: https://vidlax.xyz/upload/e3b34d336d029967f0c7c71e400f37e1ad8d/master.m3u8
      ✅ Dexter - 1.Sezon 4.Bölüm - 1 m3u8
   🔍 [5/96] Bölüm: https://diziyiizle2.com/dexter/1-sezon-5-bolum/
📺 Embed URL bulundu: https://vidlax1.xyz/embed/7318716e476e5794
🔍 Embed URL kontrol ediliyor: https://vidlax1.xyz/embed/7318716e476e5794
📄 Embed sayfa içeriği alındı, boyut: 39653 karakter
🎬 Video Başlığı: Dexter
📝 Video Açıklaması: 1.Sezon 5.Bölüm
🎯 Tam Başlık: Dexter - 1.Sezon 5.Bölüm
🎯 HEX DECODE - m3u8 bulundu: https://vidlax.xyz/upload/3add0f36aaf2e77231b836e688447f16e262/master.m3u8
      ✅ Dexter - 1.Sezon 5.Bölüm - 1 m3u8
   🔍 [6/96] Bölüm: https://diziyiizle2.com/dexter/1-sezon-6-bolum/
📺 Embed URL bulundu: https://vidlax1.xyz/embed/caf2f71e0d24e585
🔍 Embed URL kontrol ediliyor: https://vidlax1.xyz/embed/caf2f71e0d24e585
📄 Embed sayfa içeriği alındı, boyut: 39653 karakter
🎬 Video Başlığı: Dexter
📝 Video Açıklaması: 1.Sezon 6.Bölüm
🎯 Tam Başlık: Dexter - 1.Sezon 6.Bölüm
🎯 HEX DECODE - m3u8 bulundu: https://vidlax.xyz/upload/a7e28175dca2ec05aa10e5e475259a9a55ec/master.m3u8
      ✅ Dexter - 1.Sezon 6.Bölüm - 1 m3u8
   🔍 [7/96] Bölüm: https://diziyiizle2.com/dexter/1-sezon-7-bolum/
📺 Embed URL bulundu: https://vidlax1.xyz/embed/2d5134aac9a0a5ae
🔍 Embed URL kontrol ediliyor: https://vidlax1.xyz/embed/2d5134aac9a0a5ae
📄 Embed sayfa içeriği alındı, boyut: 39653 karakter
🎬 Video Başlığı: Dexter
📝 Video Açıklaması: 1.Sezon 7.Bölüm
🎯 Tam Başlık: Dexter - 1.Sezon 7.Bölüm
🎯 HEX DECODE - m3u8 bulundu: https://vidlax.xyz/upload/5ca6dedcf6140c9a9696d86af8147924655e/master.m3u8
      ✅ Dexter - 1.Sezon 7.Bölüm - 1 m3u8
   🔍 [8/96] Bölüm: https://diziyiizle2.com/dexter/1-sezon-8-bolum/
📺 Embed URL bulundu: https://vidlax1.xyz/embed/8485f1e8c37c82fa
🔍 Embed URL kontrol ediliyor: https://vidlax1.xyz/embed/8485f1e8c37c82fa
📄 Embed sayfa içeriği alındı, boyut: 39653 karakter
🎬 Video Başlığı: Dexter
📝 Video Açıklaması: 1.Sezon 8.Bölüm
🎯 Tam Başlık: Dexter - 1.Sezon 8.Bölüm
🎯 HEX DECODE - m3u8 bulundu: https://vidlax.xyz/upload/8e445a5cac1ecfcafd2356fe159e2bb196d8/master.m3u8
      ✅ Dexter - 1.Sezon 8.Bölüm - 1 m3u8
   🔍 [9/96] Bölüm: https://diziyiizle2.com/dexter/1-sezon-9-bolum/
📺 Embed URL bulundu: https://vidlax1.xyz/embed/9fec026d66662e5e
🔍 Embed URL kontrol ediliyor: https://vidlax1.xyz/embed/9fec026d66662e5e
📄 Embed sayfa içeriği alındı, boyut: 39653 karakter
🎬 Video Başlığı: Dexter
📝 Video Açıklaması: 1.Sezon 9.Bölüm
🎯 Tam Başlık: Dexter - 1.Sezon 9.Bölüm
🎯 HEX DECODE - m3u8 bulundu: https://vidlax.xyz/upload/f186e6099926835714b27eef890789f2a459/master.m3u8
      ✅ Dexter - 1.Sezon 9.Bölüm - 1 m3u8
   🔍 [10/96] Bölüm: https://diziyiizle2.com/dexter/1-sezon-10-bolum/
📺 Embed URL bulundu: https://vidlax1.xyz/embed/fbdf67ac1f70cde3
🔍 Embed URL kontrol ediliyor: https://vidlax1.xyz/embed/fbdf67ac1f70cde3
📄 Embed sayfa içeriği alındı, boyut: 39654 karakter
🎬 Video Başlığı: Dexter
📝 Video Açıklaması: 1.Sezon 10.Bölüm
🎯 Tam Başlık: Dexter - 1.Sezon 10.Bölüm
🎯 HEX DECODE - m3u8 bulundu: https://vidlax.xyz/upload/8f4099b6ccf61515acff3bb27c2edc7f70a5/master.m3u8
      ✅ Dexter - 1.Sezon 10.Bölüm - 1 m3u8
   🔍 [11/96] Bölüm: https://diziyiizle2.com/dexter/1-sezon-11-bolum/
📺 Embed URL bulundu: https://vidlax1.xyz/embed/94420201386341b0
🔍 Embed URL kontrol ediliyor: https://vidlax1.xyz/embed/94420201386341b0
📄 Embed sayfa içeriği alındı, boyut: 39654 karakter
🎬 Video Başlığı: Dexter
📝 Video Açıklaması: 1.Sezon 11.Bölüm
🎯 Tam Başlık: Dexter - 1.Sezon 11.Bölüm
🎯 HEX DECODE - m3u8 bulundu: https://vidlax.xyz/upload/9c5e06ff05e8b875bbf8dd84468b94ac7150/master.m3u8
      ✅ Dexter - 1.Sezon 11.Bölüm - 1 m3u8
   🔍 [12/96] Bölüm: https://diziyiizle2.com/dexter/1-sezon-12-bolum/
📺 Embed URL bulundu: https://vidlax1.xyz/embed/070c9116bc2789e7
🔍 Embed URL kontrol ediliyor: https://vidlax1.xyz/embed/070c9116bc2789e7
📄 Embed sayfa içeriği alındı, boyut: 39654 karakter
🎬 Video Başlığı: Dexter
📝 Video Açıklaması: 1.Sezon 12.Bölüm
🎯 Tam Başlık: Dexter - 1.Sezon 12.Bölüm
🎯 HEX DECODE - m3u8 bulundu: https://vidlax.xyz/upload/50ac7687af68cea64039d184ac252b7a9011/master.m3u8
      ✅ Dexter - 1.Sezon 12.Bölüm - 1 m3u8
   🔍 [13/96] Bölüm: https://diziyiizle2.com/dexter/2-sezon-1-bolum/
📺 Embed URL bulundu: https://vidlax1.xyz/embed/dbd0dc19b1b66bee
🔍 Embed URL kontrol ediliyor: https://vidlax1.xyz/embed/dbd0dc19b1b66bee
📄 Embed sayfa içeriği alındı, boyut: 39653 karakter
🎬 Video Başlığı: Dexter
📝 Video Açıklaması: 2.Sezon 1.Bölüm
🎯 Tam Başlık: Dexter - 2.Sezon 1.Bölüm
🎯 HEX DECODE - m3u8 bulundu: https://vidlax.xyz/upload/13e614c663f3b9fe48c6dc734c1a38f75434/master.m3u8
      ✅ Dexter - 2.Sezon 1.Bölüm - 1 m3u8
   🔍 [14/96] Bölüm: https://diziyiizle2.com/dexter/2-sezon-2-bolum/
📺 Embed URL bulundu: https://vidlax1.xyz/embed/f7f087309a8649d9
🔍 Embed URL kontrol ediliyor: https://vidlax1.xyz/embed/f7f087309a8649d9
📄 Embed sayfa içeriği alındı, boyut: 39653 karakter
🎬 Video Başlığı: Dexter
📝 Video Açıklaması: 2.Sezon 2.Bölüm
🎯 Tam Başlık: Dexter - 2.Sezon 2.Bölüm
🎯 HEX DECODE - m3u8 bulundu: https://vidlax.xyz/upload/3421ccebd7fe33706da9529c3cb1455e5a13/master.m3u8
      ✅ Dexter - 2.Sezon 2.Bölüm - 1 m3u8
   🔍 [15/96] Bölüm: https://diziyiizle2.com/dexter/2-sezon-3-bolum/
📺 Embed URL bulundu: https://vidlax1.xyz/embed/cedf2a9b77b3cab2
🔍 Embed URL kontrol ediliyor: https://vidlax1.xyz/embed/cedf2a9b77b3cab2
📄 Embed sayfa içeriği alındı, boyut: 39653 karakter
🎬 Video Başlığı: Dexter
📝 Video Açıklaması: 2.Sezon 3.Bölüm
🎯 Tam Başlık: Dexter - 2.Sezon 3.Bölüm
🎯 HEX DECODE - m3u8 bulundu: https://vidlax.xyz/upload/3b3f3835832faadd3280e078e7fe6902d0c8/master.m3u8
      ✅ Dexter - 2.Sezon 3.Bölüm - 1 m3u8
   🔍 [16/96] Bölüm: https://diziyiizle2.com/dexter/2-sezon-4-bolum/
📺 Embed URL bulundu: https://vidlax1.xyz/embed/e8598a7e03a6f7db
🔍 Embed URL kontrol ediliyor: https://vidlax1.xyz/embed/e8598a7e03a6f7db
📄 Embed sayfa içeriği alındı, boyut: 39653 karakter
🎬 Video Başlığı: Dexter
📝 Video Açıklaması: 2.Sezon 4.Bölüm
🎯 Tam Başlık: Dexter - 2.Sezon 4.Bölüm
🎯 HEX DECODE - m3u8 bulundu: https://vidlax.xyz/upload/1541f9739b4d7966d9c94b8c39199a8ee820/master.m3u8
      ✅ Dexter - 2.Sezon 4.Bölüm - 1 m3u8
   🔍 [17/96] Bölüm: https://diziyiizle2.com/dexter/2-sezon-5-bolum/
📺 Embed URL bulundu: https://vidlax1.xyz/embed/9c30fb15bd560c9f
🔍 Embed URL kontrol ediliyor: https://vidlax1.xyz/embed/9c30fb15bd560c9f
📄 Embed sayfa içeriği alındı, boyut: 39653 karakter
🎬 Video Başlığı: Dexter
📝 Video Açıklaması: 2.Sezon 5.Bölüm
🎯 Tam Başlık: Dexter - 2.Sezon 5.Bölüm
🎯 HEX DECODE - m3u8 bulundu: https://vidlax.xyz/upload/159ed43e5d78095e101db01e404e7325f980/master.m3u8
      ✅ Dexter - 2.Sezon 5.Bölüm - 1 m3u8
   🔍 [18/96] Bölüm: https://diziyiizle2.com/dexter/2-sezon-6-bolum/
📺 Embed URL bulundu: https://vidlax1.xyz/embed/11a64dccf10101e9
🔍 Embed URL kontrol ediliyor: https://vidlax1.xyz/embed/11a64dccf10101e9
📄 Embed sayfa içeriği alındı, boyut: 39653 karakter
🎬 Video Başlığı: Dexter
📝 Video Açıklaması: 2.Sezon 6.Bölüm
🎯 Tam Başlık: Dexter - 2.Sezon 6.Bölüm
🎯 HEX DECODE - m3u8 bulundu: https://vidlax.xyz/upload/64ec05820cec7ed1c58e4872f04b869b7762/master.m3u8
      ✅ Dexter - 2.Sezon 6.Bölüm - 1 m3u8
   🔍 [19/96] Bölüm: https://diziyiizle2.com/dexter/2-sezon-7-bolum/
📺 Embed URL bulundu: https://vidlax1.xyz/embed/dbb7961b18690046
🔍 Embed URL kontrol ediliyor: https://vidlax1.xyz/embed/dbb7961b18690046
📄 Embed sayfa içeriği alındı, boyut: 39653 karakter
🎬 Video Başlığı: Dexter
📝 Video Açıklaması: 2.Sezon 7.Bölüm
🎯 Tam Başlık: Dexter - 2.Sezon 7.Bölüm
🎯 HEX DECODE - m3u8 bulundu: https://vidlax.xyz/upload/60ea165066bc141dd9a96caf39551a1844ca/master.m3u8
      ✅ Dexter - 2.Sezon 7.Bölüm - 1 m3u8
   🔍 [20/96] Bölüm: https://diziyiizle2.com/dexter/2-sezon-8-bolum/
📺 Embed URL bulundu: https://vidlax1.xyz/embed/c1a665bf1602fa37
🔍 Embed URL kontrol ediliyor: https://vidlax1.xyz/embed/c1a665bf1602fa37
📄 Embed sayfa içeriği alındı, boyut: 39653 karakter
🎬 Video Başlığı: Dexter
📝 Video Açıklaması: 2.Sezon 8.Bölüm
🎯 Tam Başlık: Dexter - 2.Sezon 8.Bölüm
🎯 HEX DECODE - m3u8 bulundu: https://vidlax.xyz/upload/f329e3b3d8b01e06f89aa60f4c982bbb5154/master.m3u8
      ✅ Dexter - 2.Sezon 8.Bölüm - 1 m3u8
   🔍 [21/96] Bölüm: https://diziyiizle2.com/dexter/2-sezon-9-bolum/
📺 Embed URL bulundu: https://vidlax1.xyz/embed/5b7fd2f9e383024a
🔍 Embed URL kontrol ediliyor: https://vidlax1.xyz/embed/5b7fd2f9e383024a
📄 Embed sayfa içeriği alındı, boyut: 39653 karakter
🎬 Video Başlığı: Dexter
📝 Video Açıklaması: 2.Sezon 9.Bölüm
🎯 Tam Başlık: Dexter - 2.Sezon 9.Bölüm
🎯 HEX DECODE - m3u8 bulundu: https://vidlax.xyz/upload/051b064ea8c9a0386687af799e62d25f1d40/master.m3u8
      ✅ Dexter - 2.Sezon 9.Bölüm - 1 m3u8
   🔍 [22/96] Bölüm: https://diziyiizle2.com/dexter/2-sezon-10-bolum/
📺 Embed URL bulundu: https://vidlax1.xyz/embed/28903118bbf56b1f
🔍 Embed URL kontrol ediliyor: https://vidlax1.xyz/embed/28903118bbf56b1f
📄 Embed sayfa içeriği alındı, boyut: 39654 karakter
🎬 Video Başlığı: Dexter
📝 Video Açıklaması: 2.Sezon 10.Bölüm
🎯 Tam Başlık: Dexter - 2.Sezon 10.Bölüm
🎯 HEX DECODE - m3u8 bulundu: https://vidlax.xyz/upload/7a08c21757fea7b70dac2408fa0cb51f69ba/master.m3u8
      ✅ Dexter - 2.Sezon 10.Bölüm - 1 m3u8
   🔍 [23/96] Bölüm: https://diziyiizle2.com/dexter/2-sezon-11-bolum/
📺 Embed URL bulundu: https://vidlax1.xyz/embed/c42b583efbbb9b36
🔍 Embed URL kontrol ediliyor: https://vidlax1.xyz/embed/c42b583efbbb9b36
📄 Embed sayfa içeriği alındı, boyut: 39654 karakter
🎬 Video Başlığı: Dexter
📝 Video Açıklaması: 2.Sezon 11.Bölüm
🎯 Tam Başlık: Dexter - 2.Sezon 11.Bölüm
🎯 HEX DECODE - m3u8 bulundu: https://vidlax.xyz/upload/9568d9d087edc7227307764c8ef08ccaf566/master.m3u8
      ✅ Dexter - 2.Sezon 11.Bölüm - 1 m3u8
   🔍 [24/96] Bölüm: https://diziyiizle2.com/dexter/2-sezon-12-bolum/
📺 Embed URL bulundu: https://vidlax1.xyz/embed/80347602b3557f01
🔍 Embed URL kontrol ediliyor: https://vidlax1.xyz/embed/80347602b3557f01
📄 Embed sayfa içeriği alındı, boyut: 39654 karakter
🎬 Video Başlığı: Dexter
📝 Video Açıklaması: 2.Sezon 12.Bölüm
🎯 Tam Başlık: Dexter - 2.Sezon 12.Bölüm
🎯 HEX DECODE - m3u8 bulundu: https://vidlax.xyz/upload/90e0b2c0e86248c9d340df244dca2d319604/master.m3u8
      ✅ Dexter - 2.Sezon 12.Bölüm - 1 m3u8
   🔍 [25/96] Bölüm: https://diziyiizle2.com/dexter/3-sezon-1-bolum/
📺 Embed URL bulundu: https://vidlax1.xyz/embed/cb86d2b992b2ff2f
🔍 Embed URL kontrol ediliyor: https://vidlax1.xyz/embed/cb86d2b992b2ff2f
📄 Embed sayfa içeriği alındı, boyut: 39653 karakter
🎬 Video Başlığı: Dexter
📝 Video Açıklaması: 3.Sezon 1.Bölüm
🎯 Tam Başlık: Dexter - 3.Sezon 1.Bölüm
🎯 HEX DECODE - m3u8 bulundu: https://vidlax.xyz/upload/139abdd9d8a17acfa40ca43de7a0c762563a/master.m3u8
      ✅ Dexter - 3.Sezon 1.Bölüm - 1 m3u8
   🔍 [26/96] Bölüm: https://diziyiizle2.com/dexter/3-sezon-2-bolum/
📺 Embed URL bulundu: https://vidlax1.xyz/embed/e4403e15cb77da67
🔍 Embed URL kontrol ediliyor: https://vidlax1.xyz/embed/e4403e15cb77da67
📄 Embed sayfa içeriği alındı, boyut: 39653 karakter
🎬 Video Başlığı: Dexter
📝 Video Açıklaması: 3.Sezon 2.Bölüm
🎯 Tam Başlık: Dexter - 3.Sezon 2.Bölüm
🎯 HEX DECODE - m3u8 bulundu: https://vidlax.xyz/upload/db2ed7b9414e793c3d77f1e015599e6e1f01/master.m3u8
      ✅ Dexter - 3.Sezon 2.Bölüm - 1 m3u8
   🔍 [27/96] Bölüm: https://diziyiizle2.com/dexter/3-sezon-3-bolum/
📺 Embed URL bulundu: https://vidlax1.xyz/embed/50f58df88b58d2a2
🔍 Embed URL kontrol ediliyor: https://vidlax1.xyz/embed/50f58df88b58d2a2
📄 Embed sayfa içeriği alındı, boyut: 39653 karakter
🎬 Video Başlığı: Dexter
📝 Video Açıklaması: 3.Sezon 3.Bölüm
🎯 Tam Başlık: Dexter - 3.Sezon 3.Bölüm
🎯 HEX DECODE - m3u8 bulundu: https://vidlax.xyz/upload/c0b813b1c3f5e994dafdb10b32c28c483685/master.m3u8
      ✅ Dexter - 3.Sezon 3.Bölüm - 1 m3u8
   🔍 [28/96] Bölüm: https://diziyiizle2.com/dexter/3-sezon-4-bolum/
📺 Embed URL bulundu: https://vidlax1.xyz/embed/7f71d31755137d4f
🔍 Embed URL kontrol ediliyor: https://vidlax1.xyz/embed/7f71d31755137d4f
📄 Embed sayfa içeriği alındı, boyut: 39653 karakter
🎬 Video Başlığı: Dexter
📝 Video Açıklaması: 3.Sezon 4.Bölüm
🎯 Tam Başlık: Dexter - 3.Sezon 4.Bölüm
🎯 HEX DECODE - m3u8 bulundu: https://vidlax.xyz/upload/9622784cebc80d2212117a782eb3399fe48e/master.m3u8
      ✅ Dexter - 3.Sezon 4.Bölüm - 1 m3u8
   🔍 [29/96] Bölüm: https://diziyiizle2.com/dexter/3-sezon-5-bolum/
📺 Embed URL bulundu: https://vidlax1.xyz/embed/a3a928501245e5ca
🔍 Embed URL kontrol ediliyor: https://vidlax1.xyz/embed/a3a928501245e5ca
📄 Embed sayfa içeriği alındı, boyut: 39653 karakter
🎬 Video Başlığı: Dexter
📝 Video Açıklaması: 3.Sezon 5.Bölüm
🎯 Tam Başlık: Dexter - 3.Sezon 5.Bölüm
🎯 HEX DECODE - m3u8 bulundu: https://vidlax.xyz/upload/f66db9d14fdb368497ddc4800a9c91e19df4/master.m3u8
      ✅ Dexter - 3.Sezon 5.Bölüm - 1 m3u8
   🔍 [30/96] Bölüm: https://diziyiizle2.com/dexter/3-sezon-6-bolum/
📺 Embed URL bulundu: https://vidlax1.xyz/embed/71b46cb2c8172a66
🔍 Embed URL kontrol ediliyor: https://vidlax1.xyz/embed/71b46cb2c8172a66
📄 Embed sayfa içeriği alındı, boyut: 39653 karakter
🎬 Video Başlığı: Dexter
📝 Video Açıklaması: 3.Sezon 6.Bölüm
🎯 Tam Başlık: Dexter - 3.Sezon 6.Bölüm
🎯 HEX DECODE - m3u8 bulundu: https://vidlax.xyz/upload/8ae950b8c9cfcbc8a7b7e353d956c7a7deb3/master.m3u8
      ✅ Dexter - 3.Sezon 6.Bölüm - 1 m3u8
   🔍 [31/96] Bölüm: https://diziyiizle2.com/dexter/3-sezon-7-bolum/
📺 Embed URL bulundu: https://vidlax1.xyz/embed/10faa2433ae9ba10
🔍 Embed URL kontrol ediliyor: https://vidlax1.xyz/embed/10faa2433ae9ba10
📄 Embed sayfa içeriği alındı, boyut: 39653 karakter
🎬 Video Başlığı: Dexter
📝 Video Açıklaması: 3.Sezon 7.Bölüm
🎯 Tam Başlık: Dexter - 3.Sezon 7.Bölüm
🎯 HEX DECODE - m3u8 bulundu: https://vidlax.xyz/upload/d1e9448eeabbb78c2bb46088498ee824d65f/master.m3u8
      ✅ Dexter - 3.Sezon 7.Bölüm - 1 m3u8
   🔍 [32/96] Bölüm: https://diziyiizle2.com/dexter/3-sezon-8-bolum/
📺 Embed URL bulundu: https://vidlax1.xyz/embed/237b2c4fdbd138ce
🔍 Embed URL kontrol ediliyor: https://vidlax1.xyz/embed/237b2c4fdbd138ce
📄 Embed sayfa içeriği alındı, boyut: 39653 karakter
🎬 Video Başlığı: Dexter
📝 Video Açıklaması: 3.Sezon 8.Bölüm
🎯 Tam Başlık: Dexter - 3.Sezon 8.Bölüm
🎯 HEX DECODE - m3u8 bulundu: https://vidlax.xyz/upload/6dca6e24252ba2b6b5b7ce699601fc325bc1/master.m3u8
      ✅ Dexter - 3.Sezon 8.Bölüm - 1 m3u8
   🔍 [33/96] Bölüm: https://diziyiizle2.com/dexter/3-sezon-9-bolum/
📺 Embed URL bulundu: https://vidlax1.xyz/embed/ab28a5cda71a2d68
🔍 Embed URL kontrol ediliyor: https://vidlax1.xyz/embed/ab28a5cda71a2d68
📄 Embed sayfa içeriği alındı, boyut: 39653 karakter
🎬 Video Başlığı: Dexter
📝 Video Açıklaması: 3.Sezon 9.Bölüm
🎯 Tam Başlık: Dexter - 3.Sezon 9.Bölüm
🎯 HEX DECODE - m3u8 bulundu: https://vidlax.xyz/upload/d14f09f69058b5ca2d948b4e6898804cfd24/master.m3u8
      ✅ Dexter - 3.Sezon 9.Bölüm - 1 m3u8
   🔍 [34/96] Bölüm: https://diziyiizle2.com/dexter/3-sezon-10-bolum/
📺 Embed URL bulundu: https://vidlax1.xyz/embed/2eab85931a50dc7a
🔍 Embed URL kontrol ediliyor: https://vidlax1.xyz/embed/2eab85931a50dc7a
📄 Embed sayfa içeriği alındı, boyut: 39654 karakter
🎬 Video Başlığı: Dexter
📝 Video Açıklaması: 3.Sezon 10.Bölüm
🎯 Tam Başlık: Dexter - 3.Sezon 10.Bölüm
🎯 HEX DECODE - m3u8 bulundu: https://vidlax.xyz/upload/7d025c270f72b8acd4a9031298de358c0d09/master.m3u8
      ✅ Dexter - 3.Sezon 10.Bölüm - 1 m3u8
   🔍 [35/96] Bölüm: https://diziyiizle2.com/dexter/3-sezon-11-bolum/
📺 Embed URL bulundu: https://vidlax1.xyz/embed/efb40dadaf1d5488
🔍 Embed URL kontrol ediliyor: https://vidlax1.xyz/embed/efb40dadaf1d5488
📄 Embed sayfa içeriği alındı, boyut: 39654 karakter
🎬 Video Başlığı: Dexter
📝 Video Açıklaması: 3.Sezon 11.Bölüm
🎯 Tam Başlık: Dexter - 3.Sezon 11.Bölüm
🎯 HEX DECODE - m3u8 bulundu: https://vidlax.xyz/upload/63c372828c9e079fba07f236c7243acea69a/master.m3u8
      ✅ Dexter - 3.Sezon 11.Bölüm - 1 m3u8
   🔍 [36/96] Bölüm: https://diziyiizle2.com/dexter/3-sezon-12-bolum/
📺 Embed URL bulundu: https://vidlax1.xyz/embed/a5aa3f19550461dc
🔍 Embed URL kontrol ediliyor: https://vidlax1.xyz/embed/a5aa3f19550461dc
📄 Embed sayfa içeriği alındı, boyut: 39654 karakter
🎬 Video Başlığı: Dexter
📝 Video Açıklaması: 3.Sezon 12.Bölüm
🎯 Tam Başlık: Dexter - 3.Sezon 12.Bölüm
🎯 HEX DECODE - m3u8 bulundu: https://vidlax.xyz/upload/85bb31987bff692c530e6d331eb02dbea1a8/master.m3u8
      ✅ Dexter - 3.Sezon 12.Bölüm - 1 m3u8
   🔍 [37/96] Bölüm: https://diziyiizle2.com/dexter/4-sezon-1-bolum/
📺 Embed URL bulundu: https://vidlax1.xyz/embed/967637fb0ec00b91
🔍 Embed URL kontrol ediliyor: https://vidlax1.xyz/embed/967637fb0ec00b91
📄 Embed sayfa içeriği alındı, boyut: 39653 karakter
🎬 Video Başlığı: Dexter
📝 Video Açıklaması: 4.Sezon 1.Bölüm
🎯 Tam Başlık: Dexter - 4.Sezon 1.Bölüm
🎯 HEX DECODE - m3u8 bulundu: https://vidlax.xyz/upload/33e66d6e8f137fddbf85f467bf37e477681e/master.m3u8
      ✅ Dexter - 4.Sezon 1.Bölüm - 1 m3u8
   🔍 [38/96] Bölüm: https://diziyiizle2.com/dexter/4-sezon-2-bolum/
📺 Embed URL bulundu: https://vidlax1.xyz/embed/9ec2b56b918469d4
🔍 Embed URL kontrol ediliyor: https://vidlax1.xyz/embed/9ec2b56b918469d4
📄 Embed sayfa içeriği alındı, boyut: 39653 karakter
🎬 Video Başlığı: Dexter
📝 Video Açıklaması: 4.Sezon 2.Bölüm
🎯 Tam Başlık: Dexter - 4.Sezon 2.Bölüm
🎯 HEX DECODE - m3u8 bulundu: https://vidlax.xyz/upload/c29c37e0a85070ead432640020c8722b80d2/master.m3u8
      ✅ Dexter - 4.Sezon 2.Bölüm - 1 m3u8
   🔍 [39/96] Bölüm: https://diziyiizle2.com/dexter/4-sezon-3-bolum/
📺 Embed URL bulundu: https://vidlax1.xyz/embed/373d9d047155c2e9
🔍 Embed URL kontrol ediliyor: https://vidlax1.xyz/embed/373d9d047155c2e9
📄 Embed sayfa içeriği alındı, boyut: 39653 karakter
🎬 Video Başlığı: Dexter
📝 Video Açıklaması: 4.Sezon 3.Bölüm
🎯 Tam Başlık: Dexter - 4.Sezon 3.Bölüm
🎯 HEX DECODE - m3u8 bulundu: https://vidlax.xyz/upload/972a42fb68a03ca14beb737abf1afa6bad15/master.m3u8
      ✅ Dexter - 4.Sezon 3.Bölüm - 1 m3u8
   🔍 [40/96] Bölüm: https://diziyiizle2.com/dexter/4-sezon-4-bolum/
📺 Embed URL bulundu: https://vidlax1.xyz/embed/fd0cf7f977ba7a7f
🔍 Embed URL kontrol ediliyor: https://vidlax1.xyz/embed/fd0cf7f977ba7a7f
📄 Embed sayfa içeriği alındı, boyut: 39653 karakter
🎬 Video Başlığı: Dexter
📝 Video Açıklaması: 4.Sezon 4.Bölüm
🎯 Tam Başlık: Dexter - 4.Sezon 4.Bölüm
🎯 HEX DECODE - m3u8 bulundu: https://vidlax.xyz/upload/9cf00279f3625d5e2f97aed59352d13f5d80/master.m3u8
      ✅ Dexter - 4.Sezon 4.Bölüm - 1 m3u8
   🔍 [41/96] Bölüm: https://diziyiizle2.com/dexter/4-sezon-5-bolum/
📺 Embed URL bulundu: https://vidlax1.xyz/embed/31cbbf14ecf5a0d4
🔍 Embed URL kontrol ediliyor: https://vidlax1.xyz/embed/31cbbf14ecf5a0d4
📄 Embed sayfa içeriği alındı, boyut: 39653 karakter
🎬 Video Başlığı: Dexter
📝 Video Açıklaması: 4.Sezon 5.Bölüm
🎯 Tam Başlık: Dexter - 4.Sezon 5.Bölüm
🎯 HEX DECODE - m3u8 bulundu: https://vidlax.xyz/upload/d39b0b0a445352071de67ef6765dfe22e893/master.m3u8
      ✅ Dexter - 4.Sezon 5.Bölüm - 1 m3u8
   🔍 [42/96] Bölüm: https://diziyiizle2.com/dexter/4-sezon-6-bolum/
📺 Embed URL bulundu: https://vidlax1.xyz/embed/b56269703cdec603
🔍 Embed URL kontrol ediliyor: https://vidlax1.xyz/embed/b56269703cdec603
📄 Embed sayfa içeriği alındı, boyut: 39653 karakter
🎬 Video Başlığı: Dexter
📝 Video Açıklaması: 4.Sezon 6.Bölüm
🎯 Tam Başlık: Dexter - 4.Sezon 6.Bölüm
🎯 HEX DECODE - m3u8 bulundu: https://vidlax.xyz/upload/af6e20da61c560df567d4cc439bd9e1b4290/master.m3u8
      ✅ Dexter - 4.Sezon 6.Bölüm - 1 m3u8
   🔍 [43/96] Bölüm: https://diziyiizle2.com/dexter/4-sezon-7-bolum/
📺 Embed URL bulundu: https://vidlax1.xyz/embed/46686ee8976fa6a0
🔍 Embed URL kontrol ediliyor: https://vidlax1.xyz/embed/46686ee8976fa6a0
📄 Embed sayfa içeriği alındı, boyut: 39653 karakter
🎬 Video Başlığı: Dexter
📝 Video Açıklaması: 4.Sezon 7.Bölüm
🎯 Tam Başlık: Dexter - 4.Sezon 7.Bölüm
🎯 HEX DECODE - m3u8 bulundu: https://vidlax.xyz/upload/b7f8157fced74781d7aab2c373b9c762bcd4/master.m3u8
      ✅ Dexter - 4.Sezon 7.Bölüm - 1 m3u8
   🔍 [44/96] Bölüm: https://diziyiizle2.com/dexter/4-sezon-8-bolum/
📺 Embed URL bulundu: https://vidlax1.xyz/embed/faf1ff770481dbb1
🔍 Embed URL kontrol ediliyor: https://vidlax1.xyz/embed/faf1ff770481dbb1
📄 Embed sayfa içeriği alındı, boyut: 39653 karakter
🎬 Video Başlığı: Dexter
📝 Video Açıklaması: 4.Sezon 8.Bölüm
🎯 Tam Başlık: Dexter - 4.Sezon 8.Bölüm
🎯 HEX DECODE - m3u8 bulundu: https://vidlax.xyz/upload/72c029b7a8188c313ca5e2671f63a2dbd2bc/master.m3u8
      ✅ Dexter - 4.Sezon 8.Bölüm - 1 m3u8
   🔍 [45/96] Bölüm: https://diziyiizle2.com/dexter/4-sezon-9-bolum/
📺 Embed URL bulundu: https://vidlax1.xyz/embed/72a923ff9cb073cd
🔍 Embed URL kontrol ediliyor: https://vidlax1.xyz/embed/72a923ff9cb073cd
📄 Embed sayfa içeriği alındı, boyut: 39653 karakter
🎬 Video Başlığı: Dexter
📝 Video Açıklaması: 4.Sezon 9.Bölüm
🎯 Tam Başlık: Dexter - 4.Sezon 9.Bölüm
🎯 HEX DECODE - m3u8 bulundu: https://vidlax.xyz/upload/17918108853513c676369e39e962834dc7c5/master.m3u8
      ✅ Dexter - 4.Sezon 9.Bölüm - 1 m3u8
   🔍 [46/96] Bölüm: https://diziyiizle2.com/dexter/4-sezon-10-bolum/
📺 Embed URL bulundu: https://vidlax1.xyz/embed/f6250ab2520fb10b
🔍 Embed URL kontrol ediliyor: https://vidlax1.xyz/embed/f6250ab2520fb10b
📄 Embed sayfa içeriği alındı, boyut: 39654 karakter
🎬 Video Başlığı: Dexter
📝 Video Açıklaması: 4.Sezon 10.Bölüm
🎯 Tam Başlık: Dexter - 4.Sezon 10.Bölüm
🎯 HEX DECODE - m3u8 bulundu: https://vidlax.xyz/upload/8010e46817a221936513d33283f0b0cb40d0/master.m3u8
      ✅ Dexter - 4.Sezon 10.Bölüm - 1 m3u8
   🔍 [47/96] Bölüm: https://diziyiizle2.com/dexter/4-sezon-11-bolum/
📺 Embed URL bulundu: https://vidlax1.xyz/embed/789e08f77efbcf6b
🔍 Embed URL kontrol ediliyor: https://vidlax1.xyz/embed/789e08f77efbcf6b
📄 Embed sayfa içeriği alındı, boyut: 39654 karakter
🎬 Video Başlığı: Dexter
📝 Video Açıklaması: 4.Sezon 11.Bölüm
🎯 Tam Başlık: Dexter - 4.Sezon 11.Bölüm
🎯 HEX DECODE - m3u8 bulundu: https://vidlax.xyz/upload/6b9497e4e5eb984425dccc85e8e0f7f38bff/master.m3u8
      ✅ Dexter - 4.Sezon 11.Bölüm - 1 m3u8
   🔍 [48/96] Bölüm: https://diziyiizle2.com/dexter/4-sezon-12-bolum/
📺 Embed URL bulundu: https://vidlax1.xyz/embed/9dcb45ed5aaf3d79
🔍 Embed URL kontrol ediliyor: https://vidlax1.xyz/embed/9dcb45ed5aaf3d79
📄 Embed sayfa içeriği alındı, boyut: 39654 karakter
🎬 Video Başlığı: Dexter
📝 Video Açıklaması: 4.Sezon 12.Bölüm
🎯 Tam Başlık: Dexter - 4.Sezon 12.Bölüm
🎯 HEX DECODE - m3u8 bulundu: https://vidlax.xyz/upload/847346b0c7696b81c7900d631d728ade6525/master.m3u8
      ✅ Dexter - 4.Sezon 12.Bölüm - 1 m3u8
   🔍 [49/96] Bölüm: https://diziyiizle2.com/dexter/5-sezon-1-bolum/
📺 Embed URL bulundu: https://vidlax1.xyz/embed/dd677c2eb98a402f
🔍 Embed URL kontrol ediliyor: https://vidlax1.xyz/embed/dd677c2eb98a402f
📄 Embed sayfa içeriği alındı, boyut: 39653 karakter
🎬 Video Başlığı: Dexter
📝 Video Açıklaması: 5.Sezon 1.Bölüm
🎯 Tam Başlık: Dexter - 5.Sezon 1.Bölüm
🎯 HEX DECODE - m3u8 bulundu: https://vidlax.xyz/upload/359a4f56c5bc3416eccee0ea61123e5cf3e4/master.m3u8
      ✅ Dexter - 5.Sezon 1.Bölüm - 1 m3u8
   🔍 [50/96] Bölüm: https://diziyiizle2.com/dexter/5-sezon-2-bolum/
📺 Embed URL bulundu: https://vidlax1.xyz/embed/c081117cde6265f0
🔍 Embed URL kontrol ediliyor: https://vidlax1.xyz/embed/c081117cde6265f0
📄 Embed sayfa içeriği alındı, boyut: 39653 karakter
🎬 Video Başlığı: Dexter
📝 Video Açıklaması: 5.Sezon 2.Bölüm
🎯 Tam Başlık: Dexter - 5.Sezon 2.Bölüm
🎯 HEX DECODE - m3u8 bulundu: https://vidlax.xyz/upload/be34d67819e32c0b1a32bfd5694ad11641a4/master.m3u8
      ✅ Dexter - 5.Sezon 2.Bölüm - 1 m3u8
   🔍 [51/96] Bölüm: https://diziyiizle2.com/dexter/5-sezon-3-bolum/
📺 Embed URL bulundu: https://vidlax1.xyz/embed/4b39965dbd795649
🔍 Embed URL kontrol ediliyor: https://vidlax1.xyz/embed/4b39965dbd795649
📄 Embed sayfa içeriği alındı, boyut: 39653 karakter
🎬 Video Başlığı: Dexter
📝 Video Açıklaması: 5.Sezon 3.Bölüm
🎯 Tam Başlık: Dexter - 5.Sezon 3.Bölüm
🎯 HEX DECODE - m3u8 bulundu: https://vidlax.xyz/upload/2929e564e15ed698daedad9d8cad1b73922a/master.m3u8
      ✅ Dexter - 5.Sezon 3.Bölüm - 1 m3u8
   🔍 [52/96] Bölüm: https://diziyiizle2.com/dexter/5-sezon-4-bolum/
📺 Embed URL bulundu: https://vidlax1.xyz/embed/d5c99acee9a0bd67
🔍 Embed URL kontrol ediliyor: https://vidlax1.xyz/embed/d5c99acee9a0bd67
📄 Embed sayfa içeriği alındı, boyut: 39653 karakter
🎬 Video Başlığı: Dexter
📝 Video Açıklaması: 5.Sezon 4.Bölüm
🎯 Tam Başlık: Dexter - 5.Sezon 4.Bölüm
🎯 HEX DECODE - m3u8 bulundu: https://vidlax.xyz/upload/6f0aeb32239e2e8ea9d5af3bab7550d6367b/master.m3u8
      ✅ Dexter - 5.Sezon 4.Bölüm - 1 m3u8
   🔍 [53/96] Bölüm: https://diziyiizle2.com/dexter/5-sezon-5-bolum/
📺 Embed URL bulundu: https://vidlax1.xyz/embed/7ed2d85be67039fa
🔍 Embed URL kontrol ediliyor: https://vidlax1.xyz/embed/7ed2d85be67039fa
📄 Embed sayfa içeriği alındı, boyut: 39653 karakter
🎬 Video Başlığı: Dexter
📝 Video Açıklaması: 5.Sezon 5.Bölüm
🎯 Tam Başlık: Dexter - 5.Sezon 5.Bölüm
🎯 HEX DECODE - m3u8 bulundu: https://vidlax.xyz/upload/02cee60688e6823f711fe6cde0ee1c50f96a/master.m3u8
      ✅ Dexter - 5.Sezon 5.Bölüm - 1 m3u8
   🔍 [54/96] Bölüm: https://diziyiizle2.com/dexter/5-sezon-6-bolum/
📺 Embed URL bulundu: https://vidlax1.xyz/embed/9510dde007ecb23c
🔍 Embed URL kontrol ediliyor: https://vidlax1.xyz/embed/9510dde007ecb23c
📄 Embed sayfa içeriği alındı, boyut: 39653 karakter
🎬 Video Başlığı: Dexter
📝 Video Açıklaması: 5.Sezon 6.Bölüm
🎯 Tam Başlık: Dexter - 5.Sezon 6.Bölüm
🎯 HEX DECODE - m3u8 bulundu: https://vidlax.xyz/upload/485ed4ca15637d3c604aee8e79c5f81e86fc/master.m3u8
      ✅ Dexter - 5.Sezon 6.Bölüm - 1 m3u8
   🔍 [55/96] Bölüm: https://diziyiizle2.com/dexter/5-sezon-7-bolum/
📺 Embed URL bulundu: https://vidlax1.xyz/embed/558fc85d2326e695
🔍 Embed URL kontrol ediliyor: https://vidlax1.xyz/embed/558fc85d2326e695
📄 Embed sayfa içeriği alındı, boyut: 39653 karakter
🎬 Video Başlığı: Dexter
📝 Video Açıklaması: 5.Sezon 7.Bölüm
🎯 Tam Başlık: Dexter - 5.Sezon 7.Bölüm
🎯 HEX DECODE - m3u8 bulundu: https://vidlax.xyz/upload/82cf7144adad94bebeee8574ae91406cbc6e/master.m3u8
      ✅ Dexter - 5.Sezon 7.Bölüm - 1 m3u8
   🔍 [56/96] Bölüm: https://diziyiizle2.com/dexter/5-sezon-8-bolum/
📺 Embed URL bulundu: https://vidlax1.xyz/embed/97b70491ba008cfe
🔍 Embed URL kontrol ediliyor: https://vidlax1.xyz/embed/97b70491ba008cfe
📄 Embed sayfa içeriği alındı, boyut: 39653 karakter
🎬 Video Başlığı: Dexter
📝 Video Açıklaması: 5.Sezon 8.Bölüm
🎯 Tam Başlık: Dexter - 5.Sezon 8.Bölüm
🎯 HEX DECODE - m3u8 bulundu: https://vidlax.xyz/upload/6bc74e0473e40efcb9f9557dbc90e9766365/master.m3u8
      ✅ Dexter - 5.Sezon 8.Bölüm - 1 m3u8
   🔍 [57/96] Bölüm: https://diziyiizle2.com/dexter/5-sezon-9-bolum/
📺 Embed URL bulundu: https://vidlax1.xyz/embed/865c70e1259f87cf
🔍 Embed URL kontrol ediliyor: https://vidlax1.xyz/embed/865c70e1259f87cf
📄 Embed sayfa içeriği alındı, boyut: 39653 karakter
🎬 Video Başlığı: Dexter
📝 Video Açıklaması: 5.Sezon 9.Bölüm
🎯 Tam Başlık: Dexter - 5.Sezon 9.Bölüm
🎯 HEX DECODE - m3u8 bulundu: https://vidlax.xyz/upload/d098c5c50226c93228ba9062853c14ace840/master.m3u8
      ✅ Dexter - 5.Sezon 9.Bölüm - 1 m3u8
   🔍 [58/96] Bölüm: https://diziyiizle2.com/dexter/5-sezon-10-bolum/
📺 Embed URL bulundu: https://vidlax1.xyz/embed/110eed9d73016373
🔍 Embed URL kontrol ediliyor: https://vidlax1.xyz/embed/110eed9d73016373
📄 Embed sayfa içeriği alındı, boyut: 39654 karakter
🎬 Video Başlığı: Dexter
📝 Video Açıklaması: 5.Sezon 10.Bölüm
🎯 Tam Başlık: Dexter - 5.Sezon 10.Bölüm
🎯 HEX DECODE - m3u8 bulundu: https://vidlax.xyz/upload/924f57359f4dc9db5d621757c9271146d3e4/master.m3u8
      ✅ Dexter - 5.Sezon 10.Bölüm - 1 m3u8
   🔍 [59/96] Bölüm: https://diziyiizle2.com/dexter/5-sezon-11-bolum/
📺 Embed URL bulundu: https://vidlax1.xyz/embed/ee3510fe88acae60
🔍 Embed URL kontrol ediliyor: https://vidlax1.xyz/embed/ee3510fe88acae60
📄 Embed sayfa içeriği alındı, boyut: 39654 karakter
🎬 Video Başlığı: Dexter
📝 Video Açıklaması: 5.Sezon 11.Bölüm
🎯 Tam Başlık: Dexter - 5.Sezon 11.Bölüm
🎯 HEX DECODE - m3u8 bulundu: https://vidlax.xyz/upload/09a2a326978105046d4d8af6fef828c09187/master.m3u8
      ✅ Dexter - 5.Sezon 11.Bölüm - 1 m3u8
   🔍 [60/96] Bölüm: https://diziyiizle2.com/dexter/5-sezon-12-bolum/
📺 Embed URL bulundu: https://vidlax1.xyz/embed/79ccd5cd778dc618
🔍 Embed URL kontrol ediliyor: https://vidlax1.xyz/embed/79ccd5cd778dc618
📄 Embed sayfa içeriği alındı, boyut: 39654 karakter
🎬 Video Başlığı: Dexter
📝 Video Açıklaması: 5.Sezon 12.Bölüm
🎯 Tam Başlık: Dexter - 5.Sezon 12.Bölüm
🎯 HEX DECODE - m3u8 bulundu: https://vidlax.xyz/upload/074117d6153b6d89caea90053d2b2edcb653/master.m3u8
      ✅ Dexter - 5.Sezon 12.Bölüm - 1 m3u8
   🔍 [61/96] Bölüm: https://diziyiizle2.com/dexter/6-sezon-1-bolum/
📺 Embed URL bulundu: https://vidlax1.xyz/embed/a33c8ec93f2a3a0d
🔍 Embed URL kontrol ediliyor: https://vidlax1.xyz/embed/a33c8ec93f2a3a0d
📄 Embed sayfa içeriği alındı, boyut: 39653 karakter
🎬 Video Başlığı: Dexter
📝 Video Açıklaması: 6.Sezon 1.Bölüm
🎯 Tam Başlık: Dexter - 6.Sezon 1.Bölüm
🎯 HEX DECODE - m3u8 bulundu: https://vidlax.xyz/upload/5455dcf22346b1e236f809d08d42c2848b63/master.m3u8
      ✅ Dexter - 6.Sezon 1.Bölüm - 1 m3u8
   🔍 [62/96] Bölüm: https://diziyiizle2.com/dexter/6-sezon-2-bolum/
📺 Embed URL bulundu: https://vidlax1.xyz/embed/0aa159a6e6f473ef
🔍 Embed URL kontrol ediliyor: https://vidlax1.xyz/embed/0aa159a6e6f473ef
📄 Embed sayfa içeriği alındı, boyut: 39653 karakter
🎬 Video Başlığı: Dexter
📝 Video Açıklaması: 6.Sezon 2.Bölüm
🎯 Tam Başlık: Dexter - 6.Sezon 2.Bölüm
🎯 HEX DECODE - m3u8 bulundu: https://vidlax.xyz/upload/930d0788f08003fa6eb47e766dfdad765329/master.m3u8
      ✅ Dexter - 6.Sezon 2.Bölüm - 1 m3u8
   🔍 [63/96] Bölüm: https://diziyiizle2.com/dexter/6-sezon-3-bolum/
📺 Embed URL bulundu: https://vidlax1.xyz/embed/bf2d0718e7fd0503
🔍 Embed URL kontrol ediliyor: https://vidlax1.xyz/embed/bf2d0718e7fd0503
📄 Embed sayfa içeriği alındı, boyut: 39653 karakter
🎬 Video Başlığı: Dexter
📝 Video Açıklaması: 6.Sezon 3.Bölüm
🎯 Tam Başlık: Dexter - 6.Sezon 3.Bölüm
🎯 HEX DECODE - m3u8 bulundu: https://vidlax.xyz/upload/ec0247dff3804282ad83c9ad60fda0da2704/master.m3u8
      ✅ Dexter - 6.Sezon 3.Bölüm - 1 m3u8
   🔍 [64/96] Bölüm: https://diziyiizle2.com/dexter/6-sezon-4-bolum/
📺 Embed URL bulundu: https://vidlax1.xyz/embed/36d9b747cf36e2f8
🔍 Embed URL kontrol ediliyor: https://vidlax1.xyz/embed/36d9b747cf36e2f8
📄 Embed sayfa içeriği alındı, boyut: 39653 karakter
🎬 Video Başlığı: Dexter
📝 Video Açıklaması: 6.Sezon 4.Bölüm
🎯 Tam Başlık: Dexter - 6.Sezon 4.Bölüm
🎯 HEX DECODE - m3u8 bulundu: https://vidlax.xyz/upload/8009475ba9e1a9a79484e23d6ab199cbe2a7/master.m3u8
      ✅ Dexter - 6.Sezon 4.Bölüm - 1 m3u8
   🔍 [65/96] Bölüm: https://diziyiizle2.com/dexter/6-sezon-5-bolum/
📺 Embed URL bulundu: https://vidlax1.xyz/embed/f9a6ad35a91537a4
🔍 Embed URL kontrol ediliyor: https://vidlax1.xyz/embed/f9a6ad35a91537a4
📄 Embed sayfa içeriği alındı, boyut: 39653 karakter
🎬 Video Başlığı: Dexter
📝 Video Açıklaması: 6.Sezon 5.Bölüm
🎯 Tam Başlık: Dexter - 6.Sezon 5.Bölüm
🎯 HEX DECODE - m3u8 bulundu: https://vidlax.xyz/upload/2b3f1bf56d4fc3592acb175e964b3cc8d71b/master.m3u8
      ✅ Dexter - 6.Sezon 5.Bölüm - 1 m3u8
   🔍 [66/96] Bölüm: https://diziyiizle2.com/dexter/6-sezon-6-bolum/
📺 Embed URL bulundu: https://vidlax1.xyz/embed/e25238e04b6ff3af
🔍 Embed URL kontrol ediliyor: https://vidlax1.xyz/embed/e25238e04b6ff3af
📄 Embed sayfa içeriği alındı, boyut: 39653 karakter
🎬 Video Başlığı: Dexter
📝 Video Açıklaması: 6.Sezon 6.Bölüm
🎯 Tam Başlık: Dexter - 6.Sezon 6.Bölüm
🎯 HEX DECODE - m3u8 bulundu: https://vidlax.xyz/upload/afa8e093c2a220f8e8a8f24af376a83f9749/master.m3u8
      ✅ Dexter - 6.Sezon 6.Bölüm - 1 m3u8
   🔍 [67/96] Bölüm: https://diziyiizle2.com/dexter/6-sezon-7-bolum/
📺 Embed URL bulundu: https://vidlax1.xyz/embed/9ed1168b92f70895
🔍 Embed URL kontrol ediliyor: https://vidlax1.xyz/embed/9ed1168b92f70895
📄 Embed sayfa içeriği alındı, boyut: 39653 karakter
🎬 Video Başlığı: Dexter
📝 Video Açıklaması: 6.Sezon 7.Bölüm
🎯 Tam Başlık: Dexter - 6.Sezon 7.Bölüm
🎯 HEX DECODE - m3u8 bulundu: https://vidlax.xyz/upload/e425dc5e4877738e2d2885f138e949dc80ea/master.m3u8
      ✅ Dexter - 6.Sezon 7.Bölüm - 1 m3u8
   🔍 [68/96] Bölüm: https://diziyiizle2.com/dexter/6-sezon-8-bolum/

🔍 Vidlax direkt analizi: https://diziyiizle2.com/dexter/6-sezon-8-bolum/
📄 Sayfa içeriği alındı: 114782 karakter
🎬 Video Başlığı: Bilinmiyor
📝 Video Açıklaması: En g\u00fcncel yabanc\u0131 diziler ve filmler HD kalitede, T\u00fcrk\u00e7e altyaz\u0131 ve dublaj se\u00e7enekleriyle. Pop\u00fcler yap\u0131mlar\u0131 reklams\u0131z izlemeye hemen ba\u015fla.
❌ m3u8 URL'si bulunamadı
      ❌ m3u8 bulunamadı
   🔍 [69/96] Bölüm: https://diziyiizle2.com/dexter/6-sezon-9-bolum/
📺 Embed URL bulundu: https://vidlax1.xyz/embed/8acd0185231cfb08
🔍 Embed URL kontrol ediliyor: https://vidlax1.xyz/embed/8acd0185231cfb08
📄 Embed sayfa içeriği alındı, boyut: 39653 karakter
🎬 Video Başlığı: Dexter
📝 Video Açıklaması: 6.Sezon 9.Bölüm
🎯 Tam Başlık: Dexter - 6.Sezon 9.Bölüm
🎯 HEX DECODE - m3u8 bulundu: https://vidlax.xyz/upload/ccdbe04a81939f99d69962ee1637b5daa37b/master.m3u8
      ✅ Dexter - 6.Sezon 9.Bölüm - 1 m3u8
   🔍 [70/96] Bölüm: https://diziyiizle2.com/dexter/6-sezon-10-bolum/
📺 Embed URL bulundu: https://vidlax1.xyz/embed/bd5c16c0101cbbbc
🔍 Embed URL kontrol ediliyor: https://vidlax1.xyz/embed/bd5c16c0101cbbbc
📄 Embed sayfa içeriği alındı, boyut: 39654 karakter
🎬 Video Başlığı: Dexter
📝 Video Açıklaması: 6.Sezon 10.Bölüm
🎯 Tam Başlık: Dexter - 6.Sezon 10.Bölüm
🎯 HEX DECODE - m3u8 bulundu: https://vidlax.xyz/upload/2b959bad51b65e7022616852cba4bcf5b3c7/master.m3u8
      ✅ Dexter - 6.Sezon 10.Bölüm - 1 m3u8
   🔍 [71/96] Bölüm: https://diziyiizle2.com/dexter/6-sezon-11-bolum/
📺 Embed URL bulundu: https://vidlax1.xyz/embed/d276454a75c32df2
🔍 Embed URL kontrol ediliyor: https://vidlax1.xyz/embed/d276454a75c32df2
📄 Embed sayfa içeriği alındı, boyut: 39654 karakter
🎬 Video Başlığı: Dexter
📝 Video Açıklaması: 6.Sezon 11.Bölüm
🎯 Tam Başlık: Dexter - 6.Sezon 11.Bölüm
🎯 HEX DECODE - m3u8 bulundu: https://vidlax.xyz/upload/e0c231054264d299388154b6c921fcfca2a0/master.m3u8
      ✅ Dexter - 6.Sezon 11.Bölüm - 1 m3u8
   🔍 [72/96] Bölüm: https://diziyiizle2.com/dexter/6-sezon-12-bolum/
📺 Embed URL bulundu: https://vidlax1.xyz/embed/9d04ec0ad6ada0fd
🔍 Embed URL kontrol ediliyor: https://vidlax1.xyz/embed/9d04ec0ad6ada0fd
📄 Embed sayfa içeriği alındı, boyut: 39654 karakter
🎬 Video Başlığı: Dexter
📝 Video Açıklaması: 6.Sezon 12.Bölüm
🎯 Tam Başlık: Dexter - 6.Sezon 12.Bölüm
🎯 HEX DECODE - m3u8 bulundu: https://vidlax.xyz/upload/d541b18514c5134565fcfdaf96687ffca036/master.m3u8
      ✅ Dexter - 6.Sezon 12.Bölüm - 1 m3u8
   🔍 [73/96] Bölüm: https://diziyiizle2.com/dexter/7-sezon-1-bolum/
📺 Embed URL bulundu: https://vidlax1.xyz/embed/edd8fca8ef50be26
🔍 Embed URL kontrol ediliyor: https://vidlax1.xyz/embed/edd8fca8ef50be26
📄 Embed sayfa içeriği alındı, boyut: 39653 karakter
🎬 Video Başlığı: Dexter
📝 Video Açıklaması: 7.Sezon 1.Bölüm
🎯 Tam Başlık: Dexter - 7.Sezon 1.Bölüm
🎯 HEX DECODE - m3u8 bulundu: https://vidlax.xyz/upload/4246ffbaf931892c8cd39cf4f633533a5853/master.m3u8
      ✅ Dexter - 7.Sezon 1.Bölüm - 1 m3u8
   🔍 [74/96] Bölüm: https://diziyiizle2.com/dexter/7-sezon-2-bolum/
📺 Embed URL bulundu: https://vidlax1.xyz/embed/f531091be015491e
🔍 Embed URL kontrol ediliyor: https://vidlax1.xyz/embed/f531091be015491e
📄 Embed sayfa içeriği alındı, boyut: 39653 karakter
🎬 Video Başlığı: Dexter
📝 Video Açıklaması: 7.Sezon 2.Bölüm
🎯 Tam Başlık: Dexter - 7.Sezon 2.Bölüm
🎯 HEX DECODE - m3u8 bulundu: https://vidlax.xyz/upload/cc5ebe0bae9ae637bfd12ac6088d391c4d64/master.m3u8
      ✅ Dexter - 7.Sezon 2.Bölüm - 1 m3u8
   🔍 [75/96] Bölüm: https://diziyiizle2.com/dexter/7-sezon-3-bolum/
📺 Embed URL bulundu: https://vidlax1.xyz/embed/40aa0b68eabade2c
🔍 Embed URL kontrol ediliyor: https://vidlax1.xyz/embed/40aa0b68eabade2c
📄 Embed sayfa içeriği alındı, boyut: 39653 karakter
🎬 Video Başlığı: Dexter
📝 Video Açıklaması: 7.Sezon 3.Bölüm
🎯 Tam Başlık: Dexter - 7.Sezon 3.Bölüm
🎯 HEX DECODE - m3u8 bulundu: https://vidlax.xyz/upload/aef4e325a062885cb376e7c4739a8aee0130/master.m3u8
      ✅ Dexter - 7.Sezon 3.Bölüm - 1 m3u8
   🔍 [76/96] Bölüm: https://diziyiizle2.com/dexter/7-sezon-4-bolum/
📺 Embed URL bulundu: https://vidlax1.xyz/embed/1e92747a764e5e1a
🔍 Embed URL kontrol ediliyor: https://vidlax1.xyz/embed/1e92747a764e5e1a
📄 Embed sayfa içeriği alındı, boyut: 39653 karakter
🎬 Video Başlığı: Dexter
📝 Video Açıklaması: 7.Sezon 4.Bölüm
🎯 Tam Başlık: Dexter - 7.Sezon 4.Bölüm
🎯 HEX DECODE - m3u8 bulundu: https://vidlax.xyz/upload/613b1ec41ca209b7372a2003d20080d8763d/master.m3u8
      ✅ Dexter - 7.Sezon 4.Bölüm - 1 m3u8
   🔍 [77/96] Bölüm: https://diziyiizle2.com/dexter/7-sezon-5-bolum/
📺 Embed URL bulundu: https://vidlax1.xyz/embed/75d9570022492705
🔍 Embed URL kontrol ediliyor: https://vidlax1.xyz/embed/75d9570022492705
📄 Embed sayfa içeriği alındı, boyut: 39653 karakter
🎬 Video Başlığı: Dexter
📝 Video Açıklaması: 7.Sezon 5.Bölüm
🎯 Tam Başlık: Dexter - 7.Sezon 5.Bölüm
🎯 HEX DECODE - m3u8 bulundu: https://vidlax.xyz/upload/5fd011db4c10971cc88749a7109299bfaeb8/master.m3u8
      ✅ Dexter - 7.Sezon 5.Bölüm - 1 m3u8
   🔍 [78/96] Bölüm: https://diziyiizle2.com/dexter/7-sezon-6-bolum/
📺 Embed URL bulundu: https://vidlax1.xyz/embed/adf4fcbbb1368eb5
🔍 Embed URL kontrol ediliyor: https://vidlax1.xyz/embed/adf4fcbbb1368eb5
📄 Embed sayfa içeriği alındı, boyut: 39653 karakter
🎬 Video Başlığı: Dexter
📝 Video Açıklaması: 7.Sezon 6.Bölüm
🎯 Tam Başlık: Dexter - 7.Sezon 6.Bölüm
🎯 HEX DECODE - m3u8 bulundu: https://vidlax.xyz/upload/59be7bcf9487463dfb34599c07c6edffe3a9/master.m3u8
      ✅ Dexter - 7.Sezon 6.Bölüm - 1 m3u8
   🔍 [79/96] Bölüm: https://diziyiizle2.com/dexter/7-sezon-7-bolum/
📺 Embed URL bulundu: https://vidlax1.xyz/embed/ef8fa89c8290d17a
🔍 Embed URL kontrol ediliyor: https://vidlax1.xyz/embed/ef8fa89c8290d17a
📄 Embed sayfa içeriği alındı, boyut: 39653 karakter
🎬 Video Başlığı: Dexter
📝 Video Açıklaması: 7.Sezon 7.Bölüm
🎯 Tam Başlık: Dexter - 7.Sezon 7.Bölüm
🎯 HEX DECODE - m3u8 bulundu: https://vidlax.xyz/upload/fc1e2d312857c42e246bb0a4a00a3d3f41c6/master.m3u8
      ✅ Dexter - 7.Sezon 7.Bölüm - 1 m3u8
   🔍 [80/96] Bölüm: https://diziyiizle2.com/dexter/7-sezon-8-bolum/
📺 Embed URL bulundu: https://vidlax1.xyz/embed/924daf140eae36a0
🔍 Embed URL kontrol ediliyor: https://vidlax1.xyz/embed/924daf140eae36a0
📄 Embed sayfa içeriği alındı, boyut: 39653 karakter
🎬 Video Başlığı: Dexter
📝 Video Açıklaması: 7.Sezon 8.Bölüm
🎯 Tam Başlık: Dexter - 7.Sezon 8.Bölüm
🎯 HEX DECODE - m3u8 bulundu: https://vidlax.xyz/upload/650466e0dcb8d43edcb34380d55aa2bf77d7/master.m3u8
      ✅ Dexter - 7.Sezon 8.Bölüm - 1 m3u8
   🔍 [81/96] Bölüm: https://diziyiizle2.com/dexter/7-sezon-9-bolum/
📺 Embed URL bulundu: https://vidlax1.xyz/embed/eb3572bdb6ee415b
🔍 Embed URL kontrol ediliyor: https://vidlax1.xyz/embed/eb3572bdb6ee415b
📄 Embed sayfa içeriği alındı, boyut: 39653 karakter
🎬 Video Başlığı: Dexter
📝 Video Açıklaması: 7.Sezon 9.Bölüm
🎯 Tam Başlık: Dexter - 7.Sezon 9.Bölüm
🎯 HEX DECODE - m3u8 bulundu: https://vidlax.xyz/upload/c47f9418ed90c6ac443b3218b93433f5e4db/master.m3u8
      ✅ Dexter - 7.Sezon 9.Bölüm - 1 m3u8
   🔍 [82/96] Bölüm: https://diziyiizle2.com/dexter/7-sezon-10-bolum/
📺 Embed URL bulundu: https://vidlax1.xyz/embed/70d7e74bf0edf639
🔍 Embed URL kontrol ediliyor: https://vidlax1.xyz/embed/70d7e74bf0edf639
📄 Embed sayfa içeriği alındı, boyut: 39654 karakter
🎬 Video Başlığı: Dexter
📝 Video Açıklaması: 7.Sezon 10.Bölüm
🎯 Tam Başlık: Dexter - 7.Sezon 10.Bölüm
🎯 HEX DECODE - m3u8 bulundu: https://vidlax.xyz/upload/23600486ab2dfa0c6afb068ec475a0a95a63/master.m3u8
      ✅ Dexter - 7.Sezon 10.Bölüm - 1 m3u8
   🔍 [83/96] Bölüm: https://diziyiizle2.com/dexter/7-sezon-11-bolum/
📺 Embed URL bulundu: https://vidlax1.xyz/embed/fc944c0f05f7c583
🔍 Embed URL kontrol ediliyor: https://vidlax1.xyz/embed/fc944c0f05f7c583
📄 Embed sayfa içeriği alındı, boyut: 39654 karakter
🎬 Video Başlığı: Dexter
📝 Video Açıklaması: 7.Sezon 11.Bölüm
🎯 Tam Başlık: Dexter - 7.Sezon 11.Bölüm
🎯 HEX DECODE - m3u8 bulundu: https://vidlax.xyz/upload/1a0c05f2958079ce7747ba4be243ad6cbf61/master.m3u8
      ✅ Dexter - 7.Sezon 11.Bölüm - 1 m3u8
   🔍 [84/96] Bölüm: https://diziyiizle2.com/dexter/7-sezon-12-bolum/
📺 Embed URL bulundu: https://vidlax1.xyz/embed/add9f05c61c0d050
🔍 Embed URL kontrol ediliyor: https://vidlax1.xyz/embed/add9f05c61c0d050
📄 Embed sayfa içeriği alındı, boyut: 39654 karakter
🎬 Video Başlığı: Dexter
📝 Video Açıklaması: 7.Sezon 12.Bölüm
🎯 Tam Başlık: Dexter - 7.Sezon 12.Bölüm
🎯 HEX DECODE - m3u8 bulundu: https://vidlax.xyz/upload/9468e8ba8ad14527c6b23c093c13f5afbef2/master.m3u8
      ✅ Dexter - 7.Sezon 12.Bölüm - 1 m3u8
   🔍 [85/96] Bölüm: https://diziyiizle2.com/dexter/8-sezon-1-bolum/
📺 Embed URL bulundu: https://vidlax1.xyz/embed/a68a6399dc126f2e
🔍 Embed URL kontrol ediliyor: https://vidlax1.xyz/embed/a68a6399dc126f2e
📄 Embed sayfa içeriği alındı, boyut: 39653 karakter
🎬 Video Başlığı: Dexter
📝 Video Açıklaması: 8.Sezon 1.Bölüm
🎯 Tam Başlık: Dexter - 8.Sezon 1.Bölüm
🎯 HEX DECODE - m3u8 bulundu: https://vidlax.xyz/upload/d3a0563a1b5d7a2f2650885f8f98b56c1849/master.m3u8
      ✅ Dexter - 8.Sezon 1.Bölüm - 1 m3u8
   🔍 [86/96] Bölüm: https://diziyiizle2.com/dexter/8-sezon-2-bolum/
📺 Embed URL bulundu: https://vidlax1.xyz/embed/d3c0afc1cdddcc09
🔍 Embed URL kontrol ediliyor: https://vidlax1.xyz/embed/d3c0afc1cdddcc09
📄 Embed sayfa içeriği alındı, boyut: 39653 karakter
🎬 Video Başlığı: Dexter
📝 Video Açıklaması: 8.Sezon 2.Bölüm
🎯 Tam Başlık: Dexter - 8.Sezon 2.Bölüm
🎯 HEX DECODE - m3u8 bulundu: https://vidlax.xyz/upload/4bcaad33e270c19806017316efeb0ebbd893/master.m3u8
      ✅ Dexter - 8.Sezon 2.Bölüm - 1 m3u8
   🔍 [87/96] Bölüm: https://diziyiizle2.com/dexter/8-sezon-3-bolum/
📺 Embed URL bulundu: https://vidlax1.xyz/embed/fcb32dae78b25efc
🔍 Embed URL kontrol ediliyor: https://vidlax1.xyz/embed/fcb32dae78b25efc
📄 Embed sayfa içeriği alındı, boyut: 39653 karakter
🎬 Video Başlığı: Dexter
📝 Video Açıklaması: 8.Sezon 3.Bölüm
🎯 Tam Başlık: Dexter - 8.Sezon 3.Bölüm
🎯 HEX DECODE - m3u8 bulundu: https://vidlax.xyz/upload/de56bd62c2e8673f7b58adceeb5fbb0a5f1a/master.m3u8
      ✅ Dexter - 8.Sezon 3.Bölüm - 1 m3u8
   🔍 [88/96] Bölüm: https://diziyiizle2.com/dexter/8-sezon-4-bolum/
📺 Embed URL bulundu: https://vidlax1.xyz/embed/5d9ca7ec4cd68845
🔍 Embed URL kontrol ediliyor: https://vidlax1.xyz/embed/5d9ca7ec4cd68845
📄 Embed sayfa içeriği alındı, boyut: 39653 karakter
🎬 Video Başlığı: Dexter
📝 Video Açıklaması: 8.Sezon 4.Bölüm
🎯 Tam Başlık: Dexter - 8.Sezon 4.Bölüm
🎯 HEX DECODE - m3u8 bulundu: https://vidlax.xyz/upload/4bfe9f2775d08a14d7378919e3d291b97a25/master.m3u8
      ✅ Dexter - 8.Sezon 4.Bölüm - 1 m3u8
   🔍 [89/96] Bölüm: https://diziyiizle2.com/dexter/8-sezon-5-bolum/
📺 Embed URL bulundu: https://vidlax1.xyz/embed/2e515cdcd98bf468
🔍 Embed URL kontrol ediliyor: https://vidlax1.xyz/embed/2e515cdcd98bf468
📄 Embed sayfa içeriği alındı, boyut: 39653 karakter
🎬 Video Başlığı: Dexter
📝 Video Açıklaması: 8.Sezon 5.Bölüm
🎯 Tam Başlık: Dexter - 8.Sezon 5.Bölüm
🎯 HEX DECODE - m3u8 bulundu: https://vidlax.xyz/upload/53f6a12241510becab1664f9ce9fa532cc50/master.m3u8
      ✅ Dexter - 8.Sezon 5.Bölüm - 1 m3u8
   🔍 [90/96] Bölüm: https://diziyiizle2.com/dexter/8-sezon-6-bolum/
📺 Embed URL bulundu: https://vidlax1.xyz/embed/0899659d91e780a4
🔍 Embed URL kontrol ediliyor: https://vidlax1.xyz/embed/0899659d91e780a4
📄 Embed sayfa içeriği alındı, boyut: 39653 karakter
🎬 Video Başlığı: Dexter
📝 Video Açıklaması: 8.Sezon 6.Bölüm
🎯 Tam Başlık: Dexter - 8.Sezon 6.Bölüm
🎯 HEX DECODE - m3u8 bulundu: https://vidlax.xyz/upload/5b8390337895df43bfc3bb9b6a5224694668/master.m3u8
      ✅ Dexter - 8.Sezon 6.Bölüm - 1 m3u8
   🔍 [91/96] Bölüm: https://diziyiizle2.com/dexter/8-sezon-7-bolum/
📺 Embed URL bulundu: https://vidlax1.xyz/embed/540c61b9fb9c30cc
🔍 Embed URL kontrol ediliyor: https://vidlax1.xyz/embed/540c61b9fb9c30cc
📄 Embed sayfa içeriği alındı, boyut: 39653 karakter
🎬 Video Başlığı: Dexter
📝 Video Açıklaması: 8.Sezon 7.Bölüm
🎯 Tam Başlık: Dexter - 8.Sezon 7.Bölüm
🎯 HEX DECODE - m3u8 bulundu: https://vidlax.xyz/upload/4f0ddc5afa8e187553c1eb2e836a69e108af/master.m3u8
      ✅ Dexter - 8.Sezon 7.Bölüm - 1 m3u8
   🔍 [92/96] Bölüm: https://diziyiizle2.com/dexter/8-sezon-8-bolum/
📺 Embed URL bulundu: https://vidlax1.xyz/embed/c4eb473e49aed19b
🔍 Embed URL kontrol ediliyor: https://vidlax1.xyz/embed/c4eb473e49aed19b
📄 Embed sayfa içeriği alındı, boyut: 39653 karakter
🎬 Video Başlığı: Dexter
📝 Video Açıklaması: 8.Sezon 8.Bölüm
🎯 Tam Başlık: Dexter - 8.Sezon 8.Bölüm
🎯 HEX DECODE - m3u8 bulundu: https://vidlax.xyz/upload/108e9de283ba102b638941cf58a35f1fafd7/master.m3u8
      ✅ Dexter - 8.Sezon 8.Bölüm - 1 m3u8
   🔍 [93/96] Bölüm: https://diziyiizle2.com/dexter/8-sezon-9-bolum/
📺 Embed URL bulundu: https://vidlax1.xyz/embed/44b100ae4147c113
🔍 Embed URL kontrol ediliyor: https://vidlax1.xyz/embed/44b100ae4147c113
📄 Embed sayfa içeriği alındı, boyut: 39653 karakter
🎬 Video Başlığı: Dexter
📝 Video Açıklaması: 8.Sezon 9.Bölüm
🎯 Tam Başlık: Dexter - 8.Sezon 9.Bölüm
🎯 HEX DECODE - m3u8 bulundu: https://vidlax.xyz/upload/41e151084b0716a955939f220bf6fa49c651/master.m3u8
      ✅ Dexter - 8.Sezon 9.Bölüm - 1 m3u8
   🔍 [94/96] Bölüm: https://diziyiizle2.com/dexter/8-sezon-10-bolum/
📺 Embed URL bulundu: https://vidlax1.xyz/embed/2ef4d041335ae8ee
🔍 Embed URL kontrol ediliyor: https://vidlax1.xyz/embed/2ef4d041335ae8ee
📄 Embed sayfa içeriği alındı, boyut: 39654 karakter
🎬 Video Başlığı: Dexter
📝 Video Açıklaması: 8.Sezon 10.Bölüm
🎯 Tam Başlık: Dexter - 8.Sezon 10.Bölüm
🎯 HEX DECODE - m3u8 bulundu: https://vidlax.xyz/upload/1f89ec567d89ee2aee48f1a866366732bcb1/master.m3u8
      ✅ Dexter - 8.Sezon 10.Bölüm - 1 m3u8
   🔍 [95/96] Bölüm: https://diziyiizle2.com/dexter/8-sezon-11-bolum/
📺 Embed URL bulundu: https://vidlax1.xyz/embed/2390a9b4064db06f
🔍 Embed URL kontrol ediliyor: https://vidlax1.xyz/embed/2390a9b4064db06f
📄 Embed sayfa içeriği alındı, boyut: 39654 karakter
🎬 Video Başlığı: Dexter
📝 Video Açıklaması: 8.Sezon 11.Bölüm
🎯 Tam Başlık: Dexter - 8.Sezon 11.Bölüm
🎯 HEX DECODE - m3u8 bulundu: https://vidlax.xyz/upload/0ddd650544d5c6365a6160a0a3e3e1f46eca/master.m3u8
      ✅ Dexter - 8.Sezon 11.Bölüm - 1 m3u8
   🔍 [96/96] Bölüm: https://diziyiizle2.com/dexter/8-sezon-12-bolum/
📺 Embed URL bulundu: https://vidlax1.xyz/embed/0c1185b064c78b5c
🔍 Embed URL kontrol ediliyor: https://vidlax1.xyz/embed/0c1185b064c78b5c
📄 Embed sayfa içeriği alındı, boyut: 39654 karakter
🎬 Video Başlığı: Dexter
📝 Video Açıklaması: 8.Sezon 12.Bölüm
🎯 Tam Başlık: Dexter - 8.Sezon 12.Bölüm
🎯 HEX DECODE - m3u8 bulundu: https://vidlax.xyz/upload/084b5456d16cdf643b19dc7444d08dcfa6d8/master.m3u8
      ✅ Dexter - 8.Sezon 12.Bölüm - 1 m3u8
      📁 Dizi playlist: playlists/dexter_playlist.m3u
   ✅ Dizi tamamlandı: 95 m3u8 eklendi

============================================================
🎬 [43/56] İşleniyor: https://diziyiizle2.com/dizi/mr-scorsese/
📺 Bölüm bulundu: 1. Sezon 1. BölümAltyazılı17.10.202554 dk. - https://diziyiizle2.com/mr-scorsese/1-sezon-1-bolum/
📺 Bölüm bulundu: 1. Sezon 2. BölümAltyazılı17.10.202563 dk. - https://diziyiizle2.com/mr-scorsese/1-sezon-2-bolum/
📺 Bölüm bulundu: 1. Sezon 3. BölümAltyazılı17.10.202553 dk. - https://diziyiizle2.com/mr-scorsese/1-sezon-3-bolum/
📺 Bölüm bulundu: 1. Sezon 4. BölümAltyazılı17.10.202552 dk. - https://diziyiizle2.com/mr-scorsese/1-sezon-4-bolum/
📺 Bölüm bulundu: 1. Sezon 5. BölümAltyazılı17.10.202561 dk. - https://diziyiizle2.com/mr-scorsese/1-sezon-5-bolum/

📊 Toplam 5 bölüm bulundu
   🔍 [1/5] Bölüm: https://diziyiizle2.com/mr-scorsese/1-sezon-1-bolum/
📺 Embed URL bulundu: https://vidlax1.xyz/embed/ae9cb15578978065
🔍 Embed URL kontrol ediliyor: https://vidlax1.xyz/embed/ae9cb15578978065
📄 Embed sayfa içeriği alındı, boyut: 42918 karakter
🎬 Video Başlığı: Mr. Scorsese
📝 Video Açıklaması: 1.Sezon 1.Bölüm
🎯 Tam Başlık: Mr. Scorsese - 1.Sezon 1.Bölüm
🎯 HEX DECODE - m3u8 bulundu: https://vidlax.xyz/upload/373df9f8bea46fa278b1462724db8bef39b4/master.m3u8
      ✅ Mr. Scorsese - 1.Sezon 1.Bölüm - 1 m3u8
   🔍 [2/5] Bölüm: https://diziyiizle2.com/mr-scorsese/1-sezon-2-bolum/
📺 Embed URL bulundu: https://vidlax1.xyz/embed/066e1df2c914b86a
🔍 Embed URL kontrol ediliyor: https://vidlax1.xyz/embed/066e1df2c914b86a
📄 Embed sayfa içeriği alındı, boyut: 43094 karakter
🎬 Video Başlığı: Mr. Scorsese
📝 Video Açıklaması: 1.Sezon 2.Bölüm
🎯 Tam Başlık: Mr. Scorsese - 1.Sezon 2.Bölüm
🎯 HEX DECODE - m3u8 bulundu: https://vidlax.xyz/upload/ffd64542f74639019f1ccb8faef073d59847/master.m3u8
      ✅ Mr. Scorsese - 1.Sezon 2.Bölüm - 1 m3u8
   🔍 [3/5] Bölüm: https://diziyiizle2.com/mr-scorsese/1-sezon-3-bolum/
📺 Embed URL bulundu: https://vidlax1.xyz/embed/8c3fd25994ca8c42
🔍 Embed URL kontrol ediliyor: https://vidlax1.xyz/embed/8c3fd25994ca8c42
📄 Embed sayfa içeriği alındı, boyut: 42059 karakter
🎬 Video Başlığı: Mr. Scorsese
📝 Video Açıklaması: 1.Sezon 3.Bölüm
🎯 Tam Başlık: Mr. Scorsese - 1.Sezon 3.Bölüm
🎯 HEX DECODE - m3u8 bulundu: https://vidlax.xyz/upload/59a69fe5be217e82ac36b467a91eece397ce/master.m3u8
      ✅ Mr. Scorsese - 1.Sezon 3.Bölüm - 1 m3u8
   🔍 [4/5] Bölüm: https://diziyiizle2.com/mr-scorsese/1-sezon-4-bolum/
📺 Embed URL bulundu: https://vidlax1.xyz/embed/26fc9deb569ea101
🔍 Embed URL kontrol ediliyor: https://vidlax1.xyz/embed/26fc9deb569ea101
📄 Embed sayfa içeriği alındı, boyut: 42059 karakter
🎬 Video Başlığı: Mr. Scorsese
📝 Video Açıklaması: 1.Sezon 4.Bölüm
🎯 Tam Başlık: Mr. Scorsese - 1.Sezon 4.Bölüm
🎯 HEX DECODE - m3u8 bulundu: https://vidlax.xyz/upload/72ae83fb68698264bc95b252338bcdb43ec0/master.m3u8
      ✅ Mr. Scorsese - 1.Sezon 4.Bölüm - 1 m3u8
   🔍 [5/5] Bölüm: https://diziyiizle2.com/mr-scorsese/1-sezon-5-bolum/
📺 Embed URL bulundu: https://vidlax1.xyz/embed/8cc9367d169a08cf
🔍 Embed URL kontrol ediliyor: https://vidlax1.xyz/embed/8cc9367d169a08cf
📄 Embed sayfa içeriği alındı, boyut: 43230 karakter
🎬 Video Başlığı: Mr. Scorsese
📝 Video Açıklaması: 1.Sezon 5.Bölüm
🎯 Tam Başlık: Mr. Scorsese - 1.Sezon 5.Bölüm
🎯 HEX DECODE - m3u8 bulundu: https://vidlax.xyz/upload/d28cad56535d75f4772e26af93896a6b57c0/master.m3u8
      ✅ Mr. Scorsese - 1.Sezon 5.Bölüm - 1 m3u8
      📁 Dizi playlist: playlists/mr_scorsese_playlist.m3u
   ✅ Dizi tamamlandı: 5 m3u8 eklendi

============================================================
🎬 [44/56] İşleniyor: https://diziyiizle2.com/dizi/ilk-bes/
📺 Bölüm bulundu: 1. Sezon 1. BölümDublaj16.10.202544 dk. - https://diziyiizle2.com/ilk-bes/1-sezon-1-bolum/
📺 Bölüm bulundu: 1. Sezon 2. BölümDublaj16.10.202547 dk. - https://diziyiizle2.com/ilk-bes/1-sezon-2-bolum/
📺 Bölüm bulundu: 1. Sezon 3. BölümDublaj16.10.202545 dk. - https://diziyiizle2.com/ilk-bes/1-sezon-3-bolum/
📺 Bölüm bulundu: 1. Sezon 4. BölümDublaj16.10.202547 dk. - https://diziyiizle2.com/ilk-bes/1-sezon-4-bolum/
📺 Bölüm bulundu: 1. Sezon 5. BölümDublaj16.10.202546 dk. - https://diziyiizle2.com/ilk-bes/1-sezon-5-bolum/
📺 Bölüm bulundu: 1. Sezon 6. BölümDublaj16.10.202540 dk. - https://diziyiizle2.com/ilk-bes/1-sezon-6-bolum/
📺 Bölüm bulundu: 1. Sezon 7. BölümDublaj16.10.202540 dk. - https://diziyiizle2.com/ilk-bes/1-sezon-7-bolum/
📺 Bölüm bulundu: 1. Sezon 8. BölümDublaj16.10.202540 dk. - https://diziyiizle2.com/ilk-bes/1-sezon-8-bolum/
📺 Bölüm bulundu: 1. Sezon 9. BölümDublaj16.10.202552 dk. - https://diziyiizle2.com/ilk-bes/1-sezon-9-bolum/
📺 Bölüm bulundu: 1. Sezon 10. BölümDublaj16.10.202562 dk. - https://diziyiizle2.com/ilk-bes/1-sezon-10-bolum/
📺 Bölüm bulundu: 2. Sezon 1. BölümDublaj16.10.2025 - https://diziyiizle2.com/ilk-bes/2-sezon-1-bolum/
📺 Bölüm bulundu: 2. Sezon 2. BölümDublaj16.10.2025 - https://diziyiizle2.com/ilk-bes/2-sezon-2-bolum/
📺 Bölüm bulundu: 2. Sezon 3. BölümDublaj16.10.2025 - https://diziyiizle2.com/ilk-bes/2-sezon-3-bolum/
📺 Bölüm bulundu: 2. Sezon 4. BölümDublaj16.10.2025 - https://diziyiizle2.com/ilk-bes/2-sezon-4-bolum/
📺 Bölüm bulundu: 2. Sezon 5. BölümDublaj16.10.2025 - https://diziyiizle2.com/ilk-bes/2-sezon-5-bolum/
📺 Bölüm bulundu: 2. Sezon 6. BölümDublaj16.10.2025 - https://diziyiizle2.com/ilk-bes/2-sezon-6-bolum/
📺 Bölüm bulundu: 2. Sezon 7. BölümDublaj16.10.2025 - https://diziyiizle2.com/ilk-bes/2-sezon-7-bolum/
📺 Bölüm bulundu: 2. Sezon 8. BölümDublaj16.10.2025 - https://diziyiizle2.com/ilk-bes/2-sezon-8-bolum/

📊 Toplam 18 bölüm bulundu
   🔍 [1/18] Bölüm: https://diziyiizle2.com/ilk-bes/1-sezon-1-bolum/
📺 Embed URL bulundu: https://vidlax1.xyz/embed/ddb8ae5d2c8b2398
🔍 Embed URL kontrol ediliyor: https://vidlax1.xyz/embed/ddb8ae5d2c8b2398
📄 Embed sayfa içeriği alındı, boyut: 40517 karakter
🎬 Video Başlığı: Starting 5
📝 Video Açıklaması: 1.Sezon 1.Bölüm
🎯 Tam Başlık: Starting 5 - 1.Sezon 1.Bölüm
🎯 HEX DECODE - m3u8 bulundu: https://vidlax.xyz/upload/f81e47e3c6d707af6fda60c0b5af871525ae/master.m3u8
      ✅ Starting 5 - 1.Sezon 1.Bölüm - 1 m3u8
   🔍 [2/18] Bölüm: https://diziyiizle2.com/ilk-bes/1-sezon-2-bolum/
📺 Embed URL bulundu: https://vidlax1.xyz/embed/df490d81e44d9141
🔍 Embed URL kontrol ediliyor: https://vidlax1.xyz/embed/df490d81e44d9141
📄 Embed sayfa içeriği alındı, boyut: 40344 karakter
🎬 Video Başlığı: Starting 5
📝 Video Açıklaması: 1.Sezon 2.Bölüm
🎯 Tam Başlık: Starting 5 - 1.Sezon 2.Bölüm
🎯 HEX DECODE - m3u8 bulundu: https://vidlax.xyz/upload/6008316063dbc32f6eeed2f20e5561474153/master.m3u8
      ✅ Starting 5 - 1.Sezon 2.Bölüm - 1 m3u8
   🔍 [3/18] Bölüm: https://diziyiizle2.com/ilk-bes/1-sezon-3-bolum/
📺 Embed URL bulundu: https://vidlax1.xyz/embed/2480025a0e4d6428
🔍 Embed URL kontrol ediliyor: https://vidlax1.xyz/embed/2480025a0e4d6428
📄 Embed sayfa içeriği alındı, boyut: 40517 karakter
🎬 Video Başlığı: Starting 5
📝 Video Açıklaması: 1.Sezon 3.Bölüm
🎯 Tam Başlık: Starting 5 - 1.Sezon 3.Bölüm
🎯 HEX DECODE - m3u8 bulundu: https://vidlax.xyz/upload/8d78a2c362483601f22378ac3e1446166980/master.m3u8
      ✅ Starting 5 - 1.Sezon 3.Bölüm - 1 m3u8
   🔍 [4/18] Bölüm: https://diziyiizle2.com/ilk-bes/1-sezon-4-bolum/
📺 Embed URL bulundu: https://vidlax1.xyz/embed/d9cba528d0e93184
🔍 Embed URL kontrol ediliyor: https://vidlax1.xyz/embed/d9cba528d0e93184
📄 Embed sayfa içeriği alındı, boyut: 40517 karakter
🎬 Video Başlığı: Starting 5
📝 Video Açıklaması: 1.Sezon 4.Bölüm
🎯 Tam Başlık: Starting 5 - 1.Sezon 4.Bölüm
🎯 HEX DECODE - m3u8 bulundu: https://vidlax.xyz/upload/16db343c3a2d3702d419d728725a170e53b1/master.m3u8
      ✅ Starting 5 - 1.Sezon 4.Bölüm - 1 m3u8
   🔍 [5/18] Bölüm: https://diziyiizle2.com/ilk-bes/1-sezon-5-bolum/
📺 Embed URL bulundu: https://vidlax1.xyz/embed/6e6efb2b4fd8a8ab
🔍 Embed URL kontrol ediliyor: https://vidlax1.xyz/embed/6e6efb2b4fd8a8ab
📄 Embed sayfa içeriği alındı, boyut: 40344 karakter
🎬 Video Başlığı: Starting 5
📝 Video Açıklaması: 1.Sezon 5.Bölüm
🎯 Tam Başlık: Starting 5 - 1.Sezon 5.Bölüm
🎯 HEX DECODE - m3u8 bulundu: https://vidlax.xyz/upload/5ceb97e44d52efbc4c1c806b7eac4ff3793d/master.m3u8
      ✅ Starting 5 - 1.Sezon 5.Bölüm - 1 m3u8
   🔍 [6/18] Bölüm: https://diziyiizle2.com/ilk-bes/1-sezon-6-bolum/
📺 Embed URL bulundu: https://vidlax1.xyz/embed/5191872c3bbe2e56
🔍 Embed URL kontrol ediliyor: https://vidlax1.xyz/embed/5191872c3bbe2e56
📄 Embed sayfa içeriği alındı, boyut: 40517 karakter
🎬 Video Başlığı: Starting 5
📝 Video Açıklaması: 1.Sezon 6.Bölüm
🎯 Tam Başlık: Starting 5 - 1.Sezon 6.Bölüm
🎯 HEX DECODE - m3u8 bulundu: https://vidlax.xyz/upload/150a9f6fc1f8e0ef880663d38f4f0ef4f17f/master.m3u8
      ✅ Starting 5 - 1.Sezon 6.Bölüm - 1 m3u8
   🔍 [7/18] Bölüm: https://diziyiizle2.com/ilk-bes/1-sezon-7-bolum/
📺 Embed URL bulundu: https://vidlax1.xyz/embed/0c3c245a2fd911ef
🔍 Embed URL kontrol ediliyor: https://vidlax1.xyz/embed/0c3c245a2fd911ef
📄 Embed sayfa içeriği alındı, boyut: 40517 karakter
🎬 Video Başlığı: Starting 5
📝 Video Açıklaması: 1.Sezon 7.Bölüm
🎯 Tam Başlık: Starting 5 - 1.Sezon 7.Bölüm
🎯 HEX DECODE - m3u8 bulundu: https://vidlax.xyz/upload/a6a97bf5ebc99335d747e1ca40ff81619881/master.m3u8
      ✅ Starting 5 - 1.Sezon 7.Bölüm - 1 m3u8
   🔍 [8/18] Bölüm: https://diziyiizle2.com/ilk-bes/1-sezon-8-bolum/
📺 Embed URL bulundu: https://vidlax1.xyz/embed/b1d3c03fa7762e33
🔍 Embed URL kontrol ediliyor: https://vidlax1.xyz/embed/b1d3c03fa7762e33
📄 Embed sayfa içeriği alındı, boyut: 40517 karakter
🎬 Video Başlığı: Starting 5
📝 Video Açıklaması: 1.Sezon 8.Bölüm
🎯 Tam Başlık: Starting 5 - 1.Sezon 8.Bölüm
🎯 HEX DECODE - m3u8 bulundu: https://vidlax.xyz/upload/16fca08a0fa07705ce24434efc0d2140d4d9/master.m3u8
      ✅ Starting 5 - 1.Sezon 8.Bölüm - 1 m3u8
   🔍 [9/18] Bölüm: https://diziyiizle2.com/ilk-bes/1-sezon-9-bolum/
📺 Embed URL bulundu: https://vidlax1.xyz/embed/74e651ccef343bc1
🔍 Embed URL kontrol ediliyor: https://vidlax1.xyz/embed/74e651ccef343bc1
📄 Embed sayfa içeriği alındı, boyut: 40163 karakter
🎬 Video Başlığı: Starting 5
📝 Video Açıklaması: 1.Sezon 9.Bölüm
🎯 Tam Başlık: Starting 5 - 1.Sezon 9.Bölüm
🎯 HEX DECODE - m3u8 bulundu: https://vidlax.xyz/upload/87e9efe37346f6e7d2ee76b7d0ea97e0e8d0/master.m3u8
      ✅ Starting 5 - 1.Sezon 9.Bölüm - 1 m3u8
   🔍 [10/18] Bölüm: https://diziyiizle2.com/ilk-bes/1-sezon-10-bolum/
📺 Embed URL bulundu: https://vidlax1.xyz/embed/d131b55024e5448b
🔍 Embed URL kontrol ediliyor: https://vidlax1.xyz/embed/d131b55024e5448b
📄 Embed sayfa içeriği alındı, boyut: 40164 karakter
🎬 Video Başlığı: Starting 5
📝 Video Açıklaması: 1.Sezon 10.Bölüm
🎯 Tam Başlık: Starting 5 - 1.Sezon 10.Bölüm
🎯 HEX DECODE - m3u8 bulundu: https://vidlax.xyz/upload/c3446c59382a58c2cea07a1afb8f50e46780/master.m3u8
      ✅ Starting 5 - 1.Sezon 10.Bölüm - 1 m3u8
   🔍 [11/18] Bölüm: https://diziyiizle2.com/ilk-bes/2-sezon-1-bolum/
📺 Embed URL bulundu: https://vidlax1.xyz/embed/601dc4496dc1d1cf
🔍 Embed URL kontrol ediliyor: https://vidlax1.xyz/embed/601dc4496dc1d1cf
📄 Embed sayfa içeriği alındı, boyut: 40517 karakter
🎬 Video Başlığı: Starting 5
📝 Video Açıklaması: 2.Sezon 1.Bölüm
🎯 Tam Başlık: Starting 5 - 2.Sezon 1.Bölüm
🎯 HEX DECODE - m3u8 bulundu: https://vidlax.xyz/upload/4cb50f50ccb3896313a030a45ab90eadd8d2/master.m3u8
      ✅ Starting 5 - 2.Sezon 1.Bölüm - 1 m3u8
   🔍 [12/18] Bölüm: https://diziyiizle2.com/ilk-bes/2-sezon-2-bolum/
📺 Embed URL bulundu: https://vidlax1.xyz/embed/a113c08ca392ed53
🔍 Embed URL kontrol ediliyor: https://vidlax1.xyz/embed/a113c08ca392ed53
📄 Embed sayfa içeriği alındı, boyut: 40517 karakter
🎬 Video Başlığı: Starting 5
📝 Video Açıklaması: 2.Sezon 2.Bölüm
🎯 Tam Başlık: Starting 5 - 2.Sezon 2.Bölüm
🎯 HEX DECODE - m3u8 bulundu: https://vidlax.xyz/upload/d4a4a859c7447f81c212b9d982d08408ffe4/master.m3u8
      ✅ Starting 5 - 2.Sezon 2.Bölüm - 1 m3u8
   🔍 [13/18] Bölüm: https://diziyiizle2.com/ilk-bes/2-sezon-3-bolum/
📺 Embed URL bulundu: https://vidlax1.xyz/embed/0c7c3aa165bacdd9
🔍 Embed URL kontrol ediliyor: https://vidlax1.xyz/embed/0c7c3aa165bacdd9
📄 Embed sayfa içeriği alındı, boyut: 40344 karakter
🎬 Video Başlığı: Starting 5
📝 Video Açıklaması: 2.Sezon 3.Bölüm
🎯 Tam Başlık: Starting 5 - 2.Sezon 3.Bölüm
🎯 HEX DECODE - m3u8 bulundu: https://vidlax.xyz/upload/fc1ae441d1cd00719e329d267df7b55b5cb7/master.m3u8
      ✅ Starting 5 - 2.Sezon 3.Bölüm - 1 m3u8
   🔍 [14/18] Bölüm: https://diziyiizle2.com/ilk-bes/2-sezon-4-bolum/
📺 Embed URL bulundu: https://vidlax1.xyz/embed/df5d6b3e77568373
🔍 Embed URL kontrol ediliyor: https://vidlax1.xyz/embed/df5d6b3e77568373
📄 Embed sayfa içeriği alındı, boyut: 40517 karakter
🎬 Video Başlığı: Starting 5
📝 Video Açıklaması: 2.Sezon 4.Bölüm
🎯 Tam Başlık: Starting 5 - 2.Sezon 4.Bölüm
🎯 HEX DECODE - m3u8 bulundu: https://vidlax.xyz/upload/4d759d41badb425dc3bcfa0c1e535f9c0fa1/master.m3u8
      ✅ Starting 5 - 2.Sezon 4.Bölüm - 1 m3u8
   🔍 [15/18] Bölüm: https://diziyiizle2.com/ilk-bes/2-sezon-5-bolum/
📺 Embed URL bulundu: https://vidlax1.xyz/embed/85d6e24476e543b5
🔍 Embed URL kontrol ediliyor: https://vidlax1.xyz/embed/85d6e24476e543b5
📄 Embed sayfa içeriği alındı, boyut: 40517 karakter
🎬 Video Başlığı: Starting 5
📝 Video Açıklaması: 2.Sezon 5.Bölüm
🎯 Tam Başlık: Starting 5 - 2.Sezon 5.Bölüm
🎯 HEX DECODE - m3u8 bulundu: https://vidlax.xyz/upload/e54bdb1a25c2c28a47b20ff3c38934458f06/master.m3u8
      ✅ Starting 5 - 2.Sezon 5.Bölüm - 1 m3u8
   🔍 [16/18] Bölüm: https://diziyiizle2.com/ilk-bes/2-sezon-6-bolum/
📺 Embed URL bulundu: https://vidlax1.xyz/embed/b401dd05185c8e68
🔍 Embed URL kontrol ediliyor: https://vidlax1.xyz/embed/b401dd05185c8e68
📄 Embed sayfa içeriği alındı, boyut: 40517 karakter
🎬 Video Başlığı: Starting 5
📝 Video Açıklaması: 2.Sezon 6.Bölüm
🎯 Tam Başlık: Starting 5 - 2.Sezon 6.Bölüm
🎯 HEX DECODE - m3u8 bulundu: https://vidlax.xyz/upload/32e9278e0a0fe4a6ff7771474f8a3acec008/master.m3u8
      ✅ Starting 5 - 2.Sezon 6.Bölüm - 1 m3u8
   🔍 [17/18] Bölüm: https://diziyiizle2.com/ilk-bes/2-sezon-7-bolum/
📺 Embed URL bulundu: https://vidlax1.xyz/embed/f0b6779263a79bd7
🔍 Embed URL kontrol ediliyor: https://vidlax1.xyz/embed/f0b6779263a79bd7
📄 Embed sayfa içeriği alındı, boyut: 40517 karakter
🎬 Video Başlığı: Starting 5
📝 Video Açıklaması: 2.Sezon 7.Bölüm
🎯 Tam Başlık: Starting 5 - 2.Sezon 7.Bölüm
🎯 HEX DECODE - m3u8 bulundu: https://vidlax.xyz/upload/8c5b3cce49dc970e272dc211a6209a7c42bc/master.m3u8
      ✅ Starting 5 - 2.Sezon 7.Bölüm - 1 m3u8
   🔍 [18/18] Bölüm: https://diziyiizle2.com/ilk-bes/2-sezon-8-bolum/
📺 Embed URL bulundu: https://vidlax1.xyz/embed/998d28d66c117cf9
🔍 Embed URL kontrol ediliyor: https://vidlax1.xyz/embed/998d28d66c117cf9
📄 Embed sayfa içeriği alındı, boyut: 40329 karakter
🎬 Video Başlığı: Starting 5
📝 Video Açıklaması: 2.Sezon 8.Bölüm
🎯 Tam Başlık: Starting 5 - 2.Sezon 8.Bölüm
🎯 HEX DECODE - m3u8 bulundu: https://vidlax.xyz/upload/1416b1779b63f037f3c3d78b8bf6b89944e1/master.m3u8
      ✅ Starting 5 - 2.Sezon 8.Bölüm - 1 m3u8
      📁 Dizi playlist: playlists/ilk_bes_playlist.m3u
   ✅ Dizi tamamlandı: 18 m3u8 eklendi

============================================================
🎬 [45/56] İşleniyor: https://diziyiizle2.com/dizi/to-cook-a-bear/
📺 Bölüm bulundu: 1. Sezon 1. BölümDublaj16.10.202551 dk. - https://diziyiizle2.com/to-cook-a-bear/1-sezon-1-bolum/
📺 Bölüm bulundu: 1. Sezon 2. BölümDublaj16.10.202550 dk. - https://diziyiizle2.com/to-cook-a-bear/1-sezon-2-bolum/
📺 Bölüm bulundu: 1. Sezon 3. BölümDublaj16.10.202552 dk. - https://diziyiizle2.com/to-cook-a-bear/1-sezon-3-bolum/
📺 Bölüm bulundu: 1. Sezon 4. BölümDublaj16.10.202552 dk. - https://diziyiizle2.com/to-cook-a-bear/1-sezon-4-bolum/
📺 Bölüm bulundu: 1. Sezon 5. BölümDublaj16.10.202550 dk. - https://diziyiizle2.com/to-cook-a-bear/1-sezon-5-bolum/
📺 Bölüm bulundu: 1. Sezon 6. BölümDublaj16.10.202550 dk. - https://diziyiizle2.com/to-cook-a-bear/1-sezon-6-bolum/

📊 Toplam 6 bölüm bulundu
   🔍 [1/6] Bölüm: https://diziyiizle2.com/to-cook-a-bear/1-sezon-1-bolum/
📺 Embed URL bulundu: https://vidlax1.xyz/embed/08130d806871f38d
🔍 Embed URL kontrol ediliyor: https://vidlax1.xyz/embed/08130d806871f38d
📄 Embed sayfa içeriği alındı, boyut: 41234 karakter
🎬 Video Başlığı: To Cook a Bear
📝 Video Açıklaması: 1.Sezon 1.Bölüm
🎯 Tam Başlık: To Cook a Bear - 1.Sezon 1.Bölüm
🎯 HEX DECODE - m3u8 bulundu: https://vidlax.xyz/upload/c7db8f9bd43f0d94e2b2998cf4c44ab700ec/master.m3u8
      ✅ To Cook a Bear - 1.Sezon 1.Bölüm - 1 m3u8
   🔍 [2/6] Bölüm: https://diziyiizle2.com/to-cook-a-bear/1-sezon-2-bolum/
📺 Embed URL bulundu: https://vidlax1.xyz/embed/0ef3d722050c40be
🔍 Embed URL kontrol ediliyor: https://vidlax1.xyz/embed/0ef3d722050c40be
📄 Embed sayfa içeriği alındı, boyut: 41234 karakter
🎬 Video Başlığı: To Cook a Bear
📝 Video Açıklaması: 1.Sezon 2.Bölüm
🎯 Tam Başlık: To Cook a Bear - 1.Sezon 2.Bölüm
🎯 HEX DECODE - m3u8 bulundu: https://vidlax.xyz/upload/ce2e71531ada0e477f10e329c1ecd6859076/master.m3u8
      ✅ To Cook a Bear - 1.Sezon 2.Bölüm - 1 m3u8
   🔍 [3/6] Bölüm: https://diziyiizle2.com/to-cook-a-bear/1-sezon-3-bolum/
📺 Embed URL bulundu: https://vidlax1.xyz/embed/ceb695d6d210f532
🔍 Embed URL kontrol ediliyor: https://vidlax1.xyz/embed/ceb695d6d210f532
📄 Embed sayfa içeriği alındı, boyut: 41234 karakter
🎬 Video Başlığı: To Cook a Bear
📝 Video Açıklaması: 1.Sezon 3.Bölüm
🎯 Tam Başlık: To Cook a Bear - 1.Sezon 3.Bölüm
🎯 HEX DECODE - m3u8 bulundu: https://vidlax.xyz/upload/128796979406670dd1ca30668bd19eb4170f/master.m3u8
      ✅ To Cook a Bear - 1.Sezon 3.Bölüm - 1 m3u8
   🔍 [4/6] Bölüm: https://diziyiizle2.com/to-cook-a-bear/1-sezon-4-bolum/
📺 Embed URL bulundu: https://vidlax1.xyz/embed/867d1a6161d3b93b
🔍 Embed URL kontrol ediliyor: https://vidlax1.xyz/embed/867d1a6161d3b93b
📄 Embed sayfa içeriği alındı, boyut: 41234 karakter
🎬 Video Başlığı: To Cook a Bear
📝 Video Açıklaması: 1.Sezon 4.Bölüm
🎯 Tam Başlık: To Cook a Bear - 1.Sezon 4.Bölüm
🎯 HEX DECODE - m3u8 bulundu: https://vidlax.xyz/upload/8c55a55e3ea2054407e128308931e6cd6971/master.m3u8
      ✅ To Cook a Bear - 1.Sezon 4.Bölüm - 1 m3u8
   🔍 [5/6] Bölüm: https://diziyiizle2.com/to-cook-a-bear/1-sezon-5-bolum/
📺 Embed URL bulundu: https://vidlax1.xyz/embed/868da3bfd552f7dc
🔍 Embed URL kontrol ediliyor: https://vidlax1.xyz/embed/868da3bfd552f7dc
📄 Embed sayfa içeriği alındı, boyut: 41234 karakter
🎬 Video Başlığı: To Cook a Bear
📝 Video Açıklaması: 1.Sezon 5.Bölüm
🎯 Tam Başlık: To Cook a Bear - 1.Sezon 5.Bölüm
🎯 HEX DECODE - m3u8 bulundu: https://vidlax.xyz/upload/d5bf60867b0b72723ca7624b0a77d54506ad/master.m3u8
      ✅ To Cook a Bear - 1.Sezon 5.Bölüm - 1 m3u8
   🔍 [6/6] Bölüm: https://diziyiizle2.com/to-cook-a-bear/1-sezon-6-bolum/
📺 Embed URL bulundu: https://vidlax1.xyz/embed/7aa0578a4741aa2f
🔍 Embed URL kontrol ediliyor: https://vidlax1.xyz/embed/7aa0578a4741aa2f
📄 Embed sayfa içeriği alındı, boyut: 41234 karakter
🎬 Video Başlığı: To Cook a Bear
📝 Video Açıklaması: 1.Sezon 6.Bölüm
🎯 Tam Başlık: To Cook a Bear - 1.Sezon 6.Bölüm
🎯 HEX DECODE - m3u8 bulundu: https://vidlax.xyz/upload/f79175cc2c2b9a1504f4284e751b41a44f30/master.m3u8
      ✅ To Cook a Bear - 1.Sezon 6.Bölüm - 1 m3u8
      📁 Dizi playlist: playlists/to_cook_a_bear_playlist.m3u
   ✅ Dizi tamamlandı: 6 m3u8 eklendi

============================================================
🎬 [46/56] İşleniyor: https://diziyiizle2.com/dizi/murdaugh-death-in-the-family/
📺 Bölüm bulundu: 1. Sezon 1. BölümDublaj15.10.2025 - https://diziyiizle2.com/murdaugh-death-in-the-family/1-sezon-1-bolum/
📺 Bölüm bulundu: 1. Sezon 2. BölümDublaj15.10.2025 - https://diziyiizle2.com/murdaugh-death-in-the-family/1-sezon-2-bolum/
📺 Bölüm bulundu: 1. Sezon 3. BölümDublaj15.10.2025 - https://diziyiizle2.com/murdaugh-death-in-the-family/1-sezon-3-bolum/
📺 Bölüm bulundu: 1. Sezon 4. BölümAltyazılı22.10.2025 - https://diziyiizle2.com/murdaugh-death-in-the-family/1-sezon-4-bolum/
📺 Bölüm bulundu: 1. Sezon 5. BölümAltyazılı15.10.2025 - https://diziyiizle2.com/murdaugh-death-in-the-family/1-sezon-5-bolum/
📺 Bölüm bulundu: 1. Sezon 6. BölümAltyazılı22.10.2025 - https://diziyiizle2.com/murdaugh-death-in-the-family/1-sezon-6-bolum/
📺 Bölüm bulundu: 1. Sezon 7. BölümAltyazılı15.10.2025 - https://diziyiizle2.com/murdaugh-death-in-the-family/1-sezon-7-bolum/
📺 Bölüm bulundu: 1. Sezon 8. BölümAltyazılı15.10.2025 - https://diziyiizle2.com/murdaugh-death-in-the-family/1-sezon-8-bolum/

📊 Toplam 8 bölüm bulundu
   🔍 [1/8] Bölüm: https://diziyiizle2.com/murdaugh-death-in-the-family/1-sezon-1-bolum/
📺 Embed URL bulundu: https://vidlax1.xyz/embed/00c287f4fe2f0e44
🔍 Embed URL kontrol ediliyor: https://vidlax1.xyz/embed/00c287f4fe2f0e44
📄 Embed sayfa içeriği alındı, boyut: 41552 karakter
🎬 Video Başlığı: Murdaugh: Death in the Family
📝 Video Açıklaması: 1.Sezon 1.Bölüm
🎯 Tam Başlık: Murdaugh: Death in the Family - 1.Sezon 1.Bölüm
🎯 HEX DECODE - m3u8 bulundu: https://vidlax.xyz/upload/2fd0821c059cb3ec28c7351d5d0553a60f7f/master.m3u8
      ✅ Murdaugh: Death in the Family - 1.Sezon 1.Bölüm - 1 m3u8
   🔍 [2/8] Bölüm: https://diziyiizle2.com/murdaugh-death-in-the-family/1-sezon-2-bolum/
📺 Embed URL bulundu: https://vidlax1.xyz/embed/c799148a488b35bb
🔍 Embed URL kontrol ediliyor: https://vidlax1.xyz/embed/c799148a488b35bb
📄 Embed sayfa içeriği alındı, boyut: 41552 karakter
🎬 Video Başlığı: Murdaugh: Death in the Family
📝 Video Açıklaması: 1.Sezon 2.Bölüm
🎯 Tam Başlık: Murdaugh: Death in the Family - 1.Sezon 2.Bölüm
🎯 HEX DECODE - m3u8 bulundu: https://vidlax.xyz/upload/a04a74d54d2a593d0e9841680f0c2367e9e7/master.m3u8
      ✅ Murdaugh: Death in the Family - 1.Sezon 2.Bölüm - 1 m3u8
   🔍 [3/8] Bölüm: https://diziyiizle2.com/murdaugh-death-in-the-family/1-sezon-3-bolum/
📺 Embed URL bulundu: https://vidlax1.xyz/embed/6cc83ba17f387971
🔍 Embed URL kontrol ediliyor: https://vidlax1.xyz/embed/6cc83ba17f387971
📄 Embed sayfa içeriği alındı, boyut: 41552 karakter
🎬 Video Başlığı: Murdaugh: Death in the Family
📝 Video Açıklaması: 1.Sezon 3.Bölüm
🎯 Tam Başlık: Murdaugh: Death in the Family - 1.Sezon 3.Bölüm
🎯 HEX DECODE - m3u8 bulundu: https://vidlax.xyz/upload/8f8c39d0ff36a40bd66e9daeac69804b42b0/master.m3u8
      ✅ Murdaugh: Death in the Family - 1.Sezon 3.Bölüm - 1 m3u8
   🔍 [4/8] Bölüm: https://diziyiizle2.com/murdaugh-death-in-the-family/1-sezon-4-bolum/
📺 Embed URL bulundu: https://vidlax1.xyz/embed/09b481533e11c7ca
🔍 Embed URL kontrol ediliyor: https://vidlax1.xyz/embed/09b481533e11c7ca
📄 Embed sayfa içeriği alındı, boyut: 39816 karakter
🎬 Video Başlığı: Murdaugh Death in the Family
📝 Video Açıklaması: 1.Sezon 4.Bölüm
🎯 Tam Başlık: Murdaugh Death in the Family - 1.Sezon 4.Bölüm
🎯 HEX DECODE - m3u8 bulundu: https://vidlax.xyz/upload/652f543d0a0389f5e6589e8251b0c5a2bb68/master.m3u8
      ✅ Murdaugh Death in the Family - 1.Sezon 4.Bölüm - 1 m3u8
   🔍 [5/8] Bölüm: https://diziyiizle2.com/murdaugh-death-in-the-family/1-sezon-5-bolum/
📺 Embed URL bulundu: https://vidlax1.xyz/embed/e13676b64aeaef6e
🔍 Embed URL kontrol ediliyor: https://vidlax1.xyz/embed/e13676b64aeaef6e
📄 Embed sayfa içeriği alındı, boyut: 39676 karakter
🎬 Video Başlığı: Murdaugh: Death in the Family
📝 Video Açıklaması: 1.Sezon 5.Bölüm
🎯 Tam Başlık: Murdaugh: Death in the Family - 1.Sezon 5.Bölüm
🎯 HEX DECODE - m3u8 bulundu: https://vidlax.xyz/upload/d9107f5086207a47497ef87d7bb18fc30328/master.m3u8
      ✅ Murdaugh: Death in the Family - 1.Sezon 5.Bölüm - 1 m3u8
   🔍 [6/8] Bölüm: https://diziyiizle2.com/murdaugh-death-in-the-family/1-sezon-6-bolum/

🔍 Vidlax direkt analizi: https://diziyiizle2.com/murdaugh-death-in-the-family/1-sezon-6-bolum/
📄 Sayfa içeriği alındı: 60789 karakter
❌ m3u8 URL'si bulunamadı
      ❌ m3u8 bulunamadı
   🔍 [7/8] Bölüm: https://diziyiizle2.com/murdaugh-death-in-the-family/1-sezon-7-bolum/

🔍 Vidlax direkt analizi: https://diziyiizle2.com/murdaugh-death-in-the-family/1-sezon-7-bolum/
📄 Sayfa içeriği alındı: 60789 karakter
❌ m3u8 URL'si bulunamadı
      ❌ m3u8 bulunamadı
   🔍 [8/8] Bölüm: https://diziyiizle2.com/murdaugh-death-in-the-family/1-sezon-8-bolum/

🔍 Vidlax direkt analizi: https://diziyiizle2.com/murdaugh-death-in-the-family/1-sezon-8-bolum/
📄 Sayfa içeriği alındı: 60788 karakter
❌ m3u8 URL'si bulunamadı
      ❌ m3u8 bulunamadı
      📁 Dizi playlist: playlists/murdaugh_death_in_the_family_playlist.m3u
   ✅ Dizi tamamlandı: 5 m3u8 eklendi

============================================================
🎬 [47/56] İşleniyor: https://diziyiizle2.com/dizi/gittigimizi-kimse-gormedi/
📺 Bölüm bulundu: 1. Sezon 1. BölümDublaj15.10.2025 - https://diziyiizle2.com/gittigimizi-kimse-gormedi/1-sezon-1-bolum/
📺 Bölüm bulundu: 1. Sezon 2. BölümDublaj15.10.2025 - https://diziyiizle2.com/gittigimizi-kimse-gormedi/1-sezon-2-bolum/
📺 Bölüm bulundu: 1. Sezon 3. BölümDublaj15.10.2025 - https://diziyiizle2.com/gittigimizi-kimse-gormedi/1-sezon-3-bolum/
📺 Bölüm bulundu: 1. Sezon 4. BölümDublaj15.10.2025 - https://diziyiizle2.com/gittigimizi-kimse-gormedi/1-sezon-4-bolum/
📺 Bölüm bulundu: 1. Sezon 5. BölümDublaj15.10.2025 - https://diziyiizle2.com/gittigimizi-kimse-gormedi/1-sezon-5-bolum/

📊 Toplam 5 bölüm bulundu
   🔍 [1/5] Bölüm: https://diziyiizle2.com/gittigimizi-kimse-gormedi/1-sezon-1-bolum/
📺 Embed URL bulundu: https://vidlax1.xyz/embed/8be28c1e757343be
🔍 Embed URL kontrol ediliyor: https://vidlax1.xyz/embed/8be28c1e757343be
📄 Embed sayfa içeriği alındı, boyut: 42593 karakter
🎬 Video Başlığı: No One Saw Us Leave
📝 Video Açıklaması: 1.Sezon 1.Bölüm
🎯 Tam Başlık: No One Saw Us Leave - 1.Sezon 1.Bölüm
🎯 HEX DECODE - m3u8 bulundu: https://vidlax.xyz/upload/40948ab35b34fa4018663dcf927c17523cb2/master.m3u8
      ✅ No One Saw Us Leave - 1.Sezon 1.Bölüm - 1 m3u8
   🔍 [2/5] Bölüm: https://diziyiizle2.com/gittigimizi-kimse-gormedi/1-sezon-2-bolum/
📺 Embed URL bulundu: https://vidlax1.xyz/embed/2c47e5e22d6ad2ac
🔍 Embed URL kontrol ediliyor: https://vidlax1.xyz/embed/2c47e5e22d6ad2ac
📄 Embed sayfa içeriği alındı, boyut: 42767 karakter
🎬 Video Başlığı: No One Saw Us Leave
📝 Video Açıklaması: 1.Sezon 2.Bölüm
🎯 Tam Başlık: No One Saw Us Leave - 1.Sezon 2.Bölüm
🎯 HEX DECODE - m3u8 bulundu: https://vidlax.xyz/upload/4b526a378fcbed5f90bf58f99e37483c96d2/master.m3u8
      ✅ No One Saw Us Leave - 1.Sezon 2.Bölüm - 1 m3u8
   🔍 [3/5] Bölüm: https://diziyiizle2.com/gittigimizi-kimse-gormedi/1-sezon-3-bolum/
📺 Embed URL bulundu: https://vidlax1.xyz/embed/b4c4fdfb73e15eca
🔍 Embed URL kontrol ediliyor: https://vidlax1.xyz/embed/b4c4fdfb73e15eca
📄 Embed sayfa içeriği alındı, boyut: 42593 karakter
🎬 Video Başlığı: No One Saw Us Leave
📝 Video Açıklaması: 1.Sezon 3.Bölüm
🎯 Tam Başlık: No One Saw Us Leave - 1.Sezon 3.Bölüm
🎯 HEX DECODE - m3u8 bulundu: https://vidlax.xyz/upload/664951ed85bfc329c28d9c486fe31bbbc90c/master.m3u8
      ✅ No One Saw Us Leave - 1.Sezon 3.Bölüm - 1 m3u8
   🔍 [4/5] Bölüm: https://diziyiizle2.com/gittigimizi-kimse-gormedi/1-sezon-4-bolum/
📺 Embed URL bulundu: https://vidlax1.xyz/embed/085cccdef1a6b7e8
🔍 Embed URL kontrol ediliyor: https://vidlax1.xyz/embed/085cccdef1a6b7e8
📄 Embed sayfa içeriği alındı, boyut: 42593 karakter
🎬 Video Başlığı: No One Saw Us Leave
📝 Video Açıklaması: 1.Sezon 4.Bölüm
🎯 Tam Başlık: No One Saw Us Leave - 1.Sezon 4.Bölüm
🎯 HEX DECODE - m3u8 bulundu: https://vidlax.xyz/upload/fe2fd212b10def2da30e92fc2396ffd94cc0/master.m3u8
      ✅ No One Saw Us Leave - 1.Sezon 4.Bölüm - 1 m3u8
   🔍 [5/5] Bölüm: https://diziyiizle2.com/gittigimizi-kimse-gormedi/1-sezon-5-bolum/
📺 Embed URL bulundu: https://vidlax1.xyz/embed/ebfca3c42b3c8284
🔍 Embed URL kontrol ediliyor: https://vidlax1.xyz/embed/ebfca3c42b3c8284
📄 Embed sayfa içeriği alındı, boyut: 42593 karakter
🎬 Video Başlığı: No One Saw Us Leave
📝 Video Açıklaması: 1.Sezon 5.Bölüm
🎯 Tam Başlık: No One Saw Us Leave - 1.Sezon 5.Bölüm
🎯 HEX DECODE - m3u8 bulundu: https://vidlax.xyz/upload/e344711673a4e05e34b8557225a4f573e86b/master.m3u8
      ✅ No One Saw Us Leave - 1.Sezon 5.Bölüm - 1 m3u8
      📁 Dizi playlist: playlists/gittigimizi_kimse_gormedi_playlist.m3u
   ✅ Dizi tamamlandı: 5 m3u8 eklendi

============================================================
🎬 [48/56] İşleniyor: https://diziyiizle2.com/dizi/loot/
📺 Bölüm bulundu: 1. Sezon 1. BölümAltyazılı15.10.202531 dk. - https://diziyiizle2.com/loot/1-sezon-1-bolum/
📺 Bölüm bulundu: 1. Sezon 2. BölümAltyazılı15.10.202527 dk. - https://diziyiizle2.com/loot/1-sezon-2-bolum/
📺 Bölüm bulundu: 1. Sezon 3. BölümAltyazılı15.10.202528 dk. - https://diziyiizle2.com/loot/1-sezon-3-bolum/
📺 Bölüm bulundu: 1. Sezon 4. BölümAltyazılı15.10.202525 dk. - https://diziyiizle2.com/loot/1-sezon-4-bolum/
📺 Bölüm bulundu: 1. Sezon 5. BölümAltyazılı15.10.202524 dk. - https://diziyiizle2.com/loot/1-sezon-5-bolum/
📺 Bölüm bulundu: 1. Sezon 6. BölümAltyazılı15.10.202527 dk. - https://diziyiizle2.com/loot/1-sezon-6-bolum/
📺 Bölüm bulundu: 1. Sezon 7. BölümAltyazılı15.10.202526 dk. - https://diziyiizle2.com/loot/1-sezon-7-bolum/
📺 Bölüm bulundu: 1. Sezon 8. BölümAltyazılı15.10.202527 dk. - https://diziyiizle2.com/loot/1-sezon-8-bolum/
📺 Bölüm bulundu: 1. Sezon 9. BölümAltyazılı15.10.202527 dk. - https://diziyiizle2.com/loot/1-sezon-9-bolum/
📺 Bölüm bulundu: 1. Sezon 10. BölümAltyazılı15.10.202534 dk. - https://diziyiizle2.com/loot/1-sezon-10-bolum/
📺 Bölüm bulundu: 2. Sezon 1. BölümAltyazılı15.10.202528 dk. - https://diziyiizle2.com/loot/2-sezon-1-bolum/
📺 Bölüm bulundu: 2. Sezon 2. BölümAltyazılı15.10.202530 dk. - https://diziyiizle2.com/loot/2-sezon-2-bolum/
📺 Bölüm bulundu: 2. Sezon 3. BölümAltyazılı15.10.202530 dk. - https://diziyiizle2.com/loot/2-sezon-3-bolum/
📺 Bölüm bulundu: 2. Sezon 4. BölümAltyazılı15.10.202527 dk. - https://diziyiizle2.com/loot/2-sezon-4-bolum/
📺 Bölüm bulundu: 2. Sezon 5. BölümAltyazılı15.10.202525 dk. - https://diziyiizle2.com/loot/2-sezon-5-bolum/
📺 Bölüm bulundu: 2. Sezon 6. BölümAltyazılı15.10.202527 dk. - https://diziyiizle2.com/loot/2-sezon-6-bolum/
📺 Bölüm bulundu: 2. Sezon 7. BölümAltyazılı15.10.202528 dk. - https://diziyiizle2.com/loot/2-sezon-7-bolum/
📺 Bölüm bulundu: 2. Sezon 8. BölümAltyazılı15.10.202526 dk. - https://diziyiizle2.com/loot/2-sezon-8-bolum/
📺 Bölüm bulundu: 2. Sezon 9. BölümAltyazılı15.10.202529 dk. - https://diziyiizle2.com/loot/2-sezon-9-bolum/
📺 Bölüm bulundu: 2. Sezon 10. BölümAltyazılı15.10.202530 dk. - https://diziyiizle2.com/loot/2-sezon-10-bolum/
📺 Bölüm bulundu: 3. Sezon 1. BölümAltyazılı15.10.202528 dk. - https://diziyiizle2.com/loot/3-sezon-1-bolum/
📺 Bölüm bulundu: 3. Sezon 2. BölümAltyazılı15.10.202527 dk. - https://diziyiizle2.com/loot/3-sezon-2-bolum/
📺 Bölüm bulundu: 3. Sezon 3. BölümAltyazılı22.10.202525 dk. - https://diziyiizle2.com/loot/3-sezon-3-bolum/
📺 Bölüm bulundu: 3. Sezon 4. BölümAltyazılı15.10.2025 - https://diziyiizle2.com/loot/3-sezon-4-bolum/
📺 Bölüm bulundu: 3. Sezon 5. BölümAltyazılı15.10.2025 - https://diziyiizle2.com/loot/3-sezon-5-bolum/
📺 Bölüm bulundu: 3. Sezon 6. BölümAltyazılı15.10.2025 - https://diziyiizle2.com/loot/3-sezon-6-bolum/
📺 Bölüm bulundu: 3. Sezon 7. BölümAltyazılı15.10.2025 - https://diziyiizle2.com/loot/3-sezon-7-bolum/
📺 Bölüm bulundu: 3. Sezon 8. BölümAltyazılı15.10.2025 - https://diziyiizle2.com/loot/3-sezon-8-bolum/
📺 Bölüm bulundu: 3. Sezon 9. BölümAltyazılı15.10.2025 - https://diziyiizle2.com/loot/3-sezon-9-bolum/
📺 Bölüm bulundu: 3. Sezon 10. BölümAltyazılı15.10.2025 - https://diziyiizle2.com/loot/3-sezon-10-bolum/

📊 Toplam 30 bölüm bulundu
   🔍 [1/30] Bölüm: https://diziyiizle2.com/loot/1-sezon-1-bolum/
📺 Embed URL bulundu: https://vidlax1.xyz/embed/973145072ab0aa1c
🔍 Embed URL kontrol ediliyor: https://vidlax1.xyz/embed/973145072ab0aa1c
📄 Embed sayfa içeriği alındı, boyut: 43430 karakter
🎬 Video Başlığı: Loot
📝 Video Açıklaması: 1.Sezon 1.Bölüm
🎯 Tam Başlık: Loot - 1.Sezon 1.Bölüm
🎯 HEX DECODE - m3u8 bulundu: https://vidlax.xyz/upload/4ee7b7a6962d15e4fabf8426faca6d36de2b/master.m3u8
      ✅ Loot - 1.Sezon 1.Bölüm - 1 m3u8
   🔍 [2/30] Bölüm: https://diziyiizle2.com/loot/1-sezon-2-bolum/
📺 Embed URL bulundu: https://vidlax1.xyz/embed/663c95264e8ea476
🔍 Embed URL kontrol ediliyor: https://vidlax1.xyz/embed/663c95264e8ea476
📄 Embed sayfa içeriği alındı, boyut: 43236 karakter
🎬 Video Başlığı: Loot
📝 Video Açıklaması: 1.Sezon 2.Bölüm
🎯 Tam Başlık: Loot - 1.Sezon 2.Bölüm
🎯 HEX DECODE - m3u8 bulundu: https://vidlax.xyz/upload/ee34cd6dffdac7c62b0ddaba9bca44151175/master.m3u8
      ✅ Loot - 1.Sezon 2.Bölüm - 1 m3u8
   🔍 [3/30] Bölüm: https://diziyiizle2.com/loot/1-sezon-3-bolum/
📺 Embed URL bulundu: https://vidlax1.xyz/embed/dd0fbe1c9b8e7092
🔍 Embed URL kontrol ediliyor: https://vidlax1.xyz/embed/dd0fbe1c9b8e7092
📄 Embed sayfa içeriği alındı, boyut: 43085 karakter
🎬 Video Başlığı: Loot
📝 Video Açıklaması: 1.Sezon 3.Bölüm
🎯 Tam Başlık: Loot - 1.Sezon 3.Bölüm
🎯 HEX DECODE - m3u8 bulundu: https://vidlax.xyz/upload/14d6fb03357ad1c19a59e18b964dd9a95911/master.m3u8
      ✅ Loot - 1.Sezon 3.Bölüm - 1 m3u8
   🔍 [4/30] Bölüm: https://diziyiizle2.com/loot/1-sezon-4-bolum/
📺 Embed URL bulundu: https://vidlax1.xyz/embed/d91b5a8b18538943
🔍 Embed URL kontrol ediliyor: https://vidlax1.xyz/embed/d91b5a8b18538943
📄 Embed sayfa içeriği alındı, boyut: 43910 karakter
🎬 Video Başlığı: Loot
📝 Video Açıklaması: 1.Sezon 4.Bölüm
🎯 Tam Başlık: Loot - 1.Sezon 4.Bölüm
🎯 HEX DECODE - m3u8 bulundu: https://vidlax.xyz/upload/1246f111225d2115ab35ecfb9678b2833dc7/master.m3u8
      ✅ Loot - 1.Sezon 4.Bölüm - 1 m3u8
   🔍 [5/30] Bölüm: https://diziyiizle2.com/loot/1-sezon-5-bolum/
📺 Embed URL bulundu: https://vidlax1.xyz/embed/e18e96af89e957ee
🔍 Embed URL kontrol ediliyor: https://vidlax1.xyz/embed/e18e96af89e957ee
📄 Embed sayfa içeriği alındı, boyut: 43085 karakter
🎬 Video Başlığı: Loot
📝 Video Açıklaması: 1.Sezon 5.Bölüm
🎯 Tam Başlık: Loot - 1.Sezon 5.Bölüm
🎯 HEX DECODE - m3u8 bulundu: https://vidlax.xyz/upload/6ff40d5c86d30f00ee2af110bbb27997f8a5/master.m3u8
      ✅ Loot - 1.Sezon 5.Bölüm - 1 m3u8
   🔍 [6/30] Bölüm: https://diziyiizle2.com/loot/1-sezon-6-bolum/
📺 Embed URL bulundu: https://vidlax1.xyz/embed/0708a84097594ab6
🔍 Embed URL kontrol ediliyor: https://vidlax1.xyz/embed/0708a84097594ab6
📄 Embed sayfa içeriği alındı, boyut: 43085 karakter
🎬 Video Başlığı: Loot
📝 Video Açıklaması: 1.Sezon 6.Bölüm
🎯 Tam Başlık: Loot - 1.Sezon 6.Bölüm
🎯 HEX DECODE - m3u8 bulundu: https://vidlax.xyz/upload/6c66f87ae9c97edbf33e95022dc413493178/master.m3u8
      ✅ Loot - 1.Sezon 6.Bölüm - 1 m3u8
   🔍 [7/30] Bölüm: https://diziyiizle2.com/loot/1-sezon-7-bolum/
📺 Embed URL bulundu: https://vidlax1.xyz/embed/a6d3007bb1f0e749
🔍 Embed URL kontrol ediliyor: https://vidlax1.xyz/embed/a6d3007bb1f0e749
📄 Embed sayfa içeriği alındı, boyut: 43085 karakter
🎬 Video Başlığı: Loot
📝 Video Açıklaması: 1.Sezon 7.Bölüm
🎯 Tam Başlık: Loot - 1.Sezon 7.Bölüm
🎯 HEX DECODE - m3u8 bulundu: https://vidlax.xyz/upload/5976445af56da35b5cf62f9bc526f7eb78f3/master.m3u8
      ✅ Loot - 1.Sezon 7.Bölüm - 1 m3u8
   🔍 [8/30] Bölüm: https://diziyiizle2.com/loot/1-sezon-8-bolum/
📺 Embed URL bulundu: https://vidlax1.xyz/embed/6a728a7d2f9a75d3
🔍 Embed URL kontrol ediliyor: https://vidlax1.xyz/embed/6a728a7d2f9a75d3
📄 Embed sayfa içeriği alındı, boyut: 45093 karakter
🎬 Video Başlığı: Loot
📝 Video Açıklaması: 1.Sezon 8.Bölüm
🎯 Tam Başlık: Loot - 1.Sezon 8.Bölüm
🎯 HEX DECODE - m3u8 bulundu: https://vidlax.xyz/upload/46f857f7522148c75a9a4527220ad48807ae/master.m3u8
      ✅ Loot - 1.Sezon 8.Bölüm - 1 m3u8
   🔍 [9/30] Bölüm: https://diziyiizle2.com/loot/1-sezon-9-bolum/
📺 Embed URL bulundu: https://vidlax1.xyz/embed/25b0b680b6eafbac
🔍 Embed URL kontrol ediliyor: https://vidlax1.xyz/embed/25b0b680b6eafbac
📄 Embed sayfa içeriği alındı, boyut: 45249 karakter
🎬 Video Başlığı: Loot
📝 Video Açıklaması: 1.Sezon 9.Bölüm
🎯 Tam Başlık: Loot - 1.Sezon 9.Bölüm
🎯 HEX DECODE - m3u8 bulundu: https://vidlax.xyz/upload/9d3ed3f04e764d39bbc71edfe39d647e5396/master.m3u8
      ✅ Loot - 1.Sezon 9.Bölüm - 1 m3u8
   🔍 [10/30] Bölüm: https://diziyiizle2.com/loot/1-sezon-10-bolum/
📺 Embed URL bulundu: https://vidlax1.xyz/embed/7c2040b88ecfc9bf
🔍 Embed URL kontrol ediliyor: https://vidlax1.xyz/embed/7c2040b88ecfc9bf
📄 Embed sayfa içeriği alındı, boyut: 43086 karakter
🎬 Video Başlığı: Loot
📝 Video Açıklaması: 1.Sezon 10.Bölüm
🎯 Tam Başlık: Loot - 1.Sezon 10.Bölüm
🎯 HEX DECODE - m3u8 bulundu: https://vidlax.xyz/upload/bbba30b5dfe9f816d064549b1ae7712f716a/master.m3u8
      ✅ Loot - 1.Sezon 10.Bölüm - 1 m3u8
   🔍 [11/30] Bölüm: https://diziyiizle2.com/loot/2-sezon-1-bolum/
📺 Embed URL bulundu: https://vidlax1.xyz/embed/f338c4cf484ce857
🔍 Embed URL kontrol ediliyor: https://vidlax1.xyz/embed/f338c4cf484ce857
📄 Embed sayfa içeriği alındı, boyut: 43085 karakter
🎬 Video Başlığı: Loot
📝 Video Açıklaması: 2.Sezon 1.Bölüm
🎯 Tam Başlık: Loot - 2.Sezon 1.Bölüm
🎯 HEX DECODE - m3u8 bulundu: https://vidlax.xyz/upload/c1740ac21f47a0c04f745027a8a54b5463d6/master.m3u8
      ✅ Loot - 2.Sezon 1.Bölüm - 1 m3u8
   🔍 [12/30] Bölüm: https://diziyiizle2.com/loot/2-sezon-2-bolum/
📺 Embed URL bulundu: https://vidlax1.xyz/embed/9a86b00b0415f768
🔍 Embed URL kontrol ediliyor: https://vidlax1.xyz/embed/9a86b00b0415f768
📄 Embed sayfa içeriği alındı, boyut: 43085 karakter
🎬 Video Başlığı: Loot
📝 Video Açıklaması: 2.Sezon 2.Bölüm
🎯 Tam Başlık: Loot - 2.Sezon 2.Bölüm
🎯 HEX DECODE - m3u8 bulundu: https://vidlax.xyz/upload/1e4f9d35182721942d9246075e923ad34f42/master.m3u8
      ✅ Loot - 2.Sezon 2.Bölüm - 1 m3u8
   🔍 [13/30] Bölüm: https://diziyiizle2.com/loot/2-sezon-3-bolum/
📺 Embed URL bulundu: https://vidlax1.xyz/embed/8269ae11d5b4c755
🔍 Embed URL kontrol ediliyor: https://vidlax1.xyz/embed/8269ae11d5b4c755
📄 Embed sayfa içeriği alındı, boyut: 43085 karakter
🎬 Video Başlığı: Loot
📝 Video Açıklaması: 2.Sezon 3.Bölüm
🎯 Tam Başlık: Loot - 2.Sezon 3.Bölüm
🎯 HEX DECODE - m3u8 bulundu: https://vidlax.xyz/upload/fc19a359bb2cbf11ab7e06d26b40faee5070/master.m3u8
      ✅ Loot - 2.Sezon 3.Bölüm - 1 m3u8
   🔍 [14/30] Bölüm: https://diziyiizle2.com/loot/2-sezon-4-bolum/
📺 Embed URL bulundu: https://vidlax1.xyz/embed/68ea08e9ad8ccc4e
🔍 Embed URL kontrol ediliyor: https://vidlax1.xyz/embed/68ea08e9ad8ccc4e
📄 Embed sayfa içeriği alındı, boyut: 43085 karakter
🎬 Video Başlığı: Loot
📝 Video Açıklaması: 2.Sezon 4.Bölüm
🎯 Tam Başlık: Loot - 2.Sezon 4.Bölüm
🎯 HEX DECODE - m3u8 bulundu: https://vidlax.xyz/upload/edf6d5c2a6360efa0ec01c3410d571ddeef3/master.m3u8
      ✅ Loot - 2.Sezon 4.Bölüm - 1 m3u8
   🔍 [15/30] Bölüm: https://diziyiizle2.com/loot/2-sezon-5-bolum/
📺 Embed URL bulundu: https://vidlax1.xyz/embed/26372baf0a863d1e
🔍 Embed URL kontrol ediliyor: https://vidlax1.xyz/embed/26372baf0a863d1e
📄 Embed sayfa içeriği alındı, boyut: 43222 karakter
🎬 Video Başlığı: Loot
📝 Video Açıklaması: 2.Sezon 5.Bölüm
🎯 Tam Başlık: Loot - 2.Sezon 5.Bölüm
🎯 HEX DECODE - m3u8 bulundu: https://vidlax.xyz/upload/edc2c8d5ed9bf6b40e36bfe17cc9c76d516b/master.m3u8
      ✅ Loot - 2.Sezon 5.Bölüm - 1 m3u8
   🔍 [16/30] Bölüm: https://diziyiizle2.com/loot/2-sezon-6-bolum/
📺 Embed URL bulundu: https://vidlax1.xyz/embed/4061f4ee79735a18
🔍 Embed URL kontrol ediliyor: https://vidlax1.xyz/embed/4061f4ee79735a18
📄 Embed sayfa içeriği alındı, boyut: 43085 karakter
🎬 Video Başlığı: Loot
📝 Video Açıklaması: 2.Sezon 6.Bölüm
🎯 Tam Başlık: Loot - 2.Sezon 6.Bölüm
🎯 HEX DECODE - m3u8 bulundu: https://vidlax.xyz/upload/cb7f11e1537824e032771c8cefbb56c639cf/master.m3u8
      ✅ Loot - 2.Sezon 6.Bölüm - 1 m3u8
   🔍 [17/30] Bölüm: https://diziyiizle2.com/loot/2-sezon-7-bolum/
📺 Embed URL bulundu: https://vidlax1.xyz/embed/288575f10c5982e8
🔍 Embed URL kontrol ediliyor: https://vidlax1.xyz/embed/288575f10c5982e8
📄 Embed sayfa içeriği alındı, boyut: 43222 karakter
🎬 Video Başlığı: Loot
📝 Video Açıklaması: 2.Sezon 7.Bölüm
🎯 Tam Başlık: Loot - 2.Sezon 7.Bölüm
🎯 HEX DECODE - m3u8 bulundu: https://vidlax.xyz/upload/6e06b46dd5e02e88391f91f69ca986720bb7/master.m3u8
      ✅ Loot - 2.Sezon 7.Bölüm - 1 m3u8
   🔍 [18/30] Bölüm: https://diziyiizle2.com/loot/2-sezon-8-bolum/
📺 Embed URL bulundu: https://vidlax1.xyz/embed/1dd721d32d7f4651
🔍 Embed URL kontrol ediliyor: https://vidlax1.xyz/embed/1dd721d32d7f4651
📄 Embed sayfa içeriği alındı, boyut: 43085 karakter
🎬 Video Başlığı: Loot
📝 Video Açıklaması: 2.Sezon 8.Bölüm
🎯 Tam Başlık: Loot - 2.Sezon 8.Bölüm
🎯 HEX DECODE - m3u8 bulundu: https://vidlax.xyz/upload/40eba84e2f755ca5a6a9a341d00da9753415/master.m3u8
      ✅ Loot - 2.Sezon 8.Bölüm - 1 m3u8
   🔍 [19/30] Bölüm: https://diziyiizle2.com/loot/2-sezon-9-bolum/
📺 Embed URL bulundu: https://vidlax1.xyz/embed/ed1f0a5090e8f0a6
🔍 Embed URL kontrol ediliyor: https://vidlax1.xyz/embed/ed1f0a5090e8f0a6
📄 Embed sayfa içeriği alındı, boyut: 43085 karakter
🎬 Video Başlığı: Loot
📝 Video Açıklaması: 2.Sezon 9.Bölüm
🎯 Tam Başlık: Loot - 2.Sezon 9.Bölüm
🎯 HEX DECODE - m3u8 bulundu: https://vidlax.xyz/upload/ec9589603717a523364dab86d53dcc23bb9f/master.m3u8
      ✅ Loot - 2.Sezon 9.Bölüm - 1 m3u8
   🔍 [20/30] Bölüm: https://diziyiizle2.com/loot/2-sezon-10-bolum/
📺 Embed URL bulundu: https://vidlax1.xyz/embed/d36e45fecd651526
🔍 Embed URL kontrol ediliyor: https://vidlax1.xyz/embed/d36e45fecd651526
📄 Embed sayfa içeriği alındı, boyut: 43086 karakter
🎬 Video Başlığı: Loot
📝 Video Açıklaması: 2.Sezon 10.Bölüm
🎯 Tam Başlık: Loot - 2.Sezon 10.Bölüm
🎯 HEX DECODE - m3u8 bulundu: https://vidlax.xyz/upload/ac79959a320b37ee75ecc2c701e256c2ad86/master.m3u8
      ✅ Loot - 2.Sezon 10.Bölüm - 1 m3u8
   🔍 [21/30] Bölüm: https://diziyiizle2.com/loot/3-sezon-1-bolum/
📺 Embed URL bulundu: https://vidlax1.xyz/embed/bdba6dea832daaa1
🔍 Embed URL kontrol ediliyor: https://vidlax1.xyz/embed/bdba6dea832daaa1
📄 Embed sayfa içeriği alındı, boyut: 42730 karakter
🎬 Video Başlığı: Loot
📝 Video Açıklaması: 3.Sezon 1.Bölüm
🎯 Tam Başlık: Loot - 3.Sezon 1.Bölüm
🎯 HEX DECODE - m3u8 bulundu: https://vidlax.xyz/upload/b86cfae9ea6b59fc3de53485c91021b89eb1/master.m3u8
      ✅ Loot - 3.Sezon 1.Bölüm - 1 m3u8
   🔍 [22/30] Bölüm: https://diziyiizle2.com/loot/3-sezon-2-bolum/
📺 Embed URL bulundu: https://vidlax1.xyz/embed/fb2181ac2e6e1b72
🔍 Embed URL kontrol ediliyor: https://vidlax1.xyz/embed/fb2181ac2e6e1b72
📄 Embed sayfa içeriği alındı, boyut: 43060 karakter
🎬 Video Başlığı: Loot
📝 Video Açıklaması: 3.Sezon 2.Bölüm
🎯 Tam Başlık: Loot - 3.Sezon 2.Bölüm
🎯 HEX DECODE - m3u8 bulundu: https://vidlax.xyz/upload/4c33d5e870839053f04b435fc36f481a4be1/master.m3u8
      ✅ Loot - 3.Sezon 2.Bölüm - 1 m3u8
   🔍 [23/30] Bölüm: https://diziyiizle2.com/loot/3-sezon-3-bolum/
📺 Embed URL bulundu: https://vidlax1.xyz/embed/abd50ce66b5e0c90
🔍 Embed URL kontrol ediliyor: https://vidlax1.xyz/embed/abd50ce66b5e0c90
📄 Embed sayfa içeriği alındı, boyut: 43085 karakter
🎬 Video Başlığı: Loot
📝 Video Açıklaması: 3.Sezon 3.Bölüm
🎯 Tam Başlık: Loot - 3.Sezon 3.Bölüm
🎯 HEX DECODE - m3u8 bulundu: https://vidlax.xyz/upload/1e268f9f56f6bed245e64d3c1aea457aa0bc/master.m3u8
      ✅ Loot - 3.Sezon 3.Bölüm - 1 m3u8
   🔍 [24/30] Bölüm: https://diziyiizle2.com/loot/3-sezon-4-bolum/
📺 Embed URL bulundu: https://vidlax1.xyz/embed/220939156639c2b5
🔍 Embed URL kontrol ediliyor: https://vidlax1.xyz/embed/220939156639c2b5
📄 Embed sayfa içeriği alındı, boyut: 43061 karakter
🎬 Video Başlığı: Loot
📝 Video Açıklaması: 3.Sezon 4.Bölüm
🎯 Tam Başlık: Loot - 3.Sezon 4.Bölüm
🎯 HEX DECODE - m3u8 bulundu: https://vidlax.xyz/upload/2d8a5d1ae3d3a2f273592a34e21d369b0d97/master.m3u8
      ✅ Loot - 3.Sezon 4.Bölüm - 1 m3u8
   🔍 [25/30] Bölüm: https://diziyiizle2.com/loot/3-sezon-5-bolum/

🔍 Vidlax direkt analizi: https://diziyiizle2.com/loot/3-sezon-5-bolum/
📄 Sayfa içeriği alındı: 88567 karakter
❌ m3u8 URL'si bulunamadı
      ❌ m3u8 bulunamadı
   🔍 [26/30] Bölüm: https://diziyiizle2.com/loot/3-sezon-6-bolum/

🔍 Vidlax direkt analizi: https://diziyiizle2.com/loot/3-sezon-6-bolum/
📄 Sayfa içeriği alındı: 88567 karakter
❌ m3u8 URL'si bulunamadı
      ❌ m3u8 bulunamadı
   🔍 [27/30] Bölüm: https://diziyiizle2.com/loot/3-sezon-7-bolum/

🔍 Vidlax direkt analizi: https://diziyiizle2.com/loot/3-sezon-7-bolum/
📄 Sayfa içeriği alındı: 88568 karakter
❌ m3u8 URL'si bulunamadı
      ❌ m3u8 bulunamadı
   🔍 [28/30] Bölüm: https://diziyiizle2.com/loot/3-sezon-8-bolum/

🔍 Vidlax direkt analizi: https://diziyiizle2.com/loot/3-sezon-8-bolum/
📄 Sayfa içeriği alındı: 88567 karakter
❌ m3u8 URL'si bulunamadı
      ❌ m3u8 bulunamadı
   🔍 [29/30] Bölüm: https://diziyiizle2.com/loot/3-sezon-9-bolum/

🔍 Vidlax direkt analizi: https://diziyiizle2.com/loot/3-sezon-9-bolum/
📄 Sayfa içeriği alındı: 88568 karakter
❌ m3u8 URL'si bulunamadı
      ❌ m3u8 bulunamadı
   🔍 [30/30] Bölüm: https://diziyiizle2.com/loot/3-sezon-10-bolum/

🔍 Vidlax direkt analizi: https://diziyiizle2.com/loot/3-sezon-10-bolum/
📄 Sayfa içeriği alındı: 88586 karakter
❌ m3u8 URL'si bulunamadı
      ❌ m3u8 bulunamadı
      📁 Dizi playlist: playlists/loot_playlist.m3u
   ✅ Dizi tamamlandı: 24 m3u8 eklendi

============================================================
🎬 [49/56] İşleniyor: https://diziyiizle2.com/dizi/dmv/
📺 Bölüm bulundu: 1. Sezon 1. BölümAltyazılı15.10.2025 - https://diziyiizle2.com/dmv/1-sezon-1-bolum/
📺 Bölüm bulundu: 1. Sezon 2. BölümAltyazılı21.10.2025 - https://diziyiizle2.com/dmv/1-sezon-2-bolum/
📺 Bölüm bulundu: 1. Sezon 3. BölümAltyazılı28.10.2025 - https://diziyiizle2.com/dmv/1-sezon-3-bolum/
📺 Bölüm bulundu: 1. Sezon 4. BölümAltyazılı15.10.2025 - https://diziyiizle2.com/dmv/1-sezon-4-bolum/

📊 Toplam 4 bölüm bulundu
   🔍 [1/4] Bölüm: https://diziyiizle2.com/dmv/1-sezon-1-bolum/
📺 Embed URL bulundu: https://vidlax1.xyz/embed/cf6fda08a65e9925
🔍 Embed URL kontrol ediliyor: https://vidlax1.xyz/embed/cf6fda08a65e9925
📄 Embed sayfa içeriği alındı, boyut: 39649 karakter
🎬 Video Başlığı: DMV
📝 Video Açıklaması: 1.Sezon 1.Bölüm
🎯 Tam Başlık: DMV - 1.Sezon 1.Bölüm
🎯 HEX DECODE - m3u8 bulundu: https://vidlax.xyz/upload/9574ef9ad300e07e3f97f433dfff40248ea0/master.m3u8
      ✅ DMV - 1.Sezon 1.Bölüm - 1 m3u8
   🔍 [2/4] Bölüm: https://diziyiizle2.com/dmv/1-sezon-2-bolum/
📺 Embed URL bulundu: https://vidlax1.xyz/embed/68a79b78c241beea
🔍 Embed URL kontrol ediliyor: https://vidlax1.xyz/embed/68a79b78c241beea
📄 Embed sayfa içeriği alındı, boyut: 39791 karakter
🎬 Video Başlığı: DMV
📝 Video Açıklaması: 1.Sezon 2.Bölüm
🎯 Tam Başlık: DMV - 1.Sezon 2.Bölüm
🎯 HEX DECODE - m3u8 bulundu: https://vidlax.xyz/upload/9c09c2e836dee4b8ab8f4bcc598214a0347c/master.m3u8
      ✅ DMV - 1.Sezon 2.Bölüm - 1 m3u8
   🔍 [3/4] Bölüm: https://diziyiizle2.com/dmv/1-sezon-3-bolum/
📺 Embed URL bulundu: https://vidlax1.xyz/embed/806825c0b5b40179
🔍 Embed URL kontrol ediliyor: https://vidlax1.xyz/embed/806825c0b5b40179
📄 Embed sayfa içeriği alındı, boyut: 39649 karakter
🎬 Video Başlığı: DMV
📝 Video Açıklaması: 1.Sezon 3.Bölüm
🎯 Tam Başlık: DMV - 1.Sezon 3.Bölüm
🎯 HEX DECODE - m3u8 bulundu: https://vidlax.xyz/upload/5c3fc28a18009a1b5f50693d06be4c133538/master.m3u8
      ✅ DMV - 1.Sezon 3.Bölüm - 1 m3u8
   🔍 [4/4] Bölüm: https://diziyiizle2.com/dmv/1-sezon-4-bolum/

🔍 Vidlax direkt analizi: https://diziyiizle2.com/dmv/1-sezon-4-bolum/
📄 Sayfa içeriği alındı: 55066 karakter
❌ m3u8 URL'si bulunamadı
      ❌ m3u8 bulunamadı
      📁 Dizi playlist: playlists/dmv_playlist.m3u
   ✅ Dizi tamamlandı: 3 m3u8 eklendi

============================================================
🎬 [50/56] İşleniyor: https://diziyiizle2.com/dizi/bad-thoughts/
📺 Bölüm bulundu: 1. Sezon 1. BölümDublaj14.10.202518 dk. - https://diziyiizle2.com/bad-thoughts/1-sezon-1-bolum/
📺 Bölüm bulundu: 1. Sezon 2. BölümDublaj14.10.202523 dk. - https://diziyiizle2.com/bad-thoughts/1-sezon-2-bolum/
📺 Bölüm bulundu: 1. Sezon 3. BölümDublaj14.10.202523 dk. - https://diziyiizle2.com/bad-thoughts/1-sezon-3-bolum/
📺 Bölüm bulundu: 1. Sezon 4. BölümDublaj14.10.202518 dk. - https://diziyiizle2.com/bad-thoughts/1-sezon-4-bolum/
📺 Bölüm bulundu: 1. Sezon 5. BölümDublaj14.10.202520 dk. - https://diziyiizle2.com/bad-thoughts/1-sezon-5-bolum/
📺 Bölüm bulundu: 1. Sezon 6. BölümDublaj14.10.202518 dk. - https://diziyiizle2.com/bad-thoughts/1-sezon-6-bolum/

📊 Toplam 6 bölüm bulundu
   🔍 [1/6] Bölüm: https://diziyiizle2.com/bad-thoughts/1-sezon-1-bolum/
📺 Embed URL bulundu: https://vidlax1.xyz/embed/fba6c04d3a6b1f3a
🔍 Embed URL kontrol ediliyor: https://vidlax1.xyz/embed/fba6c04d3a6b1f3a
📄 Embed sayfa içeriği alındı, boyut: 42553 karakter
🎬 Video Başlığı: Bad Thoughts
📝 Video Açıklaması: 1.Sezon 1.Bölüm
🎯 Tam Başlık: Bad Thoughts - 1.Sezon 1.Bölüm
🎯 HEX DECODE - m3u8 bulundu: https://vidlax.xyz/upload/8e88d27c8ad378994d60e563f109b1a4546e/master.m3u8
      ✅ Bad Thoughts - 1.Sezon 1.Bölüm - 1 m3u8
   🔍 [2/6] Bölüm: https://diziyiizle2.com/bad-thoughts/1-sezon-2-bolum/
📺 Embed URL bulundu: https://vidlax1.xyz/embed/84dd612b5edf7abd
🔍 Embed URL kontrol ediliyor: https://vidlax1.xyz/embed/84dd612b5edf7abd
📄 Embed sayfa içeriği alındı, boyut: 42404 karakter
🎬 Video Başlığı: Bad Thoughts
📝 Video Açıklaması: 1.Sezon 2.Bölüm
🎯 Tam Başlık: Bad Thoughts - 1.Sezon 2.Bölüm
🎯 HEX DECODE - m3u8 bulundu: https://vidlax.xyz/upload/1b8d1168f6c01cca7f39722412e9ec293f14/master.m3u8
      ✅ Bad Thoughts - 1.Sezon 2.Bölüm - 1 m3u8
   🔍 [3/6] Bölüm: https://diziyiizle2.com/bad-thoughts/1-sezon-3-bolum/
📺 Embed URL bulundu: https://vidlax1.xyz/embed/173c38cae0392eab
🔍 Embed URL kontrol ediliyor: https://vidlax1.xyz/embed/173c38cae0392eab
📄 Embed sayfa içeriği alındı, boyut: 42404 karakter
🎬 Video Başlığı: Bad Thoughts
📝 Video Açıklaması: 1.Sezon 3.Bölüm
🎯 Tam Başlık: Bad Thoughts - 1.Sezon 3.Bölüm
🎯 HEX DECODE - m3u8 bulundu: https://vidlax.xyz/upload/5726ac2306966145bf2b3114e69d88562563/master.m3u8
      ✅ Bad Thoughts - 1.Sezon 3.Bölüm - 1 m3u8
   🔍 [4/6] Bölüm: https://diziyiizle2.com/bad-thoughts/1-sezon-4-bolum/
📺 Embed URL bulundu: https://vidlax1.xyz/embed/a3bdb0046f0333e9
🔍 Embed URL kontrol ediliyor: https://vidlax1.xyz/embed/a3bdb0046f0333e9
📄 Embed sayfa içeriği alındı, boyut: 42227 karakter
🎬 Video Başlığı: Bad Thoughts
📝 Video Açıklaması: 1.Sezon 4.Bölüm
🎯 Tam Başlık: Bad Thoughts - 1.Sezon 4.Bölüm
🎯 HEX DECODE - m3u8 bulundu: https://vidlax.xyz/upload/617de4fc41b8c8b6baa395fd0b2c20e2b95a/master.m3u8
      ✅ Bad Thoughts - 1.Sezon 4.Bölüm - 1 m3u8
   🔍 [5/6] Bölüm: https://diziyiizle2.com/bad-thoughts/1-sezon-5-bolum/
📺 Embed URL bulundu: https://vidlax1.xyz/embed/2e65e4112cb45329
🔍 Embed URL kontrol ediliyor: https://vidlax1.xyz/embed/2e65e4112cb45329
📄 Embed sayfa içeriği alındı, boyut: 42393 karakter
🎬 Video Başlığı: Bad Thoughts
📝 Video Açıklaması: 1.Sezon 5.Bölüm
🎯 Tam Başlık: Bad Thoughts - 1.Sezon 5.Bölüm
🎯 HEX DECODE - m3u8 bulundu: https://vidlax.xyz/upload/06b198cfc392be0ee4deb7156a1e7d6e9be5/master.m3u8
      ✅ Bad Thoughts - 1.Sezon 5.Bölüm - 1 m3u8
   🔍 [6/6] Bölüm: https://diziyiizle2.com/bad-thoughts/1-sezon-6-bolum/
📺 Embed URL bulundu: https://vidlax1.xyz/embed/d68705fc0efd618d
🔍 Embed URL kontrol ediliyor: https://vidlax1.xyz/embed/d68705fc0efd618d
📄 Embed sayfa içeriği alındı, boyut: 42404 karakter
🎬 Video Başlığı: Bad Thoughts
📝 Video Açıklaması: 1.Sezon 6.Bölüm
🎯 Tam Başlık: Bad Thoughts - 1.Sezon 6.Bölüm
🎯 HEX DECODE - m3u8 bulundu: https://vidlax.xyz/upload/cf27c1193a72094cf40c1eca7f957c9c3ae3/master.m3u8
      ✅ Bad Thoughts - 1.Sezon 6.Bölüm - 1 m3u8
      📁 Dizi playlist: playlists/bad_thoughts_playlist.m3u
   ✅ Dizi tamamlandı: 6 m3u8 eklendi

============================================================
🎬 [51/56] İşleniyor: https://diziyiizle2.com/dizi/ozluyorum-seni/
📺 Bölüm bulundu: 1. Sezon 1. BölümDublaj14.10.202547 dk. - https://diziyiizle2.com/ozluyorum-seni/1-sezon-1-bolum/
📺 Bölüm bulundu: 1. Sezon 2. BölümDublaj14.10.202542 dk. - https://diziyiizle2.com/ozluyorum-seni/1-sezon-2-bolum/
📺 Bölüm bulundu: 1. Sezon 3. BölümDublaj14.10.202546 dk. - https://diziyiizle2.com/ozluyorum-seni/1-sezon-3-bolum/
📺 Bölüm bulundu: 1. Sezon 4. BölümDublaj14.10.202547 dk. - https://diziyiizle2.com/ozluyorum-seni/1-sezon-4-bolum/
📺 Bölüm bulundu: 1. Sezon 5. BölümDublaj14.10.202545 dk. - https://diziyiizle2.com/ozluyorum-seni/1-sezon-5-bolum/

📊 Toplam 5 bölüm bulundu
   🔍 [1/5] Bölüm: https://diziyiizle2.com/ozluyorum-seni/1-sezon-1-bolum/
📺 Embed URL bulundu: https://vidlax1.xyz/embed/1cac2ce9ce8cb860
🔍 Embed URL kontrol ediliyor: https://vidlax1.xyz/embed/1cac2ce9ce8cb860
📄 Embed sayfa içeriği alındı, boyut: 42739 karakter
🎬 Video Başlığı: Missing You
📝 Video Açıklaması: 1.Sezon 1.Bölüm
🎯 Tam Başlık: Missing You - 1.Sezon 1.Bölüm
🎯 HEX DECODE - m3u8 bulundu: https://vidlax.xyz/upload/fbd14e9a7e45ef59656996f33ff12259c717/master.m3u8
      ✅ Missing You - 1.Sezon 1.Bölüm - 1 m3u8
   🔍 [2/5] Bölüm: https://diziyiizle2.com/ozluyorum-seni/1-sezon-2-bolum/
📺 Embed URL bulundu: https://vidlax1.xyz/embed/95272427ed8dbf1b
🔍 Embed URL kontrol ediliyor: https://vidlax1.xyz/embed/95272427ed8dbf1b
📄 Embed sayfa içeriği alındı, boyut: 42579 karakter
🎬 Video Başlığı: Missing You
📝 Video Açıklaması: 1.Sezon 2.Bölüm
🎯 Tam Başlık: Missing You - 1.Sezon 2.Bölüm
🎯 HEX DECODE - m3u8 bulundu: https://vidlax.xyz/upload/89fa6f5521c44eef945670276dd028349dc8/master.m3u8
      ✅ Missing You - 1.Sezon 2.Bölüm - 1 m3u8
   🔍 [3/5] Bölüm: https://diziyiizle2.com/ozluyorum-seni/1-sezon-3-bolum/
📺 Embed URL bulundu: https://vidlax1.xyz/embed/900389b086cad422
🔍 Embed URL kontrol ediliyor: https://vidlax1.xyz/embed/900389b086cad422
📄 Embed sayfa içeriği alındı, boyut: 42739 karakter
🎬 Video Başlığı: Missing You
📝 Video Açıklaması: 1.Sezon 3.Bölüm
🎯 Tam Başlık: Missing You - 1.Sezon 3.Bölüm
🎯 HEX DECODE - m3u8 bulundu: https://vidlax.xyz/upload/2b31562109a9193b8ed5a3ac44c953cc3e01/master.m3u8
      ✅ Missing You - 1.Sezon 3.Bölüm - 1 m3u8
   🔍 [4/5] Bölüm: https://diziyiizle2.com/ozluyorum-seni/1-sezon-4-bolum/
📺 Embed URL bulundu: https://vidlax1.xyz/embed/53adf55ba146018c
🔍 Embed URL kontrol ediliyor: https://vidlax1.xyz/embed/53adf55ba146018c
📄 Embed sayfa içeriği alındı, boyut: 43103 karakter
🎬 Video Başlığı: Missing You
📝 Video Açıklaması: 1.Sezon 4.Bölüm
🎯 Tam Başlık: Missing You - 1.Sezon 4.Bölüm
🎯 HEX DECODE - m3u8 bulundu: https://vidlax.xyz/upload/ae824e026f79504ab59ef33da15023e099a7/master.m3u8
      ✅ Missing You - 1.Sezon 4.Bölüm - 1 m3u8
   🔍 [5/5] Bölüm: https://diziyiizle2.com/ozluyorum-seni/1-sezon-5-bolum/
📺 Embed URL bulundu: https://vidlax1.xyz/embed/123983b894c14ba5
🔍 Embed URL kontrol ediliyor: https://vidlax1.xyz/embed/123983b894c14ba5
📄 Embed sayfa içeriği alındı, boyut: 42397 karakter
🎬 Video Başlığı: Missing You
📝 Video Açıklaması: 1.Sezon 5.Bölüm
🎯 Tam Başlık: Missing You - 1.Sezon 5.Bölüm
🎯 HEX DECODE - m3u8 bulundu: https://vidlax.xyz/upload/59d5fe523d15300bf2caf4095f8eb841f34f/master.m3u8
      ✅ Missing You - 1.Sezon 5.Bölüm - 1 m3u8
      📁 Dizi playlist: playlists/ozluyorum_seni_playlist.m3u
   ✅ Dizi tamamlandı: 5 m3u8 eklendi

============================================================
🎬 [52/56] İşleniyor: https://diziyiizle2.com/dizi/splinter-cell-deathwatch/
📺 Bölüm bulundu: 1. Sezon 1. BölümDublaj14.10.2025 - https://diziyiizle2.com/splinter-cell-deathwatch/1-sezon-1-bolum/
📺 Bölüm bulundu: 1. Sezon 2. BölümDublaj14.10.2025 - https://diziyiizle2.com/splinter-cell-deathwatch/1-sezon-2-bolum/
📺 Bölüm bulundu: 1. Sezon 3. BölümDublaj14.10.2025 - https://diziyiizle2.com/splinter-cell-deathwatch/1-sezon-3-bolum/
📺 Bölüm bulundu: 1. Sezon 4. BölümDublaj14.10.2025 - https://diziyiizle2.com/splinter-cell-deathwatch/1-sezon-4-bolum/
📺 Bölüm bulundu: 1. Sezon 5. BölümDublaj14.10.2025 - https://diziyiizle2.com/splinter-cell-deathwatch/1-sezon-5-bolum/
📺 Bölüm bulundu: 1. Sezon 6. BölümDublaj14.10.2025 - https://diziyiizle2.com/splinter-cell-deathwatch/1-sezon-6-bolum/
📺 Bölüm bulundu: 1. Sezon 7. BölümDublaj14.10.2025 - https://diziyiizle2.com/splinter-cell-deathwatch/1-sezon-7-bolum/
📺 Bölüm bulundu: 1. Sezon 8. BölümDublaj14.10.2025 - https://diziyiizle2.com/splinter-cell-deathwatch/1-sezon-8-bolum/

📊 Toplam 8 bölüm bulundu
   🔍 [1/8] Bölüm: https://diziyiizle2.com/splinter-cell-deathwatch/1-sezon-1-bolum/
📺 Embed URL bulundu: https://vidlax1.xyz/embed/279ce91453ccd1be
🔍 Embed URL kontrol ediliyor: https://vidlax1.xyz/embed/279ce91453ccd1be
📄 Embed sayfa içeriği alındı, boyut: 43082 karakter
🎬 Video Başlığı: Splinter Cell: Deathwatch
📝 Video Açıklaması: 1.Sezon 1.Bölüm
🎯 Tam Başlık: Splinter Cell: Deathwatch - 1.Sezon 1.Bölüm
🎯 HEX DECODE - m3u8 bulundu: https://vidlax.xyz/upload/59f31a323456fbb87fd18ad93ac5801a2cae/master.m3u8
      ✅ Splinter Cell: Deathwatch - 1.Sezon 1.Bölüm - 1 m3u8
   🔍 [2/8] Bölüm: https://diziyiizle2.com/splinter-cell-deathwatch/1-sezon-2-bolum/
📺 Embed URL bulundu: https://vidlax1.xyz/embed/21025188e834b99c
🔍 Embed URL kontrol ediliyor: https://vidlax1.xyz/embed/21025188e834b99c
📄 Embed sayfa içeriği alındı, boyut: 43082 karakter
🎬 Video Başlığı: Splinter Cell: Deathwatch
📝 Video Açıklaması: 1.Sezon 2.Bölüm
🎯 Tam Başlık: Splinter Cell: Deathwatch - 1.Sezon 2.Bölüm
🎯 HEX DECODE - m3u8 bulundu: https://vidlax.xyz/upload/735c609362084e0701f01a7b0c5001a0ab17/master.m3u8
      ✅ Splinter Cell: Deathwatch - 1.Sezon 2.Bölüm - 1 m3u8
   🔍 [3/8] Bölüm: https://diziyiizle2.com/splinter-cell-deathwatch/1-sezon-3-bolum/
📺 Embed URL bulundu: https://vidlax1.xyz/embed/bb6d2ed3567c4dff
🔍 Embed URL kontrol ediliyor: https://vidlax1.xyz/embed/bb6d2ed3567c4dff
📄 Embed sayfa içeriği alındı, boyut: 43082 karakter
🎬 Video Başlığı: Splinter Cell: Deathwatch
📝 Video Açıklaması: 1.Sezon 3.Bölüm
🎯 Tam Başlık: Splinter Cell: Deathwatch - 1.Sezon 3.Bölüm
🎯 HEX DECODE - m3u8 bulundu: https://vidlax.xyz/upload/59da620cda3b25d317e961d86b03d4548a34/master.m3u8
      ✅ Splinter Cell: Deathwatch - 1.Sezon 3.Bölüm - 1 m3u8
   🔍 [4/8] Bölüm: https://diziyiizle2.com/splinter-cell-deathwatch/1-sezon-4-bolum/
📺 Embed URL bulundu: https://vidlax1.xyz/embed/efe9aabe42fa9304
🔍 Embed URL kontrol ediliyor: https://vidlax1.xyz/embed/efe9aabe42fa9304
📄 Embed sayfa içeriği alındı, boyut: 42919 karakter
🎬 Video Başlığı: Splinter Cell: Deathwatch
📝 Video Açıklaması: 1.Sezon 4.Bölüm
🎯 Tam Başlık: Splinter Cell: Deathwatch - 1.Sezon 4.Bölüm
🎯 HEX DECODE - m3u8 bulundu: https://vidlax.xyz/upload/c49af4bcaa852d1340367c40b83e6f7b9629/master.m3u8
      ✅ Splinter Cell: Deathwatch - 1.Sezon 4.Bölüm - 1 m3u8
   🔍 [5/8] Bölüm: https://diziyiizle2.com/splinter-cell-deathwatch/1-sezon-5-bolum/
📺 Embed URL bulundu: https://vidlax1.xyz/embed/794388aae8ecb1a2
🔍 Embed URL kontrol ediliyor: https://vidlax1.xyz/embed/794388aae8ecb1a2
📄 Embed sayfa içeriği alındı, boyut: 42930 karakter
🎬 Video Başlığı: Splinter Cell: Deathwatch
📝 Video Açıklaması: 1.Sezon 5.Bölüm
🎯 Tam Başlık: Splinter Cell: Deathwatch - 1.Sezon 5.Bölüm
🎯 HEX DECODE - m3u8 bulundu: https://vidlax.xyz/upload/3a1a798413ff165ec6b559e9a4f8ec1b34a5/master.m3u8
      ✅ Splinter Cell: Deathwatch - 1.Sezon 5.Bölüm - 1 m3u8
   🔍 [6/8] Bölüm: https://diziyiizle2.com/splinter-cell-deathwatch/1-sezon-6-bolum/
📺 Embed URL bulundu: https://vidlax1.xyz/embed/1850a88591b467b7
🔍 Embed URL kontrol ediliyor: https://vidlax1.xyz/embed/1850a88591b467b7
📄 Embed sayfa içeriği alındı, boyut: 43082 karakter
🎬 Video Başlığı: Splinter Cell: Deathwatch
📝 Video Açıklaması: 1.Sezon 6.Bölüm
🎯 Tam Başlık: Splinter Cell: Deathwatch - 1.Sezon 6.Bölüm
🎯 HEX DECODE - m3u8 bulundu: https://vidlax.xyz/upload/be21a910038e487c8dd0b47b4eb0e9e8e084/master.m3u8
      ✅ Splinter Cell: Deathwatch - 1.Sezon 6.Bölüm - 1 m3u8
   🔍 [7/8] Bölüm: https://diziyiizle2.com/splinter-cell-deathwatch/1-sezon-7-bolum/
📺 Embed URL bulundu: https://vidlax1.xyz/embed/6a9246f451a24b37
🔍 Embed URL kontrol ediliyor: https://vidlax1.xyz/embed/6a9246f451a24b37
📄 Embed sayfa içeriği alındı, boyut: 42930 karakter
🎬 Video Başlığı: Splinter Cell: Deathwatch
📝 Video Açıklaması: 1.Sezon 7.Bölüm
🎯 Tam Başlık: Splinter Cell: Deathwatch - 1.Sezon 7.Bölüm
🎯 HEX DECODE - m3u8 bulundu: https://vidlax.xyz/upload/78ddfb3267cb88b8b21dd6af8d3f6bd0d913/master.m3u8
      ✅ Splinter Cell: Deathwatch - 1.Sezon 7.Bölüm - 1 m3u8
   🔍 [8/8] Bölüm: https://diziyiizle2.com/splinter-cell-deathwatch/1-sezon-8-bolum/
📺 Embed URL bulundu: https://vidlax1.xyz/embed/d8c5ebd2d8ec90b6
🔍 Embed URL kontrol ediliyor: https://vidlax1.xyz/embed/d8c5ebd2d8ec90b6
📄 Embed sayfa içeriği alındı, boyut: 42935 karakter
🎬 Video Başlığı: Splinter Cell: Deathwatch
📝 Video Açıklaması: 1.Sezon 8.Bölüm
🎯 Tam Başlık: Splinter Cell: Deathwatch - 1.Sezon 8.Bölüm
🎯 HEX DECODE - m3u8 bulundu: https://vidlax.xyz/upload/eaecc515c95e28ea05d912a63d147ad4c5aa/master.m3u8
      ✅ Splinter Cell: Deathwatch - 1.Sezon 8.Bölüm - 1 m3u8
      📁 Dizi playlist: playlists/splinter_cell_deathwatch_playlist.m3u
   ✅ Dizi tamamlandı: 8 m3u8 eklendi

============================================================
🎬 [53/56] İşleniyor: https://diziyiizle2.com/dizi/typhoon-family/
📺 Bölüm bulundu: 1. Sezon 1. BölümAltyazılı13.10.202576 dk. - https://diziyiizle2.com/typhoon-family/1-sezon-1-bolum/
📺 Bölüm bulundu: 1. Sezon 2. BölümAltyazılı13.10.202572 dk. - https://diziyiizle2.com/typhoon-family/1-sezon-2-bolum/
📺 Bölüm bulundu: 1. Sezon 3. BölümAltyazılı13.10.2025 - https://diziyiizle2.com/typhoon-family/1-sezon-3-bolum/
📺 Bölüm bulundu: 1. Sezon 4. BölümAltyazılı13.10.2025 - https://diziyiizle2.com/typhoon-family/1-sezon-4-bolum/
📺 Bölüm bulundu: 1. Sezon 5. BölümAltyazılı26.10.2025 - https://diziyiizle2.com/typhoon-family/1-sezon-5-bolum/
📺 Bölüm bulundu: 1. Sezon 6. BölümAltyazılı13.10.2025 - https://diziyiizle2.com/typhoon-family/1-sezon-6-bolum/
📺 Bölüm bulundu: 1. Sezon 7. BölümAltyazılı13.10.2025 - https://diziyiizle2.com/typhoon-family/1-sezon-7-bolum/
📺 Bölüm bulundu: 1. Sezon 8. BölümAltyazılı13.10.2025 - https://diziyiizle2.com/typhoon-family/1-sezon-8-bolum/
📺 Bölüm bulundu: 1. Sezon 9. BölümAltyazılı13.10.2025 - https://diziyiizle2.com/typhoon-family/1-sezon-9-bolum/
📺 Bölüm bulundu: 1. Sezon 10. BölümAltyazılı13.10.2025 - https://diziyiizle2.com/typhoon-family/1-sezon-10-bolum/
📺 Bölüm bulundu: 1. Sezon 11. BölümAltyazılı13.10.2025 - https://diziyiizle2.com/typhoon-family/1-sezon-11-bolum/
📺 Bölüm bulundu: 1. Sezon 12. BölümAltyazılı13.10.2025 - https://diziyiizle2.com/typhoon-family/1-sezon-12-bolum/
📺 Bölüm bulundu: 1. Sezon 13. BölümAltyazılı13.10.2025 - https://diziyiizle2.com/typhoon-family/1-sezon-13-bolum/
📺 Bölüm bulundu: 1. Sezon 14. BölümAltyazılı13.10.2025 - https://diziyiizle2.com/typhoon-family/1-sezon-14-bolum/
📺 Bölüm bulundu: 1. Sezon 15. BölümAltyazılı13.10.2025 - https://diziyiizle2.com/typhoon-family/1-sezon-15-bolum/
📺 Bölüm bulundu: 1. Sezon 16. BölümAltyazılı13.10.2025 - https://diziyiizle2.com/typhoon-family/1-sezon-16-bolum/

📊 Toplam 16 bölüm bulundu
   🔍 [1/16] Bölüm: https://diziyiizle2.com/typhoon-family/1-sezon-1-bolum/
📺 Embed URL bulundu: https://vidlax1.xyz/embed/1449ff289109c3ca
🔍 Embed URL kontrol ediliyor: https://vidlax1.xyz/embed/1449ff289109c3ca
📄 Embed sayfa içeriği alındı, boyut: 42214 karakter
🎬 Video Başlığı: Typhoon Family
📝 Video Açıklaması: 1.Sezon 1.Bölüm
🎯 Tam Başlık: Typhoon Family - 1.Sezon 1.Bölüm
🎯 HEX DECODE - m3u8 bulundu: https://vidlax.xyz/upload/ea3de63074709b56e13f1f02fa962c9dc2c1/master.m3u8
      ✅ Typhoon Family - 1.Sezon 1.Bölüm - 1 m3u8
   🔍 [2/16] Bölüm: https://diziyiizle2.com/typhoon-family/1-sezon-2-bolum/
📺 Embed URL bulundu: https://vidlax1.xyz/embed/b682f1ce322891a6
🔍 Embed URL kontrol ediliyor: https://vidlax1.xyz/embed/b682f1ce322891a6
📄 Embed sayfa içeriği alındı, boyut: 39802 karakter
🎬 Video Başlığı: Typhoon Family
📝 Video Açıklaması: 1.Sezon 2.Bölüm
🎯 Tam Başlık: Typhoon Family - 1.Sezon 2.Bölüm
🎯 HEX DECODE - m3u8 bulundu: https://vidlax.xyz/upload/669fa5463abb8c3751cbc834e4349f18dbb9/master.m3u8
      ✅ Typhoon Family - 1.Sezon 2.Bölüm - 1 m3u8
   🔍 [3/16] Bölüm: https://diziyiizle2.com/typhoon-family/1-sezon-3-bolum/
📺 Embed URL bulundu: https://vidlax1.xyz/embed/80f3e2a17a2c8c53
🔍 Embed URL kontrol ediliyor: https://vidlax1.xyz/embed/80f3e2a17a2c8c53
📄 Embed sayfa içeriği alındı, boyut: 42216 karakter
🎬 Video Başlığı: Typhoon Family
📝 Video Açıklaması: 1.Sezon 3.Bölüm
🎯 Tam Başlık: Typhoon Family - 1.Sezon 3.Bölüm
🎯 HEX DECODE - m3u8 bulundu: https://vidlax.xyz/upload/2bba636b4f4ccd5df5c4cec7d8361caea1a6/master.m3u8
      ✅ Typhoon Family - 1.Sezon 3.Bölüm - 1 m3u8
   🔍 [4/16] Bölüm: https://diziyiizle2.com/typhoon-family/1-sezon-4-bolum/
📺 Embed URL bulundu: https://vidlax1.xyz/embed/910a0672c94b3f91
🔍 Embed URL kontrol ediliyor: https://vidlax1.xyz/embed/910a0672c94b3f91
📄 Embed sayfa içeriği alındı, boyut: 42396 karakter
🎬 Video Başlığı: Typhoon Family
📝 Video Açıklaması: 1.Sezon 4.Bölüm
🎯 Tam Başlık: Typhoon Family - 1.Sezon 4.Bölüm
🎯 HEX DECODE - m3u8 bulundu: https://vidlax.xyz/upload/0602978eb21383ba7f20dd3961a6be394cff/master.m3u8
      ✅ Typhoon Family - 1.Sezon 4.Bölüm - 1 m3u8
   🔍 [5/16] Bölüm: https://diziyiizle2.com/typhoon-family/1-sezon-5-bolum/
📺 Embed URL bulundu: https://vidlax1.xyz/embed/46a06b1ba89c5e7a
🔍 Embed URL kontrol ediliyor: https://vidlax1.xyz/embed/46a06b1ba89c5e7a
📄 Embed sayfa içeriği alındı, boyut: 42214 karakter
🎬 Video Başlığı: Typhoon Family
📝 Video Açıklaması: 1.Sezon 5.Bölüm
🎯 Tam Başlık: Typhoon Family - 1.Sezon 5.Bölüm
🎯 HEX DECODE - m3u8 bulundu: https://vidlax.xyz/upload/c0710e8504e685ede6a7cacd37e8abd6ca93/master.m3u8
      ✅ Typhoon Family - 1.Sezon 5.Bölüm - 1 m3u8
   🔍 [6/16] Bölüm: https://diziyiizle2.com/typhoon-family/1-sezon-6-bolum/

🔍 Vidlax direkt analizi: https://diziyiizle2.com/typhoon-family/1-sezon-6-bolum/
📄 Sayfa içeriği alındı: 70429 karakter
❌ m3u8 URL'si bulunamadı
      ❌ m3u8 bulunamadı
   🔍 [7/16] Bölüm: https://diziyiizle2.com/typhoon-family/1-sezon-7-bolum/

🔍 Vidlax direkt analizi: https://diziyiizle2.com/typhoon-family/1-sezon-7-bolum/
📄 Sayfa içeriği alındı: 70430 karakter
❌ m3u8 URL'si bulunamadı
      ❌ m3u8 bulunamadı
   🔍 [8/16] Bölüm: https://diziyiizle2.com/typhoon-family/1-sezon-8-bolum/

🔍 Vidlax direkt analizi: https://diziyiizle2.com/typhoon-family/1-sezon-8-bolum/
📄 Sayfa içeriği alındı: 70430 karakter
❌ m3u8 URL'si bulunamadı
      ❌ m3u8 bulunamadı
   🔍 [9/16] Bölüm: https://diziyiizle2.com/typhoon-family/1-sezon-9-bolum/

🔍 Vidlax direkt analizi: https://diziyiizle2.com/typhoon-family/1-sezon-9-bolum/
📄 Sayfa içeriği alındı: 70430 karakter
❌ m3u8 URL'si bulunamadı
      ❌ m3u8 bulunamadı
   🔍 [10/16] Bölüm: https://diziyiizle2.com/typhoon-family/1-sezon-10-bolum/

🔍 Vidlax direkt analizi: https://diziyiizle2.com/typhoon-family/1-sezon-10-bolum/
📄 Sayfa içeriği alındı: 70448 karakter
❌ m3u8 URL'si bulunamadı
      ❌ m3u8 bulunamadı
   🔍 [11/16] Bölüm: https://diziyiizle2.com/typhoon-family/1-sezon-11-bolum/

🔍 Vidlax direkt analizi: https://diziyiizle2.com/typhoon-family/1-sezon-11-bolum/
📄 Sayfa içeriği alındı: 70448 karakter
❌ m3u8 URL'si bulunamadı
      ❌ m3u8 bulunamadı
   🔍 [12/16] Bölüm: https://diziyiizle2.com/typhoon-family/1-sezon-12-bolum/

🔍 Vidlax direkt analizi: https://diziyiizle2.com/typhoon-family/1-sezon-12-bolum/
📄 Sayfa içeriği alındı: 70447 karakter
❌ m3u8 URL'si bulunamadı
      ❌ m3u8 bulunamadı
   🔍 [13/16] Bölüm: https://diziyiizle2.com/typhoon-family/1-sezon-13-bolum/

🔍 Vidlax direkt analizi: https://diziyiizle2.com/typhoon-family/1-sezon-13-bolum/
📄 Sayfa içeriği alındı: 70448 karakter
❌ m3u8 URL'si bulunamadı
      ❌ m3u8 bulunamadı
   🔍 [14/16] Bölüm: https://diziyiizle2.com/typhoon-family/1-sezon-14-bolum/

🔍 Vidlax direkt analizi: https://diziyiizle2.com/typhoon-family/1-sezon-14-bolum/
📄 Sayfa içeriği alındı: 70448 karakter
❌ m3u8 URL'si bulunamadı
      ❌ m3u8 bulunamadı
   🔍 [15/16] Bölüm: https://diziyiizle2.com/typhoon-family/1-sezon-15-bolum/

🔍 Vidlax direkt analizi: https://diziyiizle2.com/typhoon-family/1-sezon-15-bolum/
📄 Sayfa içeriği alındı: 70446 karakter
❌ m3u8 URL'si bulunamadı
      ❌ m3u8 bulunamadı
   🔍 [16/16] Bölüm: https://diziyiizle2.com/typhoon-family/1-sezon-16-bolum/

🔍 Vidlax direkt analizi: https://diziyiizle2.com/typhoon-family/1-sezon-16-bolum/
📄 Sayfa içeriği alındı: 70447 karakter
❌ m3u8 URL'si bulunamadı
      ❌ m3u8 bulunamadı
      📁 Dizi playlist: playlists/typhoon_family_playlist.m3u
   ✅ Dizi tamamlandı: 5 m3u8 eklendi

============================================================
🎬 [54/56] İşleniyor: https://diziyiizle2.com/dizi/the-chair-company/
📺 Bölüm bulundu: 1. Sezon 1. BölümDublaj13.10.202534 dk. - https://diziyiizle2.com/the-chair-company/1-sezon-1-bolum/
📺 Bölüm bulundu: 1. Sezon 2. BölümDublaj20.10.202530 dk. - https://diziyiizle2.com/the-chair-company/1-sezon-2-bolum/
📺 Bölüm bulundu: 1. Sezon 3. BölümDublaj13.10.2025 - https://diziyiizle2.com/the-chair-company/1-sezon-3-bolum/
📺 Bölüm bulundu: 1. Sezon 4. BölümAltyazılı13.10.2025 - https://diziyiizle2.com/the-chair-company/1-sezon-4-bolum/
📺 Bölüm bulundu: 1. Sezon 5. BölümAltyazılı13.10.2025 - https://diziyiizle2.com/the-chair-company/1-sezon-5-bolum/
📺 Bölüm bulundu: 1. Sezon 6. BölümAltyazılı13.10.2025 - https://diziyiizle2.com/the-chair-company/1-sezon-6-bolum/
📺 Bölüm bulundu: 1. Sezon 7. BölümAltyazılı13.10.2025 - https://diziyiizle2.com/the-chair-company/1-sezon-7-bolum/
📺 Bölüm bulundu: 1. Sezon 8. BölümAltyazılı13.10.2025 - https://diziyiizle2.com/the-chair-company/1-sezon-8-bolum/

📊 Toplam 8 bölüm bulundu
   🔍 [1/8] Bölüm: https://diziyiizle2.com/the-chair-company/1-sezon-1-bolum/
📺 Embed URL bulundu: https://vidlax1.xyz/embed/56ba8493c24f9843
🔍 Embed URL kontrol ediliyor: https://vidlax1.xyz/embed/56ba8493c24f9843
📄 Embed sayfa içeriği alındı, boyut: 42554 karakter
🎬 Video Başlığı: The Chair Company
📝 Video Açıklaması: 1.Sezon 1.Bölüm
🎯 Tam Başlık: The Chair Company - 1.Sezon 1.Bölüm
🎯 HEX DECODE - m3u8 bulundu: https://vidlax.xyz/upload/707dda482bb890df23692034560535969254/master.m3u8
      ✅ The Chair Company - 1.Sezon 1.Bölüm - 1 m3u8
   🔍 [2/8] Bölüm: https://diziyiizle2.com/the-chair-company/1-sezon-2-bolum/
📺 Embed URL bulundu: https://vidlax1.xyz/embed/5124f858c8199655
🔍 Embed URL kontrol ediliyor: https://vidlax1.xyz/embed/5124f858c8199655
📄 Embed sayfa içeriği alındı, boyut: 42725 karakter
🎬 Video Başlığı: The Chair Company
📝 Video Açıklaması: 1.Sezon 2.Bölüm
🎯 Tam Başlık: The Chair Company - 1.Sezon 2.Bölüm
🎯 HEX DECODE - m3u8 bulundu: https://vidlax.xyz/upload/97c40d9b07963860f8544c891852728d13d1/master.m3u8
      ✅ The Chair Company - 1.Sezon 2.Bölüm - 1 m3u8
   🔍 [3/8] Bölüm: https://diziyiizle2.com/the-chair-company/1-sezon-3-bolum/
📺 Embed URL bulundu: https://vidlax1.xyz/embed/a3d3361b45a4ac48
🔍 Embed URL kontrol ediliyor: https://vidlax1.xyz/embed/a3d3361b45a4ac48
📄 Embed sayfa içeriği alındı, boyut: 42589 karakter
🎬 Video Başlığı: The Chair Company
📝 Video Açıklaması: 1.Sezon 3.Bölüm
🎯 Tam Başlık: The Chair Company - 1.Sezon 3.Bölüm
🎯 HEX DECODE - m3u8 bulundu: https://vidlax.xyz/upload/5b54db7a530257c1dcf842ac461715eea293/master.m3u8
      ✅ The Chair Company - 1.Sezon 3.Bölüm - 1 m3u8
   🔍 [4/8] Bölüm: https://diziyiizle2.com/the-chair-company/1-sezon-4-bolum/

🔍 Vidlax direkt analizi: https://diziyiizle2.com/the-chair-company/1-sezon-4-bolum/
📄 Sayfa içeriği alındı: 60490 karakter
❌ m3u8 URL'si bulunamadı
      ❌ m3u8 bulunamadı
   🔍 [5/8] Bölüm: https://diziyiizle2.com/the-chair-company/1-sezon-5-bolum/

🔍 Vidlax direkt analizi: https://diziyiizle2.com/the-chair-company/1-sezon-5-bolum/
📄 Sayfa içeriği alındı: 60489 karakter
❌ m3u8 URL'si bulunamadı
      ❌ m3u8 bulunamadı
   🔍 [6/8] Bölüm: https://diziyiizle2.com/the-chair-company/1-sezon-6-bolum/

🔍 Vidlax direkt analizi: https://diziyiizle2.com/the-chair-company/1-sezon-6-bolum/
📄 Sayfa içeriği alındı: 60490 karakter
❌ m3u8 URL'si bulunamadı
      ❌ m3u8 bulunamadı
   🔍 [7/8] Bölüm: https://diziyiizle2.com/the-chair-company/1-sezon-7-bolum/

🔍 Vidlax direkt analizi: https://diziyiizle2.com/the-chair-company/1-sezon-7-bolum/
📄 Sayfa içeriği alındı: 60489 karakter
❌ m3u8 URL'si bulunamadı
      ❌ m3u8 bulunamadı
   🔍 [8/8] Bölüm: https://diziyiizle2.com/the-chair-company/1-sezon-8-bolum/

🔍 Vidlax direkt analizi: https://diziyiizle2.com/the-chair-company/1-sezon-8-bolum/
📄 Sayfa içeriği alındı: 60489 karakter
❌ m3u8 URL'si bulunamadı
      ❌ m3u8 bulunamadı
      📁 Dizi playlist: playlists/the_chair_company_playlist.m3u
   ✅ Dizi tamamlandı: 3 m3u8 eklendi

============================================================
🎬 [55/56] İşleniyor: https://diziyiizle2.com/dizi/gumruk-muhafaza-turkiye/
📺 Bölüm bulundu: 1. Sezon 1. BölümAltyazılı12.10.202548 dk. - https://diziyiizle2.com/gumruk-muhafaza-turkiye/1-sezon-1-bolum/
📺 Bölüm bulundu: 1. Sezon 2. BölümAltyazılı12.10.202546 dk. - https://diziyiizle2.com/gumruk-muhafaza-turkiye/1-sezon-2-bolum/
📺 Bölüm bulundu: 1. Sezon 3. BölümAltyazılı12.10.202546 dk. - https://diziyiizle2.com/gumruk-muhafaza-turkiye/1-sezon-3-bolum/
📺 Bölüm bulundu: 1. Sezon 4. BölümAltyazılı12.10.202545 dk. - https://diziyiizle2.com/gumruk-muhafaza-turkiye/1-sezon-4-bolum/
📺 Bölüm bulundu: 1. Sezon 5. BölümAltyazılı12.10.202545 dk. - https://diziyiizle2.com/gumruk-muhafaza-turkiye/1-sezon-5-bolum/
📺 Bölüm bulundu: 1. Sezon 6. BölümAltyazılı12.10.202544 dk. - https://diziyiizle2.com/gumruk-muhafaza-turkiye/1-sezon-6-bolum/
📺 Bölüm bulundu: 1. Sezon 7. BölümAltyazılı12.10.202552 dk. - https://diziyiizle2.com/gumruk-muhafaza-turkiye/1-sezon-7-bolum/
📺 Bölüm bulundu: 1. Sezon 8. BölümAltyazılı12.10.202551 dk. - https://diziyiizle2.com/gumruk-muhafaza-turkiye/1-sezon-8-bolum/
📺 Bölüm bulundu: 1. Sezon 9. BölümAltyazılı12.10.202550 dk. - https://diziyiizle2.com/gumruk-muhafaza-turkiye/1-sezon-9-bolum/

📊 Toplam 9 bölüm bulundu
   🔍 [1/9] Bölüm: https://diziyiizle2.com/gumruk-muhafaza-turkiye/1-sezon-1-bolum/
📺 Embed URL bulundu: https://vidlax1.xyz/embed/9ccb82a23e2baa99
🔍 Embed URL kontrol ediliyor: https://vidlax1.xyz/embed/9ccb82a23e2baa99
📄 Embed sayfa içeriği alındı, boyut: 39753 karakter
🎬 Video Başlığı: Gümrük Muhafaza Türkiye
📝 Video Açıklaması: 1.Sezon 1.Bölüm
🎯 Tam Başlık: Gümrük Muhafaza Türkiye - 1.Sezon 1.Bölüm
🎯 HEX DECODE - m3u8 bulundu: https://vidlax.xyz/upload/34aea2d621f2dfa198bd91bd84e5e1279231/master.m3u8
      ✅ Gümrük Muhafaza Türkiye - 1.Sezon 1.Bölüm - 1 m3u8
   🔍 [2/9] Bölüm: https://diziyiizle2.com/gumruk-muhafaza-turkiye/1-sezon-2-bolum/
📺 Embed URL bulundu: https://vidlax1.xyz/embed/1ae7f838be327d9c
🔍 Embed URL kontrol ediliyor: https://vidlax1.xyz/embed/1ae7f838be327d9c
📄 Embed sayfa içeriği alındı, boyut: 39497 karakter
🎬 Video Başlığı: Gümrük Muhafaza Türkiye
📝 Video Açıklaması: 1.Sezon 2.Bölüm
🎯 Tam Başlık: Gümrük Muhafaza Türkiye - 1.Sezon 2.Bölüm
🎯 HEX DECODE - m3u8 bulundu: https://vidlax.xyz/upload/d9429b4c793e92ce51b6990a6f299c224b7c/master.m3u8
      ✅ Gümrük Muhafaza Türkiye - 1.Sezon 2.Bölüm - 1 m3u8
   🔍 [3/9] Bölüm: https://diziyiizle2.com/gumruk-muhafaza-turkiye/1-sezon-3-bolum/
📺 Embed URL bulundu: https://vidlax1.xyz/embed/2f12f12bf70adc0d
🔍 Embed URL kontrol ediliyor: https://vidlax1.xyz/embed/2f12f12bf70adc0d
📄 Embed sayfa içeriği alındı, boyut: 39497 karakter
🎬 Video Başlığı: Gümrük Muhafaza Türkiye
📝 Video Açıklaması: 1.Sezon 3.Bölüm
🎯 Tam Başlık: Gümrük Muhafaza Türkiye - 1.Sezon 3.Bölüm
🎯 HEX DECODE - m3u8 bulundu: https://vidlax.xyz/upload/89f4da919e3f78c789a247580cc3b3e474b3/master.m3u8
      ✅ Gümrük Muhafaza Türkiye - 1.Sezon 3.Bölüm - 1 m3u8
   🔍 [4/9] Bölüm: https://diziyiizle2.com/gumruk-muhafaza-turkiye/1-sezon-4-bolum/
📺 Embed URL bulundu: https://vidlax1.xyz/embed/15db0b9a5cb38f6b
🔍 Embed URL kontrol ediliyor: https://vidlax1.xyz/embed/15db0b9a5cb38f6b
📄 Embed sayfa içeriği alındı, boyut: 39625 karakter
🎬 Video Başlığı: Gümrük Muhafaza Türkiye
📝 Video Açıklaması: 1.Sezon 4.Bölüm
🎯 Tam Başlık: Gümrük Muhafaza Türkiye - 1.Sezon 4.Bölüm
🎯 HEX DECODE - m3u8 bulundu: https://vidlax.xyz/upload/382245eba256a8c999b64b4bb7f17331682d/master.m3u8
      ✅ Gümrük Muhafaza Türkiye - 1.Sezon 4.Bölüm - 1 m3u8
   🔍 [5/9] Bölüm: https://diziyiizle2.com/gumruk-muhafaza-turkiye/1-sezon-5-bolum/
📺 Embed URL bulundu: https://vidlax1.xyz/embed/3378a47c64d8ae42
🔍 Embed URL kontrol ediliyor: https://vidlax1.xyz/embed/3378a47c64d8ae42
📄 Embed sayfa içeriği alındı, boyut: 39625 karakter
🎬 Video Başlığı: Gümrük Muhafaza Türkiye
📝 Video Açıklaması: 1.Sezon 5.Bölüm
🎯 Tam Başlık: Gümrük Muhafaza Türkiye - 1.Sezon 5.Bölüm
🎯 HEX DECODE - m3u8 bulundu: https://vidlax.xyz/upload/cb4723194c5d1c306a69e2ad28b0c7ad3b06/master.m3u8
      ✅ Gümrük Muhafaza Türkiye - 1.Sezon 5.Bölüm - 1 m3u8
   🔍 [6/9] Bölüm: https://diziyiizle2.com/gumruk-muhafaza-turkiye/1-sezon-6-bolum/
📺 Embed URL bulundu: https://vidlax1.xyz/embed/4dba487c9aebce5c
🔍 Embed URL kontrol ediliyor: https://vidlax1.xyz/embed/4dba487c9aebce5c
📄 Embed sayfa içeriği alındı, boyut: 39625 karakter
🎬 Video Başlığı: Gümrük Muhafaza Türkiye
📝 Video Açıklaması: 1.Sezon 6.Bölüm
🎯 Tam Başlık: Gümrük Muhafaza Türkiye - 1.Sezon 6.Bölüm
🎯 HEX DECODE - m3u8 bulundu: https://vidlax.xyz/upload/57fe411c2725ccb03b36e5d6eee5db4cd95c/master.m3u8
      ✅ Gümrük Muhafaza Türkiye - 1.Sezon 6.Bölüm - 1 m3u8
   🔍 [7/9] Bölüm: https://diziyiizle2.com/gumruk-muhafaza-turkiye/1-sezon-7-bolum/
📺 Embed URL bulundu: https://vidlax1.xyz/embed/a458387ec6932523
🔍 Embed URL kontrol ediliyor: https://vidlax1.xyz/embed/a458387ec6932523
📄 Embed sayfa içeriği alındı, boyut: 39625 karakter
🎬 Video Başlığı: Gümrük Muhafaza Türkiye
📝 Video Açıklaması: 1.Sezon 7.Bölüm
🎯 Tam Başlık: Gümrük Muhafaza Türkiye - 1.Sezon 7.Bölüm
🎯 HEX DECODE - m3u8 bulundu: https://vidlax.xyz/upload/4203f747a1be606cb0aa31d64f2a87f53fe8/master.m3u8
      ✅ Gümrük Muhafaza Türkiye - 1.Sezon 7.Bölüm - 1 m3u8
   🔍 [8/9] Bölüm: https://diziyiizle2.com/gumruk-muhafaza-turkiye/1-sezon-8-bolum/
📺 Embed URL bulundu: https://vidlax1.xyz/embed/246e8cbc7de83cf9
🔍 Embed URL kontrol ediliyor: https://vidlax1.xyz/embed/246e8cbc7de83cf9
📄 Embed sayfa içeriği alındı, boyut: 39625 karakter
🎬 Video Başlığı: Gümrük Muhafaza Türkiye
📝 Video Açıklaması: 1.Sezon 8.Bölüm
🎯 Tam Başlık: Gümrük Muhafaza Türkiye - 1.Sezon 8.Bölüm
🎯 HEX DECODE - m3u8 bulundu: https://vidlax.xyz/upload/0e24cd26fd81e00e16e76c3fcdcb85251ac2/master.m3u8
      ✅ Gümrük Muhafaza Türkiye - 1.Sezon 8.Bölüm - 1 m3u8
   🔍 [9/9] Bölüm: https://diziyiizle2.com/gumruk-muhafaza-turkiye/1-sezon-9-bolum/
📺 Embed URL bulundu: https://vidlax1.xyz/embed/7fe49379ee5df839
🔍 Embed URL kontrol ediliyor: https://vidlax1.xyz/embed/7fe49379ee5df839
📄 Embed sayfa içeriği alındı, boyut: 39497 karakter
🎬 Video Başlığı: Gümrük Muhafaza Türkiye
📝 Video Açıklaması: 1.Sezon 9.Bölüm
🎯 Tam Başlık: Gümrük Muhafaza Türkiye - 1.Sezon 9.Bölüm
🎯 HEX DECODE - m3u8 bulundu: https://vidlax.xyz/upload/106f7a3aab6f6878294f50ba08ac428dcae7/master.m3u8
      ✅ Gümrük Muhafaza Türkiye - 1.Sezon 9.Bölüm - 1 m3u8
      📁 Dizi playlist: playlists/gumruk_muhafaza_turkiye_playlist.m3u
   ✅ Dizi tamamlandı: 9 m3u8 eklendi

============================================================
🎬 [56/56] İşleniyor: https://diziyiizle2.com/dizi/muhafizlar-gizli-proje/
📺 Bölüm bulundu: 1. Sezon 1. BölümDublaj12.10.202546 dk. - https://diziyiizle2.com/muhafizlar-gizli-proje/1-sezon-1-bolum/
📺 Bölüm bulundu: 1. Sezon 2. BölümAltyazılı12.10.202541 dk. - https://diziyiizle2.com/muhafizlar-gizli-proje/1-sezon-2-bolum/
📺 Bölüm bulundu: 1. Sezon 3. BölümDublaj12.10.202541 dk. - https://diziyiizle2.com/muhafizlar-gizli-proje/1-sezon-3-bolum/
📺 Bölüm bulundu: 1. Sezon 4. BölümDublaj12.10.2025 - https://diziyiizle2.com/muhafizlar-gizli-proje/1-sezon-4-bolum/
📺 Bölüm bulundu: 1. Sezon 5. BölümDublaj23.10.202552 dk. - https://diziyiizle2.com/muhafizlar-gizli-proje/1-sezon-5-bolum/
📺 Bölüm bulundu: 1. Sezon 6. BölümDual30.10.202552 dk. - https://diziyiizle2.com/muhafizlar-gizli-proje/1-sezon-6-bolum/
📺 Bölüm bulundu: 1. Sezon 7. BölümAltyazılı12.10.202552 dk. - https://diziyiizle2.com/muhafizlar-gizli-proje/1-sezon-7-bolum/
📺 Bölüm bulundu: 1. Sezon 8. BölümAltyazılı12.10.202552 dk. - https://diziyiizle2.com/muhafizlar-gizli-proje/1-sezon-8-bolum/

📊 Toplam 8 bölüm bulundu
   🔍 [1/8] Bölüm: https://diziyiizle2.com/muhafizlar-gizli-proje/1-sezon-1-bolum/
📺 Embed URL bulundu: https://vidlax1.xyz/embed/356b88d9ea19ce20
🔍 Embed URL kontrol ediliyor: https://vidlax1.xyz/embed/356b88d9ea19ce20
📄 Embed sayfa içeriği alındı, boyut: 39659 karakter
🎬 Video Başlığı: The Sentinels
📝 Video Açıklaması: 1.Sezon 1.Bölüm
🎯 Tam Başlık: The Sentinels - 1.Sezon 1.Bölüm
🎯 HEX DECODE - m3u8 bulundu: https://vidlax.xyz/upload/b340e2727a2bbd558a7b0b8d26d38f641f34/master.m3u8
      ✅ The Sentinels - 1.Sezon 1.Bölüm - 1 m3u8
   🔍 [2/8] Bölüm: https://diziyiizle2.com/muhafizlar-gizli-proje/1-sezon-2-bolum/
📺 Embed URL bulundu: https://vidlax1.xyz/embed/58a0f11944b212e1
🔍 Embed URL kontrol ediliyor: https://vidlax1.xyz/embed/58a0f11944b212e1
📄 Embed sayfa içeriği alındı, boyut: 39787 karakter
🎬 Video Başlığı: The Sentinels
📝 Video Açıklaması: 1.Sezon 2.Bölüm
🎯 Tam Başlık: The Sentinels - 1.Sezon 2.Bölüm
🎯 HEX DECODE - m3u8 bulundu: https://vidlax.xyz/upload/0b88026326bf67f606157259c3792ab76426/master.m3u8
      ✅ The Sentinels - 1.Sezon 2.Bölüm - 1 m3u8
   🔍 [3/8] Bölüm: https://diziyiizle2.com/muhafizlar-gizli-proje/1-sezon-3-bolum/
📺 Embed URL bulundu: https://vidlax1.xyz/embed/d7054008c3ee819d
🔍 Embed URL kontrol ediliyor: https://vidlax1.xyz/embed/d7054008c3ee819d
📄 Embed sayfa içeriği alındı, boyut: 39787 karakter
🎬 Video Başlığı: The Sentinels
📝 Video Açıklaması: 1.Sezon 3.Bölüm
🎯 Tam Başlık: The Sentinels - 1.Sezon 3.Bölüm
🎯 HEX DECODE - m3u8 bulundu: https://vidlax.xyz/upload/3105b5cc5ea80d8dda6052519bbcef7a77f3/master.m3u8
      ✅ The Sentinels - 1.Sezon 3.Bölüm - 1 m3u8
   🔍 [4/8] Bölüm: https://diziyiizle2.com/muhafizlar-gizli-proje/1-sezon-4-bolum/
📺 Embed URL bulundu: https://vidlax1.xyz/embed/53a763186d44264e
🔍 Embed URL kontrol ediliyor: https://vidlax1.xyz/embed/53a763186d44264e
📄 Embed sayfa içeriği alındı, boyut: 39659 karakter
🎬 Video Başlığı: The Sentinels
📝 Video Açıklaması: 1.Sezon 4.Bölüm
🎯 Tam Başlık: The Sentinels - 1.Sezon 4.Bölüm
🎯 HEX DECODE - m3u8 bulundu: https://vidlax.xyz/upload/6ca1696a681493b9e566afd2ece1f7e738aa/master.m3u8
      ✅ The Sentinels - 1.Sezon 4.Bölüm - 1 m3u8
   🔍 [5/8] Bölüm: https://diziyiizle2.com/muhafizlar-gizli-proje/1-sezon-5-bolum/
📺 Embed URL bulundu: https://vidlax1.xyz/embed/bacaecdef77e7d73
🔍 Embed URL kontrol ediliyor: https://vidlax1.xyz/embed/bacaecdef77e7d73
📄 Embed sayfa içeriği alındı, boyut: 39787 karakter
🎬 Video Başlığı: The Sentinels
📝 Video Açıklaması: 1.Sezon 5.Bölüm
🎯 Tam Başlık: The Sentinels - 1.Sezon 5.Bölüm
🎯 HEX DECODE - m3u8 bulundu: https://vidlax.xyz/upload/664115035551da7f5c70ab40e0696e0de693/master.m3u8
      ✅ The Sentinels - 1.Sezon 5.Bölüm - 1 m3u8
   🔍 [6/8] Bölüm: https://diziyiizle2.com/muhafizlar-gizli-proje/1-sezon-6-bolum/
📺 Embed URL bulundu: https://vidlax1.xyz/embed/f79327234671efa2
🔍 Embed URL kontrol ediliyor: https://vidlax1.xyz/embed/f79327234671efa2
📄 Embed sayfa içeriği alındı, boyut: 39788 karakter
🎬 Video Başlığı: The Sentinels
📝 Video Açıklaması: 1.Sezon 6.Bölüm
🎯 Tam Başlık: The Sentinels - 1.Sezon 6.Bölüm
🎯 HEX DECODE - m3u8 bulundu: https://vidlax.xyz/upload/9cf3678ff5561c0b6fcb08f26a1be6f46938/master.m3u8
      ✅ The Sentinels - 1.Sezon 6.Bölüm - 1 m3u8
   🔍 [7/8] Bölüm: https://diziyiizle2.com/muhafizlar-gizli-proje/1-sezon-7-bolum/

🔍 Vidlax direkt analizi: https://diziyiizle2.com/muhafizlar-gizli-proje/1-sezon-7-bolum/
📄 Sayfa içeriği alındı: 60881 karakter
❌ m3u8 URL'si bulunamadı
      ❌ m3u8 bulunamadı
   🔍 [8/8] Bölüm: https://diziyiizle2.com/muhafizlar-gizli-proje/1-sezon-8-bolum/

🔍 Vidlax direkt analizi: https://diziyiizle2.com/muhafizlar-gizli-proje/1-sezon-8-bolum/
📄 Sayfa içeriği alındı: 60880 karakter
❌ m3u8 URL'si bulunamadı
      ❌ m3u8 bulunamadı
      📁 Dizi playlist: playlists/muhafizlar_gizli_proje_playlist.m3u
   ✅ Dizi tamamlandı: 6 m3u8 eklendi

📁 Master playlist oluşturuldu: master_all_series_playlist.m3u

📁 Tüm diziler için master playlist oluşturuldu (659 item).
