Running atp/atp.py at 20251121T040145Z (UTC)
🚀 TÜM DİZİLERİN M3U8'LERİ TOPLANIYOR
⚡ FULL MODE: Tüm diziler işlenecek!
⏰ Bu işlem uzun sürebilir...
🌟 PROCESS ALL: https://diziyiizle.com/?post_type=series
📺 Dizi bulundu: https://diziyiizle4.com/dizi/
📺 Dizi bulundu: https://diziyiizle4.com/dizi/the-mighty-nein/
📺 Dizi bulundu: https://diziyiizle4.com/dizi/critical-role-the-mighty-nein/
📺 Dizi bulundu: https://diziyiizle4.com/dizi/sekizinci-aile/
📺 Dizi bulundu: https://diziyiizle4.com/dizi/weak-hero/
📺 Dizi bulundu: https://diziyiizle4.com/dizi/dunyanin-obur-yuzu/
📺 Dizi bulundu: https://diziyiizle4.com/dizi/the-penguin/
📺 Dizi bulundu: https://diziyiizle4.com/dizi/yuzuklerin-efendisi-guc-yuzukleri/
📺 Dizi bulundu: https://diziyiizle4.com/dizi/sanda/
📺 Dizi bulundu: https://diziyiizle4.com/dizi/the-expanse/
📺 Dizi bulundu: https://diziyiizle4.com/dizi/malice/
📺 Dizi bulundu: https://diziyiizle4.com/dizi/el-cuco-de-cristal/
📺 Dizi bulundu: https://diziyiizle4.com/dizi/antrenor/
📺 Dizi bulundu: https://diziyiizle4.com/dizi/smillas-sense-of-snow/
📺 Dizi bulundu: https://diziyiizle4.com/dizi/zomvivor/
📺 Dizi bulundu: https://diziyiizle4.com/dizi/last-samurai-standing/
📺 Dizi bulundu: https://diziyiizle4.com/dizi/the-beast-in-me/
📺 Dizi bulundu: https://diziyiizle4.com/dizi/mrs-playmen/
📺 Dizi bulundu: https://diziyiizle4.com/dizi/final-gate-1/
📺 Dizi bulundu: https://diziyiizle4.com/dizi/trespasses/
📺 Dizi bulundu: https://diziyiizle4.com/dizi/marines/
📺 Dizi bulundu: https://diziyiizle4.com/dizi/bat-fam/
📺 Dizi bulundu: https://diziyiizle4.com/dizi/breslau/
📺 Dizi bulundu: https://diziyiizle4.com/dizi/the-family-next-door/
📺 Dizi bulundu: https://diziyiizle4.com/dizi/mistletoe-murders/
📺 Dizi bulundu: https://diziyiizle4.com/dizi/austin/
📺 Dizi bulundu: https://diziyiizle4.com/dizi/mahsun-j-12/
📺 Dizi bulundu: https://diziyiizle4.com/dizi/esref-ruya-9/
📺 Dizi bulundu: https://diziyiizle4.com/dizi/gibi/
📺 Dizi bulundu: https://diziyiizle4.com/dizi/var-bunlar-izle-14/
📺 Dizi bulundu: https://diziyiizle4.com/dizi/prens-izle-4/
📺 Dizi bulundu (sayfa): https://diziyiizle4.com/dizi/tilsimli-bileklik/
📺 Dizi bulundu (sayfa): https://diziyiizle4.com/dizi/arabalar-yollarda/
📺 Dizi bulundu (sayfa): https://diziyiizle4.com/dizi/dopesick/
📺 Dizi bulundu (sayfa): https://diziyiizle4.com/dizi/sulphur-springs-sirlari/
📺 Dizi bulundu (sayfa): https://diziyiizle4.com/dizi/under-the-banner-of-heaven/
📺 Dizi bulundu (sayfa): https://diziyiizle4.com/dizi/tatsuki-fujimoto-17-26/
📺 Dizi bulundu (sayfa): https://diziyiizle4.com/dizi/buyuk-tikinma/
📺 Dizi bulundu (sayfa): https://diziyiizle4.com/dizi/yesil-deniz-milenyum-1/
📺 Dizi bulundu (sayfa): https://diziyiizle4.com/dizi/as-you-stood-by/
📺 Dizi bulundu (sayfa): https://diziyiizle4.com/dizi/riot-women/
📺 Dizi bulundu (sayfa): https://diziyiizle4.com/dizi/pluribus-hd/
📺 Dizi bulundu (sayfa): https://diziyiizle4.com/dizi/fer-3/
📺 Dizi bulundu (sayfa): https://diziyiizle4.com/dizi/maxton-hall-aramizdaki-dunya/
📺 Dizi bulundu (sayfa): https://diziyiizle4.com/dizi/karma-2/
📺 Dizi bulundu (sayfa): https://diziyiizle4.com/dizi/weeds/
📺 Dizi bulundu (sayfa): https://diziyiizle4.com/dizi/i-am/
📺 Dizi bulundu (sayfa): https://diziyiizle4.com/dizi/kim-demis-kotuyuz-diye-goreve-haziriz/
📺 Dizi bulundu (sayfa): https://diziyiizle4.com/dizi/death-by-lightning/
📺 Dizi bulundu (sayfa): https://diziyiizle4.com/dizi/simplemente-alicia/
📺 Dizi bulundu (sayfa): https://diziyiizle4.com/dizi/the-manipulated/
📺 Dizi bulundu (sayfa): https://diziyiizle4.com/dizi/heweliusz/
📺 Dizi bulundu (sayfa): https://diziyiizle4.com/dizi/hazbin-hotel/
📺 Dizi bulundu (sayfa): https://diziyiizle4.com/dizi/robin-hood/
📺 Dizi bulundu (sayfa): https://diziyiizle4.com/dizi/de-big-fuck-up/
📺 Dizi bulundu (sayfa): https://diziyiizle4.com/dizi/return-to-paradise/

📊 Toplam 56 dizi bulundu

============================================================
🎬 [1/56] İşleniyor: https://diziyiizle4.com/dizi/
📺 Bölüm bulundu: The Manipulated1.Sezon 7.BölümAltyazılı - https://diziyiizle4.com/the-manipulated/1-sezon-7-bolum/
📺 Bölüm bulundu: Disney Twisted-Wonderland the Animation1.Sezon 4.BölümAltyazılı - https://diziyiizle4.com/disney-wisted-wonderland-the-animation/1-sezon-4-bolum/
📺 Bölüm bulundu: Eşref Rüya2.Sezon 9.BölümDual - https://diziyiizle4.com/esref-ruya-13/2-sezon-9-bolum/
📺 Bölüm bulundu: Hazbin Hotel2.Sezon 7.BölümAltyazılı - https://diziyiizle4.com/hazbin-hotel/2-sezon-7-bolum/
📺 Bölüm bulundu: The Mighty Nein1.Sezon 1.BölümDublaj - https://diziyiizle4.com/the-mighty-nein/1-sezon-1-bolum/
📺 Bölüm bulundu: Squid Game: The Challenge2.Sezon 9.BölümDublaj - https://diziyiizle4.com/squid-game-the-challenge/2-sezon-9-bolum/
📺 Bölüm bulundu: Nice to Not Meet You1.Sezon 6.BölümAltyazılı - https://diziyiizle4.com/nice-to-not-meet-you/1-sezon-6-bolum/
📺 Bölüm bulundu: Sekizinci Aile1.Sezon 1.BölümDual - https://diziyiizle4.com/sekizinci-aile/1-sezon-1-bolum/
📺 Bölüm bulundu: The Morning Show4.Sezon 10.BölümAltyazılı - https://diziyiizle4.com/the-morning-show/4-sezon-10-bolum/
📺 Bölüm bulundu: Watson2.Sezon 6.BölümAltyazılı - https://diziyiizle4.com/watson-2/2-sezon-6-bolum/
📺 Bölüm bulundu: Down Cemetery Road1.Sezon 5.BölümAltyazılı - https://diziyiizle4.com/down-cemetery-road/1-sezon-5-bolum/
📺 Bölüm bulundu: The Forsytes1.Sezon 5.BölümAltyazılı - https://diziyiizle4.com/the-forsytes/1-sezon-5-bolum/

📊 Toplam 12 bölüm bulundu
   🔍 [1/12] Bölüm: https://diziyiizle4.com/the-manipulated/1-sezon-7-bolum/
📺 Embed URL bulundu: https://vidlax1.xyz/embed/56fdf12e5a7b4cc6
🔍 Embed URL kontrol ediliyor: https://vidlax1.xyz/embed/56fdf12e5a7b4cc6
📄 Embed sayfa içeriği alındı, boyut: 42145 karakter
🎬 Video Başlığı: The Manipulated
📝 Video Açıklaması: 1.Sezon 7.Bölüm
🎯 Tam Başlık: The Manipulated - 1.Sezon 7.Bölüm
🎯 HEX DECODE - m3u8 bulundu: https://vidlax.xyz/upload/363a9ff072ef8361a43c09435d369bd6ebd7/master.m3u8
      ✅ The Manipulated - 1.Sezon 7.Bölüm - 1 m3u8
   🔍 [2/12] Bölüm: https://diziyiizle4.com/disney-wisted-wonderland-the-animation/1-sezon-4-bolum/
📺 Embed URL bulundu: https://vidlax1.xyz/embed/1d1da881dc9b3da5
🔍 Embed URL kontrol ediliyor: https://vidlax1.xyz/embed/1d1da881dc9b3da5
📄 Embed sayfa içeriği alındı, boyut: 40462 karakter
🎬 Video Başlığı: Disney Twisted-Wonderland: The Animation
📝 Video Açıklaması: 1.Sezon 4.Bölüm
🎯 Tam Başlık: Disney Twisted-Wonderland: The Animation - 1.Sezon 4.Bölüm
🎯 HEX DECODE - m3u8 bulundu: https://vidlax.xyz/upload/8c2155a8877d2a6a76ddd09758b0764a4e03/master.m3u8
      ✅ Disney Twisted-Wonderland: The Animation - 1.Sezon 4.Bölüm - 1 m3u8
   🔍 [3/12] Bölüm: https://diziyiizle4.com/esref-ruya-13/2-sezon-9-bolum/
📺 Embed URL bulundu: https://vidlax1.xyz/embed/f252148c19884cbf
🔍 Embed URL kontrol ediliyor: https://vidlax1.xyz/embed/f252148c19884cbf
📄 Embed sayfa içeriği alındı, boyut: 40087 karakter
🎬 Video Başlığı: Eşref Rüya
📝 Video Açıklaması: 2.Sezon 9.Bölüm
🎯 Tam Başlık: Eşref Rüya - 2.Sezon 9.Bölüm
🎯 HEX DECODE - m3u8 bulundu: https://vidlax.xyz/upload/83bdb8ef28bc1f3b1b004cdbf44a5a2f4355/master.m3u8
      ✅ Eşref Rüya - 2.Sezon 9.Bölüm - 1 m3u8
   🔍 [4/12] Bölüm: https://diziyiizle4.com/hazbin-hotel/2-sezon-7-bolum/
📺 Embed URL bulundu: https://vidlax1.xyz/embed/4adf96132e83b14a
🔍 Embed URL kontrol ediliyor: https://vidlax1.xyz/embed/4adf96132e83b14a
📄 Embed sayfa içeriği alındı, boyut: 42779 karakter
🎬 Video Başlığı: Hazbin Hotel
📝 Video Açıklaması: 2.Sezon 7.Bölüm
🎯 Tam Başlık: Hazbin Hotel - 2.Sezon 7.Bölüm
🎯 HEX DECODE - m3u8 bulundu: https://vidlax.xyz/upload/8b098337130e139903474e45750a2587af19/master.m3u8
      ✅ Hazbin Hotel - 2.Sezon 7.Bölüm - 1 m3u8
   🔍 [5/12] Bölüm: https://diziyiizle4.com/the-mighty-nein/1-sezon-1-bolum/
📺 Embed URL bulundu: https://vidlax1.xyz/embed/d2834e4a78d150a6
🔍 Embed URL kontrol ediliyor: https://vidlax1.xyz/embed/d2834e4a78d150a6
📄 Embed sayfa içeriği alındı, boyut: 42477 karakter
🎬 Video Başlığı: The Mighty Nein
📝 Video Açıklaması: 1.Sezon 1.Bölüm
🎯 Tam Başlık: The Mighty Nein - 1.Sezon 1.Bölüm
🎯 HEX DECODE - m3u8 bulundu: https://vidlax.xyz/upload/e9ba0e20bfd485f8b3049f437f887925f314/master.m3u8
      ✅ The Mighty Nein - 1.Sezon 1.Bölüm - 1 m3u8
   🔍 [6/12] Bölüm: https://diziyiizle4.com/squid-game-the-challenge/2-sezon-9-bolum/
📺 Embed URL bulundu: https://vidlax1.xyz/embed/209e28f101f483af
🔍 Embed URL kontrol ediliyor: https://vidlax1.xyz/embed/209e28f101f483af
📄 Embed sayfa içeriği alındı, boyut: 43550 karakter
🎬 Video Başlığı: Squid Game: The Challenge
📝 Video Açıklaması: 2.Sezon 9.Bölüm
🎯 Tam Başlık: Squid Game: The Challenge - 2.Sezon 9.Bölüm
🎯 HEX DECODE - m3u8 bulundu: https://vidlax.xyz/upload/ae3f06b66f0979dd3d20ff652c2c6d917ae1/master.m3u8
      ✅ Squid Game: The Challenge - 2.Sezon 9.Bölüm - 1 m3u8
   🔍 [7/12] Bölüm: https://diziyiizle4.com/nice-to-not-meet-you/1-sezon-6-bolum/
📺 Embed URL bulundu: https://vidlax1.xyz/embed/3de08f7e8bf197f4
🔍 Embed URL kontrol ediliyor: https://vidlax1.xyz/embed/3de08f7e8bf197f4
📄 Embed sayfa içeriği alındı, boyut: 42468 karakter
🎬 Video Başlığı: Nice to Not Meet You
📝 Video Açıklaması: 1.Sezon 6.Bölüm
🎯 Tam Başlık: Nice to Not Meet You - 1.Sezon 6.Bölüm
🎯 HEX DECODE - m3u8 bulundu: https://vidlax.xyz/upload/e14e0f8a67a4bfb8397ec0b572d1b5c7443c/master.m3u8
      ✅ Nice to Not Meet You - 1.Sezon 6.Bölüm - 1 m3u8
   🔍 [8/12] Bölüm: https://diziyiizle4.com/sekizinci-aile/1-sezon-1-bolum/
📺 Embed URL bulundu: https://vidlax1.xyz/embed/993bbbbdee22982d
🔍 Embed URL kontrol ediliyor: https://vidlax1.xyz/embed/993bbbbdee22982d
📄 Embed sayfa içeriği alındı, boyut: 41652 karakter
🎬 Video Başlığı: Sekizinci Aile
📝 Video Açıklaması: 1.Sezon 1.Bölüm
🎯 Tam Başlık: Sekizinci Aile - 1.Sezon 1.Bölüm
🎯 HEX DECODE - m3u8 bulundu: https://vidlax.xyz/upload/34e5a732e140647fd333b0e53a7894962c8b/master.m3u8
      ✅ Sekizinci Aile - 1.Sezon 1.Bölüm - 1 m3u8
   🔍 [9/12] Bölüm: https://diziyiizle4.com/the-morning-show/4-sezon-10-bolum/
📺 Embed URL bulundu: https://vidlax1.xyz/embed/9c72108e479081cd
🔍 Embed URL kontrol ediliyor: https://vidlax1.xyz/embed/9c72108e479081cd
📄 Embed sayfa içeriği alındı, boyut: 42649 karakter
🎬 Video Başlığı: The Morning Show
📝 Video Açıklaması: 4.Sezon 10.Bölüm
🎯 Tam Başlık: The Morning Show - 4.Sezon 10.Bölüm
🎯 HEX DECODE - m3u8 bulundu: https://vidlax.xyz/upload/0b9087f0e26cbee8376255b40a12a4be2935/master.m3u8
      ✅ The Morning Show - 4.Sezon 10.Bölüm - 1 m3u8
   🔍 [10/12] Bölüm: https://diziyiizle4.com/watson-2/2-sezon-6-bolum/

🔍 Vidlax direkt analizi: https://diziyiizle4.com/watson-2/2-sezon-6-bolum/
📄 Sayfa içeriği alındı: 117333 karakter
🎬 Video Başlığı: Bilinmiyor
📝 Video Açıklaması: Watson - 2. Sezon 6. Bölüm online izle. HD kalitede dizi bölümü.
❌ m3u8 URL'si bulunamadı
      ❌ m3u8 bulunamadı
   🔍 [11/12] Bölüm: https://diziyiizle4.com/down-cemetery-road/1-sezon-5-bolum/
📺 Embed URL bulundu: https://vidlax1.xyz/embed/5cd2fd01fac05e16
🔍 Embed URL kontrol ediliyor: https://vidlax1.xyz/embed/5cd2fd01fac05e16
📄 Embed sayfa içeriği alındı, boyut: 43524 karakter
🎬 Video Başlığı: Down Cemetery Road
📝 Video Açıklaması: 1.Sezon 5.Bölüm
🎯 Tam Başlık: Down Cemetery Road - 1.Sezon 5.Bölüm
🎯 HEX DECODE - m3u8 bulundu: https://vidlax.xyz/upload/ba7cec9a50e35998fb37c9a59160bcd00e47/master.m3u8
      ✅ Down Cemetery Road - 1.Sezon 5.Bölüm - 1 m3u8
   🔍 [12/12] Bölüm: https://diziyiizle4.com/the-forsytes/1-sezon-5-bolum/
📺 Embed URL bulundu: https://vidlax1.xyz/embed/6198e4252c80c243
🔍 Embed URL kontrol ediliyor: https://vidlax1.xyz/embed/6198e4252c80c243
📄 Embed sayfa içeriği alındı, boyut: 40403 karakter
🎬 Video Başlığı: The Forsytes
📝 Video Açıklaması: 1.Sezon 5.Bölüm
🎯 Tam Başlık: The Forsytes - 1.Sezon 5.Bölüm
🎯 HEX DECODE - m3u8 bulundu: https://vidlax.xyz/upload/f33fda90a5557650f32864bae48f830cc3c4/master.m3u8
      ✅ The Forsytes - 1.Sezon 5.Bölüm - 1 m3u8
      📁 Dizi playlist: playlists/dizi_playlist.m3u
   ✅ Dizi tamamlandı: 11 m3u8 eklendi

============================================================
🎬 [2/56] İşleniyor: https://diziyiizle4.com/dizi/the-mighty-nein/
📺 Bölüm bulundu: 1. Sezon 1. BölümDublaj19.11.202546 dk. - https://diziyiizle4.com/the-mighty-nein/1-sezon-1-bolum/
📺 Bölüm bulundu: 1. Sezon 2. BölümDublaj19.11.2025 - https://diziyiizle4.com/the-mighty-nein/1-sezon-2-bolum/
📺 Bölüm bulundu: 1. Sezon 3. BölümDublaj19.11.2025 - https://diziyiizle4.com/the-mighty-nein/1-sezon-3-bolum/
📺 Bölüm bulundu: 1. Sezon 4. BölümAltyazılı19.11.2025 - https://diziyiizle4.com/the-mighty-nein/1-sezon-4-bolum/
📺 Bölüm bulundu: 1. Sezon 5. BölümAltyazılı19.11.2025 - https://diziyiizle4.com/the-mighty-nein/1-sezon-5-bolum/
📺 Bölüm bulundu: 1. Sezon 6. BölümAltyazılı19.11.2025 - https://diziyiizle4.com/the-mighty-nein/1-sezon-6-bolum/
📺 Bölüm bulundu: 1. Sezon 7. BölümAltyazılı19.11.2025 - https://diziyiizle4.com/the-mighty-nein/1-sezon-7-bolum/
📺 Bölüm bulundu: 1. Sezon 8. BölümAltyazılı19.11.2025 - https://diziyiizle4.com/the-mighty-nein/1-sezon-8-bolum/

📊 Toplam 8 bölüm bulundu
   🔍 [1/8] Bölüm: https://diziyiizle4.com/the-mighty-nein/1-sezon-1-bolum/
📺 Embed URL bulundu: https://vidlax1.xyz/embed/d2834e4a78d150a6
🔍 Embed URL kontrol ediliyor: https://vidlax1.xyz/embed/d2834e4a78d150a6
📄 Embed sayfa içeriği alındı, boyut: 42477 karakter
🎬 Video Başlığı: The Mighty Nein
📝 Video Açıklaması: 1.Sezon 1.Bölüm
🎯 Tam Başlık: The Mighty Nein - 1.Sezon 1.Bölüm
🎯 HEX DECODE - m3u8 bulundu: https://vidlax.xyz/upload/e9ba0e20bfd485f8b3049f437f887925f314/master.m3u8
      ✅ The Mighty Nein - 1.Sezon 1.Bölüm - 1 m3u8
   🔍 [2/8] Bölüm: https://diziyiizle4.com/the-mighty-nein/1-sezon-2-bolum/
📺 Embed URL bulundu: https://vidlax1.xyz/embed/294e470afcfde353
🔍 Embed URL kontrol ediliyor: https://vidlax1.xyz/embed/294e470afcfde353
📄 Embed sayfa içeriği alındı, boyut: 42477 karakter
🎬 Video Başlığı: The Mighty Nein
📝 Video Açıklaması: 1.Sezon 2.Bölüm
🎯 Tam Başlık: The Mighty Nein - 1.Sezon 2.Bölüm
🎯 HEX DECODE - m3u8 bulundu: https://vidlax.xyz/upload/2f662f02988ddae11cc8ca45158525aa5b13/master.m3u8
      ✅ The Mighty Nein - 1.Sezon 2.Bölüm - 1 m3u8
   🔍 [3/8] Bölüm: https://diziyiizle4.com/the-mighty-nein/1-sezon-3-bolum/
📺 Embed URL bulundu: https://vidlax1.xyz/embed/b352ce552a0a62b3
🔍 Embed URL kontrol ediliyor: https://vidlax1.xyz/embed/b352ce552a0a62b3
📄 Embed sayfa içeriği alındı, boyut: 42477 karakter
🎬 Video Başlığı: The Mighty Nein
📝 Video Açıklaması: 1.Sezon 3.Bölüm
🎯 Tam Başlık: The Mighty Nein - 1.Sezon 3.Bölüm
🎯 HEX DECODE - m3u8 bulundu: https://vidlax.xyz/upload/ce56afe089662c2bd701f3a07747b7970f46/master.m3u8
      ✅ The Mighty Nein - 1.Sezon 3.Bölüm - 1 m3u8
   🔍 [4/8] Bölüm: https://diziyiizle4.com/the-mighty-nein/1-sezon-4-bolum/

🔍 Vidlax direkt analizi: https://diziyiizle4.com/the-mighty-nein/1-sezon-4-bolum/
📄 Sayfa içeriği alındı: 96744 karakter
🎬 Video Başlığı: Bilinmiyor
📝 Video Açıklaması: The Mighty Nein - 1. Sezon 4. Bölüm online izle. HD kalitede dizi bölümü.
❌ m3u8 URL'si bulunamadı
      ❌ m3u8 bulunamadı
   🔍 [5/8] Bölüm: https://diziyiizle4.com/the-mighty-nein/1-sezon-5-bolum/

🔍 Vidlax direkt analizi: https://diziyiizle4.com/the-mighty-nein/1-sezon-5-bolum/
📄 Sayfa içeriği alındı: 96747 karakter
🎬 Video Başlığı: Bilinmiyor
📝 Video Açıklaması: The Mighty Nein - 1. Sezon 5. Bölüm online izle. HD kalitede dizi bölümü.
❌ m3u8 URL'si bulunamadı
      ❌ m3u8 bulunamadı
   🔍 [6/8] Bölüm: https://diziyiizle4.com/the-mighty-nein/1-sezon-6-bolum/

🔍 Vidlax direkt analizi: https://diziyiizle4.com/the-mighty-nein/1-sezon-6-bolum/
📄 Sayfa içeriği alındı: 96865 karakter
🎬 Video Başlığı: Bilinmiyor
📝 Video Açıklaması: The Mighty Nein - 1. Sezon 6. Bölüm online izle. HD kalitede dizi bölümü.
❌ m3u8 URL'si bulunamadı
      ❌ m3u8 bulunamadı
   🔍 [7/8] Bölüm: https://diziyiizle4.com/the-mighty-nein/1-sezon-7-bolum/

🔍 Vidlax direkt analizi: https://diziyiizle4.com/the-mighty-nein/1-sezon-7-bolum/
📄 Sayfa içeriği alındı: 96719 karakter
🎬 Video Başlığı: Bilinmiyor
📝 Video Açıklaması: The Mighty Nein - 1. Sezon 7. Bölüm online izle. HD kalitede dizi bölümü.
❌ m3u8 URL'si bulunamadı
      ❌ m3u8 bulunamadı
   🔍 [8/8] Bölüm: https://diziyiizle4.com/the-mighty-nein/1-sezon-8-bolum/

🔍 Vidlax direkt analizi: https://diziyiizle4.com/the-mighty-nein/1-sezon-8-bolum/
📄 Sayfa içeriği alındı: 96610 karakter
🎬 Video Başlığı: Bilinmiyor
📝 Video Açıklaması: The Mighty Nein - 1. Sezon 8. Bölüm online izle. HD kalitede dizi bölümü.
❌ m3u8 URL'si bulunamadı
      ❌ m3u8 bulunamadı
      📁 Dizi playlist: playlists/the_mighty_nein_playlist.m3u
   ✅ Dizi tamamlandı: 3 m3u8 eklendi

============================================================
🎬 [3/56] İşleniyor: https://diziyiizle4.com/dizi/critical-role-the-mighty-nein/

📊 Toplam 0 bölüm bulundu
   ❌ Bu dizide bölüm bulunamadı

============================================================
🎬 [4/56] İşleniyor: https://diziyiizle4.com/dizi/sekizinci-aile/
📺 Bölüm bulundu: 1. Sezon 1. BölümDual19.11.2025 - https://diziyiizle4.com/sekizinci-aile/1-sezon-1-bolum/
📺 Bölüm bulundu: 1. Sezon 2. BölümDual19.11.2025 - https://diziyiizle4.com/sekizinci-aile/1-sezon-2-bolum/
📺 Bölüm bulundu: 1. Sezon 3. BölümDual19.11.2025 - https://diziyiizle4.com/sekizinci-aile/1-sezon-3-bolum/
📺 Bölüm bulundu: 1. Sezon 4. BölümDual19.11.2025 - https://diziyiizle4.com/sekizinci-aile/1-sezon-4-bolum/

📊 Toplam 4 bölüm bulundu
   🔍 [1/4] Bölüm: https://diziyiizle4.com/sekizinci-aile/1-sezon-1-bolum/
📺 Embed URL bulundu: https://vidlax1.xyz/embed/993bbbbdee22982d
🔍 Embed URL kontrol ediliyor: https://vidlax1.xyz/embed/993bbbbdee22982d
📄 Embed sayfa içeriği alındı, boyut: 41652 karakter
🎬 Video Başlığı: Sekizinci Aile
📝 Video Açıklaması: 1.Sezon 1.Bölüm
🎯 Tam Başlık: Sekizinci Aile - 1.Sezon 1.Bölüm
🎯 HEX DECODE - m3u8 bulundu: https://vidlax.xyz/upload/34e5a732e140647fd333b0e53a7894962c8b/master.m3u8
      ✅ Sekizinci Aile - 1.Sezon 1.Bölüm - 1 m3u8
   🔍 [2/4] Bölüm: https://diziyiizle4.com/sekizinci-aile/1-sezon-2-bolum/
📺 Embed URL bulundu: https://vidlax1.xyz/embed/74b95ac5da289752
🔍 Embed URL kontrol ediliyor: https://vidlax1.xyz/embed/74b95ac5da289752
📄 Embed sayfa içeriği alındı, boyut: 41652 karakter
🎬 Video Başlığı: Sekizinci Aile
📝 Video Açıklaması: 1.Sezon 2.Bölüm
🎯 Tam Başlık: Sekizinci Aile - 1.Sezon 2.Bölüm
🎯 HEX DECODE - m3u8 bulundu: https://vidlax.xyz/upload/b998d2859dccad4327658aef043018bf783f/master.m3u8
      ✅ Sekizinci Aile - 1.Sezon 2.Bölüm - 1 m3u8
   🔍 [3/4] Bölüm: https://diziyiizle4.com/sekizinci-aile/1-sezon-3-bolum/
📺 Embed URL bulundu: https://vidlax1.xyz/embed/9a55ec0545d36713
🔍 Embed URL kontrol ediliyor: https://vidlax1.xyz/embed/9a55ec0545d36713
📄 Embed sayfa içeriği alındı, boyut: 41628 karakter
🎬 Video Başlığı: Sekizinci Aile
📝 Video Açıklaması: 1.Sezon 3.Bölüm
🎯 Tam Başlık: Sekizinci Aile - 1.Sezon 3.Bölüm
🎯 HEX DECODE - m3u8 bulundu: https://vidlax.xyz/upload/415decc21ba7a42ab1b0b8ef8f2a041df22d/master.m3u8
      ✅ Sekizinci Aile - 1.Sezon 3.Bölüm - 1 m3u8
   🔍 [4/4] Bölüm: https://diziyiizle4.com/sekizinci-aile/1-sezon-4-bolum/
📺 Embed URL bulundu: https://vidlax1.xyz/embed/11d8d25e3959176f
🔍 Embed URL kontrol ediliyor: https://vidlax1.xyz/embed/11d8d25e3959176f
📄 Embed sayfa içeriği alındı, boyut: 41642 karakter
🎬 Video Başlığı: Sekizinci Aile
📝 Video Açıklaması: 1.Sezon 4.Bölüm
🎯 Tam Başlık: Sekizinci Aile - 1.Sezon 4.Bölüm
🎯 HEX DECODE - m3u8 bulundu: https://vidlax.xyz/upload/765df57b3d62e45654772463052be10c81df/master.m3u8
      ✅ Sekizinci Aile - 1.Sezon 4.Bölüm - 1 m3u8
      📁 Dizi playlist: playlists/sekizinci_aile_playlist.m3u
   ✅ Dizi tamamlandı: 4 m3u8 eklendi

============================================================
🎬 [5/56] İşleniyor: https://diziyiizle4.com/dizi/weak-hero/
📺 Bölüm bulundu: 1. Sezon 1. BölümDublaj17.11.202544 dk. - https://diziyiizle4.com/weak-hero/1-sezon-1-bolum/
📺 Bölüm bulundu: 1. Sezon 2. BölümDublaj17.11.202543 dk. - https://diziyiizle4.com/weak-hero/1-sezon-2-bolum/
📺 Bölüm bulundu: 1. Sezon 3. BölümDublaj17.11.202541 dk. - https://diziyiizle4.com/weak-hero/1-sezon-3-bolum/
📺 Bölüm bulundu: 1. Sezon 4. BölümDublaj17.11.202538 dk. - https://diziyiizle4.com/weak-hero/1-sezon-4-bolum/
📺 Bölüm bulundu: 1. Sezon 5. BölümDublaj17.11.202539 dk. - https://diziyiizle4.com/weak-hero/1-sezon-5-bolum/
📺 Bölüm bulundu: 1. Sezon 6. BölümDublaj17.11.202541 dk. - https://diziyiizle4.com/weak-hero/1-sezon-6-bolum/
📺 Bölüm bulundu: 1. Sezon 7. BölümDublaj17.11.202537 dk. - https://diziyiizle4.com/weak-hero/1-sezon-7-bolum/
📺 Bölüm bulundu: 1. Sezon 8. BölümDublaj17.11.202543 dk. - https://diziyiizle4.com/weak-hero/1-sezon-8-bolum/
📺 Bölüm bulundu: 2. Sezon 1. BölümAltyazılı17.11.202543 dk. - https://diziyiizle4.com/weak-hero/2-sezon-1-bolum/
📺 Bölüm bulundu: 2. Sezon 2. BölümAltyazılı17.11.202540 dk. - https://diziyiizle4.com/weak-hero/2-sezon-2-bolum/
📺 Bölüm bulundu: 2. Sezon 3. BölümAltyazılı17.11.202540 dk. - https://diziyiizle4.com/weak-hero/2-sezon-3-bolum/
📺 Bölüm bulundu: 2. Sezon 4. BölümAltyazılı17.11.202538 dk. - https://diziyiizle4.com/weak-hero/2-sezon-4-bolum/
📺 Bölüm bulundu: 2. Sezon 5. BölümAltyazılı17.11.202543 dk. - https://diziyiizle4.com/weak-hero/2-sezon-5-bolum/
📺 Bölüm bulundu: 2. Sezon 6. BölümAltyazılı17.11.202542 dk. - https://diziyiizle4.com/weak-hero/2-sezon-6-bolum/
📺 Bölüm bulundu: 2. Sezon 7. BölümAltyazılı17.11.202543 dk. - https://diziyiizle4.com/weak-hero/2-sezon-7-bolum/
📺 Bölüm bulundu: 2. Sezon 8. BölümAltyazılı17.11.202554 dk. - https://diziyiizle4.com/weak-hero/2-sezon-8-bolum/

📊 Toplam 16 bölüm bulundu
   🔍 [1/16] Bölüm: https://diziyiizle4.com/weak-hero/1-sezon-1-bolum/
📺 Embed URL bulundu: https://vidlax1.xyz/embed/23b9c6de59b7bcec
🔍 Embed URL kontrol ediliyor: https://vidlax1.xyz/embed/23b9c6de59b7bcec
📄 Embed sayfa içeriği alındı, boyut: 41291 karakter
🎬 Video Başlığı: Weak Hero
📝 Video Açıklaması: 1.Sezon 1.Bölüm
🎯 Tam Başlık: Weak Hero - 1.Sezon 1.Bölüm
🎯 HEX DECODE - m3u8 bulundu: https://vidlax.xyz/upload/919cfdea3e31415a82fae8fa9f1e4408986a/master.m3u8
      ✅ Weak Hero - 1.Sezon 1.Bölüm - 1 m3u8
   🔍 [2/16] Bölüm: https://diziyiizle4.com/weak-hero/1-sezon-2-bolum/
📺 Embed URL bulundu: https://vidlax1.xyz/embed/e2ebdd2f44efd139
🔍 Embed URL kontrol ediliyor: https://vidlax1.xyz/embed/e2ebdd2f44efd139
📄 Embed sayfa içeriği alındı, boyut: 41291 karakter
🎬 Video Başlığı: Weak Hero
📝 Video Açıklaması: 1.Sezon 2.Bölüm
🎯 Tam Başlık: Weak Hero - 1.Sezon 2.Bölüm
🎯 HEX DECODE - m3u8 bulundu: https://vidlax.xyz/upload/6faea5d870b045331d2f698f43ea5032173b/master.m3u8
      ✅ Weak Hero - 1.Sezon 2.Bölüm - 1 m3u8
   🔍 [3/16] Bölüm: https://diziyiizle4.com/weak-hero/1-sezon-3-bolum/
📺 Embed URL bulundu: https://vidlax1.xyz/embed/0958cfa882a80c00
🔍 Embed URL kontrol ediliyor: https://vidlax1.xyz/embed/0958cfa882a80c00
📄 Embed sayfa içeriği alındı, boyut: 41121 karakter
🎬 Video Başlığı: Weak Hero
📝 Video Açıklaması: 1.Sezon 3.Bölüm
🎯 Tam Başlık: Weak Hero - 1.Sezon 3.Bölüm
🎯 HEX DECODE - m3u8 bulundu: https://vidlax.xyz/upload/10db3d53b35aee52b460adb9474109957e9c/master.m3u8
      ✅ Weak Hero - 1.Sezon 3.Bölüm - 1 m3u8
   🔍 [4/16] Bölüm: https://diziyiizle4.com/weak-hero/1-sezon-4-bolum/
📺 Embed URL bulundu: https://vidlax1.xyz/embed/2170545795e09e90
🔍 Embed URL kontrol ediliyor: https://vidlax1.xyz/embed/2170545795e09e90
📄 Embed sayfa içeriği alındı, boyut: 41121 karakter
🎬 Video Başlığı: Weak Hero
📝 Video Açıklaması: 1.Sezon 4.Bölüm
🎯 Tam Başlık: Weak Hero - 1.Sezon 4.Bölüm
🎯 HEX DECODE - m3u8 bulundu: https://vidlax.xyz/upload/68a440360a220f87666e390636ceb726b945/master.m3u8
      ✅ Weak Hero - 1.Sezon 4.Bölüm - 1 m3u8
   🔍 [5/16] Bölüm: https://diziyiizle4.com/weak-hero/1-sezon-5-bolum/
📺 Embed URL bulundu: https://vidlax1.xyz/embed/b2087cfc0d595af4
🔍 Embed URL kontrol ediliyor: https://vidlax1.xyz/embed/b2087cfc0d595af4
📄 Embed sayfa içeriği alındı, boyut: 41121 karakter
🎬 Video Başlığı: Weak Hero
📝 Video Açıklaması: 1.Sezon 5.Bölüm
🎯 Tam Başlık: Weak Hero - 1.Sezon 5.Bölüm
🎯 HEX DECODE - m3u8 bulundu: https://vidlax.xyz/upload/be83fe6d7a8d7d81020f33b7a00930c2dc7f/master.m3u8
      ✅ Weak Hero - 1.Sezon 5.Bölüm - 1 m3u8
   🔍 [6/16] Bölüm: https://diziyiizle4.com/weak-hero/1-sezon-6-bolum/
📺 Embed URL bulundu: https://vidlax1.xyz/embed/03d4cf8487d8b80f
🔍 Embed URL kontrol ediliyor: https://vidlax1.xyz/embed/03d4cf8487d8b80f
📄 Embed sayfa içeriği alındı, boyut: 41121 karakter
🎬 Video Başlığı: Weak Hero
📝 Video Açıklaması: 1.Sezon 6.Bölüm
🎯 Tam Başlık: Weak Hero - 1.Sezon 6.Bölüm
🎯 HEX DECODE - m3u8 bulundu: https://vidlax.xyz/upload/4a6e58d07dbb45d19bc125c7d7d0c7a0de80/master.m3u8
      ✅ Weak Hero - 1.Sezon 6.Bölüm - 1 m3u8
   🔍 [7/16] Bölüm: https://diziyiizle4.com/weak-hero/1-sezon-7-bolum/
📺 Embed URL bulundu: https://vidlax1.xyz/embed/7ba0c165276209f6
🔍 Embed URL kontrol ediliyor: https://vidlax1.xyz/embed/7ba0c165276209f6
📄 Embed sayfa içeriği alındı, boyut: 41121 karakter
🎬 Video Başlığı: Weak Hero
📝 Video Açıklaması: 1.Sezon 7.Bölüm
🎯 Tam Başlık: Weak Hero - 1.Sezon 7.Bölüm
🎯 HEX DECODE - m3u8 bulundu: https://vidlax.xyz/upload/59d1f57f6d3b0525cc3b5bb8c6d88b77c16b/master.m3u8
      ✅ Weak Hero - 1.Sezon 7.Bölüm - 1 m3u8
   🔍 [8/16] Bölüm: https://diziyiizle4.com/weak-hero/1-sezon-8-bolum/
📺 Embed URL bulundu: https://vidlax1.xyz/embed/3b4b8683d1279799
🔍 Embed URL kontrol ediliyor: https://vidlax1.xyz/embed/3b4b8683d1279799
📄 Embed sayfa içeriği alındı, boyut: 41121 karakter
🎬 Video Başlığı: Weak Hero
📝 Video Açıklaması: 1.Sezon 8.Bölüm
🎯 Tam Başlık: Weak Hero - 1.Sezon 8.Bölüm
🎯 HEX DECODE - m3u8 bulundu: https://vidlax.xyz/upload/033528731cc85d19ca04debd98df072ab443/master.m3u8
      ✅ Weak Hero - 1.Sezon 8.Bölüm - 1 m3u8
   🔍 [9/16] Bölüm: https://diziyiizle4.com/weak-hero/2-sezon-1-bolum/

🔍 Vidlax direkt analizi: https://diziyiizle4.com/weak-hero/2-sezon-1-bolum/
📄 Sayfa içeriği alındı: 107683 karakter
🎬 Video Başlığı: Bilinmiyor
📝 Video Açıklaması: Weak Hero - 2. Sezon 1. Bölüm online izle. HD kalitede dizi bölümü.
❌ m3u8 URL'si bulunamadı
      ❌ m3u8 bulunamadı
   🔍 [10/16] Bölüm: https://diziyiizle4.com/weak-hero/2-sezon-2-bolum/

🔍 Vidlax direkt analizi: https://diziyiizle4.com/weak-hero/2-sezon-2-bolum/
📄 Sayfa içeriği alındı: 107746 karakter
🎬 Video Başlığı: Bilinmiyor
📝 Video Açıklaması: Weak Hero - 2. Sezon 2. Bölüm online izle. HD kalitede dizi bölümü.
❌ m3u8 URL'si bulunamadı
      ❌ m3u8 bulunamadı
   🔍 [11/16] Bölüm: https://diziyiizle4.com/weak-hero/2-sezon-3-bolum/

🔍 Vidlax direkt analizi: https://diziyiizle4.com/weak-hero/2-sezon-3-bolum/
📄 Sayfa içeriği alındı: 107650 karakter
🎬 Video Başlığı: Bilinmiyor
📝 Video Açıklaması: Weak Hero - 2. Sezon 3. Bölüm online izle. HD kalitede dizi bölümü.
❌ m3u8 URL'si bulunamadı
      ❌ m3u8 bulunamadı
   🔍 [12/16] Bölüm: https://diziyiizle4.com/weak-hero/2-sezon-4-bolum/

🔍 Vidlax direkt analizi: https://diziyiizle4.com/weak-hero/2-sezon-4-bolum/
📄 Sayfa içeriği alındı: 107655 karakter
🎬 Video Başlığı: Bilinmiyor
📝 Video Açıklaması: Weak Hero - 2. Sezon 4. Bölüm online izle. HD kalitede dizi bölümü.
❌ m3u8 URL'si bulunamadı
      ❌ m3u8 bulunamadı
   🔍 [13/16] Bölüm: https://diziyiizle4.com/weak-hero/2-sezon-5-bolum/

🔍 Vidlax direkt analizi: https://diziyiizle4.com/weak-hero/2-sezon-5-bolum/
📄 Sayfa içeriği alındı: 107730 karakter
🎬 Video Başlığı: Bilinmiyor
📝 Video Açıklaması: Weak Hero - 2. Sezon 5. Bölüm online izle. HD kalitede dizi bölümü.
❌ m3u8 URL'si bulunamadı
      ❌ m3u8 bulunamadı
   🔍 [14/16] Bölüm: https://diziyiizle4.com/weak-hero/2-sezon-6-bolum/

🔍 Vidlax direkt analizi: https://diziyiizle4.com/weak-hero/2-sezon-6-bolum/
📄 Sayfa içeriği alındı: 107710 karakter
🎬 Video Başlığı: Bilinmiyor
📝 Video Açıklaması: Weak Hero - 2. Sezon 6. Bölüm online izle. HD kalitede dizi bölümü.
❌ m3u8 URL'si bulunamadı
      ❌ m3u8 bulunamadı
   🔍 [15/16] Bölüm: https://diziyiizle4.com/weak-hero/2-sezon-7-bolum/

🔍 Vidlax direkt analizi: https://diziyiizle4.com/weak-hero/2-sezon-7-bolum/
📄 Sayfa içeriği alındı: 107791 karakter
🎬 Video Başlığı: Bilinmiyor
📝 Video Açıklaması: Weak Hero - 2. Sezon 7. Bölüm online izle. HD kalitede dizi bölümü.
❌ m3u8 URL'si bulunamadı
      ❌ m3u8 bulunamadı
   🔍 [16/16] Bölüm: https://diziyiizle4.com/weak-hero/2-sezon-8-bolum/

🔍 Vidlax direkt analizi: https://diziyiizle4.com/weak-hero/2-sezon-8-bolum/
📄 Sayfa içeriği alındı: 107651 karakter
🎬 Video Başlığı: Bilinmiyor
📝 Video Açıklaması: Weak Hero - 2. Sezon 8. Bölüm online izle. HD kalitede dizi bölümü.
❌ m3u8 URL'si bulunamadı
      ❌ m3u8 bulunamadı
      📁 Dizi playlist: playlists/weak_hero_playlist.m3u
   ✅ Dizi tamamlandı: 8 m3u8 eklendi

============================================================
🎬 [6/56] İşleniyor: https://diziyiizle4.com/dizi/dunyanin-obur-yuzu/
📺 Bölüm bulundu: 1. Sezon 1. BölümAltyazılı17.11.202525 dk. - https://diziyiizle4.com/dunyanin-obur-yuzu/1-sezon-1-bolum/
📺 Bölüm bulundu: 1. Sezon 2. BölümAltyazılı17.11.202528 dk. - https://diziyiizle4.com/dunyanin-obur-yuzu/1-sezon-2-bolum/
📺 Bölüm bulundu: 1. Sezon 3. BölümAltyazılı17.11.202526 dk. - https://diziyiizle4.com/dunyanin-obur-yuzu/1-sezon-3-bolum/
📺 Bölüm bulundu: 1. Sezon 4. BölümAltyazılı17.11.202524 dk. - https://diziyiizle4.com/dunyanin-obur-yuzu/1-sezon-4-bolum/
📺 Bölüm bulundu: 1. Sezon 5. BölümAltyazılı17.11.202525 dk. - https://diziyiizle4.com/dunyanin-obur-yuzu/1-sezon-5-bolum/
📺 Bölüm bulundu: 1. Sezon 6. BölümAltyazılı17.11.202527 dk. - https://diziyiizle4.com/dunyanin-obur-yuzu/1-sezon-6-bolum/

📊 Toplam 6 bölüm bulundu
   🔍 [1/6] Bölüm: https://diziyiizle4.com/dunyanin-obur-yuzu/1-sezon-1-bolum/
📺 Embed URL bulundu: https://vidlax1.xyz/embed/461b562fbcd36a86
🔍 Embed URL kontrol ediliyor: https://vidlax1.xyz/embed/461b562fbcd36a86
📄 Embed sayfa içeriği alındı, boyut: 40268 karakter
🎬 Video Başlığı: Dunyanın Öbür Yüzü
📝 Video Açıklaması: 1.Sezon 1.Bölüm
🎯 Tam Başlık: Dunyanın Öbür Yüzü - 1.Sezon 1.Bölüm
🎯 HEX DECODE - m3u8 bulundu: https://vidlax.xyz/upload/121ff19766232439b6aa84b9e8e990b78cb9/master.m3u8
      ✅ Dunyanın Öbür Yüzü - 1.Sezon 1.Bölüm - 1 m3u8
   🔍 [2/6] Bölüm: https://diziyiizle4.com/dunyanin-obur-yuzu/1-sezon-2-bolum/
📺 Embed URL bulundu: https://vidlax1.xyz/embed/b83bbb4318718c66
🔍 Embed URL kontrol ediliyor: https://vidlax1.xyz/embed/b83bbb4318718c66
📄 Embed sayfa içeriği alındı, boyut: 40268 karakter
🎬 Video Başlığı: Dunyanın Öbür Yüzü
📝 Video Açıklaması: 1.Sezon 2.Bölüm
🎯 Tam Başlık: Dunyanın Öbür Yüzü - 1.Sezon 2.Bölüm
🎯 HEX DECODE - m3u8 bulundu: https://vidlax.xyz/upload/3346d81a03fcd4673d16d079f91d73b42703/master.m3u8
      ✅ Dunyanın Öbür Yüzü - 1.Sezon 2.Bölüm - 1 m3u8
   🔍 [3/6] Bölüm: https://diziyiizle4.com/dunyanin-obur-yuzu/1-sezon-3-bolum/
📺 Embed URL bulundu: https://vidlax1.xyz/embed/fe1855b3e5d9fc73
🔍 Embed URL kontrol ediliyor: https://vidlax1.xyz/embed/fe1855b3e5d9fc73
📄 Embed sayfa içeriği alındı, boyut: 40268 karakter
🎬 Video Başlığı: Dunyanın Öbür Yüzü
📝 Video Açıklaması: 1.Sezon 3.Bölüm
🎯 Tam Başlık: Dunyanın Öbür Yüzü - 1.Sezon 3.Bölüm
🎯 HEX DECODE - m3u8 bulundu: https://vidlax.xyz/upload/38e1ef038de35a18bbba074e8954999cc382/master.m3u8
      ✅ Dunyanın Öbür Yüzü - 1.Sezon 3.Bölüm - 1 m3u8
   🔍 [4/6] Bölüm: https://diziyiizle4.com/dunyanin-obur-yuzu/1-sezon-4-bolum/
📺 Embed URL bulundu: https://vidlax1.xyz/embed/5d3e227c86825394
🔍 Embed URL kontrol ediliyor: https://vidlax1.xyz/embed/5d3e227c86825394
📄 Embed sayfa içeriği alındı, boyut: 40268 karakter
🎬 Video Başlığı: Dunyanın Öbür Yüzü
📝 Video Açıklaması: 1.Sezon 4.Bölüm
🎯 Tam Başlık: Dunyanın Öbür Yüzü - 1.Sezon 4.Bölüm
🎯 HEX DECODE - m3u8 bulundu: https://vidlax.xyz/upload/08bddcb9babc3b11c388fb4e8931871d0d05/master.m3u8
      ✅ Dunyanın Öbür Yüzü - 1.Sezon 4.Bölüm - 1 m3u8
   🔍 [5/6] Bölüm: https://diziyiizle4.com/dunyanin-obur-yuzu/1-sezon-5-bolum/
📺 Embed URL bulundu: https://vidlax1.xyz/embed/88428f115fd5d0f3
🔍 Embed URL kontrol ediliyor: https://vidlax1.xyz/embed/88428f115fd5d0f3
📄 Embed sayfa içeriği alındı, boyut: 40268 karakter
🎬 Video Başlığı: Dunyanın Öbür Yüzü
📝 Video Açıklaması: 1.Sezon 5.Bölüm
🎯 Tam Başlık: Dunyanın Öbür Yüzü - 1.Sezon 5.Bölüm
🎯 HEX DECODE - m3u8 bulundu: https://vidlax.xyz/upload/e3008fc99ea132bf4dc967e460471814dffe/master.m3u8
      ✅ Dunyanın Öbür Yüzü - 1.Sezon 5.Bölüm - 1 m3u8
   🔍 [6/6] Bölüm: https://diziyiizle4.com/dunyanin-obur-yuzu/1-sezon-6-bolum/
📺 Embed URL bulundu: https://vidlax1.xyz/embed/390b724a84191d88
🔍 Embed URL kontrol ediliyor: https://vidlax1.xyz/embed/390b724a84191d88
📄 Embed sayfa içeriği alındı, boyut: 40268 karakter
🎬 Video Başlığı: Dunyanın Öbür Yüzü
📝 Video Açıklaması: 1.Sezon 6.Bölüm
🎯 Tam Başlık: Dunyanın Öbür Yüzü - 1.Sezon 6.Bölüm
🎯 HEX DECODE - m3u8 bulundu: https://vidlax.xyz/upload/26348317466968c9a7fe073ffba91938d69e/master.m3u8
      ✅ Dunyanın Öbür Yüzü - 1.Sezon 6.Bölüm - 1 m3u8
      📁 Dizi playlist: playlists/dunyanin_obur_yuzu_playlist.m3u
   ✅ Dizi tamamlandı: 6 m3u8 eklendi

============================================================
🎬 [7/56] İşleniyor: https://diziyiizle4.com/dizi/the-penguin/
📺 Bölüm bulundu: 1. Sezon 1. BölümDublaj16.11.202567 dk. - https://diziyiizle4.com/the-penguin/1-sezon-1-bolum/
📺 Bölüm bulundu: 1. Sezon 2. BölümDublaj16.11.202556 dk. - https://diziyiizle4.com/the-penguin/1-sezon-2-bolum/
📺 Bölüm bulundu: 1. Sezon 3. BölümDublaj16.11.202560 dk. - https://diziyiizle4.com/the-penguin/1-sezon-3-bolum/
📺 Bölüm bulundu: 1. Sezon 4. BölümDublaj16.11.202559 dk. - https://diziyiizle4.com/the-penguin/1-sezon-4-bolum/
📺 Bölüm bulundu: 1. Sezon 5. BölümDublaj16.11.202555 dk. - https://diziyiizle4.com/the-penguin/1-sezon-5-bolum/
📺 Bölüm bulundu: 1. Sezon 6. BölümDublaj16.11.202553 dk. - https://diziyiizle4.com/the-penguin/1-sezon-6-bolum/
📺 Bölüm bulundu: 1. Sezon 7. BölümDublaj16.11.202547 dk. - https://diziyiizle4.com/the-penguin/1-sezon-7-bolum/
📺 Bölüm bulundu: 1. Sezon 8. BölümDublaj16.11.202569 dk. - https://diziyiizle4.com/the-penguin/1-sezon-8-bolum/

📊 Toplam 8 bölüm bulundu
   🔍 [1/8] Bölüm: https://diziyiizle4.com/the-penguin/1-sezon-1-bolum/
📺 Embed URL bulundu: https://vidlax1.xyz/embed/d72216437b79aa2d
🔍 Embed URL kontrol ediliyor: https://vidlax1.xyz/embed/d72216437b79aa2d
📄 Embed sayfa içeriği alındı, boyut: 40260 karakter
🎬 Video Başlığı: The Penguin
📝 Video Açıklaması: 1.Sezon 1.Bölüm
🎯 Tam Başlık: The Penguin - 1.Sezon 1.Bölüm
🎯 HEX DECODE - m3u8 bulundu: https://vidlax.xyz/upload/ffdfb6a73ebd364c7112c8eabcf436c041bc/master.m3u8
      ✅ The Penguin - 1.Sezon 1.Bölüm - 1 m3u8
   🔍 [2/8] Bölüm: https://diziyiizle4.com/the-penguin/1-sezon-2-bolum/
📺 Embed URL bulundu: https://vidlax1.xyz/embed/f60464e6f1d61c59
🔍 Embed URL kontrol ediliyor: https://vidlax1.xyz/embed/f60464e6f1d61c59
📄 Embed sayfa içeriği alındı, boyut: 41449 karakter
🎬 Video Başlığı: The Penguin
📝 Video Açıklaması: 1.Sezon 2.Bölüm
🎯 Tam Başlık: The Penguin - 1.Sezon 2.Bölüm
🎯 HEX DECODE - m3u8 bulundu: https://vidlax.xyz/upload/7765ee234b601510d7a09fecb4fbdad4236b/master.m3u8
      ✅ The Penguin - 1.Sezon 2.Bölüm - 1 m3u8
   🔍 [3/8] Bölüm: https://diziyiizle4.com/the-penguin/1-sezon-3-bolum/
📺 Embed URL bulundu: https://vidlax1.xyz/embed/289d4ff3473649a9
🔍 Embed URL kontrol ediliyor: https://vidlax1.xyz/embed/289d4ff3473649a9
📄 Embed sayfa içeriği alındı, boyut: 40253 karakter
🎬 Video Başlığı: The Penguin
📝 Video Açıklaması: 1.Sezon 3.Bölüm
🎯 Tam Başlık: The Penguin - 1.Sezon 3.Bölüm
🎯 HEX DECODE - m3u8 bulundu: https://vidlax.xyz/upload/c6b1bcdc31ed047bfae9afd6fecf75f34cda/master.m3u8
      ✅ The Penguin - 1.Sezon 3.Bölüm - 1 m3u8
   🔍 [4/8] Bölüm: https://diziyiizle4.com/the-penguin/1-sezon-4-bolum/
📺 Embed URL bulundu: https://vidlax1.xyz/embed/689650ee0f7a5e59
🔍 Embed URL kontrol ediliyor: https://vidlax1.xyz/embed/689650ee0f7a5e59
📄 Embed sayfa içeriği alındı, boyut: 40253 karakter
🎬 Video Başlığı: The Penguin
📝 Video Açıklaması: 1.Sezon 4.Bölüm
🎯 Tam Başlık: The Penguin - 1.Sezon 4.Bölüm
🎯 HEX DECODE - m3u8 bulundu: https://vidlax.xyz/upload/bf269e6dc89be2944082026fd6bced7d3183/master.m3u8
      ✅ The Penguin - 1.Sezon 4.Bölüm - 1 m3u8
   🔍 [5/8] Bölüm: https://diziyiizle4.com/the-penguin/1-sezon-5-bolum/
📺 Embed URL bulundu: https://vidlax1.xyz/embed/4273388bd5c36005
🔍 Embed URL kontrol ediliyor: https://vidlax1.xyz/embed/4273388bd5c36005
📄 Embed sayfa içeriği alındı, boyut: 40433 karakter
🎬 Video Başlığı: The Penguin
📝 Video Açıklaması: 1.Sezon 5.Bölüm
🎯 Tam Başlık: The Penguin - 1.Sezon 5.Bölüm
🎯 HEX DECODE - m3u8 bulundu: https://vidlax.xyz/upload/d561782cfbc90d64b3cfba82b58876b683a5/master.m3u8
      ✅ The Penguin - 1.Sezon 5.Bölüm - 1 m3u8
   🔍 [6/8] Bölüm: https://diziyiizle4.com/the-penguin/1-sezon-6-bolum/
📺 Embed URL bulundu: https://vidlax1.xyz/embed/a70c8778b04cfda4
🔍 Embed URL kontrol ediliyor: https://vidlax1.xyz/embed/a70c8778b04cfda4
📄 Embed sayfa içeriği alındı, boyut: 41637 karakter
🎬 Video Başlığı: The Penguin
📝 Video Açıklaması: 1.Sezon 6.Bölüm
🎯 Tam Başlık: The Penguin - 1.Sezon 6.Bölüm
🎯 HEX DECODE - m3u8 bulundu: https://vidlax.xyz/upload/b937b4343b5d5d246657b56a22f0ff928efb/master.m3u8
      ✅ The Penguin - 1.Sezon 6.Bölüm - 1 m3u8
   🔍 [7/8] Bölüm: https://diziyiizle4.com/the-penguin/1-sezon-7-bolum/
📺 Embed URL bulundu: https://vidlax1.xyz/embed/9968cfbb52150725
🔍 Embed URL kontrol ediliyor: https://vidlax1.xyz/embed/9968cfbb52150725
📄 Embed sayfa içeriği alındı, boyut: 40253 karakter
🎬 Video Başlığı: The Penguin
📝 Video Açıklaması: 1.Sezon 7.Bölüm
🎯 Tam Başlık: The Penguin - 1.Sezon 7.Bölüm
🎯 HEX DECODE - m3u8 bulundu: https://vidlax.xyz/upload/6b3032f09994dfa019336db8bf32448e89dc/master.m3u8
      ✅ The Penguin - 1.Sezon 7.Bölüm - 1 m3u8
   🔍 [8/8] Bölüm: https://diziyiizle4.com/the-penguin/1-sezon-8-bolum/
📺 Embed URL bulundu: https://vidlax1.xyz/embed/2f13f1f3815b16e8
🔍 Embed URL kontrol ediliyor: https://vidlax1.xyz/embed/2f13f1f3815b16e8
📄 Embed sayfa içeriği alındı, boyut: 40253 karakter
🎬 Video Başlığı: The Penguin
📝 Video Açıklaması: 1.Sezon 8.Bölüm
🎯 Tam Başlık: The Penguin - 1.Sezon 8.Bölüm
🎯 HEX DECODE - m3u8 bulundu: https://vidlax.xyz/upload/ac0080e4df4db454beba9d77c01e142a416a/master.m3u8
      ✅ The Penguin - 1.Sezon 8.Bölüm - 1 m3u8
      📁 Dizi playlist: playlists/the_penguin_playlist.m3u
   ✅ Dizi tamamlandı: 8 m3u8 eklendi

============================================================
🎬 [8/56] İşleniyor: https://diziyiizle4.com/dizi/yuzuklerin-efendisi-guc-yuzukleri/
📺 Bölüm bulundu: 1. Sezon 1. BölümDublaj16.11.202566 dk. - https://diziyiizle4.com/yuzuklerin-efendisi-guc-yuzukleri/1-sezon-1-bolum/
📺 Bölüm bulundu: 1. Sezon 2. BölümDublaj16.11.202568 dk. - https://diziyiizle4.com/yuzuklerin-efendisi-guc-yuzukleri/1-sezon-2-bolum/
📺 Bölüm bulundu: 1. Sezon 3. BölümDublaj16.11.202570 dk. - https://diziyiizle4.com/yuzuklerin-efendisi-guc-yuzukleri/1-sezon-3-bolum/
📺 Bölüm bulundu: 1. Sezon 4. BölümDublaj16.11.202572 dk. - https://diziyiizle4.com/yuzuklerin-efendisi-guc-yuzukleri/1-sezon-4-bolum/
📺 Bölüm bulundu: 1. Sezon 5. BölümDublaj16.11.202573 dk. - https://diziyiizle4.com/yuzuklerin-efendisi-guc-yuzukleri/1-sezon-5-bolum/
📺 Bölüm bulundu: 1. Sezon 6. BölümDublaj16.11.202570 dk. - https://diziyiizle4.com/yuzuklerin-efendisi-guc-yuzukleri/1-sezon-6-bolum/
📺 Bölüm bulundu: 1. Sezon 7. BölümDublaj16.11.202573 dk. - https://diziyiizle4.com/yuzuklerin-efendisi-guc-yuzukleri/1-sezon-7-bolum/
📺 Bölüm bulundu: 1. Sezon 8. BölümDublaj16.11.202573 dk. - https://diziyiizle4.com/yuzuklerin-efendisi-guc-yuzukleri/1-sezon-8-bolum/
📺 Bölüm bulundu: 2. Sezon 1. BölümDublaj16.11.202577 dk. - https://diziyiizle4.com/yuzuklerin-efendisi-guc-yuzukleri/2-sezon-1-bolum/
📺 Bölüm bulundu: 2. Sezon 2. BölümDublaj16.11.202563 dk. - https://diziyiizle4.com/yuzuklerin-efendisi-guc-yuzukleri/2-sezon-2-bolum/
📺 Bölüm bulundu: 2. Sezon 3. BölümDublaj16.11.202567 dk. - https://diziyiizle4.com/yuzuklerin-efendisi-guc-yuzukleri/2-sezon-3-bolum/
📺 Bölüm bulundu: 2. Sezon 4. BölümDublaj16.11.202566 dk. - https://diziyiizle4.com/yuzuklerin-efendisi-guc-yuzukleri/2-sezon-4-bolum/
📺 Bölüm bulundu: 2. Sezon 5. BölümDublaj16.11.202562 dk. - https://diziyiizle4.com/yuzuklerin-efendisi-guc-yuzukleri/2-sezon-5-bolum/
📺 Bölüm bulundu: 2. Sezon 6. BölümDublaj16.11.202564 dk. - https://diziyiizle4.com/yuzuklerin-efendisi-guc-yuzukleri/2-sezon-6-bolum/
📺 Bölüm bulundu: 2. Sezon 7. BölümDublaj16.11.202573 dk. - https://diziyiizle4.com/yuzuklerin-efendisi-guc-yuzukleri/2-sezon-7-bolum/
📺 Bölüm bulundu: 2. Sezon 8. BölümDublaj16.11.202574 dk. - https://diziyiizle4.com/yuzuklerin-efendisi-guc-yuzukleri/2-sezon-8-bolum/

📊 Toplam 16 bölüm bulundu
   🔍 [1/16] Bölüm: https://diziyiizle4.com/yuzuklerin-efendisi-guc-yuzukleri/1-sezon-1-bolum/
📺 Embed URL bulundu: https://vidlax1.xyz/embed/5c61a88976af4122
🔍 Embed URL kontrol ediliyor: https://vidlax1.xyz/embed/5c61a88976af4122
📄 Embed sayfa içeriği alındı, boyut: 40107 karakter
🎬 Video Başlığı: Yüzüklerin Efendisi: Güç Yüzükleri
📝 Video Açıklaması: 1.Sezon 1.Bölüm
🎯 Tam Başlık: Yüzüklerin Efendisi: Güç Yüzükleri - 1.Sezon 1.Bölüm
🎯 HEX DECODE - m3u8 bulundu: https://vidlax.xyz/upload/f2bd66df4f36a7bf89e2c17e84d3e75016d7/master.m3u8
      ✅ Yüzüklerin Efendisi: Güç Yüzükleri - 1.Sezon 1.Bölüm - 1 m3u8
   🔍 [2/16] Bölüm: https://diziyiizle4.com/yuzuklerin-efendisi-guc-yuzukleri/1-sezon-2-bolum/
📺 Embed URL bulundu: https://vidlax1.xyz/embed/c660df0aba5a9a19
🔍 Embed URL kontrol ediliyor: https://vidlax1.xyz/embed/c660df0aba5a9a19
📄 Embed sayfa içeriği alındı, boyut: 40107 karakter
🎬 Video Başlığı: Yüzüklerin Efendisi: Güç Yüzükleri
📝 Video Açıklaması: 1.Sezon 2.Bölüm
🎯 Tam Başlık: Yüzüklerin Efendisi: Güç Yüzükleri - 1.Sezon 2.Bölüm
🎯 HEX DECODE - m3u8 bulundu: https://vidlax.xyz/upload/04b674bc26dd42bbec2f2e0542ca5b2009d6/master.m3u8
      ✅ Yüzüklerin Efendisi: Güç Yüzükleri - 1.Sezon 2.Bölüm - 1 m3u8
   🔍 [3/16] Bölüm: https://diziyiizle4.com/yuzuklerin-efendisi-guc-yuzukleri/1-sezon-3-bolum/

🔍 Vidlax direkt analizi: https://diziyiizle4.com/yuzuklerin-efendisi-guc-yuzukleri/1-sezon-3-bolum/
📄 Sayfa içeriği alındı: 108702 karakter
🎬 Video Başlığı: Bilinmiyor
📝 Video Açıklaması: Yüzüklerin Efendisi: Güç Yüzükleri - 1. Sezon 3. Bölüm online izle. HD kalitede dizi bölümü.
❌ m3u8 URL'si bulunamadı
      ❌ m3u8 bulunamadı
   🔍 [4/16] Bölüm: https://diziyiizle4.com/yuzuklerin-efendisi-guc-yuzukleri/1-sezon-4-bolum/

🔍 Vidlax direkt analizi: https://diziyiizle4.com/yuzuklerin-efendisi-guc-yuzukleri/1-sezon-4-bolum/
📄 Sayfa içeriği alındı: 108669 karakter
🎬 Video Başlığı: Bilinmiyor
📝 Video Açıklaması: Yüzüklerin Efendisi: Güç Yüzükleri - 1. Sezon 4. Bölüm online izle. HD kalitede dizi bölümü.
❌ m3u8 URL'si bulunamadı
      ❌ m3u8 bulunamadı
   🔍 [5/16] Bölüm: https://diziyiizle4.com/yuzuklerin-efendisi-guc-yuzukleri/1-sezon-5-bolum/

🔍 Vidlax direkt analizi: https://diziyiizle4.com/yuzuklerin-efendisi-guc-yuzukleri/1-sezon-5-bolum/
📄 Sayfa içeriği alındı: 108514 karakter
🎬 Video Başlığı: Bilinmiyor
📝 Video Açıklaması: Yüzüklerin Efendisi: Güç Yüzükleri - 1. Sezon 5. Bölüm online izle. HD kalitede dizi bölümü.
❌ m3u8 URL'si bulunamadı
      ❌ m3u8 bulunamadı
   🔍 [6/16] Bölüm: https://diziyiizle4.com/yuzuklerin-efendisi-guc-yuzukleri/1-sezon-6-bolum/

🔍 Vidlax direkt analizi: https://diziyiizle4.com/yuzuklerin-efendisi-guc-yuzukleri/1-sezon-6-bolum/
📄 Sayfa içeriği alındı: 108164 karakter
🎬 Video Başlığı: Bilinmiyor
📝 Video Açıklaması: Yüzüklerin Efendisi: Güç Yüzükleri - 1. Sezon 6. Bölüm online izle. HD kalitede dizi bölümü.
❌ m3u8 URL'si bulunamadı
      ❌ m3u8 bulunamadı
   🔍 [7/16] Bölüm: https://diziyiizle4.com/yuzuklerin-efendisi-guc-yuzukleri/1-sezon-7-bolum/

🔍 Vidlax direkt analizi: https://diziyiizle4.com/yuzuklerin-efendisi-guc-yuzukleri/1-sezon-7-bolum/
📄 Sayfa içeriği alındı: 108629 karakter
🎬 Video Başlığı: Bilinmiyor
📝 Video Açıklaması: Yüzüklerin Efendisi: Güç Yüzükleri - 1. Sezon 7. Bölüm online izle. HD kalitede dizi bölümü.
❌ m3u8 URL'si bulunamadı
      ❌ m3u8 bulunamadı
   🔍 [8/16] Bölüm: https://diziyiizle4.com/yuzuklerin-efendisi-guc-yuzukleri/1-sezon-8-bolum/
📺 Embed URL bulundu: https://vidlax1.xyz/embed/7e04426413aec980
🔍 Embed URL kontrol ediliyor: https://vidlax1.xyz/embed/7e04426413aec980
📄 Embed sayfa içeriği alındı, boyut: 40107 karakter
🎬 Video Başlığı: Yüzüklerin Efendisi: Güç Yüzükleri
📝 Video Açıklaması: 1.Sezon 8.Bölüm
🎯 Tam Başlık: Yüzüklerin Efendisi: Güç Yüzükleri - 1.Sezon 8.Bölüm
🎯 HEX DECODE - m3u8 bulundu: https://vidlax.xyz/upload/eda1c9e8cdcf904e36ba8ed03ce6fa335811/master.m3u8
      ✅ Yüzüklerin Efendisi: Güç Yüzükleri - 1.Sezon 8.Bölüm - 1 m3u8
   🔍 [9/16] Bölüm: https://diziyiizle4.com/yuzuklerin-efendisi-guc-yuzukleri/2-sezon-1-bolum/
📺 Embed URL bulundu: https://vidlax1.xyz/embed/3d0fe02fbb1d1232
🔍 Embed URL kontrol ediliyor: https://vidlax1.xyz/embed/3d0fe02fbb1d1232
📄 Embed sayfa içeriği alındı, boyut: 40453 karakter
🎬 Video Başlığı: Yüzüklerin Efendisi: Güç Yüzükleri
📝 Video Açıklaması: 2.Sezon 1.Bölüm
🎯 Tam Başlık: Yüzüklerin Efendisi: Güç Yüzükleri - 2.Sezon 1.Bölüm
🎯 HEX DECODE - m3u8 bulundu: https://vidlax.xyz/upload/b794fffc303b1bdea886411f4446bc97f8cd/master.m3u8
      ✅ Yüzüklerin Efendisi: Güç Yüzükleri - 2.Sezon 1.Bölüm - 1 m3u8
   🔍 [10/16] Bölüm: https://diziyiizle4.com/yuzuklerin-efendisi-guc-yuzukleri/2-sezon-2-bolum/
📺 Embed URL bulundu: https://vidlax1.xyz/embed/7346a373c6ef7809
🔍 Embed URL kontrol ediliyor: https://vidlax1.xyz/embed/7346a373c6ef7809
📄 Embed sayfa içeriği alındı, boyut: 40617 karakter
🎬 Video Başlığı: Yüzüklerin Efendisi: Güç Yüzükleri
📝 Video Açıklaması: 2.Sezon 2.Bölüm
🎯 Tam Başlık: Yüzüklerin Efendisi: Güç Yüzükleri - 2.Sezon 2.Bölüm
🎯 HEX DECODE - m3u8 bulundu: https://vidlax.xyz/upload/ec578205b4725e0a1d882c5c1309e17388f4/master.m3u8
      ✅ Yüzüklerin Efendisi: Güç Yüzükleri - 2.Sezon 2.Bölüm - 1 m3u8
   🔍 [11/16] Bölüm: https://diziyiizle4.com/yuzuklerin-efendisi-guc-yuzukleri/2-sezon-3-bolum/
📺 Embed URL bulundu: https://vidlax1.xyz/embed/423b6d561a808d60
🔍 Embed URL kontrol ediliyor: https://vidlax1.xyz/embed/423b6d561a808d60
📄 Embed sayfa içeriği alındı, boyut: 40617 karakter
🎬 Video Başlığı: Yüzüklerin Efendisi: Güç Yüzükleri
📝 Video Açıklaması: 2.Sezon 3.Bölüm
🎯 Tam Başlık: Yüzüklerin Efendisi: Güç Yüzükleri - 2.Sezon 3.Bölüm
🎯 HEX DECODE - m3u8 bulundu: https://vidlax.xyz/upload/f2f20423d436cdb0b7f0166925cb77d3ed5e/master.m3u8
      ✅ Yüzüklerin Efendisi: Güç Yüzükleri - 2.Sezon 3.Bölüm - 1 m3u8
   🔍 [12/16] Bölüm: https://diziyiizle4.com/yuzuklerin-efendisi-guc-yuzukleri/2-sezon-4-bolum/
📺 Embed URL bulundu: https://vidlax1.xyz/embed/6c38ebee17e6ce67
🔍 Embed URL kontrol ediliyor: https://vidlax1.xyz/embed/6c38ebee17e6ce67
📄 Embed sayfa içeriği alındı, boyut: 40790 karakter
🎬 Video Başlığı: Yüzüklerin Efendisi: Güç Yüzükleri
📝 Video Açıklaması: 2.Sezon 4.Bölüm
🎯 Tam Başlık: Yüzüklerin Efendisi: Güç Yüzükleri - 2.Sezon 4.Bölüm
🎯 HEX DECODE - m3u8 bulundu: https://vidlax.xyz/upload/60d634b6629c12e4e602df600e9cd842fc84/master.m3u8
      ✅ Yüzüklerin Efendisi: Güç Yüzükleri - 2.Sezon 4.Bölüm - 1 m3u8
   🔍 [13/16] Bölüm: https://diziyiizle4.com/yuzuklerin-efendisi-guc-yuzukleri/2-sezon-5-bolum/
📺 Embed URL bulundu: https://vidlax1.xyz/embed/91d21a3c30a492ce
🔍 Embed URL kontrol ediliyor: https://vidlax1.xyz/embed/91d21a3c30a492ce
📄 Embed sayfa içeriği alındı, boyut: 40790 karakter
🎬 Video Başlığı: Yüzüklerin Efendisi: Güç Yüzükleri
📝 Video Açıklaması: 2.Sezon 5.Bölüm
🎯 Tam Başlık: Yüzüklerin Efendisi: Güç Yüzükleri - 2.Sezon 5.Bölüm
🎯 HEX DECODE - m3u8 bulundu: https://vidlax.xyz/upload/b56fd9c7c8dcffabb604fe039b7ddb3191cf/master.m3u8
      ✅ Yüzüklerin Efendisi: Güç Yüzükleri - 2.Sezon 5.Bölüm - 1 m3u8
   🔍 [14/16] Bölüm: https://diziyiizle4.com/yuzuklerin-efendisi-guc-yuzukleri/2-sezon-6-bolum/
📺 Embed URL bulundu: https://vidlax1.xyz/embed/92d43e9959d17e2a
🔍 Embed URL kontrol ediliyor: https://vidlax1.xyz/embed/92d43e9959d17e2a
📄 Embed sayfa içeriği alındı, boyut: 40790 karakter
🎬 Video Başlığı: Yüzüklerin Efendisi: Güç Yüzükleri
📝 Video Açıklaması: 2.Sezon 6.Bölüm
🎯 Tam Başlık: Yüzüklerin Efendisi: Güç Yüzükleri - 2.Sezon 6.Bölüm
🎯 HEX DECODE - m3u8 bulundu: https://vidlax.xyz/upload/8262b607926a6884c1da4dcd2d22ee33f1f2/master.m3u8
      ✅ Yüzüklerin Efendisi: Güç Yüzükleri - 2.Sezon 6.Bölüm - 1 m3u8
   🔍 [15/16] Bölüm: https://diziyiizle4.com/yuzuklerin-efendisi-guc-yuzukleri/2-sezon-7-bolum/
📺 Embed URL bulundu: https://vidlax1.xyz/embed/2ad2fb8a9864a5f0
🔍 Embed URL kontrol ediliyor: https://vidlax1.xyz/embed/2ad2fb8a9864a5f0
📄 Embed sayfa içeriği alındı, boyut: 40790 karakter
🎬 Video Başlığı: Yüzüklerin Efendisi: Güç Yüzükleri
📝 Video Açıklaması: 2.Sezon 7.Bölüm
🎯 Tam Başlık: Yüzüklerin Efendisi: Güç Yüzükleri - 2.Sezon 7.Bölüm
🎯 HEX DECODE - m3u8 bulundu: https://vidlax.xyz/upload/ad492d70f0d062a062e1cb79b17086806e27/master.m3u8
      ✅ Yüzüklerin Efendisi: Güç Yüzükleri - 2.Sezon 7.Bölüm - 1 m3u8
   🔍 [16/16] Bölüm: https://diziyiizle4.com/yuzuklerin-efendisi-guc-yuzukleri/2-sezon-8-bolum/
📺 Embed URL bulundu: https://vidlax1.xyz/embed/ed281a47296163c4
🔍 Embed URL kontrol ediliyor: https://vidlax1.xyz/embed/ed281a47296163c4
📄 Embed sayfa içeriği alındı, boyut: 40790 karakter
🎬 Video Başlığı: Yüzüklerin Efendisi: Güç Yüzükleri
📝 Video Açıklaması: 2.Sezon 8.Bölüm
🎯 Tam Başlık: Yüzüklerin Efendisi: Güç Yüzükleri - 2.Sezon 8.Bölüm
🎯 HEX DECODE - m3u8 bulundu: https://vidlax.xyz/upload/5736fa4fc0106c3d567b692d5e873be4863d/master.m3u8
      ✅ Yüzüklerin Efendisi: Güç Yüzükleri - 2.Sezon 8.Bölüm - 1 m3u8
      📁 Dizi playlist: playlists/yuzuklerin_efendisi_guc_yuzukleri_playlist.m3u
   ✅ Dizi tamamlandı: 11 m3u8 eklendi

============================================================
🎬 [9/56] İşleniyor: https://diziyiizle4.com/dizi/sanda/
📺 Bölüm bulundu: 1. Sezon 1. BölümAltyazılı16.11.202524 dk. - https://diziyiizle4.com/sanda/1-sezon-1-bolum/
📺 Bölüm bulundu: 1. Sezon 2. BölümAltyazılı16.11.202524 dk. - https://diziyiizle4.com/sanda/1-sezon-2-bolum/
📺 Bölüm bulundu: 1. Sezon 3. BölümAltyazılı16.11.202524 dk. - https://diziyiizle4.com/sanda/1-sezon-3-bolum/
📺 Bölüm bulundu: 1. Sezon 4. BölümAltyazılı16.11.202524 dk. - https://diziyiizle4.com/sanda/1-sezon-4-bolum/
📺 Bölüm bulundu: 1. Sezon 5. BölümAltyazılı16.11.202524 dk. - https://diziyiizle4.com/sanda/1-sezon-5-bolum/
📺 Bölüm bulundu: 1. Sezon 6. BölümAltyazılı16.11.202524 dk. - https://diziyiizle4.com/sanda/1-sezon-6-bolum/
📺 Bölüm bulundu: 1. Sezon 7. BölümAltyazılı16.11.202524 dk. - https://diziyiizle4.com/sanda/1-sezon-7-bolum/
📺 Bölüm bulundu: 1. Sezon 8. BölümAltyazılı16.11.202524 dk. - https://diziyiizle4.com/sanda/1-sezon-8-bolum/
📺 Bölüm bulundu: 1. Sezon 9. BölümAltyazılı16.11.2025 - https://diziyiizle4.com/sanda/1-sezon-9-bolum/
📺 Bölüm bulundu: 1. Sezon 10. BölümAltyazılı16.11.2025 - https://diziyiizle4.com/sanda/1-sezon-10-bolum/
📺 Bölüm bulundu: 1. Sezon 11. BölümAltyazılı16.11.2025 - https://diziyiizle4.com/sanda/1-sezon-11-bolum/
📺 Bölüm bulundu: 1. Sezon 12. BölümAltyazılı16.11.2025 - https://diziyiizle4.com/sanda/1-sezon-12-bolum/

📊 Toplam 12 bölüm bulundu
   🔍 [1/12] Bölüm: https://diziyiizle4.com/sanda/1-sezon-1-bolum/
📺 Embed URL bulundu: https://vidlax1.xyz/embed/63a0301fdcdc414d
🔍 Embed URL kontrol ediliyor: https://vidlax1.xyz/embed/63a0301fdcdc414d
📄 Embed sayfa içeriği alındı, boyut: 41961 karakter
🎬 Video Başlığı: SANDA
📝 Video Açıklaması: 1.Sezon 1.Bölüm
🎯 Tam Başlık: SANDA - 1.Sezon 1.Bölüm
🎯 HEX DECODE - m3u8 bulundu: https://vidlax.xyz/upload/22bd348660df9fbe8984951c2d0d1271b791/master.m3u8
      ✅ SANDA - 1.Sezon 1.Bölüm - 1 m3u8
   🔍 [2/12] Bölüm: https://diziyiizle4.com/sanda/1-sezon-2-bolum/
📺 Embed URL bulundu: https://vidlax1.xyz/embed/c2bbfbc0590bd699
🔍 Embed URL kontrol ediliyor: https://vidlax1.xyz/embed/c2bbfbc0590bd699
📄 Embed sayfa içeriği alındı, boyut: 41961 karakter
🎬 Video Başlığı: SANDA
📝 Video Açıklaması: 1.Sezon 2.Bölüm
🎯 Tam Başlık: SANDA - 1.Sezon 2.Bölüm
🎯 HEX DECODE - m3u8 bulundu: https://vidlax.xyz/upload/6b84fbecc4c801311c0606df24e239a30919/master.m3u8
      ✅ SANDA - 1.Sezon 2.Bölüm - 1 m3u8
   🔍 [3/12] Bölüm: https://diziyiizle4.com/sanda/1-sezon-3-bolum/
📺 Embed URL bulundu: https://vidlax1.xyz/embed/dc66e1ba2c114d3b
🔍 Embed URL kontrol ediliyor: https://vidlax1.xyz/embed/dc66e1ba2c114d3b
📄 Embed sayfa içeriği alındı, boyut: 41961 karakter
🎬 Video Başlığı: SANDA
📝 Video Açıklaması: 1.Sezon 3.Bölüm
🎯 Tam Başlık: SANDA - 1.Sezon 3.Bölüm
🎯 HEX DECODE - m3u8 bulundu: https://vidlax.xyz/upload/820ae8edca8ac8d050f15f2d0fbcfae1331f/master.m3u8
      ✅ SANDA - 1.Sezon 3.Bölüm - 1 m3u8
   🔍 [4/12] Bölüm: https://diziyiizle4.com/sanda/1-sezon-4-bolum/
📺 Embed URL bulundu: https://vidlax1.xyz/embed/14fb6222e8b9b6f1
🔍 Embed URL kontrol ediliyor: https://vidlax1.xyz/embed/14fb6222e8b9b6f1
📄 Embed sayfa içeriği alındı, boyut: 41961 karakter
🎬 Video Başlığı: SANDA
📝 Video Açıklaması: 1.Sezon 4.Bölüm
🎯 Tam Başlık: SANDA - 1.Sezon 4.Bölüm
🎯 HEX DECODE - m3u8 bulundu: https://vidlax.xyz/upload/b4be0298a1f62dd072ccb77ad09cea38b612/master.m3u8
      ✅ SANDA - 1.Sezon 4.Bölüm - 1 m3u8
   🔍 [5/12] Bölüm: https://diziyiizle4.com/sanda/1-sezon-5-bolum/
📺 Embed URL bulundu: https://vidlax1.xyz/embed/5ab0d2d8167b0fc8
🔍 Embed URL kontrol ediliyor: https://vidlax1.xyz/embed/5ab0d2d8167b0fc8
📄 Embed sayfa içeriği alındı, boyut: 41793 karakter
🎬 Video Başlığı: SANDA
📝 Video Açıklaması: 1.Sezon 5.Bölüm
🎯 Tam Başlık: SANDA - 1.Sezon 5.Bölüm
🎯 HEX DECODE - m3u8 bulundu: https://vidlax.xyz/upload/f226edb68b7580c7b3bebb2c38f3cc216ee7/master.m3u8
      ✅ SANDA - 1.Sezon 5.Bölüm - 1 m3u8
   🔍 [6/12] Bölüm: https://diziyiizle4.com/sanda/1-sezon-6-bolum/
📺 Embed URL bulundu: https://vidlax1.xyz/embed/48ca02822afef944
🔍 Embed URL kontrol ediliyor: https://vidlax1.xyz/embed/48ca02822afef944
📄 Embed sayfa içeriği alındı, boyut: 41961 karakter
🎬 Video Başlığı: SANDA
📝 Video Açıklaması: 1.Sezon 6.Bölüm
🎯 Tam Başlık: SANDA - 1.Sezon 6.Bölüm
🎯 HEX DECODE - m3u8 bulundu: https://vidlax.xyz/upload/063c0a2769b4c7614c651f6041ac95b4b4d1/master.m3u8
      ✅ SANDA - 1.Sezon 6.Bölüm - 1 m3u8
   🔍 [7/12] Bölüm: https://diziyiizle4.com/sanda/1-sezon-7-bolum/

🔍 Vidlax direkt analizi: https://diziyiizle4.com/sanda/1-sezon-7-bolum/
📄 Sayfa içeriği alındı: 101488 karakter
🎬 Video Başlığı: Bilinmiyor
📝 Video Açıklaması: SANDA - 1. Sezon 7. Bölüm online izle. HD kalitede dizi bölümü.
❌ m3u8 URL'si bulunamadı
      ❌ m3u8 bulunamadı
   🔍 [8/12] Bölüm: https://diziyiizle4.com/sanda/1-sezon-8-bolum/

🔍 Vidlax direkt analizi: https://diziyiizle4.com/sanda/1-sezon-8-bolum/
📄 Sayfa içeriği alındı: 101561 karakter
🎬 Video Başlığı: Bilinmiyor
📝 Video Açıklaması: SANDA - 1. Sezon 8. Bölüm online izle. HD kalitede dizi bölümü.
❌ m3u8 URL'si bulunamadı
      ❌ m3u8 bulunamadı
   🔍 [9/12] Bölüm: https://diziyiizle4.com/sanda/1-sezon-9-bolum/

🔍 Vidlax direkt analizi: https://diziyiizle4.com/sanda/1-sezon-9-bolum/
📄 Sayfa içeriği alındı: 101405 karakter
🎬 Video Başlığı: Bilinmiyor
📝 Video Açıklaması: SANDA - 1. Sezon 9. Bölüm online izle. HD kalitede dizi bölümü.
❌ m3u8 URL'si bulunamadı
      ❌ m3u8 bulunamadı
   🔍 [10/12] Bölüm: https://diziyiizle4.com/sanda/1-sezon-10-bolum/

🔍 Vidlax direkt analizi: https://diziyiizle4.com/sanda/1-sezon-10-bolum/
📄 Sayfa içeriği alındı: 101427 karakter
🎬 Video Başlığı: Bilinmiyor
📝 Video Açıklaması: SANDA - 1. Sezon 10. Bölüm online izle. HD kalitede dizi bölümü.
❌ m3u8 URL'si bulunamadı
      ❌ m3u8 bulunamadı
   🔍 [11/12] Bölüm: https://diziyiizle4.com/sanda/1-sezon-11-bolum/

🔍 Vidlax direkt analizi: https://diziyiizle4.com/sanda/1-sezon-11-bolum/
📄 Sayfa içeriği alındı: 101426 karakter
🎬 Video Başlığı: Bilinmiyor
📝 Video Açıklaması: SANDA - 1. Sezon 11. Bölüm online izle. HD kalitede dizi bölümü.
❌ m3u8 URL'si bulunamadı
      ❌ m3u8 bulunamadı
   🔍 [12/12] Bölüm: https://diziyiizle4.com/sanda/1-sezon-12-bolum/

🔍 Vidlax direkt analizi: https://diziyiizle4.com/sanda/1-sezon-12-bolum/
📄 Sayfa içeriği alındı: 101427 karakter
🎬 Video Başlığı: Bilinmiyor
📝 Video Açıklaması: SANDA - 1. Sezon 12. Bölüm online izle. HD kalitede dizi bölümü.
❌ m3u8 URL'si bulunamadı
      ❌ m3u8 bulunamadı
      📁 Dizi playlist: playlists/sanda_playlist.m3u
   ✅ Dizi tamamlandı: 6 m3u8 eklendi

============================================================
🎬 [10/56] İşleniyor: https://diziyiizle4.com/dizi/the-expanse/
📺 Bölüm bulundu: 1. Sezon 1. BölümDublaj15.11.202548 dk. - https://diziyiizle4.com/the-expanse/1-sezon-1-bolum/
📺 Bölüm bulundu: 1. Sezon 2. BölümDublaj15.11.202546 dk. - https://diziyiizle4.com/the-expanse/1-sezon-2-bolum/
📺 Bölüm bulundu: 1. Sezon 3. BölümDublaj15.11.202546 dk. - https://diziyiizle4.com/the-expanse/1-sezon-3-bolum/
📺 Bölüm bulundu: 1. Sezon 4. BölümDublaj15.11.202545 dk. - https://diziyiizle4.com/the-expanse/1-sezon-4-bolum/
📺 Bölüm bulundu: 1. Sezon 5. BölümDublaj15.11.202545 dk. - https://diziyiizle4.com/the-expanse/1-sezon-5-bolum/
📺 Bölüm bulundu: 1. Sezon 6. BölümDublaj15.11.202545 dk. - https://diziyiizle4.com/the-expanse/1-sezon-6-bolum/
📺 Bölüm bulundu: 1. Sezon 7. BölümDublaj15.11.202544 dk. - https://diziyiizle4.com/the-expanse/1-sezon-7-bolum/
📺 Bölüm bulundu: 1. Sezon 8. BölümDublaj15.11.202544 dk. - https://diziyiizle4.com/the-expanse/1-sezon-8-bolum/
📺 Bölüm bulundu: 1. Sezon 9. BölümDublaj15.11.202542 dk. - https://diziyiizle4.com/the-expanse/1-sezon-9-bolum/
📺 Bölüm bulundu: 1. Sezon 10. BölümDublaj15.11.202544 dk. - https://diziyiizle4.com/the-expanse/1-sezon-10-bolum/
📺 Bölüm bulundu: 2. Sezon 1. BölümDublaj15.11.202548 dk. - https://diziyiizle4.com/the-expanse/2-sezon-1-bolum/
📺 Bölüm bulundu: 2. Sezon 2. BölümDublaj15.11.202543 dk. - https://diziyiizle4.com/the-expanse/2-sezon-2-bolum/
📺 Bölüm bulundu: 2. Sezon 3. BölümDublaj15.11.202541 dk. - https://diziyiizle4.com/the-expanse/2-sezon-3-bolum/
📺 Bölüm bulundu: 2. Sezon 4. BölümDublaj15.11.202543 dk. - https://diziyiizle4.com/the-expanse/2-sezon-4-bolum/
📺 Bölüm bulundu: 2. Sezon 5. BölümDublaj15.11.202544 dk. - https://diziyiizle4.com/the-expanse/2-sezon-5-bolum/
📺 Bölüm bulundu: 2. Sezon 6. BölümDublaj15.11.202542 dk. - https://diziyiizle4.com/the-expanse/2-sezon-6-bolum/
📺 Bölüm bulundu: 2. Sezon 7. BölümDublaj15.11.202545 dk. - https://diziyiizle4.com/the-expanse/2-sezon-7-bolum/
📺 Bölüm bulundu: 2. Sezon 8. BölümDublaj15.11.202545 dk. - https://diziyiizle4.com/the-expanse/2-sezon-8-bolum/
📺 Bölüm bulundu: 2. Sezon 9. BölümDublaj15.11.202543 dk. - https://diziyiizle4.com/the-expanse/2-sezon-9-bolum/
📺 Bölüm bulundu: 2. Sezon 10. BölümDublaj15.11.202543 dk. - https://diziyiizle4.com/the-expanse/2-sezon-10-bolum/
📺 Bölüm bulundu: 2. Sezon 11. BölümDublaj15.11.202544 dk. - https://diziyiizle4.com/the-expanse/2-sezon-11-bolum/
📺 Bölüm bulundu: 2. Sezon 12. BölümDublaj15.11.202545 dk. - https://diziyiizle4.com/the-expanse/2-sezon-12-bolum/
📺 Bölüm bulundu: 2. Sezon 13. BölümDublaj15.11.202543 dk. - https://diziyiizle4.com/the-expanse/2-sezon-13-bolum/
📺 Bölüm bulundu: 3. Sezon 1. BölümDublaj15.11.202544 dk. - https://diziyiizle4.com/the-expanse/3-sezon-1-bolum/
📺 Bölüm bulundu: 3. Sezon 2. BölümDublaj15.11.202543 dk. - https://diziyiizle4.com/the-expanse/3-sezon-2-bolum/
📺 Bölüm bulundu: 3. Sezon 3. BölümDublaj15.11.202545 dk. - https://diziyiizle4.com/the-expanse/3-sezon-3-bolum/
📺 Bölüm bulundu: 3. Sezon 4. BölümDublaj15.11.202545 dk. - https://diziyiizle4.com/the-expanse/3-sezon-4-bolum/
📺 Bölüm bulundu: 3. Sezon 5. BölümDublaj15.11.202544 dk. - https://diziyiizle4.com/the-expanse/3-sezon-5-bolum/
📺 Bölüm bulundu: 3. Sezon 6. BölümDublaj15.11.202545 dk. - https://diziyiizle4.com/the-expanse/3-sezon-6-bolum/
📺 Bölüm bulundu: 3. Sezon 7. BölümDublaj15.11.202546 dk. - https://diziyiizle4.com/the-expanse/3-sezon-7-bolum/
📺 Bölüm bulundu: 3. Sezon 8. BölümDublaj15.11.202544 dk. - https://diziyiizle4.com/the-expanse/3-sezon-8-bolum/
📺 Bölüm bulundu: 3. Sezon 9. BölümDublaj15.11.202544 dk. - https://diziyiizle4.com/the-expanse/3-sezon-9-bolum/
📺 Bölüm bulundu: 3. Sezon 10. BölümDublaj15.11.202542 dk. - https://diziyiizle4.com/the-expanse/3-sezon-10-bolum/
📺 Bölüm bulundu: 3. Sezon 11. BölümDublaj15.11.202546 dk. - https://diziyiizle4.com/the-expanse/3-sezon-11-bolum/
📺 Bölüm bulundu: 3. Sezon 12. BölümDublaj15.11.202544 dk. - https://diziyiizle4.com/the-expanse/3-sezon-12-bolum/
📺 Bölüm bulundu: 3. Sezon 13. BölümDublaj15.11.202542 dk. - https://diziyiizle4.com/the-expanse/3-sezon-13-bolum/
📺 Bölüm bulundu: 4. Sezon 1. BölümDublaj15.11.202551 dk. - https://diziyiizle4.com/the-expanse/4-sezon-1-bolum/
📺 Bölüm bulundu: 4. Sezon 2. BölümDublaj15.11.202550 dk. - https://diziyiizle4.com/the-expanse/4-sezon-2-bolum/
📺 Bölüm bulundu: 4. Sezon 3. BölümDublaj15.11.202547 dk. - https://diziyiizle4.com/the-expanse/4-sezon-3-bolum/
📺 Bölüm bulundu: 4. Sezon 4. BölümDublaj15.11.202545 dk. - https://diziyiizle4.com/the-expanse/4-sezon-4-bolum/
📺 Bölüm bulundu: 4. Sezon 5. BölümDublaj15.11.202547 dk. - https://diziyiizle4.com/the-expanse/4-sezon-5-bolum/
📺 Bölüm bulundu: 4. Sezon 6. BölümDublaj15.11.202550 dk. - https://diziyiizle4.com/the-expanse/4-sezon-6-bolum/
📺 Bölüm bulundu: 4. Sezon 7. BölümDublaj15.11.202546 dk. - https://diziyiizle4.com/the-expanse/4-sezon-7-bolum/
📺 Bölüm bulundu: 4. Sezon 8. BölümDublaj15.11.202554 dk. - https://diziyiizle4.com/the-expanse/4-sezon-8-bolum/
📺 Bölüm bulundu: 4. Sezon 9. BölümDublaj15.11.202545 dk. - https://diziyiizle4.com/the-expanse/4-sezon-9-bolum/
📺 Bölüm bulundu: 4. Sezon 10. BölümDublaj15.11.202550 dk. - https://diziyiizle4.com/the-expanse/4-sezon-10-bolum/
📺 Bölüm bulundu: 5. Sezon 1. BölümDublaj15.11.202553 dk. - https://diziyiizle4.com/the-expanse/5-sezon-1-bolum/
📺 Bölüm bulundu: 5. Sezon 2. BölümDublaj15.11.202554 dk. - https://diziyiizle4.com/the-expanse/5-sezon-2-bolum/
📺 Bölüm bulundu: 5. Sezon 3. BölümDublaj15.11.202553 dk. - https://diziyiizle4.com/the-expanse/5-sezon-3-bolum/
📺 Bölüm bulundu: 5. Sezon 4. BölümDublaj15.11.202547 dk. - https://diziyiizle4.com/the-expanse/5-sezon-4-bolum/
📺 Bölüm bulundu: 5. Sezon 5. BölümDublaj15.11.202550 dk. - https://diziyiizle4.com/the-expanse/5-sezon-5-bolum/
📺 Bölüm bulundu: 5. Sezon 6. BölümDublaj15.11.202553 dk. - https://diziyiizle4.com/the-expanse/5-sezon-6-bolum/
📺 Bölüm bulundu: 5. Sezon 7. BölümDublaj15.11.202549 dk. - https://diziyiizle4.com/the-expanse/5-sezon-7-bolum/
📺 Bölüm bulundu: 5. Sezon 8. BölümDublaj15.11.202555 dk. - https://diziyiizle4.com/the-expanse/5-sezon-8-bolum/
📺 Bölüm bulundu: 5. Sezon 9. BölümDublaj15.11.202553 dk. - https://diziyiizle4.com/the-expanse/5-sezon-9-bolum/
📺 Bölüm bulundu: 5. Sezon 10. BölümDublaj15.11.202558 dk. - https://diziyiizle4.com/the-expanse/5-sezon-10-bolum/
📺 Bölüm bulundu: 6. Sezon 1. BölümDublaj15.11.202546 dk. - https://diziyiizle4.com/the-expanse/6-sezon-1-bolum/
📺 Bölüm bulundu: 6. Sezon 2. BölümDublaj15.11.202544 dk. - https://diziyiizle4.com/the-expanse/6-sezon-2-bolum/
📺 Bölüm bulundu: 6. Sezon 3. BölümDublaj15.11.202543 dk. - https://diziyiizle4.com/the-expanse/6-sezon-3-bolum/
📺 Bölüm bulundu: 6. Sezon 4. BölümDublaj15.11.202547 dk. - https://diziyiizle4.com/the-expanse/6-sezon-4-bolum/
📺 Bölüm bulundu: 6. Sezon 5. BölümDublaj15.11.202548 dk. - https://diziyiizle4.com/the-expanse/6-sezon-5-bolum/
📺 Bölüm bulundu: 6. Sezon 6. BölümDublaj15.11.202563 dk. - https://diziyiizle4.com/the-expanse/6-sezon-6-bolum/

📊 Toplam 62 bölüm bulundu
   🔍 [1/62] Bölüm: https://diziyiizle4.com/the-expanse/1-sezon-1-bolum/
📺 Embed URL bulundu: https://vidlax1.xyz/embed/37c91c9e01ffd66c
🔍 Embed URL kontrol ediliyor: https://vidlax1.xyz/embed/37c91c9e01ffd66c
📄 Embed sayfa içeriği alındı, boyut: 42641 karakter
🎬 Video Başlığı: The Expanse
📝 Video Açıklaması: 1.Sezon 1.Bölüm
🎯 Tam Başlık: The Expanse - 1.Sezon 1.Bölüm
🎯 HEX DECODE - m3u8 bulundu: https://vidlax.xyz/upload/440af9c088faef732250799157e8041529ff/master.m3u8
      ✅ The Expanse - 1.Sezon 1.Bölüm - 1 m3u8
   🔍 [2/62] Bölüm: https://diziyiizle4.com/the-expanse/1-sezon-2-bolum/
📺 Embed URL bulundu: https://vidlax1.xyz/embed/03e594fe88a15b5a
🔍 Embed URL kontrol ediliyor: https://vidlax1.xyz/embed/03e594fe88a15b5a
📄 Embed sayfa içeriği alındı, boyut: 42460 karakter
🎬 Video Başlığı: The Expanse
📝 Video Açıklaması: 1.Sezon 2.Bölüm
🎯 Tam Başlık: The Expanse - 1.Sezon 2.Bölüm
🎯 HEX DECODE - m3u8 bulundu: https://vidlax.xyz/upload/ce7868223a6a602e5cd819db9c3bce10c7d4/master.m3u8
      ✅ The Expanse - 1.Sezon 2.Bölüm - 1 m3u8
   🔍 [3/62] Bölüm: https://diziyiizle4.com/the-expanse/1-sezon-3-bolum/
📺 Embed URL bulundu: https://vidlax1.xyz/embed/f833a29654d78c92
🔍 Embed URL kontrol ediliyor: https://vidlax1.xyz/embed/f833a29654d78c92
📄 Embed sayfa içeriği alındı, boyut: 42641 karakter
🎬 Video Başlığı: The Expanse
📝 Video Açıklaması: 1.Sezon 3.Bölüm
🎯 Tam Başlık: The Expanse - 1.Sezon 3.Bölüm
🎯 HEX DECODE - m3u8 bulundu: https://vidlax.xyz/upload/04995b7e854926f0b903560f5d7ed6256211/master.m3u8
      ✅ The Expanse - 1.Sezon 3.Bölüm - 1 m3u8
   🔍 [4/62] Bölüm: https://diziyiizle4.com/the-expanse/1-sezon-4-bolum/
📺 Embed URL bulundu: https://vidlax1.xyz/embed/bd45c77e24a08d13
🔍 Embed URL kontrol ediliyor: https://vidlax1.xyz/embed/bd45c77e24a08d13
📄 Embed sayfa içeriği alındı, boyut: 42641 karakter
🎬 Video Başlığı: The Expanse
📝 Video Açıklaması: 1.Sezon 4.Bölüm
🎯 Tam Başlık: The Expanse - 1.Sezon 4.Bölüm
🎯 HEX DECODE - m3u8 bulundu: https://vidlax.xyz/upload/446f551511a46df049ebdb3f1ac65146cfb9/master.m3u8
      ✅ The Expanse - 1.Sezon 4.Bölüm - 1 m3u8
   🔍 [5/62] Bölüm: https://diziyiizle4.com/the-expanse/1-sezon-5-bolum/
📺 Embed URL bulundu: https://vidlax1.xyz/embed/b85d1598d2f22117
🔍 Embed URL kontrol ediliyor: https://vidlax1.xyz/embed/b85d1598d2f22117
📄 Embed sayfa içeriği alındı, boyut: 42485 karakter
🎬 Video Başlığı: The Expanse
📝 Video Açıklaması: 1.Sezon 5.Bölüm
🎯 Tam Başlık: The Expanse - 1.Sezon 5.Bölüm
🎯 HEX DECODE - m3u8 bulundu: https://vidlax.xyz/upload/bbae2930e1524c8c52dd3fd7c79a661e1230/master.m3u8
      ✅ The Expanse - 1.Sezon 5.Bölüm - 1 m3u8
   🔍 [6/62] Bölüm: https://diziyiizle4.com/the-expanse/1-sezon-6-bolum/
📺 Embed URL bulundu: https://vidlax1.xyz/embed/eba733e0ca848d25
🔍 Embed URL kontrol ediliyor: https://vidlax1.xyz/embed/eba733e0ca848d25
📄 Embed sayfa içeriği alındı, boyut: 42656 karakter
🎬 Video Başlığı: The Expanse
📝 Video Açıklaması: 1.Sezon 6.Bölüm
🎯 Tam Başlık: The Expanse - 1.Sezon 6.Bölüm
🎯 HEX DECODE - m3u8 bulundu: https://vidlax.xyz/upload/e641753a14ab40cc7dbcc04c17d89ffbdd92/master.m3u8
      ✅ The Expanse - 1.Sezon 6.Bölüm - 1 m3u8
   🔍 [7/62] Bölüm: https://diziyiizle4.com/the-expanse/1-sezon-7-bolum/
📺 Embed URL bulundu: https://vidlax1.xyz/embed/6bb84bca512ec5e8
🔍 Embed URL kontrol ediliyor: https://vidlax1.xyz/embed/6bb84bca512ec5e8
📄 Embed sayfa içeriği alındı, boyut: 42641 karakter
🎬 Video Başlığı: The Expanse
📝 Video Açıklaması: 1.Sezon 7.Bölüm
🎯 Tam Başlık: The Expanse - 1.Sezon 7.Bölüm
🎯 HEX DECODE - m3u8 bulundu: https://vidlax.xyz/upload/1cb14daf41568141913ff4e6293aa2cb5ec8/master.m3u8
      ✅ The Expanse - 1.Sezon 7.Bölüm - 1 m3u8
   🔍 [8/62] Bölüm: https://diziyiizle4.com/the-expanse/1-sezon-8-bolum/
📺 Embed URL bulundu: https://vidlax1.xyz/embed/2b5b872ab0ac4e31
🔍 Embed URL kontrol ediliyor: https://vidlax1.xyz/embed/2b5b872ab0ac4e31
📄 Embed sayfa içeriği alındı, boyut: 42641 karakter
🎬 Video Başlığı: The Expanse
📝 Video Açıklaması: 1.Sezon 8.Bölüm
🎯 Tam Başlık: The Expanse - 1.Sezon 8.Bölüm
🎯 HEX DECODE - m3u8 bulundu: https://vidlax.xyz/upload/7d5ffe677c6b80debeed9154dc3b047b81dc/master.m3u8
      ✅ The Expanse - 1.Sezon 8.Bölüm - 1 m3u8
   🔍 [9/62] Bölüm: https://diziyiizle4.com/the-expanse/1-sezon-9-bolum/
📺 Embed URL bulundu: https://vidlax1.xyz/embed/c1ac6372e05efe79
🔍 Embed URL kontrol ediliyor: https://vidlax1.xyz/embed/c1ac6372e05efe79
📄 Embed sayfa içeriği alındı, boyut: 42656 karakter
🎬 Video Başlığı: The Expanse
📝 Video Açıklaması: 1.Sezon 9.Bölüm
🎯 Tam Başlık: The Expanse - 1.Sezon 9.Bölüm
🎯 HEX DECODE - m3u8 bulundu: https://vidlax.xyz/upload/edc6ea10ab3f618db27dab13a142b2280516/master.m3u8
      ✅ The Expanse - 1.Sezon 9.Bölüm - 1 m3u8
   🔍 [10/62] Bölüm: https://diziyiizle4.com/the-expanse/1-sezon-10-bolum/
📺 Embed URL bulundu: https://vidlax1.xyz/embed/d43c26286a976de1
🔍 Embed URL kontrol ediliyor: https://vidlax1.xyz/embed/d43c26286a976de1
📄 Embed sayfa içeriği alındı, boyut: 42813 karakter
🎬 Video Başlığı: The Expanse
📝 Video Açıklaması: 1.Sezon 10.Bölüm
🎯 Tam Başlık: The Expanse - 1.Sezon 10.Bölüm
🎯 HEX DECODE - m3u8 bulundu: https://vidlax.xyz/upload/2e3070682f90dd20b20de4d6feec1de28f9f/master.m3u8
      ✅ The Expanse - 1.Sezon 10.Bölüm - 1 m3u8
   🔍 [11/62] Bölüm: https://diziyiizle4.com/the-expanse/2-sezon-1-bolum/
📺 Embed URL bulundu: https://vidlax1.xyz/embed/f27167dcf1d50e8f
🔍 Embed URL kontrol ediliyor: https://vidlax1.xyz/embed/f27167dcf1d50e8f
📄 Embed sayfa içeriği alındı, boyut: 42820 karakter
🎬 Video Başlığı: The Expanse
📝 Video Açıklaması: 2.Sezon 1.Bölüm
🎯 Tam Başlık: The Expanse - 2.Sezon 1.Bölüm
🎯 HEX DECODE - m3u8 bulundu: https://vidlax.xyz/upload/72f9732302d6effb003471924257dff9c309/master.m3u8
      ✅ The Expanse - 2.Sezon 1.Bölüm - 1 m3u8
   🔍 [12/62] Bölüm: https://diziyiizle4.com/the-expanse/2-sezon-2-bolum/
📺 Embed URL bulundu: https://vidlax1.xyz/embed/f0bf69d17e36eb76
🔍 Embed URL kontrol ediliyor: https://vidlax1.xyz/embed/f0bf69d17e36eb76
📄 Embed sayfa içeriği alındı, boyut: 42626 karakter
🎬 Video Başlığı: The Expanse
📝 Video Açıklaması: 2.Sezon 2.Bölüm
🎯 Tam Başlık: The Expanse - 2.Sezon 2.Bölüm
🎯 HEX DECODE - m3u8 bulundu: https://vidlax.xyz/upload/d9271b22e1dd614d0f779419908528349214/master.m3u8
      ✅ The Expanse - 2.Sezon 2.Bölüm - 1 m3u8
   🔍 [13/62] Bölüm: https://diziyiizle4.com/the-expanse/2-sezon-3-bolum/
📺 Embed URL bulundu: https://vidlax1.xyz/embed/947a2ad463125b28
🔍 Embed URL kontrol ediliyor: https://vidlax1.xyz/embed/947a2ad463125b28
📄 Embed sayfa içeriği alındı, boyut: 42626 karakter
🎬 Video Başlığı: The Expanse
📝 Video Açıklaması: 2.Sezon 3.Bölüm
🎯 Tam Başlık: The Expanse - 2.Sezon 3.Bölüm
🎯 HEX DECODE - m3u8 bulundu: https://vidlax.xyz/upload/498b10ea03d5ca0537e7231b0af4b1780619/master.m3u8
      ✅ The Expanse - 2.Sezon 3.Bölüm - 1 m3u8
   🔍 [14/62] Bölüm: https://diziyiizle4.com/the-expanse/2-sezon-4-bolum/
📺 Embed URL bulundu: https://vidlax1.xyz/embed/354496fb2b6c0570
🔍 Embed URL kontrol ediliyor: https://vidlax1.xyz/embed/354496fb2b6c0570
📄 Embed sayfa içeriği alındı, boyut: 42626 karakter
🎬 Video Başlığı: The Expanse
📝 Video Açıklaması: 2.Sezon 4.Bölüm
🎯 Tam Başlık: The Expanse - 2.Sezon 4.Bölüm
🎯 HEX DECODE - m3u8 bulundu: https://vidlax.xyz/upload/dcbe616bbee1d99096a45872443029e0b468/master.m3u8
      ✅ The Expanse - 2.Sezon 4.Bölüm - 1 m3u8
   🔍 [15/62] Bölüm: https://diziyiizle4.com/the-expanse/2-sezon-5-bolum/
📺 Embed URL bulundu: https://vidlax1.xyz/embed/864336a794df3894
🔍 Embed URL kontrol ediliyor: https://vidlax1.xyz/embed/864336a794df3894
📄 Embed sayfa içeriği alındı, boyut: 42319 karakter
🎬 Video Başlığı: The Expanse
📝 Video Açıklaması: 2.Sezon 5.Bölüm
🎯 Tam Başlık: The Expanse - 2.Sezon 5.Bölüm
🎯 HEX DECODE - m3u8 bulundu: https://vidlax.xyz/upload/f056d43f41dde1021cc7c86e2a8b29e2f39c/master.m3u8
      ✅ The Expanse - 2.Sezon 5.Bölüm - 1 m3u8
   🔍 [16/62] Bölüm: https://diziyiizle4.com/the-expanse/2-sezon-6-bolum/
📺 Embed URL bulundu: https://vidlax1.xyz/embed/4431383944145d5e
🔍 Embed URL kontrol ediliyor: https://vidlax1.xyz/embed/4431383944145d5e
📄 Embed sayfa içeriği alındı, boyut: 42626 karakter
🎬 Video Başlığı: The Expanse
📝 Video Açıklaması: 2.Sezon 6.Bölüm
🎯 Tam Başlık: The Expanse - 2.Sezon 6.Bölüm
🎯 HEX DECODE - m3u8 bulundu: https://vidlax.xyz/upload/80fbbd9c87a5494bc285aa2760807c26bc30/master.m3u8
      ✅ The Expanse - 2.Sezon 6.Bölüm - 1 m3u8
   🔍 [17/62] Bölüm: https://diziyiizle4.com/the-expanse/2-sezon-7-bolum/
📺 Embed URL bulundu: https://vidlax1.xyz/embed/5e3663165e520374
🔍 Embed URL kontrol ediliyor: https://vidlax1.xyz/embed/5e3663165e520374
📄 Embed sayfa içeriği alındı, boyut: 42462 karakter
🎬 Video Başlığı: The Expanse
📝 Video Açıklaması: 2.Sezon 7.Bölüm
🎯 Tam Başlık: The Expanse - 2.Sezon 7.Bölüm
🎯 HEX DECODE - m3u8 bulundu: https://vidlax.xyz/upload/0ca27ebe54622329b53236bd45d98a9c961f/master.m3u8
      ✅ The Expanse - 2.Sezon 7.Bölüm - 1 m3u8
   🔍 [18/62] Bölüm: https://diziyiizle4.com/the-expanse/2-sezon-8-bolum/
📺 Embed URL bulundu: https://vidlax1.xyz/embed/694d72b7308d0b72
🔍 Embed URL kontrol ediliyor: https://vidlax1.xyz/embed/694d72b7308d0b72
📄 Embed sayfa içeriği alındı, boyut: 42462 karakter
🎬 Video Başlığı: The Expanse
📝 Video Açıklaması: 2.Sezon 8.Bölüm
🎯 Tam Başlık: The Expanse - 2.Sezon 8.Bölüm
🎯 HEX DECODE - m3u8 bulundu: https://vidlax.xyz/upload/e65497fff7a6f9183263ddff3e666cf97ffa/master.m3u8
      ✅ The Expanse - 2.Sezon 8.Bölüm - 1 m3u8
   🔍 [19/62] Bölüm: https://diziyiizle4.com/the-expanse/2-sezon-9-bolum/
📺 Embed URL bulundu: https://vidlax1.xyz/embed/946738921666de72
🔍 Embed URL kontrol ediliyor: https://vidlax1.xyz/embed/946738921666de72
📄 Embed sayfa içeriği alındı, boyut: 42462 karakter
🎬 Video Başlığı: The Expanse
📝 Video Açıklaması: 2.Sezon 9.Bölüm
🎯 Tam Başlık: The Expanse - 2.Sezon 9.Bölüm
🎯 HEX DECODE - m3u8 bulundu: https://vidlax.xyz/upload/47349ed9d810687cc2949ed169dab7c75879/master.m3u8
      ✅ The Expanse - 2.Sezon 9.Bölüm - 1 m3u8
   🔍 [20/62] Bölüm: https://diziyiizle4.com/the-expanse/2-sezon-10-bolum/
📺 Embed URL bulundu: https://vidlax1.xyz/embed/47221f53e37e55c1
🔍 Embed URL kontrol ediliyor: https://vidlax1.xyz/embed/47221f53e37e55c1
📄 Embed sayfa içeriği alındı, boyut: 42297 karakter
🎬 Video Başlığı: The Expanse
📝 Video Açıklaması: 2.Sezon 10.Bölüm
🎯 Tam Başlık: The Expanse - 2.Sezon 10.Bölüm
🎯 HEX DECODE - m3u8 bulundu: https://vidlax.xyz/upload/1cd213e7d506570cdcdf0e8dabeea771b08b/master.m3u8
      ✅ The Expanse - 2.Sezon 10.Bölüm - 1 m3u8
   🔍 [21/62] Bölüm: https://diziyiizle4.com/the-expanse/2-sezon-11-bolum/
📺 Embed URL bulundu: https://vidlax1.xyz/embed/543311c9ef42b981
🔍 Embed URL kontrol ediliyor: https://vidlax1.xyz/embed/543311c9ef42b981
📄 Embed sayfa içeriği alındı, boyut: 42463 karakter
🎬 Video Başlığı: The Expanse
📝 Video Açıklaması: 2.Sezon 11.Bölüm
🎯 Tam Başlık: The Expanse - 2.Sezon 11.Bölüm
🎯 HEX DECODE - m3u8 bulundu: https://vidlax.xyz/upload/2e7650a5b429c8c9d3cb9c5e1f3778ff5862/master.m3u8
      ✅ The Expanse - 2.Sezon 11.Bölüm - 1 m3u8
   🔍 [22/62] Bölüm: https://diziyiizle4.com/the-expanse/2-sezon-12-bolum/
📺 Embed URL bulundu: https://vidlax1.xyz/embed/9a7ba8350fddd0f1
🔍 Embed URL kontrol ediliyor: https://vidlax1.xyz/embed/9a7ba8350fddd0f1
📄 Embed sayfa içeriği alındı, boyut: 42461 karakter
🎬 Video Başlığı: The Expanse
📝 Video Açıklaması: 2.Sezon 12.Bölüm
🎯 Tam Başlık: The Expanse - 2.Sezon 12.Bölüm
🎯 HEX DECODE - m3u8 bulundu: https://vidlax.xyz/upload/42c0eab32ac3f276e4b1350c8afcc7fb047b/master.m3u8
      ✅ The Expanse - 2.Sezon 12.Bölüm - 1 m3u8
   🔍 [23/62] Bölüm: https://diziyiizle4.com/the-expanse/2-sezon-13-bolum/
📺 Embed URL bulundu: https://vidlax1.xyz/embed/1d2f51eedbd3ea15
🔍 Embed URL kontrol ediliyor: https://vidlax1.xyz/embed/1d2f51eedbd3ea15
📄 Embed sayfa içeriği alındı, boyut: 42463 karakter
🎬 Video Başlığı: The Expanse
📝 Video Açıklaması: 2.Sezon 13.Bölüm
🎯 Tam Başlık: The Expanse - 2.Sezon 13.Bölüm
🎯 HEX DECODE - m3u8 bulundu: https://vidlax.xyz/upload/242c1342e137ae60ca6569d2abc9978c67d6/master.m3u8
      ✅ The Expanse - 2.Sezon 13.Bölüm - 1 m3u8
   🔍 [24/62] Bölüm: https://diziyiizle4.com/the-expanse/3-sezon-1-bolum/
📺 Embed URL bulundu: https://vidlax1.xyz/embed/c0d1af18f6c52910
🔍 Embed URL kontrol ediliyor: https://vidlax1.xyz/embed/c0d1af18f6c52910
📄 Embed sayfa içeriği alındı, boyut: 42462 karakter
🎬 Video Başlığı: The Expanse
📝 Video Açıklaması: 3.Sezon 1.Bölüm
🎯 Tam Başlık: The Expanse - 3.Sezon 1.Bölüm
🎯 HEX DECODE - m3u8 bulundu: https://vidlax.xyz/upload/25b17388d29cbeae078c3e03a991cb407b0f/master.m3u8
      ✅ The Expanse - 3.Sezon 1.Bölüm - 1 m3u8
   🔍 [25/62] Bölüm: https://diziyiizle4.com/the-expanse/3-sezon-2-bolum/
📺 Embed URL bulundu: https://vidlax1.xyz/embed/a71a0e76d7ee5bb8
🔍 Embed URL kontrol ediliyor: https://vidlax1.xyz/embed/a71a0e76d7ee5bb8
📄 Embed sayfa içeriği alındı, boyut: 42462 karakter
🎬 Video Başlığı: The Expanse
📝 Video Açıklaması: 3.Sezon 2.Bölüm
🎯 Tam Başlık: The Expanse - 3.Sezon 2.Bölüm
🎯 HEX DECODE - m3u8 bulundu: https://vidlax.xyz/upload/8971b9d12d3134f65f97449dcb840e334e89/master.m3u8
      ✅ The Expanse - 3.Sezon 2.Bölüm - 1 m3u8
   🔍 [26/62] Bölüm: https://diziyiizle4.com/the-expanse/3-sezon-3-bolum/
📺 Embed URL bulundu: https://vidlax1.xyz/embed/2bc6ea8c3b47b0a2
🔍 Embed URL kontrol ediliyor: https://vidlax1.xyz/embed/2bc6ea8c3b47b0a2
📄 Embed sayfa içeriği alındı, boyut: 42462 karakter
🎬 Video Başlığı: The Expanse
📝 Video Açıklaması: 3.Sezon 3.Bölüm
🎯 Tam Başlık: The Expanse - 3.Sezon 3.Bölüm
🎯 HEX DECODE - m3u8 bulundu: https://vidlax.xyz/upload/306714a4344007b0ef7bf52ad295d7028983/master.m3u8
      ✅ The Expanse - 3.Sezon 3.Bölüm - 1 m3u8
   🔍 [27/62] Bölüm: https://diziyiizle4.com/the-expanse/3-sezon-4-bolum/
📺 Embed URL bulundu: https://vidlax1.xyz/embed/a900e2bed4350b64
🔍 Embed URL kontrol ediliyor: https://vidlax1.xyz/embed/a900e2bed4350b64
📄 Embed sayfa içeriği alındı, boyut: 42462 karakter
🎬 Video Başlığı: The Expanse
📝 Video Açıklaması: 3.Sezon 4.Bölüm
🎯 Tam Başlık: The Expanse - 3.Sezon 4.Bölüm
🎯 HEX DECODE - m3u8 bulundu: https://vidlax.xyz/upload/39d96b631644beaf0a6299c789c3652786c2/master.m3u8
      ✅ The Expanse - 3.Sezon 4.Bölüm - 1 m3u8
   🔍 [28/62] Bölüm: https://diziyiizle4.com/the-expanse/3-sezon-5-bolum/
📺 Embed URL bulundu: https://vidlax1.xyz/embed/518b37ca7256aa0c
🔍 Embed URL kontrol ediliyor: https://vidlax1.xyz/embed/518b37ca7256aa0c
📄 Embed sayfa içeriği alındı, boyut: 42646 karakter
🎬 Video Başlığı: The Expanse
📝 Video Açıklaması: 3.Sezon 5.Bölüm
🎯 Tam Başlık: The Expanse - 3.Sezon 5.Bölüm
🎯 HEX DECODE - m3u8 bulundu: https://vidlax.xyz/upload/87586d327353ab9f8c3ad4de2a4b3c278391/master.m3u8
      ✅ The Expanse - 3.Sezon 5.Bölüm - 1 m3u8
   🔍 [29/62] Bölüm: https://diziyiizle4.com/the-expanse/3-sezon-6-bolum/
📺 Embed URL bulundu: https://vidlax1.xyz/embed/6838e5f6057b2b75
🔍 Embed URL kontrol ediliyor: https://vidlax1.xyz/embed/6838e5f6057b2b75
📄 Embed sayfa içeriği alındı, boyut: 42458 karakter
🎬 Video Başlığı: The Expanse
📝 Video Açıklaması: 3.Sezon 6.Bölüm
🎯 Tam Başlık: The Expanse - 3.Sezon 6.Bölüm
🎯 HEX DECODE - m3u8 bulundu: https://vidlax.xyz/upload/01378716c576d454640101c0266577a23923/master.m3u8
      ✅ The Expanse - 3.Sezon 6.Bölüm - 1 m3u8
   🔍 [30/62] Bölüm: https://diziyiizle4.com/the-expanse/3-sezon-7-bolum/
📺 Embed URL bulundu: https://vidlax1.xyz/embed/a31d4841e86a3f95
🔍 Embed URL kontrol ediliyor: https://vidlax1.xyz/embed/a31d4841e86a3f95
📄 Embed sayfa içeriği alındı, boyut: 42462 karakter
🎬 Video Başlığı: The Expanse
📝 Video Açıklaması: 3.Sezon 7.Bölüm
🎯 Tam Başlık: The Expanse - 3.Sezon 7.Bölüm
🎯 HEX DECODE - m3u8 bulundu: https://vidlax.xyz/upload/be80bbfa78787bf2659d2f777e1c5ca29573/master.m3u8
      ✅ The Expanse - 3.Sezon 7.Bölüm - 1 m3u8
   🔍 [31/62] Bölüm: https://diziyiizle4.com/the-expanse/3-sezon-8-bolum/
📺 Embed URL bulundu: https://vidlax1.xyz/embed/fb82627c076f0738
🔍 Embed URL kontrol ediliyor: https://vidlax1.xyz/embed/fb82627c076f0738
📄 Embed sayfa içeriği alındı, boyut: 42462 karakter
🎬 Video Başlığı: The Expanse
📝 Video Açıklaması: 3.Sezon 8.Bölüm
🎯 Tam Başlık: The Expanse - 3.Sezon 8.Bölüm
🎯 HEX DECODE - m3u8 bulundu: https://vidlax.xyz/upload/a64ae0a9256dacc33a574b828e53e6e5d1f5/master.m3u8
      ✅ The Expanse - 3.Sezon 8.Bölüm - 1 m3u8
   🔍 [32/62] Bölüm: https://diziyiizle4.com/the-expanse/3-sezon-9-bolum/
📺 Embed URL bulundu: https://vidlax1.xyz/embed/a76f059f7ea443db
🔍 Embed URL kontrol ediliyor: https://vidlax1.xyz/embed/a76f059f7ea443db
📄 Embed sayfa içeriği alındı, boyut: 42462 karakter
🎬 Video Başlığı: The Expanse
📝 Video Açıklaması: 3.Sezon 9.Bölüm
🎯 Tam Başlık: The Expanse - 3.Sezon 9.Bölüm
🎯 HEX DECODE - m3u8 bulundu: https://vidlax.xyz/upload/242f0d435237fc93d0aebf981b755f462cd5/master.m3u8
      ✅ The Expanse - 3.Sezon 9.Bölüm - 1 m3u8
   🔍 [33/62] Bölüm: https://diziyiizle4.com/the-expanse/3-sezon-10-bolum/
📺 Embed URL bulundu: https://vidlax1.xyz/embed/104027d6f2f7ee4d
🔍 Embed URL kontrol ediliyor: https://vidlax1.xyz/embed/104027d6f2f7ee4d
📄 Embed sayfa içeriği alındı, boyut: 42463 karakter
🎬 Video Başlığı: The Expanse
📝 Video Açıklaması: 3.Sezon 10.Bölüm
🎯 Tam Başlık: The Expanse - 3.Sezon 10.Bölüm
🎯 HEX DECODE - m3u8 bulundu: https://vidlax.xyz/upload/70b89e94239c234b42c111883309c3e83db2/master.m3u8
      ✅ The Expanse - 3.Sezon 10.Bölüm - 1 m3u8
   🔍 [34/62] Bölüm: https://diziyiizle4.com/the-expanse/3-sezon-11-bolum/
📺 Embed URL bulundu: https://vidlax1.xyz/embed/a87c6f7a431b87a2
🔍 Embed URL kontrol ediliyor: https://vidlax1.xyz/embed/a87c6f7a431b87a2
📄 Embed sayfa içeriği alındı, boyut: 42459 karakter
🎬 Video Başlığı: The Expanse
📝 Video Açıklaması: 3.Sezon 11.Bölüm
🎯 Tam Başlık: The Expanse - 3.Sezon 11.Bölüm
🎯 HEX DECODE - m3u8 bulundu: https://vidlax.xyz/upload/1d530abb62b8572650a8c959357f7ee8dc7c/master.m3u8
      ✅ The Expanse - 3.Sezon 11.Bölüm - 1 m3u8
   🔍 [35/62] Bölüm: https://diziyiizle4.com/the-expanse/3-sezon-12-bolum/
📺 Embed URL bulundu: https://vidlax1.xyz/embed/7a6325bb8384ece3
🔍 Embed URL kontrol ediliyor: https://vidlax1.xyz/embed/7a6325bb8384ece3
📄 Embed sayfa içeriği alındı, boyut: 42463 karakter
🎬 Video Başlığı: The Expanse
📝 Video Açıklaması: 3.Sezon 12.Bölüm
🎯 Tam Başlık: The Expanse - 3.Sezon 12.Bölüm
🎯 HEX DECODE - m3u8 bulundu: https://vidlax.xyz/upload/33d7452612ae5ef839e6014357af17edcbc1/master.m3u8
      ✅ The Expanse - 3.Sezon 12.Bölüm - 1 m3u8
   🔍 [36/62] Bölüm: https://diziyiizle4.com/the-expanse/3-sezon-13-bolum/
📺 Embed URL bulundu: https://vidlax1.xyz/embed/c9002e482244e53f
🔍 Embed URL kontrol ediliyor: https://vidlax1.xyz/embed/c9002e482244e53f
📄 Embed sayfa içeriği alındı, boyut: 42463 karakter
🎬 Video Başlığı: The Expanse
📝 Video Açıklaması: 3.Sezon 13.Bölüm
🎯 Tam Başlık: The Expanse - 3.Sezon 13.Bölüm
🎯 HEX DECODE - m3u8 bulundu: https://vidlax.xyz/upload/9146d1db09c955c8123ec2c006f0f1eeccb2/master.m3u8
      ✅ The Expanse - 3.Sezon 13.Bölüm - 1 m3u8
   🔍 [37/62] Bölüm: https://diziyiizle4.com/the-expanse/4-sezon-1-bolum/
📺 Embed URL bulundu: https://vidlax1.xyz/embed/2ee91efbfea2def0
🔍 Embed URL kontrol ediliyor: https://vidlax1.xyz/embed/2ee91efbfea2def0
📄 Embed sayfa içeriği alındı, boyut: 43169 karakter
🎬 Video Başlığı: The Expanse
📝 Video Açıklaması: 4.Sezon 1.Bölüm
🎯 Tam Başlık: The Expanse - 4.Sezon 1.Bölüm
🎯 HEX DECODE - m3u8 bulundu: https://vidlax.xyz/upload/ec81a131c965aadbebb170f777729e7f11d5/master.m3u8
      ✅ The Expanse - 4.Sezon 1.Bölüm - 1 m3u8
   🔍 [38/62] Bölüm: https://diziyiizle4.com/the-expanse/4-sezon-2-bolum/
📺 Embed URL bulundu: https://vidlax1.xyz/embed/f205124f10f79a93
🔍 Embed URL kontrol ediliyor: https://vidlax1.xyz/embed/f205124f10f79a93
📄 Embed sayfa içeriği alındı, boyut: 43169 karakter
🎬 Video Başlığı: The Expanse
📝 Video Açıklaması: 4.Sezon 2.Bölüm
🎯 Tam Başlık: The Expanse - 4.Sezon 2.Bölüm
🎯 HEX DECODE - m3u8 bulundu: https://vidlax.xyz/upload/cf87fc64d884959b36fe8a97133f0773de9d/master.m3u8
      ✅ The Expanse - 4.Sezon 2.Bölüm - 1 m3u8
   🔍 [39/62] Bölüm: https://diziyiizle4.com/the-expanse/4-sezon-3-bolum/
📺 Embed URL bulundu: https://vidlax1.xyz/embed/fb3233f1bfa62d78
🔍 Embed URL kontrol ediliyor: https://vidlax1.xyz/embed/fb3233f1bfa62d78
📄 Embed sayfa içeriği alındı, boyut: 43169 karakter
🎬 Video Başlığı: The Expanse
📝 Video Açıklaması: 4.Sezon 3.Bölüm
🎯 Tam Başlık: The Expanse - 4.Sezon 3.Bölüm
🎯 HEX DECODE - m3u8 bulundu: https://vidlax.xyz/upload/875fa7ce9e08900e7c4a9a55d52fbbf730da/master.m3u8
      ✅ The Expanse - 4.Sezon 3.Bölüm - 1 m3u8
   🔍 [40/62] Bölüm: https://diziyiizle4.com/the-expanse/4-sezon-4-bolum/
📺 Embed URL bulundu: https://vidlax1.xyz/embed/9d9af9e221e26202
🔍 Embed URL kontrol ediliyor: https://vidlax1.xyz/embed/9d9af9e221e26202
📄 Embed sayfa içeriği alındı, boyut: 43169 karakter
🎬 Video Başlığı: The Expanse
📝 Video Açıklaması: 4.Sezon 4.Bölüm
🎯 Tam Başlık: The Expanse - 4.Sezon 4.Bölüm
🎯 HEX DECODE - m3u8 bulundu: https://vidlax.xyz/upload/634846c1bb23698d0bd84fa229d8d2b9724b/master.m3u8
      ✅ The Expanse - 4.Sezon 4.Bölüm - 1 m3u8
   🔍 [41/62] Bölüm: https://diziyiizle4.com/the-expanse/4-sezon-5-bolum/
📺 Embed URL bulundu: https://vidlax1.xyz/embed/a41fd230da159e72
🔍 Embed URL kontrol ediliyor: https://vidlax1.xyz/embed/a41fd230da159e72
📄 Embed sayfa içeriği alındı, boyut: 43323 karakter
🎬 Video Başlığı: The Expanse
📝 Video Açıklaması: 4.Sezon 5.Bölüm
🎯 Tam Başlık: The Expanse - 4.Sezon 5.Bölüm
🎯 HEX DECODE - m3u8 bulundu: https://vidlax.xyz/upload/bbf220b86b665e26e7736bebae50c57c7fd2/master.m3u8
      ✅ The Expanse - 4.Sezon 5.Bölüm - 1 m3u8
   🔍 [42/62] Bölüm: https://diziyiizle4.com/the-expanse/4-sezon-6-bolum/
📺 Embed URL bulundu: https://vidlax1.xyz/embed/8c81dae01d2d2849
🔍 Embed URL kontrol ediliyor: https://vidlax1.xyz/embed/8c81dae01d2d2849
📄 Embed sayfa içeriği alındı, boyut: 43169 karakter
🎬 Video Başlığı: The Expanse
📝 Video Açıklaması: 4.Sezon 6.Bölüm
🎯 Tam Başlık: The Expanse - 4.Sezon 6.Bölüm
🎯 HEX DECODE - m3u8 bulundu: https://vidlax.xyz/upload/3e5aaaad932758791ae5a10cfeafd0c40b5f/master.m3u8
      ✅ The Expanse - 4.Sezon 6.Bölüm - 1 m3u8
   🔍 [43/62] Bölüm: https://diziyiizle4.com/the-expanse/4-sezon-7-bolum/
📺 Embed URL bulundu: https://vidlax1.xyz/embed/2356c4cfc7bca6d4
🔍 Embed URL kontrol ediliyor: https://vidlax1.xyz/embed/2356c4cfc7bca6d4
📄 Embed sayfa içeriği alındı, boyut: 43167 karakter
🎬 Video Başlığı: The Expanse
📝 Video Açıklaması: 4.Sezon 7.Bölüm
🎯 Tam Başlık: The Expanse - 4.Sezon 7.Bölüm
🎯 HEX DECODE - m3u8 bulundu: https://vidlax.xyz/upload/08f4fcdda1a33bca8165f99157d19fc5eab8/master.m3u8
      ✅ The Expanse - 4.Sezon 7.Bölüm - 1 m3u8
   🔍 [44/62] Bölüm: https://diziyiizle4.com/the-expanse/4-sezon-8-bolum/
📺 Embed URL bulundu: https://vidlax1.xyz/embed/7a8c0e36f237e56e
🔍 Embed URL kontrol ediliyor: https://vidlax1.xyz/embed/7a8c0e36f237e56e
📄 Embed sayfa içeriği alındı, boyut: 43323 karakter
🎬 Video Başlığı: The Expanse
📝 Video Açıklaması: 4.Sezon 8.Bölüm
🎯 Tam Başlık: The Expanse - 4.Sezon 8.Bölüm
🎯 HEX DECODE - m3u8 bulundu: https://vidlax.xyz/upload/de65b0127f94942ab141605fe9a41f5cae20/master.m3u8
      ✅ The Expanse - 4.Sezon 8.Bölüm - 1 m3u8
   🔍 [45/62] Bölüm: https://diziyiizle4.com/the-expanse/4-sezon-9-bolum/
📺 Embed URL bulundu: https://vidlax1.xyz/embed/16c562a08db65b37
🔍 Embed URL kontrol ediliyor: https://vidlax1.xyz/embed/16c562a08db65b37
📄 Embed sayfa içeriği alındı, boyut: 43169 karakter
🎬 Video Başlığı: The Expanse
📝 Video Açıklaması: 4.Sezon 9.Bölüm
🎯 Tam Başlık: The Expanse - 4.Sezon 9.Bölüm
🎯 HEX DECODE - m3u8 bulundu: https://vidlax.xyz/upload/22c09226c0e04c4b59e90386f54a393578cd/master.m3u8
      ✅ The Expanse - 4.Sezon 9.Bölüm - 1 m3u8
   🔍 [46/62] Bölüm: https://diziyiizle4.com/the-expanse/4-sezon-10-bolum/
📺 Embed URL bulundu: https://vidlax1.xyz/embed/d30ec7f03334b729
🔍 Embed URL kontrol ediliyor: https://vidlax1.xyz/embed/d30ec7f03334b729
📄 Embed sayfa içeriği alındı, boyut: 43324 karakter
🎬 Video Başlığı: The Expanse
📝 Video Açıklaması: 4.Sezon 10.Bölüm
🎯 Tam Başlık: The Expanse - 4.Sezon 10.Bölüm
🎯 HEX DECODE - m3u8 bulundu: https://vidlax.xyz/upload/2b99d989b0fcf16ef0990ef6873f5702c89b/master.m3u8
      ✅ The Expanse - 4.Sezon 10.Bölüm - 1 m3u8
   🔍 [47/62] Bölüm: https://diziyiizle4.com/the-expanse/5-sezon-1-bolum/
📺 Embed URL bulundu: https://vidlax1.xyz/embed/c5e9e660a6f5d953
🔍 Embed URL kontrol ediliyor: https://vidlax1.xyz/embed/c5e9e660a6f5d953
📄 Embed sayfa içeriği alındı, boyut: 42970 karakter
🎬 Video Başlığı: The Expanse
📝 Video Açıklaması: 5.Sezon 1.Bölüm
🎯 Tam Başlık: The Expanse - 5.Sezon 1.Bölüm
🎯 HEX DECODE - m3u8 bulundu: https://vidlax.xyz/upload/47b07a12fcfeb71a002f1d6729f3a754fbdb/master.m3u8
      ✅ The Expanse - 5.Sezon 1.Bölüm - 1 m3u8
   🔍 [48/62] Bölüm: https://diziyiizle4.com/the-expanse/5-sezon-2-bolum/
📺 Embed URL bulundu: https://vidlax1.xyz/embed/e257e589cc69233b
🔍 Embed URL kontrol ediliyor: https://vidlax1.xyz/embed/e257e589cc69233b
📄 Embed sayfa içeriği alındı, boyut: 43147 karakter
🎬 Video Başlığı: The Expanse
📝 Video Açıklaması: 5.Sezon 2.Bölüm
🎯 Tam Başlık: The Expanse - 5.Sezon 2.Bölüm
🎯 HEX DECODE - m3u8 bulundu: https://vidlax.xyz/upload/c40b14ced4388e056eaded8d04cd1ee3c40f/master.m3u8
      ✅ The Expanse - 5.Sezon 2.Bölüm - 1 m3u8
   🔍 [49/62] Bölüm: https://diziyiizle4.com/the-expanse/5-sezon-3-bolum/
📺 Embed URL bulundu: https://vidlax1.xyz/embed/d6ee21cdd3db71e6
🔍 Embed URL kontrol ediliyor: https://vidlax1.xyz/embed/d6ee21cdd3db71e6
📄 Embed sayfa içeriği alındı, boyut: 42972 karakter
🎬 Video Başlığı: The Expanse
📝 Video Açıklaması: 5.Sezon 3.Bölüm
🎯 Tam Başlık: The Expanse - 5.Sezon 3.Bölüm
🎯 HEX DECODE - m3u8 bulundu: https://vidlax.xyz/upload/2d0703bd69f7231c3eb80d41ccc1a69aa61a/master.m3u8
      ✅ The Expanse - 5.Sezon 3.Bölüm - 1 m3u8
   🔍 [50/62] Bölüm: https://diziyiizle4.com/the-expanse/5-sezon-4-bolum/
📺 Embed URL bulundu: https://vidlax1.xyz/embed/ce8d1d94a40c38bf
🔍 Embed URL kontrol ediliyor: https://vidlax1.xyz/embed/ce8d1d94a40c38bf
📄 Embed sayfa içeriği alındı, boyut: 42972 karakter
🎬 Video Başlığı: The Expanse
📝 Video Açıklaması: 5.Sezon 4.Bölüm
🎯 Tam Başlık: The Expanse - 5.Sezon 4.Bölüm
🎯 HEX DECODE - m3u8 bulundu: https://vidlax.xyz/upload/4b37a9ab1e0db8d20a0f47bc7433d16045d8/master.m3u8
      ✅ The Expanse - 5.Sezon 4.Bölüm - 1 m3u8
   🔍 [51/62] Bölüm: https://diziyiizle4.com/the-expanse/5-sezon-5-bolum/
📺 Embed URL bulundu: https://vidlax1.xyz/embed/1a8d6eff790d7d3f
🔍 Embed URL kontrol ediliyor: https://vidlax1.xyz/embed/1a8d6eff790d7d3f
📄 Embed sayfa içeriği alındı, boyut: 42970 karakter
🎬 Video Başlığı: The Expanse
📝 Video Açıklaması: 5.Sezon 5.Bölüm
🎯 Tam Başlık: The Expanse - 5.Sezon 5.Bölüm
🎯 HEX DECODE - m3u8 bulundu: https://vidlax.xyz/upload/6090c14b0f32f98a3f072e9ebb53bc00ea21/master.m3u8
      ✅ The Expanse - 5.Sezon 5.Bölüm - 1 m3u8
   🔍 [52/62] Bölüm: https://diziyiizle4.com/the-expanse/5-sezon-6-bolum/
📺 Embed URL bulundu: https://vidlax1.xyz/embed/94707a265c98c484
🔍 Embed URL kontrol ediliyor: https://vidlax1.xyz/embed/94707a265c98c484
📄 Embed sayfa içeriği alındı, boyut: 43147 karakter
🎬 Video Başlığı: The Expanse
📝 Video Açıklaması: 5.Sezon 6.Bölüm
🎯 Tam Başlık: The Expanse - 5.Sezon 6.Bölüm
🎯 HEX DECODE - m3u8 bulundu: https://vidlax.xyz/upload/0d5e0e6beb6ba106638babd54551b5f67fed/master.m3u8
      ✅ The Expanse - 5.Sezon 6.Bölüm - 1 m3u8
   🔍 [53/62] Bölüm: https://diziyiizle4.com/the-expanse/5-sezon-7-bolum/
📺 Embed URL bulundu: https://vidlax1.xyz/embed/bd31184602f08a99
🔍 Embed URL kontrol ediliyor: https://vidlax1.xyz/embed/bd31184602f08a99
📄 Embed sayfa içeriği alındı, boyut: 42995 karakter
🎬 Video Başlığı: The Expanse
📝 Video Açıklaması: 5.Sezon 7.Bölüm
🎯 Tam Başlık: The Expanse - 5.Sezon 7.Bölüm
🎯 HEX DECODE - m3u8 bulundu: https://vidlax.xyz/upload/408ba0cc83b971f8daa94dc93d1d22470766/master.m3u8
      ✅ The Expanse - 5.Sezon 7.Bölüm - 1 m3u8
   🔍 [54/62] Bölüm: https://diziyiizle4.com/the-expanse/5-sezon-8-bolum/
📺 Embed URL bulundu: https://vidlax1.xyz/embed/73aeab973be2868a
🔍 Embed URL kontrol ediliyor: https://vidlax1.xyz/embed/73aeab973be2868a
📄 Embed sayfa içeriği alındı, boyut: 42970 karakter
🎬 Video Başlığı: The Expanse
📝 Video Açıklaması: 5.Sezon 8.Bölüm
🎯 Tam Başlık: The Expanse - 5.Sezon 8.Bölüm
🎯 HEX DECODE - m3u8 bulundu: https://vidlax.xyz/upload/2f635aa1fc04071dd213d3fa12fd476fa33b/master.m3u8
      ✅ The Expanse - 5.Sezon 8.Bölüm - 1 m3u8
   🔍 [55/62] Bölüm: https://diziyiizle4.com/the-expanse/5-sezon-9-bolum/
📺 Embed URL bulundu: https://vidlax1.xyz/embed/9fa703e93c5356c7
🔍 Embed URL kontrol ediliyor: https://vidlax1.xyz/embed/9fa703e93c5356c7
📄 Embed sayfa içeriği alındı, boyut: 42970 karakter
🎬 Video Başlığı: The Expanse
📝 Video Açıklaması: 5.Sezon 9.Bölüm
🎯 Tam Başlık: The Expanse - 5.Sezon 9.Bölüm
🎯 HEX DECODE - m3u8 bulundu: https://vidlax.xyz/upload/ee59aeb7c8be03a9c9299ac56d710ab5f9fe/master.m3u8
      ✅ The Expanse - 5.Sezon 9.Bölüm - 1 m3u8
   🔍 [56/62] Bölüm: https://diziyiizle4.com/the-expanse/5-sezon-10-bolum/
📺 Embed URL bulundu: https://vidlax1.xyz/embed/187b95f0cd4f3583
🔍 Embed URL kontrol ediliyor: https://vidlax1.xyz/embed/187b95f0cd4f3583
📄 Embed sayfa içeriği alındı, boyut: 42971 karakter
🎬 Video Başlığı: The Expanse
📝 Video Açıklaması: 5.Sezon 10.Bölüm
🎯 Tam Başlık: The Expanse - 5.Sezon 10.Bölüm
🎯 HEX DECODE - m3u8 bulundu: https://vidlax.xyz/upload/f50a39f74eb013307c7425a344c7dfb3bf65/master.m3u8
      ✅ The Expanse - 5.Sezon 10.Bölüm - 1 m3u8
   🔍 [57/62] Bölüm: https://diziyiizle4.com/the-expanse/6-sezon-1-bolum/
📺 Embed URL bulundu: https://vidlax1.xyz/embed/8736a4f6a349d09a
🔍 Embed URL kontrol ediliyor: https://vidlax1.xyz/embed/8736a4f6a349d09a
📄 Embed sayfa içeriği alındı, boyut: 42993 karakter
🎬 Video Başlığı: The Expanse
📝 Video Açıklaması: 6.Sezon 1.Bölüm
🎯 Tam Başlık: The Expanse - 6.Sezon 1.Bölüm
🎯 HEX DECODE - m3u8 bulundu: https://vidlax.xyz/upload/0a523511370958200da1b4f8743cdf2711bf/master.m3u8
      ✅ The Expanse - 6.Sezon 1.Bölüm - 1 m3u8
   🔍 [58/62] Bölüm: https://diziyiizle4.com/the-expanse/6-sezon-2-bolum/
📺 Embed URL bulundu: https://vidlax1.xyz/embed/9f21f6ad42e94b78
🔍 Embed URL kontrol ediliyor: https://vidlax1.xyz/embed/9f21f6ad42e94b78
📄 Embed sayfa içeriği alındı, boyut: 42993 karakter
🎬 Video Başlığı: The Expanse
📝 Video Açıklaması: 6.Sezon 2.Bölüm
🎯 Tam Başlık: The Expanse - 6.Sezon 2.Bölüm
🎯 HEX DECODE - m3u8 bulundu: https://vidlax.xyz/upload/c9cf77ac2c21a5e0c80c160002214ec25d3b/master.m3u8
      ✅ The Expanse - 6.Sezon 2.Bölüm - 1 m3u8
   🔍 [59/62] Bölüm: https://diziyiizle4.com/the-expanse/6-sezon-3-bolum/
📺 Embed URL bulundu: https://vidlax1.xyz/embed/881fe7fe707f2fcf
🔍 Embed URL kontrol ediliyor: https://vidlax1.xyz/embed/881fe7fe707f2fcf
📄 Embed sayfa içeriği alındı, boyut: 42993 karakter
🎬 Video Başlığı: The Expanse
📝 Video Açıklaması: 6.Sezon 3.Bölüm
🎯 Tam Başlık: The Expanse - 6.Sezon 3.Bölüm
🎯 HEX DECODE - m3u8 bulundu: https://vidlax.xyz/upload/28a9975dd8e72151b5bf786da3da57dd79fc/master.m3u8
      ✅ The Expanse - 6.Sezon 3.Bölüm - 1 m3u8
   🔍 [60/62] Bölüm: https://diziyiizle4.com/the-expanse/6-sezon-4-bolum/
📺 Embed URL bulundu: https://vidlax1.xyz/embed/3692c65f7ad15008
🔍 Embed URL kontrol ediliyor: https://vidlax1.xyz/embed/3692c65f7ad15008
📄 Embed sayfa içeriği alındı, boyut: 42993 karakter
🎬 Video Başlığı: The Expanse
📝 Video Açıklaması: 6.Sezon 4.Bölüm
🎯 Tam Başlık: The Expanse - 6.Sezon 4.Bölüm
🎯 HEX DECODE - m3u8 bulundu: https://vidlax.xyz/upload/e97d0ba77ed67f822816450b73a41ad6ddfb/master.m3u8
      ✅ The Expanse - 6.Sezon 4.Bölüm - 1 m3u8
   🔍 [61/62] Bölüm: https://diziyiizle4.com/the-expanse/6-sezon-5-bolum/
📺 Embed URL bulundu: https://vidlax1.xyz/embed/2d8401b75afd0f4e
🔍 Embed URL kontrol ediliyor: https://vidlax1.xyz/embed/2d8401b75afd0f4e
📄 Embed sayfa içeriği alındı, boyut: 42993 karakter
🎬 Video Başlığı: The Expanse
📝 Video Açıklaması: 6.Sezon 5.Bölüm
🎯 Tam Başlık: The Expanse - 6.Sezon 5.Bölüm
🎯 HEX DECODE - m3u8 bulundu: https://vidlax.xyz/upload/291e803657245a26494cc3a3c7c0322c58f4/master.m3u8
      ✅ The Expanse - 6.Sezon 5.Bölüm - 1 m3u8
   🔍 [62/62] Bölüm: https://diziyiizle4.com/the-expanse/6-sezon-6-bolum/
📺 Embed URL bulundu: https://vidlax1.xyz/embed/aa5854aa06f1935b
🔍 Embed URL kontrol ediliyor: https://vidlax1.xyz/embed/aa5854aa06f1935b
📄 Embed sayfa içeriği alındı, boyut: 42804 karakter
🎬 Video Başlığı: The Expanse
📝 Video Açıklaması: 6.Sezon 6.Bölüm
🎯 Tam Başlık: The Expanse - 6.Sezon 6.Bölüm
🎯 HEX DECODE - m3u8 bulundu: https://vidlax.xyz/upload/3f9f9e9685c63d87883b10e3ef85a8ab8ffa/master.m3u8
      ✅ The Expanse - 6.Sezon 6.Bölüm - 1 m3u8
      📁 Dizi playlist: playlists/the_expanse_playlist.m3u
   ✅ Dizi tamamlandı: 62 m3u8 eklendi

============================================================
🎬 [11/56] İşleniyor: https://diziyiizle4.com/dizi/malice/
📺 Bölüm bulundu: 1. Sezon 1. BölümDublaj14.11.2025 - https://diziyiizle4.com/malice/1-sezon-1-bolum/
📺 Bölüm bulundu: 1. Sezon 2. BölümDublaj14.11.2025 - https://diziyiizle4.com/malice/1-sezon-2-bolum/
📺 Bölüm bulundu: 1. Sezon 3. BölümDublaj14.11.2025 - https://diziyiizle4.com/malice/1-sezon-3-bolum/
📺 Bölüm bulundu: 1. Sezon 4. BölümDublaj14.11.2025 - https://diziyiizle4.com/malice/1-sezon-4-bolum/
📺 Bölüm bulundu: 1. Sezon 5. BölümDublaj14.11.2025 - https://diziyiizle4.com/malice/1-sezon-5-bolum/
📺 Bölüm bulundu: 1. Sezon 6. BölümDublaj14.11.2025 - https://diziyiizle4.com/malice/1-sezon-6-bolum/

📊 Toplam 6 bölüm bulundu
   🔍 [1/6] Bölüm: https://diziyiizle4.com/malice/1-sezon-1-bolum/
📺 Embed URL bulundu: https://vidlax1.xyz/embed/1d47887fae92ab58
🔍 Embed URL kontrol ediliyor: https://vidlax1.xyz/embed/1d47887fae92ab58
📄 Embed sayfa içeriği alındı, boyut: 43137 karakter
🎬 Video Başlığı: Malice
📝 Video Açıklaması: 1.Sezon 1.Bölüm
🎯 Tam Başlık: Malice - 1.Sezon 1.Bölüm
🎯 HEX DECODE - m3u8 bulundu: https://vidlax.xyz/upload/ddb8a8556fdee6c8d07ca8eeef3de21aebea/master.m3u8
      ✅ Malice - 1.Sezon 1.Bölüm - 1 m3u8
   🔍 [2/6] Bölüm: https://diziyiizle4.com/malice/1-sezon-2-bolum/
📺 Embed URL bulundu: https://vidlax1.xyz/embed/865a335b06deb3ed
🔍 Embed URL kontrol ediliyor: https://vidlax1.xyz/embed/865a335b06deb3ed
📄 Embed sayfa içeriği alındı, boyut: 43322 karakter
🎬 Video Başlığı: Malice
📝 Video Açıklaması: 1.Sezon 2.Bölüm
🎯 Tam Başlık: Malice - 1.Sezon 2.Bölüm
🎯 HEX DECODE - m3u8 bulundu: https://vidlax.xyz/upload/5265dc357d3bbb0b4bf125b95064f726d59d/master.m3u8
      ✅ Malice - 1.Sezon 2.Bölüm - 1 m3u8
   🔍 [3/6] Bölüm: https://diziyiizle4.com/malice/1-sezon-3-bolum/
📺 Embed URL bulundu: https://vidlax1.xyz/embed/4f735286c8c8573c
🔍 Embed URL kontrol ediliyor: https://vidlax1.xyz/embed/4f735286c8c8573c
📄 Embed sayfa içeriği alındı, boyut: 43308 karakter
🎬 Video Başlığı: Malice
📝 Video Açıklaması: 1.Sezon 3.Bölüm
🎯 Tam Başlık: Malice - 1.Sezon 3.Bölüm
🎯 HEX DECODE - m3u8 bulundu: https://vidlax.xyz/upload/5f917d9ee76a36fa6055f73058b699198f71/master.m3u8
      ✅ Malice - 1.Sezon 3.Bölüm - 1 m3u8
   🔍 [4/6] Bölüm: https://diziyiizle4.com/malice/1-sezon-4-bolum/
📺 Embed URL bulundu: https://vidlax1.xyz/embed/d5ed1a771d699517
🔍 Embed URL kontrol ediliyor: https://vidlax1.xyz/embed/d5ed1a771d699517
📄 Embed sayfa içeriği alındı, boyut: 43308 karakter
🎬 Video Başlığı: Malice
📝 Video Açıklaması: 1.Sezon 4.Bölüm
🎯 Tam Başlık: Malice - 1.Sezon 4.Bölüm
🎯 HEX DECODE - m3u8 bulundu: https://vidlax.xyz/upload/9af01703ec95e88f9ee271442172f8fcb6ed/master.m3u8
      ✅ Malice - 1.Sezon 4.Bölüm - 1 m3u8
   🔍 [5/6] Bölüm: https://diziyiizle4.com/malice/1-sezon-5-bolum/
📺 Embed URL bulundu: https://vidlax1.xyz/embed/e4a57100af3ff7f7
🔍 Embed URL kontrol ediliyor: https://vidlax1.xyz/embed/e4a57100af3ff7f7
📄 Embed sayfa içeriği alındı, boyut: 43137 karakter
🎬 Video Başlığı: Malice
📝 Video Açıklaması: 1.Sezon 5.Bölüm
🎯 Tam Başlık: Malice - 1.Sezon 5.Bölüm
🎯 HEX DECODE - m3u8 bulundu: https://vidlax.xyz/upload/1e779dac072119fc667c5b34b2384526491a/master.m3u8
      ✅ Malice - 1.Sezon 5.Bölüm - 1 m3u8
   🔍 [6/6] Bölüm: https://diziyiizle4.com/malice/1-sezon-6-bolum/
📺 Embed URL bulundu: https://vidlax1.xyz/embed/7f426317d01557d2
🔍 Embed URL kontrol ediliyor: https://vidlax1.xyz/embed/7f426317d01557d2
📄 Embed sayfa içeriği alındı, boyut: 42964 karakter
🎬 Video Başlığı: Malice
📝 Video Açıklaması: 1.Sezon 6.Bölüm
🎯 Tam Başlık: Malice - 1.Sezon 6.Bölüm
🎯 HEX DECODE - m3u8 bulundu: https://vidlax.xyz/upload/a4efc74cd0917e96247fbdc42022c9ea7b5b/master.m3u8
      ✅ Malice - 1.Sezon 6.Bölüm - 1 m3u8
      📁 Dizi playlist: playlists/malice_playlist.m3u
   ✅ Dizi tamamlandı: 6 m3u8 eklendi

============================================================
🎬 [12/56] İşleniyor: https://diziyiizle4.com/dizi/el-cuco-de-cristal/
📺 Bölüm bulundu: 1. Sezon 1. BölümDublaj14.11.2025 - https://diziyiizle4.com/el-cuco-de-cristal/1-sezon-1-bolum/
📺 Bölüm bulundu: 1. Sezon 2. BölümDublaj14.11.2025 - https://diziyiizle4.com/el-cuco-de-cristal/1-sezon-2-bolum/
📺 Bölüm bulundu: 1. Sezon 3. BölümDublaj14.11.2025 - https://diziyiizle4.com/el-cuco-de-cristal/1-sezon-3-bolum/
📺 Bölüm bulundu: 1. Sezon 4. BölümDublaj14.11.2025 - https://diziyiizle4.com/el-cuco-de-cristal/1-sezon-4-bolum/
📺 Bölüm bulundu: 1. Sezon 5. BölümDublaj14.11.2025 - https://diziyiizle4.com/el-cuco-de-cristal/1-sezon-5-bolum/
📺 Bölüm bulundu: 1. Sezon 6. BölümDublaj14.11.2025 - https://diziyiizle4.com/el-cuco-de-cristal/1-sezon-6-bolum/

📊 Toplam 6 bölüm bulundu
   🔍 [1/6] Bölüm: https://diziyiizle4.com/el-cuco-de-cristal/1-sezon-1-bolum/
📺 Embed URL bulundu: https://vidlax1.xyz/embed/44383b0380ff7ade
🔍 Embed URL kontrol ediliyor: https://vidlax1.xyz/embed/44383b0380ff7ade
📄 Embed sayfa içeriği alındı, boyut: 43347 karakter
🎬 Video Başlığı: The Crystal Cuckoo
📝 Video Açıklaması: 1.Sezon 1.Bölüm
🎯 Tam Başlık: The Crystal Cuckoo - 1.Sezon 1.Bölüm
🎯 HEX DECODE - m3u8 bulundu: https://vidlax.xyz/upload/8ee103e48ad0defe1fd171ee48ed42591ce9/master.m3u8
      ✅ The Crystal Cuckoo - 1.Sezon 1.Bölüm - 1 m3u8
   🔍 [2/6] Bölüm: https://diziyiizle4.com/el-cuco-de-cristal/1-sezon-2-bolum/
📺 Embed URL bulundu: https://vidlax1.xyz/embed/722b1aceb445e754
🔍 Embed URL kontrol ediliyor: https://vidlax1.xyz/embed/722b1aceb445e754
📄 Embed sayfa içeriği alındı, boyut: 43347 karakter
🎬 Video Başlığı: The Crystal Cuckoo
📝 Video Açıklaması: 1.Sezon 2.Bölüm
🎯 Tam Başlık: The Crystal Cuckoo - 1.Sezon 2.Bölüm
🎯 HEX DECODE - m3u8 bulundu: https://vidlax.xyz/upload/27f208915ce7cbc60efa074cb7ef25a0eb1c/master.m3u8
      ✅ The Crystal Cuckoo - 1.Sezon 2.Bölüm - 1 m3u8
   🔍 [3/6] Bölüm: https://diziyiizle4.com/el-cuco-de-cristal/1-sezon-3-bolum/
📺 Embed URL bulundu: https://vidlax1.xyz/embed/cd2d2b93e13105fc
🔍 Embed URL kontrol ediliyor: https://vidlax1.xyz/embed/cd2d2b93e13105fc
📄 Embed sayfa içeriği alındı, boyut: 43349 karakter
🎬 Video Başlığı: The Crystal Cuckoo
📝 Video Açıklaması: 1.Sezon 3.Bölüm
🎯 Tam Başlık: The Crystal Cuckoo - 1.Sezon 3.Bölüm
🎯 HEX DECODE - m3u8 bulundu: https://vidlax.xyz/upload/088204ee7872cc11116c330dbec02199109e/master.m3u8
      ✅ The Crystal Cuckoo - 1.Sezon 3.Bölüm - 1 m3u8
   🔍 [4/6] Bölüm: https://diziyiizle4.com/el-cuco-de-cristal/1-sezon-4-bolum/
📺 Embed URL bulundu: https://vidlax1.xyz/embed/06df9047bca91ba4
🔍 Embed URL kontrol ediliyor: https://vidlax1.xyz/embed/06df9047bca91ba4
📄 Embed sayfa içeriği alındı, boyut: 43347 karakter
🎬 Video Başlığı: The Crystal Cuckoo
📝 Video Açıklaması: 1.Sezon 4.Bölüm
🎯 Tam Başlık: The Crystal Cuckoo - 1.Sezon 4.Bölüm
🎯 HEX DECODE - m3u8 bulundu: https://vidlax.xyz/upload/757b3ae71490edcfe299d036cd8fbd8eecb4/master.m3u8
      ✅ The Crystal Cuckoo - 1.Sezon 4.Bölüm - 1 m3u8
   🔍 [5/6] Bölüm: https://diziyiizle4.com/el-cuco-de-cristal/1-sezon-5-bolum/
📺 Embed URL bulundu: https://vidlax1.xyz/embed/ac8a9943a27d4825
🔍 Embed URL kontrol ediliyor: https://vidlax1.xyz/embed/ac8a9943a27d4825
📄 Embed sayfa içeriği alındı, boyut: 43354 karakter
🎬 Video Başlığı: The Crystal Cuckoo
📝 Video Açıklaması: 1.Sezon 5.Bölüm
🎯 Tam Başlık: The Crystal Cuckoo - 1.Sezon 5.Bölüm
🎯 HEX DECODE - m3u8 bulundu: https://vidlax.xyz/upload/08b960421ff8eccbf52f05b7012446e8f7ee/master.m3u8
      ✅ The Crystal Cuckoo - 1.Sezon 5.Bölüm - 1 m3u8
   🔍 [6/6] Bölüm: https://diziyiizle4.com/el-cuco-de-cristal/1-sezon-6-bolum/
📺 Embed URL bulundu: https://vidlax1.xyz/embed/7b080278b3f9bdd9
🔍 Embed URL kontrol ediliyor: https://vidlax1.xyz/embed/7b080278b3f9bdd9
📄 Embed sayfa içeriği alındı, boyut: 43178 karakter
🎬 Video Başlığı: The Crystal Cuckoo
📝 Video Açıklaması: 1.Sezon 6.Bölüm
🎯 Tam Başlık: The Crystal Cuckoo - 1.Sezon 6.Bölüm
🎯 HEX DECODE - m3u8 bulundu: https://vidlax.xyz/upload/f6ec9ec97780f4d5a2db5d6b5c62f0da8473/master.m3u8
      ✅ The Crystal Cuckoo - 1.Sezon 6.Bölüm - 1 m3u8
      📁 Dizi playlist: playlists/el_cuco_de_cristal_playlist.m3u
   ✅ Dizi tamamlandı: 6 m3u8 eklendi

============================================================
🎬 [13/56] İşleniyor: https://diziyiizle4.com/dizi/antrenor/
📺 Bölüm bulundu: 1. Sezon 1. BölümDual14.11.2025 - https://diziyiizle4.com/antrenor/1-sezon-1-bolum/
📺 Bölüm bulundu: 1. Sezon 2. BölümDual14.11.2025 - https://diziyiizle4.com/antrenor/1-sezon-2-bolum/
📺 Bölüm bulundu: 1. Sezon 3. BölümDual14.11.2025 - https://diziyiizle4.com/antrenor/1-sezon-3-bolum/
📺 Bölüm bulundu: 1. Sezon 4. BölümDual14.11.2025 - https://diziyiizle4.com/antrenor/1-sezon-4-bolum/
📺 Bölüm bulundu: 1. Sezon 5. BölümDual14.11.2025 - https://diziyiizle4.com/antrenor/1-sezon-5-bolum/
📺 Bölüm bulundu: 1. Sezon 6. BölümDual14.11.2025 - https://diziyiizle4.com/antrenor/1-sezon-6-bolum/
📺 Bölüm bulundu: 1. Sezon 7. BölümDual14.11.2025 - https://diziyiizle4.com/antrenor/1-sezon-7-bolum/
📺 Bölüm bulundu: 1. Sezon 8. BölümDual14.11.2025 - https://diziyiizle4.com/antrenor/1-sezon-8-bolum/
📺 Bölüm bulundu: 1. Sezon 9. BölümDual14.11.2025 - https://diziyiizle4.com/antrenor/1-sezon-9-bolum/
📺 Bölüm bulundu: 1. Sezon 10. BölümDual14.11.2025 - https://diziyiizle4.com/antrenor/1-sezon-10-bolum/

📊 Toplam 10 bölüm bulundu
   🔍 [1/10] Bölüm: https://diziyiizle4.com/antrenor/1-sezon-1-bolum/
📺 Embed URL bulundu: https://vidlax1.xyz/embed/5d54b2f474524eda
🔍 Embed URL kontrol ediliyor: https://vidlax1.xyz/embed/5d54b2f474524eda
📄 Embed sayfa içeriği alındı, boyut: 40258 karakter
🎬 Video Başlığı: Antrenör
📝 Video Açıklaması: 1.Sezon 1.Bölüm
🎯 Tam Başlık: Antrenör - 1.Sezon 1.Bölüm
🎯 HEX DECODE - m3u8 bulundu: https://vidlax.xyz/upload/ef2d7afa656bf5a42ef4fcf7d596a0d34a31/master.m3u8
      ✅ Antrenör - 1.Sezon 1.Bölüm - 1 m3u8
   🔍 [2/10] Bölüm: https://diziyiizle4.com/antrenor/1-sezon-2-bolum/
📺 Embed URL bulundu: https://vidlax1.xyz/embed/6bb4a3ea494d0c68
🔍 Embed URL kontrol ediliyor: https://vidlax1.xyz/embed/6bb4a3ea494d0c68
📄 Embed sayfa içeriği alındı, boyut: 40258 karakter
🎬 Video Başlığı: Antrenör
📝 Video Açıklaması: 1.Sezon 2.Bölüm
🎯 Tam Başlık: Antrenör - 1.Sezon 2.Bölüm
🎯 HEX DECODE - m3u8 bulundu: https://vidlax.xyz/upload/8608db675dc888b6836fd01454e304016e52/master.m3u8
      ✅ Antrenör - 1.Sezon 2.Bölüm - 1 m3u8
   🔍 [3/10] Bölüm: https://diziyiizle4.com/antrenor/1-sezon-3-bolum/
📺 Embed URL bulundu: https://vidlax1.xyz/embed/857cf08c5d3f1065
🔍 Embed URL kontrol ediliyor: https://vidlax1.xyz/embed/857cf08c5d3f1065
📄 Embed sayfa içeriği alındı, boyut: 40258 karakter
🎬 Video Başlığı: Antrenör
📝 Video Açıklaması: 1.Sezon 3.Bölüm
🎯 Tam Başlık: Antrenör - 1.Sezon 3.Bölüm
🎯 HEX DECODE - m3u8 bulundu: https://vidlax.xyz/upload/3cbf70ac302dd99f99c8dec0a91d884592a9/master.m3u8
      ✅ Antrenör - 1.Sezon 3.Bölüm - 1 m3u8
   🔍 [4/10] Bölüm: https://diziyiizle4.com/antrenor/1-sezon-4-bolum/
📺 Embed URL bulundu: https://vidlax1.xyz/embed/5962efee3c99dd6a
🔍 Embed URL kontrol ediliyor: https://vidlax1.xyz/embed/5962efee3c99dd6a
📄 Embed sayfa içeriği alındı, boyut: 40258 karakter
🎬 Video Başlığı: Antrenör
📝 Video Açıklaması: 1.Sezon 4.Bölüm
🎯 Tam Başlık: Antrenör - 1.Sezon 4.Bölüm
🎯 HEX DECODE - m3u8 bulundu: https://vidlax.xyz/upload/07233fa34de568f2646cdac49a4725ed3562/master.m3u8
      ✅ Antrenör - 1.Sezon 4.Bölüm - 1 m3u8
   🔍 [5/10] Bölüm: https://diziyiizle4.com/antrenor/1-sezon-5-bolum/
📺 Embed URL bulundu: https://vidlax1.xyz/embed/5ec27f9ed8de4c53
🔍 Embed URL kontrol ediliyor: https://vidlax1.xyz/embed/5ec27f9ed8de4c53
📄 Embed sayfa içeriği alındı, boyut: 40258 karakter
🎬 Video Başlığı: Antrenör
📝 Video Açıklaması: 1.Sezon 5.Bölüm
🎯 Tam Başlık: Antrenör - 1.Sezon 5.Bölüm
🎯 HEX DECODE - m3u8 bulundu: https://vidlax.xyz/upload/e7b0d6b607f1cfa19d75e44f6be82235ed2d/master.m3u8
      ✅ Antrenör - 1.Sezon 5.Bölüm - 1 m3u8
   🔍 [6/10] Bölüm: https://diziyiizle4.com/antrenor/1-sezon-6-bolum/
📺 Embed URL bulundu: https://vidlax1.xyz/embed/7d9148a7dd1e844d
🔍 Embed URL kontrol ediliyor: https://vidlax1.xyz/embed/7d9148a7dd1e844d
📄 Embed sayfa içeriği alındı, boyut: 40258 karakter
🎬 Video Başlığı: Antrenör
📝 Video Açıklaması: 1.Sezon 6.Bölüm
🎯 Tam Başlık: Antrenör - 1.Sezon 6.Bölüm
🎯 HEX DECODE - m3u8 bulundu: https://vidlax.xyz/upload/b2b0b3d547701d409a1c4a0774cf46de214e/master.m3u8
      ✅ Antrenör - 1.Sezon 6.Bölüm - 1 m3u8
   🔍 [7/10] Bölüm: https://diziyiizle4.com/antrenor/1-sezon-7-bolum/
📺 Embed URL bulundu: https://vidlax1.xyz/embed/ae42559f3c82f591
🔍 Embed URL kontrol ediliyor: https://vidlax1.xyz/embed/ae42559f3c82f591
📄 Embed sayfa içeriği alındı, boyut: 40258 karakter
🎬 Video Başlığı: Antrenör
📝 Video Açıklaması: 1.Sezon 7.Bölüm
🎯 Tam Başlık: Antrenör - 1.Sezon 7.Bölüm
🎯 HEX DECODE - m3u8 bulundu: https://vidlax.xyz/upload/fd92344362a5b75b220cf99c0c88465b5876/master.m3u8
      ✅ Antrenör - 1.Sezon 7.Bölüm - 1 m3u8
   🔍 [8/10] Bölüm: https://diziyiizle4.com/antrenor/1-sezon-8-bolum/
📺 Embed URL bulundu: https://vidlax1.xyz/embed/e91eb0dfc7e4fc0b
🔍 Embed URL kontrol ediliyor: https://vidlax1.xyz/embed/e91eb0dfc7e4fc0b
📄 Embed sayfa içeriği alındı, boyut: 40258 karakter
🎬 Video Başlığı: Antrenör
📝 Video Açıklaması: 1.Sezon 8.Bölüm
🎯 Tam Başlık: Antrenör - 1.Sezon 8.Bölüm
🎯 HEX DECODE - m3u8 bulundu: https://vidlax.xyz/upload/dd242554cffa15ec9d94671850af1ec4b934/master.m3u8
      ✅ Antrenör - 1.Sezon 8.Bölüm - 1 m3u8
   🔍 [9/10] Bölüm: https://diziyiizle4.com/antrenor/1-sezon-9-bolum/
📺 Embed URL bulundu: https://vidlax1.xyz/embed/c75563666011c3f8
🔍 Embed URL kontrol ediliyor: https://vidlax1.xyz/embed/c75563666011c3f8
📄 Embed sayfa içeriği alındı, boyut: 40258 karakter
🎬 Video Başlığı: Antrenör
📝 Video Açıklaması: 1.Sezon 9.Bölüm
🎯 Tam Başlık: Antrenör - 1.Sezon 9.Bölüm
🎯 HEX DECODE - m3u8 bulundu: https://vidlax.xyz/upload/1c1cc8a57484b4808205ceed8573cc09b0db/master.m3u8
      ✅ Antrenör - 1.Sezon 9.Bölüm - 1 m3u8
   🔍 [10/10] Bölüm: https://diziyiizle4.com/antrenor/1-sezon-10-bolum/
📺 Embed URL bulundu: https://vidlax1.xyz/embed/3a337820a08c69a8
🔍 Embed URL kontrol ediliyor: https://vidlax1.xyz/embed/3a337820a08c69a8
📄 Embed sayfa içeriği alındı, boyut: 40259 karakter
🎬 Video Başlığı: Antrenör
📝 Video Açıklaması: 1.Sezon 10.Bölüm
🎯 Tam Başlık: Antrenör - 1.Sezon 10.Bölüm
🎯 HEX DECODE - m3u8 bulundu: https://vidlax.xyz/upload/637861c32527e07af8335d93cc3e7896d0f8/master.m3u8
      ✅ Antrenör - 1.Sezon 10.Bölüm - 1 m3u8
      📁 Dizi playlist: playlists/antrenor_playlist.m3u
   ✅ Dizi tamamlandı: 10 m3u8 eklendi

============================================================
🎬 [14/56] İşleniyor: https://diziyiizle4.com/dizi/smillas-sense-of-snow/
📺 Bölüm bulundu: 1. Sezon 1. BölümAltyazılı13.11.202557 dk. - https://diziyiizle4.com/smillas-sense-of-snow/1-sezon-1-bolum/
📺 Bölüm bulundu: 1. Sezon 2. BölümAltyazılı13.11.202556 dk. - https://diziyiizle4.com/smillas-sense-of-snow/1-sezon-2-bolum/
📺 Bölüm bulundu: 1. Sezon 3. BölümAltyazılı13.11.202556 dk. - https://diziyiizle4.com/smillas-sense-of-snow/1-sezon-3-bolum/
📺 Bölüm bulundu: 1. Sezon 4. BölümAltyazılı13.11.202556 dk. - https://diziyiizle4.com/smillas-sense-of-snow/1-sezon-4-bolum/
📺 Bölüm bulundu: 1. Sezon 5. BölümAltyazılı13.11.202558 dk. - https://diziyiizle4.com/smillas-sense-of-snow/1-sezon-5-bolum/
📺 Bölüm bulundu: 1. Sezon 6. BölümAltyazılı13.11.2025 - https://diziyiizle4.com/smillas-sense-of-snow/1-sezon-6-bolum/

📊 Toplam 6 bölüm bulundu
   🔍 [1/6] Bölüm: https://diziyiizle4.com/smillas-sense-of-snow/1-sezon-1-bolum/
📺 Embed URL bulundu: https://vidlax1.xyz/embed/09e8ef8551bcc36b
🔍 Embed URL kontrol ediliyor: https://vidlax1.xyz/embed/09e8ef8551bcc36b
📄 Embed sayfa içeriği alındı, boyut: 40418 karakter
🎬 Video Başlığı: Smilla&#039;s Sense of Snow
📝 Video Açıklaması: 1.Sezon 1.Bölüm
🎯 Tam Başlık: Smilla&#039;s Sense of Snow - 1.Sezon 1.Bölüm
🎯 HEX DECODE - m3u8 bulundu: https://vidlax.xyz/upload/4098a8b6228516c1b1045b1fce86d5750110/master.m3u8
      ✅ Smilla&#039;s Sense of Snow - 1.Sezon 1.Bölüm - 1 m3u8
   🔍 [2/6] Bölüm: https://diziyiizle4.com/smillas-sense-of-snow/1-sezon-2-bolum/
📺 Embed URL bulundu: https://vidlax1.xyz/embed/d3070215d3b848bc
🔍 Embed URL kontrol ediliyor: https://vidlax1.xyz/embed/d3070215d3b848bc
📄 Embed sayfa içeriği alındı, boyut: 40418 karakter
🎬 Video Başlığı: Smilla&#039;s Sense of Snow
📝 Video Açıklaması: 1.Sezon 2.Bölüm
🎯 Tam Başlık: Smilla&#039;s Sense of Snow - 1.Sezon 2.Bölüm
🎯 HEX DECODE - m3u8 bulundu: https://vidlax.xyz/upload/64c1c23b25d00888b931a06b36f5bac5abec/master.m3u8
      ✅ Smilla&#039;s Sense of Snow - 1.Sezon 2.Bölüm - 1 m3u8
   🔍 [3/6] Bölüm: https://diziyiizle4.com/smillas-sense-of-snow/1-sezon-3-bolum/
📺 Embed URL bulundu: https://vidlax1.xyz/embed/0ade2c71a37d9b48
🔍 Embed URL kontrol ediliyor: https://vidlax1.xyz/embed/0ade2c71a37d9b48
📄 Embed sayfa içeriği alındı, boyut: 40418 karakter
🎬 Video Başlığı: Smilla&#039;s Sense of Snow
📝 Video Açıklaması: 1.Sezon 3.Bölüm
🎯 Tam Başlık: Smilla&#039;s Sense of Snow - 1.Sezon 3.Bölüm
🎯 HEX DECODE - m3u8 bulundu: https://vidlax.xyz/upload/a41f28cd0f06eec74b5cb64239d4fa8e2b85/master.m3u8
      ✅ Smilla&#039;s Sense of Snow - 1.Sezon 3.Bölüm - 1 m3u8
   🔍 [4/6] Bölüm: https://diziyiizle4.com/smillas-sense-of-snow/1-sezon-4-bolum/
📺 Embed URL bulundu: https://vidlax1.xyz/embed/eac3af09f9b64fd8
🔍 Embed URL kontrol ediliyor: https://vidlax1.xyz/embed/eac3af09f9b64fd8
📄 Embed sayfa içeriği alındı, boyut: 40418 karakter
🎬 Video Başlığı: Smilla&#039;s Sense of Snow
📝 Video Açıklaması: 1.Sezon 4.Bölüm
🎯 Tam Başlık: Smilla&#039;s Sense of Snow - 1.Sezon 4.Bölüm
🎯 HEX DECODE - m3u8 bulundu: https://vidlax.xyz/upload/d73b90206331ff6f4a654a5fccadca84d53b/master.m3u8
      ✅ Smilla&#039;s Sense of Snow - 1.Sezon 4.Bölüm - 1 m3u8
   🔍 [5/6] Bölüm: https://diziyiizle4.com/smillas-sense-of-snow/1-sezon-5-bolum/
📺 Embed URL bulundu: https://vidlax1.xyz/embed/026a9ecd2b3b0e2a
🔍 Embed URL kontrol ediliyor: https://vidlax1.xyz/embed/026a9ecd2b3b0e2a
📄 Embed sayfa içeriği alındı, boyut: 40276 karakter
🎬 Video Başlığı: Smilla&#039;s Sense of Snow
📝 Video Açıklaması: 1.Sezon 5.Bölüm
🎯 Tam Başlık: Smilla&#039;s Sense of Snow - 1.Sezon 5.Bölüm
🎯 HEX DECODE - m3u8 bulundu: https://vidlax.xyz/upload/76279e15db654f9ce16bc13f74eb7c971ea2/master.m3u8
      ✅ Smilla&#039;s Sense of Snow - 1.Sezon 5.Bölüm - 1 m3u8
   🔍 [6/6] Bölüm: https://diziyiizle4.com/smillas-sense-of-snow/1-sezon-6-bolum/
📺 Embed URL bulundu: https://vidlax1.xyz/embed/4f942a0b6414f81a
🔍 Embed URL kontrol ediliyor: https://vidlax1.xyz/embed/4f942a0b6414f81a
📄 Embed sayfa içeriği alındı, boyut: 40418 karakter
🎬 Video Başlığı: Smilla&#039;s Sense of Snow
📝 Video Açıklaması: 1.Sezon 6.Bölüm
🎯 Tam Başlık: Smilla&#039;s Sense of Snow - 1.Sezon 6.Bölüm
🎯 HEX DECODE - m3u8 bulundu: https://vidlax.xyz/upload/ada9f5ff43098ba2b2f70737ae4a4c301df5/master.m3u8
      ✅ Smilla&#039;s Sense of Snow - 1.Sezon 6.Bölüm - 1 m3u8
      📁 Dizi playlist: playlists/smillas_sense_of_snow_playlist.m3u
   ✅ Dizi tamamlandı: 6 m3u8 eklendi

============================================================
🎬 [15/56] İşleniyor: https://diziyiizle4.com/dizi/zomvivor/
📺 Bölüm bulundu: 1. Sezon 1. BölümAltyazılı13.11.202558 dk. - https://diziyiizle4.com/zomvivor/1-sezon-1-bolum/
📺 Bölüm bulundu: 1. Sezon 2. BölümAltyazılı13.11.202562 dk. - https://diziyiizle4.com/zomvivor/1-sezon-2-bolum/
📺 Bölüm bulundu: 1. Sezon 3. BölümAltyazılı13.11.202565 dk. - https://diziyiizle4.com/zomvivor/1-sezon-3-bolum/
📺 Bölüm bulundu: 1. Sezon 4. BölümAltyazılı13.11.202563 dk. - https://diziyiizle4.com/zomvivor/1-sezon-4-bolum/
📺 Bölüm bulundu: 1. Sezon 5. BölümAltyazılı13.11.202554 dk. - https://diziyiizle4.com/zomvivor/1-sezon-5-bolum/
📺 Bölüm bulundu: 1. Sezon 6. BölümAltyazılı13.11.202564 dk. - https://diziyiizle4.com/zomvivor/1-sezon-6-bolum/
📺 Bölüm bulundu: 1. Sezon 7. BölümAltyazılı13.11.202566 dk. - https://diziyiizle4.com/zomvivor/1-sezon-7-bolum/

📊 Toplam 7 bölüm bulundu
   🔍 [1/7] Bölüm: https://diziyiizle4.com/zomvivor/1-sezon-1-bolum/
📺 Embed URL bulundu: https://vidlax1.xyz/embed/f39e6059184ec403
🔍 Embed URL kontrol ediliyor: https://vidlax1.xyz/embed/f39e6059184ec403
📄 Embed sayfa içeriği alındı, boyut: 40939 karakter
🎬 Video Başlığı: Zomvivor
📝 Video Açıklaması: 1.Sezon 1.Bölüm
🎯 Tam Başlık: Zomvivor - 1.Sezon 1.Bölüm
🎯 HEX DECODE - m3u8 bulundu: https://vidlax.xyz/upload/e41578b13719686bafea4a96ee6e8b404439/master.m3u8
      ✅ Zomvivor - 1.Sezon 1.Bölüm - 1 m3u8
   🔍 [2/7] Bölüm: https://diziyiizle4.com/zomvivor/1-sezon-2-bolum/
📺 Embed URL bulundu: https://vidlax1.xyz/embed/a4e59abc10c6586c
🔍 Embed URL kontrol ediliyor: https://vidlax1.xyz/embed/a4e59abc10c6586c
📄 Embed sayfa içeriği alındı, boyut: 40759 karakter
🎬 Video Başlığı: Zomvivor
📝 Video Açıklaması: 1.Sezon 2.Bölüm
🎯 Tam Başlık: Zomvivor - 1.Sezon 2.Bölüm
🎯 HEX DECODE - m3u8 bulundu: https://vidlax.xyz/upload/e16136e7309c656d39ab7c3afb531d51617e/master.m3u8
      ✅ Zomvivor - 1.Sezon 2.Bölüm - 1 m3u8
   🔍 [3/7] Bölüm: https://diziyiizle4.com/zomvivor/1-sezon-3-bolum/
📺 Embed URL bulundu: https://vidlax1.xyz/embed/a177c25a30359a54
🔍 Embed URL kontrol ediliyor: https://vidlax1.xyz/embed/a177c25a30359a54
📄 Embed sayfa içeriği alındı, boyut: 40939 karakter
🎬 Video Başlığı: Zomvivor
📝 Video Açıklaması: 1.Sezon 3.Bölüm
🎯 Tam Başlık: Zomvivor - 1.Sezon 3.Bölüm
🎯 HEX DECODE - m3u8 bulundu: https://vidlax.xyz/upload/f0e4c956f25f0d748882f737bb3218d38c43/master.m3u8
      ✅ Zomvivor - 1.Sezon 3.Bölüm - 1 m3u8
   🔍 [4/7] Bölüm: https://diziyiizle4.com/zomvivor/1-sezon-4-bolum/
📺 Embed URL bulundu: https://vidlax1.xyz/embed/41f6d20528b0b786
🔍 Embed URL kontrol ediliyor: https://vidlax1.xyz/embed/41f6d20528b0b786
📄 Embed sayfa içeriği alındı, boyut: 40939 karakter
🎬 Video Başlığı: Zomvivor
📝 Video Açıklaması: 1.Sezon 4.Bölüm
🎯 Tam Başlık: Zomvivor - 1.Sezon 4.Bölüm
🎯 HEX DECODE - m3u8 bulundu: https://vidlax.xyz/upload/326b673de18f50935624c00875cd7dc1b8ca/master.m3u8
      ✅ Zomvivor - 1.Sezon 4.Bölüm - 1 m3u8
   🔍 [5/7] Bölüm: https://diziyiizle4.com/zomvivor/1-sezon-5-bolum/
📺 Embed URL bulundu: https://vidlax1.xyz/embed/9e3755842ec55274
🔍 Embed URL kontrol ediliyor: https://vidlax1.xyz/embed/9e3755842ec55274
📄 Embed sayfa içeriği alındı, boyut: 40759 karakter
🎬 Video Başlığı: Zomvivor
📝 Video Açıklaması: 1.Sezon 5.Bölüm
🎯 Tam Başlık: Zomvivor - 1.Sezon 5.Bölüm
🎯 HEX DECODE - m3u8 bulundu: https://vidlax.xyz/upload/18351a6e4735ebd9cb4f1ca474e03b075e73/master.m3u8
      ✅ Zomvivor - 1.Sezon 5.Bölüm - 1 m3u8
   🔍 [6/7] Bölüm: https://diziyiizle4.com/zomvivor/1-sezon-6-bolum/
📺 Embed URL bulundu: https://vidlax1.xyz/embed/9b2a1f41dc8d7f70
🔍 Embed URL kontrol ediliyor: https://vidlax1.xyz/embed/9b2a1f41dc8d7f70
📄 Embed sayfa içeriği alındı, boyut: 40759 karakter
🎬 Video Başlığı: Zomvivor
📝 Video Açıklaması: 1.Sezon 6.Bölüm
🎯 Tam Başlık: Zomvivor - 1.Sezon 6.Bölüm
🎯 HEX DECODE - m3u8 bulundu: https://vidlax.xyz/upload/7c60c8625d10407c85dbb7f012f862d0d4c6/master.m3u8
      ✅ Zomvivor - 1.Sezon 6.Bölüm - 1 m3u8
   🔍 [7/7] Bölüm: https://diziyiizle4.com/zomvivor/1-sezon-7-bolum/
📺 Embed URL bulundu: https://vidlax1.xyz/embed/a0c1ab10ea098760
🔍 Embed URL kontrol ediliyor: https://vidlax1.xyz/embed/a0c1ab10ea098760
📄 Embed sayfa içeriği alındı, boyut: 40759 karakter
🎬 Video Başlığı: Zomvivor
📝 Video Açıklaması: 1.Sezon 7.Bölüm
🎯 Tam Başlık: Zomvivor - 1.Sezon 7.Bölüm
🎯 HEX DECODE - m3u8 bulundu: https://vidlax.xyz/upload/9c14a3aa20b51af2d3bc0e3fd48faf880453/master.m3u8
      ✅ Zomvivor - 1.Sezon 7.Bölüm - 1 m3u8
      📁 Dizi playlist: playlists/zomvivor_playlist.m3u
   ✅ Dizi tamamlandı: 7 m3u8 eklendi

============================================================
🎬 [16/56] İşleniyor: https://diziyiizle4.com/dizi/last-samurai-standing/
📺 Bölüm bulundu: 1. Sezon 1. BölümDublaj13.11.2025 - https://diziyiizle4.com/last-samurai-standing/1-sezon-1-bolum/
📺 Bölüm bulundu: 1. Sezon 2. BölümDublaj13.11.2025 - https://diziyiizle4.com/last-samurai-standing/1-sezon-2-bolum/
📺 Bölüm bulundu: 1. Sezon 3. BölümDublaj13.11.2025 - https://diziyiizle4.com/last-samurai-standing/1-sezon-3-bolum/
📺 Bölüm bulundu: 1. Sezon 4. BölümDublaj13.11.2025 - https://diziyiizle4.com/last-samurai-standing/1-sezon-4-bolum/
📺 Bölüm bulundu: 1. Sezon 5. BölümDublaj13.11.2025 - https://diziyiizle4.com/last-samurai-standing/1-sezon-5-bolum/
📺 Bölüm bulundu: 1. Sezon 6. BölümDublaj13.11.2025 - https://diziyiizle4.com/last-samurai-standing/1-sezon-6-bolum/

📊 Toplam 6 bölüm bulundu
   🔍 [1/6] Bölüm: https://diziyiizle4.com/last-samurai-standing/1-sezon-1-bolum/
📺 Embed URL bulundu: https://vidlax1.xyz/embed/6f12503ec76ba73a
🔍 Embed URL kontrol ediliyor: https://vidlax1.xyz/embed/6f12503ec76ba73a
📄 Embed sayfa içeriği alındı, boyut: 43690 karakter
🎬 Video Başlığı: Last Samurai Standing
📝 Video Açıklaması: 1.Sezon 1.Bölüm
🎯 Tam Başlık: Last Samurai Standing - 1.Sezon 1.Bölüm
🎯 HEX DECODE - m3u8 bulundu: https://vidlax.xyz/upload/efc69d998b4eb2e147508413a0ad2c2b5e85/master.m3u8
      ✅ Last Samurai Standing - 1.Sezon 1.Bölüm - 1 m3u8
   🔍 [2/6] Bölüm: https://diziyiizle4.com/last-samurai-standing/1-sezon-2-bolum/
📺 Embed URL bulundu: https://vidlax1.xyz/embed/1bf13d394532e665
🔍 Embed URL kontrol ediliyor: https://vidlax1.xyz/embed/1bf13d394532e665
📄 Embed sayfa içeriği alındı, boyut: 43332 karakter
🎬 Video Başlığı: Last Samurai Standing
📝 Video Açıklaması: 1.Sezon 2.Bölüm
🎯 Tam Başlık: Last Samurai Standing - 1.Sezon 2.Bölüm
🎯 HEX DECODE - m3u8 bulundu: https://vidlax.xyz/upload/54105162c8990215ea0e2a33543b3ad75529/master.m3u8
      ✅ Last Samurai Standing - 1.Sezon 2.Bölüm - 1 m3u8
   🔍 [3/6] Bölüm: https://diziyiizle4.com/last-samurai-standing/1-sezon-3-bolum/
📺 Embed URL bulundu: https://vidlax1.xyz/embed/cf33c8a7e51350e0
🔍 Embed URL kontrol ediliyor: https://vidlax1.xyz/embed/cf33c8a7e51350e0
📄 Embed sayfa içeriği alındı, boyut: 43515 karakter
🎬 Video Başlığı: Last Samurai Standing
📝 Video Açıklaması: 1.Sezon 3.Bölüm
🎯 Tam Başlık: Last Samurai Standing - 1.Sezon 3.Bölüm
🎯 HEX DECODE - m3u8 bulundu: https://vidlax.xyz/upload/cdc37d0bed51734c6d58314940bdec3da0f4/master.m3u8
      ✅ Last Samurai Standing - 1.Sezon 3.Bölüm - 1 m3u8
   🔍 [4/6] Bölüm: https://diziyiizle4.com/last-samurai-standing/1-sezon-4-bolum/
📺 Embed URL bulundu: https://vidlax1.xyz/embed/41186bee7c82e35c
🔍 Embed URL kontrol ediliyor: https://vidlax1.xyz/embed/41186bee7c82e35c
📄 Embed sayfa içeriği alındı, boyut: 43517 karakter
🎬 Video Başlığı: Last Samurai Standing
📝 Video Açıklaması: 1.Sezon 4.Bölüm
🎯 Tam Başlık: Last Samurai Standing - 1.Sezon 4.Bölüm
🎯 HEX DECODE - m3u8 bulundu: https://vidlax.xyz/upload/b267713fcbc3af4235b56859bfdc32c13d88/master.m3u8
      ✅ Last Samurai Standing - 1.Sezon 4.Bölüm - 1 m3u8
   🔍 [5/6] Bölüm: https://diziyiizle4.com/last-samurai-standing/1-sezon-5-bolum/
📺 Embed URL bulundu: https://vidlax1.xyz/embed/d90a6e4ec4448076
🔍 Embed URL kontrol ediliyor: https://vidlax1.xyz/embed/d90a6e4ec4448076
📄 Embed sayfa içeriği alındı, boyut: 43517 karakter
🎬 Video Başlığı: Last Samurai Standing
📝 Video Açıklaması: 1.Sezon 5.Bölüm
🎯 Tam Başlık: Last Samurai Standing - 1.Sezon 5.Bölüm
🎯 HEX DECODE - m3u8 bulundu: https://vidlax.xyz/upload/8f90e5a403f826d5a27684e5eff2fb3770a2/master.m3u8
      ✅ Last Samurai Standing - 1.Sezon 5.Bölüm - 1 m3u8
   🔍 [6/6] Bölüm: https://diziyiizle4.com/last-samurai-standing/1-sezon-6-bolum/
📺 Embed URL bulundu: https://vidlax1.xyz/embed/d83c3407d172f49f
🔍 Embed URL kontrol ediliyor: https://vidlax1.xyz/embed/d83c3407d172f49f
📄 Embed sayfa içeriği alındı, boyut: 43334 karakter
🎬 Video Başlığı: Last Samurai Standing
📝 Video Açıklaması: 1.Sezon 6.Bölüm
🎯 Tam Başlık: Last Samurai Standing - 1.Sezon 6.Bölüm
🎯 HEX DECODE - m3u8 bulundu: https://vidlax.xyz/upload/03f55ebd83493922f8232d2a26a892d3ed38/master.m3u8
      ✅ Last Samurai Standing - 1.Sezon 6.Bölüm - 1 m3u8
      📁 Dizi playlist: playlists/last_samurai_standing_playlist.m3u
   ✅ Dizi tamamlandı: 6 m3u8 eklendi

============================================================
🎬 [17/56] İşleniyor: https://diziyiizle4.com/dizi/the-beast-in-me/
📺 Bölüm bulundu: 1. Sezon 1. BölümDublaj13.11.2025 - https://diziyiizle4.com/the-beast-in-me/1-sezon-1-bolum/
📺 Bölüm bulundu: 1. Sezon 2. BölümDublaj13.11.2025 - https://diziyiizle4.com/the-beast-in-me/1-sezon-2-bolum/
📺 Bölüm bulundu: 1. Sezon 3. BölümDublaj13.11.2025 - https://diziyiizle4.com/the-beast-in-me/1-sezon-3-bolum/
📺 Bölüm bulundu: 1. Sezon 4. BölümDublaj13.11.2025 - https://diziyiizle4.com/the-beast-in-me/1-sezon-4-bolum/
📺 Bölüm bulundu: 1. Sezon 5. BölümDublaj13.11.2025 - https://diziyiizle4.com/the-beast-in-me/1-sezon-5-bolum/
📺 Bölüm bulundu: 1. Sezon 6. BölümDublaj13.11.2025 - https://diziyiizle4.com/the-beast-in-me/1-sezon-6-bolum/
📺 Bölüm bulundu: 1. Sezon 7. BölümDublaj13.11.2025 - https://diziyiizle4.com/the-beast-in-me/1-sezon-7-bolum/
📺 Bölüm bulundu: 1. Sezon 8. BölümDublaj13.11.2025 - https://diziyiizle4.com/the-beast-in-me/1-sezon-8-bolum/

📊 Toplam 8 bölüm bulundu
   🔍 [1/8] Bölüm: https://diziyiizle4.com/the-beast-in-me/1-sezon-1-bolum/
📺 Embed URL bulundu: https://vidlax1.xyz/embed/6e9d6994d4d0297e
🔍 Embed URL kontrol ediliyor: https://vidlax1.xyz/embed/6e9d6994d4d0297e
📄 Embed sayfa içeriği alındı, boyut: 43500 karakter
🎬 Video Başlığı: The Beast in Me
📝 Video Açıklaması: 1.Sezon 1.Bölüm
🎯 Tam Başlık: The Beast in Me - 1.Sezon 1.Bölüm
🎯 HEX DECODE - m3u8 bulundu: https://vidlax.xyz/upload/85ff0b8dbc45b7c4c2ef2bf679d3fd7d01c1/master.m3u8
      ✅ The Beast in Me - 1.Sezon 1.Bölüm - 1 m3u8
   🔍 [2/8] Bölüm: https://diziyiizle4.com/the-beast-in-me/1-sezon-2-bolum/
📺 Embed URL bulundu: https://vidlax1.xyz/embed/58f0a8cdbe6a8935
🔍 Embed URL kontrol ediliyor: https://vidlax1.xyz/embed/58f0a8cdbe6a8935
📄 Embed sayfa içeriği alındı, boyut: 43502 karakter
🎬 Video Başlığı: The Beast in Me
📝 Video Açıklaması: 1.Sezon 2.Bölüm
🎯 Tam Başlık: The Beast in Me - 1.Sezon 2.Bölüm
🎯 HEX DECODE - m3u8 bulundu: https://vidlax.xyz/upload/101ed1134150732c04d38db6c5cc045f65f3/master.m3u8
      ✅ The Beast in Me - 1.Sezon 2.Bölüm - 1 m3u8
   🔍 [3/8] Bölüm: https://diziyiizle4.com/the-beast-in-me/1-sezon-3-bolum/
📺 Embed URL bulundu: https://vidlax1.xyz/embed/af5bfa7be37fc934
🔍 Embed URL kontrol ediliyor: https://vidlax1.xyz/embed/af5bfa7be37fc934
📄 Embed sayfa içeriği alındı, boyut: 43504 karakter
🎬 Video Başlığı: The Beast in Me
📝 Video Açıklaması: 1.Sezon 3.Bölüm
🎯 Tam Başlık: The Beast in Me - 1.Sezon 3.Bölüm
🎯 HEX DECODE - m3u8 bulundu: https://vidlax.xyz/upload/f9d5e1bc83cec78fffcc42196d0f65187793/master.m3u8
      ✅ The Beast in Me - 1.Sezon 3.Bölüm - 1 m3u8
   🔍 [4/8] Bölüm: https://diziyiizle4.com/the-beast-in-me/1-sezon-4-bolum/
📺 Embed URL bulundu: https://vidlax1.xyz/embed/b04e854a99439ae3
🔍 Embed URL kontrol ediliyor: https://vidlax1.xyz/embed/b04e854a99439ae3
📄 Embed sayfa içeriği alındı, boyut: 43690 karakter
🎬 Video Başlığı: The Beast in Me
📝 Video Açıklaması: 1.Sezon 4.Bölüm
🎯 Tam Başlık: The Beast in Me - 1.Sezon 4.Bölüm
🎯 HEX DECODE - m3u8 bulundu: https://vidlax.xyz/upload/dba7ffc3e66dffc199a5ce0c5ab9215f118a/master.m3u8
      ✅ The Beast in Me - 1.Sezon 4.Bölüm - 1 m3u8
   🔍 [5/8] Bölüm: https://diziyiizle4.com/the-beast-in-me/1-sezon-5-bolum/
📺 Embed URL bulundu: https://vidlax1.xyz/embed/dda56322ab3fe3f4
🔍 Embed URL kontrol ediliyor: https://vidlax1.xyz/embed/dda56322ab3fe3f4
📄 Embed sayfa içeriği alındı, boyut: 44047 karakter
🎬 Video Başlığı: The Beast in Me
📝 Video Açıklaması: 1.Sezon 5.Bölüm
🎯 Tam Başlık: The Beast in Me - 1.Sezon 5.Bölüm
🎯 HEX DECODE - m3u8 bulundu: https://vidlax.xyz/upload/fd59af76ea2c16003e5f620fa993dbd2618a/master.m3u8
      ✅ The Beast in Me - 1.Sezon 5.Bölüm - 1 m3u8
   🔍 [6/8] Bölüm: https://diziyiizle4.com/the-beast-in-me/1-sezon-6-bolum/
📺 Embed URL bulundu: https://vidlax1.xyz/embed/6877ff5c1d8742a1
🔍 Embed URL kontrol ediliyor: https://vidlax1.xyz/embed/6877ff5c1d8742a1
📄 Embed sayfa içeriği alındı, boyut: 44015 karakter
🎬 Video Başlığı: The Beast in Me
📝 Video Açıklaması: 1.Sezon 6.Bölüm
🎯 Tam Başlık: The Beast in Me - 1.Sezon 6.Bölüm
🎯 HEX DECODE - m3u8 bulundu: https://vidlax.xyz/upload/4927cb3475d1897644cd36f1c28c04d42434/master.m3u8
      ✅ The Beast in Me - 1.Sezon 6.Bölüm - 1 m3u8
   🔍 [7/8] Bölüm: https://diziyiizle4.com/the-beast-in-me/1-sezon-7-bolum/
📺 Embed URL bulundu: https://vidlax1.xyz/embed/23cd51d84fe09da6
🔍 Embed URL kontrol ediliyor: https://vidlax1.xyz/embed/23cd51d84fe09da6
📄 Embed sayfa içeriği alındı, boyut: 44015 karakter
🎬 Video Başlığı: The Beast in Me
📝 Video Açıklaması: 1.Sezon 7.Bölüm
🎯 Tam Başlık: The Beast in Me - 1.Sezon 7.Bölüm
🎯 HEX DECODE - m3u8 bulundu: https://vidlax.xyz/upload/decfc25b79a9e95a054ab9605ab7343a33c5/master.m3u8
      ✅ The Beast in Me - 1.Sezon 7.Bölüm - 1 m3u8
   🔍 [8/8] Bölüm: https://diziyiizle4.com/the-beast-in-me/1-sezon-8-bolum/
📺 Embed URL bulundu: https://vidlax1.xyz/embed/9a0ea187288ade63
🔍 Embed URL kontrol ediliyor: https://vidlax1.xyz/embed/9a0ea187288ade63
📄 Embed sayfa içeriği alındı, boyut: 43690 karakter
🎬 Video Başlığı: The Beast in Me
📝 Video Açıklaması: 1.Sezon 8.Bölüm
🎯 Tam Başlık: The Beast in Me - 1.Sezon 8.Bölüm
🎯 HEX DECODE - m3u8 bulundu: https://vidlax.xyz/upload/183c033159b4110324d4ad8a4f8be63e870a/master.m3u8
      ✅ The Beast in Me - 1.Sezon 8.Bölüm - 1 m3u8
      📁 Dizi playlist: playlists/the_beast_in_me_playlist.m3u
   ✅ Dizi tamamlandı: 8 m3u8 eklendi

============================================================
🎬 [18/56] İşleniyor: https://diziyiizle4.com/dizi/mrs-playmen/
📺 Bölüm bulundu: 1. Sezon 1. BölümDublaj12.11.2025 - https://diziyiizle4.com/mrs-playmen/1-sezon-1-bolum/
📺 Bölüm bulundu: 1. Sezon 2. BölümDublaj12.11.2025 - https://diziyiizle4.com/mrs-playmen/1-sezon-2-bolum/
📺 Bölüm bulundu: 1. Sezon 3. BölümDublaj12.11.2025 - https://diziyiizle4.com/mrs-playmen/1-sezon-3-bolum/
📺 Bölüm bulundu: 1. Sezon 4. BölümDublaj12.11.2025 - https://diziyiizle4.com/mrs-playmen/1-sezon-4-bolum/
📺 Bölüm bulundu: 1. Sezon 5. BölümDublaj12.11.2025 - https://diziyiizle4.com/mrs-playmen/1-sezon-5-bolum/
📺 Bölüm bulundu: 1. Sezon 6. BölümDublaj12.11.2025 - https://diziyiizle4.com/mrs-playmen/1-sezon-6-bolum/
📺 Bölüm bulundu: 1. Sezon 7. BölümDublaj12.11.2025 - https://diziyiizle4.com/mrs-playmen/1-sezon-7-bolum/

📊 Toplam 7 bölüm bulundu
   🔍 [1/7] Bölüm: https://diziyiizle4.com/mrs-playmen/1-sezon-1-bolum/
📺 Embed URL bulundu: https://vidlax1.xyz/embed/678c6ccfc5612a50
🔍 Embed URL kontrol ediliyor: https://vidlax1.xyz/embed/678c6ccfc5612a50
📄 Embed sayfa içeriği alındı, boyut: 43500 karakter
🎬 Video Başlığı: Mrs Playmen
📝 Video Açıklaması: 1.Sezon 1.Bölüm
🎯 Tam Başlık: Mrs Playmen - 1.Sezon 1.Bölüm
🎯 HEX DECODE - m3u8 bulundu: https://vidlax.xyz/upload/c036ce84b724ed912d523ae3838c41ec44f5/master.m3u8
      ✅ Mrs Playmen - 1.Sezon 1.Bölüm - 1 m3u8
   🔍 [2/7] Bölüm: https://diziyiizle4.com/mrs-playmen/1-sezon-2-bolum/
📺 Embed URL bulundu: https://vidlax1.xyz/embed/ace17cb669967a76
🔍 Embed URL kontrol ediliyor: https://vidlax1.xyz/embed/ace17cb669967a76
📄 Embed sayfa içeriği alındı, boyut: 43514 karakter
🎬 Video Başlığı: Mrs Playmen
📝 Video Açıklaması: 1.Sezon 2.Bölüm
🎯 Tam Başlık: Mrs Playmen - 1.Sezon 2.Bölüm
🎯 HEX DECODE - m3u8 bulundu: https://vidlax.xyz/upload/1f41a884ff81cfc05d5d1dc8dccfa2f64408/master.m3u8
      ✅ Mrs Playmen - 1.Sezon 2.Bölüm - 1 m3u8
   🔍 [3/7] Bölüm: https://diziyiizle4.com/mrs-playmen/1-sezon-3-bolum/
📺 Embed URL bulundu: https://vidlax1.xyz/embed/996c84a1974ea467
🔍 Embed URL kontrol ediliyor: https://vidlax1.xyz/embed/996c84a1974ea467
📄 Embed sayfa içeriği alındı, boyut: 43519 karakter
🎬 Video Başlığı: Mrs Playmen
📝 Video Açıklaması: 1.Sezon 3.Bölüm
🎯 Tam Başlık: Mrs Playmen - 1.Sezon 3.Bölüm
🎯 HEX DECODE - m3u8 bulundu: https://vidlax.xyz/upload/29df72fa7fcfd0e5be6f3ceff11c046b9313/master.m3u8
      ✅ Mrs Playmen - 1.Sezon 3.Bölüm - 1 m3u8
   🔍 [4/7] Bölüm: https://diziyiizle4.com/mrs-playmen/1-sezon-4-bolum/
📺 Embed URL bulundu: https://vidlax1.xyz/embed/6ded0046faff9c3e
🔍 Embed URL kontrol ediliyor: https://vidlax1.xyz/embed/6ded0046faff9c3e
📄 Embed sayfa içeriği alındı, boyut: 43517 karakter
🎬 Video Başlığı: Mrs Playmen
📝 Video Açıklaması: 1.Sezon 4.Bölüm
🎯 Tam Başlık: Mrs Playmen - 1.Sezon 4.Bölüm
🎯 HEX DECODE - m3u8 bulundu: https://vidlax.xyz/upload/28d23fc59e7d7190249726375fbdb0e2b0ab/master.m3u8
      ✅ Mrs Playmen - 1.Sezon 4.Bölüm - 1 m3u8
   🔍 [5/7] Bölüm: https://diziyiizle4.com/mrs-playmen/1-sezon-5-bolum/
📺 Embed URL bulundu: https://vidlax1.xyz/embed/b26859017e43be62
🔍 Embed URL kontrol ediliyor: https://vidlax1.xyz/embed/b26859017e43be62
📄 Embed sayfa içeriği alındı, boyut: 43693 karakter
🎬 Video Başlığı: Mrs Playmen
📝 Video Açıklaması: 1.Sezon 5.Bölüm
🎯 Tam Başlık: Mrs Playmen - 1.Sezon 5.Bölüm
🎯 HEX DECODE - m3u8 bulundu: https://vidlax.xyz/upload/c37efb1f87457abe62318d682c22a83221b0/master.m3u8
      ✅ Mrs Playmen - 1.Sezon 5.Bölüm - 1 m3u8
   🔍 [6/7] Bölüm: https://diziyiizle4.com/mrs-playmen/1-sezon-6-bolum/
📺 Embed URL bulundu: https://vidlax1.xyz/embed/efcb0b96a70907a1
🔍 Embed URL kontrol ediliyor: https://vidlax1.xyz/embed/efcb0b96a70907a1
📄 Embed sayfa içeriği alındı, boyut: 43693 karakter
🎬 Video Başlığı: Mrs Playmen
📝 Video Açıklaması: 1.Sezon 6.Bölüm
🎯 Tam Başlık: Mrs Playmen - 1.Sezon 6.Bölüm
🎯 HEX DECODE - m3u8 bulundu: https://vidlax.xyz/upload/276f8efc321350b3de59e8474c612d28d344/master.m3u8
      ✅ Mrs Playmen - 1.Sezon 6.Bölüm - 1 m3u8
   🔍 [7/7] Bölüm: https://diziyiizle4.com/mrs-playmen/1-sezon-7-bolum/
📺 Embed URL bulundu: https://vidlax1.xyz/embed/cc1f166d199b3e35
🔍 Embed URL kontrol ediliyor: https://vidlax1.xyz/embed/cc1f166d199b3e35
📄 Embed sayfa içeriği alındı, boyut: 43519 karakter
🎬 Video Başlığı: Mrs Playmen
📝 Video Açıklaması: 1.Sezon 7.Bölüm
🎯 Tam Başlık: Mrs Playmen - 1.Sezon 7.Bölüm
🎯 HEX DECODE - m3u8 bulundu: https://vidlax.xyz/upload/668b48ce36e10d560d575a087b18d256f320/master.m3u8
      ✅ Mrs Playmen - 1.Sezon 7.Bölüm - 1 m3u8
      📁 Dizi playlist: playlists/mrs_playmen_playlist.m3u
   ✅ Dizi tamamlandı: 7 m3u8 eklendi

============================================================
🎬 [19/56] İşleniyor: https://diziyiizle4.com/dizi/final-gate-1/
📺 Bölüm bulundu: 1. Sezon 1. BölümAltyazılı12.11.2025 - https://diziyiizle4.com/final-gate-1/1-sezon-1-bolum/
📺 Bölüm bulundu: 1. Sezon 2. BölümAltyazılı18.11.2025 - https://diziyiizle4.com/final-gate-1/1-sezon-2-bolum/
📺 Bölüm bulundu: 1. Sezon 3. BölümAltyazılı12.11.2025 - https://diziyiizle4.com/final-gate-1/1-sezon-3-bolum/
📺 Bölüm bulundu: 1. Sezon 4. BölümAltyazılı12.11.2025 - https://diziyiizle4.com/final-gate-1/1-sezon-4-bolum/

📊 Toplam 4 bölüm bulundu
   🔍 [1/4] Bölüm: https://diziyiizle4.com/final-gate-1/1-sezon-1-bolum/
📺 Embed URL bulundu: https://vidlax1.xyz/embed/62cdd239dc7b9381
🔍 Embed URL kontrol ediliyor: https://vidlax1.xyz/embed/62cdd239dc7b9381
📄 Embed sayfa içeriği alındı, boyut: 40260 karakter
🎬 Video Başlığı: Final Gate
📝 Video Açıklaması: 1.Sezon 1.Bölüm
🎯 Tam Başlık: Final Gate - 1.Sezon 1.Bölüm
🎯 HEX DECODE - m3u8 bulundu: https://vidlax.xyz/upload/e04637fdf55ea48cb6159233595fe0410c6f/master.m3u8
      ✅ Final Gate - 1.Sezon 1.Bölüm - 1 m3u8
   🔍 [2/4] Bölüm: https://diziyiizle4.com/final-gate-1/1-sezon-2-bolum/
📺 Embed URL bulundu: https://vidlax1.xyz/embed/386d86f6432987a7
🔍 Embed URL kontrol ediliyor: https://vidlax1.xyz/embed/386d86f6432987a7
📄 Embed sayfa içeriği alındı, boyut: 40087 karakter
🎬 Video Başlığı: Final Gate
📝 Video Açıklaması: 1.Sezon 2.Bölüm
🎯 Tam Başlık: Final Gate - 1.Sezon 2.Bölüm
🎯 HEX DECODE - m3u8 bulundu: https://vidlax.xyz/upload/eb9df0501e5891bf151e25558754d0c24bfc/master.m3u8
      ✅ Final Gate - 1.Sezon 2.Bölüm - 1 m3u8
   🔍 [3/4] Bölüm: https://diziyiizle4.com/final-gate-1/1-sezon-3-bolum/

🔍 Vidlax direkt analizi: https://diziyiizle4.com/final-gate-1/1-sezon-3-bolum/
📄 Sayfa içeriği alındı: 91467 karakter
🎬 Video Başlığı: Bilinmiyor
📝 Video Açıklaması: Final Gate - 1. Sezon 3. Bölüm online izle. HD kalitede dizi bölümü.
❌ m3u8 URL'si bulunamadı
      ❌ m3u8 bulunamadı
   🔍 [4/4] Bölüm: https://diziyiizle4.com/final-gate-1/1-sezon-4-bolum/

🔍 Vidlax direkt analizi: https://diziyiizle4.com/final-gate-1/1-sezon-4-bolum/
📄 Sayfa içeriği alındı: 91467 karakter
🎬 Video Başlığı: Bilinmiyor
📝 Video Açıklaması: Final Gate - 1. Sezon 4. Bölüm online izle. HD kalitede dizi bölümü.
❌ m3u8 URL'si bulunamadı
      ❌ m3u8 bulunamadı
      📁 Dizi playlist: playlists/final_gate_1_playlist.m3u
   ✅ Dizi tamamlandı: 2 m3u8 eklendi

============================================================
🎬 [20/56] İşleniyor: https://diziyiizle4.com/dizi/trespasses/
📺 Bölüm bulundu: 1. Sezon 1. BölümAltyazılı10.11.202557 dk. - https://diziyiizle4.com/trespasses/1-sezon-1-bolum/
📺 Bölüm bulundu: 1. Sezon 2. BölümAltyazılı10.11.202548 dk. - https://diziyiizle4.com/trespasses/1-sezon-2-bolum/
📺 Bölüm bulundu: 1. Sezon 3. BölümAltyazılı10.11.202548 dk. - https://diziyiizle4.com/trespasses/1-sezon-3-bolum/
📺 Bölüm bulundu: 1. Sezon 4. BölümAltyazılı10.11.202548 dk. - https://diziyiizle4.com/trespasses/1-sezon-4-bolum/

📊 Toplam 4 bölüm bulundu
   🔍 [1/4] Bölüm: https://diziyiizle4.com/trespasses/1-sezon-1-bolum/
📺 Embed URL bulundu: https://vidlax1.xyz/embed/b4da8754a8b87ab6
🔍 Embed URL kontrol ediliyor: https://vidlax1.xyz/embed/b4da8754a8b87ab6
📄 Embed sayfa içeriği alındı, boyut: 40432 karakter
🎬 Video Başlığı: Trespasses
📝 Video Açıklaması: 1.Sezon 1.Bölüm
🎯 Tam Başlık: Trespasses - 1.Sezon 1.Bölüm
🎯 HEX DECODE - m3u8 bulundu: https://vidlax.xyz/upload/500bb3051d8c4c5a7539f7f931eeeb3cdb1c/master.m3u8
      ✅ Trespasses - 1.Sezon 1.Bölüm - 1 m3u8
   🔍 [2/4] Bölüm: https://diziyiizle4.com/trespasses/1-sezon-2-bolum/
📺 Embed URL bulundu: https://vidlax1.xyz/embed/dbeead6a3ad17d17
🔍 Embed URL kontrol ediliyor: https://vidlax1.xyz/embed/dbeead6a3ad17d17
📄 Embed sayfa içeriği alındı, boyut: 40401 karakter
🎬 Video Başlığı: Trespasses
📝 Video Açıklaması: 1.Sezon 2.Bölüm
🎯 Tam Başlık: Trespasses - 1.Sezon 2.Bölüm
🎯 HEX DECODE - m3u8 bulundu: https://vidlax.xyz/upload/04e61a56224bd16ae03e3067f376d60ea06c/master.m3u8
      ✅ Trespasses - 1.Sezon 2.Bölüm - 1 m3u8
   🔍 [3/4] Bölüm: https://diziyiizle4.com/trespasses/1-sezon-3-bolum/
📺 Embed URL bulundu: https://vidlax1.xyz/embed/657e3c48d6284c19
🔍 Embed URL kontrol ediliyor: https://vidlax1.xyz/embed/657e3c48d6284c19
📄 Embed sayfa içeriği alındı, boyut: 40401 karakter
🎬 Video Başlığı: Trespasses
📝 Video Açıklaması: 1.Sezon 3.Bölüm
🎯 Tam Başlık: Trespasses - 1.Sezon 3.Bölüm
🎯 HEX DECODE - m3u8 bulundu: https://vidlax.xyz/upload/c97c947828fd51a3eba95588dbd74f1e4deb/master.m3u8
      ✅ Trespasses - 1.Sezon 3.Bölüm - 1 m3u8
   🔍 [4/4] Bölüm: https://diziyiizle4.com/trespasses/1-sezon-4-bolum/
📺 Embed URL bulundu: https://vidlax1.xyz/embed/d3db3ce770e9a7bf
🔍 Embed URL kontrol ediliyor: https://vidlax1.xyz/embed/d3db3ce770e9a7bf
📄 Embed sayfa içeriği alındı, boyut: 40401 karakter
🎬 Video Başlığı: Trespasses
📝 Video Açıklaması: 1.Sezon 4.Bölüm
🎯 Tam Başlık: Trespasses - 1.Sezon 4.Bölüm
🎯 HEX DECODE - m3u8 bulundu: https://vidlax.xyz/upload/92516cb3f154b69578f2b5fc3464ea5e30a7/master.m3u8
      ✅ Trespasses - 1.Sezon 4.Bölüm - 1 m3u8
      📁 Dizi playlist: playlists/trespasses_playlist.m3u
   ✅ Dizi tamamlandı: 4 m3u8 eklendi

============================================================
🎬 [21/56] İşleniyor: https://diziyiizle4.com/dizi/marines/
📺 Bölüm bulundu: 1. Sezon 1. BölümDublaj10.11.202545 dk. - https://diziyiizle4.com/marines/1-sezon-1-bolum/
📺 Bölüm bulundu: 1. Sezon 2. BölümDublaj10.11.202545 dk. - https://diziyiizle4.com/marines/1-sezon-2-bolum/
📺 Bölüm bulundu: 1. Sezon 3. BölümDublaj10.11.202545 dk. - https://diziyiizle4.com/marines/1-sezon-3-bolum/
📺 Bölüm bulundu: 1. Sezon 4. BölümAltyazılı10.11.202545 dk. - https://diziyiizle4.com/marines/1-sezon-4-bolum/

📊 Toplam 4 bölüm bulundu
   🔍 [1/4] Bölüm: https://diziyiizle4.com/marines/1-sezon-1-bolum/
📺 Embed URL bulundu: https://vidlax1.xyz/embed/dec3176579c3f9e7
🔍 Embed URL kontrol ediliyor: https://vidlax1.xyz/embed/dec3176579c3f9e7
📄 Embed sayfa içeriği alındı, boyut: 43178 karakter
🎬 Video Başlığı: MARINES
📝 Video Açıklaması: 1.Sezon 1.Bölüm
🎯 Tam Başlık: MARINES - 1.Sezon 1.Bölüm
🎯 HEX DECODE - m3u8 bulundu: https://vidlax.xyz/upload/b689bab50ae17c542a29f6233b2bca338cfa/master.m3u8
      ✅ MARINES - 1.Sezon 1.Bölüm - 1 m3u8
   🔍 [2/4] Bölüm: https://diziyiizle4.com/marines/1-sezon-2-bolum/
📺 Embed URL bulundu: https://vidlax1.xyz/embed/8d1a5957d4b3b0a5
🔍 Embed URL kontrol ediliyor: https://vidlax1.xyz/embed/8d1a5957d4b3b0a5
📄 Embed sayfa içeriği alındı, boyut: 43004 karakter
🎬 Video Başlığı: MARINES
📝 Video Açıklaması: 1.Sezon 2.Bölüm
🎯 Tam Başlık: MARINES - 1.Sezon 2.Bölüm
🎯 HEX DECODE - m3u8 bulundu: https://vidlax.xyz/upload/972c8270784bcb87c5ea7936e0e148cbface/master.m3u8
      ✅ MARINES - 1.Sezon 2.Bölüm - 1 m3u8
   🔍 [3/4] Bölüm: https://diziyiizle4.com/marines/1-sezon-3-bolum/
📺 Embed URL bulundu: https://vidlax1.xyz/embed/764247b2211f16ba
🔍 Embed URL kontrol ediliyor: https://vidlax1.xyz/embed/764247b2211f16ba
📄 Embed sayfa içeriği alındı, boyut: 43004 karakter
🎬 Video Başlığı: MARINES
📝 Video Açıklaması: 1.Sezon 3.Bölüm
🎯 Tam Başlık: MARINES - 1.Sezon 3.Bölüm
🎯 HEX DECODE - m3u8 bulundu: https://vidlax.xyz/upload/b84e60ffb6479b836a8eb3b60a286c76bb90/master.m3u8
      ✅ MARINES - 1.Sezon 3.Bölüm - 1 m3u8
   🔍 [4/4] Bölüm: https://diziyiizle4.com/marines/1-sezon-4-bolum/

🔍 Vidlax direkt analizi: https://diziyiizle4.com/marines/1-sezon-4-bolum/
📄 Sayfa içeriği alındı: 91578 karakter
🎬 Video Başlığı: Bilinmiyor
📝 Video Açıklaması: MARINES - 1. Sezon 4. Bölüm online izle. HD kalitede dizi bölümü.
❌ m3u8 URL'si bulunamadı
      ❌ m3u8 bulunamadı
      📁 Dizi playlist: playlists/marines_playlist.m3u
   ✅ Dizi tamamlandı: 3 m3u8 eklendi

============================================================
🎬 [22/56] İşleniyor: https://diziyiizle4.com/dizi/bat-fam/
📺 Bölüm bulundu: 1. Sezon 1. BölümDublaj10.11.2025 - https://diziyiizle4.com/bat-fam/1-sezon-1-bolum/
📺 Bölüm bulundu: 1. Sezon 2. BölümDublaj10.11.2025 - https://diziyiizle4.com/bat-fam/1-sezon-2-bolum/
📺 Bölüm bulundu: 1. Sezon 3. BölümDublaj10.11.2025 - https://diziyiizle4.com/bat-fam/1-sezon-3-bolum/
📺 Bölüm bulundu: 1. Sezon 4. BölümDublaj10.11.2025 - https://diziyiizle4.com/bat-fam/1-sezon-4-bolum/
📺 Bölüm bulundu: 1. Sezon 5. BölümDublaj10.11.2025 - https://diziyiizle4.com/bat-fam/1-sezon-5-bolum/
📺 Bölüm bulundu: 1. Sezon 6. BölümDublaj10.11.2025 - https://diziyiizle4.com/bat-fam/1-sezon-6-bolum/
📺 Bölüm bulundu: 1. Sezon 7. BölümDublaj10.11.2025 - https://diziyiizle4.com/bat-fam/1-sezon-7-bolum/
📺 Bölüm bulundu: 1. Sezon 8. BölümDublaj10.11.2025 - https://diziyiizle4.com/bat-fam/1-sezon-8-bolum/
📺 Bölüm bulundu: 1. Sezon 9. BölümDublaj10.11.2025 - https://diziyiizle4.com/bat-fam/1-sezon-9-bolum/
📺 Bölüm bulundu: 1. Sezon 10. BölümDublaj10.11.2025 - https://diziyiizle4.com/bat-fam/1-sezon-10-bolum/

📊 Toplam 10 bölüm bulundu
   🔍 [1/10] Bölüm: https://diziyiizle4.com/bat-fam/1-sezon-1-bolum/
📺 Embed URL bulundu: https://vidlax1.xyz/embed/b01cbfab6ac3b7a1
🔍 Embed URL kontrol ediliyor: https://vidlax1.xyz/embed/b01cbfab6ac3b7a1
📄 Embed sayfa içeriği alındı, boyut: 42663 karakter
🎬 Video Başlığı: BAT-FAM
📝 Video Açıklaması: 1.Sezon 1.Bölüm
🎯 Tam Başlık: BAT-FAM - 1.Sezon 1.Bölüm
🎯 HEX DECODE - m3u8 bulundu: https://vidlax.xyz/upload/dd732132f0592e59f987b023338b7ab2abfc/master.m3u8
      ✅ BAT-FAM - 1.Sezon 1.Bölüm - 1 m3u8
   🔍 [2/10] Bölüm: https://diziyiizle4.com/bat-fam/1-sezon-2-bolum/
📺 Embed URL bulundu: https://vidlax1.xyz/embed/accf2e8b816622e3
🔍 Embed URL kontrol ediliyor: https://vidlax1.xyz/embed/accf2e8b816622e3
📄 Embed sayfa içeriği alındı, boyut: 42663 karakter
🎬 Video Başlığı: BAT-FAM
📝 Video Açıklaması: 1.Sezon 2.Bölüm
🎯 Tam Başlık: BAT-FAM - 1.Sezon 2.Bölüm
🎯 HEX DECODE - m3u8 bulundu: https://vidlax.xyz/upload/732cac67496ae96f8fd4ed029bc8c971c216/master.m3u8
      ✅ BAT-FAM - 1.Sezon 2.Bölüm - 1 m3u8
   🔍 [3/10] Bölüm: https://diziyiizle4.com/bat-fam/1-sezon-3-bolum/
📺 Embed URL bulundu: https://vidlax1.xyz/embed/3fe1b5927d7d0845
🔍 Embed URL kontrol ediliyor: https://vidlax1.xyz/embed/3fe1b5927d7d0845
📄 Embed sayfa içeriği alındı, boyut: 42663 karakter
🎬 Video Başlığı: BAT-FAM
📝 Video Açıklaması: 1.Sezon 3.Bölüm
🎯 Tam Başlık: BAT-FAM - 1.Sezon 3.Bölüm
🎯 HEX DECODE - m3u8 bulundu: https://vidlax.xyz/upload/bcc83f56018886a51dbda1b79f0e654d8378/master.m3u8
      ✅ BAT-FAM - 1.Sezon 3.Bölüm - 1 m3u8
   🔍 [4/10] Bölüm: https://diziyiizle4.com/bat-fam/1-sezon-4-bolum/
📺 Embed URL bulundu: https://vidlax1.xyz/embed/326c0ff314792430
🔍 Embed URL kontrol ediliyor: https://vidlax1.xyz/embed/326c0ff314792430
📄 Embed sayfa içeriği alındı, boyut: 42799 karakter
🎬 Video Başlığı: BAT-FAM
📝 Video Açıklaması: 1.Sezon 4.Bölüm
🎯 Tam Başlık: BAT-FAM - 1.Sezon 4.Bölüm
🎯 HEX DECODE - m3u8 bulundu: https://vidlax.xyz/upload/5d294a53f8c146bcad7429d902084149f2e3/master.m3u8
      ✅ BAT-FAM - 1.Sezon 4.Bölüm - 1 m3u8
   🔍 [5/10] Bölüm: https://diziyiizle4.com/bat-fam/1-sezon-5-bolum/
📺 Embed URL bulundu: https://vidlax1.xyz/embed/314a0814cb4dc5fc
🔍 Embed URL kontrol ediliyor: https://vidlax1.xyz/embed/314a0814cb4dc5fc
📄 Embed sayfa içeriği alındı, boyut: 42663 karakter
🎬 Video Başlığı: BAT-FAM
📝 Video Açıklaması: 1.Sezon 5.Bölüm
🎯 Tam Başlık: BAT-FAM - 1.Sezon 5.Bölüm
🎯 HEX DECODE - m3u8 bulundu: https://vidlax.xyz/upload/e804ba1ceae6eb55d0137a7c6489d0d7a237/master.m3u8
      ✅ BAT-FAM - 1.Sezon 5.Bölüm - 1 m3u8
   🔍 [6/10] Bölüm: https://diziyiizle4.com/bat-fam/1-sezon-6-bolum/
📺 Embed URL bulundu: https://vidlax1.xyz/embed/bc0dab3636e8b06c
🔍 Embed URL kontrol ediliyor: https://vidlax1.xyz/embed/bc0dab3636e8b06c
📄 Embed sayfa içeriği alındı, boyut: 42663 karakter
🎬 Video Başlığı: BAT-FAM
📝 Video Açıklaması: 1.Sezon 6.Bölüm
🎯 Tam Başlık: BAT-FAM - 1.Sezon 6.Bölüm
🎯 HEX DECODE - m3u8 bulundu: https://vidlax.xyz/upload/f7b96e9da22299d73179654f38066a6d3d97/master.m3u8
      ✅ BAT-FAM - 1.Sezon 6.Bölüm - 1 m3u8
   🔍 [7/10] Bölüm: https://diziyiizle4.com/bat-fam/1-sezon-7-bolum/
📺 Embed URL bulundu: https://vidlax1.xyz/embed/7392d3191887e6dd
🔍 Embed URL kontrol ediliyor: https://vidlax1.xyz/embed/7392d3191887e6dd
📄 Embed sayfa içeriği alındı, boyut: 42663 karakter
🎬 Video Başlığı: BAT-FAM
📝 Video Açıklaması: 1.Sezon 7.Bölüm
🎯 Tam Başlık: BAT-FAM - 1.Sezon 7.Bölüm
🎯 HEX DECODE - m3u8 bulundu: https://vidlax.xyz/upload/511c96e4c27fc9aab573a1eea6eaa1bd404a/master.m3u8
      ✅ BAT-FAM - 1.Sezon 7.Bölüm - 1 m3u8
   🔍 [8/10] Bölüm: https://diziyiizle4.com/bat-fam/1-sezon-8-bolum/
📺 Embed URL bulundu: https://vidlax1.xyz/embed/e73de9507538ad7d
🔍 Embed URL kontrol ediliyor: https://vidlax1.xyz/embed/e73de9507538ad7d
📄 Embed sayfa içeriği alındı, boyut: 42663 karakter
🎬 Video Başlığı: BAT-FAM
📝 Video Açıklaması: 1.Sezon 8.Bölüm
🎯 Tam Başlık: BAT-FAM - 1.Sezon 8.Bölüm
🎯 HEX DECODE - m3u8 bulundu: https://vidlax.xyz/upload/97d32fd4b3fd2db92f9d67d011d89a207466/master.m3u8
      ✅ BAT-FAM - 1.Sezon 8.Bölüm - 1 m3u8
   🔍 [9/10] Bölüm: https://diziyiizle4.com/bat-fam/1-sezon-9-bolum/
📺 Embed URL bulundu: https://vidlax1.xyz/embed/a19d89fdb76f104d
🔍 Embed URL kontrol ediliyor: https://vidlax1.xyz/embed/a19d89fdb76f104d
📄 Embed sayfa içeriği alındı, boyut: 42663 karakter
🎬 Video Başlığı: BAT-FAM
📝 Video Açıklaması: 1.Sezon 9.Bölüm
🎯 Tam Başlık: BAT-FAM - 1.Sezon 9.Bölüm
🎯 HEX DECODE - m3u8 bulundu: https://vidlax.xyz/upload/4f3b4971029aef5756141492312aec070361/master.m3u8
      ✅ BAT-FAM - 1.Sezon 9.Bölüm - 1 m3u8
   🔍 [10/10] Bölüm: https://diziyiizle4.com/bat-fam/1-sezon-10-bolum/
📺 Embed URL bulundu: https://vidlax1.xyz/embed/e957f9edd586ae23
🔍 Embed URL kontrol ediliyor: https://vidlax1.xyz/embed/e957f9edd586ae23
📄 Embed sayfa içeriği alındı, boyut: 42664 karakter
🎬 Video Başlığı: BAT-FAM
📝 Video Açıklaması: 1.Sezon 10.Bölüm
🎯 Tam Başlık: BAT-FAM - 1.Sezon 10.Bölüm
🎯 HEX DECODE - m3u8 bulundu: https://vidlax.xyz/upload/aabb3a34ba43c2c9aaede79afccaa9fc28cf/master.m3u8
      ✅ BAT-FAM - 1.Sezon 10.Bölüm - 1 m3u8
      📁 Dizi playlist: playlists/bat_fam_playlist.m3u
   ✅ Dizi tamamlandı: 10 m3u8 eklendi

============================================================
🎬 [23/56] İşleniyor: https://diziyiizle4.com/dizi/breslau/
📺 Bölüm bulundu: 1. Sezon 1. BölümDublaj09.11.202547 dk. - https://diziyiizle4.com/breslau/1-sezon-1-bolum/
📺 Bölüm bulundu: 1. Sezon 2. BölümDublaj09.11.202546 dk. - https://diziyiizle4.com/breslau/1-sezon-2-bolum/
📺 Bölüm bulundu: 1. Sezon 3. BölümDublaj09.11.202548 dk. - https://diziyiizle4.com/breslau/1-sezon-3-bolum/
📺 Bölüm bulundu: 1. Sezon 4. BölümDublaj09.11.202544 dk. - https://diziyiizle4.com/breslau/1-sezon-4-bolum/
📺 Bölüm bulundu: 1. Sezon 5. BölümDublaj09.11.202545 dk. - https://diziyiizle4.com/breslau/1-sezon-5-bolum/
📺 Bölüm bulundu: 1. Sezon 6. BölümAltyazılı09.11.202543 dk. - https://diziyiizle4.com/breslau/1-sezon-6-bolum/
📺 Bölüm bulundu: 1. Sezon 7. BölümAltyazılı09.11.202546 dk. - https://diziyiizle4.com/breslau/1-sezon-7-bolum/
📺 Bölüm bulundu: 1. Sezon 8. BölümAltyazılı09.11.202549 dk. - https://diziyiizle4.com/breslau/1-sezon-8-bolum/

📊 Toplam 8 bölüm bulundu
   🔍 [1/8] Bölüm: https://diziyiizle4.com/breslau/1-sezon-1-bolum/
📺 Embed URL bulundu: https://vidlax1.xyz/embed/2db0b27d6787c92e
🔍 Embed URL kontrol ediliyor: https://vidlax1.xyz/embed/2db0b27d6787c92e
📄 Embed sayfa içeriği alındı, boyut: 41836 karakter
🎬 Video Başlığı: The Breslau Murders
📝 Video Açıklaması: 1.Sezon 1.Bölüm
🎯 Tam Başlık: The Breslau Murders - 1.Sezon 1.Bölüm
🎯 HEX DECODE - m3u8 bulundu: https://vidlax.xyz/upload/940691a00481d0edff59dd49e24cc828b881/master.m3u8
      ✅ The Breslau Murders - 1.Sezon 1.Bölüm - 1 m3u8
   🔍 [2/8] Bölüm: https://diziyiizle4.com/breslau/1-sezon-2-bolum/
📺 Embed URL bulundu: https://vidlax1.xyz/embed/648ce1b99bf0c05e
🔍 Embed URL kontrol ediliyor: https://vidlax1.xyz/embed/648ce1b99bf0c05e
📄 Embed sayfa içeriği alındı, boyut: 41836 karakter
🎬 Video Başlığı: The Breslau Murders
📝 Video Açıklaması: 1.Sezon 2.Bölüm
🎯 Tam Başlık: The Breslau Murders - 1.Sezon 2.Bölüm
🎯 HEX DECODE - m3u8 bulundu: https://vidlax.xyz/upload/46660ea775f787af68c2156fe69f3c38dbee/master.m3u8
      ✅ The Breslau Murders - 1.Sezon 2.Bölüm - 1 m3u8
   🔍 [3/8] Bölüm: https://diziyiizle4.com/breslau/1-sezon-3-bolum/
📺 Embed URL bulundu: https://vidlax1.xyz/embed/5052f7a0a6653410
🔍 Embed URL kontrol ediliyor: https://vidlax1.xyz/embed/5052f7a0a6653410
📄 Embed sayfa içeriği alındı, boyut: 41836 karakter
🎬 Video Başlığı: The Breslau Murders
📝 Video Açıklaması: 1.Sezon 3.Bölüm
🎯 Tam Başlık: The Breslau Murders - 1.Sezon 3.Bölüm
🎯 HEX DECODE - m3u8 bulundu: https://vidlax.xyz/upload/d680694f88d0daaa79e124a0de5aac643665/master.m3u8
      ✅ The Breslau Murders - 1.Sezon 3.Bölüm - 1 m3u8
   🔍 [4/8] Bölüm: https://diziyiizle4.com/breslau/1-sezon-4-bolum/
📺 Embed URL bulundu: https://vidlax1.xyz/embed/4f1fc9aa986e54bb
🔍 Embed URL kontrol ediliyor: https://vidlax1.xyz/embed/4f1fc9aa986e54bb
📄 Embed sayfa içeriği alındı, boyut: 41836 karakter
🎬 Video Başlığı: The Breslau Murders
📝 Video Açıklaması: 1.Sezon 4.Bölüm
🎯 Tam Başlık: The Breslau Murders - 1.Sezon 4.Bölüm
🎯 HEX DECODE - m3u8 bulundu: https://vidlax.xyz/upload/59806e41674a6e3c99a182eeea2d06f656fe/master.m3u8
      ✅ The Breslau Murders - 1.Sezon 4.Bölüm - 1 m3u8
   🔍 [5/8] Bölüm: https://diziyiizle4.com/breslau/1-sezon-5-bolum/
📺 Embed URL bulundu: https://vidlax1.xyz/embed/758d820be03f1fdf
🔍 Embed URL kontrol ediliyor: https://vidlax1.xyz/embed/758d820be03f1fdf
📄 Embed sayfa içeriği alındı, boyut: 41836 karakter
🎬 Video Başlığı: The Breslau Murders
📝 Video Açıklaması: 1.Sezon 5.Bölüm
🎯 Tam Başlık: The Breslau Murders - 1.Sezon 5.Bölüm
🎯 HEX DECODE - m3u8 bulundu: https://vidlax.xyz/upload/107eba05fdd9568167454046291e568aae03/master.m3u8
      ✅ The Breslau Murders - 1.Sezon 5.Bölüm - 1 m3u8
   🔍 [6/8] Bölüm: https://diziyiizle4.com/breslau/1-sezon-6-bolum/

🔍 Vidlax direkt analizi: https://diziyiizle4.com/breslau/1-sezon-6-bolum/
📄 Sayfa içeriği alındı: 97284 karakter
🎬 Video Başlığı: Bilinmiyor
📝 Video Açıklaması: Breslau - 1. Sezon 6. Bölüm online izle. HD kalitede dizi bölümü.
❌ m3u8 URL'si bulunamadı
      ❌ m3u8 bulunamadı
   🔍 [7/8] Bölüm: https://diziyiizle4.com/breslau/1-sezon-7-bolum/

🔍 Vidlax direkt analizi: https://diziyiizle4.com/breslau/1-sezon-7-bolum/
📄 Sayfa içeriği alındı: 97288 karakter
🎬 Video Başlığı: Bilinmiyor
📝 Video Açıklaması: Breslau - 1. Sezon 7. Bölüm online izle. HD kalitede dizi bölümü.
❌ m3u8 URL'si bulunamadı
      ❌ m3u8 bulunamadı
   🔍 [8/8] Bölüm: https://diziyiizle4.com/breslau/1-sezon-8-bolum/

🔍 Vidlax direkt analizi: https://diziyiizle4.com/breslau/1-sezon-8-bolum/
📄 Sayfa içeriği alındı: 97288 karakter
🎬 Video Başlığı: Bilinmiyor
📝 Video Açıklaması: Breslau - 1. Sezon 8. Bölüm online izle. HD kalitede dizi bölümü.
❌ m3u8 URL'si bulunamadı
      ❌ m3u8 bulunamadı
      📁 Dizi playlist: playlists/breslau_playlist.m3u
   ✅ Dizi tamamlandı: 5 m3u8 eklendi

============================================================
🎬 [24/56] İşleniyor: https://diziyiizle4.com/dizi/the-family-next-door/
📺 Bölüm bulundu: 1. Sezon 1. BölümAltyazılı09.11.202550 dk. - https://diziyiizle4.com/the-family-next-door/1-sezon-1-bolum/
📺 Bölüm bulundu: 1. Sezon 2. BölümAltyazılı09.11.202553 dk. - https://diziyiizle4.com/the-family-next-door/1-sezon-2-bolum/
📺 Bölüm bulundu: 1. Sezon 3. BölümAltyazılı09.11.202552 dk. - https://diziyiizle4.com/the-family-next-door/1-sezon-3-bolum/
📺 Bölüm bulundu: 1. Sezon 4. BölümAltyazılı09.11.202547 dk. - https://diziyiizle4.com/the-family-next-door/1-sezon-4-bolum/
📺 Bölüm bulundu: 1. Sezon 5. BölümAltyazılı09.11.202548 dk. - https://diziyiizle4.com/the-family-next-door/1-sezon-5-bolum/
📺 Bölüm bulundu: 1. Sezon 6. BölümAltyazılı09.11.202553 dk. - https://diziyiizle4.com/the-family-next-door/1-sezon-6-bolum/

📊 Toplam 6 bölüm bulundu
   🔍 [1/6] Bölüm: https://diziyiizle4.com/the-family-next-door/1-sezon-1-bolum/
📺 Embed URL bulundu: https://vidlax1.xyz/embed/ceceb878b197d327
🔍 Embed URL kontrol ediliyor: https://vidlax1.xyz/embed/ceceb878b197d327
📄 Embed sayfa içeriği alındı, boyut: 40097 karakter
🎬 Video Başlığı: The Family Next Door
📝 Video Açıklaması: 1.Sezon 1.Bölüm
🎯 Tam Başlık: The Family Next Door - 1.Sezon 1.Bölüm
🎯 HEX DECODE - m3u8 bulundu: https://vidlax.xyz/upload/bf2cb106ea24d74af6d4ecec6fedd0b960db/master.m3u8
      ✅ The Family Next Door - 1.Sezon 1.Bölüm - 1 m3u8
   🔍 [2/6] Bölüm: https://diziyiizle4.com/the-family-next-door/1-sezon-2-bolum/
📺 Embed URL bulundu: https://vidlax1.xyz/embed/cb8c817cefa38f28
🔍 Embed URL kontrol ediliyor: https://vidlax1.xyz/embed/cb8c817cefa38f28
📄 Embed sayfa içeriği alındı, boyut: 40097 karakter
🎬 Video Başlığı: The Family Next Door
📝 Video Açıklaması: 1.Sezon 2.Bölüm
🎯 Tam Başlık: The Family Next Door - 1.Sezon 2.Bölüm
🎯 HEX DECODE - m3u8 bulundu: https://vidlax.xyz/upload/3145e48cec7d2db663e1765f63dd781d9729/master.m3u8
      ✅ The Family Next Door - 1.Sezon 2.Bölüm - 1 m3u8
   🔍 [3/6] Bölüm: https://diziyiizle4.com/the-family-next-door/1-sezon-3-bolum/
📺 Embed URL bulundu: https://vidlax1.xyz/embed/f250a5dcaba319cf
🔍 Embed URL kontrol ediliyor: https://vidlax1.xyz/embed/f250a5dcaba319cf
📄 Embed sayfa içeriği alındı, boyut: 40097 karakter
🎬 Video Başlığı: The Family Next Door
📝 Video Açıklaması: 1.Sezon 3.Bölüm
🎯 Tam Başlık: The Family Next Door - 1.Sezon 3.Bölüm
🎯 HEX DECODE - m3u8 bulundu: https://vidlax.xyz/upload/cd67fa3b60a29655061977564e36b06911a4/master.m3u8
      ✅ The Family Next Door - 1.Sezon 3.Bölüm - 1 m3u8
   🔍 [4/6] Bölüm: https://diziyiizle4.com/the-family-next-door/1-sezon-4-bolum/
📺 Embed URL bulundu: https://vidlax1.xyz/embed/254bcb736da7c448
🔍 Embed URL kontrol ediliyor: https://vidlax1.xyz/embed/254bcb736da7c448
📄 Embed sayfa içeriği alındı, boyut: 40097 karakter
🎬 Video Başlığı: The Family Next Door
📝 Video Açıklaması: 1.Sezon 4.Bölüm
🎯 Tam Başlık: The Family Next Door - 1.Sezon 4.Bölüm
🎯 HEX DECODE - m3u8 bulundu: https://vidlax.xyz/upload/8b571e2ae713ee6a52068ace2245541961c3/master.m3u8
      ✅ The Family Next Door - 1.Sezon 4.Bölüm - 1 m3u8
   🔍 [5/6] Bölüm: https://diziyiizle4.com/the-family-next-door/1-sezon-5-bolum/
📺 Embed URL bulundu: https://vidlax1.xyz/embed/d0becda193c77243
🔍 Embed URL kontrol ediliyor: https://vidlax1.xyz/embed/d0becda193c77243
📄 Embed sayfa içeriği alındı, boyut: 40097 karakter
🎬 Video Başlığı: The Family Next Door
📝 Video Açıklaması: 1.Sezon 5.Bölüm
🎯 Tam Başlık: The Family Next Door - 1.Sezon 5.Bölüm
🎯 HEX DECODE - m3u8 bulundu: https://vidlax.xyz/upload/338eaa7565296de8b41ed55cd6612608e6d2/master.m3u8
      ✅ The Family Next Door - 1.Sezon 5.Bölüm - 1 m3u8
   🔍 [6/6] Bölüm: https://diziyiizle4.com/the-family-next-door/1-sezon-6-bolum/
📺 Embed URL bulundu: https://vidlax1.xyz/embed/f2bd31bfc7fd3650
🔍 Embed URL kontrol ediliyor: https://vidlax1.xyz/embed/f2bd31bfc7fd3650
📄 Embed sayfa içeriği alındı, boyut: 40097 karakter
🎬 Video Başlığı: The Family Next Door
📝 Video Açıklaması: 1.Sezon 6.Bölüm
🎯 Tam Başlık: The Family Next Door - 1.Sezon 6.Bölüm
🎯 HEX DECODE - m3u8 bulundu: https://vidlax.xyz/upload/e008810ba7000f16b24993f293784ac0da50/master.m3u8
      ✅ The Family Next Door - 1.Sezon 6.Bölüm - 1 m3u8
      📁 Dizi playlist: playlists/the_family_next_door_playlist.m3u
   ✅ Dizi tamamlandı: 6 m3u8 eklendi

============================================================
🎬 [25/56] İşleniyor: https://diziyiizle4.com/dizi/mistletoe-murders/
📺 Bölüm bulundu: 1. Sezon 1. BölümAltyazılı09.11.202542 dk. - https://diziyiizle4.com/mistletoe-murders/1-sezon-1-bolum/
📺 Bölüm bulundu: 1. Sezon 2. BölümAltyazılı09.11.202542 dk. - https://diziyiizle4.com/mistletoe-murders/1-sezon-2-bolum/
📺 Bölüm bulundu: 1. Sezon 3. BölümAltyazılı09.11.202542 dk. - https://diziyiizle4.com/mistletoe-murders/1-sezon-3-bolum/
📺 Bölüm bulundu: 1. Sezon 4. BölümAltyazılı09.11.202542 dk. - https://diziyiizle4.com/mistletoe-murders/1-sezon-4-bolum/
📺 Bölüm bulundu: 1. Sezon 5. BölümAltyazılı09.11.202542 dk. - https://diziyiizle4.com/mistletoe-murders/1-sezon-5-bolum/
📺 Bölüm bulundu: 1. Sezon 6. BölümAltyazılı09.11.202542 dk. - https://diziyiizle4.com/mistletoe-murders/1-sezon-6-bolum/
📺 Bölüm bulundu: 2. Sezon 1. BölümAltyazılı09.11.2025 - https://diziyiizle4.com/mistletoe-murders/2-sezon-1-bolum/
📺 Bölüm bulundu: 2. Sezon 2. BölümAltyazılı09.11.2025 - https://diziyiizle4.com/mistletoe-murders/2-sezon-2-bolum/
📺 Bölüm bulundu: 2. Sezon 3. BölümAltyazılı09.11.2025 - https://diziyiizle4.com/mistletoe-murders/2-sezon-3-bolum/
📺 Bölüm bulundu: 2. Sezon 4. BölümAltyazılı09.11.2025 - https://diziyiizle4.com/mistletoe-murders/2-sezon-4-bolum/
📺 Bölüm bulundu: 2. Sezon 5. BölümAltyazılı09.11.2025 - https://diziyiizle4.com/mistletoe-murders/2-sezon-5-bolum/
📺 Bölüm bulundu: 2. Sezon 6. BölümAltyazılı09.11.2025 - https://diziyiizle4.com/mistletoe-murders/2-sezon-6-bolum/

📊 Toplam 12 bölüm bulundu
   🔍 [1/12] Bölüm: https://diziyiizle4.com/mistletoe-murders/1-sezon-1-bolum/
📺 Embed URL bulundu: https://vidlax1.xyz/embed/77a6bce855ad59ab
🔍 Embed URL kontrol ediliyor: https://vidlax1.xyz/embed/77a6bce855ad59ab
📄 Embed sayfa içeriği alındı, boyut: 40094 karakter
🎬 Video Başlığı: Mistletoe Murders
📝 Video Açıklaması: 1.Sezon 1.Bölüm
🎯 Tam Başlık: Mistletoe Murders - 1.Sezon 1.Bölüm
🎯 HEX DECODE - m3u8 bulundu: https://vidlax.xyz/upload/3c03ad381084afdca4159693c6ac6280c79b/master.m3u8
      ✅ Mistletoe Murders - 1.Sezon 1.Bölüm - 1 m3u8
   🔍 [2/12] Bölüm: https://diziyiizle4.com/mistletoe-murders/1-sezon-2-bolum/
📺 Embed URL bulundu: https://vidlax1.xyz/embed/0ccd5e0d8b220046
🔍 Embed URL kontrol ediliyor: https://vidlax1.xyz/embed/0ccd5e0d8b220046
📄 Embed sayfa içeriği alındı, boyut: 40094 karakter
🎬 Video Başlığı: Mistletoe Murders
📝 Video Açıklaması: 1.Sezon 2.Bölüm
🎯 Tam Başlık: Mistletoe Murders - 1.Sezon 2.Bölüm
🎯 HEX DECODE - m3u8 bulundu: https://vidlax.xyz/upload/4e4dd125ad5f0d2161299c92ccdca577a94b/master.m3u8
      ✅ Mistletoe Murders - 1.Sezon 2.Bölüm - 1 m3u8
   🔍 [3/12] Bölüm: https://diziyiizle4.com/mistletoe-murders/1-sezon-3-bolum/
📺 Embed URL bulundu: https://vidlax1.xyz/embed/f7757911b3472260
🔍 Embed URL kontrol ediliyor: https://vidlax1.xyz/embed/f7757911b3472260
📄 Embed sayfa içeriği alındı, boyut: 40094 karakter
🎬 Video Başlığı: Mistletoe Murders
📝 Video Açıklaması: 1.Sezon 3.Bölüm
🎯 Tam Başlık: Mistletoe Murders - 1.Sezon 3.Bölüm
🎯 HEX DECODE - m3u8 bulundu: https://vidlax.xyz/upload/c113e868bbbb9d7e9908453ff2f216d2e768/master.m3u8
      ✅ Mistletoe Murders - 1.Sezon 3.Bölüm - 1 m3u8
   🔍 [4/12] Bölüm: https://diziyiizle4.com/mistletoe-murders/1-sezon-4-bolum/
📺 Embed URL bulundu: https://vidlax1.xyz/embed/4a44c92805760ca1
🔍 Embed URL kontrol ediliyor: https://vidlax1.xyz/embed/4a44c92805760ca1
📄 Embed sayfa içeriği alındı, boyut: 40094 karakter
🎬 Video Başlığı: Mistletoe Murders
📝 Video Açıklaması: 1.Sezon 4.Bölüm
🎯 Tam Başlık: Mistletoe Murders - 1.Sezon 4.Bölüm
🎯 HEX DECODE - m3u8 bulundu: https://vidlax.xyz/upload/62241c09a4b3181cb48513a1920fb1640fe8/master.m3u8
      ✅ Mistletoe Murders - 1.Sezon 4.Bölüm - 1 m3u8
   🔍 [5/12] Bölüm: https://diziyiizle4.com/mistletoe-murders/1-sezon-5-bolum/
📺 Embed URL bulundu: https://vidlax1.xyz/embed/46589d0dd20219a2
🔍 Embed URL kontrol ediliyor: https://vidlax1.xyz/embed/46589d0dd20219a2
📄 Embed sayfa içeriği alındı, boyut: 40094 karakter
🎬 Video Başlığı: Mistletoe Murders
📝 Video Açıklaması: 1.Sezon 5.Bölüm
🎯 Tam Başlık: Mistletoe Murders - 1.Sezon 5.Bölüm
🎯 HEX DECODE - m3u8 bulundu: https://vidlax.xyz/upload/6104d0adcdc1ee5e05a8ba26ffd68745e3d4/master.m3u8
      ✅ Mistletoe Murders - 1.Sezon 5.Bölüm - 1 m3u8
   🔍 [6/12] Bölüm: https://diziyiizle4.com/mistletoe-murders/1-sezon-6-bolum/
📺 Embed URL bulundu: https://vidlax1.xyz/embed/9fe8f2559aae8a5f
🔍 Embed URL kontrol ediliyor: https://vidlax1.xyz/embed/9fe8f2559aae8a5f
📄 Embed sayfa içeriği alındı, boyut: 40094 karakter
🎬 Video Başlığı: Mistletoe Murders
📝 Video Açıklaması: 1.Sezon 6.Bölüm
🎯 Tam Başlık: Mistletoe Murders - 1.Sezon 6.Bölüm
🎯 HEX DECODE - m3u8 bulundu: https://vidlax.xyz/upload/22837c3f8809462afaf25c9469f6f74373dd/master.m3u8
      ✅ Mistletoe Murders - 1.Sezon 6.Bölüm - 1 m3u8
   🔍 [7/12] Bölüm: https://diziyiizle4.com/mistletoe-murders/2-sezon-1-bolum/
📺 Embed URL bulundu: https://vidlax1.xyz/embed/37d3edb57c05eca4
🔍 Embed URL kontrol ediliyor: https://vidlax1.xyz/embed/37d3edb57c05eca4
📄 Embed sayfa içeriği alındı, boyut: 40094 karakter
🎬 Video Başlığı: Mistletoe Murders
📝 Video Açıklaması: 2.Sezon 1.Bölüm
🎯 Tam Başlık: Mistletoe Murders - 2.Sezon 1.Bölüm
🎯 HEX DECODE - m3u8 bulundu: https://vidlax.xyz/upload/aa0111c5aba661346b5aa8f17a55a6e13ad9/master.m3u8
      ✅ Mistletoe Murders - 2.Sezon 1.Bölüm - 1 m3u8
   🔍 [8/12] Bölüm: https://diziyiizle4.com/mistletoe-murders/2-sezon-2-bolum/
📺 Embed URL bulundu: https://vidlax1.xyz/embed/849e5007ca023ebf
🔍 Embed URL kontrol ediliyor: https://vidlax1.xyz/embed/849e5007ca023ebf
📄 Embed sayfa içeriği alındı, boyut: 40094 karakter
🎬 Video Başlığı: Mistletoe Murders
📝 Video Açıklaması: 2.Sezon 2.Bölüm
🎯 Tam Başlık: Mistletoe Murders - 2.Sezon 2.Bölüm
🎯 HEX DECODE - m3u8 bulundu: https://vidlax.xyz/upload/90088ed846f3ae0a30fbebf37c6097a890ac/master.m3u8
      ✅ Mistletoe Murders - 2.Sezon 2.Bölüm - 1 m3u8
   🔍 [9/12] Bölüm: https://diziyiizle4.com/mistletoe-murders/2-sezon-3-bolum/

🔍 Vidlax direkt analizi: https://diziyiizle4.com/mistletoe-murders/2-sezon-3-bolum/
📄 Sayfa içeriği alındı: 103391 karakter
🎬 Video Başlığı: Bilinmiyor
📝 Video Açıklaması: Mistletoe Murders - 2. Sezon 3. Bölüm online izle. HD kalitede dizi bölümü.
❌ m3u8 URL'si bulunamadı
      ❌ m3u8 bulunamadı
   🔍 [10/12] Bölüm: https://diziyiizle4.com/mistletoe-murders/2-sezon-4-bolum/

🔍 Vidlax direkt analizi: https://diziyiizle4.com/mistletoe-murders/2-sezon-4-bolum/
📄 Sayfa içeriği alındı: 103388 karakter
🎬 Video Başlığı: Bilinmiyor
📝 Video Açıklaması: Mistletoe Murders - 2. Sezon 4. Bölüm online izle. HD kalitede dizi bölümü.
❌ m3u8 URL'si bulunamadı
      ❌ m3u8 bulunamadı
   🔍 [11/12] Bölüm: https://diziyiizle4.com/mistletoe-murders/2-sezon-5-bolum/

🔍 Vidlax direkt analizi: https://diziyiizle4.com/mistletoe-murders/2-sezon-5-bolum/
📄 Sayfa içeriği alındı: 103391 karakter
🎬 Video Başlığı: Bilinmiyor
📝 Video Açıklaması: Mistletoe Murders - 2. Sezon 5. Bölüm online izle. HD kalitede dizi bölümü.
❌ m3u8 URL'si bulunamadı
      ❌ m3u8 bulunamadı
   🔍 [12/12] Bölüm: https://diziyiizle4.com/mistletoe-murders/2-sezon-6-bolum/

🔍 Vidlax direkt analizi: https://diziyiizle4.com/mistletoe-murders/2-sezon-6-bolum/
📄 Sayfa içeriği alındı: 103388 karakter
🎬 Video Başlığı: Bilinmiyor
📝 Video Açıklaması: Mistletoe Murders - 2. Sezon 6. Bölüm online izle. HD kalitede dizi bölümü.
❌ m3u8 URL'si bulunamadı
      ❌ m3u8 bulunamadı
      📁 Dizi playlist: playlists/mistletoe_murders_playlist.m3u
   ✅ Dizi tamamlandı: 8 m3u8 eklendi

============================================================
🎬 [26/56] İşleniyor: https://diziyiizle4.com/dizi/austin/
📺 Bölüm bulundu: 1. Sezon 1. BölümAltyazılı09.11.202526 dk. - https://diziyiizle4.com/austin/1-sezon-1-bolum/
📺 Bölüm bulundu: 1. Sezon 2. BölümAltyazılı09.11.202527 dk. - https://diziyiizle4.com/austin/1-sezon-2-bolum/
📺 Bölüm bulundu: 1. Sezon 3. BölümAltyazılı09.11.202527 dk. - https://diziyiizle4.com/austin/1-sezon-3-bolum/
📺 Bölüm bulundu: 1. Sezon 4. BölümAltyazılı09.11.202527 dk. - https://diziyiizle4.com/austin/1-sezon-4-bolum/
📺 Bölüm bulundu: 1. Sezon 5. BölümAltyazılı09.11.202526 dk. - https://diziyiizle4.com/austin/1-sezon-5-bolum/
📺 Bölüm bulundu: 1. Sezon 6. BölümAltyazılı09.11.202527 dk. - https://diziyiizle4.com/austin/1-sezon-6-bolum/
📺 Bölüm bulundu: 1. Sezon 7. BölümAltyazılı09.11.202526 dk. - https://diziyiizle4.com/austin/1-sezon-7-bolum/
📺 Bölüm bulundu: 1. Sezon 8. BölümAltyazılı09.11.202528 dk. - https://diziyiizle4.com/austin/1-sezon-8-bolum/
📺 Bölüm bulundu: 2. Sezon 1. BölümAltyazılı09.11.202526 dk. - https://diziyiizle4.com/austin/2-sezon-1-bolum/
📺 Bölüm bulundu: 2. Sezon 2. BölümAltyazılı09.11.202529 dk. - https://diziyiizle4.com/austin/2-sezon-2-bolum/
📺 Bölüm bulundu: 2. Sezon 3. BölümAltyazılı09.11.202527 dk. - https://diziyiizle4.com/austin/2-sezon-3-bolum/
📺 Bölüm bulundu: 2. Sezon 4. BölümAltyazılı09.11.202529 dk. - https://diziyiizle4.com/austin/2-sezon-4-bolum/
📺 Bölüm bulundu: 2. Sezon 5. BölümAltyazılı09.11.202528 dk. - https://diziyiizle4.com/austin/2-sezon-5-bolum/
📺 Bölüm bulundu: 2. Sezon 6. BölümAltyazılı09.11.202529 dk. - https://diziyiizle4.com/austin/2-sezon-6-bolum/
📺 Bölüm bulundu: 2. Sezon 7. BölümAltyazılı09.11.202527 dk. - https://diziyiizle4.com/austin/2-sezon-7-bolum/
📺 Bölüm bulundu: 2. Sezon 8. BölümAltyazılı09.11.202527 dk. - https://diziyiizle4.com/austin/2-sezon-8-bolum/

📊 Toplam 16 bölüm bulundu
   🔍 [1/16] Bölüm: https://diziyiizle4.com/austin/1-sezon-1-bolum/
📺 Embed URL bulundu: https://vidlax1.xyz/embed/e9cfc0c5620fc0d7
🔍 Embed URL kontrol ediliyor: https://vidlax1.xyz/embed/e9cfc0c5620fc0d7
📄 Embed sayfa içeriği alındı, boyut: 40083 karakter
🎬 Video Başlığı: Austin
📝 Video Açıklaması: 1.Sezon 1.Bölüm
🎯 Tam Başlık: Austin - 1.Sezon 1.Bölüm
🎯 HEX DECODE - m3u8 bulundu: https://vidlax.xyz/upload/164e738f1b94f1fb8fa1e57730e7bccae356/master.m3u8
      ✅ Austin - 1.Sezon 1.Bölüm - 1 m3u8
   🔍 [2/16] Bölüm: https://diziyiizle4.com/austin/1-sezon-2-bolum/
📺 Embed URL bulundu: https://vidlax1.xyz/embed/2dcf3aab60e5ae22
🔍 Embed URL kontrol ediliyor: https://vidlax1.xyz/embed/2dcf3aab60e5ae22
📄 Embed sayfa içeriği alındı, boyut: 40083 karakter
🎬 Video Başlığı: Austin
📝 Video Açıklaması: 1.Sezon 2.Bölüm
🎯 Tam Başlık: Austin - 1.Sezon 2.Bölüm
🎯 HEX DECODE - m3u8 bulundu: https://vidlax.xyz/upload/84e933a5d5c0da93e2c94a6e1ebddafcf8fe/master.m3u8
      ✅ Austin - 1.Sezon 2.Bölüm - 1 m3u8
   🔍 [3/16] Bölüm: https://diziyiizle4.com/austin/1-sezon-3-bolum/
📺 Embed URL bulundu: https://vidlax1.xyz/embed/d2ec2d26abcd74af
🔍 Embed URL kontrol ediliyor: https://vidlax1.xyz/embed/d2ec2d26abcd74af
📄 Embed sayfa içeriği alındı, boyut: 40083 karakter
🎬 Video Başlığı: Austin
📝 Video Açıklaması: 1.Sezon 3.Bölüm
🎯 Tam Başlık: Austin - 1.Sezon 3.Bölüm
🎯 HEX DECODE - m3u8 bulundu: https://vidlax.xyz/upload/538295394876b1eadb57681fba4dab971af5/master.m3u8
      ✅ Austin - 1.Sezon 3.Bölüm - 1 m3u8
   🔍 [4/16] Bölüm: https://diziyiizle4.com/austin/1-sezon-4-bolum/
📺 Embed URL bulundu: https://vidlax1.xyz/embed/1b71de1827f85042
🔍 Embed URL kontrol ediliyor: https://vidlax1.xyz/embed/1b71de1827f85042
📄 Embed sayfa içeriği alındı, boyut: 40083 karakter
🎬 Video Başlığı: Austin
📝 Video Açıklaması: 1.Sezon 4.Bölüm
🎯 Tam Başlık: Austin - 1.Sezon 4.Bölüm
🎯 HEX DECODE - m3u8 bulundu: https://vidlax.xyz/upload/7035430b265c9a3b677fafd9eabdd889c118/master.m3u8
      ✅ Austin - 1.Sezon 4.Bölüm - 1 m3u8
   🔍 [5/16] Bölüm: https://diziyiizle4.com/austin/1-sezon-5-bolum/
📺 Embed URL bulundu: https://vidlax1.xyz/embed/c8909ccadffbb75d
🔍 Embed URL kontrol ediliyor: https://vidlax1.xyz/embed/c8909ccadffbb75d
📄 Embed sayfa içeriği alındı, boyut: 40083 karakter
🎬 Video Başlığı: Austin
📝 Video Açıklaması: 1.Sezon 5.Bölüm
🎯 Tam Başlık: Austin - 1.Sezon 5.Bölüm
🎯 HEX DECODE - m3u8 bulundu: https://vidlax.xyz/upload/f1cb935d0946dc40060cd780e45d127f34ec/master.m3u8
      ✅ Austin - 1.Sezon 5.Bölüm - 1 m3u8
   🔍 [6/16] Bölüm: https://diziyiizle4.com/austin/1-sezon-6-bolum/
📺 Embed URL bulundu: https://vidlax1.xyz/embed/3cad8c632b6fa98e
🔍 Embed URL kontrol ediliyor: https://vidlax1.xyz/embed/3cad8c632b6fa98e
📄 Embed sayfa içeriği alındı, boyut: 40083 karakter
🎬 Video Başlığı: Austin
📝 Video Açıklaması: 1.Sezon 6.Bölüm
🎯 Tam Başlık: Austin - 1.Sezon 6.Bölüm
🎯 HEX DECODE - m3u8 bulundu: https://vidlax.xyz/upload/f2f209ee2c290af127c7b999b25aa9fab9d8/master.m3u8
      ✅ Austin - 1.Sezon 6.Bölüm - 1 m3u8
   🔍 [7/16] Bölüm: https://diziyiizle4.com/austin/1-sezon-7-bolum/
📺 Embed URL bulundu: https://vidlax1.xyz/embed/df208651f903d9ee
🔍 Embed URL kontrol ediliyor: https://vidlax1.xyz/embed/df208651f903d9ee
📄 Embed sayfa içeriği alındı, boyut: 40083 karakter
🎬 Video Başlığı: Austin
📝 Video Açıklaması: 1.Sezon 7.Bölüm
🎯 Tam Başlık: Austin - 1.Sezon 7.Bölüm
🎯 HEX DECODE - m3u8 bulundu: https://vidlax.xyz/upload/b896794801138388dfaddd67a063d862d7e4/master.m3u8
      ✅ Austin - 1.Sezon 7.Bölüm - 1 m3u8
   🔍 [8/16] Bölüm: https://diziyiizle4.com/austin/1-sezon-8-bolum/
📺 Embed URL bulundu: https://vidlax1.xyz/embed/7bd5f4c6a457d453
🔍 Embed URL kontrol ediliyor: https://vidlax1.xyz/embed/7bd5f4c6a457d453
📄 Embed sayfa içeriği alındı, boyut: 40083 karakter
🎬 Video Başlığı: Austin
📝 Video Açıklaması: 1.Sezon 8.Bölüm
🎯 Tam Başlık: Austin - 1.Sezon 8.Bölüm
🎯 HEX DECODE - m3u8 bulundu: https://vidlax.xyz/upload/21bb4e24aad0c5fbdd968711d43f98ea9b7f/master.m3u8
      ✅ Austin - 1.Sezon 8.Bölüm - 1 m3u8
   🔍 [9/16] Bölüm: https://diziyiizle4.com/austin/2-sezon-1-bolum/
📺 Embed URL bulundu: https://vidlax1.xyz/embed/97d6ecec8ce1384b
🔍 Embed URL kontrol ediliyor: https://vidlax1.xyz/embed/97d6ecec8ce1384b
📄 Embed sayfa içeriği alındı, boyut: 40083 karakter
🎬 Video Başlığı: Austin
📝 Video Açıklaması: 2.Sezon 1.Bölüm
🎯 Tam Başlık: Austin - 2.Sezon 1.Bölüm
🎯 HEX DECODE - m3u8 bulundu: https://vidlax.xyz/upload/b2c50617e97ea854ce60f1a7f0f8942401af/master.m3u8
      ✅ Austin - 2.Sezon 1.Bölüm - 1 m3u8
   🔍 [10/16] Bölüm: https://diziyiizle4.com/austin/2-sezon-2-bolum/
📺 Embed URL bulundu: https://vidlax1.xyz/embed/ed2df93112776e58
🔍 Embed URL kontrol ediliyor: https://vidlax1.xyz/embed/ed2df93112776e58
📄 Embed sayfa içeriği alındı, boyut: 40083 karakter
🎬 Video Başlığı: Austin
📝 Video Açıklaması: 2.Sezon 2.Bölüm
🎯 Tam Başlık: Austin - 2.Sezon 2.Bölüm
🎯 HEX DECODE - m3u8 bulundu: https://vidlax.xyz/upload/a09a6755556a2f67798bd424ec6fe2f3f5cf/master.m3u8
      ✅ Austin - 2.Sezon 2.Bölüm - 1 m3u8
   🔍 [11/16] Bölüm: https://diziyiizle4.com/austin/2-sezon-3-bolum/
📺 Embed URL bulundu: https://vidlax1.xyz/embed/c8a52b9a3e53cfa2
🔍 Embed URL kontrol ediliyor: https://vidlax1.xyz/embed/c8a52b9a3e53cfa2
📄 Embed sayfa içeriği alındı, boyut: 40083 karakter
🎬 Video Başlığı: Austin
📝 Video Açıklaması: 2.Sezon 3.Bölüm
🎯 Tam Başlık: Austin - 2.Sezon 3.Bölüm
🎯 HEX DECODE - m3u8 bulundu: https://vidlax.xyz/upload/e0d787ef1638007241498e0a69496f5fb976/master.m3u8
      ✅ Austin - 2.Sezon 3.Bölüm - 1 m3u8
   🔍 [12/16] Bölüm: https://diziyiizle4.com/austin/2-sezon-4-bolum/
📺 Embed URL bulundu: https://vidlax1.xyz/embed/40669f4fce39a00f
🔍 Embed URL kontrol ediliyor: https://vidlax1.xyz/embed/40669f4fce39a00f
📄 Embed sayfa içeriği alındı, boyut: 40083 karakter
🎬 Video Başlığı: Austin
📝 Video Açıklaması: 2.Sezon 4.Bölüm
🎯 Tam Başlık: Austin - 2.Sezon 4.Bölüm
🎯 HEX DECODE - m3u8 bulundu: https://vidlax.xyz/upload/4798b6d9233e27db9bc9efeafda34d81924f/master.m3u8
      ✅ Austin - 2.Sezon 4.Bölüm - 1 m3u8
   🔍 [13/16] Bölüm: https://diziyiizle4.com/austin/2-sezon-5-bolum/
📺 Embed URL bulundu: https://vidlax1.xyz/embed/68372325f0551db6
🔍 Embed URL kontrol ediliyor: https://vidlax1.xyz/embed/68372325f0551db6
📄 Embed sayfa içeriği alındı, boyut: 40083 karakter
🎬 Video Başlığı: Austin
📝 Video Açıklaması: 2.Sezon 5.Bölüm
🎯 Tam Başlık: Austin - 2.Sezon 5.Bölüm
🎯 HEX DECODE - m3u8 bulundu: https://vidlax.xyz/upload/4ca82f2d86412a7310ce68f62e84c47eb620/master.m3u8
      ✅ Austin - 2.Sezon 5.Bölüm - 1 m3u8
   🔍 [14/16] Bölüm: https://diziyiizle4.com/austin/2-sezon-6-bolum/
📺 Embed URL bulundu: https://vidlax1.xyz/embed/0443ef718d24de85
🔍 Embed URL kontrol ediliyor: https://vidlax1.xyz/embed/0443ef718d24de85
📄 Embed sayfa içeriği alındı, boyut: 40083 karakter
🎬 Video Başlığı: Austin
📝 Video Açıklaması: 2.Sezon 6.Bölüm
🎯 Tam Başlık: Austin - 2.Sezon 6.Bölüm
🎯 HEX DECODE - m3u8 bulundu: https://vidlax.xyz/upload/6c2026ede889433e3978fa748251df87f3e1/master.m3u8
      ✅ Austin - 2.Sezon 6.Bölüm - 1 m3u8
   🔍 [15/16] Bölüm: https://diziyiizle4.com/austin/2-sezon-7-bolum/
📺 Embed URL bulundu: https://vidlax1.xyz/embed/cd4f0cb05b2f1596
🔍 Embed URL kontrol ediliyor: https://vidlax1.xyz/embed/cd4f0cb05b2f1596
📄 Embed sayfa içeriği alındı, boyut: 40083 karakter
🎬 Video Başlığı: Austin
📝 Video Açıklaması: 2.Sezon 7.Bölüm
🎯 Tam Başlık: Austin - 2.Sezon 7.Bölüm
🎯 HEX DECODE - m3u8 bulundu: https://vidlax.xyz/upload/d90ec97c6e1b50590458e5865cbca61963a0/master.m3u8
      ✅ Austin - 2.Sezon 7.Bölüm - 1 m3u8
   🔍 [16/16] Bölüm: https://diziyiizle4.com/austin/2-sezon-8-bolum/
📺 Embed URL bulundu: https://vidlax1.xyz/embed/00fd6495627d3c35
🔍 Embed URL kontrol ediliyor: https://vidlax1.xyz/embed/00fd6495627d3c35
📄 Embed sayfa içeriği alındı, boyut: 40083 karakter
🎬 Video Başlığı: Austin
📝 Video Açıklaması: 2.Sezon 8.Bölüm
🎯 Tam Başlık: Austin - 2.Sezon 8.Bölüm
🎯 HEX DECODE - m3u8 bulundu: https://vidlax.xyz/upload/e5fe1a9ee9c8936c7436d347109f67a9ceb6/master.m3u8
      ✅ Austin - 2.Sezon 8.Bölüm - 1 m3u8
      📁 Dizi playlist: playlists/austin_playlist.m3u
   ✅ Dizi tamamlandı: 16 m3u8 eklendi

============================================================
🎬 [27/56] İşleniyor: https://diziyiizle4.com/dizi/mahsun-j-12/
📺 Bölüm bulundu: 1. Sezon 1. BölümDual13.08.202547 dk. - https://diziyiizle4.com/mahsun-j-13/1-sezon-1-bolum/
📺 Bölüm bulundu: 1. Sezon 2. BölümDual13.08.202548 dk. - https://diziyiizle4.com/mahsun-j-13/1-sezon-2-bolum/
📺 Bölüm bulundu: 1. Sezon 3. BölümDual13.08.202541 dk. - https://diziyiizle4.com/mahsun-j-13/1-sezon-3-bolum/
📺 Bölüm bulundu: 1. Sezon 4. BölümDual13.08.202552 dk. - https://diziyiizle4.com/mahsun-j-13/1-sezon-4-bolum/
📺 Bölüm bulundu: 1. Sezon 5. BölümDual13.08.202541 dk. - https://diziyiizle4.com/mahsun-j-13/1-sezon-5-bolum/
📺 Bölüm bulundu: 1. Sezon 6. BölümDual13.08.202539 dk. - https://diziyiizle4.com/mahsun-j-13/1-sezon-6-bolum/
📺 Bölüm bulundu: 1. Sezon 7. BölümDual13.08.202540 dk. - https://diziyiizle4.com/mahsun-j-13/1-sezon-7-bolum/
📺 Bölüm bulundu: 1. Sezon 8. BölümDual13.08.202556 dk. - https://diziyiizle4.com/mahsun-j-13/1-sezon-8-bolum/
📺 Bölüm bulundu: 2. Sezon 1. BölümDual13.08.202545 dk. - https://diziyiizle4.com/mahsun-j-13/2-sezon-1-bolum/
📺 Bölüm bulundu: 2. Sezon 2. BölümDual13.08.202545 dk. - https://diziyiizle4.com/mahsun-j-13/2-sezon-2-bolum/
📺 Bölüm bulundu: 2. Sezon 3. BölümDual13.08.202548 dk. - https://diziyiizle4.com/mahsun-j-13/2-sezon-3-bolum/
📺 Bölüm bulundu: 2. Sezon 4. BölümDual13.08.202542 dk. - https://diziyiizle4.com/mahsun-j-13/2-sezon-4-bolum/
📺 Bölüm bulundu: 2. Sezon 5. BölümDual13.08.202546 dk. - https://diziyiizle4.com/mahsun-j-13/2-sezon-5-bolum/
📺 Bölüm bulundu: 2. Sezon 6. BölümDual13.08.202549 dk. - https://diziyiizle4.com/mahsun-j-13/2-sezon-6-bolum/
📺 Bölüm bulundu: 2. Sezon 7. BölümDual13.08.202552 dk. - https://diziyiizle4.com/mahsun-j-13/2-sezon-7-bolum/
📺 Bölüm bulundu: 2. Sezon 8. BölümDual25.09.202548 dk. - https://diziyiizle4.com/mahsun-j-13/2-sezon-8-bolum/
📺 Bölüm bulundu: 2. Sezon 9. BölümDual03.10.202550 dk. - https://diziyiizle4.com/mahsun-j-13/2-sezon-9-bolum/
📺 Bölüm bulundu: 2. Sezon 10. BölümDual10.10.202560 dk. - https://diziyiizle4.com/mahsun-j-13/2-sezon-10-bolum/
📺 Bölüm bulundu: 2. Sezon 11. BölümDual17.10.202530 dk. - https://diziyiizle4.com/mahsun-j-13/2-sezon-11-bolum/
📺 Bölüm bulundu: 2. Sezon 12. BölümDual24.10.202535 dk. - https://diziyiizle4.com/mahsun-j-13/2-sezon-12-bolum/
📺 Bölüm bulundu: 2. Sezon 13. BölümDual30.10.202540 dk. - https://diziyiizle4.com/mahsun-j-13/2-sezon-13-bolum/

📊 Toplam 21 bölüm bulundu
   🔍 [1/21] Bölüm: https://diziyiizle4.com/mahsun-j-13/1-sezon-1-bolum/
📺 Embed URL bulundu: https://vidlax1.xyz/embed/778eab7a30cbfb8a
🔍 Embed URL kontrol ediliyor: https://vidlax1.xyz/embed/778eab7a30cbfb8a
📄 Embed sayfa içeriği alındı, boyut: 40258 karakter
🎬 Video Başlığı: Mahsun J 
📝 Video Açıklaması: 1.Sezon 1.Bölüm
🎯 Tam Başlık: Mahsun J  - 1.Sezon 1.Bölüm
🎯 HEX DECODE - m3u8 bulundu: https://vidlax.xyz/upload/2f16ee995d7810e7c06f40d3e9018d60104b/master.m3u8
      ✅ Mahsun J  - 1.Sezon 1.Bölüm - 1 m3u8
   🔍 [2/21] Bölüm: https://diziyiizle4.com/mahsun-j-13/1-sezon-2-bolum/
📺 Embed URL bulundu: https://vidlax1.xyz/embed/718e57e139c0bda2
🔍 Embed URL kontrol ediliyor: https://vidlax1.xyz/embed/718e57e139c0bda2
📄 Embed sayfa içeriği alındı, boyut: 40258 karakter
🎬 Video Başlığı: Mahsun J 
📝 Video Açıklaması: 1.Sezon 2.Bölüm
🎯 Tam Başlık: Mahsun J  - 1.Sezon 2.Bölüm
🎯 HEX DECODE - m3u8 bulundu: https://vidlax.xyz/upload/2cbc33d4e5a969a7cccdc8382e25786df655/master.m3u8
      ✅ Mahsun J  - 1.Sezon 2.Bölüm - 1 m3u8
   🔍 [3/21] Bölüm: https://diziyiizle4.com/mahsun-j-13/1-sezon-3-bolum/
📺 Embed URL bulundu: https://vidlax1.xyz/embed/97e8be60949c247f
🔍 Embed URL kontrol ediliyor: https://vidlax1.xyz/embed/97e8be60949c247f
📄 Embed sayfa içeriği alındı, boyut: 40085 karakter
🎬 Video Başlığı: Mahsun J 
📝 Video Açıklaması: 1.Sezon 3.Bölüm
🎯 Tam Başlık: Mahsun J  - 1.Sezon 3.Bölüm
🎯 HEX DECODE - m3u8 bulundu: https://vidlax.xyz/upload/a2fa15f6cb411e668cf331b2ba967791508f/master.m3u8
      ✅ Mahsun J  - 1.Sezon 3.Bölüm - 1 m3u8
   🔍 [4/21] Bölüm: https://diziyiizle4.com/mahsun-j-13/1-sezon-4-bolum/
📺 Embed URL bulundu: https://vidlax1.xyz/embed/768b43ac91b48034
🔍 Embed URL kontrol ediliyor: https://vidlax1.xyz/embed/768b43ac91b48034
📄 Embed sayfa içeriği alındı, boyut: 40085 karakter
🎬 Video Başlığı: Mahsun J 
📝 Video Açıklaması: 1.Sezon 4.Bölüm
🎯 Tam Başlık: Mahsun J  - 1.Sezon 4.Bölüm
🎯 HEX DECODE - m3u8 bulundu: https://vidlax.xyz/upload/ecda36a128f94ac983882616369f10d83940/master.m3u8
      ✅ Mahsun J  - 1.Sezon 4.Bölüm - 1 m3u8
   🔍 [5/21] Bölüm: https://diziyiizle4.com/mahsun-j-13/1-sezon-5-bolum/
📺 Embed URL bulundu: https://vidlax1.xyz/embed/b3e1069470d7fa84
🔍 Embed URL kontrol ediliyor: https://vidlax1.xyz/embed/b3e1069470d7fa84
📄 Embed sayfa içeriği alındı, boyut: 40085 karakter
🎬 Video Başlığı: Mahsun J 
📝 Video Açıklaması: 1.Sezon 5.Bölüm
🎯 Tam Başlık: Mahsun J  - 1.Sezon 5.Bölüm
🎯 HEX DECODE - m3u8 bulundu: https://vidlax.xyz/upload/f8640977fa52d1e01eb77a71aaf15fb7c06c/master.m3u8
      ✅ Mahsun J  - 1.Sezon 5.Bölüm - 1 m3u8
   🔍 [6/21] Bölüm: https://diziyiizle4.com/mahsun-j-13/1-sezon-6-bolum/
📺 Embed URL bulundu: https://vidlax1.xyz/embed/913c81e217d84831
🔍 Embed URL kontrol ediliyor: https://vidlax1.xyz/embed/913c81e217d84831
📄 Embed sayfa içeriği alındı, boyut: 40085 karakter
🎬 Video Başlığı: Mahsun J 
📝 Video Açıklaması: 1.Sezon 6.Bölüm
🎯 Tam Başlık: Mahsun J  - 1.Sezon 6.Bölüm
🎯 HEX DECODE - m3u8 bulundu: https://vidlax.xyz/upload/6795466c7cc5ca5af37824325ce4ca6a9b82/master.m3u8
      ✅ Mahsun J  - 1.Sezon 6.Bölüm - 1 m3u8
   🔍 [7/21] Bölüm: https://diziyiizle4.com/mahsun-j-13/1-sezon-7-bolum/
📺 Embed URL bulundu: https://vidlax1.xyz/embed/cfb522b8994527a9
🔍 Embed URL kontrol ediliyor: https://vidlax1.xyz/embed/cfb522b8994527a9
📄 Embed sayfa içeriği alındı, boyut: 40085 karakter
🎬 Video Başlığı: Mahsun J 
📝 Video Açıklaması: 1.Sezon 7.Bölüm
🎯 Tam Başlık: Mahsun J  - 1.Sezon 7.Bölüm
🎯 HEX DECODE - m3u8 bulundu: https://vidlax.xyz/upload/76507fe179a2dd440c8075f363a4f8b6dada/master.m3u8
      ✅ Mahsun J  - 1.Sezon 7.Bölüm - 1 m3u8
   🔍 [8/21] Bölüm: https://diziyiizle4.com/mahsun-j-13/1-sezon-8-bolum/
📺 Embed URL bulundu: https://vidlax1.xyz/embed/191db4a8fac6d00e
🔍 Embed URL kontrol ediliyor: https://vidlax1.xyz/embed/191db4a8fac6d00e
📄 Embed sayfa içeriği alındı, boyut: 40085 karakter
🎬 Video Başlığı: Mahsun J 
📝 Video Açıklaması: 1.Sezon 8.Bölüm
🎯 Tam Başlık: Mahsun J  - 1.Sezon 8.Bölüm
🎯 HEX DECODE - m3u8 bulundu: https://vidlax.xyz/upload/ffebec0b5c7077df3629aa2b43528526bf26/master.m3u8
      ✅ Mahsun J  - 1.Sezon 8.Bölüm - 1 m3u8
   🔍 [9/21] Bölüm: https://diziyiizle4.com/mahsun-j-13/2-sezon-1-bolum/
📺 Embed URL bulundu: https://vidlax1.xyz/embed/da6bf5da6422fd47
🔍 Embed URL kontrol ediliyor: https://vidlax1.xyz/embed/da6bf5da6422fd47
📄 Embed sayfa içeriği alındı, boyut: 40257 karakter
🎬 Video Başlığı: Mahsun J
📝 Video Açıklaması: 2.Sezon 1.Bölüm
🎯 Tam Başlık: Mahsun J - 2.Sezon 1.Bölüm
🎯 HEX DECODE - m3u8 bulundu: https://vidlax.xyz/upload/a0257161a8716c93665c96af0799b905103b/master.m3u8
      ✅ Mahsun J - 2.Sezon 1.Bölüm - 1 m3u8
   🔍 [10/21] Bölüm: https://diziyiizle4.com/mahsun-j-13/2-sezon-2-bolum/
📺 Embed URL bulundu: https://vidlax1.xyz/embed/399a181fddea51ea
🔍 Embed URL kontrol ediliyor: https://vidlax1.xyz/embed/399a181fddea51ea
📄 Embed sayfa içeriği alındı, boyut: 40257 karakter
🎬 Video Başlığı: Mahsun J
📝 Video Açıklaması: 2.Sezon 2.Bölüm
🎯 Tam Başlık: Mahsun J - 2.Sezon 2.Bölüm
🎯 HEX DECODE - m3u8 bulundu: https://vidlax.xyz/upload/e67edf7b08076fcb6459548d174f01f35d09/master.m3u8
      ✅ Mahsun J - 2.Sezon 2.Bölüm - 1 m3u8
   🔍 [11/21] Bölüm: https://diziyiizle4.com/mahsun-j-13/2-sezon-3-bolum/
📺 Embed URL bulundu: https://vidlax1.xyz/embed/dd75cd77f7436bb6
🔍 Embed URL kontrol ediliyor: https://vidlax1.xyz/embed/dd75cd77f7436bb6
📄 Embed sayfa içeriği alındı, boyut: 40257 karakter
🎬 Video Başlığı: Mahsun J
📝 Video Açıklaması: 2.Sezon 3.Bölüm
🎯 Tam Başlık: Mahsun J - 2.Sezon 3.Bölüm
🎯 HEX DECODE - m3u8 bulundu: https://vidlax.xyz/upload/45c1a8eac5d73eaf773533cc3e7ff71da891/master.m3u8
      ✅ Mahsun J - 2.Sezon 3.Bölüm - 1 m3u8
   🔍 [12/21] Bölüm: https://diziyiizle4.com/mahsun-j-13/2-sezon-4-bolum/
📺 Embed URL bulundu: https://vidlax1.xyz/embed/60605d1ec77ace3f
🔍 Embed URL kontrol ediliyor: https://vidlax1.xyz/embed/60605d1ec77ace3f
📄 Embed sayfa içeriği alındı, boyut: 40084 karakter
🎬 Video Başlığı: Mahsun J
📝 Video Açıklaması: 2.Sezon 4.Bölüm
🎯 Tam Başlık: Mahsun J - 2.Sezon 4.Bölüm
🎯 HEX DECODE - m3u8 bulundu: https://vidlax.xyz/upload/51726b84c54aed290276d3ed9edc3ddd599a/master.m3u8
      ✅ Mahsun J - 2.Sezon 4.Bölüm - 1 m3u8
   🔍 [13/21] Bölüm: https://diziyiizle4.com/mahsun-j-13/2-sezon-5-bolum/
📺 Embed URL bulundu: https://vidlax1.xyz/embed/ea94e6a1e23a03f2
🔍 Embed URL kontrol ediliyor: https://vidlax1.xyz/embed/ea94e6a1e23a03f2
📄 Embed sayfa içeriği alındı, boyut: 40084 karakter
🎬 Video Başlığı: Mahsun J
📝 Video Açıklaması: 2.Sezon 5.Bölüm
🎯 Tam Başlık: Mahsun J - 2.Sezon 5.Bölüm
🎯 HEX DECODE - m3u8 bulundu: https://vidlax.xyz/upload/572e1630058d25a36a1ddd9737abc734d10f/master.m3u8
      ✅ Mahsun J - 2.Sezon 5.Bölüm - 1 m3u8
   🔍 [14/21] Bölüm: https://diziyiizle4.com/mahsun-j-13/2-sezon-6-bolum/
📺 Embed URL bulundu: https://vidlax1.xyz/embed/d0a5697eb42ffd73
🔍 Embed URL kontrol ediliyor: https://vidlax1.xyz/embed/d0a5697eb42ffd73
📄 Embed sayfa içeriği alındı, boyut: 40084 karakter
🎬 Video Başlığı: Mahsun J
📝 Video Açıklaması: 2.Sezon 6.Bölüm
🎯 Tam Başlık: Mahsun J - 2.Sezon 6.Bölüm
🎯 HEX DECODE - m3u8 bulundu: https://vidlax.xyz/upload/a86c7432236da501de6c08479f13ec5b1dce/master.m3u8
      ✅ Mahsun J - 2.Sezon 6.Bölüm - 1 m3u8
   🔍 [15/21] Bölüm: https://diziyiizle4.com/mahsun-j-13/2-sezon-7-bolum/
📺 Embed URL bulundu: https://vidlax1.xyz/embed/2144c9d1743ccace
🔍 Embed URL kontrol ediliyor: https://vidlax1.xyz/embed/2144c9d1743ccace
📄 Embed sayfa içeriği alındı, boyut: 40084 karakter
🎬 Video Başlığı: Mahsun J
📝 Video Açıklaması: 2.Sezon 7.Bölüm
🎯 Tam Başlık: Mahsun J - 2.Sezon 7.Bölüm
🎯 HEX DECODE - m3u8 bulundu: https://vidlax.xyz/upload/0bbf9a9214393bc350bf860808f6f5a19c3b/master.m3u8
      ✅ Mahsun J - 2.Sezon 7.Bölüm - 1 m3u8
   🔍 [16/21] Bölüm: https://diziyiizle4.com/mahsun-j-13/2-sezon-8-bolum/
📺 Embed URL bulundu: https://vidlax1.xyz/embed/ea21e235b97b1fcc
🔍 Embed URL kontrol ediliyor: https://vidlax1.xyz/embed/ea21e235b97b1fcc
📄 Embed sayfa içeriği alındı, boyut: 40257 karakter
🎬 Video Başlığı: Mahsun J
📝 Video Açıklaması: 2.Sezon 8.Bölüm
🎯 Tam Başlık: Mahsun J - 2.Sezon 8.Bölüm
🎯 HEX DECODE - m3u8 bulundu: https://vidlax.xyz/upload/448d9b887369e0c3b1d30ab449593e1ba7db/master.m3u8
      ✅ Mahsun J - 2.Sezon 8.Bölüm - 1 m3u8
   🔍 [17/21] Bölüm: https://diziyiizle4.com/mahsun-j-13/2-sezon-9-bolum/
📺 Embed URL bulundu: https://vidlax1.xyz/embed/cc397d113f84bb67
🔍 Embed URL kontrol ediliyor: https://vidlax1.xyz/embed/cc397d113f84bb67
📄 Embed sayfa içeriği alındı, boyut: 40257 karakter
🎬 Video Başlığı: Mahsun J
📝 Video Açıklaması: 2.Sezon 9.Bölüm
🎯 Tam Başlık: Mahsun J - 2.Sezon 9.Bölüm
🎯 HEX DECODE - m3u8 bulundu: https://vidlax.xyz/upload/6e6e998b39c4fa7ec3d39af1430b9fdb45ad/master.m3u8
      ✅ Mahsun J - 2.Sezon 9.Bölüm - 1 m3u8
   🔍 [18/21] Bölüm: https://diziyiizle4.com/mahsun-j-13/2-sezon-10-bolum/
📺 Embed URL bulundu: https://vidlax1.xyz/embed/14de7ab8742ee64b
🔍 Embed URL kontrol ediliyor: https://vidlax1.xyz/embed/14de7ab8742ee64b
📄 Embed sayfa içeriği alındı, boyut: 40387 karakter
🎬 Video Başlığı: Mahsun J 
📝 Video Açıklaması: 2.Sezon 10.Bölüm
🎯 Tam Başlık: Mahsun J  - 2.Sezon 10.Bölüm
🎯 HEX DECODE - m3u8 bulundu: https://vidlax.xyz/upload/0b3cd83a307db29b14c2c1fdfb5e650d22b1/master.m3u8
      ✅ Mahsun J  - 2.Sezon 10.Bölüm - 1 m3u8
   🔍 [19/21] Bölüm: https://diziyiizle4.com/mahsun-j-13/2-sezon-11-bolum/
📺 Embed URL bulundu: https://vidlax1.xyz/embed/435c41138c45f672
🔍 Embed URL kontrol ediliyor: https://vidlax1.xyz/embed/435c41138c45f672
📄 Embed sayfa içeriği alındı, boyut: 40259 karakter
🎬 Video Başlığı: Mahsun J 
📝 Video Açıklaması: 2.Sezon 11.Bölüm
🎯 Tam Başlık: Mahsun J  - 2.Sezon 11.Bölüm
🎯 HEX DECODE - m3u8 bulundu: https://vidlax.xyz/upload/571014420e16605e96420769c331a5471094/master.m3u8
      ✅ Mahsun J  - 2.Sezon 11.Bölüm - 1 m3u8
   🔍 [20/21] Bölüm: https://diziyiizle4.com/mahsun-j-13/2-sezon-12-bolum/
📺 Embed URL bulundu: https://vidlax1.xyz/embed/359b6fb379ecace1
🔍 Embed URL kontrol ediliyor: https://vidlax1.xyz/embed/359b6fb379ecace1
📄 Embed sayfa içeriği alındı, boyut: 40258 karakter
🎬 Video Başlığı: Mahsun J
📝 Video Açıklaması: 2.Sezon 12.Bölüm
🎯 Tam Başlık: Mahsun J - 2.Sezon 12.Bölüm
🎯 HEX DECODE - m3u8 bulundu: https://vidlax.xyz/upload/108b80c7cf848171deb9eb32354dce2cc6e5/master.m3u8
      ✅ Mahsun J - 2.Sezon 12.Bölüm - 1 m3u8
   🔍 [21/21] Bölüm: https://diziyiizle4.com/mahsun-j-13/2-sezon-13-bolum/
📺 Embed URL bulundu: https://vidlax1.xyz/embed/aa0b0fc28effa7cf
🔍 Embed URL kontrol ediliyor: https://vidlax1.xyz/embed/aa0b0fc28effa7cf
📄 Embed sayfa içeriği alındı, boyut: 40259 karakter
🎬 Video Başlığı: Mahsun J
📝 Video Açıklaması: 2.Sezon 13.Bölüm
🎯 Tam Başlık: Mahsun J - 2.Sezon 13.Bölüm
🎯 HEX DECODE - m3u8 bulundu: https://vidlax.xyz/upload/8b9f1fa9f88442624534f7e4f049f3b0d0e6/master.m3u8
      ✅ Mahsun J - 2.Sezon 13.Bölüm - 1 m3u8
      📁 Dizi playlist: playlists/mahsun_j_12_playlist.m3u
   ✅ Dizi tamamlandı: 21 m3u8 eklendi

============================================================
🎬 [28/56] İşleniyor: https://diziyiizle4.com/dizi/esref-ruya-9/
📺 Bölüm bulundu: The Manipulated1.Sezon 7.BölümAltyazılı - https://diziyiizle4.com/the-manipulated/1-sezon-7-bolum/
📺 Bölüm bulundu: Disney Twisted-Wonderland the Animation1.Sezon 4.BölümAltyazılı - https://diziyiizle4.com/disney-wisted-wonderland-the-animation/1-sezon-4-bolum/
📺 Bölüm bulundu: Eşref Rüya2.Sezon 9.BölümDual - https://diziyiizle4.com/esref-ruya-13/2-sezon-9-bolum/
📺 Bölüm bulundu: Hazbin Hotel2.Sezon 7.BölümAltyazılı - https://diziyiizle4.com/hazbin-hotel/2-sezon-7-bolum/
📺 Bölüm bulundu: The Mighty Nein1.Sezon 1.BölümDublaj - https://diziyiizle4.com/the-mighty-nein/1-sezon-1-bolum/
📺 Bölüm bulundu: Squid Game: The Challenge2.Sezon 9.BölümDublaj - https://diziyiizle4.com/squid-game-the-challenge/2-sezon-9-bolum/
📺 Bölüm bulundu: Nice to Not Meet You1.Sezon 6.BölümAltyazılı - https://diziyiizle4.com/nice-to-not-meet-you/1-sezon-6-bolum/
📺 Bölüm bulundu: Sekizinci Aile1.Sezon 1.BölümDual - https://diziyiizle4.com/sekizinci-aile/1-sezon-1-bolum/
📺 Bölüm bulundu: The Morning Show4.Sezon 10.BölümAltyazılı - https://diziyiizle4.com/the-morning-show/4-sezon-10-bolum/
📺 Bölüm bulundu: Watson2.Sezon 6.BölümAltyazılı - https://diziyiizle4.com/watson-2/2-sezon-6-bolum/
📺 Bölüm bulundu: Down Cemetery Road1.Sezon 5.BölümAltyazılı - https://diziyiizle4.com/down-cemetery-road/1-sezon-5-bolum/
📺 Bölüm bulundu: The Forsytes1.Sezon 5.BölümAltyazılı - https://diziyiizle4.com/the-forsytes/1-sezon-5-bolum/

📊 Toplam 12 bölüm bulundu
   🔍 [1/12] Bölüm: https://diziyiizle4.com/the-manipulated/1-sezon-7-bolum/
📺 Embed URL bulundu: https://vidlax1.xyz/embed/56fdf12e5a7b4cc6
🔍 Embed URL kontrol ediliyor: https://vidlax1.xyz/embed/56fdf12e5a7b4cc6
📄 Embed sayfa içeriği alındı, boyut: 42145 karakter
🎬 Video Başlığı: The Manipulated
📝 Video Açıklaması: 1.Sezon 7.Bölüm
🎯 Tam Başlık: The Manipulated - 1.Sezon 7.Bölüm
🎯 HEX DECODE - m3u8 bulundu: https://vidlax.xyz/upload/363a9ff072ef8361a43c09435d369bd6ebd7/master.m3u8
      ✅ The Manipulated - 1.Sezon 7.Bölüm - 1 m3u8
   🔍 [2/12] Bölüm: https://diziyiizle4.com/disney-wisted-wonderland-the-animation/1-sezon-4-bolum/
📺 Embed URL bulundu: https://vidlax1.xyz/embed/1d1da881dc9b3da5
🔍 Embed URL kontrol ediliyor: https://vidlax1.xyz/embed/1d1da881dc9b3da5
📄 Embed sayfa içeriği alındı, boyut: 40462 karakter
🎬 Video Başlığı: Disney Twisted-Wonderland: The Animation
📝 Video Açıklaması: 1.Sezon 4.Bölüm
🎯 Tam Başlık: Disney Twisted-Wonderland: The Animation - 1.Sezon 4.Bölüm
🎯 HEX DECODE - m3u8 bulundu: https://vidlax.xyz/upload/8c2155a8877d2a6a76ddd09758b0764a4e03/master.m3u8
      ✅ Disney Twisted-Wonderland: The Animation - 1.Sezon 4.Bölüm - 1 m3u8
   🔍 [3/12] Bölüm: https://diziyiizle4.com/esref-ruya-13/2-sezon-9-bolum/
📺 Embed URL bulundu: https://vidlax1.xyz/embed/f252148c19884cbf
🔍 Embed URL kontrol ediliyor: https://vidlax1.xyz/embed/f252148c19884cbf
📄 Embed sayfa içeriği alındı, boyut: 40087 karakter
🎬 Video Başlığı: Eşref Rüya
📝 Video Açıklaması: 2.Sezon 9.Bölüm
🎯 Tam Başlık: Eşref Rüya - 2.Sezon 9.Bölüm
🎯 HEX DECODE - m3u8 bulundu: https://vidlax.xyz/upload/83bdb8ef28bc1f3b1b004cdbf44a5a2f4355/master.m3u8
      ✅ Eşref Rüya - 2.Sezon 9.Bölüm - 1 m3u8
   🔍 [4/12] Bölüm: https://diziyiizle4.com/hazbin-hotel/2-sezon-7-bolum/
📺 Embed URL bulundu: https://vidlax1.xyz/embed/4adf96132e83b14a
🔍 Embed URL kontrol ediliyor: https://vidlax1.xyz/embed/4adf96132e83b14a
📄 Embed sayfa içeriği alındı, boyut: 42779 karakter
🎬 Video Başlığı: Hazbin Hotel
📝 Video Açıklaması: 2.Sezon 7.Bölüm
🎯 Tam Başlık: Hazbin Hotel - 2.Sezon 7.Bölüm
🎯 HEX DECODE - m3u8 bulundu: https://vidlax.xyz/upload/8b098337130e139903474e45750a2587af19/master.m3u8
      ✅ Hazbin Hotel - 2.Sezon 7.Bölüm - 1 m3u8
   🔍 [5/12] Bölüm: https://diziyiizle4.com/the-mighty-nein/1-sezon-1-bolum/
📺 Embed URL bulundu: https://vidlax1.xyz/embed/d2834e4a78d150a6
🔍 Embed URL kontrol ediliyor: https://vidlax1.xyz/embed/d2834e4a78d150a6
📄 Embed sayfa içeriği alındı, boyut: 42477 karakter
🎬 Video Başlığı: The Mighty Nein
📝 Video Açıklaması: 1.Sezon 1.Bölüm
🎯 Tam Başlık: The Mighty Nein - 1.Sezon 1.Bölüm
🎯 HEX DECODE - m3u8 bulundu: https://vidlax.xyz/upload/e9ba0e20bfd485f8b3049f437f887925f314/master.m3u8
      ✅ The Mighty Nein - 1.Sezon 1.Bölüm - 1 m3u8
   🔍 [6/12] Bölüm: https://diziyiizle4.com/squid-game-the-challenge/2-sezon-9-bolum/
📺 Embed URL bulundu: https://vidlax1.xyz/embed/209e28f101f483af
🔍 Embed URL kontrol ediliyor: https://vidlax1.xyz/embed/209e28f101f483af
📄 Embed sayfa içeriği alındı, boyut: 43550 karakter
🎬 Video Başlığı: Squid Game: The Challenge
📝 Video Açıklaması: 2.Sezon 9.Bölüm
🎯 Tam Başlık: Squid Game: The Challenge - 2.Sezon 9.Bölüm
🎯 HEX DECODE - m3u8 bulundu: https://vidlax.xyz/upload/ae3f06b66f0979dd3d20ff652c2c6d917ae1/master.m3u8
      ✅ Squid Game: The Challenge - 2.Sezon 9.Bölüm - 1 m3u8
   🔍 [7/12] Bölüm: https://diziyiizle4.com/nice-to-not-meet-you/1-sezon-6-bolum/
📺 Embed URL bulundu: https://vidlax1.xyz/embed/3de08f7e8bf197f4
🔍 Embed URL kontrol ediliyor: https://vidlax1.xyz/embed/3de08f7e8bf197f4
📄 Embed sayfa içeriği alındı, boyut: 42468 karakter
🎬 Video Başlığı: Nice to Not Meet You
📝 Video Açıklaması: 1.Sezon 6.Bölüm
🎯 Tam Başlık: Nice to Not Meet You - 1.Sezon 6.Bölüm
🎯 HEX DECODE - m3u8 bulundu: https://vidlax.xyz/upload/e14e0f8a67a4bfb8397ec0b572d1b5c7443c/master.m3u8
      ✅ Nice to Not Meet You - 1.Sezon 6.Bölüm - 1 m3u8
   🔍 [8/12] Bölüm: https://diziyiizle4.com/sekizinci-aile/1-sezon-1-bolum/
📺 Embed URL bulundu: https://vidlax1.xyz/embed/993bbbbdee22982d
🔍 Embed URL kontrol ediliyor: https://vidlax1.xyz/embed/993bbbbdee22982d
📄 Embed sayfa içeriği alındı, boyut: 41652 karakter
🎬 Video Başlığı: Sekizinci Aile
📝 Video Açıklaması: 1.Sezon 1.Bölüm
🎯 Tam Başlık: Sekizinci Aile - 1.Sezon 1.Bölüm
🎯 HEX DECODE - m3u8 bulundu: https://vidlax.xyz/upload/34e5a732e140647fd333b0e53a7894962c8b/master.m3u8
      ✅ Sekizinci Aile - 1.Sezon 1.Bölüm - 1 m3u8
   🔍 [9/12] Bölüm: https://diziyiizle4.com/the-morning-show/4-sezon-10-bolum/
📺 Embed URL bulundu: https://vidlax1.xyz/embed/9c72108e479081cd
🔍 Embed URL kontrol ediliyor: https://vidlax1.xyz/embed/9c72108e479081cd
📄 Embed sayfa içeriği alındı, boyut: 42649 karakter
🎬 Video Başlığı: The Morning Show
📝 Video Açıklaması: 4.Sezon 10.Bölüm
🎯 Tam Başlık: The Morning Show - 4.Sezon 10.Bölüm
🎯 HEX DECODE - m3u8 bulundu: https://vidlax.xyz/upload/0b9087f0e26cbee8376255b40a12a4be2935/master.m3u8
      ✅ The Morning Show - 4.Sezon 10.Bölüm - 1 m3u8
   🔍 [10/12] Bölüm: https://diziyiizle4.com/watson-2/2-sezon-6-bolum/

🔍 Vidlax direkt analizi: https://diziyiizle4.com/watson-2/2-sezon-6-bolum/
📄 Sayfa içeriği alındı: 117333 karakter
🎬 Video Başlığı: Bilinmiyor
📝 Video Açıklaması: Watson - 2. Sezon 6. Bölüm online izle. HD kalitede dizi bölümü.
❌ m3u8 URL'si bulunamadı
      ❌ m3u8 bulunamadı
   🔍 [11/12] Bölüm: https://diziyiizle4.com/down-cemetery-road/1-sezon-5-bolum/
📺 Embed URL bulundu: https://vidlax1.xyz/embed/5cd2fd01fac05e16
🔍 Embed URL kontrol ediliyor: https://vidlax1.xyz/embed/5cd2fd01fac05e16
📄 Embed sayfa içeriği alındı, boyut: 43524 karakter
🎬 Video Başlığı: Down Cemetery Road
📝 Video Açıklaması: 1.Sezon 5.Bölüm
🎯 Tam Başlık: Down Cemetery Road - 1.Sezon 5.Bölüm
🎯 HEX DECODE - m3u8 bulundu: https://vidlax.xyz/upload/ba7cec9a50e35998fb37c9a59160bcd00e47/master.m3u8
      ✅ Down Cemetery Road - 1.Sezon 5.Bölüm - 1 m3u8
   🔍 [12/12] Bölüm: https://diziyiizle4.com/the-forsytes/1-sezon-5-bolum/
📺 Embed URL bulundu: https://vidlax1.xyz/embed/6198e4252c80c243
🔍 Embed URL kontrol ediliyor: https://vidlax1.xyz/embed/6198e4252c80c243
📄 Embed sayfa içeriği alındı, boyut: 40403 karakter
🎬 Video Başlığı: The Forsytes
📝 Video Açıklaması: 1.Sezon 5.Bölüm
🎯 Tam Başlık: The Forsytes - 1.Sezon 5.Bölüm
🎯 HEX DECODE - m3u8 bulundu: https://vidlax.xyz/upload/f33fda90a5557650f32864bae48f830cc3c4/master.m3u8
      ✅ The Forsytes - 1.Sezon 5.Bölüm - 1 m3u8
      📁 Dizi playlist: playlists/esref_ruya_9_playlist.m3u
   ✅ Dizi tamamlandı: 11 m3u8 eklendi

============================================================
🎬 [29/56] İşleniyor: https://diziyiizle4.com/dizi/gibi/
📺 Bölüm bulundu: 1. Sezon 1. BölümDual12.08.202527 dk. - https://diziyiizle4.com/gibi/1-sezon-1-bolum/
📺 Bölüm bulundu: 1. Sezon 2. BölümDual12.08.202528 dk. - https://diziyiizle4.com/gibi/1-sezon-2-bolum/
📺 Bölüm bulundu: 1. Sezon 3. BölümDublaj12.08.202530 dk. - https://diziyiizle4.com/gibi/1-sezon-3-bolum/
📺 Bölüm bulundu: 1. Sezon 4. BölümDual12.08.202541 dk. - https://diziyiizle4.com/gibi/1-sezon-4-bolum/
📺 Bölüm bulundu: 1. Sezon 5. BölümDual12.08.202538 dk. - https://diziyiizle4.com/gibi/1-sezon-5-bolum/
📺 Bölüm bulundu: 1. Sezon 6. BölümDual12.08.202530 dk. - https://diziyiizle4.com/gibi/1-sezon-6-bolum/
📺 Bölüm bulundu: 1. Sezon 7. BölümDual12.08.202542 dk. - https://diziyiizle4.com/gibi/1-sezon-7-bolum/
📺 Bölüm bulundu: 1. Sezon 8. BölümDual12.08.202530 dk. - https://diziyiizle4.com/gibi/1-sezon-8-bolum/
📺 Bölüm bulundu: 1. Sezon 9. BölümDual12.08.202538 dk. - https://diziyiizle4.com/gibi/1-sezon-9-bolum/
📺 Bölüm bulundu: 1. Sezon 10. BölümDual12.08.202535 dk. - https://diziyiizle4.com/gibi/1-sezon-10-bolum/
📺 Bölüm bulundu: 1. Sezon 11. BölümDual12.08.202531 dk. - https://diziyiizle4.com/gibi/1-sezon-11-bolum/
📺 Bölüm bulundu: 1. Sezon 12. BölümDual12.08.202534 dk. - https://diziyiizle4.com/gibi/1-sezon-12-bolum/
📺 Bölüm bulundu: 2. Sezon 1. BölümDual12.08.202546 dk. - https://diziyiizle4.com/gibi/2-sezon-1-bolum/
📺 Bölüm bulundu: 2. Sezon 2. BölümDual12.08.202540 dk. - https://diziyiizle4.com/gibi/2-sezon-2-bolum/
📺 Bölüm bulundu: 2. Sezon 3. BölümDual12.08.202547 dk. - https://diziyiizle4.com/gibi/2-sezon-3-bolum/
📺 Bölüm bulundu: 2. Sezon 4. BölümDual12.08.202554 dk. - https://diziyiizle4.com/gibi/2-sezon-4-bolum/
📺 Bölüm bulundu: 2. Sezon 5. BölümDual12.08.202540 dk. - https://diziyiizle4.com/gibi/2-sezon-5-bolum/
📺 Bölüm bulundu: 2. Sezon 6. BölümDual12.08.202542 dk. - https://diziyiizle4.com/gibi/2-sezon-6-bolum/
📺 Bölüm bulundu: 2. Sezon 7. BölümDual12.08.202543 dk. - https://diziyiizle4.com/gibi/2-sezon-7-bolum/
📺 Bölüm bulundu: 2. Sezon 8. BölümDual12.08.202534 dk. - https://diziyiizle4.com/gibi/2-sezon-8-bolum/
📺 Bölüm bulundu: 2. Sezon 9. BölümDual12.08.202536 dk. - https://diziyiizle4.com/gibi/2-sezon-9-bolum/
📺 Bölüm bulundu: 2. Sezon 10. BölümDual12.08.202548 dk. - https://diziyiizle4.com/gibi/2-sezon-10-bolum/
📺 Bölüm bulundu: 3. Sezon 1. BölümDual12.08.202561 dk. - https://diziyiizle4.com/gibi/3-sezon-1-bolum/
📺 Bölüm bulundu: 3. Sezon 2. BölümDual12.08.202555 dk. - https://diziyiizle4.com/gibi/3-sezon-2-bolum/
📺 Bölüm bulundu: 3. Sezon 3. BölümDual12.08.202543 dk. - https://diziyiizle4.com/gibi/3-sezon-3-bolum/
📺 Bölüm bulundu: 3. Sezon 4. BölümDual12.08.202551 dk. - https://diziyiizle4.com/gibi/3-sezon-4-bolum/
📺 Bölüm bulundu: 3. Sezon 5. BölümDual12.08.202545 dk. - https://diziyiizle4.com/gibi/3-sezon-5-bolum/
📺 Bölüm bulundu: 3. Sezon 6. BölümDual12.08.202553 dk. - https://diziyiizle4.com/gibi/3-sezon-6-bolum/
📺 Bölüm bulundu: 3. Sezon 7. BölümDual12.08.202541 dk. - https://diziyiizle4.com/gibi/3-sezon-7-bolum/
📺 Bölüm bulundu: 3. Sezon 8. BölümDual12.08.202545 dk. - https://diziyiizle4.com/gibi/3-sezon-8-bolum/
📺 Bölüm bulundu: 3. Sezon 9. BölümDual12.08.202541 dk. - https://diziyiizle4.com/gibi/3-sezon-9-bolum/
📺 Bölüm bulundu: 3. Sezon 10. BölümDual12.08.202535 dk. - https://diziyiizle4.com/gibi/3-sezon-10-bolum/
📺 Bölüm bulundu: 4. Sezon 1. BölümDual12.08.202548 dk. - https://diziyiizle4.com/gibi/4-sezon-1-bolum/
📺 Bölüm bulundu: 4. Sezon 2. BölümDual12.08.202543 dk. - https://diziyiizle4.com/gibi/4-sezon-2-bolum/
📺 Bölüm bulundu: 4. Sezon 3. BölümDual12.08.202553 dk. - https://diziyiizle4.com/gibi/4-sezon-3-bolum/
📺 Bölüm bulundu: 4. Sezon 4. BölümDual12.08.202554 dk. - https://diziyiizle4.com/gibi/4-sezon-4-bolum/
📺 Bölüm bulundu: 4. Sezon 5. BölümDual12.08.202547 dk. - https://diziyiizle4.com/gibi/4-sezon-5-bolum/
📺 Bölüm bulundu: 4. Sezon 6. BölümDual12.08.202546 dk. - https://diziyiizle4.com/gibi/4-sezon-6-bolum/
📺 Bölüm bulundu: 4. Sezon 7. BölümDual12.08.202541 dk. - https://diziyiizle4.com/gibi/4-sezon-7-bolum/
📺 Bölüm bulundu: 4. Sezon 8. BölümDual12.08.202541 dk. - https://diziyiizle4.com/gibi/4-sezon-8-bolum/
📺 Bölüm bulundu: 4. Sezon 9. BölümDual12.08.202531 dk. - https://diziyiizle4.com/gibi/4-sezon-9-bolum/
📺 Bölüm bulundu: 4. Sezon 10. BölümDual12.08.202556 dk. - https://diziyiizle4.com/gibi/4-sezon-10-bolum/
📺 Bölüm bulundu: 5. Sezon 1. BölümDual12.08.202540 dk. - https://diziyiizle4.com/gibi/5-sezon-1-bolum/
📺 Bölüm bulundu: 5. Sezon 2. BölümDual12.08.202546 dk. - https://diziyiizle4.com/gibi/5-sezon-2-bolum/
📺 Bölüm bulundu: 5. Sezon 3. BölümDual12.08.202541 dk. - https://diziyiizle4.com/gibi/5-sezon-3-bolum/
📺 Bölüm bulundu: 5. Sezon 4. BölümDual12.08.202543 dk. - https://diziyiizle4.com/gibi/5-sezon-4-bolum/
📺 Bölüm bulundu: 5. Sezon 5. BölümDual12.08.202554 dk. - https://diziyiizle4.com/gibi/5-sezon-5-bolum/
📺 Bölüm bulundu: 5. Sezon 6. BölümDual12.08.202545 dk. - https://diziyiizle4.com/gibi/5-sezon-6-bolum/
📺 Bölüm bulundu: 5. Sezon 7. BölümDual12.08.202536 dk. - https://diziyiizle4.com/gibi/5-sezon-7-bolum/
📺 Bölüm bulundu: 5. Sezon 8. BölümDual12.08.202543 dk. - https://diziyiizle4.com/gibi/5-sezon-8-bolum/
📺 Bölüm bulundu: 5. Sezon 9. BölümDual12.08.202546 dk. - https://diziyiizle4.com/gibi/5-sezon-9-bolum/
📺 Bölüm bulundu: 5. Sezon 10. BölümDual12.08.202540 dk. - https://diziyiizle4.com/gibi/5-sezon-10-bolum/
📺 Bölüm bulundu: 5. Sezon 11. BölümDual12.08.202536 dk. - https://diziyiizle4.com/gibi/5-sezon-11-bolum/
📺 Bölüm bulundu: 5. Sezon 12. BölümDual12.08.202546 dk. - https://diziyiizle4.com/gibi/5-sezon-12-bolum/
📺 Bölüm bulundu: 5. Sezon 13. BölümDual12.08.202551 dk. - https://diziyiizle4.com/gibi/5-sezon-13-bolum/
📺 Bölüm bulundu: 6. Sezon 1. BölümDual12.08.202552 dk. - https://diziyiizle4.com/gibi/6-sezon-1-bolum/
📺 Bölüm bulundu: 6. Sezon 2. BölümDual12.08.202546 dk. - https://diziyiizle4.com/gibi/6-sezon-2-bolum/
📺 Bölüm bulundu: 6. Sezon 3. BölümDual12.08.202550 dk. - https://diziyiizle4.com/gibi/6-sezon-3-bolum/
📺 Bölüm bulundu: 6. Sezon 4. BölümDual12.08.202546 dk. - https://diziyiizle4.com/gibi/6-sezon-4-bolum/
📺 Bölüm bulundu: 6. Sezon 5. BölümDual12.08.202553 dk. - https://diziyiizle4.com/gibi/6-sezon-5-bolum/
📺 Bölüm bulundu: 6. Sezon 6. BölümDual12.08.202553 dk. - https://diziyiizle4.com/gibi/6-sezon-6-bolum/
📺 Bölüm bulundu: 6. Sezon 7. BölümDual12.08.202550 dk. - https://diziyiizle4.com/gibi/6-sezon-7-bolum/
📺 Bölüm bulundu: 6. Sezon 8. BölümDual12.08.202560 dk. - https://diziyiizle4.com/gibi/6-sezon-8-bolum/
📺 Bölüm bulundu: 6. Sezon 9. BölümDual12.08.202563 dk. - https://diziyiizle4.com/gibi/6-sezon-9-bolum/
📺 Bölüm bulundu: 6. Sezon 10. BölümDual12.08.202554 dk. - https://diziyiizle4.com/gibi/6-sezon-10-bolum/
📺 Bölüm bulundu: 6. Sezon 11. BölümDual12.08.202547 dk. - https://diziyiizle4.com/gibi/6-sezon-11-bolum/
📺 Bölüm bulundu: 6. Sezon 12. BölümDual12.08.202557 dk. - https://diziyiizle4.com/gibi/6-sezon-12-bolum/
📺 Bölüm bulundu: 6. Sezon 13. BölümDual12.08.202565 dk. - https://diziyiizle4.com/gibi/6-sezon-13-bolum/

📊 Toplam 68 bölüm bulundu
   🔍 [1/68] Bölüm: https://diziyiizle4.com/gibi/1-sezon-1-bolum/
📺 Embed URL bulundu: https://vidlax1.xyz/embed/90a2681d2278fdf1
🔍 Embed URL kontrol ediliyor: https://vidlax1.xyz/embed/90a2681d2278fdf1
📄 Embed sayfa içeriği alındı, boyut: 40080 karakter
🎬 Video Başlığı: Gibi
📝 Video Açıklaması: 1.Sezon 1.Bölüm
🎯 Tam Başlık: Gibi - 1.Sezon 1.Bölüm
🎯 HEX DECODE - m3u8 bulundu: https://vidlax.xyz/upload/ef9aeb59f3bd5b5e820c6c14bb75df60a7d0/master.m3u8
      ✅ Gibi - 1.Sezon 1.Bölüm - 1 m3u8
   🔍 [2/68] Bölüm: https://diziyiizle4.com/gibi/1-sezon-2-bolum/
📺 Embed URL bulundu: https://vidlax1.xyz/embed/4e075322d5ef47cc
🔍 Embed URL kontrol ediliyor: https://vidlax1.xyz/embed/4e075322d5ef47cc
📄 Embed sayfa içeriği alındı, boyut: 40080 karakter
🎬 Video Başlığı: Gibi
📝 Video Açıklaması: 1.Sezon 2.Bölüm
🎯 Tam Başlık: Gibi - 1.Sezon 2.Bölüm
🎯 HEX DECODE - m3u8 bulundu: https://vidlax.xyz/upload/699d95f1328f23c0ffa92e110a7fd4111c53/master.m3u8
      ✅ Gibi - 1.Sezon 2.Bölüm - 1 m3u8
   🔍 [3/68] Bölüm: https://diziyiizle4.com/gibi/1-sezon-3-bolum/
📺 Embed URL bulundu: https://vidlax1.xyz/embed/c2f2c09068692f3b
🔍 Embed URL kontrol ediliyor: https://vidlax1.xyz/embed/c2f2c09068692f3b
📄 Embed sayfa içeriği alındı, boyut: 40080 karakter
🎬 Video Başlığı: Gibi
📝 Video Açıklaması: 1.Sezon 3.Bölüm
🎯 Tam Başlık: Gibi - 1.Sezon 3.Bölüm
🎯 HEX DECODE - m3u8 bulundu: https://vidlax.xyz/upload/5d8dc4f3335d040275bc23cfad3b1566ef59/master.m3u8
      ✅ Gibi - 1.Sezon 3.Bölüm - 1 m3u8
   🔍 [4/68] Bölüm: https://diziyiizle4.com/gibi/1-sezon-4-bolum/
📺 Embed URL bulundu: https://vidlax1.xyz/embed/865b9144fd3bad4d
🔍 Embed URL kontrol ediliyor: https://vidlax1.xyz/embed/865b9144fd3bad4d
📄 Embed sayfa içeriği alındı, boyut: 40080 karakter
🎬 Video Başlığı: Gibi
📝 Video Açıklaması: 1.Sezon 4.Bölüm
🎯 Tam Başlık: Gibi - 1.Sezon 4.Bölüm
🎯 HEX DECODE - m3u8 bulundu: https://vidlax.xyz/upload/2a483a6f37b3b6ceb36aac1e6e23a895b13d/master.m3u8
      ✅ Gibi - 1.Sezon 4.Bölüm - 1 m3u8
   🔍 [5/68] Bölüm: https://diziyiizle4.com/gibi/1-sezon-5-bolum/
📺 Embed URL bulundu: https://vidlax1.xyz/embed/c31aed902dbff06a
🔍 Embed URL kontrol ediliyor: https://vidlax1.xyz/embed/c31aed902dbff06a
📄 Embed sayfa içeriği alındı, boyut: 40080 karakter
🎬 Video Başlığı: Gibi
📝 Video Açıklaması: 1.Sezon 5.Bölüm
🎯 Tam Başlık: Gibi - 1.Sezon 5.Bölüm
🎯 HEX DECODE - m3u8 bulundu: https://vidlax.xyz/upload/2d9cff10f68a10a6d3b97ea7e1cb1f823d64/master.m3u8
      ✅ Gibi - 1.Sezon 5.Bölüm - 1 m3u8
   🔍 [6/68] Bölüm: https://diziyiizle4.com/gibi/1-sezon-6-bolum/
📺 Embed URL bulundu: https://vidlax1.xyz/embed/afa8b399b3a1e6e6
🔍 Embed URL kontrol ediliyor: https://vidlax1.xyz/embed/afa8b399b3a1e6e6
📄 Embed sayfa içeriği alındı, boyut: 40080 karakter
🎬 Video Başlığı: Gibi
📝 Video Açıklaması: 1.Sezon 6.Bölüm
🎯 Tam Başlık: Gibi - 1.Sezon 6.Bölüm
🎯 HEX DECODE - m3u8 bulundu: https://vidlax.xyz/upload/8712a71444da9b26baf65bb6826a6613816f/master.m3u8
      ✅ Gibi - 1.Sezon 6.Bölüm - 1 m3u8
   🔍 [7/68] Bölüm: https://diziyiizle4.com/gibi/1-sezon-7-bolum/
📺 Embed URL bulundu: https://vidlax1.xyz/embed/35e67334014730af
🔍 Embed URL kontrol ediliyor: https://vidlax1.xyz/embed/35e67334014730af
📄 Embed sayfa içeriği alındı, boyut: 40080 karakter
🎬 Video Başlığı: Gibi
📝 Video Açıklaması: 1.Sezon 7.Bölüm
🎯 Tam Başlık: Gibi - 1.Sezon 7.Bölüm
🎯 HEX DECODE - m3u8 bulundu: https://vidlax.xyz/upload/258af434f1fd58d09b54da5e439a1d2adfc5/master.m3u8
      ✅ Gibi - 1.Sezon 7.Bölüm - 1 m3u8
   🔍 [8/68] Bölüm: https://diziyiizle4.com/gibi/1-sezon-8-bolum/
📺 Embed URL bulundu: https://vidlax1.xyz/embed/e724ef40e2b0b452
🔍 Embed URL kontrol ediliyor: https://vidlax1.xyz/embed/e724ef40e2b0b452
📄 Embed sayfa içeriği alındı, boyut: 40080 karakter
🎬 Video Başlığı: Gibi
📝 Video Açıklaması: 1.Sezon 8.Bölüm
🎯 Tam Başlık: Gibi - 1.Sezon 8.Bölüm
🎯 HEX DECODE - m3u8 bulundu: https://vidlax.xyz/upload/6da913ee7e1428243056216c3641ce119343/master.m3u8
      ✅ Gibi - 1.Sezon 8.Bölüm - 1 m3u8
   🔍 [9/68] Bölüm: https://diziyiizle4.com/gibi/1-sezon-9-bolum/
📺 Embed URL bulundu: https://vidlax1.xyz/embed/0e00572d24b29f58
🔍 Embed URL kontrol ediliyor: https://vidlax1.xyz/embed/0e00572d24b29f58
📄 Embed sayfa içeriği alındı, boyut: 40080 karakter
🎬 Video Başlığı: Gibi
📝 Video Açıklaması: 1.Sezon 9.Bölüm
🎯 Tam Başlık: Gibi - 1.Sezon 9.Bölüm
🎯 HEX DECODE - m3u8 bulundu: https://vidlax.xyz/upload/5f1ca55c8c1df66875fb16eec2761b17f481/master.m3u8
      ✅ Gibi - 1.Sezon 9.Bölüm - 1 m3u8
   🔍 [10/68] Bölüm: https://diziyiizle4.com/gibi/1-sezon-10-bolum/
📺 Embed URL bulundu: https://vidlax1.xyz/embed/d61f4e168bf21cde
🔍 Embed URL kontrol ediliyor: https://vidlax1.xyz/embed/d61f4e168bf21cde
📄 Embed sayfa içeriği alındı, boyut: 40081 karakter
🎬 Video Başlığı: Gibi
📝 Video Açıklaması: 1.Sezon 10.Bölüm
🎯 Tam Başlık: Gibi - 1.Sezon 10.Bölüm
🎯 HEX DECODE - m3u8 bulundu: https://vidlax.xyz/upload/653870feba4946fc92e4e7d3e7c5d4b82373/master.m3u8
      ✅ Gibi - 1.Sezon 10.Bölüm - 1 m3u8
   🔍 [11/68] Bölüm: https://diziyiizle4.com/gibi/1-sezon-11-bolum/
📺 Embed URL bulundu: https://vidlax1.xyz/embed/d055fd5136719204
🔍 Embed URL kontrol ediliyor: https://vidlax1.xyz/embed/d055fd5136719204
📄 Embed sayfa içeriği alındı, boyut: 40081 karakter
🎬 Video Başlığı: Gibi
📝 Video Açıklaması: 1.Sezon 11.Bölüm
🎯 Tam Başlık: Gibi - 1.Sezon 11.Bölüm
🎯 HEX DECODE - m3u8 bulundu: https://vidlax.xyz/upload/e750f9409cc09608573733e45cbd623056e1/master.m3u8
      ✅ Gibi - 1.Sezon 11.Bölüm - 1 m3u8
   🔍 [12/68] Bölüm: https://diziyiizle4.com/gibi/1-sezon-12-bolum/
📺 Embed URL bulundu: https://vidlax1.xyz/embed/c8ab47b0491b9c86
🔍 Embed URL kontrol ediliyor: https://vidlax1.xyz/embed/c8ab47b0491b9c86
📄 Embed sayfa içeriği alındı, boyut: 40081 karakter
🎬 Video Başlığı: Gibi
📝 Video Açıklaması: 1.Sezon 12.Bölüm
🎯 Tam Başlık: Gibi - 1.Sezon 12.Bölüm
🎯 HEX DECODE - m3u8 bulundu: https://vidlax.xyz/upload/38b48e94a0518e69785e1e9040e08a54915a/master.m3u8
      ✅ Gibi - 1.Sezon 12.Bölüm - 1 m3u8
   🔍 [13/68] Bölüm: https://diziyiizle4.com/gibi/2-sezon-1-bolum/
📺 Embed URL bulundu: https://vidlax1.xyz/embed/b59f7af78be03e36
🔍 Embed URL kontrol ediliyor: https://vidlax1.xyz/embed/b59f7af78be03e36
📄 Embed sayfa içeriği alındı, boyut: 40080 karakter
🎬 Video Başlığı: Gibi
📝 Video Açıklaması: 2.Sezon 1.Bölüm
🎯 Tam Başlık: Gibi - 2.Sezon 1.Bölüm
🎯 HEX DECODE - m3u8 bulundu: https://vidlax.xyz/upload/a4ad52687e17e5a0fa0abc63bb7ed06512bb/master.m3u8
      ✅ Gibi - 2.Sezon 1.Bölüm - 1 m3u8
   🔍 [14/68] Bölüm: https://diziyiizle4.com/gibi/2-sezon-2-bolum/
📺 Embed URL bulundu: https://vidlax1.xyz/embed/584039877777d669
🔍 Embed URL kontrol ediliyor: https://vidlax1.xyz/embed/584039877777d669
📄 Embed sayfa içeriği alındı, boyut: 40080 karakter
🎬 Video Başlığı: Gibi
📝 Video Açıklaması: 2.Sezon 2.Bölüm
🎯 Tam Başlık: Gibi - 2.Sezon 2.Bölüm
🎯 HEX DECODE - m3u8 bulundu: https://vidlax.xyz/upload/111ff461803464d35e23caab9601b1f0a3e7/master.m3u8
      ✅ Gibi - 2.Sezon 2.Bölüm - 1 m3u8
   🔍 [15/68] Bölüm: https://diziyiizle4.com/gibi/2-sezon-3-bolum/
📺 Embed URL bulundu: https://vidlax1.xyz/embed/f791a577f7278af1
🔍 Embed URL kontrol ediliyor: https://vidlax1.xyz/embed/f791a577f7278af1
📄 Embed sayfa içeriği alındı, boyut: 40080 karakter
🎬 Video Başlığı: Gibi
📝 Video Açıklaması: 2.Sezon 3.Bölüm
🎯 Tam Başlık: Gibi - 2.Sezon 3.Bölüm
🎯 HEX DECODE - m3u8 bulundu: https://vidlax.xyz/upload/e1fd59852feb95b42f47eb3c348a6165f3a2/master.m3u8
      ✅ Gibi - 2.Sezon 3.Bölüm - 1 m3u8
   🔍 [16/68] Bölüm: https://diziyiizle4.com/gibi/2-sezon-4-bolum/
📺 Embed URL bulundu: https://vidlax1.xyz/embed/01650357aaedf3a4
🔍 Embed URL kontrol ediliyor: https://vidlax1.xyz/embed/01650357aaedf3a4
📄 Embed sayfa içeriği alındı, boyut: 40080 karakter
🎬 Video Başlığı: Gibi
📝 Video Açıklaması: 2.Sezon 4.Bölüm
🎯 Tam Başlık: Gibi - 2.Sezon 4.Bölüm
🎯 HEX DECODE - m3u8 bulundu: https://vidlax.xyz/upload/c0a6eeaf28693b88a0323b20ceb9500a422e/master.m3u8
      ✅ Gibi - 2.Sezon 4.Bölüm - 1 m3u8
   🔍 [17/68] Bölüm: https://diziyiizle4.com/gibi/2-sezon-5-bolum/
📺 Embed URL bulundu: https://vidlax1.xyz/embed/6fa89742d7c3509d
🔍 Embed URL kontrol ediliyor: https://vidlax1.xyz/embed/6fa89742d7c3509d
📄 Embed sayfa içeriği alındı, boyut: 40080 karakter
🎬 Video Başlığı: Gibi
📝 Video Açıklaması: 2.Sezon 5.Bölüm
🎯 Tam Başlık: Gibi - 2.Sezon 5.Bölüm
🎯 HEX DECODE - m3u8 bulundu: https://vidlax.xyz/upload/aebfd91b0f2617f6632366fe022f4075fbb0/master.m3u8
      ✅ Gibi - 2.Sezon 5.Bölüm - 1 m3u8
   🔍 [18/68] Bölüm: https://diziyiizle4.com/gibi/2-sezon-6-bolum/
📺 Embed URL bulundu: https://vidlax1.xyz/embed/3682243a0f3b17f3
🔍 Embed URL kontrol ediliyor: https://vidlax1.xyz/embed/3682243a0f3b17f3
📄 Embed sayfa içeriği alındı, boyut: 40080 karakter
🎬 Video Başlığı: Gibi
📝 Video Açıklaması: 2.Sezon 6.Bölüm
🎯 Tam Başlık: Gibi - 2.Sezon 6.Bölüm
🎯 HEX DECODE - m3u8 bulundu: https://vidlax.xyz/upload/62d4d7081eae822a6aeeca3359319f23953f/master.m3u8
      ✅ Gibi - 2.Sezon 6.Bölüm - 1 m3u8
   🔍 [19/68] Bölüm: https://diziyiizle4.com/gibi/2-sezon-7-bolum/
📺 Embed URL bulundu: https://vidlax1.xyz/embed/81f4203b6ec9f365
🔍 Embed URL kontrol ediliyor: https://vidlax1.xyz/embed/81f4203b6ec9f365
📄 Embed sayfa içeriği alındı, boyut: 40080 karakter
🎬 Video Başlığı: Gibi
📝 Video Açıklaması: 2.Sezon 7.Bölüm
🎯 Tam Başlık: Gibi - 2.Sezon 7.Bölüm
🎯 HEX DECODE - m3u8 bulundu: https://vidlax.xyz/upload/ac6a06bf64898e585a300786da37649785df/master.m3u8
      ✅ Gibi - 2.Sezon 7.Bölüm - 1 m3u8
   🔍 [20/68] Bölüm: https://diziyiizle4.com/gibi/2-sezon-8-bolum/
📺 Embed URL bulundu: https://vidlax1.xyz/embed/17c5d0fc9129afe4
🔍 Embed URL kontrol ediliyor: https://vidlax1.xyz/embed/17c5d0fc9129afe4
📄 Embed sayfa içeriği alındı, boyut: 40080 karakter
🎬 Video Başlığı: Gibi
📝 Video Açıklaması: 2.Sezon 8.Bölüm
🎯 Tam Başlık: Gibi - 2.Sezon 8.Bölüm
🎯 HEX DECODE - m3u8 bulundu: https://vidlax.xyz/upload/16a48775e2f3f44b5a80a668a0ba8c24e7f0/master.m3u8
      ✅ Gibi - 2.Sezon 8.Bölüm - 1 m3u8
   🔍 [21/68] Bölüm: https://diziyiizle4.com/gibi/2-sezon-9-bolum/
📺 Embed URL bulundu: https://vidlax1.xyz/embed/716f550556066b99
🔍 Embed URL kontrol ediliyor: https://vidlax1.xyz/embed/716f550556066b99
📄 Embed sayfa içeriği alındı, boyut: 40080 karakter
🎬 Video Başlığı: Gibi
📝 Video Açıklaması: 2.Sezon 9.Bölüm
🎯 Tam Başlık: Gibi - 2.Sezon 9.Bölüm
🎯 HEX DECODE - m3u8 bulundu: https://vidlax.xyz/upload/0785813b75b486ee1ffe3d59553d52f9c14b/master.m3u8
      ✅ Gibi - 2.Sezon 9.Bölüm - 1 m3u8
   🔍 [22/68] Bölüm: https://diziyiizle4.com/gibi/2-sezon-10-bolum/
📺 Embed URL bulundu: https://vidlax1.xyz/embed/daa7f7ec4789d3a6
🔍 Embed URL kontrol ediliyor: https://vidlax1.xyz/embed/daa7f7ec4789d3a6
📄 Embed sayfa içeriği alındı, boyut: 40081 karakter
🎬 Video Başlığı: Gibi
📝 Video Açıklaması: 2.Sezon 10.Bölüm
🎯 Tam Başlık: Gibi - 2.Sezon 10.Bölüm
🎯 HEX DECODE - m3u8 bulundu: https://vidlax.xyz/upload/ed3ef6eebdce4783eaf5eb6a2a4d64761e35/master.m3u8
      ✅ Gibi - 2.Sezon 10.Bölüm - 1 m3u8
   🔍 [23/68] Bölüm: https://diziyiizle4.com/gibi/3-sezon-1-bolum/
📺 Embed URL bulundu: https://vidlax1.xyz/embed/40175853001265ae
🔍 Embed URL kontrol ediliyor: https://vidlax1.xyz/embed/40175853001265ae
📄 Embed sayfa içeriği alındı, boyut: 40080 karakter
🎬 Video Başlığı: Gibi
📝 Video Açıklaması: 3.Sezon 1.Bölüm
🎯 Tam Başlık: Gibi - 3.Sezon 1.Bölüm
🎯 HEX DECODE - m3u8 bulundu: https://vidlax.xyz/upload/8ad0841fb805b8bc5cd37285a4f7da09bf85/master.m3u8
      ✅ Gibi - 3.Sezon 1.Bölüm - 1 m3u8
   🔍 [24/68] Bölüm: https://diziyiizle4.com/gibi/3-sezon-2-bolum/
📺 Embed URL bulundu: https://vidlax1.xyz/embed/18e22f7bf3081078
🔍 Embed URL kontrol ediliyor: https://vidlax1.xyz/embed/18e22f7bf3081078
📄 Embed sayfa içeriği alındı, boyut: 40080 karakter
🎬 Video Başlığı: Gibi
📝 Video Açıklaması: 3.Sezon 2.Bölüm
🎯 Tam Başlık: Gibi - 3.Sezon 2.Bölüm
🎯 HEX DECODE - m3u8 bulundu: https://vidlax.xyz/upload/2deee2459408a0e63da10470b28f0a16b2fd/master.m3u8
      ✅ Gibi - 3.Sezon 2.Bölüm - 1 m3u8
   🔍 [25/68] Bölüm: https://diziyiizle4.com/gibi/3-sezon-3-bolum/
📺 Embed URL bulundu: https://vidlax1.xyz/embed/f38cc73133e0d429
🔍 Embed URL kontrol ediliyor: https://vidlax1.xyz/embed/f38cc73133e0d429
📄 Embed sayfa içeriği alındı, boyut: 40080 karakter
🎬 Video Başlığı: Gibi
📝 Video Açıklaması: 3.Sezon 3.Bölüm
🎯 Tam Başlık: Gibi - 3.Sezon 3.Bölüm
🎯 HEX DECODE - m3u8 bulundu: https://vidlax.xyz/upload/99bbf2b4d06fc6122e314f42d5b2ba83ed28/master.m3u8
      ✅ Gibi - 3.Sezon 3.Bölüm - 1 m3u8
   🔍 [26/68] Bölüm: https://diziyiizle4.com/gibi/3-sezon-4-bolum/
📺 Embed URL bulundu: https://vidlax1.xyz/embed/3de785a506e682c0
🔍 Embed URL kontrol ediliyor: https://vidlax1.xyz/embed/3de785a506e682c0
📄 Embed sayfa içeriği alındı, boyut: 40080 karakter
🎬 Video Başlığı: Gibi
📝 Video Açıklaması: 3.Sezon 4.Bölüm
🎯 Tam Başlık: Gibi - 3.Sezon 4.Bölüm
🎯 HEX DECODE - m3u8 bulundu: https://vidlax.xyz/upload/7e227b83c771b9cc62f9d596f3d052ec00c2/master.m3u8
      ✅ Gibi - 3.Sezon 4.Bölüm - 1 m3u8
   🔍 [27/68] Bölüm: https://diziyiizle4.com/gibi/3-sezon-5-bolum/
📺 Embed URL bulundu: https://vidlax1.xyz/embed/073b1c78a264d0bd
🔍 Embed URL kontrol ediliyor: https://vidlax1.xyz/embed/073b1c78a264d0bd
📄 Embed sayfa içeriği alındı, boyut: 40080 karakter
🎬 Video Başlığı: Gibi
📝 Video Açıklaması: 3.Sezon 5.Bölüm
🎯 Tam Başlık: Gibi - 3.Sezon 5.Bölüm
🎯 HEX DECODE - m3u8 bulundu: https://vidlax.xyz/upload/a7d832fbbcefbce452a3992c1d083594dde2/master.m3u8
      ✅ Gibi - 3.Sezon 5.Bölüm - 1 m3u8
   🔍 [28/68] Bölüm: https://diziyiizle4.com/gibi/3-sezon-6-bolum/
📺 Embed URL bulundu: https://vidlax1.xyz/embed/439d9da302327a36
🔍 Embed URL kontrol ediliyor: https://vidlax1.xyz/embed/439d9da302327a36
📄 Embed sayfa içeriği alındı, boyut: 40080 karakter
🎬 Video Başlığı: Gibi
📝 Video Açıklaması: 3.Sezon 6.Bölüm
🎯 Tam Başlık: Gibi - 3.Sezon 6.Bölüm
🎯 HEX DECODE - m3u8 bulundu: https://vidlax.xyz/upload/fd0fbff41fbacdad2d620c85b87232c8613e/master.m3u8
      ✅ Gibi - 3.Sezon 6.Bölüm - 1 m3u8
   🔍 [29/68] Bölüm: https://diziyiizle4.com/gibi/3-sezon-7-bolum/
📺 Embed URL bulundu: https://vidlax1.xyz/embed/1e54d2c333fb7cd2
🔍 Embed URL kontrol ediliyor: https://vidlax1.xyz/embed/1e54d2c333fb7cd2
📄 Embed sayfa içeriği alındı, boyut: 40080 karakter
🎬 Video Başlığı: Gibi
📝 Video Açıklaması: 3.Sezon 7.Bölüm
🎯 Tam Başlık: Gibi - 3.Sezon 7.Bölüm
🎯 HEX DECODE - m3u8 bulundu: https://vidlax.xyz/upload/eb3ca7a83425093212b9600c0896fceac6c8/master.m3u8
      ✅ Gibi - 3.Sezon 7.Bölüm - 1 m3u8
   🔍 [30/68] Bölüm: https://diziyiizle4.com/gibi/3-sezon-8-bolum/
📺 Embed URL bulundu: https://vidlax1.xyz/embed/98cf2dbcbbdf5322
🔍 Embed URL kontrol ediliyor: https://vidlax1.xyz/embed/98cf2dbcbbdf5322
📄 Embed sayfa içeriği alındı, boyut: 40080 karakter
🎬 Video Başlığı: Gibi
📝 Video Açıklaması: 3.Sezon 8.Bölüm
🎯 Tam Başlık: Gibi - 3.Sezon 8.Bölüm
🎯 HEX DECODE - m3u8 bulundu: https://vidlax.xyz/upload/7a5353e486285e16b00a55d72a00c908db57/master.m3u8
      ✅ Gibi - 3.Sezon 8.Bölüm - 1 m3u8
   🔍 [31/68] Bölüm: https://diziyiizle4.com/gibi/3-sezon-9-bolum/
📺 Embed URL bulundu: https://vidlax1.xyz/embed/80783f002a46dc80
🔍 Embed URL kontrol ediliyor: https://vidlax1.xyz/embed/80783f002a46dc80
📄 Embed sayfa içeriği alındı, boyut: 40080 karakter
🎬 Video Başlığı: Gibi
📝 Video Açıklaması: 3.Sezon 9.Bölüm
🎯 Tam Başlık: Gibi - 3.Sezon 9.Bölüm
🎯 HEX DECODE - m3u8 bulundu: https://vidlax.xyz/upload/ad5fbdc066b0a31127f95f39d18fcce4e2e8/master.m3u8
      ✅ Gibi - 3.Sezon 9.Bölüm - 1 m3u8
   🔍 [32/68] Bölüm: https://diziyiizle4.com/gibi/3-sezon-10-bolum/
📺 Embed URL bulundu: https://vidlax1.xyz/embed/154110125d2b51fa
🔍 Embed URL kontrol ediliyor: https://vidlax1.xyz/embed/154110125d2b51fa
📄 Embed sayfa içeriği alındı, boyut: 40081 karakter
🎬 Video Başlığı: Gibi
📝 Video Açıklaması: 3.Sezon 10.Bölüm
🎯 Tam Başlık: Gibi - 3.Sezon 10.Bölüm
🎯 HEX DECODE - m3u8 bulundu: https://vidlax.xyz/upload/7706338cbbce2ce582fa15722f1e5a002d67/master.m3u8
      ✅ Gibi - 3.Sezon 10.Bölüm - 1 m3u8
   🔍 [33/68] Bölüm: https://diziyiizle4.com/gibi/4-sezon-1-bolum/
📺 Embed URL bulundu: https://vidlax1.xyz/embed/be87c45ed71b3c37
🔍 Embed URL kontrol ediliyor: https://vidlax1.xyz/embed/be87c45ed71b3c37
📄 Embed sayfa içeriği alındı, boyut: 40080 karakter
🎬 Video Başlığı: Gibi
📝 Video Açıklaması: 4.Sezon 1.Bölüm
🎯 Tam Başlık: Gibi - 4.Sezon 1.Bölüm
🎯 HEX DECODE - m3u8 bulundu: https://vidlax.xyz/upload/fdb702d592afd9a76967f43b5c0aa5b64f3a/master.m3u8
      ✅ Gibi - 4.Sezon 1.Bölüm - 1 m3u8
   🔍 [34/68] Bölüm: https://diziyiizle4.com/gibi/4-sezon-2-bolum/
📺 Embed URL bulundu: https://vidlax1.xyz/embed/6b4d085157bb7545
🔍 Embed URL kontrol ediliyor: https://vidlax1.xyz/embed/6b4d085157bb7545
📄 Embed sayfa içeriği alındı, boyut: 40080 karakter
🎬 Video Başlığı: Gibi
📝 Video Açıklaması: 4.Sezon 2.Bölüm
🎯 Tam Başlık: Gibi - 4.Sezon 2.Bölüm
🎯 HEX DECODE - m3u8 bulundu: https://vidlax.xyz/upload/e0a903e8818512e04af4643fe85be01639e6/master.m3u8
      ✅ Gibi - 4.Sezon 2.Bölüm - 1 m3u8
   🔍 [35/68] Bölüm: https://diziyiizle4.com/gibi/4-sezon-3-bolum/
📺 Embed URL bulundu: https://vidlax1.xyz/embed/eb1dea0853adbb77
🔍 Embed URL kontrol ediliyor: https://vidlax1.xyz/embed/eb1dea0853adbb77
📄 Embed sayfa içeriği alındı, boyut: 40080 karakter
🎬 Video Başlığı: Gibi
📝 Video Açıklaması: 4.Sezon 3.Bölüm
🎯 Tam Başlık: Gibi - 4.Sezon 3.Bölüm
🎯 HEX DECODE - m3u8 bulundu: https://vidlax.xyz/upload/8229cd423830a6f563ee2860b3a1d4a66ffa/master.m3u8
      ✅ Gibi - 4.Sezon 3.Bölüm - 1 m3u8
   🔍 [36/68] Bölüm: https://diziyiizle4.com/gibi/4-sezon-4-bolum/
📺 Embed URL bulundu: https://vidlax1.xyz/embed/bcfb4dc2f95cd9ad
🔍 Embed URL kontrol ediliyor: https://vidlax1.xyz/embed/bcfb4dc2f95cd9ad
📄 Embed sayfa içeriği alındı, boyut: 40080 karakter
🎬 Video Başlığı: Gibi
📝 Video Açıklaması: 4.Sezon 4.Bölüm
🎯 Tam Başlık: Gibi - 4.Sezon 4.Bölüm
🎯 HEX DECODE - m3u8 bulundu: https://vidlax.xyz/upload/c6c6bc3193d0e59aed452527cd994e2e848b/master.m3u8
      ✅ Gibi - 4.Sezon 4.Bölüm - 1 m3u8
   🔍 [37/68] Bölüm: https://diziyiizle4.com/gibi/4-sezon-5-bolum/
📺 Embed URL bulundu: https://vidlax1.xyz/embed/534567552743c045
🔍 Embed URL kontrol ediliyor: https://vidlax1.xyz/embed/534567552743c045
📄 Embed sayfa içeriği alındı, boyut: 40080 karakter
🎬 Video Başlığı: Gibi
📝 Video Açıklaması: 4.Sezon 5.Bölüm
🎯 Tam Başlık: Gibi - 4.Sezon 5.Bölüm
🎯 HEX DECODE - m3u8 bulundu: https://vidlax.xyz/upload/22c71f21dac50d56c7a1976deb5e2283aa5a/master.m3u8
      ✅ Gibi - 4.Sezon 5.Bölüm - 1 m3u8
   🔍 [38/68] Bölüm: https://diziyiizle4.com/gibi/4-sezon-6-bolum/
📺 Embed URL bulundu: https://vidlax1.xyz/embed/0d9b535ca2c1233c
🔍 Embed URL kontrol ediliyor: https://vidlax1.xyz/embed/0d9b535ca2c1233c
📄 Embed sayfa içeriği alındı, boyut: 40080 karakter
🎬 Video Başlığı: Gibi
📝 Video Açıklaması: 4.Sezon 6.Bölüm
🎯 Tam Başlık: Gibi - 4.Sezon 6.Bölüm
🎯 HEX DECODE - m3u8 bulundu: https://vidlax.xyz/upload/ab9500fb082e0a4ff4306c55b45a156c5dc3/master.m3u8
      ✅ Gibi - 4.Sezon 6.Bölüm - 1 m3u8
   🔍 [39/68] Bölüm: https://diziyiizle4.com/gibi/4-sezon-7-bolum/
📺 Embed URL bulundu: https://vidlax1.xyz/embed/c63ba790f80a94f0
🔍 Embed URL kontrol ediliyor: https://vidlax1.xyz/embed/c63ba790f80a94f0
📄 Embed sayfa içeriği alındı, boyut: 40080 karakter
🎬 Video Başlığı: Gibi
📝 Video Açıklaması: 4.Sezon 7.Bölüm
🎯 Tam Başlık: Gibi - 4.Sezon 7.Bölüm
🎯 HEX DECODE - m3u8 bulundu: https://vidlax.xyz/upload/395121004a6fd2216dd23515dc4b7b59606e/master.m3u8
      ✅ Gibi - 4.Sezon 7.Bölüm - 1 m3u8
   🔍 [40/68] Bölüm: https://diziyiizle4.com/gibi/4-sezon-8-bolum/
📺 Embed URL bulundu: https://vidlax1.xyz/embed/773719625a8960c8
🔍 Embed URL kontrol ediliyor: https://vidlax1.xyz/embed/773719625a8960c8
📄 Embed sayfa içeriği alındı, boyut: 40080 karakter
🎬 Video Başlığı: Gibi
📝 Video Açıklaması: 4.Sezon 8.Bölüm
🎯 Tam Başlık: Gibi - 4.Sezon 8.Bölüm
🎯 HEX DECODE - m3u8 bulundu: https://vidlax.xyz/upload/675b22a8d8fc2ac4f21cc92f70f0c570000f/master.m3u8
      ✅ Gibi - 4.Sezon 8.Bölüm - 1 m3u8
   🔍 [41/68] Bölüm: https://diziyiizle4.com/gibi/4-sezon-9-bolum/
📺 Embed URL bulundu: https://vidlax1.xyz/embed/ab3337e5aeab88ec
🔍 Embed URL kontrol ediliyor: https://vidlax1.xyz/embed/ab3337e5aeab88ec
📄 Embed sayfa içeriği alındı, boyut: 40080 karakter
🎬 Video Başlığı: Gibi
📝 Video Açıklaması: 4.Sezon 9.Bölüm
🎯 Tam Başlık: Gibi - 4.Sezon 9.Bölüm
🎯 HEX DECODE - m3u8 bulundu: https://vidlax.xyz/upload/3ca718bf51a541f684203a41ed0e77a3f584/master.m3u8
      ✅ Gibi - 4.Sezon 9.Bölüm - 1 m3u8
   🔍 [42/68] Bölüm: https://diziyiizle4.com/gibi/4-sezon-10-bolum/
📺 Embed URL bulundu: https://vidlax1.xyz/embed/760cf8f319e74b9d
🔍 Embed URL kontrol ediliyor: https://vidlax1.xyz/embed/760cf8f319e74b9d
📄 Embed sayfa içeriği alındı, boyut: 40081 karakter
🎬 Video Başlığı: Gibi
📝 Video Açıklaması: 4.Sezon 10.Bölüm
🎯 Tam Başlık: Gibi - 4.Sezon 10.Bölüm
🎯 HEX DECODE - m3u8 bulundu: https://vidlax.xyz/upload/c7d54eed9091867d787dfdb522e15bfb5a71/master.m3u8
      ✅ Gibi - 4.Sezon 10.Bölüm - 1 m3u8
   🔍 [43/68] Bölüm: https://diziyiizle4.com/gibi/5-sezon-1-bolum/
📺 Embed URL bulundu: https://vidlax1.xyz/embed/218291e897c29225
🔍 Embed URL kontrol ediliyor: https://vidlax1.xyz/embed/218291e897c29225
📄 Embed sayfa içeriği alındı, boyut: 40080 karakter
🎬 Video Başlığı: Gibi
📝 Video Açıklaması: 5.Sezon 1.Bölüm
🎯 Tam Başlık: Gibi - 5.Sezon 1.Bölüm
🎯 HEX DECODE - m3u8 bulundu: https://vidlax.xyz/upload/90783af7a9774a05ae12b046d15d30cb788e/master.m3u8
      ✅ Gibi - 5.Sezon 1.Bölüm - 1 m3u8
   🔍 [44/68] Bölüm: https://diziyiizle4.com/gibi/5-sezon-2-bolum/
📺 Embed URL bulundu: https://vidlax1.xyz/embed/02a43ec63041b294
🔍 Embed URL kontrol ediliyor: https://vidlax1.xyz/embed/02a43ec63041b294
📄 Embed sayfa içeriği alındı, boyut: 40080 karakter
🎬 Video Başlığı: Gibi
📝 Video Açıklaması: 5.Sezon 2.Bölüm
🎯 Tam Başlık: Gibi - 5.Sezon 2.Bölüm
🎯 HEX DECODE - m3u8 bulundu: https://vidlax.xyz/upload/65b37e72dec2b9abe48e173d439729e08bc8/master.m3u8
      ✅ Gibi - 5.Sezon 2.Bölüm - 1 m3u8
   🔍 [45/68] Bölüm: https://diziyiizle4.com/gibi/5-sezon-3-bolum/
📺 Embed URL bulundu: https://vidlax1.xyz/embed/dd293c8a98b47287
🔍 Embed URL kontrol ediliyor: https://vidlax1.xyz/embed/dd293c8a98b47287
📄 Embed sayfa içeriği alındı, boyut: 40080 karakter
🎬 Video Başlığı: Gibi
📝 Video Açıklaması: 5.Sezon 3.Bölüm
🎯 Tam Başlık: Gibi - 5.Sezon 3.Bölüm
🎯 HEX DECODE - m3u8 bulundu: https://vidlax.xyz/upload/cb54b7e2623aacf409a88e1d21f494028e4c/master.m3u8
      ✅ Gibi - 5.Sezon 3.Bölüm - 1 m3u8
   🔍 [46/68] Bölüm: https://diziyiizle4.com/gibi/5-sezon-4-bolum/
📺 Embed URL bulundu: https://vidlax1.xyz/embed/52578d8d9cbd35e8
🔍 Embed URL kontrol ediliyor: https://vidlax1.xyz/embed/52578d8d9cbd35e8
📄 Embed sayfa içeriği alındı, boyut: 40080 karakter
🎬 Video Başlığı: Gibi
📝 Video Açıklaması: 5.Sezon 4.Bölüm
🎯 Tam Başlık: Gibi - 5.Sezon 4.Bölüm
🎯 HEX DECODE - m3u8 bulundu: https://vidlax.xyz/upload/a2faec3ad42aea20f94994d884fb1a426b95/master.m3u8
      ✅ Gibi - 5.Sezon 4.Bölüm - 1 m3u8
   🔍 [47/68] Bölüm: https://diziyiizle4.com/gibi/5-sezon-5-bolum/
📺 Embed URL bulundu: https://vidlax1.xyz/embed/972638609a669dfb
🔍 Embed URL kontrol ediliyor: https://vidlax1.xyz/embed/972638609a669dfb
📄 Embed sayfa içeriği alındı, boyut: 40080 karakter
🎬 Video Başlığı: Gibi
📝 Video Açıklaması: 5.Sezon 5.Bölüm
🎯 Tam Başlık: Gibi - 5.Sezon 5.Bölüm
🎯 HEX DECODE - m3u8 bulundu: https://vidlax.xyz/upload/3dd17ffde5077b9288c1d8e4fe72fadbeb46/master.m3u8
      ✅ Gibi - 5.Sezon 5.Bölüm - 1 m3u8
   🔍 [48/68] Bölüm: https://diziyiizle4.com/gibi/5-sezon-6-bolum/
📺 Embed URL bulundu: https://vidlax1.xyz/embed/9deaa6d1498dfef9
🔍 Embed URL kontrol ediliyor: https://vidlax1.xyz/embed/9deaa6d1498dfef9
📄 Embed sayfa içeriği alındı, boyut: 40080 karakter
🎬 Video Başlığı: Gibi
📝 Video Açıklaması: 5.Sezon 6.Bölüm
🎯 Tam Başlık: Gibi - 5.Sezon 6.Bölüm
🎯 HEX DECODE - m3u8 bulundu: https://vidlax.xyz/upload/87e472d3dfaeddc6706e366cb7ef061939f4/master.m3u8
      ✅ Gibi - 5.Sezon 6.Bölüm - 1 m3u8
   🔍 [49/68] Bölüm: https://diziyiizle4.com/gibi/5-sezon-7-bolum/
📺 Embed URL bulundu: https://vidlax1.xyz/embed/66468b9798c1f7b7
🔍 Embed URL kontrol ediliyor: https://vidlax1.xyz/embed/66468b9798c1f7b7
📄 Embed sayfa içeriği alındı, boyut: 40080 karakter
🎬 Video Başlığı: Gibi
📝 Video Açıklaması: 5.Sezon 7.Bölüm
🎯 Tam Başlık: Gibi - 5.Sezon 7.Bölüm
🎯 HEX DECODE - m3u8 bulundu: https://vidlax.xyz/upload/b93e2fd1b9d2babf81d9fe10f53607f53b05/master.m3u8
      ✅ Gibi - 5.Sezon 7.Bölüm - 1 m3u8
   🔍 [50/68] Bölüm: https://diziyiizle4.com/gibi/5-sezon-8-bolum/
📺 Embed URL bulundu: https://vidlax1.xyz/embed/0d3a8b1cd2c60d2c
🔍 Embed URL kontrol ediliyor: https://vidlax1.xyz/embed/0d3a8b1cd2c60d2c
📄 Embed sayfa içeriği alındı, boyut: 40080 karakter
🎬 Video Başlığı: Gibi
📝 Video Açıklaması: 5.Sezon 8.Bölüm
🎯 Tam Başlık: Gibi - 5.Sezon 8.Bölüm
🎯 HEX DECODE - m3u8 bulundu: https://vidlax.xyz/upload/14a43dad7f45a5fcc7db0308cad888971eeb/master.m3u8
      ✅ Gibi - 5.Sezon 8.Bölüm - 1 m3u8
   🔍 [51/68] Bölüm: https://diziyiizle4.com/gibi/5-sezon-9-bolum/
📺 Embed URL bulundu: https://vidlax1.xyz/embed/3522df9b2d0584a1
🔍 Embed URL kontrol ediliyor: https://vidlax1.xyz/embed/3522df9b2d0584a1
📄 Embed sayfa içeriği alındı, boyut: 40080 karakter
🎬 Video Başlığı: Gibi
📝 Video Açıklaması: 5.Sezon 9.Bölüm
🎯 Tam Başlık: Gibi - 5.Sezon 9.Bölüm
🎯 HEX DECODE - m3u8 bulundu: https://vidlax.xyz/upload/8f0cf4d0a0097ed8b57f53b88dbda5ffd0ac/master.m3u8
      ✅ Gibi - 5.Sezon 9.Bölüm - 1 m3u8
   🔍 [52/68] Bölüm: https://diziyiizle4.com/gibi/5-sezon-10-bolum/
📺 Embed URL bulundu: https://vidlax1.xyz/embed/a2628a19d0f2e4d5
🔍 Embed URL kontrol ediliyor: https://vidlax1.xyz/embed/a2628a19d0f2e4d5
📄 Embed sayfa içeriği alındı, boyut: 40081 karakter
🎬 Video Başlığı: Gibi
📝 Video Açıklaması: 5.Sezon 10.Bölüm
🎯 Tam Başlık: Gibi - 5.Sezon 10.Bölüm
🎯 HEX DECODE - m3u8 bulundu: https://vidlax.xyz/upload/ce4284d91a029839cd315baa20df4881c1b2/master.m3u8
      ✅ Gibi - 5.Sezon 10.Bölüm - 1 m3u8
   🔍 [53/68] Bölüm: https://diziyiizle4.com/gibi/5-sezon-11-bolum/
📺 Embed URL bulundu: https://vidlax1.xyz/embed/5fb5296df51e75cd
🔍 Embed URL kontrol ediliyor: https://vidlax1.xyz/embed/5fb5296df51e75cd
📄 Embed sayfa içeriği alındı, boyut: 40081 karakter
🎬 Video Başlığı: Gibi
📝 Video Açıklaması: 5.Sezon 11.Bölüm
🎯 Tam Başlık: Gibi - 5.Sezon 11.Bölüm
🎯 HEX DECODE - m3u8 bulundu: https://vidlax.xyz/upload/1469cc700cf4e3d98f51681765aa565b0c6b/master.m3u8
      ✅ Gibi - 5.Sezon 11.Bölüm - 1 m3u8
   🔍 [54/68] Bölüm: https://diziyiizle4.com/gibi/5-sezon-12-bolum/
📺 Embed URL bulundu: https://vidlax1.xyz/embed/7e80af25f439ebfa
🔍 Embed URL kontrol ediliyor: https://vidlax1.xyz/embed/7e80af25f439ebfa
📄 Embed sayfa içeriği alındı, boyut: 40081 karakter
🎬 Video Başlığı: Gibi
📝 Video Açıklaması: 5.Sezon 12.Bölüm
🎯 Tam Başlık: Gibi - 5.Sezon 12.Bölüm
🎯 HEX DECODE - m3u8 bulundu: https://vidlax.xyz/upload/9773bec2df76821794837466f3fde78085ca/master.m3u8
      ✅ Gibi - 5.Sezon 12.Bölüm - 1 m3u8
   🔍 [55/68] Bölüm: https://diziyiizle4.com/gibi/5-sezon-13-bolum/
📺 Embed URL bulundu: https://vidlax1.xyz/embed/38593f7fcfc81ce4
🔍 Embed URL kontrol ediliyor: https://vidlax1.xyz/embed/38593f7fcfc81ce4
📄 Embed sayfa içeriği alındı, boyut: 40081 karakter
🎬 Video Başlığı: Gibi
📝 Video Açıklaması: 5.Sezon 13.Bölüm
🎯 Tam Başlık: Gibi - 5.Sezon 13.Bölüm
🎯 HEX DECODE - m3u8 bulundu: https://vidlax.xyz/upload/bbdacae9c448b02d63c809108399c5c42cb6/master.m3u8
      ✅ Gibi - 5.Sezon 13.Bölüm - 1 m3u8
   🔍 [56/68] Bölüm: https://diziyiizle4.com/gibi/6-sezon-1-bolum/
📺 Embed URL bulundu: https://vidlax1.xyz/embed/acde1eb5d274f515
🔍 Embed URL kontrol ediliyor: https://vidlax1.xyz/embed/acde1eb5d274f515
📄 Embed sayfa içeriği alındı, boyut: 40253 karakter
🎬 Video Başlığı: Gibi
📝 Video Açıklaması: 6.Sezon 1.Bölüm
🎯 Tam Başlık: Gibi - 6.Sezon 1.Bölüm
🎯 HEX DECODE - m3u8 bulundu: https://vidlax.xyz/upload/ebd11639d6c0078e2193d48128a60568dcf2/master.m3u8
      ✅ Gibi - 6.Sezon 1.Bölüm - 1 m3u8
   🔍 [57/68] Bölüm: https://diziyiizle4.com/gibi/6-sezon-2-bolum/
📺 Embed URL bulundu: https://vidlax1.xyz/embed/b9f5abe6db581249
🔍 Embed URL kontrol ediliyor: https://vidlax1.xyz/embed/b9f5abe6db581249
📄 Embed sayfa içeriği alındı, boyut: 40253 karakter
🎬 Video Başlığı: Gibi
📝 Video Açıklaması: 6.Sezon 2.Bölüm
🎯 Tam Başlık: Gibi - 6.Sezon 2.Bölüm
🎯 HEX DECODE - m3u8 bulundu: https://vidlax.xyz/upload/383f91ce5e0825fdb4077b1edb9218e5d650/master.m3u8
      ✅ Gibi - 6.Sezon 2.Bölüm - 1 m3u8
   🔍 [58/68] Bölüm: https://diziyiizle4.com/gibi/6-sezon-3-bolum/
📺 Embed URL bulundu: https://vidlax1.xyz/embed/6c0b7446f5788014
🔍 Embed URL kontrol ediliyor: https://vidlax1.xyz/embed/6c0b7446f5788014
📄 Embed sayfa içeriği alındı, boyut: 40253 karakter
🎬 Video Başlığı: Gibi
📝 Video Açıklaması: 6.Sezon 3.Bölüm
🎯 Tam Başlık: Gibi - 6.Sezon 3.Bölüm
🎯 HEX DECODE - m3u8 bulundu: https://vidlax.xyz/upload/c10583700467b1807ea23c27a053a755186b/master.m3u8
      ✅ Gibi - 6.Sezon 3.Bölüm - 1 m3u8
   🔍 [59/68] Bölüm: https://diziyiizle4.com/gibi/6-sezon-4-bolum/
📺 Embed URL bulundu: https://vidlax1.xyz/embed/4715bff684b935b1
🔍 Embed URL kontrol ediliyor: https://vidlax1.xyz/embed/4715bff684b935b1
📄 Embed sayfa içeriği alındı, boyut: 40253 karakter
🎬 Video Başlığı: Gibi
📝 Video Açıklaması: 6.Sezon 4.Bölüm
🎯 Tam Başlık: Gibi - 6.Sezon 4.Bölüm
🎯 HEX DECODE - m3u8 bulundu: https://vidlax.xyz/upload/8b6adca58dc29222dd7cba65e268c7b0b26d/master.m3u8
      ✅ Gibi - 6.Sezon 4.Bölüm - 1 m3u8
   🔍 [60/68] Bölüm: https://diziyiizle4.com/gibi/6-sezon-5-bolum/
📺 Embed URL bulundu: https://vidlax1.xyz/embed/bf5661150a4d5faf
🔍 Embed URL kontrol ediliyor: https://vidlax1.xyz/embed/bf5661150a4d5faf
📄 Embed sayfa içeriği alındı, boyut: 40253 karakter
🎬 Video Başlığı: Gibi
📝 Video Açıklaması: 6.Sezon 5.Bölüm
🎯 Tam Başlık: Gibi - 6.Sezon 5.Bölüm
🎯 HEX DECODE - m3u8 bulundu: https://vidlax.xyz/upload/a0348fc462b6b14c86c8837e2c6d10c8f540/master.m3u8
      ✅ Gibi - 6.Sezon 5.Bölüm - 1 m3u8
   🔍 [61/68] Bölüm: https://diziyiizle4.com/gibi/6-sezon-6-bolum/
📺 Embed URL bulundu: https://vidlax1.xyz/embed/165b9ef4a32f8eb6
🔍 Embed URL kontrol ediliyor: https://vidlax1.xyz/embed/165b9ef4a32f8eb6
📄 Embed sayfa içeriği alındı, boyut: 40253 karakter
🎬 Video Başlığı: Gibi
📝 Video Açıklaması: 6.Sezon 6.Bölüm
🎯 Tam Başlık: Gibi - 6.Sezon 6.Bölüm
🎯 HEX DECODE - m3u8 bulundu: https://vidlax.xyz/upload/02c8d96c6a070b111f8ea0f1ea199a5d5b3c/master.m3u8
      ✅ Gibi - 6.Sezon 6.Bölüm - 1 m3u8
   🔍 [62/68] Bölüm: https://diziyiizle4.com/gibi/6-sezon-7-bolum/
📺 Embed URL bulundu: https://vidlax1.xyz/embed/7f553e1cf4834f2b
🔍 Embed URL kontrol ediliyor: https://vidlax1.xyz/embed/7f553e1cf4834f2b
📄 Embed sayfa içeriği alındı, boyut: 40253 karakter
🎬 Video Başlığı: Gibi
📝 Video Açıklaması: 6.Sezon 7.Bölüm
🎯 Tam Başlık: Gibi - 6.Sezon 7.Bölüm
🎯 HEX DECODE - m3u8 bulundu: https://vidlax.xyz/upload/aaedefb0d5225fc6bbd99cc3dedae9c89890/master.m3u8
      ✅ Gibi - 6.Sezon 7.Bölüm - 1 m3u8
   🔍 [63/68] Bölüm: https://diziyiizle4.com/gibi/6-sezon-8-bolum/
📺 Embed URL bulundu: https://vidlax1.xyz/embed/7b79196b03121b47
🔍 Embed URL kontrol ediliyor: https://vidlax1.xyz/embed/7b79196b03121b47
📄 Embed sayfa içeriği alındı, boyut: 40253 karakter
🎬 Video Başlığı: Gibi
📝 Video Açıklaması: 6.Sezon 8.Bölüm
🎯 Tam Başlık: Gibi - 6.Sezon 8.Bölüm
🎯 HEX DECODE - m3u8 bulundu: https://vidlax.xyz/upload/58995a93f34f0eca8719b4494c775f410518/master.m3u8
      ✅ Gibi - 6.Sezon 8.Bölüm - 1 m3u8
   🔍 [64/68] Bölüm: https://diziyiizle4.com/gibi/6-sezon-9-bolum/
📺 Embed URL bulundu: https://vidlax1.xyz/embed/e5f2002b46d0152b
🔍 Embed URL kontrol ediliyor: https://vidlax1.xyz/embed/e5f2002b46d0152b
📄 Embed sayfa içeriği alındı, boyut: 40253 karakter
🎬 Video Başlığı: Gibi
📝 Video Açıklaması: 6.Sezon 9.Bölüm
🎯 Tam Başlık: Gibi - 6.Sezon 9.Bölüm
🎯 HEX DECODE - m3u8 bulundu: https://vidlax.xyz/upload/20a8b0f6db15b8fa7523ccdb730ec72a1d72/master.m3u8
      ✅ Gibi - 6.Sezon 9.Bölüm - 1 m3u8
   🔍 [65/68] Bölüm: https://diziyiizle4.com/gibi/6-sezon-10-bolum/
📺 Embed URL bulundu: https://vidlax1.xyz/embed/b2cbde85f8e32d50
🔍 Embed URL kontrol ediliyor: https://vidlax1.xyz/embed/b2cbde85f8e32d50
📄 Embed sayfa içeriği alındı, boyut: 40254 karakter
🎬 Video Başlığı: Gibi
📝 Video Açıklaması: 6.Sezon 10.Bölüm
🎯 Tam Başlık: Gibi - 6.Sezon 10.Bölüm
🎯 HEX DECODE - m3u8 bulundu: https://vidlax.xyz/upload/82522f90b85852b399a4d87aafe4a1e2ab2c/master.m3u8
      ✅ Gibi - 6.Sezon 10.Bölüm - 1 m3u8
   🔍 [66/68] Bölüm: https://diziyiizle4.com/gibi/6-sezon-11-bolum/
📺 Embed URL bulundu: https://vidlax1.xyz/embed/f5c75f17ec8097ca
🔍 Embed URL kontrol ediliyor: https://vidlax1.xyz/embed/f5c75f17ec8097ca
📄 Embed sayfa içeriği alındı, boyut: 40254 karakter
🎬 Video Başlığı: Gibi
📝 Video Açıklaması: 6.Sezon 11.Bölüm
🎯 Tam Başlık: Gibi - 6.Sezon 11.Bölüm
🎯 HEX DECODE - m3u8 bulundu: https://vidlax.xyz/upload/4906e3300bf4254a783dddd2aa533059f0fb/master.m3u8
      ✅ Gibi - 6.Sezon 11.Bölüm - 1 m3u8
   🔍 [67/68] Bölüm: https://diziyiizle4.com/gibi/6-sezon-12-bolum/
📺 Embed URL bulundu: https://vidlax1.xyz/embed/f44b1fdfb56fad41
🔍 Embed URL kontrol ediliyor: https://vidlax1.xyz/embed/f44b1fdfb56fad41
📄 Embed sayfa içeriği alındı, boyut: 40254 karakter
🎬 Video Başlığı: Gibi
📝 Video Açıklaması: 6.Sezon 12.Bölüm
🎯 Tam Başlık: Gibi - 6.Sezon 12.Bölüm
🎯 HEX DECODE - m3u8 bulundu: https://vidlax.xyz/upload/49f5949ee6d2372e54b048e896245b9b9851/master.m3u8
      ✅ Gibi - 6.Sezon 12.Bölüm - 1 m3u8
   🔍 [68/68] Bölüm: https://diziyiizle4.com/gibi/6-sezon-13-bolum/
📺 Embed URL bulundu: https://vidlax1.xyz/embed/8d73fd3c7edaa30e
🔍 Embed URL kontrol ediliyor: https://vidlax1.xyz/embed/8d73fd3c7edaa30e
📄 Embed sayfa içeriği alındı, boyut: 40081 karakter
🎬 Video Başlığı: Gibi
📝 Video Açıklaması: 6.Sezon 13.Bölüm
🎯 Tam Başlık: Gibi - 6.Sezon 13.Bölüm
🎯 HEX DECODE - m3u8 bulundu: https://vidlax.xyz/upload/987db5125bc41bf8cd7d97e01c74574122ce/master.m3u8
      ✅ Gibi - 6.Sezon 13.Bölüm - 1 m3u8
      📁 Dizi playlist: playlists/gibi_playlist.m3u
   ✅ Dizi tamamlandı: 68 m3u8 eklendi

============================================================
🎬 [30/56] İşleniyor: https://diziyiizle4.com/dizi/var-bunlar-izle-14/
📺 Bölüm bulundu: The Manipulated1.Sezon 7.BölümAltyazılı - https://diziyiizle4.com/the-manipulated/1-sezon-7-bolum/
📺 Bölüm bulundu: Disney Twisted-Wonderland the Animation1.Sezon 4.BölümAltyazılı - https://diziyiizle4.com/disney-wisted-wonderland-the-animation/1-sezon-4-bolum/
📺 Bölüm bulundu: Eşref Rüya2.Sezon 9.BölümDual - https://diziyiizle4.com/esref-ruya-13/2-sezon-9-bolum/
📺 Bölüm bulundu: Hazbin Hotel2.Sezon 7.BölümAltyazılı - https://diziyiizle4.com/hazbin-hotel/2-sezon-7-bolum/
📺 Bölüm bulundu: The Mighty Nein1.Sezon 1.BölümDublaj - https://diziyiizle4.com/the-mighty-nein/1-sezon-1-bolum/
📺 Bölüm bulundu: Squid Game: The Challenge2.Sezon 9.BölümDublaj - https://diziyiizle4.com/squid-game-the-challenge/2-sezon-9-bolum/
📺 Bölüm bulundu: Nice to Not Meet You1.Sezon 6.BölümAltyazılı - https://diziyiizle4.com/nice-to-not-meet-you/1-sezon-6-bolum/
📺 Bölüm bulundu: Sekizinci Aile1.Sezon 1.BölümDual - https://diziyiizle4.com/sekizinci-aile/1-sezon-1-bolum/
📺 Bölüm bulundu: The Morning Show4.Sezon 10.BölümAltyazılı - https://diziyiizle4.com/the-morning-show/4-sezon-10-bolum/
📺 Bölüm bulundu: Watson2.Sezon 6.BölümAltyazılı - https://diziyiizle4.com/watson-2/2-sezon-6-bolum/
📺 Bölüm bulundu: Down Cemetery Road1.Sezon 5.BölümAltyazılı - https://diziyiizle4.com/down-cemetery-road/1-sezon-5-bolum/
📺 Bölüm bulundu: The Forsytes1.Sezon 5.BölümAltyazılı - https://diziyiizle4.com/the-forsytes/1-sezon-5-bolum/

📊 Toplam 12 bölüm bulundu
   🔍 [1/12] Bölüm: https://diziyiizle4.com/the-manipulated/1-sezon-7-bolum/
📺 Embed URL bulundu: https://vidlax1.xyz/embed/56fdf12e5a7b4cc6
🔍 Embed URL kontrol ediliyor: https://vidlax1.xyz/embed/56fdf12e5a7b4cc6
📄 Embed sayfa içeriği alındı, boyut: 42145 karakter
🎬 Video Başlığı: The Manipulated
📝 Video Açıklaması: 1.Sezon 7.Bölüm
🎯 Tam Başlık: The Manipulated - 1.Sezon 7.Bölüm
🎯 HEX DECODE - m3u8 bulundu: https://vidlax.xyz/upload/363a9ff072ef8361a43c09435d369bd6ebd7/master.m3u8
      ✅ The Manipulated - 1.Sezon 7.Bölüm - 1 m3u8
   🔍 [2/12] Bölüm: https://diziyiizle4.com/disney-wisted-wonderland-the-animation/1-sezon-4-bolum/
📺 Embed URL bulundu: https://vidlax1.xyz/embed/1d1da881dc9b3da5
🔍 Embed URL kontrol ediliyor: https://vidlax1.xyz/embed/1d1da881dc9b3da5
📄 Embed sayfa içeriği alındı, boyut: 40462 karakter
🎬 Video Başlığı: Disney Twisted-Wonderland: The Animation
📝 Video Açıklaması: 1.Sezon 4.Bölüm
🎯 Tam Başlık: Disney Twisted-Wonderland: The Animation - 1.Sezon 4.Bölüm
🎯 HEX DECODE - m3u8 bulundu: https://vidlax.xyz/upload/8c2155a8877d2a6a76ddd09758b0764a4e03/master.m3u8
      ✅ Disney Twisted-Wonderland: The Animation - 1.Sezon 4.Bölüm - 1 m3u8
   🔍 [3/12] Bölüm: https://diziyiizle4.com/esref-ruya-13/2-sezon-9-bolum/
📺 Embed URL bulundu: https://vidlax1.xyz/embed/f252148c19884cbf
🔍 Embed URL kontrol ediliyor: https://vidlax1.xyz/embed/f252148c19884cbf
📄 Embed sayfa içeriği alındı, boyut: 40087 karakter
🎬 Video Başlığı: Eşref Rüya
📝 Video Açıklaması: 2.Sezon 9.Bölüm
🎯 Tam Başlık: Eşref Rüya - 2.Sezon 9.Bölüm
🎯 HEX DECODE - m3u8 bulundu: https://vidlax.xyz/upload/83bdb8ef28bc1f3b1b004cdbf44a5a2f4355/master.m3u8
      ✅ Eşref Rüya - 2.Sezon 9.Bölüm - 1 m3u8
   🔍 [4/12] Bölüm: https://diziyiizle4.com/hazbin-hotel/2-sezon-7-bolum/
📺 Embed URL bulundu: https://vidlax1.xyz/embed/4adf96132e83b14a
🔍 Embed URL kontrol ediliyor: https://vidlax1.xyz/embed/4adf96132e83b14a
📄 Embed sayfa içeriği alındı, boyut: 42779 karakter
🎬 Video Başlığı: Hazbin Hotel
📝 Video Açıklaması: 2.Sezon 7.Bölüm
🎯 Tam Başlık: Hazbin Hotel - 2.Sezon 7.Bölüm
🎯 HEX DECODE - m3u8 bulundu: https://vidlax.xyz/upload/8b098337130e139903474e45750a2587af19/master.m3u8
      ✅ Hazbin Hotel - 2.Sezon 7.Bölüm - 1 m3u8
   🔍 [5/12] Bölüm: https://diziyiizle4.com/the-mighty-nein/1-sezon-1-bolum/
📺 Embed URL bulundu: https://vidlax1.xyz/embed/d2834e4a78d150a6
🔍 Embed URL kontrol ediliyor: https://vidlax1.xyz/embed/d2834e4a78d150a6
📄 Embed sayfa içeriği alındı, boyut: 42477 karakter
🎬 Video Başlığı: The Mighty Nein
📝 Video Açıklaması: 1.Sezon 1.Bölüm
🎯 Tam Başlık: The Mighty Nein - 1.Sezon 1.Bölüm
🎯 HEX DECODE - m3u8 bulundu: https://vidlax.xyz/upload/e9ba0e20bfd485f8b3049f437f887925f314/master.m3u8
      ✅ The Mighty Nein - 1.Sezon 1.Bölüm - 1 m3u8
   🔍 [6/12] Bölüm: https://diziyiizle4.com/squid-game-the-challenge/2-sezon-9-bolum/
📺 Embed URL bulundu: https://vidlax1.xyz/embed/209e28f101f483af
🔍 Embed URL kontrol ediliyor: https://vidlax1.xyz/embed/209e28f101f483af
📄 Embed sayfa içeriği alındı, boyut: 43550 karakter
🎬 Video Başlığı: Squid Game: The Challenge
📝 Video Açıklaması: 2.Sezon 9.Bölüm
🎯 Tam Başlık: Squid Game: The Challenge - 2.Sezon 9.Bölüm
🎯 HEX DECODE - m3u8 bulundu: https://vidlax.xyz/upload/ae3f06b66f0979dd3d20ff652c2c6d917ae1/master.m3u8
      ✅ Squid Game: The Challenge - 2.Sezon 9.Bölüm - 1 m3u8
   🔍 [7/12] Bölüm: https://diziyiizle4.com/nice-to-not-meet-you/1-sezon-6-bolum/
📺 Embed URL bulundu: https://vidlax1.xyz/embed/3de08f7e8bf197f4
🔍 Embed URL kontrol ediliyor: https://vidlax1.xyz/embed/3de08f7e8bf197f4
📄 Embed sayfa içeriği alındı, boyut: 42468 karakter
🎬 Video Başlığı: Nice to Not Meet You
📝 Video Açıklaması: 1.Sezon 6.Bölüm
🎯 Tam Başlık: Nice to Not Meet You - 1.Sezon 6.Bölüm
🎯 HEX DECODE - m3u8 bulundu: https://vidlax.xyz/upload/e14e0f8a67a4bfb8397ec0b572d1b5c7443c/master.m3u8
      ✅ Nice to Not Meet You - 1.Sezon 6.Bölüm - 1 m3u8
   🔍 [8/12] Bölüm: https://diziyiizle4.com/sekizinci-aile/1-sezon-1-bolum/
📺 Embed URL bulundu: https://vidlax1.xyz/embed/993bbbbdee22982d
🔍 Embed URL kontrol ediliyor: https://vidlax1.xyz/embed/993bbbbdee22982d
📄 Embed sayfa içeriği alındı, boyut: 41652 karakter
🎬 Video Başlığı: Sekizinci Aile
📝 Video Açıklaması: 1.Sezon 1.Bölüm
🎯 Tam Başlık: Sekizinci Aile - 1.Sezon 1.Bölüm
🎯 HEX DECODE - m3u8 bulundu: https://vidlax.xyz/upload/34e5a732e140647fd333b0e53a7894962c8b/master.m3u8
      ✅ Sekizinci Aile - 1.Sezon 1.Bölüm - 1 m3u8
   🔍 [9/12] Bölüm: https://diziyiizle4.com/the-morning-show/4-sezon-10-bolum/
📺 Embed URL bulundu: https://vidlax1.xyz/embed/9c72108e479081cd
🔍 Embed URL kontrol ediliyor: https://vidlax1.xyz/embed/9c72108e479081cd
📄 Embed sayfa içeriği alındı, boyut: 42649 karakter
🎬 Video Başlığı: The Morning Show
📝 Video Açıklaması: 4.Sezon 10.Bölüm
🎯 Tam Başlık: The Morning Show - 4.Sezon 10.Bölüm
🎯 HEX DECODE - m3u8 bulundu: https://vidlax.xyz/upload/0b9087f0e26cbee8376255b40a12a4be2935/master.m3u8
      ✅ The Morning Show - 4.Sezon 10.Bölüm - 1 m3u8
   🔍 [10/12] Bölüm: https://diziyiizle4.com/watson-2/2-sezon-6-bolum/

🔍 Vidlax direkt analizi: https://diziyiizle4.com/watson-2/2-sezon-6-bolum/
📄 Sayfa içeriği alındı: 117333 karakter
🎬 Video Başlığı: Bilinmiyor
📝 Video Açıklaması: Watson - 2. Sezon 6. Bölüm online izle. HD kalitede dizi bölümü.
❌ m3u8 URL'si bulunamadı
      ❌ m3u8 bulunamadı
   🔍 [11/12] Bölüm: https://diziyiizle4.com/down-cemetery-road/1-sezon-5-bolum/
📺 Embed URL bulundu: https://vidlax1.xyz/embed/5cd2fd01fac05e16
🔍 Embed URL kontrol ediliyor: https://vidlax1.xyz/embed/5cd2fd01fac05e16
📄 Embed sayfa içeriği alındı, boyut: 43524 karakter
🎬 Video Başlığı: Down Cemetery Road
📝 Video Açıklaması: 1.Sezon 5.Bölüm
🎯 Tam Başlık: Down Cemetery Road - 1.Sezon 5.Bölüm
🎯 HEX DECODE - m3u8 bulundu: https://vidlax.xyz/upload/ba7cec9a50e35998fb37c9a59160bcd00e47/master.m3u8
      ✅ Down Cemetery Road - 1.Sezon 5.Bölüm - 1 m3u8
   🔍 [12/12] Bölüm: https://diziyiizle4.com/the-forsytes/1-sezon-5-bolum/
📺 Embed URL bulundu: https://vidlax1.xyz/embed/6198e4252c80c243
🔍 Embed URL kontrol ediliyor: https://vidlax1.xyz/embed/6198e4252c80c243
📄 Embed sayfa içeriği alındı, boyut: 40403 karakter
🎬 Video Başlığı: The Forsytes
📝 Video Açıklaması: 1.Sezon 5.Bölüm
🎯 Tam Başlık: The Forsytes - 1.Sezon 5.Bölüm
🎯 HEX DECODE - m3u8 bulundu: https://vidlax.xyz/upload/f33fda90a5557650f32864bae48f830cc3c4/master.m3u8
      ✅ The Forsytes - 1.Sezon 5.Bölüm - 1 m3u8
      📁 Dizi playlist: playlists/var_bunlar_izle_14_playlist.m3u
   ✅ Dizi tamamlandı: 11 m3u8 eklendi

============================================================
🎬 [31/56] İşleniyor: https://diziyiizle4.com/dizi/prens-izle-4/
📺 Bölüm bulundu: The Manipulated1.Sezon 7.BölümAltyazılı - https://diziyiizle4.com/the-manipulated/1-sezon-7-bolum/
📺 Bölüm bulundu: Disney Twisted-Wonderland the Animation1.Sezon 4.BölümAltyazılı - https://diziyiizle4.com/disney-wisted-wonderland-the-animation/1-sezon-4-bolum/
📺 Bölüm bulundu: Eşref Rüya2.Sezon 9.BölümDual - https://diziyiizle4.com/esref-ruya-13/2-sezon-9-bolum/
📺 Bölüm bulundu: Hazbin Hotel2.Sezon 7.BölümAltyazılı - https://diziyiizle4.com/hazbin-hotel/2-sezon-7-bolum/
📺 Bölüm bulundu: The Mighty Nein1.Sezon 1.BölümDublaj - https://diziyiizle4.com/the-mighty-nein/1-sezon-1-bolum/
📺 Bölüm bulundu: Squid Game: The Challenge2.Sezon 9.BölümDublaj - https://diziyiizle4.com/squid-game-the-challenge/2-sezon-9-bolum/
📺 Bölüm bulundu: Nice to Not Meet You1.Sezon 6.BölümAltyazılı - https://diziyiizle4.com/nice-to-not-meet-you/1-sezon-6-bolum/
📺 Bölüm bulundu: Sekizinci Aile1.Sezon 1.BölümDual - https://diziyiizle4.com/sekizinci-aile/1-sezon-1-bolum/
📺 Bölüm bulundu: The Morning Show4.Sezon 10.BölümAltyazılı - https://diziyiizle4.com/the-morning-show/4-sezon-10-bolum/
📺 Bölüm bulundu: Watson2.Sezon 6.BölümAltyazılı - https://diziyiizle4.com/watson-2/2-sezon-6-bolum/
📺 Bölüm bulundu: Down Cemetery Road1.Sezon 5.BölümAltyazılı - https://diziyiizle4.com/down-cemetery-road/1-sezon-5-bolum/
📺 Bölüm bulundu: The Forsytes1.Sezon 5.BölümAltyazılı - https://diziyiizle4.com/the-forsytes/1-sezon-5-bolum/

📊 Toplam 12 bölüm bulundu
   🔍 [1/12] Bölüm: https://diziyiizle4.com/the-manipulated/1-sezon-7-bolum/
📺 Embed URL bulundu: https://vidlax1.xyz/embed/56fdf12e5a7b4cc6
🔍 Embed URL kontrol ediliyor: https://vidlax1.xyz/embed/56fdf12e5a7b4cc6
📄 Embed sayfa içeriği alındı, boyut: 42145 karakter
🎬 Video Başlığı: The Manipulated
📝 Video Açıklaması: 1.Sezon 7.Bölüm
🎯 Tam Başlık: The Manipulated - 1.Sezon 7.Bölüm
🎯 HEX DECODE - m3u8 bulundu: https://vidlax.xyz/upload/363a9ff072ef8361a43c09435d369bd6ebd7/master.m3u8
      ✅ The Manipulated - 1.Sezon 7.Bölüm - 1 m3u8
   🔍 [2/12] Bölüm: https://diziyiizle4.com/disney-wisted-wonderland-the-animation/1-sezon-4-bolum/
📺 Embed URL bulundu: https://vidlax1.xyz/embed/1d1da881dc9b3da5
🔍 Embed URL kontrol ediliyor: https://vidlax1.xyz/embed/1d1da881dc9b3da5
📄 Embed sayfa içeriği alındı, boyut: 40462 karakter
🎬 Video Başlığı: Disney Twisted-Wonderland: The Animation
📝 Video Açıklaması: 1.Sezon 4.Bölüm
🎯 Tam Başlık: Disney Twisted-Wonderland: The Animation - 1.Sezon 4.Bölüm
🎯 HEX DECODE - m3u8 bulundu: https://vidlax.xyz/upload/8c2155a8877d2a6a76ddd09758b0764a4e03/master.m3u8
      ✅ Disney Twisted-Wonderland: The Animation - 1.Sezon 4.Bölüm - 1 m3u8
   🔍 [3/12] Bölüm: https://diziyiizle4.com/esref-ruya-13/2-sezon-9-bolum/
📺 Embed URL bulundu: https://vidlax1.xyz/embed/f252148c19884cbf
🔍 Embed URL kontrol ediliyor: https://vidlax1.xyz/embed/f252148c19884cbf
📄 Embed sayfa içeriği alındı, boyut: 40087 karakter
🎬 Video Başlığı: Eşref Rüya
📝 Video Açıklaması: 2.Sezon 9.Bölüm
🎯 Tam Başlık: Eşref Rüya - 2.Sezon 9.Bölüm
🎯 HEX DECODE - m3u8 bulundu: https://vidlax.xyz/upload/83bdb8ef28bc1f3b1b004cdbf44a5a2f4355/master.m3u8
      ✅ Eşref Rüya - 2.Sezon 9.Bölüm - 1 m3u8
   🔍 [4/12] Bölüm: https://diziyiizle4.com/hazbin-hotel/2-sezon-7-bolum/
📺 Embed URL bulundu: https://vidlax1.xyz/embed/4adf96132e83b14a
🔍 Embed URL kontrol ediliyor: https://vidlax1.xyz/embed/4adf96132e83b14a
📄 Embed sayfa içeriği alındı, boyut: 42779 karakter
🎬 Video Başlığı: Hazbin Hotel
📝 Video Açıklaması: 2.Sezon 7.Bölüm
🎯 Tam Başlık: Hazbin Hotel - 2.Sezon 7.Bölüm
🎯 HEX DECODE - m3u8 bulundu: https://vidlax.xyz/upload/8b098337130e139903474e45750a2587af19/master.m3u8
      ✅ Hazbin Hotel - 2.Sezon 7.Bölüm - 1 m3u8
   🔍 [5/12] Bölüm: https://diziyiizle4.com/the-mighty-nein/1-sezon-1-bolum/
📺 Embed URL bulundu: https://vidlax1.xyz/embed/d2834e4a78d150a6
🔍 Embed URL kontrol ediliyor: https://vidlax1.xyz/embed/d2834e4a78d150a6
📄 Embed sayfa içeriği alındı, boyut: 42477 karakter
🎬 Video Başlığı: The Mighty Nein
📝 Video Açıklaması: 1.Sezon 1.Bölüm
🎯 Tam Başlık: The Mighty Nein - 1.Sezon 1.Bölüm
🎯 HEX DECODE - m3u8 bulundu: https://vidlax.xyz/upload/e9ba0e20bfd485f8b3049f437f887925f314/master.m3u8
      ✅ The Mighty Nein - 1.Sezon 1.Bölüm - 1 m3u8
   🔍 [6/12] Bölüm: https://diziyiizle4.com/squid-game-the-challenge/2-sezon-9-bolum/
📺 Embed URL bulundu: https://vidlax1.xyz/embed/209e28f101f483af
🔍 Embed URL kontrol ediliyor: https://vidlax1.xyz/embed/209e28f101f483af
📄 Embed sayfa içeriği alındı, boyut: 43550 karakter
🎬 Video Başlığı: Squid Game: The Challenge
📝 Video Açıklaması: 2.Sezon 9.Bölüm
🎯 Tam Başlık: Squid Game: The Challenge - 2.Sezon 9.Bölüm
🎯 HEX DECODE - m3u8 bulundu: https://vidlax.xyz/upload/ae3f06b66f0979dd3d20ff652c2c6d917ae1/master.m3u8
      ✅ Squid Game: The Challenge - 2.Sezon 9.Bölüm - 1 m3u8
   🔍 [7/12] Bölüm: https://diziyiizle4.com/nice-to-not-meet-you/1-sezon-6-bolum/
📺 Embed URL bulundu: https://vidlax1.xyz/embed/3de08f7e8bf197f4
🔍 Embed URL kontrol ediliyor: https://vidlax1.xyz/embed/3de08f7e8bf197f4
📄 Embed sayfa içeriği alındı, boyut: 42468 karakter
🎬 Video Başlığı: Nice to Not Meet You
📝 Video Açıklaması: 1.Sezon 6.Bölüm
🎯 Tam Başlık: Nice to Not Meet You - 1.Sezon 6.Bölüm
🎯 HEX DECODE - m3u8 bulundu: https://vidlax.xyz/upload/e14e0f8a67a4bfb8397ec0b572d1b5c7443c/master.m3u8
      ✅ Nice to Not Meet You - 1.Sezon 6.Bölüm - 1 m3u8
   🔍 [8/12] Bölüm: https://diziyiizle4.com/sekizinci-aile/1-sezon-1-bolum/
📺 Embed URL bulundu: https://vidlax1.xyz/embed/993bbbbdee22982d
🔍 Embed URL kontrol ediliyor: https://vidlax1.xyz/embed/993bbbbdee22982d
📄 Embed sayfa içeriği alındı, boyut: 41652 karakter
🎬 Video Başlığı: Sekizinci Aile
📝 Video Açıklaması: 1.Sezon 1.Bölüm
🎯 Tam Başlık: Sekizinci Aile - 1.Sezon 1.Bölüm
🎯 HEX DECODE - m3u8 bulundu: https://vidlax.xyz/upload/34e5a732e140647fd333b0e53a7894962c8b/master.m3u8
      ✅ Sekizinci Aile - 1.Sezon 1.Bölüm - 1 m3u8
   🔍 [9/12] Bölüm: https://diziyiizle4.com/the-morning-show/4-sezon-10-bolum/
📺 Embed URL bulundu: https://vidlax1.xyz/embed/9c72108e479081cd
🔍 Embed URL kontrol ediliyor: https://vidlax1.xyz/embed/9c72108e479081cd
📄 Embed sayfa içeriği alındı, boyut: 42649 karakter
🎬 Video Başlığı: The Morning Show
📝 Video Açıklaması: 4.Sezon 10.Bölüm
🎯 Tam Başlık: The Morning Show - 4.Sezon 10.Bölüm
🎯 HEX DECODE - m3u8 bulundu: https://vidlax.xyz/upload/0b9087f0e26cbee8376255b40a12a4be2935/master.m3u8
      ✅ The Morning Show - 4.Sezon 10.Bölüm - 1 m3u8
   🔍 [10/12] Bölüm: https://diziyiizle4.com/watson-2/2-sezon-6-bolum/

🔍 Vidlax direkt analizi: https://diziyiizle4.com/watson-2/2-sezon-6-bolum/
📄 Sayfa içeriği alındı: 117333 karakter
🎬 Video Başlığı: Bilinmiyor
📝 Video Açıklaması: Watson - 2. Sezon 6. Bölüm online izle. HD kalitede dizi bölümü.
❌ m3u8 URL'si bulunamadı
      ❌ m3u8 bulunamadı
   🔍 [11/12] Bölüm: https://diziyiizle4.com/down-cemetery-road/1-sezon-5-bolum/
📺 Embed URL bulundu: https://vidlax1.xyz/embed/5cd2fd01fac05e16
🔍 Embed URL kontrol ediliyor: https://vidlax1.xyz/embed/5cd2fd01fac05e16
📄 Embed sayfa içeriği alındı, boyut: 43524 karakter
🎬 Video Başlığı: Down Cemetery Road
📝 Video Açıklaması: 1.Sezon 5.Bölüm
🎯 Tam Başlık: Down Cemetery Road - 1.Sezon 5.Bölüm
🎯 HEX DECODE - m3u8 bulundu: https://vidlax.xyz/upload/ba7cec9a50e35998fb37c9a59160bcd00e47/master.m3u8
      ✅ Down Cemetery Road - 1.Sezon 5.Bölüm - 1 m3u8
   🔍 [12/12] Bölüm: https://diziyiizle4.com/the-forsytes/1-sezon-5-bolum/
📺 Embed URL bulundu: https://vidlax1.xyz/embed/6198e4252c80c243
🔍 Embed URL kontrol ediliyor: https://vidlax1.xyz/embed/6198e4252c80c243
📄 Embed sayfa içeriği alındı, boyut: 40403 karakter
🎬 Video Başlığı: The Forsytes
📝 Video Açıklaması: 1.Sezon 5.Bölüm
🎯 Tam Başlık: The Forsytes - 1.Sezon 5.Bölüm
🎯 HEX DECODE - m3u8 bulundu: https://vidlax.xyz/upload/f33fda90a5557650f32864bae48f830cc3c4/master.m3u8
      ✅ The Forsytes - 1.Sezon 5.Bölüm - 1 m3u8
      📁 Dizi playlist: playlists/prens_izle_4_playlist.m3u
   ✅ Dizi tamamlandı: 11 m3u8 eklendi

============================================================
🎬 [32/56] İşleniyor: https://diziyiizle4.com/dizi/tilsimli-bileklik/
📺 Bölüm bulundu: 1. Sezon 1. BölümDublaj08.11.202545 dk. - https://diziyiizle4.com/tilsimli-bileklik/1-sezon-1-bolum/
📺 Bölüm bulundu: 1. Sezon 2. BölümDublaj08.11.202545 dk. - https://diziyiizle4.com/tilsimli-bileklik/1-sezon-2-bolum/
📺 Bölüm bulundu: 1. Sezon 3. BölümDublaj08.11.202541 dk. - https://diziyiizle4.com/tilsimli-bileklik/1-sezon-3-bolum/
📺 Bölüm bulundu: 1. Sezon 4. BölümDublaj08.11.202545 dk. - https://diziyiizle4.com/tilsimli-bileklik/1-sezon-4-bolum/
📺 Bölüm bulundu: 1. Sezon 5. BölümDublaj08.11.202543 dk. - https://diziyiizle4.com/tilsimli-bileklik/1-sezon-5-bolum/
📺 Bölüm bulundu: 1. Sezon 6. BölümDublaj08.11.202545 dk. - https://diziyiizle4.com/tilsimli-bileklik/1-sezon-6-bolum/
📺 Bölüm bulundu: 1. Sezon 7. BölümDublaj08.11.202546 dk. - https://diziyiizle4.com/tilsimli-bileklik/1-sezon-7-bolum/
📺 Bölüm bulundu: 1. Sezon 8. BölümDublaj08.11.202542 dk. - https://diziyiizle4.com/tilsimli-bileklik/1-sezon-8-bolum/
📺 Bölüm bulundu: 1. Sezon 9. BölümDublaj08.11.202543 dk. - https://diziyiizle4.com/tilsimli-bileklik/1-sezon-9-bolum/
📺 Bölüm bulundu: 1. Sezon 10. BölümDublaj08.11.202552 dk. - https://diziyiizle4.com/tilsimli-bileklik/1-sezon-10-bolum/
📺 Bölüm bulundu: 2. Sezon 1. BölümAltyazılı08.11.202550 dk. - https://diziyiizle4.com/tilsimli-bileklik/2-sezon-1-bolum/
📺 Bölüm bulundu: 2. Sezon 2. BölümAltyazılı08.11.202540 dk. - https://diziyiizle4.com/tilsimli-bileklik/2-sezon-2-bolum/
📺 Bölüm bulundu: 2. Sezon 3. BölümAltyazılı08.11.202545 dk. - https://diziyiizle4.com/tilsimli-bileklik/2-sezon-3-bolum/
📺 Bölüm bulundu: 2. Sezon 4. BölümAltyazılı08.11.202539 dk. - https://diziyiizle4.com/tilsimli-bileklik/2-sezon-4-bolum/
📺 Bölüm bulundu: 2. Sezon 5. BölümAltyazılı08.11.202533 dk. - https://diziyiizle4.com/tilsimli-bileklik/2-sezon-5-bolum/
📺 Bölüm bulundu: 2. Sezon 6. BölümAltyazılı08.11.202543 dk. - https://diziyiizle4.com/tilsimli-bileklik/2-sezon-6-bolum/
📺 Bölüm bulundu: 2. Sezon 7. BölümAltyazılı08.11.202550 dk. - https://diziyiizle4.com/tilsimli-bileklik/2-sezon-7-bolum/

📊 Toplam 17 bölüm bulundu
   🔍 [1/17] Bölüm: https://diziyiizle4.com/tilsimli-bileklik/1-sezon-1-bolum/
📺 Embed URL bulundu: https://vidlax1.xyz/embed/fdf73fa251d930d4
🔍 Embed URL kontrol ediliyor: https://vidlax1.xyz/embed/fdf73fa251d930d4
📄 Embed sayfa içeriği alındı, boyut: 40088 karakter
🎬 Video Başlığı: Intertwined
📝 Video Açıklaması: 1.Sezon 1.Bölüm
🎯 Tam Başlık: Intertwined - 1.Sezon 1.Bölüm
🎯 HEX DECODE - m3u8 bulundu: https://vidlax.xyz/upload/4126a19064c8d0281814533d4223ba137608/master.m3u8
      ✅ Intertwined - 1.Sezon 1.Bölüm - 1 m3u8
   🔍 [2/17] Bölüm: https://diziyiizle4.com/tilsimli-bileklik/1-sezon-2-bolum/
📺 Embed URL bulundu: https://vidlax1.xyz/embed/39ed1295bf84f3cb
🔍 Embed URL kontrol ediliyor: https://vidlax1.xyz/embed/39ed1295bf84f3cb
📄 Embed sayfa içeriği alındı, boyut: 40216 karakter
🎬 Video Başlığı: Intertwined
📝 Video Açıklaması: 1.Sezon 2.Bölüm
🎯 Tam Başlık: Intertwined - 1.Sezon 2.Bölüm
🎯 HEX DECODE - m3u8 bulundu: https://vidlax.xyz/upload/928b72377505b7ac9a6708e1be29fac7920b/master.m3u8
      ✅ Intertwined - 1.Sezon 2.Bölüm - 1 m3u8
   🔍 [3/17] Bölüm: https://diziyiizle4.com/tilsimli-bileklik/1-sezon-3-bolum/
📺 Embed URL bulundu: https://vidlax1.xyz/embed/c76a50e5f07003aa
🔍 Embed URL kontrol ediliyor: https://vidlax1.xyz/embed/c76a50e5f07003aa
📄 Embed sayfa içeriği alındı, boyut: 40088 karakter
🎬 Video Başlığı: Intertwined
📝 Video Açıklaması: 1.Sezon 3.Bölüm
🎯 Tam Başlık: Intertwined - 1.Sezon 3.Bölüm
🎯 HEX DECODE - m3u8 bulundu: https://vidlax.xyz/upload/7745d183379e6ca4935cbcab9bb968464486/master.m3u8
      ✅ Intertwined - 1.Sezon 3.Bölüm - 1 m3u8
   🔍 [4/17] Bölüm: https://diziyiizle4.com/tilsimli-bileklik/1-sezon-4-bolum/
📺 Embed URL bulundu: https://vidlax1.xyz/embed/dcea6243dd9fd721
🔍 Embed URL kontrol ediliyor: https://vidlax1.xyz/embed/dcea6243dd9fd721
📄 Embed sayfa içeriği alındı, boyut: 40088 karakter
🎬 Video Başlığı: Intertwined
📝 Video Açıklaması: 1.Sezon 4.Bölüm
🎯 Tam Başlık: Intertwined - 1.Sezon 4.Bölüm
🎯 HEX DECODE - m3u8 bulundu: https://vidlax.xyz/upload/79346530a0c93c8c8aeef8d1dcde5c64660d/master.m3u8
      ✅ Intertwined - 1.Sezon 4.Bölüm - 1 m3u8
   🔍 [5/17] Bölüm: https://diziyiizle4.com/tilsimli-bileklik/1-sezon-5-bolum/
📺 Embed URL bulundu: https://vidlax1.xyz/embed/94434896d8290fbc
🔍 Embed URL kontrol ediliyor: https://vidlax1.xyz/embed/94434896d8290fbc
📄 Embed sayfa içeriği alındı, boyut: 40088 karakter
🎬 Video Başlığı: Intertwined
📝 Video Açıklaması: 1.Sezon 5.Bölüm
🎯 Tam Başlık: Intertwined - 1.Sezon 5.Bölüm
🎯 HEX DECODE - m3u8 bulundu: https://vidlax.xyz/upload/8e61a27afd2ca722cc997604a8704d97e9ca/master.m3u8
      ✅ Intertwined - 1.Sezon 5.Bölüm - 1 m3u8
   🔍 [6/17] Bölüm: https://diziyiizle4.com/tilsimli-bileklik/1-sezon-6-bolum/
📺 Embed URL bulundu: https://vidlax1.xyz/embed/0c77e9dc51deeddc
🔍 Embed URL kontrol ediliyor: https://vidlax1.xyz/embed/0c77e9dc51deeddc
📄 Embed sayfa içeriği alındı, boyut: 40088 karakter
🎬 Video Başlığı: Intertwined
📝 Video Açıklaması: 1.Sezon 6.Bölüm
🎯 Tam Başlık: Intertwined - 1.Sezon 6.Bölüm
🎯 HEX DECODE - m3u8 bulundu: https://vidlax.xyz/upload/50a15c93d9b8548462f5a9cfa70f221427c7/master.m3u8
      ✅ Intertwined - 1.Sezon 6.Bölüm - 1 m3u8
   🔍 [7/17] Bölüm: https://diziyiizle4.com/tilsimli-bileklik/1-sezon-7-bolum/
📺 Embed URL bulundu: https://vidlax1.xyz/embed/3a35d374e30c09da
🔍 Embed URL kontrol ediliyor: https://vidlax1.xyz/embed/3a35d374e30c09da
📄 Embed sayfa içeriği alındı, boyut: 40088 karakter
🎬 Video Başlığı: Intertwined
📝 Video Açıklaması: 1.Sezon 7.Bölüm
🎯 Tam Başlık: Intertwined - 1.Sezon 7.Bölüm
🎯 HEX DECODE - m3u8 bulundu: https://vidlax.xyz/upload/6c46d3c1a036728af392481853d066da5f68/master.m3u8
      ✅ Intertwined - 1.Sezon 7.Bölüm - 1 m3u8
   🔍 [8/17] Bölüm: https://diziyiizle4.com/tilsimli-bileklik/1-sezon-8-bolum/
📺 Embed URL bulundu: https://vidlax1.xyz/embed/aaf2fa164e71a3fc
🔍 Embed URL kontrol ediliyor: https://vidlax1.xyz/embed/aaf2fa164e71a3fc
📄 Embed sayfa içeriği alındı, boyut: 40088 karakter
🎬 Video Başlığı: Intertwined
📝 Video Açıklaması: 1.Sezon 8.Bölüm
🎯 Tam Başlık: Intertwined - 1.Sezon 8.Bölüm
🎯 HEX DECODE - m3u8 bulundu: https://vidlax.xyz/upload/d94c8ee26749452ff8c333790ccc9c17afe3/master.m3u8
      ✅ Intertwined - 1.Sezon 8.Bölüm - 1 m3u8
   🔍 [9/17] Bölüm: https://diziyiizle4.com/tilsimli-bileklik/1-sezon-9-bolum/
📺 Embed URL bulundu: https://vidlax1.xyz/embed/83e7f93dfdafb3f3
🔍 Embed URL kontrol ediliyor: https://vidlax1.xyz/embed/83e7f93dfdafb3f3
📄 Embed sayfa içeriği alındı, boyut: 40088 karakter
🎬 Video Başlığı: Intertwined
📝 Video Açıklaması: 1.Sezon 9.Bölüm
🎯 Tam Başlık: Intertwined - 1.Sezon 9.Bölüm
🎯 HEX DECODE - m3u8 bulundu: https://vidlax.xyz/upload/078350916ee4feadd0b295efc89738456cc6/master.m3u8
      ✅ Intertwined - 1.Sezon 9.Bölüm - 1 m3u8
   🔍 [10/17] Bölüm: https://diziyiizle4.com/tilsimli-bileklik/1-sezon-10-bolum/
📺 Embed URL bulundu: https://vidlax1.xyz/embed/91db2b1718341c63
🔍 Embed URL kontrol ediliyor: https://vidlax1.xyz/embed/91db2b1718341c63
📄 Embed sayfa içeriği alındı, boyut: 40089 karakter
🎬 Video Başlığı: Intertwined
📝 Video Açıklaması: 1.Sezon 10.Bölüm
🎯 Tam Başlık: Intertwined - 1.Sezon 10.Bölüm
🎯 HEX DECODE - m3u8 bulundu: https://vidlax.xyz/upload/cca31cf3371e24d9a7963523c36e80eed3d4/master.m3u8
      ✅ Intertwined - 1.Sezon 10.Bölüm - 1 m3u8
   🔍 [11/17] Bölüm: https://diziyiizle4.com/tilsimli-bileklik/2-sezon-1-bolum/

🔍 Vidlax direkt analizi: https://diziyiizle4.com/tilsimli-bileklik/2-sezon-1-bolum/
📄 Sayfa içeriği alındı: 109926 karakter
🎬 Video Başlığı: Bilinmiyor
📝 Video Açıklaması: Intertwined - 2. Sezon 1. Bölüm online izle. HD kalitede dizi bölümü.
❌ m3u8 URL'si bulunamadı
      ❌ m3u8 bulunamadı
   🔍 [12/17] Bölüm: https://diziyiizle4.com/tilsimli-bileklik/2-sezon-2-bolum/

🔍 Vidlax direkt analizi: https://diziyiizle4.com/tilsimli-bileklik/2-sezon-2-bolum/
📄 Sayfa içeriği alındı: 109930 karakter
🎬 Video Başlığı: Bilinmiyor
📝 Video Açıklaması: Intertwined - 2. Sezon 2. Bölüm online izle. HD kalitede dizi bölümü.
❌ m3u8 URL'si bulunamadı
      ❌ m3u8 bulunamadı
   🔍 [13/17] Bölüm: https://diziyiizle4.com/tilsimli-bileklik/2-sezon-3-bolum/

🔍 Vidlax direkt analizi: https://diziyiizle4.com/tilsimli-bileklik/2-sezon-3-bolum/
📄 Sayfa içeriği alındı: 109930 karakter
🎬 Video Başlığı: Bilinmiyor
📝 Video Açıklaması: Intertwined - 2. Sezon 3. Bölüm online izle. HD kalitede dizi bölümü.
❌ m3u8 URL'si bulunamadı
      ❌ m3u8 bulunamadı
   🔍 [14/17] Bölüm: https://diziyiizle4.com/tilsimli-bileklik/2-sezon-4-bolum/

🔍 Vidlax direkt analizi: https://diziyiizle4.com/tilsimli-bileklik/2-sezon-4-bolum/
📄 Sayfa içeriği alındı: 109927 karakter
🎬 Video Başlığı: Bilinmiyor
📝 Video Açıklaması: Intertwined - 2. Sezon 4. Bölüm online izle. HD kalitede dizi bölümü.
❌ m3u8 URL'si bulunamadı
      ❌ m3u8 bulunamadı
   🔍 [15/17] Bölüm: https://diziyiizle4.com/tilsimli-bileklik/2-sezon-5-bolum/

🔍 Vidlax direkt analizi: https://diziyiizle4.com/tilsimli-bileklik/2-sezon-5-bolum/
📄 Sayfa içeriği alındı: 109930 karakter
🎬 Video Başlığı: Bilinmiyor
📝 Video Açıklaması: Intertwined - 2. Sezon 5. Bölüm online izle. HD kalitede dizi bölümü.
❌ m3u8 URL'si bulunamadı
      ❌ m3u8 bulunamadı
   🔍 [16/17] Bölüm: https://diziyiizle4.com/tilsimli-bileklik/2-sezon-6-bolum/

🔍 Vidlax direkt analizi: https://diziyiizle4.com/tilsimli-bileklik/2-sezon-6-bolum/
📄 Sayfa içeriği alındı: 109927 karakter
🎬 Video Başlığı: Bilinmiyor
📝 Video Açıklaması: Intertwined - 2. Sezon 6. Bölüm online izle. HD kalitede dizi bölümü.
❌ m3u8 URL'si bulunamadı
      ❌ m3u8 bulunamadı
   🔍 [17/17] Bölüm: https://diziyiizle4.com/tilsimli-bileklik/2-sezon-7-bolum/

🔍 Vidlax direkt analizi: https://diziyiizle4.com/tilsimli-bileklik/2-sezon-7-bolum/
📄 Sayfa içeriği alındı: 109927 karakter
🎬 Video Başlığı: Bilinmiyor
📝 Video Açıklaması: Intertwined - 2. Sezon 7. Bölüm online izle. HD kalitede dizi bölümü.
❌ m3u8 URL'si bulunamadı
      ❌ m3u8 bulunamadı
      📁 Dizi playlist: playlists/tilsimli_bileklik_playlist.m3u
   ✅ Dizi tamamlandı: 10 m3u8 eklendi

============================================================
🎬 [33/56] İşleniyor: https://diziyiizle4.com/dizi/arabalar-yollarda/
📺 Bölüm bulundu: 1. Sezon 1. BölümDublaj08.11.202512 dk. - https://diziyiizle4.com/arabalar-yollarda/1-sezon-1-bolum/
📺 Bölüm bulundu: 1. Sezon 2. BölümDublaj08.11.202511 dk. - https://diziyiizle4.com/arabalar-yollarda/1-sezon-2-bolum/
📺 Bölüm bulundu: 1. Sezon 3. BölümDublaj08.11.202512 dk. - https://diziyiizle4.com/arabalar-yollarda/1-sezon-3-bolum/
📺 Bölüm bulundu: 1. Sezon 4. BölümDublaj08.11.202513 dk. - https://diziyiizle4.com/arabalar-yollarda/1-sezon-4-bolum/
📺 Bölüm bulundu: 1. Sezon 5. BölümDublaj08.11.202512 dk. - https://diziyiizle4.com/arabalar-yollarda/1-sezon-5-bolum/
📺 Bölüm bulundu: 1. Sezon 6. BölümDublaj08.11.202510 dk. - https://diziyiizle4.com/arabalar-yollarda/1-sezon-6-bolum/
📺 Bölüm bulundu: 1. Sezon 7. BölümDublaj08.11.202513 dk. - https://diziyiizle4.com/arabalar-yollarda/1-sezon-7-bolum/
📺 Bölüm bulundu: 1. Sezon 8. BölümDublaj08.11.202511 dk. - https://diziyiizle4.com/arabalar-yollarda/1-sezon-8-bolum/
📺 Bölüm bulundu: 1. Sezon 9. BölümDublaj08.11.202514 dk. - https://diziyiizle4.com/arabalar-yollarda/1-sezon-9-bolum/

📊 Toplam 9 bölüm bulundu
   🔍 [1/9] Bölüm: https://diziyiizle4.com/arabalar-yollarda/1-sezon-1-bolum/
📺 Embed URL bulundu: https://vidlax1.xyz/embed/3c858281b7c0d795
🔍 Embed URL kontrol ediliyor: https://vidlax1.xyz/embed/3c858281b7c0d795
📄 Embed sayfa içeriği alındı, boyut: 40093 karakter
🎬 Video Başlığı: Cars on the Road
📝 Video Açıklaması: 1.Sezon 1.Bölüm
🎯 Tam Başlık: Cars on the Road - 1.Sezon 1.Bölüm
🎯 HEX DECODE - m3u8 bulundu: https://vidlax.xyz/upload/2938e8ccc936fbefc16196bcb5d8affc7c2f/master.m3u8
      ✅ Cars on the Road - 1.Sezon 1.Bölüm - 1 m3u8
   🔍 [2/9] Bölüm: https://diziyiizle4.com/arabalar-yollarda/1-sezon-2-bolum/
📺 Embed URL bulundu: https://vidlax1.xyz/embed/d1e5b9d68a91570e
🔍 Embed URL kontrol ediliyor: https://vidlax1.xyz/embed/d1e5b9d68a91570e
📄 Embed sayfa içeriği alındı, boyut: 40093 karakter
🎬 Video Başlığı: Cars on the Road
📝 Video Açıklaması: 1.Sezon 2.Bölüm
🎯 Tam Başlık: Cars on the Road - 1.Sezon 2.Bölüm
🎯 HEX DECODE - m3u8 bulundu: https://vidlax.xyz/upload/2a2662a87e827713c702fd582c4a66e71007/master.m3u8
      ✅ Cars on the Road - 1.Sezon 2.Bölüm - 1 m3u8
   🔍 [3/9] Bölüm: https://diziyiizle4.com/arabalar-yollarda/1-sezon-3-bolum/
📺 Embed URL bulundu: https://vidlax1.xyz/embed/1634d57386068320
🔍 Embed URL kontrol ediliyor: https://vidlax1.xyz/embed/1634d57386068320
📄 Embed sayfa içeriği alındı, boyut: 40093 karakter
🎬 Video Başlığı: Cars on the Road
📝 Video Açıklaması: 1.Sezon 3.Bölüm
🎯 Tam Başlık: Cars on the Road - 1.Sezon 3.Bölüm
🎯 HEX DECODE - m3u8 bulundu: https://vidlax.xyz/upload/ab667bae2448414835938aaaef1f95d21b23/master.m3u8
      ✅ Cars on the Road - 1.Sezon 3.Bölüm - 1 m3u8
   🔍 [4/9] Bölüm: https://diziyiizle4.com/arabalar-yollarda/1-sezon-4-bolum/
📺 Embed URL bulundu: https://vidlax1.xyz/embed/f9e77fe82c12c27e
🔍 Embed URL kontrol ediliyor: https://vidlax1.xyz/embed/f9e77fe82c12c27e
📄 Embed sayfa içeriği alındı, boyut: 40093 karakter
🎬 Video Başlığı: Cars on the Road
📝 Video Açıklaması: 1.Sezon 4.Bölüm
🎯 Tam Başlık: Cars on the Road - 1.Sezon 4.Bölüm
🎯 HEX DECODE - m3u8 bulundu: https://vidlax.xyz/upload/a69f3b66801f380c06fc2c3be846c43f302d/master.m3u8
      ✅ Cars on the Road - 1.Sezon 4.Bölüm - 1 m3u8
   🔍 [5/9] Bölüm: https://diziyiizle4.com/arabalar-yollarda/1-sezon-5-bolum/
📺 Embed URL bulundu: https://vidlax1.xyz/embed/f088c17f04134fc1
🔍 Embed URL kontrol ediliyor: https://vidlax1.xyz/embed/f088c17f04134fc1
📄 Embed sayfa içeriği alındı, boyut: 40093 karakter
🎬 Video Başlığı: Cars on the Road
📝 Video Açıklaması: 1.Sezon 5.Bölüm
🎯 Tam Başlık: Cars on the Road - 1.Sezon 5.Bölüm
🎯 HEX DECODE - m3u8 bulundu: https://vidlax.xyz/upload/181190bd25d9da59474558da15e7a4b24bd4/master.m3u8
      ✅ Cars on the Road - 1.Sezon 5.Bölüm - 1 m3u8
   🔍 [6/9] Bölüm: https://diziyiizle4.com/arabalar-yollarda/1-sezon-6-bolum/
📺 Embed URL bulundu: https://vidlax1.xyz/embed/9c24acfd7ed209bf
🔍 Embed URL kontrol ediliyor: https://vidlax1.xyz/embed/9c24acfd7ed209bf
📄 Embed sayfa içeriği alındı, boyut: 40093 karakter
🎬 Video Başlığı: Cars on the Road
📝 Video Açıklaması: 1.Sezon 6.Bölüm
🎯 Tam Başlık: Cars on the Road - 1.Sezon 6.Bölüm
🎯 HEX DECODE - m3u8 bulundu: https://vidlax.xyz/upload/3b2481adc0588fd3662eeae9fc1c85db5530/master.m3u8
      ✅ Cars on the Road - 1.Sezon 6.Bölüm - 1 m3u8
   🔍 [7/9] Bölüm: https://diziyiizle4.com/arabalar-yollarda/1-sezon-7-bolum/
📺 Embed URL bulundu: https://vidlax1.xyz/embed/9f1e7de16f2e1daa
🔍 Embed URL kontrol ediliyor: https://vidlax1.xyz/embed/9f1e7de16f2e1daa
📄 Embed sayfa içeriği alındı, boyut: 40093 karakter
🎬 Video Başlığı: Cars on the Road
📝 Video Açıklaması: 1.Sezon 7.Bölüm
🎯 Tam Başlık: Cars on the Road - 1.Sezon 7.Bölüm
🎯 HEX DECODE - m3u8 bulundu: https://vidlax.xyz/upload/b5012a72afe702d1369cd648b1c086b87652/master.m3u8
      ✅ Cars on the Road - 1.Sezon 7.Bölüm - 1 m3u8
   🔍 [8/9] Bölüm: https://diziyiizle4.com/arabalar-yollarda/1-sezon-8-bolum/
📺 Embed URL bulundu: https://vidlax1.xyz/embed/de0678b728dc001a
🔍 Embed URL kontrol ediliyor: https://vidlax1.xyz/embed/de0678b728dc001a
📄 Embed sayfa içeriği alındı, boyut: 40093 karakter
🎬 Video Başlığı: Cars on the Road
📝 Video Açıklaması: 1.Sezon 8.Bölüm
🎯 Tam Başlık: Cars on the Road - 1.Sezon 8.Bölüm
🎯 HEX DECODE - m3u8 bulundu: https://vidlax.xyz/upload/c635f10fff9fbdc34903919d44bf973dbc51/master.m3u8
      ✅ Cars on the Road - 1.Sezon 8.Bölüm - 1 m3u8
   🔍 [9/9] Bölüm: https://diziyiizle4.com/arabalar-yollarda/1-sezon-9-bolum/
📺 Embed URL bulundu: https://vidlax1.xyz/embed/ce37475f86e4ed7e
🔍 Embed URL kontrol ediliyor: https://vidlax1.xyz/embed/ce37475f86e4ed7e
📄 Embed sayfa içeriği alındı, boyut: 40093 karakter
🎬 Video Başlığı: Cars on the Road
📝 Video Açıklaması: 1.Sezon 9.Bölüm
🎯 Tam Başlık: Cars on the Road - 1.Sezon 9.Bölüm
🎯 HEX DECODE - m3u8 bulundu: https://vidlax.xyz/upload/b33be59d9c933f67b63ced2f19820960a1d9/master.m3u8
      ✅ Cars on the Road - 1.Sezon 9.Bölüm - 1 m3u8
      📁 Dizi playlist: playlists/arabalar_yollarda_playlist.m3u
   ✅ Dizi tamamlandı: 9 m3u8 eklendi

============================================================
🎬 [34/56] İşleniyor: https://diziyiizle4.com/dizi/dopesick/
📺 Bölüm bulundu: 1. Sezon 1. BölümDublaj08.11.202562 dk. - https://diziyiizle4.com/dopesick/1-sezon-1-bolum/
📺 Bölüm bulundu: 1. Sezon 2. BölümDublaj08.11.202562 dk. - https://diziyiizle4.com/dopesick/1-sezon-2-bolum/
📺 Bölüm bulundu: 1. Sezon 3. BölümDublaj08.11.202557 dk. - https://diziyiizle4.com/dopesick/1-sezon-3-bolum/
📺 Bölüm bulundu: 1. Sezon 4. BölümDublaj08.11.202561 dk. - https://diziyiizle4.com/dopesick/1-sezon-4-bolum/
📺 Bölüm bulundu: 1. Sezon 5. BölümDublaj08.11.202563 dk. - https://diziyiizle4.com/dopesick/1-sezon-5-bolum/
📺 Bölüm bulundu: 1. Sezon 6. BölümDublaj08.11.202560 dk. - https://diziyiizle4.com/dopesick/1-sezon-6-bolum/
📺 Bölüm bulundu: 1. Sezon 7. BölümDublaj08.11.202562 dk. - https://diziyiizle4.com/dopesick/1-sezon-7-bolum/
📺 Bölüm bulundu: 1. Sezon 8. BölümDublaj08.11.202565 dk. - https://diziyiizle4.com/dopesick/1-sezon-8-bolum/

📊 Toplam 8 bölüm bulundu
   🔍 [1/8] Bölüm: https://diziyiizle4.com/dopesick/1-sezon-1-bolum/
📺 Embed URL bulundu: https://vidlax1.xyz/embed/532da17d3c4e36a8
🔍 Embed URL kontrol ediliyor: https://vidlax1.xyz/embed/532da17d3c4e36a8
📄 Embed sayfa içeriği alındı, boyut: 40085 karakter
🎬 Video Başlığı: Dopesick
📝 Video Açıklaması: 1.Sezon 1.Bölüm
🎯 Tam Başlık: Dopesick - 1.Sezon 1.Bölüm
🎯 HEX DECODE - m3u8 bulundu: https://vidlax.xyz/upload/6427af7b8d0d7f7ca5f0ed334214a2eba9a2/master.m3u8
      ✅ Dopesick - 1.Sezon 1.Bölüm - 1 m3u8
   🔍 [2/8] Bölüm: https://diziyiizle4.com/dopesick/1-sezon-2-bolum/
📺 Embed URL bulundu: https://vidlax1.xyz/embed/00396db348d3311b
🔍 Embed URL kontrol ediliyor: https://vidlax1.xyz/embed/00396db348d3311b
📄 Embed sayfa içeriği alındı, boyut: 40085 karakter
🎬 Video Başlığı: Dopesick
📝 Video Açıklaması: 1.Sezon 2.Bölüm
🎯 Tam Başlık: Dopesick - 1.Sezon 2.Bölüm
🎯 HEX DECODE - m3u8 bulundu: https://vidlax.xyz/upload/f2762c6a0f26ef7dc48c02a33b8b029ba911/master.m3u8
      ✅ Dopesick - 1.Sezon 2.Bölüm - 1 m3u8
   🔍 [3/8] Bölüm: https://diziyiizle4.com/dopesick/1-sezon-3-bolum/
📺 Embed URL bulundu: https://vidlax1.xyz/embed/c8d5b00f3bffc808
🔍 Embed URL kontrol ediliyor: https://vidlax1.xyz/embed/c8d5b00f3bffc808
📄 Embed sayfa içeriği alındı, boyut: 40085 karakter
🎬 Video Başlığı: Dopesick
📝 Video Açıklaması: 1.Sezon 3.Bölüm
🎯 Tam Başlık: Dopesick - 1.Sezon 3.Bölüm
🎯 HEX DECODE - m3u8 bulundu: https://vidlax.xyz/upload/3056353d2c0488a0e5a8a32269cf248c173b/master.m3u8
      ✅ Dopesick - 1.Sezon 3.Bölüm - 1 m3u8
   🔍 [4/8] Bölüm: https://diziyiizle4.com/dopesick/1-sezon-4-bolum/
📺 Embed URL bulundu: https://vidlax1.xyz/embed/42d504a09428780a
🔍 Embed URL kontrol ediliyor: https://vidlax1.xyz/embed/42d504a09428780a
📄 Embed sayfa içeriği alındı, boyut: 40085 karakter
🎬 Video Başlığı: Dopesick
📝 Video Açıklaması: 1.Sezon 4.Bölüm
🎯 Tam Başlık: Dopesick - 1.Sezon 4.Bölüm
🎯 HEX DECODE - m3u8 bulundu: https://vidlax.xyz/upload/66337144a4484b0904d0492a91fb1720df05/master.m3u8
      ✅ Dopesick - 1.Sezon 4.Bölüm - 1 m3u8
   🔍 [5/8] Bölüm: https://diziyiizle4.com/dopesick/1-sezon-5-bolum/
📺 Embed URL bulundu: https://vidlax1.xyz/embed/c086fb99bbba03ae
🔍 Embed URL kontrol ediliyor: https://vidlax1.xyz/embed/c086fb99bbba03ae
📄 Embed sayfa içeriği alındı, boyut: 40085 karakter
🎬 Video Başlığı: Dopesick
📝 Video Açıklaması: 1.Sezon 5.Bölüm
🎯 Tam Başlık: Dopesick - 1.Sezon 5.Bölüm
🎯 HEX DECODE - m3u8 bulundu: https://vidlax.xyz/upload/6e525c4ee149ed9c6a725624a509cd88072b/master.m3u8
      ✅ Dopesick - 1.Sezon 5.Bölüm - 1 m3u8
   🔍 [6/8] Bölüm: https://diziyiizle4.com/dopesick/1-sezon-6-bolum/
📺 Embed URL bulundu: https://vidlax1.xyz/embed/63a898a7cdb6406f
🔍 Embed URL kontrol ediliyor: https://vidlax1.xyz/embed/63a898a7cdb6406f
📄 Embed sayfa içeriği alındı, boyut: 40085 karakter
🎬 Video Başlığı: Dopesick
📝 Video Açıklaması: 1.Sezon 6.Bölüm
🎯 Tam Başlık: Dopesick - 1.Sezon 6.Bölüm
🎯 HEX DECODE - m3u8 bulundu: https://vidlax.xyz/upload/c8c16c3ac34ff329d3b9f49f0ebdb8394772/master.m3u8
      ✅ Dopesick - 1.Sezon 6.Bölüm - 1 m3u8
   🔍 [7/8] Bölüm: https://diziyiizle4.com/dopesick/1-sezon-7-bolum/
📺 Embed URL bulundu: https://vidlax1.xyz/embed/4cf6dd2a82090b53
🔍 Embed URL kontrol ediliyor: https://vidlax1.xyz/embed/4cf6dd2a82090b53
📄 Embed sayfa içeriği alındı, boyut: 40085 karakter
🎬 Video Başlığı: Dopesick
📝 Video Açıklaması: 1.Sezon 7.Bölüm
🎯 Tam Başlık: Dopesick - 1.Sezon 7.Bölüm
🎯 HEX DECODE - m3u8 bulundu: https://vidlax.xyz/upload/b681ec19b29cf4e9548d5904af0730973c04/master.m3u8
      ✅ Dopesick - 1.Sezon 7.Bölüm - 1 m3u8
   🔍 [8/8] Bölüm: https://diziyiizle4.com/dopesick/1-sezon-8-bolum/
📺 Embed URL bulundu: https://vidlax1.xyz/embed/38f6ed61afc01435
🔍 Embed URL kontrol ediliyor: https://vidlax1.xyz/embed/38f6ed61afc01435
📄 Embed sayfa içeriği alındı, boyut: 40085 karakter
🎬 Video Başlığı: Dopesick
📝 Video Açıklaması: 1.Sezon 8.Bölüm
🎯 Tam Başlık: Dopesick - 1.Sezon 8.Bölüm
🎯 HEX DECODE - m3u8 bulundu: https://vidlax.xyz/upload/96bbca9831832681a4e5b3c47aadff7c3ea7/master.m3u8
      ✅ Dopesick - 1.Sezon 8.Bölüm - 1 m3u8
      📁 Dizi playlist: playlists/dopesick_playlist.m3u
   ✅ Dizi tamamlandı: 8 m3u8 eklendi

============================================================
🎬 [35/56] İşleniyor: https://diziyiizle4.com/dizi/sulphur-springs-sirlari/
📺 Bölüm bulundu: 1. Sezon 1. BölümDublaj08.11.202528 dk. - https://diziyiizle4.com/sulphur-springs-sirlari/1-sezon-1-bolum/
📺 Bölüm bulundu: 1. Sezon 2. BölümDublaj08.11.202526 dk. - https://diziyiizle4.com/sulphur-springs-sirlari/1-sezon-2-bolum/
📺 Bölüm bulundu: 1. Sezon 3. BölümDublaj08.11.202526 dk. - https://diziyiizle4.com/sulphur-springs-sirlari/1-sezon-3-bolum/
📺 Bölüm bulundu: 1. Sezon 4. BölümDublaj08.11.202527 dk. - https://diziyiizle4.com/sulphur-springs-sirlari/1-sezon-4-bolum/
📺 Bölüm bulundu: 1. Sezon 5. BölümDublaj08.11.202524 dk. - https://diziyiizle4.com/sulphur-springs-sirlari/1-sezon-5-bolum/
📺 Bölüm bulundu: 1. Sezon 6. BölümDublaj08.11.202525 dk. - https://diziyiizle4.com/sulphur-springs-sirlari/1-sezon-6-bolum/
📺 Bölüm bulundu: 1. Sezon 7. BölümDublaj08.11.202526 dk. - https://diziyiizle4.com/sulphur-springs-sirlari/1-sezon-7-bolum/
📺 Bölüm bulundu: 1. Sezon 8. BölümDublaj08.11.202527 dk. - https://diziyiizle4.com/sulphur-springs-sirlari/1-sezon-8-bolum/
📺 Bölüm bulundu: 1. Sezon 9. BölümDublaj08.11.202527 dk. - https://diziyiizle4.com/sulphur-springs-sirlari/1-sezon-9-bolum/
📺 Bölüm bulundu: 1. Sezon 10. BölümDublaj08.11.202528 dk. - https://diziyiizle4.com/sulphur-springs-sirlari/1-sezon-10-bolum/
📺 Bölüm bulundu: 1. Sezon 11. BölümDublaj08.11.202528 dk. - https://diziyiizle4.com/sulphur-springs-sirlari/1-sezon-11-bolum/
📺 Bölüm bulundu: 2. Sezon 1. BölümAltyazılı08.11.202524 dk. - https://diziyiizle4.com/sulphur-springs-sirlari/2-sezon-1-bolum/
📺 Bölüm bulundu: 2. Sezon 2. BölümAltyazılı08.11.202523 dk. - https://diziyiizle4.com/sulphur-springs-sirlari/2-sezon-2-bolum/
📺 Bölüm bulundu: 2. Sezon 3. BölümAltyazılı08.11.202524 dk. - https://diziyiizle4.com/sulphur-springs-sirlari/2-sezon-3-bolum/
📺 Bölüm bulundu: 2. Sezon 4. BölümAltyazılı08.11.202521 dk. - https://diziyiizle4.com/sulphur-springs-sirlari/2-sezon-4-bolum/
📺 Bölüm bulundu: 2. Sezon 5. BölümAltyazılı08.11.202521 dk. - https://diziyiizle4.com/sulphur-springs-sirlari/2-sezon-5-bolum/
📺 Bölüm bulundu: 2. Sezon 6. BölümAltyazılı08.11.202523 dk. - https://diziyiizle4.com/sulphur-springs-sirlari/2-sezon-6-bolum/
📺 Bölüm bulundu: 2. Sezon 7. BölümAltyazılı08.11.202523 dk. - https://diziyiizle4.com/sulphur-springs-sirlari/2-sezon-7-bolum/
📺 Bölüm bulundu: 2. Sezon 8. BölümAltyazılı08.11.202521 dk. - https://diziyiizle4.com/sulphur-springs-sirlari/2-sezon-8-bolum/
📺 Bölüm bulundu: 3. Sezon 1. BölümAltyazılı08.11.202523 dk. - https://diziyiizle4.com/sulphur-springs-sirlari/3-sezon-1-bolum/
📺 Bölüm bulundu: 3. Sezon 2. BölümAltyazılı08.11.202525 dk. - https://diziyiizle4.com/sulphur-springs-sirlari/3-sezon-2-bolum/
📺 Bölüm bulundu: 3. Sezon 3. BölümAltyazılı08.11.202524 dk. - https://diziyiizle4.com/sulphur-springs-sirlari/3-sezon-3-bolum/
📺 Bölüm bulundu: 3. Sezon 4. BölümAltyazılı08.11.202522 dk. - https://diziyiizle4.com/sulphur-springs-sirlari/3-sezon-4-bolum/
📺 Bölüm bulundu: 3. Sezon 5. BölümAltyazılı08.11.202525 dk. - https://diziyiizle4.com/sulphur-springs-sirlari/3-sezon-5-bolum/
📺 Bölüm bulundu: 3. Sezon 6. BölümAltyazılı08.11.202524 dk. - https://diziyiizle4.com/sulphur-springs-sirlari/3-sezon-6-bolum/
📺 Bölüm bulundu: 3. Sezon 7. BölümAltyazılı08.11.202523 dk. - https://diziyiizle4.com/sulphur-springs-sirlari/3-sezon-7-bolum/
📺 Bölüm bulundu: 3. Sezon 8. BölümAltyazılı08.11.202526 dk. - https://diziyiizle4.com/sulphur-springs-sirlari/3-sezon-8-bolum/

📊 Toplam 27 bölüm bulundu
   🔍 [1/27] Bölüm: https://diziyiizle4.com/sulphur-springs-sirlari/1-sezon-1-bolum/
📺 Embed URL bulundu: https://vidlax1.xyz/embed/51da013e81027f84
🔍 Embed URL kontrol ediliyor: https://vidlax1.xyz/embed/51da013e81027f84
📄 Embed sayfa içeriği alındı, boyut: 40103 karakter
🎬 Video Başlığı: Secrets of Sulphur Springs
📝 Video Açıklaması: 1.Sezon 1.Bölüm
🎯 Tam Başlık: Secrets of Sulphur Springs - 1.Sezon 1.Bölüm
🎯 HEX DECODE - m3u8 bulundu: https://vidlax.xyz/upload/0e9d2f50793398b734a303402fc08e51efeb/master.m3u8
      ✅ Secrets of Sulphur Springs - 1.Sezon 1.Bölüm - 1 m3u8
   🔍 [2/27] Bölüm: https://diziyiizle4.com/sulphur-springs-sirlari/1-sezon-2-bolum/
📺 Embed URL bulundu: https://vidlax1.xyz/embed/d0f42cbfed1de65a
🔍 Embed URL kontrol ediliyor: https://vidlax1.xyz/embed/d0f42cbfed1de65a
📄 Embed sayfa içeriği alındı, boyut: 40103 karakter
🎬 Video Başlığı: Secrets of Sulphur Springs
📝 Video Açıklaması: 1.Sezon 2.Bölüm
🎯 Tam Başlık: Secrets of Sulphur Springs - 1.Sezon 2.Bölüm
🎯 HEX DECODE - m3u8 bulundu: https://vidlax.xyz/upload/9483e3f71cadb1d06ea7fb8772e2a7cd5ba8/master.m3u8
      ✅ Secrets of Sulphur Springs - 1.Sezon 2.Bölüm - 1 m3u8
   🔍 [3/27] Bölüm: https://diziyiizle4.com/sulphur-springs-sirlari/1-sezon-3-bolum/
📺 Embed URL bulundu: https://vidlax1.xyz/embed/394c7ebd9a970660
🔍 Embed URL kontrol ediliyor: https://vidlax1.xyz/embed/394c7ebd9a970660
📄 Embed sayfa içeriği alındı, boyut: 40103 karakter
🎬 Video Başlığı: Secrets of Sulphur Springs
📝 Video Açıklaması: 1.Sezon 3.Bölüm
🎯 Tam Başlık: Secrets of Sulphur Springs - 1.Sezon 3.Bölüm
🎯 HEX DECODE - m3u8 bulundu: https://vidlax.xyz/upload/5ba6338bbd5d285ec24a8511f404f0986a70/master.m3u8
      ✅ Secrets of Sulphur Springs - 1.Sezon 3.Bölüm - 1 m3u8
   🔍 [4/27] Bölüm: https://diziyiizle4.com/sulphur-springs-sirlari/1-sezon-4-bolum/
📺 Embed URL bulundu: https://vidlax1.xyz/embed/20de52d6c6ce6485
🔍 Embed URL kontrol ediliyor: https://vidlax1.xyz/embed/20de52d6c6ce6485
📄 Embed sayfa içeriği alındı, boyut: 40103 karakter
🎬 Video Başlığı: Secrets of Sulphur Springs
📝 Video Açıklaması: 1.Sezon 4.Bölüm
🎯 Tam Başlık: Secrets of Sulphur Springs - 1.Sezon 4.Bölüm
🎯 HEX DECODE - m3u8 bulundu: https://vidlax.xyz/upload/5618a2ac2628d1aec197035d808dc1f447e6/master.m3u8
      ✅ Secrets of Sulphur Springs - 1.Sezon 4.Bölüm - 1 m3u8
   🔍 [5/27] Bölüm: https://diziyiizle4.com/sulphur-springs-sirlari/1-sezon-5-bolum/
📺 Embed URL bulundu: https://vidlax1.xyz/embed/481f276a702b1b40
🔍 Embed URL kontrol ediliyor: https://vidlax1.xyz/embed/481f276a702b1b40
📄 Embed sayfa içeriği alındı, boyut: 40103 karakter
🎬 Video Başlığı: Secrets of Sulphur Springs
📝 Video Açıklaması: 1.Sezon 5.Bölüm
🎯 Tam Başlık: Secrets of Sulphur Springs - 1.Sezon 5.Bölüm
🎯 HEX DECODE - m3u8 bulundu: https://vidlax.xyz/upload/3b2d2da09e2ce9516ec5ce945eb18d277882/master.m3u8
      ✅ Secrets of Sulphur Springs - 1.Sezon 5.Bölüm - 1 m3u8
   🔍 [6/27] Bölüm: https://diziyiizle4.com/sulphur-springs-sirlari/1-sezon-6-bolum/
📺 Embed URL bulundu: https://vidlax1.xyz/embed/839b3eed8ba5e4d1
🔍 Embed URL kontrol ediliyor: https://vidlax1.xyz/embed/839b3eed8ba5e4d1
📄 Embed sayfa içeriği alındı, boyut: 40103 karakter
🎬 Video Başlığı: Secrets of Sulphur Springs
📝 Video Açıklaması: 1.Sezon 6.Bölüm
🎯 Tam Başlık: Secrets of Sulphur Springs - 1.Sezon 6.Bölüm
🎯 HEX DECODE - m3u8 bulundu: https://vidlax.xyz/upload/d7101739a079fa6051a94df2a2a0ec6f9d13/master.m3u8
      ✅ Secrets of Sulphur Springs - 1.Sezon 6.Bölüm - 1 m3u8
   🔍 [7/27] Bölüm: https://diziyiizle4.com/sulphur-springs-sirlari/1-sezon-7-bolum/
📺 Embed URL bulundu: https://vidlax1.xyz/embed/fb8b91dd61c82978
🔍 Embed URL kontrol ediliyor: https://vidlax1.xyz/embed/fb8b91dd61c82978
📄 Embed sayfa içeriği alındı, boyut: 40103 karakter
🎬 Video Başlığı: Secrets of Sulphur Springs
📝 Video Açıklaması: 1.Sezon 7.Bölüm
🎯 Tam Başlık: Secrets of Sulphur Springs - 1.Sezon 7.Bölüm
🎯 HEX DECODE - m3u8 bulundu: https://vidlax.xyz/upload/ef80e3342c1f720e418887137f49ee8d7556/master.m3u8
      ✅ Secrets of Sulphur Springs - 1.Sezon 7.Bölüm - 1 m3u8
   🔍 [8/27] Bölüm: https://diziyiizle4.com/sulphur-springs-sirlari/1-sezon-8-bolum/
📺 Embed URL bulundu: https://vidlax1.xyz/embed/6a2e0b07b0c8648d
🔍 Embed URL kontrol ediliyor: https://vidlax1.xyz/embed/6a2e0b07b0c8648d
📄 Embed sayfa içeriği alındı, boyut: 40103 karakter
🎬 Video Başlığı: Secrets of Sulphur Springs
📝 Video Açıklaması: 1.Sezon 8.Bölüm
🎯 Tam Başlık: Secrets of Sulphur Springs - 1.Sezon 8.Bölüm
🎯 HEX DECODE - m3u8 bulundu: https://vidlax.xyz/upload/9102e83f22d77cec9dc0b2a08d068f5b48a0/master.m3u8
      ✅ Secrets of Sulphur Springs - 1.Sezon 8.Bölüm - 1 m3u8
   🔍 [9/27] Bölüm: https://diziyiizle4.com/sulphur-springs-sirlari/1-sezon-9-bolum/
📺 Embed URL bulundu: https://vidlax1.xyz/embed/a9b610204f049a92
🔍 Embed URL kontrol ediliyor: https://vidlax1.xyz/embed/a9b610204f049a92
📄 Embed sayfa içeriği alındı, boyut: 40103 karakter
🎬 Video Başlığı: Secrets of Sulphur Springs
📝 Video Açıklaması: 1.Sezon 9.Bölüm
🎯 Tam Başlık: Secrets of Sulphur Springs - 1.Sezon 9.Bölüm
🎯 HEX DECODE - m3u8 bulundu: https://vidlax.xyz/upload/d673a1ed59a7ed1cd49dde3e0c88148b73b0/master.m3u8
      ✅ Secrets of Sulphur Springs - 1.Sezon 9.Bölüm - 1 m3u8
   🔍 [10/27] Bölüm: https://diziyiizle4.com/sulphur-springs-sirlari/1-sezon-10-bolum/
📺 Embed URL bulundu: https://vidlax1.xyz/embed/55ea4aa84064a83e
🔍 Embed URL kontrol ediliyor: https://vidlax1.xyz/embed/55ea4aa84064a83e
📄 Embed sayfa içeriği alındı, boyut: 40104 karakter
🎬 Video Başlığı: Secrets of Sulphur Springs
📝 Video Açıklaması: 1.Sezon 10.Bölüm
🎯 Tam Başlık: Secrets of Sulphur Springs - 1.Sezon 10.Bölüm
🎯 HEX DECODE - m3u8 bulundu: https://vidlax.xyz/upload/718d7cceb2f1a2a002c1d42b77edc15e282a/master.m3u8
      ✅ Secrets of Sulphur Springs - 1.Sezon 10.Bölüm - 1 m3u8
   🔍 [11/27] Bölüm: https://diziyiizle4.com/sulphur-springs-sirlari/1-sezon-11-bolum/
📺 Embed URL bulundu: https://vidlax1.xyz/embed/1f2e861eaa17616b
🔍 Embed URL kontrol ediliyor: https://vidlax1.xyz/embed/1f2e861eaa17616b
📄 Embed sayfa içeriği alındı, boyut: 40104 karakter
🎬 Video Başlığı: Secrets of Sulphur Springs
📝 Video Açıklaması: 1.Sezon 11.Bölüm
🎯 Tam Başlık: Secrets of Sulphur Springs - 1.Sezon 11.Bölüm
🎯 HEX DECODE - m3u8 bulundu: https://vidlax.xyz/upload/95aca30ffaeaea0f845a4176379ae2f5018b/master.m3u8
      ✅ Secrets of Sulphur Springs - 1.Sezon 11.Bölüm - 1 m3u8
   🔍 [12/27] Bölüm: https://diziyiizle4.com/sulphur-springs-sirlari/2-sezon-1-bolum/

🔍 Vidlax direkt analizi: https://diziyiizle4.com/sulphur-springs-sirlari/2-sezon-1-bolum/
📄 Sayfa içeriği alındı: 124044 karakter
🎬 Video Başlığı: Bilinmiyor
📝 Video Açıklaması: Sulphur Springs Sırları - 2. Sezon 1. Bölüm online izle. HD kalitede dizi bölümü.
❌ m3u8 URL'si bulunamadı
      ❌ m3u8 bulunamadı
   🔍 [13/27] Bölüm: https://diziyiizle4.com/sulphur-springs-sirlari/2-sezon-2-bolum/

🔍 Vidlax direkt analizi: https://diziyiizle4.com/sulphur-springs-sirlari/2-sezon-2-bolum/
📄 Sayfa içeriği alındı: 124041 karakter
🎬 Video Başlığı: Bilinmiyor
📝 Video Açıklaması: Sulphur Springs Sırları - 2. Sezon 2. Bölüm online izle. HD kalitede dizi bölümü.
❌ m3u8 URL'si bulunamadı
      ❌ m3u8 bulunamadı
   🔍 [14/27] Bölüm: https://diziyiizle4.com/sulphur-springs-sirlari/2-sezon-3-bolum/

🔍 Vidlax direkt analizi: https://diziyiizle4.com/sulphur-springs-sirlari/2-sezon-3-bolum/
📄 Sayfa içeriği alındı: 124043 karakter
🎬 Video Başlığı: Bilinmiyor
📝 Video Açıklaması: Sulphur Springs Sırları - 2. Sezon 3. Bölüm online izle. HD kalitede dizi bölümü.
❌ m3u8 URL'si bulunamadı
      ❌ m3u8 bulunamadı
   🔍 [15/27] Bölüm: https://diziyiizle4.com/sulphur-springs-sirlari/2-sezon-4-bolum/

🔍 Vidlax direkt analizi: https://diziyiizle4.com/sulphur-springs-sirlari/2-sezon-4-bolum/
📄 Sayfa içeriği alındı: 124040 karakter
🎬 Video Başlığı: Bilinmiyor
📝 Video Açıklaması: Sulphur Springs Sırları - 2. Sezon 4. Bölüm online izle. HD kalitede dizi bölümü.
❌ m3u8 URL'si bulunamadı
      ❌ m3u8 bulunamadı
   🔍 [16/27] Bölüm: https://diziyiizle4.com/sulphur-springs-sirlari/2-sezon-5-bolum/

🔍 Vidlax direkt analizi: https://diziyiizle4.com/sulphur-springs-sirlari/2-sezon-5-bolum/
📄 Sayfa içeriği alındı: 124044 karakter
🎬 Video Başlığı: Bilinmiyor
📝 Video Açıklaması: Sulphur Springs Sırları - 2. Sezon 5. Bölüm online izle. HD kalitede dizi bölümü.
❌ m3u8 URL'si bulunamadı
      ❌ m3u8 bulunamadı
   🔍 [17/27] Bölüm: https://diziyiizle4.com/sulphur-springs-sirlari/2-sezon-6-bolum/

🔍 Vidlax direkt analizi: https://diziyiizle4.com/sulphur-springs-sirlari/2-sezon-6-bolum/
📄 Sayfa içeriği alındı: 124043 karakter
🎬 Video Başlığı: Bilinmiyor
📝 Video Açıklaması: Sulphur Springs Sırları - 2. Sezon 6. Bölüm online izle. HD kalitede dizi bölümü.
❌ m3u8 URL'si bulunamadı
      ❌ m3u8 bulunamadı
   🔍 [18/27] Bölüm: https://diziyiizle4.com/sulphur-springs-sirlari/2-sezon-7-bolum/

🔍 Vidlax direkt analizi: https://diziyiizle4.com/sulphur-springs-sirlari/2-sezon-7-bolum/
📄 Sayfa içeriği alındı: 124040 karakter
🎬 Video Başlığı: Bilinmiyor
📝 Video Açıklaması: Sulphur Springs Sırları - 2. Sezon 7. Bölüm online izle. HD kalitede dizi bölümü.
❌ m3u8 URL'si bulunamadı
      ❌ m3u8 bulunamadı
   🔍 [19/27] Bölüm: https://diziyiizle4.com/sulphur-springs-sirlari/2-sezon-8-bolum/

🔍 Vidlax direkt analizi: https://diziyiizle4.com/sulphur-springs-sirlari/2-sezon-8-bolum/
📄 Sayfa içeriği alındı: 124041 karakter
🎬 Video Başlığı: Bilinmiyor
📝 Video Açıklaması: Sulphur Springs Sırları - 2. Sezon 8. Bölüm online izle. HD kalitede dizi bölümü.
❌ m3u8 URL'si bulunamadı
      ❌ m3u8 bulunamadı
   🔍 [20/27] Bölüm: https://diziyiizle4.com/sulphur-springs-sirlari/3-sezon-1-bolum/

🔍 Vidlax direkt analizi: https://diziyiizle4.com/sulphur-springs-sirlari/3-sezon-1-bolum/
📄 Sayfa içeriği alındı: 124039 karakter
🎬 Video Başlığı: Bilinmiyor
📝 Video Açıklaması: Sulphur Springs Sırları - 3. Sezon 1. Bölüm online izle. HD kalitede dizi bölümü.
❌ m3u8 URL'si bulunamadı
      ❌ m3u8 bulunamadı
   🔍 [21/27] Bölüm: https://diziyiizle4.com/sulphur-springs-sirlari/3-sezon-2-bolum/

🔍 Vidlax direkt analizi: https://diziyiizle4.com/sulphur-springs-sirlari/3-sezon-2-bolum/
📄 Sayfa içeriği alındı: 124041 karakter
🎬 Video Başlığı: Bilinmiyor
📝 Video Açıklaması: Sulphur Springs Sırları - 3. Sezon 2. Bölüm online izle. HD kalitede dizi bölümü.
❌ m3u8 URL'si bulunamadı
      ❌ m3u8 bulunamadı
   🔍 [22/27] Bölüm: https://diziyiizle4.com/sulphur-springs-sirlari/3-sezon-3-bolum/

🔍 Vidlax direkt analizi: https://diziyiizle4.com/sulphur-springs-sirlari/3-sezon-3-bolum/
📄 Sayfa içeriği alındı: 124041 karakter
🎬 Video Başlığı: Bilinmiyor
📝 Video Açıklaması: Sulphur Springs Sırları - 3. Sezon 3. Bölüm online izle. HD kalitede dizi bölümü.
❌ m3u8 URL'si bulunamadı
      ❌ m3u8 bulunamadı
   🔍 [23/27] Bölüm: https://diziyiizle4.com/sulphur-springs-sirlari/3-sezon-4-bolum/

🔍 Vidlax direkt analizi: https://diziyiizle4.com/sulphur-springs-sirlari/3-sezon-4-bolum/
📄 Sayfa içeriği alındı: 124044 karakter
🎬 Video Başlığı: Bilinmiyor
📝 Video Açıklaması: Sulphur Springs Sırları - 3. Sezon 4. Bölüm online izle. HD kalitede dizi bölümü.
❌ m3u8 URL'si bulunamadı
      ❌ m3u8 bulunamadı
   🔍 [24/27] Bölüm: https://diziyiizle4.com/sulphur-springs-sirlari/3-sezon-5-bolum/

🔍 Vidlax direkt analizi: https://diziyiizle4.com/sulphur-springs-sirlari/3-sezon-5-bolum/
📄 Sayfa içeriği alındı: 124044 karakter
🎬 Video Başlığı: Bilinmiyor
📝 Video Açıklaması: Sulphur Springs Sırları - 3. Sezon 5. Bölüm online izle. HD kalitede dizi bölümü.
❌ m3u8 URL'si bulunamadı
      ❌ m3u8 bulunamadı
   🔍 [25/27] Bölüm: https://diziyiizle4.com/sulphur-springs-sirlari/3-sezon-6-bolum/

🔍 Vidlax direkt analizi: https://diziyiizle4.com/sulphur-springs-sirlari/3-sezon-6-bolum/
📄 Sayfa içeriği alındı: 124043 karakter
🎬 Video Başlığı: Bilinmiyor
📝 Video Açıklaması: Sulphur Springs Sırları - 3. Sezon 6. Bölüm online izle. HD kalitede dizi bölümü.
❌ m3u8 URL'si bulunamadı
      ❌ m3u8 bulunamadı
   🔍 [26/27] Bölüm: https://diziyiizle4.com/sulphur-springs-sirlari/3-sezon-7-bolum/

🔍 Vidlax direkt analizi: https://diziyiizle4.com/sulphur-springs-sirlari/3-sezon-7-bolum/
📄 Sayfa içeriği alındı: 124044 karakter
🎬 Video Başlığı: Bilinmiyor
📝 Video Açıklaması: Sulphur Springs Sırları - 3. Sezon 7. Bölüm online izle. HD kalitede dizi bölümü.
❌ m3u8 URL'si bulunamadı
      ❌ m3u8 bulunamadı
   🔍 [27/27] Bölüm: https://diziyiizle4.com/sulphur-springs-sirlari/3-sezon-8-bolum/

🔍 Vidlax direkt analizi: https://diziyiizle4.com/sulphur-springs-sirlari/3-sezon-8-bolum/
📄 Sayfa içeriği alındı: 123378 karakter
🎬 Video Başlığı: Bilinmiyor
📝 Video Açıklaması: Sulphur Springs Sırları - 3. Sezon 8. Bölüm online izle. HD kalitede dizi bölümü.
❌ m3u8 URL'si bulunamadı
      ❌ m3u8 bulunamadı
      📁 Dizi playlist: playlists/sulphur_springs_sirlari_playlist.m3u
   ✅ Dizi tamamlandı: 11 m3u8 eklendi

============================================================
🎬 [36/56] İşleniyor: https://diziyiizle4.com/dizi/under-the-banner-of-heaven/
📺 Bölüm bulundu: 1. Sezon 1. BölümDublaj08.11.202565 dk. - https://diziyiizle4.com/under-the-banner-of-heaven/1-sezon-1-bolum/
📺 Bölüm bulundu: 1. Sezon 2. BölümDublaj08.11.202561 dk. - https://diziyiizle4.com/under-the-banner-of-heaven/1-sezon-2-bolum/
📺 Bölüm bulundu: 1. Sezon 3. BölümDublaj08.11.202561 dk. - https://diziyiizle4.com/under-the-banner-of-heaven/1-sezon-3-bolum/
📺 Bölüm bulundu: 1. Sezon 4. BölümDublaj08.11.202561 dk. - https://diziyiizle4.com/under-the-banner-of-heaven/1-sezon-4-bolum/
📺 Bölüm bulundu: 1. Sezon 5. BölümDublaj08.11.202561 dk. - https://diziyiizle4.com/under-the-banner-of-heaven/1-sezon-5-bolum/
📺 Bölüm bulundu: 1. Sezon 6. BölümDublaj08.11.202561 dk. - https://diziyiizle4.com/under-the-banner-of-heaven/1-sezon-6-bolum/
📺 Bölüm bulundu: 1. Sezon 7. BölümDublaj08.11.202585 dk. - https://diziyiizle4.com/under-the-banner-of-heaven/1-sezon-7-bolum/

📊 Toplam 7 bölüm bulundu
   🔍 [1/7] Bölüm: https://diziyiizle4.com/under-the-banner-of-heaven/1-sezon-1-bolum/
📺 Embed URL bulundu: https://vidlax1.xyz/embed/16c688d47705da2b
🔍 Embed URL kontrol ediliyor: https://vidlax1.xyz/embed/16c688d47705da2b
📄 Embed sayfa içeriği alındı, boyut: 40103 karakter
🎬 Video Başlığı: Under the Banner of Heaven
📝 Video Açıklaması: 1.Sezon 1.Bölüm
🎯 Tam Başlık: Under the Banner of Heaven - 1.Sezon 1.Bölüm
🎯 HEX DECODE - m3u8 bulundu: https://vidlax.xyz/upload/b919947c370dc9cbbe2693ad32e60c5db25b/master.m3u8
      ✅ Under the Banner of Heaven - 1.Sezon 1.Bölüm - 1 m3u8
   🔍 [2/7] Bölüm: https://diziyiizle4.com/under-the-banner-of-heaven/1-sezon-2-bolum/
📺 Embed URL bulundu: https://vidlax1.xyz/embed/bd479861b11e81b8
🔍 Embed URL kontrol ediliyor: https://vidlax1.xyz/embed/bd479861b11e81b8
📄 Embed sayfa içeriği alındı, boyut: 40103 karakter
🎬 Video Başlığı: Under the Banner of Heaven
📝 Video Açıklaması: 1.Sezon 2.Bölüm
🎯 Tam Başlık: Under the Banner of Heaven - 1.Sezon 2.Bölüm
🎯 HEX DECODE - m3u8 bulundu: https://vidlax.xyz/upload/29e55c5f863fe94003f17f8fae176d724c79/master.m3u8
      ✅ Under the Banner of Heaven - 1.Sezon 2.Bölüm - 1 m3u8
   🔍 [3/7] Bölüm: https://diziyiizle4.com/under-the-banner-of-heaven/1-sezon-3-bolum/
📺 Embed URL bulundu: https://vidlax1.xyz/embed/2015a45a71a7526d
🔍 Embed URL kontrol ediliyor: https://vidlax1.xyz/embed/2015a45a71a7526d
📄 Embed sayfa içeriği alındı, boyut: 40103 karakter
🎬 Video Başlığı: Under the Banner of Heaven
📝 Video Açıklaması: 1.Sezon 3.Bölüm
🎯 Tam Başlık: Under the Banner of Heaven - 1.Sezon 3.Bölüm
🎯 HEX DECODE - m3u8 bulundu: https://vidlax.xyz/upload/98f37bd70551217551f8ef28db13b3d66ba4/master.m3u8
      ✅ Under the Banner of Heaven - 1.Sezon 3.Bölüm - 1 m3u8
   🔍 [4/7] Bölüm: https://diziyiizle4.com/under-the-banner-of-heaven/1-sezon-4-bolum/
📺 Embed URL bulundu: https://vidlax1.xyz/embed/462b612563c19c25
🔍 Embed URL kontrol ediliyor: https://vidlax1.xyz/embed/462b612563c19c25
📄 Embed sayfa içeriği alındı, boyut: 40103 karakter
🎬 Video Başlığı: Under the Banner of Heaven
📝 Video Açıklaması: 1.Sezon 4.Bölüm
🎯 Tam Başlık: Under the Banner of Heaven - 1.Sezon 4.Bölüm
🎯 HEX DECODE - m3u8 bulundu: https://vidlax.xyz/upload/4fed190dda89d496d785500aa97ef748fb09/master.m3u8
      ✅ Under the Banner of Heaven - 1.Sezon 4.Bölüm - 1 m3u8
   🔍 [5/7] Bölüm: https://diziyiizle4.com/under-the-banner-of-heaven/1-sezon-5-bolum/
📺 Embed URL bulundu: https://vidlax1.xyz/embed/2907457dd043e654
🔍 Embed URL kontrol ediliyor: https://vidlax1.xyz/embed/2907457dd043e654
📄 Embed sayfa içeriği alındı, boyut: 40103 karakter
🎬 Video Başlığı: Under the Banner of Heaven
📝 Video Açıklaması: 1.Sezon 5.Bölüm
🎯 Tam Başlık: Under the Banner of Heaven - 1.Sezon 5.Bölüm
🎯 HEX DECODE - m3u8 bulundu: https://vidlax.xyz/upload/4af4d51e97e9ecd5d7d58f1b215a9afb1b0e/master.m3u8
      ✅ Under the Banner of Heaven - 1.Sezon 5.Bölüm - 1 m3u8
   🔍 [6/7] Bölüm: https://diziyiizle4.com/under-the-banner-of-heaven/1-sezon-6-bolum/
📺 Embed URL bulundu: https://vidlax1.xyz/embed/70feff9f94125837
🔍 Embed URL kontrol ediliyor: https://vidlax1.xyz/embed/70feff9f94125837
📄 Embed sayfa içeriği alındı, boyut: 40103 karakter
🎬 Video Başlığı: Under the Banner of Heaven
📝 Video Açıklaması: 1.Sezon 6.Bölüm
🎯 Tam Başlık: Under the Banner of Heaven - 1.Sezon 6.Bölüm
🎯 HEX DECODE - m3u8 bulundu: https://vidlax.xyz/upload/b89673c1bd876c4666e95063dca1949456b3/master.m3u8
      ✅ Under the Banner of Heaven - 1.Sezon 6.Bölüm - 1 m3u8
   🔍 [7/7] Bölüm: https://diziyiizle4.com/under-the-banner-of-heaven/1-sezon-7-bolum/
📺 Embed URL bulundu: https://vidlax1.xyz/embed/59017bacd95bbd43
🔍 Embed URL kontrol ediliyor: https://vidlax1.xyz/embed/59017bacd95bbd43
📄 Embed sayfa içeriği alındı, boyut: 40103 karakter
🎬 Video Başlığı: Under the Banner of Heaven
📝 Video Açıklaması: 1.Sezon 7.Bölüm
🎯 Tam Başlık: Under the Banner of Heaven - 1.Sezon 7.Bölüm
🎯 HEX DECODE - m3u8 bulundu: https://vidlax.xyz/upload/438380db9d0a4916c0b7cb698faf3fc976b7/master.m3u8
      ✅ Under the Banner of Heaven - 1.Sezon 7.Bölüm - 1 m3u8
      📁 Dizi playlist: playlists/under_the_banner_of_heaven_playlist.m3u
   ✅ Dizi tamamlandı: 7 m3u8 eklendi

============================================================
🎬 [37/56] İşleniyor: https://diziyiizle4.com/dizi/tatsuki-fujimoto-17-26/
📺 Bölüm bulundu: 1. Sezon 1. BölümDublaj07.11.202520 dk. - https://diziyiizle4.com/tatsuki-fujimoto-17-26/1-sezon-1-bolum/
📺 Bölüm bulundu: 1. Sezon 2. BölümDublaj07.11.202518 dk. - https://diziyiizle4.com/tatsuki-fujimoto-17-26/1-sezon-2-bolum/
📺 Bölüm bulundu: 1. Sezon 3. BölümDublaj07.11.202514 dk. - https://diziyiizle4.com/tatsuki-fujimoto-17-26/1-sezon-3-bolum/
📺 Bölüm bulundu: 1. Sezon 4. BölümDublaj07.11.202518 dk. - https://diziyiizle4.com/tatsuki-fujimoto-17-26/1-sezon-4-bolum/
📺 Bölüm bulundu: 1. Sezon 5. BölümDublaj07.11.202523 dk. - https://diziyiizle4.com/tatsuki-fujimoto-17-26/1-sezon-5-bolum/
📺 Bölüm bulundu: 1. Sezon 6. BölümDublaj07.11.202513 dk. - https://diziyiizle4.com/tatsuki-fujimoto-17-26/1-sezon-6-bolum/
📺 Bölüm bulundu: 1. Sezon 7. BölümDublaj07.11.202522 dk. - https://diziyiizle4.com/tatsuki-fujimoto-17-26/1-sezon-7-bolum/
📺 Bölüm bulundu: 1. Sezon 8. BölümDublaj07.11.202519 dk. - https://diziyiizle4.com/tatsuki-fujimoto-17-26/1-sezon-8-bolum/

📊 Toplam 8 bölüm bulundu
   🔍 [1/8] Bölüm: https://diziyiizle4.com/tatsuki-fujimoto-17-26/1-sezon-1-bolum/
📺 Embed URL bulundu: https://vidlax1.xyz/embed/33bb870eda05b691
🔍 Embed URL kontrol ediliyor: https://vidlax1.xyz/embed/33bb870eda05b691
📄 Embed sayfa içeriği alındı, boyut: 42848 karakter
🎬 Video Başlığı: Tatsuki Fujimoto 17-26
📝 Video Açıklaması: 1.Sezon 1.Bölüm
🎯 Tam Başlık: Tatsuki Fujimoto 17-26 - 1.Sezon 1.Bölüm
🎯 HEX DECODE - m3u8 bulundu: https://vidlax.xyz/upload/52ddadfea6b57e9f6b34ae032c06419374e1/master.m3u8
      ✅ Tatsuki Fujimoto 17-26 - 1.Sezon 1.Bölüm - 1 m3u8
   🔍 [2/8] Bölüm: https://diziyiizle4.com/tatsuki-fujimoto-17-26/1-sezon-2-bolum/
📺 Embed URL bulundu: https://vidlax1.xyz/embed/b487804bc3638023
🔍 Embed URL kontrol ediliyor: https://vidlax1.xyz/embed/b487804bc3638023
📄 Embed sayfa içeriği alındı, boyut: 43984 karakter
🎬 Video Başlığı: Tatsuki Fujimoto 17-26
📝 Video Açıklaması: 1.Sezon 2.Bölüm
🎯 Tam Başlık: Tatsuki Fujimoto 17-26 - 1.Sezon 2.Bölüm
🎯 HEX DECODE - m3u8 bulundu: https://vidlax.xyz/upload/186807bc3217ffd5ca309b50ef1ccbb96a06/master.m3u8
      ✅ Tatsuki Fujimoto 17-26 - 1.Sezon 2.Bölüm - 1 m3u8
   🔍 [3/8] Bölüm: https://diziyiizle4.com/tatsuki-fujimoto-17-26/1-sezon-3-bolum/
📺 Embed URL bulundu: https://vidlax1.xyz/embed/47bc862a159c5a6f
🔍 Embed URL kontrol ediliyor: https://vidlax1.xyz/embed/47bc862a159c5a6f
📄 Embed sayfa içeriği alındı, boyut: 43984 karakter
🎬 Video Başlığı: Tatsuki Fujimoto 17-26
📝 Video Açıklaması: 1.Sezon 3.Bölüm
🎯 Tam Başlık: Tatsuki Fujimoto 17-26 - 1.Sezon 3.Bölüm
🎯 HEX DECODE - m3u8 bulundu: https://vidlax.xyz/upload/c5c3ff74286092b0b026814cd6efd9cbee46/master.m3u8
      ✅ Tatsuki Fujimoto 17-26 - 1.Sezon 3.Bölüm - 1 m3u8
   🔍 [4/8] Bölüm: https://diziyiizle4.com/tatsuki-fujimoto-17-26/1-sezon-4-bolum/
📺 Embed URL bulundu: https://vidlax1.xyz/embed/864321389c8cb8be
🔍 Embed URL kontrol ediliyor: https://vidlax1.xyz/embed/864321389c8cb8be
📄 Embed sayfa içeriği alındı, boyut: 42812 karakter
🎬 Video Başlığı: Tatsuki Fujimoto 17-26
📝 Video Açıklaması: 1.Sezon 4.Bölüm
🎯 Tam Başlık: Tatsuki Fujimoto 17-26 - 1.Sezon 4.Bölüm
🎯 HEX DECODE - m3u8 bulundu: https://vidlax.xyz/upload/3852b85da32fc1d16a9eecefe7cda68cb6e7/master.m3u8
      ✅ Tatsuki Fujimoto 17-26 - 1.Sezon 4.Bölüm - 1 m3u8
   🔍 [5/8] Bölüm: https://diziyiizle4.com/tatsuki-fujimoto-17-26/1-sezon-5-bolum/
📺 Embed URL bulundu: https://vidlax1.xyz/embed/c865993f4568a611
🔍 Embed URL kontrol ediliyor: https://vidlax1.xyz/embed/c865993f4568a611
📄 Embed sayfa içeriği alındı, boyut: 42846 karakter
🎬 Video Başlığı: Tatsuki Fujimoto 17-26
📝 Video Açıklaması: 1.Sezon 5.Bölüm
🎯 Tam Başlık: Tatsuki Fujimoto 17-26 - 1.Sezon 5.Bölüm
🎯 HEX DECODE - m3u8 bulundu: https://vidlax.xyz/upload/724c6b24c86586fc072a7a6fdfc42428544a/master.m3u8
      ✅ Tatsuki Fujimoto 17-26 - 1.Sezon 5.Bölüm - 1 m3u8
   🔍 [6/8] Bölüm: https://diziyiizle4.com/tatsuki-fujimoto-17-26/1-sezon-6-bolum/
📺 Embed URL bulundu: https://vidlax1.xyz/embed/f739d0249289a4bb
🔍 Embed URL kontrol ediliyor: https://vidlax1.xyz/embed/f739d0249289a4bb
📄 Embed sayfa içeriği alındı, boyut: 42812 karakter
🎬 Video Başlığı: Tatsuki Fujimoto 17-26
📝 Video Açıklaması: 1.Sezon 6.Bölüm
🎯 Tam Başlık: Tatsuki Fujimoto 17-26 - 1.Sezon 6.Bölüm
🎯 HEX DECODE - m3u8 bulundu: https://vidlax.xyz/upload/7cd9f19141b422a499dbe348ce06d8a3b0b2/master.m3u8
      ✅ Tatsuki Fujimoto 17-26 - 1.Sezon 6.Bölüm - 1 m3u8
   🔍 [7/8] Bölüm: https://diziyiizle4.com/tatsuki-fujimoto-17-26/1-sezon-7-bolum/
📺 Embed URL bulundu: https://vidlax1.xyz/embed/4de4cf9dea279bd9
🔍 Embed URL kontrol ediliyor: https://vidlax1.xyz/embed/4de4cf9dea279bd9
📄 Embed sayfa içeriği alındı, boyut: 42846 karakter
🎬 Video Başlığı: Tatsuki Fujimoto 17-26
📝 Video Açıklaması: 1.Sezon 7.Bölüm
🎯 Tam Başlık: Tatsuki Fujimoto 17-26 - 1.Sezon 7.Bölüm
🎯 HEX DECODE - m3u8 bulundu: https://vidlax.xyz/upload/81ba690445e4ed979c54302568f3dce3e988/master.m3u8
      ✅ Tatsuki Fujimoto 17-26 - 1.Sezon 7.Bölüm - 1 m3u8
   🔍 [8/8] Bölüm: https://diziyiizle4.com/tatsuki-fujimoto-17-26/1-sezon-8-bolum/
📺 Embed URL bulundu: https://vidlax1.xyz/embed/7b2ac66cc425750e
🔍 Embed URL kontrol ediliyor: https://vidlax1.xyz/embed/7b2ac66cc425750e
📄 Embed sayfa içeriği alındı, boyut: 42833 karakter
🎬 Video Başlığı: Tatsuki Fujimoto 17-26
📝 Video Açıklaması: 1.Sezon 8.Bölüm
🎯 Tam Başlık: Tatsuki Fujimoto 17-26 - 1.Sezon 8.Bölüm
🎯 HEX DECODE - m3u8 bulundu: https://vidlax.xyz/upload/bbd2fadc7d128c145001f7e6fc439d183fd6/master.m3u8
      ✅ Tatsuki Fujimoto 17-26 - 1.Sezon 8.Bölüm - 1 m3u8
      📁 Dizi playlist: playlists/tatsuki_fujimoto_17_26_playlist.m3u
   ✅ Dizi tamamlandı: 8 m3u8 eklendi

============================================================
🎬 [38/56] İşleniyor: https://diziyiizle4.com/dizi/buyuk-tikinma/
📺 Bölüm bulundu: 1. Sezon 1. BölümAltyazılı07.11.2025 - https://diziyiizle4.com/buyuk-tikinma/1-sezon-1-bolum/
📺 Bölüm bulundu: 1. Sezon 2. BölümAltyazılı07.11.2025 - https://diziyiizle4.com/buyuk-tikinma/1-sezon-2-bolum/
📺 Bölüm bulundu: 1. Sezon 3. BölümAltyazılı07.11.2025 - https://diziyiizle4.com/buyuk-tikinma/1-sezon-3-bolum/
📺 Bölüm bulundu: 1. Sezon 4. BölümAltyazılı07.11.2025 - https://diziyiizle4.com/buyuk-tikinma/1-sezon-4-bolum/
📺 Bölüm bulundu: 1. Sezon 5. BölümAltyazılı07.11.2025 - https://diziyiizle4.com/buyuk-tikinma/1-sezon-5-bolum/
📺 Bölüm bulundu: 1. Sezon 6. BölümAltyazılı07.11.2025 - https://diziyiizle4.com/buyuk-tikinma/1-sezon-6-bolum/
📺 Bölüm bulundu: 1. Sezon 7. BölümAltyazılı07.11.2025 - https://diziyiizle4.com/buyuk-tikinma/1-sezon-7-bolum/
📺 Bölüm bulundu: 1. Sezon 8. BölümAltyazılı07.11.2025 - https://diziyiizle4.com/buyuk-tikinma/1-sezon-8-bolum/
📺 Bölüm bulundu: 2. Sezon 1. BölümAltyazılı07.11.2025 - https://diziyiizle4.com/buyuk-tikinma/2-sezon-1-bolum/
📺 Bölüm bulundu: 2. Sezon 2. BölümAltyazılı07.11.2025 - https://diziyiizle4.com/buyuk-tikinma/2-sezon-2-bolum/
📺 Bölüm bulundu: 2. Sezon 3. BölümAltyazılı07.11.2025 - https://diziyiizle4.com/buyuk-tikinma/2-sezon-3-bolum/
📺 Bölüm bulundu: 2. Sezon 4. BölümAltyazılı07.11.2025 - https://diziyiizle4.com/buyuk-tikinma/2-sezon-4-bolum/
📺 Bölüm bulundu: 2. Sezon 5. BölümAltyazılı07.11.2025 - https://diziyiizle4.com/buyuk-tikinma/2-sezon-5-bolum/
📺 Bölüm bulundu: 2. Sezon 6. BölümAltyazılı07.11.2025 - https://diziyiizle4.com/buyuk-tikinma/2-sezon-6-bolum/
📺 Bölüm bulundu: 2. Sezon 7. BölümAltyazılı07.11.2025 - https://diziyiizle4.com/buyuk-tikinma/2-sezon-7-bolum/
📺 Bölüm bulundu: 2. Sezon 8. BölümAltyazılı07.11.2025 - https://diziyiizle4.com/buyuk-tikinma/2-sezon-8-bolum/
📺 Bölüm bulundu: 3. Sezon 1. BölümAltyazılı07.11.2025 - https://diziyiizle4.com/buyuk-tikinma/3-sezon-1-bolum/
📺 Bölüm bulundu: 3. Sezon 2. BölümAltyazılı07.11.2025 - https://diziyiizle4.com/buyuk-tikinma/3-sezon-2-bolum/
📺 Bölüm bulundu: 3. Sezon 3. BölümAltyazılı07.11.2025 - https://diziyiizle4.com/buyuk-tikinma/3-sezon-3-bolum/
📺 Bölüm bulundu: 3. Sezon 4. BölümAltyazılı07.11.2025 - https://diziyiizle4.com/buyuk-tikinma/3-sezon-4-bolum/
📺 Bölüm bulundu: 3. Sezon 5. BölümAltyazılı07.11.2025 - https://diziyiizle4.com/buyuk-tikinma/3-sezon-5-bolum/

📊 Toplam 21 bölüm bulundu
   🔍 [1/21] Bölüm: https://diziyiizle4.com/buyuk-tikinma/1-sezon-1-bolum/
📺 Embed URL bulundu: https://vidlax1.xyz/embed/ce2bd4d00fecea16
🔍 Embed URL kontrol ediliyor: https://vidlax1.xyz/embed/ce2bd4d00fecea16
📄 Embed sayfa içeriği alındı, boyut: 40262 karakter
🎬 Video Başlığı: Büyük Tıkınma
📝 Video Açıklaması: 1.Sezon 1.Bölüm
🎯 Tam Başlık: Büyük Tıkınma - 1.Sezon 1.Bölüm
🎯 HEX DECODE - m3u8 bulundu: https://vidlax.xyz/upload/c6d9588dd7aedcc34276c409dc881b1aad90/master.m3u8
      ✅ Büyük Tıkınma - 1.Sezon 1.Bölüm - 1 m3u8
   🔍 [2/21] Bölüm: https://diziyiizle4.com/buyuk-tikinma/1-sezon-2-bolum/
📺 Embed URL bulundu: https://vidlax1.xyz/embed/c707d3d5cf7203a5
🔍 Embed URL kontrol ediliyor: https://vidlax1.xyz/embed/c707d3d5cf7203a5
📄 Embed sayfa içeriği alındı, boyut: 40262 karakter
🎬 Video Başlığı: Büyük Tıkınma
📝 Video Açıklaması: 1.Sezon 2.Bölüm
🎯 Tam Başlık: Büyük Tıkınma - 1.Sezon 2.Bölüm
🎯 HEX DECODE - m3u8 bulundu: https://vidlax.xyz/upload/2a6fa6047417d0207d0cb0d38e07e7fef149/master.m3u8
      ✅ Büyük Tıkınma - 1.Sezon 2.Bölüm - 1 m3u8
   🔍 [3/21] Bölüm: https://diziyiizle4.com/buyuk-tikinma/1-sezon-3-bolum/
📺 Embed URL bulundu: https://vidlax1.xyz/embed/e80ce478a1f3875f
🔍 Embed URL kontrol ediliyor: https://vidlax1.xyz/embed/e80ce478a1f3875f
📄 Embed sayfa içeriği alındı, boyut: 40262 karakter
🎬 Video Başlığı: Büyük Tıkınma
📝 Video Açıklaması: 1.Sezon 3.Bölüm
🎯 Tam Başlık: Büyük Tıkınma - 1.Sezon 3.Bölüm
🎯 HEX DECODE - m3u8 bulundu: https://vidlax.xyz/upload/38113a28d4d9d87c6fe1b09069620b18e7a8/master.m3u8
      ✅ Büyük Tıkınma - 1.Sezon 3.Bölüm - 1 m3u8
   🔍 [4/21] Bölüm: https://diziyiizle4.com/buyuk-tikinma/1-sezon-4-bolum/
📺 Embed URL bulundu: https://vidlax1.xyz/embed/83740b66906f9d0d
🔍 Embed URL kontrol ediliyor: https://vidlax1.xyz/embed/83740b66906f9d0d
📄 Embed sayfa içeriği alındı, boyut: 40262 karakter
🎬 Video Başlığı: Büyük Tıkınma
📝 Video Açıklaması: 1.Sezon 4.Bölüm
🎯 Tam Başlık: Büyük Tıkınma - 1.Sezon 4.Bölüm
🎯 HEX DECODE - m3u8 bulundu: https://vidlax.xyz/upload/8a398c5f56b364ae3473c00afb08ee172f8b/master.m3u8
      ✅ Büyük Tıkınma - 1.Sezon 4.Bölüm - 1 m3u8
   🔍 [5/21] Bölüm: https://diziyiizle4.com/buyuk-tikinma/1-sezon-5-bolum/
📺 Embed URL bulundu: https://vidlax1.xyz/embed/2d7e94642506ceac
🔍 Embed URL kontrol ediliyor: https://vidlax1.xyz/embed/2d7e94642506ceac
📄 Embed sayfa içeriği alındı, boyut: 40262 karakter
🎬 Video Başlığı: Büyük Tıkınma
📝 Video Açıklaması: 1.Sezon 5.Bölüm
🎯 Tam Başlık: Büyük Tıkınma - 1.Sezon 5.Bölüm
🎯 HEX DECODE - m3u8 bulundu: https://vidlax.xyz/upload/4edbf0dff897e09d82713636691860668c39/master.m3u8
      ✅ Büyük Tıkınma - 1.Sezon 5.Bölüm - 1 m3u8
   🔍 [6/21] Bölüm: https://diziyiizle4.com/buyuk-tikinma/1-sezon-6-bolum/
📺 Embed URL bulundu: https://vidlax1.xyz/embed/be1c20297a68039e
🔍 Embed URL kontrol ediliyor: https://vidlax1.xyz/embed/be1c20297a68039e
📄 Embed sayfa içeriği alındı, boyut: 40262 karakter
🎬 Video Başlığı: Büyük Tıkınma
📝 Video Açıklaması: 1.Sezon 6.Bölüm
🎯 Tam Başlık: Büyük Tıkınma - 1.Sezon 6.Bölüm
🎯 HEX DECODE - m3u8 bulundu: https://vidlax.xyz/upload/07df5a23cc1143d8b157d174eaa7c35b583d/master.m3u8
      ✅ Büyük Tıkınma - 1.Sezon 6.Bölüm - 1 m3u8
   🔍 [7/21] Bölüm: https://diziyiizle4.com/buyuk-tikinma/1-sezon-7-bolum/
📺 Embed URL bulundu: https://vidlax1.xyz/embed/01fe0262276d48c5
🔍 Embed URL kontrol ediliyor: https://vidlax1.xyz/embed/01fe0262276d48c5
📄 Embed sayfa içeriği alındı, boyut: 40262 karakter
🎬 Video Başlığı: Büyük Tıkınma
📝 Video Açıklaması: 1.Sezon 7.Bölüm
🎯 Tam Başlık: Büyük Tıkınma - 1.Sezon 7.Bölüm
🎯 HEX DECODE - m3u8 bulundu: https://vidlax.xyz/upload/ee11b3bb81df14ff3ebeb85da4a96ab45c04/master.m3u8
      ✅ Büyük Tıkınma - 1.Sezon 7.Bölüm - 1 m3u8
   🔍 [8/21] Bölüm: https://diziyiizle4.com/buyuk-tikinma/1-sezon-8-bolum/
📺 Embed URL bulundu: https://vidlax1.xyz/embed/d31435ddd3fc9ee4
🔍 Embed URL kontrol ediliyor: https://vidlax1.xyz/embed/d31435ddd3fc9ee4
📄 Embed sayfa içeriği alındı, boyut: 40262 karakter
🎬 Video Başlığı: Büyük Tıkınma
📝 Video Açıklaması: 1.Sezon 8.Bölüm
🎯 Tam Başlık: Büyük Tıkınma - 1.Sezon 8.Bölüm
🎯 HEX DECODE - m3u8 bulundu: https://vidlax.xyz/upload/be6b7446f9e875cd4bf8f3001739b9c5cf5a/master.m3u8
      ✅ Büyük Tıkınma - 1.Sezon 8.Bölüm - 1 m3u8
   🔍 [9/21] Bölüm: https://diziyiizle4.com/buyuk-tikinma/2-sezon-1-bolum/
📺 Embed URL bulundu: https://vidlax1.xyz/embed/e3bcb6d144da7e0a
🔍 Embed URL kontrol ediliyor: https://vidlax1.xyz/embed/e3bcb6d144da7e0a
📄 Embed sayfa içeriği alındı, boyut: 40090 karakter
🎬 Video Başlığı: Büyük Tıkınma
📝 Video Açıklaması: 2.Sezon 1.Bölüm
🎯 Tam Başlık: Büyük Tıkınma - 2.Sezon 1.Bölüm
🎯 HEX DECODE - m3u8 bulundu: https://vidlax.xyz/upload/00586a8d2dfc778a8540ecc04907d896ce50/master.m3u8
      ✅ Büyük Tıkınma - 2.Sezon 1.Bölüm - 1 m3u8
   🔍 [10/21] Bölüm: https://diziyiizle4.com/buyuk-tikinma/2-sezon-2-bolum/
📺 Embed URL bulundu: https://vidlax1.xyz/embed/bcb98b2184c14ec4
🔍 Embed URL kontrol ediliyor: https://vidlax1.xyz/embed/bcb98b2184c14ec4
📄 Embed sayfa içeriği alındı, boyut: 40262 karakter
🎬 Video Başlığı: Büyük Tıkınma
📝 Video Açıklaması: 2.Sezon 2.Bölüm
🎯 Tam Başlık: Büyük Tıkınma - 2.Sezon 2.Bölüm
🎯 HEX DECODE - m3u8 bulundu: https://vidlax.xyz/upload/06bfdef426eaa7b5649ec37c111a32bbc595/master.m3u8
      ✅ Büyük Tıkınma - 2.Sezon 2.Bölüm - 1 m3u8
   🔍 [11/21] Bölüm: https://diziyiizle4.com/buyuk-tikinma/2-sezon-3-bolum/
📺 Embed URL bulundu: https://vidlax1.xyz/embed/a0fbc6cda4d0dbb9
🔍 Embed URL kontrol ediliyor: https://vidlax1.xyz/embed/a0fbc6cda4d0dbb9
📄 Embed sayfa içeriği alındı, boyut: 40262 karakter
🎬 Video Başlığı: Büyük Tıkınma
📝 Video Açıklaması: 3.Sezon 3.Bölüm
🎯 Tam Başlık: Büyük Tıkınma - 3.Sezon 3.Bölüm
🎯 HEX DECODE - m3u8 bulundu: https://vidlax.xyz/upload/9d7e0aa1ecc6e2f41b9c0fbc3c3bee548533/master.m3u8
      ✅ Büyük Tıkınma - 3.Sezon 3.Bölüm - 1 m3u8
   🔍 [12/21] Bölüm: https://diziyiizle4.com/buyuk-tikinma/2-sezon-4-bolum/
📺 Embed URL bulundu: https://vidlax1.xyz/embed/be8b6819c9f1ded4
🔍 Embed URL kontrol ediliyor: https://vidlax1.xyz/embed/be8b6819c9f1ded4
📄 Embed sayfa içeriği alındı, boyut: 40262 karakter
🎬 Video Başlığı: Büyük Tıkınma
📝 Video Açıklaması: 3.Sezon 4.Bölüm
🎯 Tam Başlık: Büyük Tıkınma - 3.Sezon 4.Bölüm
🎯 HEX DECODE - m3u8 bulundu: https://vidlax.xyz/upload/d54ab836021b650f5f8d298488c02b8f977f/master.m3u8
      ✅ Büyük Tıkınma - 3.Sezon 4.Bölüm - 1 m3u8
   🔍 [13/21] Bölüm: https://diziyiizle4.com/buyuk-tikinma/2-sezon-5-bolum/
📺 Embed URL bulundu: https://vidlax1.xyz/embed/2cf1ae178deb7adc
🔍 Embed URL kontrol ediliyor: https://vidlax1.xyz/embed/2cf1ae178deb7adc
📄 Embed sayfa içeriği alındı, boyut: 40262 karakter
🎬 Video Başlığı: Büyük Tıkınma
📝 Video Açıklaması: 2.Sezon 5.Bölüm
🎯 Tam Başlık: Büyük Tıkınma - 2.Sezon 5.Bölüm
🎯 HEX DECODE - m3u8 bulundu: https://vidlax.xyz/upload/004f17b5ac969c022f0e483783192e73c2ec/master.m3u8
      ✅ Büyük Tıkınma - 2.Sezon 5.Bölüm - 1 m3u8
   🔍 [14/21] Bölüm: https://diziyiizle4.com/buyuk-tikinma/2-sezon-6-bolum/
📺 Embed URL bulundu: https://vidlax1.xyz/embed/a2d72b39158677a5
🔍 Embed URL kontrol ediliyor: https://vidlax1.xyz/embed/a2d72b39158677a5
📄 Embed sayfa içeriği alındı, boyut: 40262 karakter
🎬 Video Başlığı: Büyük Tıkınma
📝 Video Açıklaması: 2.Sezon 6.Bölüm
🎯 Tam Başlık: Büyük Tıkınma - 2.Sezon 6.Bölüm
🎯 HEX DECODE - m3u8 bulundu: https://vidlax.xyz/upload/04624f7181fd59dc7005728d7debc379cb54/master.m3u8
      ✅ Büyük Tıkınma - 2.Sezon 6.Bölüm - 1 m3u8
   🔍 [15/21] Bölüm: https://diziyiizle4.com/buyuk-tikinma/2-sezon-7-bolum/
📺 Embed URL bulundu: https://vidlax1.xyz/embed/c6c822edcc62c27b
🔍 Embed URL kontrol ediliyor: https://vidlax1.xyz/embed/c6c822edcc62c27b
📄 Embed sayfa içeriği alındı, boyut: 40262 karakter
🎬 Video Başlığı: Büyük Tıkınma
📝 Video Açıklaması: 2.Sezon 7.Bölüm
🎯 Tam Başlık: Büyük Tıkınma - 2.Sezon 7.Bölüm
🎯 HEX DECODE - m3u8 bulundu: https://vidlax.xyz/upload/6086abaeaa1d7d359162fc09c4f240f79670/master.m3u8
      ✅ Büyük Tıkınma - 2.Sezon 7.Bölüm - 1 m3u8
   🔍 [16/21] Bölüm: https://diziyiizle4.com/buyuk-tikinma/2-sezon-8-bolum/
📺 Embed URL bulundu: https://vidlax1.xyz/embed/4d82102b25ce2681
🔍 Embed URL kontrol ediliyor: https://vidlax1.xyz/embed/4d82102b25ce2681
📄 Embed sayfa içeriği alındı, boyut: 40090 karakter
🎬 Video Başlığı: Büyük Tıkınma
📝 Video Açıklaması: 2.Sezon 8.Bölüm
🎯 Tam Başlık: Büyük Tıkınma - 2.Sezon 8.Bölüm
🎯 HEX DECODE - m3u8 bulundu: https://vidlax.xyz/upload/2bf54ce3f76ae0443ce4e9835f938012727b/master.m3u8
      ✅ Büyük Tıkınma - 2.Sezon 8.Bölüm - 1 m3u8
   🔍 [17/21] Bölüm: https://diziyiizle4.com/buyuk-tikinma/3-sezon-1-bolum/
📺 Embed URL bulundu: https://vidlax1.xyz/embed/a11d55ba8ac34129
🔍 Embed URL kontrol ediliyor: https://vidlax1.xyz/embed/a11d55ba8ac34129
📄 Embed sayfa içeriği alındı, boyut: 40262 karakter
🎬 Video Başlığı: Büyük Tıkınma
📝 Video Açıklaması: 3.Sezon 1.Bölüm
🎯 Tam Başlık: Büyük Tıkınma - 3.Sezon 1.Bölüm
🎯 HEX DECODE - m3u8 bulundu: https://vidlax.xyz/upload/6c8fc450cc6b897eec77bfb11f783d1759da/master.m3u8
      ✅ Büyük Tıkınma - 3.Sezon 1.Bölüm - 1 m3u8
   🔍 [18/21] Bölüm: https://diziyiizle4.com/buyuk-tikinma/3-sezon-2-bolum/
📺 Embed URL bulundu: https://vidlax1.xyz/embed/264b691f3476a5cc
🔍 Embed URL kontrol ediliyor: https://vidlax1.xyz/embed/264b691f3476a5cc
📄 Embed sayfa içeriği alındı, boyut: 40262 karakter
🎬 Video Başlığı: Büyük Tıkınma
📝 Video Açıklaması: 3.Sezon 2.Bölüm
🎯 Tam Başlık: Büyük Tıkınma - 3.Sezon 2.Bölüm
🎯 HEX DECODE - m3u8 bulundu: https://vidlax.xyz/upload/7bacdf05e93a4bd34b3b606cf9db5d1ce4ae/master.m3u8
      ✅ Büyük Tıkınma - 3.Sezon 2.Bölüm - 1 m3u8
   🔍 [19/21] Bölüm: https://diziyiizle4.com/buyuk-tikinma/3-sezon-3-bolum/
📺 Embed URL bulundu: https://vidlax1.xyz/embed/a0fbc6cda4d0dbb9
🔍 Embed URL kontrol ediliyor: https://vidlax1.xyz/embed/a0fbc6cda4d0dbb9
📄 Embed sayfa içeriği alındı, boyut: 40262 karakter
🎬 Video Başlığı: Büyük Tıkınma
📝 Video Açıklaması: 3.Sezon 3.Bölüm
🎯 Tam Başlık: Büyük Tıkınma - 3.Sezon 3.Bölüm
🎯 HEX DECODE - m3u8 bulundu: https://vidlax.xyz/upload/9d7e0aa1ecc6e2f41b9c0fbc3c3bee548533/master.m3u8
      ✅ Büyük Tıkınma - 3.Sezon 3.Bölüm - 1 m3u8
   🔍 [20/21] Bölüm: https://diziyiizle4.com/buyuk-tikinma/3-sezon-4-bolum/
📺 Embed URL bulundu: https://vidlax1.xyz/embed/be8b6819c9f1ded4
🔍 Embed URL kontrol ediliyor: https://vidlax1.xyz/embed/be8b6819c9f1ded4
📄 Embed sayfa içeriği alındı, boyut: 40262 karakter
🎬 Video Başlığı: Büyük Tıkınma
📝 Video Açıklaması: 3.Sezon 4.Bölüm
🎯 Tam Başlık: Büyük Tıkınma - 3.Sezon 4.Bölüm
🎯 HEX DECODE - m3u8 bulundu: https://vidlax.xyz/upload/d54ab836021b650f5f8d298488c02b8f977f/master.m3u8
      ✅ Büyük Tıkınma - 3.Sezon 4.Bölüm - 1 m3u8
   🔍 [21/21] Bölüm: https://diziyiizle4.com/buyuk-tikinma/3-sezon-5-bolum/
📺 Embed URL bulundu: https://vidlax1.xyz/embed/6cad4876a619969c
🔍 Embed URL kontrol ediliyor: https://vidlax1.xyz/embed/6cad4876a619969c
📄 Embed sayfa içeriği alındı, boyut: 40436 karakter
🎬 Video Başlığı: Büyük Tıkınma
📝 Video Açıklaması: 3.Sezon 5.Bölüm
🎯 Tam Başlık: Büyük Tıkınma - 3.Sezon 5.Bölüm
🎯 HEX DECODE - m3u8 bulundu: https://vidlax.xyz/upload/7c84ea4a99824a3208e0aa01e62ef26e7425/master.m3u8
      ✅ Büyük Tıkınma - 3.Sezon 5.Bölüm - 1 m3u8
      📁 Dizi playlist: playlists/buyuk_tikinma_playlist.m3u
   ✅ Dizi tamamlandı: 21 m3u8 eklendi

============================================================
🎬 [39/56] İşleniyor: https://diziyiizle4.com/dizi/yesil-deniz-milenyum-1/
📺 Bölüm bulundu: 1. Sezon 1. BölümDual07.11.202577 dk. - https://diziyiizle4.com/yesil-deniz-milenyum-1/1-sezon-1-bolum/
📺 Bölüm bulundu: 1. Sezon 2. BölümDual07.11.202564 dk. - https://diziyiizle4.com/yesil-deniz-milenyum-1/1-sezon-2-bolum/
📺 Bölüm bulundu: 1. Sezon 3. BölümDual07.11.202560 dk. - https://diziyiizle4.com/yesil-deniz-milenyum-1/1-sezon-3-bolum/
📺 Bölüm bulundu: 1. Sezon 4. BölümDual07.11.202560 dk. - https://diziyiizle4.com/yesil-deniz-milenyum-1/1-sezon-4-bolum/
📺 Bölüm bulundu: 1. Sezon 5. BölümDual07.11.202563 dk. - https://diziyiizle4.com/yesil-deniz-milenyum-1/1-sezon-5-bolum/
📺 Bölüm bulundu: 1. Sezon 6. BölümDual07.11.202563 dk. - https://diziyiizle4.com/yesil-deniz-milenyum-1/1-sezon-6-bolum/
📺 Bölüm bulundu: 1. Sezon 7. BölümDual07.11.202563 dk. - https://diziyiizle4.com/yesil-deniz-milenyum-1/1-sezon-7-bolum/
📺 Bölüm bulundu: 1. Sezon 8. BölümDual07.11.202560 dk. - https://diziyiizle4.com/yesil-deniz-milenyum-1/1-sezon-8-bolum/
📺 Bölüm bulundu: 1. Sezon 9. BölümDual07.11.202562 dk. - https://diziyiizle4.com/yesil-deniz-milenyum-1/1-sezon-9-bolum/
📺 Bölüm bulundu: 1. Sezon 10. BölümDual07.11.202563 dk. - https://diziyiizle4.com/yesil-deniz-milenyum-1/1-sezon-10-bolum/
📺 Bölüm bulundu: 2. Sezon 1. BölümDual07.11.202561 dk. - https://diziyiizle4.com/yesil-deniz-milenyum-1/2-sezon-1-bolum/
📺 Bölüm bulundu: 2. Sezon 2. BölümDual07.11.202566 dk. - https://diziyiizle4.com/yesil-deniz-milenyum-1/2-sezon-2-bolum/
📺 Bölüm bulundu: 2. Sezon 3. BölümDual07.11.202563 dk. - https://diziyiizle4.com/yesil-deniz-milenyum-1/2-sezon-3-bolum/
📺 Bölüm bulundu: 2. Sezon 4. BölümDual07.11.202566 dk. - https://diziyiizle4.com/yesil-deniz-milenyum-1/2-sezon-4-bolum/
📺 Bölüm bulundu: 2. Sezon 5. BölümDual07.11.202566 dk. - https://diziyiizle4.com/yesil-deniz-milenyum-1/2-sezon-5-bolum/
📺 Bölüm bulundu: 2. Sezon 6. BölümDual07.11.202566 dk. - https://diziyiizle4.com/yesil-deniz-milenyum-1/2-sezon-6-bolum/
📺 Bölüm bulundu: 2. Sezon 7. BölümDual07.11.202566 dk. - https://diziyiizle4.com/yesil-deniz-milenyum-1/2-sezon-7-bolum/
📺 Bölüm bulundu: 2. Sezon 8. BölümDual07.11.202564 dk. - https://diziyiizle4.com/yesil-deniz-milenyum-1/2-sezon-8-bolum/
📺 Bölüm bulundu: 2. Sezon 9. BölümDual07.11.202565 dk. - https://diziyiizle4.com/yesil-deniz-milenyum-1/2-sezon-9-bolum/
📺 Bölüm bulundu: 2. Sezon 10. BölümDual07.11.202579 dk. - https://diziyiizle4.com/yesil-deniz-milenyum-1/2-sezon-10-bolum/
📺 Bölüm bulundu: 3. Sezon 1. BölümDual07.11.2025 - https://diziyiizle4.com/yesil-deniz-milenyum-1/3-sezon-1-bolum/
📺 Bölüm bulundu: 3. Sezon 2. BölümDual07.11.2025 - https://diziyiizle4.com/yesil-deniz-milenyum-1/3-sezon-2-bolum/
📺 Bölüm bulundu: 3. Sezon 3. BölümDual07.11.2025 - https://diziyiizle4.com/yesil-deniz-milenyum-1/3-sezon-3-bolum/
📺 Bölüm bulundu: 3. Sezon 4. BölümDual07.11.2025 - https://diziyiizle4.com/yesil-deniz-milenyum-1/3-sezon-4-bolum/
📺 Bölüm bulundu: 3. Sezon 5. BölümDual07.11.2025 - https://diziyiizle4.com/yesil-deniz-milenyum-1/3-sezon-5-bolum/
📺 Bölüm bulundu: 3. Sezon 6. BölümDual07.11.2025 - https://diziyiizle4.com/yesil-deniz-milenyum-1/3-sezon-6-bolum/
📺 Bölüm bulundu: 3. Sezon 7. BölümDual07.11.2025 - https://diziyiizle4.com/yesil-deniz-milenyum-1/3-sezon-7-bolum/
📺 Bölüm bulundu: 3. Sezon 8. BölümDual07.11.2025 - https://diziyiizle4.com/yesil-deniz-milenyum-1/3-sezon-8-bolum/
📺 Bölüm bulundu: 3. Sezon 9. BölümDual07.11.2025 - https://diziyiizle4.com/yesil-deniz-milenyum-1/3-sezon-9-bolum/
📺 Bölüm bulundu: 3. Sezon 10. BölümDual07.11.2025 - https://diziyiizle4.com/yesil-deniz-milenyum-1/3-sezon-10-bolum/

📊 Toplam 30 bölüm bulundu
   🔍 [1/30] Bölüm: https://diziyiizle4.com/yesil-deniz-milenyum-1/1-sezon-1-bolum/
📺 Embed URL bulundu: https://vidlax1.xyz/embed/71fdde382fd97c9d
🔍 Embed URL kontrol ediliyor: https://vidlax1.xyz/embed/71fdde382fd97c9d
📄 Embed sayfa içeriği alındı, boyut: 40098 karakter
🎬 Video Başlığı: Yeşil Deniz: Milenyum
📝 Video Açıklaması: 1.Sezon 1.Bölüm
🎯 Tam Başlık: Yeşil Deniz: Milenyum - 1.Sezon 1.Bölüm
🎯 HEX DECODE - m3u8 bulundu: https://vidlax.xyz/upload/45fb7f45c405b258594a9c226b136902204d/master.m3u8
      ✅ Yeşil Deniz: Milenyum - 1.Sezon 1.Bölüm - 1 m3u8
   🔍 [2/30] Bölüm: https://diziyiizle4.com/yesil-deniz-milenyum-1/1-sezon-2-bolum/
📺 Embed URL bulundu: https://vidlax1.xyz/embed/82ec92486f7928ab
🔍 Embed URL kontrol ediliyor: https://vidlax1.xyz/embed/82ec92486f7928ab
📄 Embed sayfa içeriği alındı, boyut: 40098 karakter
🎬 Video Başlığı: Yeşil Deniz: Milenyum
📝 Video Açıklaması: 1.Sezon 2.Bölüm
🎯 Tam Başlık: Yeşil Deniz: Milenyum - 1.Sezon 2.Bölüm
🎯 HEX DECODE - m3u8 bulundu: https://vidlax.xyz/upload/20a338a40886dd2662f2497c9b3ad716c7d2/master.m3u8
      ✅ Yeşil Deniz: Milenyum - 1.Sezon 2.Bölüm - 1 m3u8
   🔍 [3/30] Bölüm: https://diziyiizle4.com/yesil-deniz-milenyum-1/1-sezon-3-bolum/
📺 Embed URL bulundu: https://vidlax1.xyz/embed/22796a245d774be7
🔍 Embed URL kontrol ediliyor: https://vidlax1.xyz/embed/22796a245d774be7
📄 Embed sayfa içeriği alındı, boyut: 40098 karakter
🎬 Video Başlığı: Yeşil Deniz: Milenyum
📝 Video Açıklaması: 1.Sezon 3.Bölüm
🎯 Tam Başlık: Yeşil Deniz: Milenyum - 1.Sezon 3.Bölüm
🎯 HEX DECODE - m3u8 bulundu: https://vidlax.xyz/upload/b7572cdc2e1f108b1ced824741265bf83549/master.m3u8
      ✅ Yeşil Deniz: Milenyum - 1.Sezon 3.Bölüm - 1 m3u8
   🔍 [4/30] Bölüm: https://diziyiizle4.com/yesil-deniz-milenyum-1/1-sezon-4-bolum/
📺 Embed URL bulundu: https://vidlax1.xyz/embed/7caca54feeaa259b
🔍 Embed URL kontrol ediliyor: https://vidlax1.xyz/embed/7caca54feeaa259b
📄 Embed sayfa içeriği alındı, boyut: 40098 karakter
🎬 Video Başlığı: Yeşil Deniz: Milenyum
📝 Video Açıklaması: 1.Sezon 4.Bölüm
🎯 Tam Başlık: Yeşil Deniz: Milenyum - 1.Sezon 4.Bölüm
🎯 HEX DECODE - m3u8 bulundu: https://vidlax.xyz/upload/1fc606272e70015897d39f42e0b042b9230c/master.m3u8
      ✅ Yeşil Deniz: Milenyum - 1.Sezon 4.Bölüm - 1 m3u8
   🔍 [5/30] Bölüm: https://diziyiizle4.com/yesil-deniz-milenyum-1/1-sezon-5-bolum/
📺 Embed URL bulundu: https://vidlax1.xyz/embed/98cd253f3e540059
🔍 Embed URL kontrol ediliyor: https://vidlax1.xyz/embed/98cd253f3e540059
📄 Embed sayfa içeriği alındı, boyut: 40098 karakter
🎬 Video Başlığı: Yeşil Deniz: Milenyum
📝 Video Açıklaması: 1.Sezon 5.Bölüm
🎯 Tam Başlık: Yeşil Deniz: Milenyum - 1.Sezon 5.Bölüm
🎯 HEX DECODE - m3u8 bulundu: https://vidlax.xyz/upload/78d3dd4dc2422af9dd5d9f233d3ef69132d7/master.m3u8
      ✅ Yeşil Deniz: Milenyum - 1.Sezon 5.Bölüm - 1 m3u8
   🔍 [6/30] Bölüm: https://diziyiizle4.com/yesil-deniz-milenyum-1/1-sezon-6-bolum/
📺 Embed URL bulundu: https://vidlax1.xyz/embed/e729e727c70b86d2
🔍 Embed URL kontrol ediliyor: https://vidlax1.xyz/embed/e729e727c70b86d2
📄 Embed sayfa içeriği alındı, boyut: 40098 karakter
🎬 Video Başlığı: Yeşil Deniz: Milenyum
📝 Video Açıklaması: 1.Sezon 6.Bölüm
🎯 Tam Başlık: Yeşil Deniz: Milenyum - 1.Sezon 6.Bölüm
🎯 HEX DECODE - m3u8 bulundu: https://vidlax.xyz/upload/3556861242e06522ef807c4cff9d2c21ca06/master.m3u8
      ✅ Yeşil Deniz: Milenyum - 1.Sezon 6.Bölüm - 1 m3u8
   🔍 [7/30] Bölüm: https://diziyiizle4.com/yesil-deniz-milenyum-1/1-sezon-7-bolum/
📺 Embed URL bulundu: https://vidlax1.xyz/embed/7b44bf4ed54f23d6
🔍 Embed URL kontrol ediliyor: https://vidlax1.xyz/embed/7b44bf4ed54f23d6
📄 Embed sayfa içeriği alındı, boyut: 40098 karakter
🎬 Video Başlığı: Yeşil Deniz: Milenyum
📝 Video Açıklaması: 1.Sezon 7.Bölüm
🎯 Tam Başlık: Yeşil Deniz: Milenyum - 1.Sezon 7.Bölüm
🎯 HEX DECODE - m3u8 bulundu: https://vidlax.xyz/upload/b2c5d9ade21a37289f5983bafb3ae6e908b6/master.m3u8
      ✅ Yeşil Deniz: Milenyum - 1.Sezon 7.Bölüm - 1 m3u8
   🔍 [8/30] Bölüm: https://diziyiizle4.com/yesil-deniz-milenyum-1/1-sezon-8-bolum/
📺 Embed URL bulundu: https://vidlax1.xyz/embed/b5ddffc2823a4243
🔍 Embed URL kontrol ediliyor: https://vidlax1.xyz/embed/b5ddffc2823a4243
📄 Embed sayfa içeriği alındı, boyut: 40098 karakter
🎬 Video Başlığı: Yeşil Deniz: Milenyum
📝 Video Açıklaması: 1.Sezon 8.Bölüm
🎯 Tam Başlık: Yeşil Deniz: Milenyum - 1.Sezon 8.Bölüm
🎯 HEX DECODE - m3u8 bulundu: https://vidlax.xyz/upload/1881a7cee822bd35c69d5e4401eacf641926/master.m3u8
      ✅ Yeşil Deniz: Milenyum - 1.Sezon 8.Bölüm - 1 m3u8
   🔍 [9/30] Bölüm: https://diziyiizle4.com/yesil-deniz-milenyum-1/1-sezon-9-bolum/
📺 Embed URL bulundu: https://vidlax1.xyz/embed/c9bbf7ee2d414f42
🔍 Embed URL kontrol ediliyor: https://vidlax1.xyz/embed/c9bbf7ee2d414f42
📄 Embed sayfa içeriği alındı, boyut: 40098 karakter
🎬 Video Başlığı: Yeşil Deniz: Milenyum
📝 Video Açıklaması: 1.Sezon 9.Bölüm
🎯 Tam Başlık: Yeşil Deniz: Milenyum - 1.Sezon 9.Bölüm
🎯 HEX DECODE - m3u8 bulundu: https://vidlax.xyz/upload/0650fbdaf0c7c55d2f0ba68b398e169e5816/master.m3u8
      ✅ Yeşil Deniz: Milenyum - 1.Sezon 9.Bölüm - 1 m3u8
   🔍 [10/30] Bölüm: https://diziyiizle4.com/yesil-deniz-milenyum-1/1-sezon-10-bolum/
📺 Embed URL bulundu: https://vidlax1.xyz/embed/861aabff1961e43a
🔍 Embed URL kontrol ediliyor: https://vidlax1.xyz/embed/861aabff1961e43a
📄 Embed sayfa içeriği alındı, boyut: 40099 karakter
🎬 Video Başlığı: Yeşil Deniz: Milenyum
📝 Video Açıklaması: 1.Sezon 10.Bölüm
🎯 Tam Başlık: Yeşil Deniz: Milenyum - 1.Sezon 10.Bölüm
🎯 HEX DECODE - m3u8 bulundu: https://vidlax.xyz/upload/57b2f59384b18967cc33da93d53e4297d56f/master.m3u8
      ✅ Yeşil Deniz: Milenyum - 1.Sezon 10.Bölüm - 1 m3u8
   🔍 [11/30] Bölüm: https://diziyiizle4.com/yesil-deniz-milenyum-1/2-sezon-1-bolum/
📺 Embed URL bulundu: https://vidlax1.xyz/embed/08c2a5d3c295eb0a
🔍 Embed URL kontrol ediliyor: https://vidlax1.xyz/embed/08c2a5d3c295eb0a
📄 Embed sayfa içeriği alındı, boyut: 40098 karakter
🎬 Video Başlığı: Yeşil Deniz: Milenyum
📝 Video Açıklaması: 2.Sezon 1.Bölüm
🎯 Tam Başlık: Yeşil Deniz: Milenyum - 2.Sezon 1.Bölüm
🎯 HEX DECODE - m3u8 bulundu: https://vidlax.xyz/upload/b0f9db14afb6bf245de5245bd9d85ac3b0ff/master.m3u8
      ✅ Yeşil Deniz: Milenyum - 2.Sezon 1.Bölüm - 1 m3u8
   🔍 [12/30] Bölüm: https://diziyiizle4.com/yesil-deniz-milenyum-1/2-sezon-2-bolum/
📺 Embed URL bulundu: https://vidlax1.xyz/embed/8e80963b0af7f8d0
🔍 Embed URL kontrol ediliyor: https://vidlax1.xyz/embed/8e80963b0af7f8d0
📄 Embed sayfa içeriği alındı, boyut: 40098 karakter
🎬 Video Başlığı: Yeşil Deniz: Milenyum
📝 Video Açıklaması: 2.Sezon 2.Bölüm
🎯 Tam Başlık: Yeşil Deniz: Milenyum - 2.Sezon 2.Bölüm
🎯 HEX DECODE - m3u8 bulundu: https://vidlax.xyz/upload/020e9f14cd5439e046ded155bcf389badbfc/master.m3u8
      ✅ Yeşil Deniz: Milenyum - 2.Sezon 2.Bölüm - 1 m3u8
   🔍 [13/30] Bölüm: https://diziyiizle4.com/yesil-deniz-milenyum-1/2-sezon-3-bolum/
📺 Embed URL bulundu: https://vidlax1.xyz/embed/e59c7734e91ef00b
🔍 Embed URL kontrol ediliyor: https://vidlax1.xyz/embed/e59c7734e91ef00b
📄 Embed sayfa içeriği alındı, boyut: 40098 karakter
🎬 Video Başlığı: Yeşil Deniz: Milenyum
📝 Video Açıklaması: 2.Sezon 3.Bölüm
🎯 Tam Başlık: Yeşil Deniz: Milenyum - 2.Sezon 3.Bölüm
🎯 HEX DECODE - m3u8 bulundu: https://vidlax.xyz/upload/6c773713c06fdf100a49422529ab2050def9/master.m3u8
      ✅ Yeşil Deniz: Milenyum - 2.Sezon 3.Bölüm - 1 m3u8
   🔍 [14/30] Bölüm: https://diziyiizle4.com/yesil-deniz-milenyum-1/2-sezon-4-bolum/
📺 Embed URL bulundu: https://vidlax1.xyz/embed/51800a62545ace3e
🔍 Embed URL kontrol ediliyor: https://vidlax1.xyz/embed/51800a62545ace3e
📄 Embed sayfa içeriği alındı, boyut: 40098 karakter
🎬 Video Başlığı: Yeşil Deniz: Milenyum
📝 Video Açıklaması: 2.Sezon 4.Bölüm
🎯 Tam Başlık: Yeşil Deniz: Milenyum - 2.Sezon 4.Bölüm
🎯 HEX DECODE - m3u8 bulundu: https://vidlax.xyz/upload/246e10e4c6af110c66cbdf3f6420829215f9/master.m3u8
      ✅ Yeşil Deniz: Milenyum - 2.Sezon 4.Bölüm - 1 m3u8
   🔍 [15/30] Bölüm: https://diziyiizle4.com/yesil-deniz-milenyum-1/2-sezon-5-bolum/
📺 Embed URL bulundu: https://vidlax1.xyz/embed/a62387c9936a84d9
🔍 Embed URL kontrol ediliyor: https://vidlax1.xyz/embed/a62387c9936a84d9
📄 Embed sayfa içeriği alındı, boyut: 40098 karakter
🎬 Video Başlığı: Yeşil Deniz: Milenyum
📝 Video Açıklaması: 2.Sezon 5.Bölüm
🎯 Tam Başlık: Yeşil Deniz: Milenyum - 2.Sezon 5.Bölüm
🎯 HEX DECODE - m3u8 bulundu: https://vidlax.xyz/upload/b585b688e8a27078bd878e42fae3df10ed15/master.m3u8
      ✅ Yeşil Deniz: Milenyum - 2.Sezon 5.Bölüm - 1 m3u8
   🔍 [16/30] Bölüm: https://diziyiizle4.com/yesil-deniz-milenyum-1/2-sezon-6-bolum/
📺 Embed URL bulundu: https://vidlax1.xyz/embed/c2923386e86a20b1
🔍 Embed URL kontrol ediliyor: https://vidlax1.xyz/embed/c2923386e86a20b1
📄 Embed sayfa içeriği alındı, boyut: 40098 karakter
🎬 Video Başlığı: Yeşil Deniz: Milenyum
📝 Video Açıklaması: 2.Sezon 6.Bölüm
🎯 Tam Başlık: Yeşil Deniz: Milenyum - 2.Sezon 6.Bölüm
🎯 HEX DECODE - m3u8 bulundu: https://vidlax.xyz/upload/706fed7c497cf1865e8d1f57d43bd9d1a060/master.m3u8
      ✅ Yeşil Deniz: Milenyum - 2.Sezon 6.Bölüm - 1 m3u8
   🔍 [17/30] Bölüm: https://diziyiizle4.com/yesil-deniz-milenyum-1/2-sezon-7-bolum/
📺 Embed URL bulundu: https://vidlax1.xyz/embed/eee700d30b898ae4
🔍 Embed URL kontrol ediliyor: https://vidlax1.xyz/embed/eee700d30b898ae4
📄 Embed sayfa içeriği alındı, boyut: 40098 karakter
🎬 Video Başlığı: Yeşil Deniz: Milenyum
📝 Video Açıklaması: 2.Sezon 7.Bölüm
🎯 Tam Başlık: Yeşil Deniz: Milenyum - 2.Sezon 7.Bölüm
🎯 HEX DECODE - m3u8 bulundu: https://vidlax.xyz/upload/caf98dc2695c93c25c320868ede155700bfb/master.m3u8
      ✅ Yeşil Deniz: Milenyum - 2.Sezon 7.Bölüm - 1 m3u8
   🔍 [18/30] Bölüm: https://diziyiizle4.com/yesil-deniz-milenyum-1/2-sezon-8-bolum/
📺 Embed URL bulundu: https://vidlax1.xyz/embed/15d4df824f2089a5
🔍 Embed URL kontrol ediliyor: https://vidlax1.xyz/embed/15d4df824f2089a5
📄 Embed sayfa içeriği alındı, boyut: 40098 karakter
🎬 Video Başlığı: Yeşil Deniz: Milenyum
📝 Video Açıklaması: 2.Sezon 8.Bölüm
🎯 Tam Başlık: Yeşil Deniz: Milenyum - 2.Sezon 8.Bölüm
🎯 HEX DECODE - m3u8 bulundu: https://vidlax.xyz/upload/e803708f9ea582299abe7ba7466e2fa534fe/master.m3u8
      ✅ Yeşil Deniz: Milenyum - 2.Sezon 8.Bölüm - 1 m3u8
   🔍 [19/30] Bölüm: https://diziyiizle4.com/yesil-deniz-milenyum-1/2-sezon-9-bolum/
📺 Embed URL bulundu: https://vidlax1.xyz/embed/b606e0c3ac74ba11
🔍 Embed URL kontrol ediliyor: https://vidlax1.xyz/embed/b606e0c3ac74ba11
📄 Embed sayfa içeriği alındı, boyut: 40098 karakter
🎬 Video Başlığı: Yeşil Deniz: Milenyum
📝 Video Açıklaması: 2.Sezon 9.Bölüm
🎯 Tam Başlık: Yeşil Deniz: Milenyum - 2.Sezon 9.Bölüm
🎯 HEX DECODE - m3u8 bulundu: https://vidlax.xyz/upload/7b2a8c196a372689cba12269fec5809778ff/master.m3u8
      ✅ Yeşil Deniz: Milenyum - 2.Sezon 9.Bölüm - 1 m3u8
   🔍 [20/30] Bölüm: https://diziyiizle4.com/yesil-deniz-milenyum-1/2-sezon-10-bolum/
📺 Embed URL bulundu: https://vidlax1.xyz/embed/d3cf5b243c8a6e08
🔍 Embed URL kontrol ediliyor: https://vidlax1.xyz/embed/d3cf5b243c8a6e08
📄 Embed sayfa içeriği alındı, boyut: 40099 karakter
🎬 Video Başlığı: Yeşil Deniz: Milenyum
📝 Video Açıklaması: 2.Sezon 10.Bölüm
🎯 Tam Başlık: Yeşil Deniz: Milenyum - 2.Sezon 10.Bölüm
🎯 HEX DECODE - m3u8 bulundu: https://vidlax.xyz/upload/a594446e4e2d835da1fc0b4e5c6c9b3b9ccf/master.m3u8
      ✅ Yeşil Deniz: Milenyum - 2.Sezon 10.Bölüm - 1 m3u8
   🔍 [21/30] Bölüm: https://diziyiizle4.com/yesil-deniz-milenyum-1/3-sezon-1-bolum/
📺 Embed URL bulundu: https://vidlax1.xyz/embed/d7e421a16067aec1
🔍 Embed URL kontrol ediliyor: https://vidlax1.xyz/embed/d7e421a16067aec1
📄 Embed sayfa içeriği alındı, boyut: 40271 karakter
🎬 Video Başlığı: Yeşil Deniz: Milenyum
📝 Video Açıklaması: 3.Sezon 1.Bölüm
🎯 Tam Başlık: Yeşil Deniz: Milenyum - 3.Sezon 1.Bölüm
🎯 HEX DECODE - m3u8 bulundu: https://vidlax.xyz/upload/6eb561895254e51c5ddb42549216e1048a55/master.m3u8
      ✅ Yeşil Deniz: Milenyum - 3.Sezon 1.Bölüm - 1 m3u8
   🔍 [22/30] Bölüm: https://diziyiizle4.com/yesil-deniz-milenyum-1/3-sezon-2-bolum/
📺 Embed URL bulundu: https://vidlax1.xyz/embed/5e8d3b5fcbb7af65
🔍 Embed URL kontrol ediliyor: https://vidlax1.xyz/embed/5e8d3b5fcbb7af65
📄 Embed sayfa içeriği alındı, boyut: 40271 karakter
🎬 Video Başlığı: Yeşil Deniz: Milenyum
📝 Video Açıklaması: 3.Sezon 2.Bölüm
🎯 Tam Başlık: Yeşil Deniz: Milenyum - 3.Sezon 2.Bölüm
🎯 HEX DECODE - m3u8 bulundu: https://vidlax.xyz/upload/47836bb94110b55e534273711986380f262e/master.m3u8
      ✅ Yeşil Deniz: Milenyum - 3.Sezon 2.Bölüm - 1 m3u8
   🔍 [23/30] Bölüm: https://diziyiizle4.com/yesil-deniz-milenyum-1/3-sezon-3-bolum/
📺 Embed URL bulundu: https://vidlax1.xyz/embed/646a88d1ad612813
🔍 Embed URL kontrol ediliyor: https://vidlax1.xyz/embed/646a88d1ad612813
📄 Embed sayfa içeriği alındı, boyut: 40271 karakter
🎬 Video Başlığı: Yeşil Deniz: Milenyum
📝 Video Açıklaması: 3.Sezon 3.Bölüm
🎯 Tam Başlık: Yeşil Deniz: Milenyum - 3.Sezon 3.Bölüm
🎯 HEX DECODE - m3u8 bulundu: https://vidlax.xyz/upload/00878322877f51c400f7b11fa18e4fa87afd/master.m3u8
      ✅ Yeşil Deniz: Milenyum - 3.Sezon 3.Bölüm - 1 m3u8
   🔍 [24/30] Bölüm: https://diziyiizle4.com/yesil-deniz-milenyum-1/3-sezon-4-bolum/
📺 Embed URL bulundu: https://vidlax1.xyz/embed/710184eb3223f598
🔍 Embed URL kontrol ediliyor: https://vidlax1.xyz/embed/710184eb3223f598
📄 Embed sayfa içeriği alındı, boyut: 40271 karakter
🎬 Video Başlığı: Yeşil Deniz: Milenyum
📝 Video Açıklaması: 3.Sezon 4.Bölüm
🎯 Tam Başlık: Yeşil Deniz: Milenyum - 3.Sezon 4.Bölüm
🎯 HEX DECODE - m3u8 bulundu: https://vidlax.xyz/upload/ae2121d1f262a77b3893fc095ceb36ffea8e/master.m3u8
      ✅ Yeşil Deniz: Milenyum - 3.Sezon 4.Bölüm - 1 m3u8
   🔍 [25/30] Bölüm: https://diziyiizle4.com/yesil-deniz-milenyum-1/3-sezon-5-bolum/
📺 Embed URL bulundu: https://vidlax1.xyz/embed/d336777d592455cb
🔍 Embed URL kontrol ediliyor: https://vidlax1.xyz/embed/d336777d592455cb
📄 Embed sayfa içeriği alındı, boyut: 40271 karakter
🎬 Video Başlığı: Yeşil Deniz: Milenyum
📝 Video Açıklaması: 3.Sezon 5.Bölüm
🎯 Tam Başlık: Yeşil Deniz: Milenyum - 3.Sezon 5.Bölüm
🎯 HEX DECODE - m3u8 bulundu: https://vidlax.xyz/upload/6dd39d75b2ba1930b21002de58bb16ba3678/master.m3u8
      ✅ Yeşil Deniz: Milenyum - 3.Sezon 5.Bölüm - 1 m3u8
   🔍 [26/30] Bölüm: https://diziyiizle4.com/yesil-deniz-milenyum-1/3-sezon-6-bolum/
📺 Embed URL bulundu: https://vidlax1.xyz/embed/02a4da4d2998739f
🔍 Embed URL kontrol ediliyor: https://vidlax1.xyz/embed/02a4da4d2998739f
📄 Embed sayfa içeriği alındı, boyut: 40271 karakter
🎬 Video Başlığı: Yeşil Deniz: Milenyum
📝 Video Açıklaması: 3.Sezon 6.Bölüm
🎯 Tam Başlık: Yeşil Deniz: Milenyum - 3.Sezon 6.Bölüm
🎯 HEX DECODE - m3u8 bulundu: https://vidlax.xyz/upload/5933997325ebb2ec8eb80e214d33000218e3/master.m3u8
      ✅ Yeşil Deniz: Milenyum - 3.Sezon 6.Bölüm - 1 m3u8
   🔍 [27/30] Bölüm: https://diziyiizle4.com/yesil-deniz-milenyum-1/3-sezon-7-bolum/
📺 Embed URL bulundu: https://vidlax1.xyz/embed/643a4e59a9379eea
🔍 Embed URL kontrol ediliyor: https://vidlax1.xyz/embed/643a4e59a9379eea
📄 Embed sayfa içeriği alındı, boyut: 40271 karakter
🎬 Video Başlığı: Yeşil Deniz: Milenyum
📝 Video Açıklaması: 3.Sezon 7.Bölüm
🎯 Tam Başlık: Yeşil Deniz: Milenyum - 3.Sezon 7.Bölüm
🎯 HEX DECODE - m3u8 bulundu: https://vidlax.xyz/upload/88431a9ff2344f0dc9fe7f5c87d3cf6b8dc2/master.m3u8
      ✅ Yeşil Deniz: Milenyum - 3.Sezon 7.Bölüm - 1 m3u8
   🔍 [28/30] Bölüm: https://diziyiizle4.com/yesil-deniz-milenyum-1/3-sezon-8-bolum/
📺 Embed URL bulundu: https://vidlax1.xyz/embed/381bb6a7665b0b10
🔍 Embed URL kontrol ediliyor: https://vidlax1.xyz/embed/381bb6a7665b0b10
📄 Embed sayfa içeriği alındı, boyut: 40271 karakter
🎬 Video Başlığı: Yeşil Deniz: Milenyum
📝 Video Açıklaması: 3.Sezon 8.Bölüm
🎯 Tam Başlık: Yeşil Deniz: Milenyum - 3.Sezon 8.Bölüm
🎯 HEX DECODE - m3u8 bulundu: https://vidlax.xyz/upload/e89e84d9ee17657a5cc587ebe7c9eff851ba/master.m3u8
      ✅ Yeşil Deniz: Milenyum - 3.Sezon 8.Bölüm - 1 m3u8
   🔍 [29/30] Bölüm: https://diziyiizle4.com/yesil-deniz-milenyum-1/3-sezon-9-bolum/
📺 Embed URL bulundu: https://vidlax1.xyz/embed/196b33bb2eaafcfe
🔍 Embed URL kontrol ediliyor: https://vidlax1.xyz/embed/196b33bb2eaafcfe
📄 Embed sayfa içeriği alındı, boyut: 40271 karakter
🎬 Video Başlığı: Yeşil Deniz: Milenyum
📝 Video Açıklaması: 3.Sezon 9.Bölüm
🎯 Tam Başlık: Yeşil Deniz: Milenyum - 3.Sezon 9.Bölüm
🎯 HEX DECODE - m3u8 bulundu: https://vidlax.xyz/upload/b5d61a9e1d471a74b3d91be3318ce0a6dff4/master.m3u8
      ✅ Yeşil Deniz: Milenyum - 3.Sezon 9.Bölüm - 1 m3u8
   🔍 [30/30] Bölüm: https://diziyiizle4.com/yesil-deniz-milenyum-1/3-sezon-10-bolum/
📺 Embed URL bulundu: https://vidlax1.xyz/embed/a72568fe71e9904a
🔍 Embed URL kontrol ediliyor: https://vidlax1.xyz/embed/a72568fe71e9904a
📄 Embed sayfa içeriği alındı, boyut: 40272 karakter
🎬 Video Başlığı: Yeşil Deniz: Milenyum
📝 Video Açıklaması: 3.Sezon 10.Bölüm
🎯 Tam Başlık: Yeşil Deniz: Milenyum - 3.Sezon 10.Bölüm
🎯 HEX DECODE - m3u8 bulundu: https://vidlax.xyz/upload/5c69c037633b766c8f65699a56608111ba65/master.m3u8
      ✅ Yeşil Deniz: Milenyum - 3.Sezon 10.Bölüm - 1 m3u8
      📁 Dizi playlist: playlists/yesil_deniz_milenyum_1_playlist.m3u
   ✅ Dizi tamamlandı: 30 m3u8 eklendi

============================================================
🎬 [40/56] İşleniyor: https://diziyiizle4.com/dizi/as-you-stood-by/
📺 Bölüm bulundu: 1. Sezon 1. BölümDublaj07.11.2025 - https://diziyiizle4.com/as-you-stood-by/1-sezon-1-bolum/
📺 Bölüm bulundu: 1. Sezon 2. BölümDublaj07.11.2025 - https://diziyiizle4.com/as-you-stood-by/1-sezon-2-bolum/
📺 Bölüm bulundu: 1. Sezon 3. BölümDublaj07.11.2025 - https://diziyiizle4.com/as-you-stood-by/1-sezon-3-bolum/
📺 Bölüm bulundu: 1. Sezon 4. BölümDublaj07.11.2025 - https://diziyiizle4.com/as-you-stood-by/1-sezon-4-bolum/
📺 Bölüm bulundu: 1. Sezon 5. BölümDublaj07.11.2025 - https://diziyiizle4.com/as-you-stood-by/1-sezon-5-bolum/
📺 Bölüm bulundu: 1. Sezon 6. BölümDublaj07.11.2025 - https://diziyiizle4.com/as-you-stood-by/1-sezon-6-bolum/
📺 Bölüm bulundu: 1. Sezon 7. BölümDublaj07.11.2025 - https://diziyiizle4.com/as-you-stood-by/1-sezon-7-bolum/
📺 Bölüm bulundu: 1. Sezon 8. BölümDublaj07.11.2025 - https://diziyiizle4.com/as-you-stood-by/1-sezon-8-bolum/

📊 Toplam 8 bölüm bulundu
   🔍 [1/8] Bölüm: https://diziyiizle4.com/as-you-stood-by/1-sezon-1-bolum/
📺 Embed URL bulundu: https://vidlax1.xyz/embed/f67dfbff57c3d5bf
🔍 Embed URL kontrol ediliyor: https://vidlax1.xyz/embed/f67dfbff57c3d5bf
📄 Embed sayfa içeriği alındı, boyut: 43525 karakter
🎬 Video Başlığı: As You Stood By
📝 Video Açıklaması: 1.Sezon 1.Bölüm
🎯 Tam Başlık: As You Stood By - 1.Sezon 1.Bölüm
🎯 HEX DECODE - m3u8 bulundu: https://vidlax.xyz/upload/dcacfcdb662f6b24c82642aeb67d4b5f2f1a/master.m3u8
      ✅ As You Stood By - 1.Sezon 1.Bölüm - 1 m3u8
   🔍 [2/8] Bölüm: https://diziyiizle4.com/as-you-stood-by/1-sezon-2-bolum/
📺 Embed URL bulundu: https://vidlax1.xyz/embed/4af16a8d9bc72d70
🔍 Embed URL kontrol ediliyor: https://vidlax1.xyz/embed/4af16a8d9bc72d70
📄 Embed sayfa içeriği alındı, boyut: 43533 karakter
🎬 Video Başlığı: As You Stood By
📝 Video Açıklaması: 1.Sezon 2.Bölüm
🎯 Tam Başlık: As You Stood By - 1.Sezon 2.Bölüm
🎯 HEX DECODE - m3u8 bulundu: https://vidlax.xyz/upload/27b847ad4842e746751dc5fd30dca8ced3a8/master.m3u8
      ✅ As You Stood By - 1.Sezon 2.Bölüm - 1 m3u8
   🔍 [3/8] Bölüm: https://diziyiizle4.com/as-you-stood-by/1-sezon-3-bolum/
📺 Embed URL bulundu: https://vidlax1.xyz/embed/88ab343066db89ec
🔍 Embed URL kontrol ediliyor: https://vidlax1.xyz/embed/88ab343066db89ec
📄 Embed sayfa içeriği alındı, boyut: 41469 karakter
🎬 Video Başlığı: As You Stood By
📝 Video Açıklaması: 1.Sezon 3.Bölüm
🎯 Tam Başlık: As You Stood By - 1.Sezon 3.Bölüm
🎯 HEX DECODE - m3u8 bulundu: https://vidlax.xyz/upload/7a5bcaf857185ef4893ef06f8bfe7c24c15e/master.m3u8
      ✅ As You Stood By - 1.Sezon 3.Bölüm - 1 m3u8
   🔍 [4/8] Bölüm: https://diziyiizle4.com/as-you-stood-by/1-sezon-4-bolum/
📺 Embed URL bulundu: https://vidlax1.xyz/embed/01899962c3945c4c
🔍 Embed URL kontrol ediliyor: https://vidlax1.xyz/embed/01899962c3945c4c
📄 Embed sayfa içeriği alındı, boyut: 43525 karakter
🎬 Video Başlığı: As You Stood By
📝 Video Açıklaması: 1.Sezon 4.Bölüm
🎯 Tam Başlık: As You Stood By - 1.Sezon 4.Bölüm
🎯 HEX DECODE - m3u8 bulundu: https://vidlax.xyz/upload/1cb45d913046733ca6356cee974a0963a4cc/master.m3u8
      ✅ As You Stood By - 1.Sezon 4.Bölüm - 1 m3u8
   🔍 [5/8] Bölüm: https://diziyiizle4.com/as-you-stood-by/1-sezon-5-bolum/
📺 Embed URL bulundu: https://vidlax1.xyz/embed/deb61743a668a9ee
🔍 Embed URL kontrol ediliyor: https://vidlax1.xyz/embed/deb61743a668a9ee
📄 Embed sayfa içeriği alındı, boyut: 43351 karakter
🎬 Video Başlığı: As You Stood By
📝 Video Açıklaması: 1.Sezon 5.Bölüm
🎯 Tam Başlık: As You Stood By - 1.Sezon 5.Bölüm
🎯 HEX DECODE - m3u8 bulundu: https://vidlax.xyz/upload/75a8a8c342e3c9240472c1d80ac72a5089b3/master.m3u8
      ✅ As You Stood By - 1.Sezon 5.Bölüm - 1 m3u8
   🔍 [6/8] Bölüm: https://diziyiizle4.com/as-you-stood-by/1-sezon-6-bolum/
📺 Embed URL bulundu: https://vidlax1.xyz/embed/4f3cf9334e006123
🔍 Embed URL kontrol ediliyor: https://vidlax1.xyz/embed/4f3cf9334e006123
📄 Embed sayfa içeriği alındı, boyut: 43508 karakter
🎬 Video Başlığı: As You Stood By
📝 Video Açıklaması: 1.Sezon 6.Bölüm
🎯 Tam Başlık: As You Stood By - 1.Sezon 6.Bölüm
🎯 HEX DECODE - m3u8 bulundu: https://vidlax.xyz/upload/66ea35293ffd31f71c0bdcd30616f6b5107a/master.m3u8
      ✅ As You Stood By - 1.Sezon 6.Bölüm - 1 m3u8
   🔍 [7/8] Bölüm: https://diziyiizle4.com/as-you-stood-by/1-sezon-7-bolum/
📺 Embed URL bulundu: https://vidlax1.xyz/embed/44be45170b6d2e77
🔍 Embed URL kontrol ediliyor: https://vidlax1.xyz/embed/44be45170b6d2e77
📄 Embed sayfa içeriği alındı, boyut: 43359 karakter
🎬 Video Başlığı: As You Stood By
📝 Video Açıklaması: 1.Sezon 7.Bölüm
🎯 Tam Başlık: As You Stood By - 1.Sezon 7.Bölüm
🎯 HEX DECODE - m3u8 bulundu: https://vidlax.xyz/upload/6475709c9cf376fc29a76de0d21a9d655b6e/master.m3u8
      ✅ As You Stood By - 1.Sezon 7.Bölüm - 1 m3u8
   🔍 [8/8] Bölüm: https://diziyiizle4.com/as-you-stood-by/1-sezon-8-bolum/
📺 Embed URL bulundu: https://vidlax1.xyz/embed/e0066fe0cd188434
🔍 Embed URL kontrol ediliyor: https://vidlax1.xyz/embed/e0066fe0cd188434
📄 Embed sayfa içeriği alındı, boyut: 43351 karakter
🎬 Video Başlığı: As You Stood By
📝 Video Açıklaması: 1.Sezon 8.Bölüm
🎯 Tam Başlık: As You Stood By - 1.Sezon 8.Bölüm
🎯 HEX DECODE - m3u8 bulundu: https://vidlax.xyz/upload/a83723e6b065a6ff4d7242029934b4efcb81/master.m3u8
      ✅ As You Stood By - 1.Sezon 8.Bölüm - 1 m3u8
      📁 Dizi playlist: playlists/as_you_stood_by_playlist.m3u
   ✅ Dizi tamamlandı: 8 m3u8 eklendi

============================================================
🎬 [41/56] İşleniyor: https://diziyiizle4.com/dizi/riot-women/
📺 Bölüm bulundu: 1. Sezon 1. BölümAltyazılı07.11.202557 dk. - https://diziyiizle4.com/riot-women/1-sezon-1-bolum/
📺 Bölüm bulundu: 1. Sezon 2. BölümAltyazılı07.11.202558 dk. - https://diziyiizle4.com/riot-women/1-sezon-2-bolum/
📺 Bölüm bulundu: 1. Sezon 3. BölümAltyazılı07.11.202558 dk. - https://diziyiizle4.com/riot-women/1-sezon-3-bolum/
📺 Bölüm bulundu: 1. Sezon 4. BölümAltyazılı07.11.202558 dk. - https://diziyiizle4.com/riot-women/1-sezon-4-bolum/
📺 Bölüm bulundu: 1. Sezon 5. BölümAltyazılı07.11.202559 dk. - https://diziyiizle4.com/riot-women/1-sezon-5-bolum/
📺 Bölüm bulundu: 1. Sezon 6. BölümAltyazılı07.11.202562 dk. - https://diziyiizle4.com/riot-women/1-sezon-6-bolum/

📊 Toplam 6 bölüm bulundu
   🔍 [1/6] Bölüm: https://diziyiizle4.com/riot-women/1-sezon-1-bolum/
📺 Embed URL bulundu: https://vidlax1.xyz/embed/7dfee8314ed4f0f3
🔍 Embed URL kontrol ediliyor: https://vidlax1.xyz/embed/7dfee8314ed4f0f3
📄 Embed sayfa içeriği alındı, boyut: 40401 karakter
🎬 Video Başlığı: Riot Women
📝 Video Açıklaması: 1.Sezon 1.Bölüm
🎯 Tam Başlık: Riot Women - 1.Sezon 1.Bölüm
🎯 HEX DECODE - m3u8 bulundu: https://vidlax.xyz/upload/729bda180174ab9e88d6634b3ff988ef44ce/master.m3u8
      ✅ Riot Women - 1.Sezon 1.Bölüm - 1 m3u8
   🔍 [2/6] Bölüm: https://diziyiizle4.com/riot-women/1-sezon-2-bolum/
📺 Embed URL bulundu: https://vidlax1.xyz/embed/caabfe4b2dd92bd4
🔍 Embed URL kontrol ediliyor: https://vidlax1.xyz/embed/caabfe4b2dd92bd4
📄 Embed sayfa içeriği alındı, boyut: 40401 karakter
🎬 Video Başlığı: Riot Women
📝 Video Açıklaması: 1.Sezon 2.Bölüm
🎯 Tam Başlık: Riot Women - 1.Sezon 2.Bölüm
🎯 HEX DECODE - m3u8 bulundu: https://vidlax.xyz/upload/360a33bf2d42dbdf26a0a6997153387eb9e1/master.m3u8
      ✅ Riot Women - 1.Sezon 2.Bölüm - 1 m3u8
   🔍 [3/6] Bölüm: https://diziyiizle4.com/riot-women/1-sezon-3-bolum/
📺 Embed URL bulundu: https://vidlax1.xyz/embed/02125ef46352bcbd
🔍 Embed URL kontrol ediliyor: https://vidlax1.xyz/embed/02125ef46352bcbd
📄 Embed sayfa içeriği alındı, boyut: 40401 karakter
🎬 Video Başlığı: Riot Women
📝 Video Açıklaması: 1.Sezon 3.Bölüm
🎯 Tam Başlık: Riot Women - 1.Sezon 3.Bölüm
🎯 HEX DECODE - m3u8 bulundu: https://vidlax.xyz/upload/b460d905bd922b7c04e6158c826f97c08498/master.m3u8
      ✅ Riot Women - 1.Sezon 3.Bölüm - 1 m3u8
   🔍 [4/6] Bölüm: https://diziyiizle4.com/riot-women/1-sezon-4-bolum/
📺 Embed URL bulundu: https://vidlax1.xyz/embed/29cfa8967ebc46c8
🔍 Embed URL kontrol ediliyor: https://vidlax1.xyz/embed/29cfa8967ebc46c8
📄 Embed sayfa içeriği alındı, boyut: 40401 karakter
🎬 Video Başlığı: Riot Women
📝 Video Açıklaması: 1.Sezon 4.Bölüm
🎯 Tam Başlık: Riot Women - 1.Sezon 4.Bölüm
🎯 HEX DECODE - m3u8 bulundu: https://vidlax.xyz/upload/8b645c5d7dadf143c99d5947d3cea5767f34/master.m3u8
      ✅ Riot Women - 1.Sezon 4.Bölüm - 1 m3u8
   🔍 [5/6] Bölüm: https://diziyiizle4.com/riot-women/1-sezon-5-bolum/
📺 Embed URL bulundu: https://vidlax1.xyz/embed/2eb374fde2a5bc5c
🔍 Embed URL kontrol ediliyor: https://vidlax1.xyz/embed/2eb374fde2a5bc5c
📄 Embed sayfa içeriği alındı, boyut: 40401 karakter
🎬 Video Başlığı: Riot Women
📝 Video Açıklaması: 1.Sezon 5.Bölüm
🎯 Tam Başlık: Riot Women - 1.Sezon 5.Bölüm
🎯 HEX DECODE - m3u8 bulundu: https://vidlax.xyz/upload/cc69dda4662eaebc89df428bf5bcf7da0061/master.m3u8
      ✅ Riot Women - 1.Sezon 5.Bölüm - 1 m3u8
   🔍 [6/6] Bölüm: https://diziyiizle4.com/riot-women/1-sezon-6-bolum/
📺 Embed URL bulundu: https://vidlax1.xyz/embed/85e64add115e080d
🔍 Embed URL kontrol ediliyor: https://vidlax1.xyz/embed/85e64add115e080d
📄 Embed sayfa içeriği alındı, boyut: 40401 karakter
🎬 Video Başlığı: Riot Women
📝 Video Açıklaması: 1.Sezon 6.Bölüm
🎯 Tam Başlık: Riot Women - 1.Sezon 6.Bölüm
🎯 HEX DECODE - m3u8 bulundu: https://vidlax.xyz/upload/470b8b2fe9a35b42051dcc0a090fb2b30d7b/master.m3u8
      ✅ Riot Women - 1.Sezon 6.Bölüm - 1 m3u8
      📁 Dizi playlist: playlists/riot_women_playlist.m3u
   ✅ Dizi tamamlandı: 6 m3u8 eklendi

============================================================
🎬 [42/56] İşleniyor: https://diziyiizle4.com/dizi/pluribus-hd/
📺 Bölüm bulundu: 1. Sezon 1. BölümAltyazılı07.11.202557 dk. - https://diziyiizle4.com/pluribus-hd/1-sezon-1-bolum/
📺 Bölüm bulundu: 1. Sezon 2. BölümAltyazılı07.11.202563 dk. - https://diziyiizle4.com/pluribus-hd/1-sezon-2-bolum/
📺 Bölüm bulundu: 1. Sezon 3. BölümAltyazılı14.11.202544 dk. - https://diziyiizle4.com/pluribus-hd/1-sezon-3-bolum/
📺 Bölüm bulundu: 1. Sezon 4. BölümAltyazılı07.11.2025 - https://diziyiizle4.com/pluribus-hd/1-sezon-4-bolum/
📺 Bölüm bulundu: 1. Sezon 5. BölümAltyazılı07.11.2025 - https://diziyiizle4.com/pluribus-hd/1-sezon-5-bolum/
📺 Bölüm bulundu: 1. Sezon 6. BölümAltyazılı07.11.2025 - https://diziyiizle4.com/pluribus-hd/1-sezon-6-bolum/
📺 Bölüm bulundu: 1. Sezon 7. BölümAltyazılı07.11.2025 - https://diziyiizle4.com/pluribus-hd/1-sezon-7-bolum/
📺 Bölüm bulundu: 1. Sezon 8. BölümAltyazılı07.11.2025 - https://diziyiizle4.com/pluribus-hd/1-sezon-8-bolum/
📺 Bölüm bulundu: 1. Sezon 9. BölümAltyazılı07.11.2025 - https://diziyiizle4.com/pluribus-hd/1-sezon-9-bolum/

📊 Toplam 9 bölüm bulundu
   🔍 [1/9] Bölüm: https://diziyiizle4.com/pluribus-hd/1-sezon-1-bolum/
📺 Embed URL bulundu: https://vidlax1.xyz/embed/a9b9aa41e6011bd5
🔍 Embed URL kontrol ediliyor: https://vidlax1.xyz/embed/a9b9aa41e6011bd5
📄 Embed sayfa içeriği alındı, boyut: 40399 karakter
🎬 Video Başlığı: Pluribus
📝 Video Açıklaması: 1.Sezon 1.Bölüm
🎯 Tam Başlık: Pluribus - 1.Sezon 1.Bölüm
🎯 HEX DECODE - m3u8 bulundu: https://vidlax.xyz/upload/2870a31a67a699b3d0128712dca1fe01f996/master.m3u8
      ✅ Pluribus - 1.Sezon 1.Bölüm - 1 m3u8
   🔍 [2/9] Bölüm: https://diziyiizle4.com/pluribus-hd/1-sezon-2-bolum/
📺 Embed URL bulundu: https://vidlax1.xyz/embed/11d0fdec7c23505d
🔍 Embed URL kontrol ediliyor: https://vidlax1.xyz/embed/11d0fdec7c23505d
📄 Embed sayfa içeriği alındı, boyut: 40399 karakter
🎬 Video Başlığı: Pluribus
📝 Video Açıklaması: 1.Sezon 2.Bölüm
🎯 Tam Başlık: Pluribus - 1.Sezon 2.Bölüm
🎯 HEX DECODE - m3u8 bulundu: https://vidlax.xyz/upload/e8ce0cd9fd062106138c6d7775d372da1108/master.m3u8
      ✅ Pluribus - 1.Sezon 2.Bölüm - 1 m3u8
   🔍 [3/9] Bölüm: https://diziyiizle4.com/pluribus-hd/1-sezon-3-bolum/
📺 Embed URL bulundu: https://vidlax1.xyz/embed/bbba171014a1f7be
🔍 Embed URL kontrol ediliyor: https://vidlax1.xyz/embed/bbba171014a1f7be
📄 Embed sayfa içeriği alındı, boyut: 40433 karakter
🎬 Video Başlığı: Pluribus
📝 Video Açıklaması: 1.Sezon 3.Bölüm
🎯 Tam Başlık: Pluribus - 1.Sezon 3.Bölüm
🎯 HEX DECODE - m3u8 bulundu: https://vidlax.xyz/upload/192a3e7e053a537e08d2b39e79b78f7946ce/master.m3u8
      ✅ Pluribus - 1.Sezon 3.Bölüm - 1 m3u8
   🔍 [4/9] Bölüm: https://diziyiizle4.com/pluribus-hd/1-sezon-4-bolum/
📺 Embed URL bulundu: https://vidlax1.xyz/embed/b48d4a75d8ff16e7
🔍 Embed URL kontrol ediliyor: https://vidlax1.xyz/embed/b48d4a75d8ff16e7
📄 Embed sayfa içeriği alındı, boyut: 40101 karakter
🎬 Video Başlığı: Pluribus
📝 Video Açıklaması: 1.Sezon 4.Bölüm
🎯 Tam Başlık: Pluribus - 1.Sezon 4.Bölüm
🎯 HEX DECODE - m3u8 bulundu: https://vidlax.xyz/tmp-upload/971e66ad9d48dc71111db5f97e64f6af9945/master.m3u8
      ✅ Pluribus - 1.Sezon 4.Bölüm - 1 m3u8
   🔍 [5/9] Bölüm: https://diziyiizle4.com/pluribus-hd/1-sezon-5-bolum/

🔍 Vidlax direkt analizi: https://diziyiizle4.com/pluribus-hd/1-sezon-5-bolum/
📄 Sayfa içeriği alındı: 97716 karakter
🎬 Video Başlığı: Bilinmiyor
📝 Video Açıklaması: Pluribus - 1. Sezon 5. Bölüm online izle. HD kalitede dizi bölümü.
❌ m3u8 URL'si bulunamadı
      ❌ m3u8 bulunamadı
   🔍 [6/9] Bölüm: https://diziyiizle4.com/pluribus-hd/1-sezon-6-bolum/

🔍 Vidlax direkt analizi: https://diziyiizle4.com/pluribus-hd/1-sezon-6-bolum/
📄 Sayfa içeriği alındı: 97717 karakter
🎬 Video Başlığı: Bilinmiyor
📝 Video Açıklaması: Pluribus - 1. Sezon 6. Bölüm online izle. HD kalitede dizi bölümü.
❌ m3u8 URL'si bulunamadı
      ❌ m3u8 bulunamadı
   🔍 [7/9] Bölüm: https://diziyiizle4.com/pluribus-hd/1-sezon-7-bolum/

🔍 Vidlax direkt analizi: https://diziyiizle4.com/pluribus-hd/1-sezon-7-bolum/
📄 Sayfa içeriği alındı: 97716 karakter
🎬 Video Başlığı: Bilinmiyor
📝 Video Açıklaması: Pluribus - 1. Sezon 7. Bölüm online izle. HD kalitede dizi bölümü.
❌ m3u8 URL'si bulunamadı
      ❌ m3u8 bulunamadı
   🔍 [8/9] Bölüm: https://diziyiizle4.com/pluribus-hd/1-sezon-8-bolum/

🔍 Vidlax direkt analizi: https://diziyiizle4.com/pluribus-hd/1-sezon-8-bolum/
📄 Sayfa içeriği alındı: 97717 karakter
🎬 Video Başlığı: Bilinmiyor
📝 Video Açıklaması: Pluribus - 1. Sezon 8. Bölüm online izle. HD kalitede dizi bölümü.
❌ m3u8 URL'si bulunamadı
      ❌ m3u8 bulunamadı
   🔍 [9/9] Bölüm: https://diziyiizle4.com/pluribus-hd/1-sezon-9-bolum/

🔍 Vidlax direkt analizi: https://diziyiizle4.com/pluribus-hd/1-sezon-9-bolum/
📄 Sayfa içeriği alındı: 97717 karakter
🎬 Video Başlığı: Bilinmiyor
📝 Video Açıklaması: Pluribus - 1. Sezon 9. Bölüm online izle. HD kalitede dizi bölümü.
❌ m3u8 URL'si bulunamadı
      ❌ m3u8 bulunamadı
      📁 Dizi playlist: playlists/pluribus_hd_playlist.m3u
   ✅ Dizi tamamlandı: 4 m3u8 eklendi

============================================================
🎬 [43/56] İşleniyor: https://diziyiizle4.com/dizi/fer-3/
📺 Bölüm bulundu: 1. Sezon 1. BölümAltyazılı07.11.202542 dk. - https://diziyiizle4.com/fer-3/1-sezon-1-bolum/
📺 Bölüm bulundu: 1. Sezon 2. BölümAltyazılı07.11.202552 dk. - https://diziyiizle4.com/fer-3/1-sezon-2-bolum/
📺 Bölüm bulundu: 1. Sezon 3. BölümAltyazılı14.11.2025 - https://diziyiizle4.com/fer-3/1-sezon-3-bolum/
📺 Bölüm bulundu: 1. Sezon 4. BölümAltyazılı14.11.2025 - https://diziyiizle4.com/fer-3/1-sezon-4-bolum/

📊 Toplam 4 bölüm bulundu
   🔍 [1/4] Bölüm: https://diziyiizle4.com/fer-3/1-sezon-1-bolum/
📺 Embed URL bulundu: https://vidlax1.xyz/embed/c240de1ab7b5375a
🔍 Embed URL kontrol ediliyor: https://vidlax1.xyz/embed/c240de1ab7b5375a
📄 Embed sayfa içeriği alındı, boyut: 40253 karakter
🎬 Video Başlığı: FER
📝 Video Açıklaması: 1.Sezon 1.Bölüm
🎯 Tam Başlık: FER - 1.Sezon 1.Bölüm
🎯 HEX DECODE - m3u8 bulundu: https://vidlax.xyz/upload/ab29e4e2d19e0f702e49837c79948b42b770/master.m3u8
      ✅ FER - 1.Sezon 1.Bölüm - 1 m3u8
   🔍 [2/4] Bölüm: https://diziyiizle4.com/fer-3/1-sezon-2-bolum/
📺 Embed URL bulundu: https://vidlax1.xyz/embed/8456b09ef368d5ab
🔍 Embed URL kontrol ediliyor: https://vidlax1.xyz/embed/8456b09ef368d5ab
📄 Embed sayfa içeriği alındı, boyut: 40253 karakter
🎬 Video Başlığı: FER
📝 Video Açıklaması: 1.Sezon 2.Bölüm
🎯 Tam Başlık: FER - 1.Sezon 2.Bölüm
🎯 HEX DECODE - m3u8 bulundu: https://vidlax.xyz/upload/f45ab87faa9886a6ccd6cfdf5cd75127e9fe/master.m3u8
      ✅ FER - 1.Sezon 2.Bölüm - 1 m3u8
   🔍 [3/4] Bölüm: https://diziyiizle4.com/fer-3/1-sezon-3-bolum/
📺 Embed URL bulundu: https://vidlax1.xyz/embed/4db09342537421d3
🔍 Embed URL kontrol ediliyor: https://vidlax1.xyz/embed/4db09342537421d3
📄 Embed sayfa içeriği alındı, boyut: 40253 karakter
🎬 Video Başlığı: FER
📝 Video Açıklaması: 1.Sezon 3.Bölüm
🎯 Tam Başlık: FER - 1.Sezon 3.Bölüm
🎯 HEX DECODE - m3u8 bulundu: https://vidlax.xyz/upload/b8fb84107becd45b15a29f18126325862314/master.m3u8
      ✅ FER - 1.Sezon 3.Bölüm - 1 m3u8
   🔍 [4/4] Bölüm: https://diziyiizle4.com/fer-3/1-sezon-4-bolum/

🔍 Vidlax direkt analizi: https://diziyiizle4.com/fer-3/1-sezon-4-bolum/
📄 Sayfa içeriği alındı: 91197 karakter
🎬 Video Başlığı: Bilinmiyor
📝 Video Açıklaması: FER - 1. Sezon 4. Bölüm online izle. HD kalitede dizi bölümü.
❌ m3u8 URL'si bulunamadı
      ❌ m3u8 bulunamadı
      📁 Dizi playlist: playlists/fer_3_playlist.m3u
   ✅ Dizi tamamlandı: 3 m3u8 eklendi

============================================================
🎬 [44/56] İşleniyor: https://diziyiizle4.com/dizi/maxton-hall-aramizdaki-dunya/
📺 Bölüm bulundu: 1. Sezon 1. BölümDublaj07.11.202547 dk. - https://diziyiizle4.com/maxton-hall-aramizdaki-dunya/1-sezon-1-bolum/
📺 Bölüm bulundu: 1. Sezon 2. BölümDublaj07.11.202545 dk. - https://diziyiizle4.com/maxton-hall-aramizdaki-dunya/1-sezon-2-bolum/
📺 Bölüm bulundu: 1. Sezon 3. BölümDublaj07.11.202553 dk. - https://diziyiizle4.com/maxton-hall-aramizdaki-dunya/1-sezon-3-bolum/
📺 Bölüm bulundu: 1. Sezon 4. BölümDublaj07.11.202545 dk. - https://diziyiizle4.com/maxton-hall-aramizdaki-dunya/1-sezon-4-bolum/
📺 Bölüm bulundu: 1. Sezon 5. BölümDublaj07.11.202548 dk. - https://diziyiizle4.com/maxton-hall-aramizdaki-dunya/1-sezon-5-bolum/
📺 Bölüm bulundu: 1. Sezon 6. BölümDublaj07.11.202545 dk. - https://diziyiizle4.com/maxton-hall-aramizdaki-dunya/1-sezon-6-bolum/
📺 Bölüm bulundu: 2. Sezon 1. BölümDublaj07.11.2025 - https://diziyiizle4.com/maxton-hall-aramizdaki-dunya/2-sezon-1-bolum/
📺 Bölüm bulundu: 2. Sezon 2. BölümDublaj07.11.2025 - https://diziyiizle4.com/maxton-hall-aramizdaki-dunya/2-sezon-2-bolum/
📺 Bölüm bulundu: 2. Sezon 3. BölümDublaj07.11.2025 - https://diziyiizle4.com/maxton-hall-aramizdaki-dunya/2-sezon-3-bolum/
📺 Bölüm bulundu: 2. Sezon 4. BölümDublaj14.11.202542 dk. - https://diziyiizle4.com/maxton-hall-aramizdaki-dunya/2-sezon-4-bolum/
📺 Bölüm bulundu: 2. Sezon 5. BölümAltyazılı07.11.2025 - https://diziyiizle4.com/maxton-hall-aramizdaki-dunya/2-sezon-5-bolum/
📺 Bölüm bulundu: 2. Sezon 6. BölümAltyazılı07.11.2025 - https://diziyiizle4.com/maxton-hall-aramizdaki-dunya/2-sezon-6-bolum/

📊 Toplam 12 bölüm bulundu
   🔍 [1/12] Bölüm: https://diziyiizle4.com/maxton-hall-aramizdaki-dunya/1-sezon-1-bolum/
📺 Embed URL bulundu: https://vidlax1.xyz/embed/7754b77f84f527e3
🔍 Embed URL kontrol ediliyor: https://vidlax1.xyz/embed/7754b77f84f527e3
📄 Embed sayfa içeriği alındı, boyut: 43169 karakter
🎬 Video Başlığı: Maxton Hall - The World Between Us
📝 Video Açıklaması: 1.Sezon 1.Bölüm
🎯 Tam Başlık: Maxton Hall - The World Between Us - 1.Sezon 1.Bölüm
🎯 HEX DECODE - m3u8 bulundu: https://vidlax.xyz/upload/b0509f0bbef227166aeb06364ac7f16d2ec9/master.m3u8
      ✅ Maxton Hall - The World Between Us - 1.Sezon 1.Bölüm - 1 m3u8
   🔍 [2/12] Bölüm: https://diziyiizle4.com/maxton-hall-aramizdaki-dunya/1-sezon-2-bolum/
📺 Embed URL bulundu: https://vidlax1.xyz/embed/c94026f164d7d079
🔍 Embed URL kontrol ediliyor: https://vidlax1.xyz/embed/c94026f164d7d079
📄 Embed sayfa içeriği alındı, boyut: 43333 karakter
🎬 Video Başlığı: Maxton Hall - The World Between Us
📝 Video Açıklaması: 1.Sezon 2.Bölüm
🎯 Tam Başlık: Maxton Hall - The World Between Us - 1.Sezon 2.Bölüm
🎯 HEX DECODE - m3u8 bulundu: https://vidlax.xyz/upload/3dffd785452c834cf5be56829b8db769149c/master.m3u8
      ✅ Maxton Hall - The World Between Us - 1.Sezon 2.Bölüm - 1 m3u8
   🔍 [3/12] Bölüm: https://diziyiizle4.com/maxton-hall-aramizdaki-dunya/1-sezon-3-bolum/
📺 Embed URL bulundu: https://vidlax1.xyz/embed/e5c620d113c2f435
🔍 Embed URL kontrol ediliyor: https://vidlax1.xyz/embed/e5c620d113c2f435
📄 Embed sayfa içeriği alındı, boyut: 43345 karakter
🎬 Video Başlığı: Maxton Hall - The World Between Us
📝 Video Açıklaması: 1.Sezon 3.Bölüm
🎯 Tam Başlık: Maxton Hall - The World Between Us - 1.Sezon 3.Bölüm
🎯 HEX DECODE - m3u8 bulundu: https://vidlax.xyz/upload/ed6312edce82151cd7159afa53f2af802778/master.m3u8
      ✅ Maxton Hall - The World Between Us - 1.Sezon 3.Bölüm - 1 m3u8
   🔍 [4/12] Bölüm: https://diziyiizle4.com/maxton-hall-aramizdaki-dunya/1-sezon-4-bolum/
📺 Embed URL bulundu: https://vidlax1.xyz/embed/7632f930081afef7
🔍 Embed URL kontrol ediliyor: https://vidlax1.xyz/embed/7632f930081afef7
📄 Embed sayfa içeriği alındı, boyut: 43333 karakter
🎬 Video Başlığı: Maxton Hall - The World Between Us
📝 Video Açıklaması: 1.Sezon 4.Bölüm
🎯 Tam Başlık: Maxton Hall - The World Between Us - 1.Sezon 4.Bölüm
🎯 HEX DECODE - m3u8 bulundu: https://vidlax.xyz/upload/dad31bc0176d3e302a1fe23100d3b65fba3f/master.m3u8
      ✅ Maxton Hall - The World Between Us - 1.Sezon 4.Bölüm - 1 m3u8
   🔍 [5/12] Bölüm: https://diziyiizle4.com/maxton-hall-aramizdaki-dunya/1-sezon-5-bolum/
📺 Embed URL bulundu: https://vidlax1.xyz/embed/3d2722a3589620b9
🔍 Embed URL kontrol ediliyor: https://vidlax1.xyz/embed/3d2722a3589620b9
📄 Embed sayfa içeriği alındı, boyut: 43333 karakter
🎬 Video Başlığı: Maxton Hall - The World Between Us
📝 Video Açıklaması: 1.Sezon 5.Bölüm
🎯 Tam Başlık: Maxton Hall - The World Between Us - 1.Sezon 5.Bölüm
🎯 HEX DECODE - m3u8 bulundu: https://vidlax.xyz/upload/8ab13a5a2447631e6e0f50bb121e456c3b0f/master.m3u8
      ✅ Maxton Hall - The World Between Us - 1.Sezon 5.Bölüm - 1 m3u8
   🔍 [6/12] Bölüm: https://diziyiizle4.com/maxton-hall-aramizdaki-dunya/1-sezon-6-bolum/
📺 Embed URL bulundu: https://vidlax1.xyz/embed/06f74558eab6b30a
🔍 Embed URL kontrol ediliyor: https://vidlax1.xyz/embed/06f74558eab6b30a
📄 Embed sayfa içeriği alındı, boyut: 43333 karakter
🎬 Video Başlığı: Maxton Hall - The World Between Us
📝 Video Açıklaması: 1.Sezon 6.Bölüm
🎯 Tam Başlık: Maxton Hall - The World Between Us - 1.Sezon 6.Bölüm
🎯 HEX DECODE - m3u8 bulundu: https://vidlax.xyz/upload/9fc8cb8dbf8c1b46f463bec04a226293cea1/master.m3u8
      ✅ Maxton Hall - The World Between Us - 1.Sezon 6.Bölüm - 1 m3u8
   🔍 [7/12] Bölüm: https://diziyiizle4.com/maxton-hall-aramizdaki-dunya/2-sezon-1-bolum/
📺 Embed URL bulundu: https://vidlax1.xyz/embed/7d718ef51dc983bd
🔍 Embed URL kontrol ediliyor: https://vidlax1.xyz/embed/7d718ef51dc983bd
📄 Embed sayfa içeriği alındı, boyut: 43289 karakter
🎬 Video Başlığı: Maxton Hall - World Between Us
📝 Video Açıklaması: 2.Sezon 1.Bölüm
🎯 Tam Başlık: Maxton Hall - World Between Us - 2.Sezon 1.Bölüm
🎯 HEX DECODE - m3u8 bulundu: https://vidlax.xyz/upload/e416a8be2243d2fba17ea1a0c7e7c613c68f/master.m3u8
      ✅ Maxton Hall - World Between Us - 2.Sezon 1.Bölüm - 1 m3u8
   🔍 [8/12] Bölüm: https://diziyiizle4.com/maxton-hall-aramizdaki-dunya/2-sezon-2-bolum/
📺 Embed URL bulundu: https://vidlax1.xyz/embed/b55ec2a96f9c83e6
🔍 Embed URL kontrol ediliyor: https://vidlax1.xyz/embed/b55ec2a96f9c83e6
📄 Embed sayfa içeriği alındı, boyut: 43463 karakter
🎬 Video Başlığı: Maxton Hall - World Between Us
📝 Video Açıklaması: 2.Sezon 2.Bölüm
🎯 Tam Başlık: Maxton Hall - World Between Us - 2.Sezon 2.Bölüm
🎯 HEX DECODE - m3u8 bulundu: https://vidlax.xyz/upload/abea49d3441eda7596b3a0022e81970a7abe/master.m3u8
      ✅ Maxton Hall - World Between Us - 2.Sezon 2.Bölüm - 1 m3u8
   🔍 [9/12] Bölüm: https://diziyiizle4.com/maxton-hall-aramizdaki-dunya/2-sezon-3-bolum/
📺 Embed URL bulundu: https://vidlax1.xyz/embed/7f1b7ebeafd222ed
🔍 Embed URL kontrol ediliyor: https://vidlax1.xyz/embed/7f1b7ebeafd222ed
📄 Embed sayfa içeriği alındı, boyut: 43289 karakter
🎬 Video Başlığı: Maxton Hall - World Between Us
📝 Video Açıklaması: 2.Sezon 3.Bölüm
🎯 Tam Başlık: Maxton Hall - World Between Us - 2.Sezon 3.Bölüm
🎯 HEX DECODE - m3u8 bulundu: https://vidlax.xyz/upload/a3b79eba18bf890f30cab1cf3aea57242e05/master.m3u8
      ✅ Maxton Hall - World Between Us - 2.Sezon 3.Bölüm - 1 m3u8
   🔍 [10/12] Bölüm: https://diziyiizle4.com/maxton-hall-aramizdaki-dunya/2-sezon-4-bolum/
📺 Embed URL bulundu: https://vidlax1.xyz/embed/27c6fa81d208d55c
🔍 Embed URL kontrol ediliyor: https://vidlax1.xyz/embed/27c6fa81d208d55c
📄 Embed sayfa içeriği alındı, boyut: 43174 karakter
🎬 Video Başlığı: Maxton Hall - The World Between Us
📝 Video Açıklaması: 2.Sezon 4.Bölüm
🎯 Tam Başlık: Maxton Hall - The World Between Us - 2.Sezon 4.Bölüm
🎯 HEX DECODE - m3u8 bulundu: https://vidlax.xyz/upload/a77f8e27a447aa7c2a31228b4de5d4958355/master.m3u8
      ✅ Maxton Hall - The World Between Us - 2.Sezon 4.Bölüm - 1 m3u8
   🔍 [11/12] Bölüm: https://diziyiizle4.com/maxton-hall-aramizdaki-dunya/2-sezon-5-bolum/

🔍 Vidlax direkt analizi: https://diziyiizle4.com/maxton-hall-aramizdaki-dunya/2-sezon-5-bolum/
📄 Sayfa içeriği alındı: 103283 karakter
🎬 Video Başlığı: Bilinmiyor
📝 Video Açıklaması: Maxton Hall - The World Between Us - 2. Sezon 5. Bölüm online izle. HD kalitede dizi bölümü.
❌ m3u8 URL'si bulunamadı
      ❌ m3u8 bulunamadı
   🔍 [12/12] Bölüm: https://diziyiizle4.com/maxton-hall-aramizdaki-dunya/2-sezon-6-bolum/

🔍 Vidlax direkt analizi: https://diziyiizle4.com/maxton-hall-aramizdaki-dunya/2-sezon-6-bolum/
📄 Sayfa içeriği alındı: 103283 karakter
🎬 Video Başlığı: Bilinmiyor
📝 Video Açıklaması: Maxton Hall - The World Between Us - 2. Sezon 6. Bölüm online izle. HD kalitede dizi bölümü.
❌ m3u8 URL'si bulunamadı
      ❌ m3u8 bulunamadı
      📁 Dizi playlist: playlists/maxton_hall_aramizdaki_dunya_playlist.m3u
   ✅ Dizi tamamlandı: 10 m3u8 eklendi

============================================================
🎬 [45/56] İşleniyor: https://diziyiizle4.com/dizi/karma-2/
📺 Bölüm bulundu: 1. Sezon 1. BölümAltyazılı07.11.2025 - https://diziyiizle4.com/karma-2/1-sezon-1-bolum/
📺 Bölüm bulundu: 1. Sezon 2. BölümAltyazılı14.11.2025 - https://diziyiizle4.com/karma-2/1-sezon-2-bolum/

📊 Toplam 2 bölüm bulundu
   🔍 [1/2] Bölüm: https://diziyiizle4.com/karma-2/1-sezon-1-bolum/
📺 Embed URL bulundu: https://vidlax1.xyz/embed/997722a869e38434
🔍 Embed URL kontrol ediliyor: https://vidlax1.xyz/embed/997722a869e38434
📄 Embed sayfa içeriği alındı, boyut: 40255 karakter
🎬 Video Başlığı: Karma
📝 Video Açıklaması: 1.Sezon 1.Bölüm
🎯 Tam Başlık: Karma - 1.Sezon 1.Bölüm
🎯 HEX DECODE - m3u8 bulundu: https://vidlax.xyz/upload/af9ab57d605fcb2dba7ef8fba5ec8abee9e0/master.m3u8
      ✅ Karma - 1.Sezon 1.Bölüm - 1 m3u8
   🔍 [2/2] Bölüm: https://diziyiizle4.com/karma-2/1-sezon-2-bolum/
📺 Embed URL bulundu: https://vidlax1.xyz/embed/fd7bbb2234d2ce3c
🔍 Embed URL kontrol ediliyor: https://vidlax1.xyz/embed/fd7bbb2234d2ce3c
📄 Embed sayfa içeriği alındı, boyut: 40255 karakter
🎬 Video Başlığı: Karma
📝 Video Açıklaması: 1.Sezon 2.Bölüm
🎯 Tam Başlık: Karma - 1.Sezon 2.Bölüm
🎯 HEX DECODE - m3u8 bulundu: https://vidlax.xyz/upload/9e7cf9a62593cefc3024666482fc975bf04a/master.m3u8
      ✅ Karma - 1.Sezon 2.Bölüm - 1 m3u8
      📁 Dizi playlist: playlists/karma_2_playlist.m3u
   ✅ Dizi tamamlandı: 2 m3u8 eklendi

============================================================
🎬 [46/56] İşleniyor: https://diziyiizle4.com/dizi/weeds/
📺 Bölüm bulundu: 1. Sezon 1. BölümDublaj06.11.202531 dk. - https://diziyiizle4.com/weeds/1-sezon-1-bolum/
📺 Bölüm bulundu: 1. Sezon 2. BölümDublaj06.11.202530 dk. - https://diziyiizle4.com/weeds/1-sezon-2-bolum/
📺 Bölüm bulundu: 1. Sezon 3. BölümDublaj06.11.202529 dk. - https://diziyiizle4.com/weeds/1-sezon-3-bolum/
📺 Bölüm bulundu: 1. Sezon 4. BölümDublaj06.11.202526 dk. - https://diziyiizle4.com/weeds/1-sezon-4-bolum/
📺 Bölüm bulundu: 1. Sezon 5. BölümDublaj06.11.202527 dk. - https://diziyiizle4.com/weeds/1-sezon-5-bolum/
📺 Bölüm bulundu: 1. Sezon 6. BölümDublaj06.11.202527 dk. - https://diziyiizle4.com/weeds/1-sezon-6-bolum/
📺 Bölüm bulundu: 1. Sezon 7. BölümDublaj06.11.202526 dk. - https://diziyiizle4.com/weeds/1-sezon-7-bolum/
📺 Bölüm bulundu: 1. Sezon 8. BölümDublaj06.11.202526 dk. - https://diziyiizle4.com/weeds/1-sezon-8-bolum/
📺 Bölüm bulundu: 1. Sezon 9. BölümDublaj06.11.202527 dk. - https://diziyiizle4.com/weeds/1-sezon-9-bolum/
📺 Bölüm bulundu: 1. Sezon 10. BölümDublaj06.11.202530 dk. - https://diziyiizle4.com/weeds/1-sezon-10-bolum/
📺 Bölüm bulundu: 2. Sezon 1. BölümDublaj06.11.202529 dk. - https://diziyiizle4.com/weeds/2-sezon-1-bolum/
📺 Bölüm bulundu: 2. Sezon 2. BölümDublaj06.11.202529 dk. - https://diziyiizle4.com/weeds/2-sezon-2-bolum/
📺 Bölüm bulundu: 2. Sezon 3. BölümDublaj06.11.202526 dk. - https://diziyiizle4.com/weeds/2-sezon-3-bolum/
📺 Bölüm bulundu: 2. Sezon 4. BölümDublaj06.11.202529 dk. - https://diziyiizle4.com/weeds/2-sezon-4-bolum/
📺 Bölüm bulundu: 2. Sezon 5. BölümDublaj06.11.202527 dk. - https://diziyiizle4.com/weeds/2-sezon-5-bolum/
📺 Bölüm bulundu: 2. Sezon 6. BölümDublaj06.11.202528 dk. - https://diziyiizle4.com/weeds/2-sezon-6-bolum/
📺 Bölüm bulundu: 2. Sezon 7. BölümDublaj06.11.202526 dk. - https://diziyiizle4.com/weeds/2-sezon-7-bolum/
📺 Bölüm bulundu: 2. Sezon 8. BölümDublaj06.11.202526 dk. - https://diziyiizle4.com/weeds/2-sezon-8-bolum/
📺 Bölüm bulundu: 2. Sezon 9. BölümDublaj06.11.202527 dk. - https://diziyiizle4.com/weeds/2-sezon-9-bolum/
📺 Bölüm bulundu: 2. Sezon 10. BölümDublaj06.11.202526 dk. - https://diziyiizle4.com/weeds/2-sezon-10-bolum/
📺 Bölüm bulundu: 2. Sezon 11. BölümDublaj06.11.202527 dk. - https://diziyiizle4.com/weeds/2-sezon-11-bolum/
📺 Bölüm bulundu: 2. Sezon 12. BölümDublaj06.11.202526 dk. - https://diziyiizle4.com/weeds/2-sezon-12-bolum/
📺 Bölüm bulundu: 3. Sezon 1. BölümDublaj06.11.202527 dk. - https://diziyiizle4.com/weeds/3-sezon-1-bolum/
📺 Bölüm bulundu: 3. Sezon 2. BölümDublaj06.11.202528 dk. - https://diziyiizle4.com/weeds/3-sezon-2-bolum/
📺 Bölüm bulundu: 3. Sezon 3. BölümDublaj06.11.202528 dk. - https://diziyiizle4.com/weeds/3-sezon-3-bolum/
📺 Bölüm bulundu: 3. Sezon 4. BölümDublaj06.11.202527 dk. - https://diziyiizle4.com/weeds/3-sezon-4-bolum/
📺 Bölüm bulundu: 3. Sezon 5. BölümDublaj06.11.202526 dk. - https://diziyiizle4.com/weeds/3-sezon-5-bolum/
📺 Bölüm bulundu: 3. Sezon 6. BölümDublaj06.11.202526 dk. - https://diziyiizle4.com/weeds/3-sezon-6-bolum/
📺 Bölüm bulundu: 3. Sezon 7. BölümDublaj06.11.202525 dk. - https://diziyiizle4.com/weeds/3-sezon-7-bolum/
📺 Bölüm bulundu: 3. Sezon 8. BölümDublaj06.11.202527 dk. - https://diziyiizle4.com/weeds/3-sezon-8-bolum/
📺 Bölüm bulundu: 3. Sezon 9. BölümDublaj06.11.202525 dk. - https://diziyiizle4.com/weeds/3-sezon-9-bolum/
📺 Bölüm bulundu: 3. Sezon 10. BölümDublaj06.11.202524 dk. - https://diziyiizle4.com/weeds/3-sezon-10-bolum/
📺 Bölüm bulundu: 3. Sezon 11. BölümDublaj06.11.202525 dk. - https://diziyiizle4.com/weeds/3-sezon-11-bolum/
📺 Bölüm bulundu: 3. Sezon 12. BölümDublaj06.11.202524 dk. - https://diziyiizle4.com/weeds/3-sezon-12-bolum/
📺 Bölüm bulundu: 3. Sezon 13. BölümDublaj06.11.202524 dk. - https://diziyiizle4.com/weeds/3-sezon-13-bolum/
📺 Bölüm bulundu: 3. Sezon 14. BölümDublaj06.11.202524 dk. - https://diziyiizle4.com/weeds/3-sezon-14-bolum/
📺 Bölüm bulundu: 3. Sezon 15. BölümDublaj06.11.202526 dk. - https://diziyiizle4.com/weeds/3-sezon-15-bolum/
📺 Bölüm bulundu: 4. Sezon 1. BölümDublaj06.11.202528 dk. - https://diziyiizle4.com/weeds/4-sezon-1-bolum/
📺 Bölüm bulundu: 4. Sezon 2. BölümDublaj06.11.202528 dk. - https://diziyiizle4.com/weeds/4-sezon-2-bolum/
📺 Bölüm bulundu: 4. Sezon 3. BölümDublaj06.11.202528 dk. - https://diziyiizle4.com/weeds/4-sezon-3-bolum/
📺 Bölüm bulundu: 4. Sezon 4. BölümDublaj06.11.202528 dk. - https://diziyiizle4.com/weeds/4-sezon-4-bolum/
📺 Bölüm bulundu: 4. Sezon 5. BölümDublaj06.11.202527 dk. - https://diziyiizle4.com/weeds/4-sezon-5-bolum/
📺 Bölüm bulundu: 4. Sezon 6. BölümDublaj06.11.202526 dk. - https://diziyiizle4.com/weeds/4-sezon-6-bolum/
📺 Bölüm bulundu: 4. Sezon 7. BölümDublaj06.11.202527 dk. - https://diziyiizle4.com/weeds/4-sezon-7-bolum/
📺 Bölüm bulundu: 4. Sezon 8. BölümDublaj06.11.202528 dk. - https://diziyiizle4.com/weeds/4-sezon-8-bolum/
📺 Bölüm bulundu: 4. Sezon 9. BölümDublaj06.11.202528 dk. - https://diziyiizle4.com/weeds/4-sezon-9-bolum/
📺 Bölüm bulundu: 4. Sezon 10. BölümDublaj06.11.202528 dk. - https://diziyiizle4.com/weeds/4-sezon-10-bolum/
📺 Bölüm bulundu: 4. Sezon 11. BölümDublaj06.11.202527 dk. - https://diziyiizle4.com/weeds/4-sezon-11-bolum/
📺 Bölüm bulundu: 4. Sezon 12. BölümDublaj06.11.202526 dk. - https://diziyiizle4.com/weeds/4-sezon-12-bolum/
📺 Bölüm bulundu: 4. Sezon 13. BölümDublaj06.11.202529 dk. - https://diziyiizle4.com/weeds/4-sezon-13-bolum/
📺 Bölüm bulundu: 5. Sezon 1. BölümDublaj06.11.202528 dk. - https://diziyiizle4.com/weeds/5-sezon-1-bolum/
📺 Bölüm bulundu: 5. Sezon 2. BölümDublaj06.11.202526 dk. - https://diziyiizle4.com/weeds/5-sezon-2-bolum/
📺 Bölüm bulundu: 5. Sezon 3. BölümDublaj06.11.202527 dk. - https://diziyiizle4.com/weeds/5-sezon-3-bolum/
📺 Bölüm bulundu: 5. Sezon 4. BölümDublaj06.11.202528 dk. - https://diziyiizle4.com/weeds/5-sezon-4-bolum/
📺 Bölüm bulundu: 5. Sezon 5. BölümDublaj06.11.202527 dk. - https://diziyiizle4.com/weeds/5-sezon-5-bolum/
📺 Bölüm bulundu: 5. Sezon 6. BölümDublaj06.11.202528 dk. - https://diziyiizle4.com/weeds/5-sezon-6-bolum/
📺 Bölüm bulundu: 5. Sezon 7. BölümDublaj06.11.202528 dk. - https://diziyiizle4.com/weeds/5-sezon-7-bolum/
📺 Bölüm bulundu: 5. Sezon 8. BölümDublaj06.11.202527 dk. - https://diziyiizle4.com/weeds/5-sezon-8-bolum/
📺 Bölüm bulundu: 5. Sezon 9. BölümDublaj06.11.202528 dk. - https://diziyiizle4.com/weeds/5-sezon-9-bolum/
📺 Bölüm bulundu: 5. Sezon 10. BölümDublaj06.11.202525 dk. - https://diziyiizle4.com/weeds/5-sezon-10-bolum/
📺 Bölüm bulundu: 5. Sezon 11. BölümDublaj06.11.202528 dk. - https://diziyiizle4.com/weeds/5-sezon-11-bolum/
📺 Bölüm bulundu: 5. Sezon 12. BölümDublaj06.11.202526 dk. - https://diziyiizle4.com/weeds/5-sezon-12-bolum/
📺 Bölüm bulundu: 5. Sezon 13. BölümDublaj06.11.202529 dk. - https://diziyiizle4.com/weeds/5-sezon-13-bolum/
📺 Bölüm bulundu: 6. Sezon 1. BölümDublaj06.11.202524 dk. - https://diziyiizle4.com/weeds/6-sezon-1-bolum/
📺 Bölüm bulundu: 6. Sezon 2. BölümDublaj06.11.202527 dk. - https://diziyiizle4.com/weeds/6-sezon-2-bolum/
📺 Bölüm bulundu: 6. Sezon 3. BölümDublaj06.11.202526 dk. - https://diziyiizle4.com/weeds/6-sezon-3-bolum/
📺 Bölüm bulundu: 6. Sezon 4. BölümDublaj06.11.202527 dk. - https://diziyiizle4.com/weeds/6-sezon-4-bolum/
📺 Bölüm bulundu: 6. Sezon 5. BölümDublaj06.11.202528 dk. - https://diziyiizle4.com/weeds/6-sezon-5-bolum/
📺 Bölüm bulundu: 6. Sezon 6. BölümDublaj06.11.202525 dk. - https://diziyiizle4.com/weeds/6-sezon-6-bolum/
📺 Bölüm bulundu: 6. Sezon 7. BölümDublaj06.11.202524 dk. - https://diziyiizle4.com/weeds/6-sezon-7-bolum/
📺 Bölüm bulundu: 6. Sezon 8. BölümDublaj06.11.202529 dk. - https://diziyiizle4.com/weeds/6-sezon-8-bolum/
📺 Bölüm bulundu: 6. Sezon 9. BölümDublaj06.11.202526 dk. - https://diziyiizle4.com/weeds/6-sezon-9-bolum/
📺 Bölüm bulundu: 6. Sezon 10. BölümDublaj06.11.202527 dk. - https://diziyiizle4.com/weeds/6-sezon-10-bolum/
📺 Bölüm bulundu: 6. Sezon 11. BölümDublaj06.11.202528 dk. - https://diziyiizle4.com/weeds/6-sezon-11-bolum/
📺 Bölüm bulundu: 6. Sezon 12. BölümDublaj06.11.202528 dk. - https://diziyiizle4.com/weeds/6-sezon-12-bolum/
📺 Bölüm bulundu: 6. Sezon 13. BölümDublaj06.11.202528 dk. - https://diziyiizle4.com/weeds/6-sezon-13-bolum/
📺 Bölüm bulundu: 7. Sezon 1. BölümDublaj06.11.202525 dk. - https://diziyiizle4.com/weeds/7-sezon-1-bolum/
📺 Bölüm bulundu: 7. Sezon 2. BölümDublaj06.11.202527 dk. - https://diziyiizle4.com/weeds/7-sezon-2-bolum/
📺 Bölüm bulundu: 7. Sezon 3. BölümDublaj06.11.202528 dk. - https://diziyiizle4.com/weeds/7-sezon-3-bolum/
📺 Bölüm bulundu: 7. Sezon 4. BölümDublaj06.11.202528 dk. - https://diziyiizle4.com/weeds/7-sezon-4-bolum/
📺 Bölüm bulundu: 7. Sezon 5. BölümDublaj06.11.202525 dk. - https://diziyiizle4.com/weeds/7-sezon-5-bolum/
📺 Bölüm bulundu: 7. Sezon 6. BölümDublaj06.11.202528 dk. - https://diziyiizle4.com/weeds/7-sezon-6-bolum/
📺 Bölüm bulundu: 7. Sezon 7. BölümDublaj06.11.202526 dk. - https://diziyiizle4.com/weeds/7-sezon-7-bolum/
📺 Bölüm bulundu: 7. Sezon 8. BölümDublaj06.11.202527 dk. - https://diziyiizle4.com/weeds/7-sezon-8-bolum/
📺 Bölüm bulundu: 7. Sezon 9. BölümDublaj06.11.202526 dk. - https://diziyiizle4.com/weeds/7-sezon-9-bolum/
📺 Bölüm bulundu: 7. Sezon 10. BölümDublaj06.11.202526 dk. - https://diziyiizle4.com/weeds/7-sezon-10-bolum/
📺 Bölüm bulundu: 7. Sezon 11. BölümDublaj06.11.202524 dk. - https://diziyiizle4.com/weeds/7-sezon-11-bolum/
📺 Bölüm bulundu: 7. Sezon 12. BölümDublaj06.11.202526 dk. - https://diziyiizle4.com/weeds/7-sezon-12-bolum/
📺 Bölüm bulundu: 7. Sezon 13. BölümDublaj06.11.202528 dk. - https://diziyiizle4.com/weeds/7-sezon-13-bolum/
📺 Bölüm bulundu: 8. Sezon 1. BölümDublaj06.11.202526 dk. - https://diziyiizle4.com/weeds/8-sezon-1-bolum/
📺 Bölüm bulundu: 8. Sezon 2. BölümDublaj06.11.202528 dk. - https://diziyiizle4.com/weeds/8-sezon-2-bolum/
📺 Bölüm bulundu: 8. Sezon 3. BölümDublaj06.11.202527 dk. - https://diziyiizle4.com/weeds/8-sezon-3-bolum/
📺 Bölüm bulundu: 8. Sezon 4. BölümDublaj06.11.202527 dk. - https://diziyiizle4.com/weeds/8-sezon-4-bolum/
📺 Bölüm bulundu: 8. Sezon 5. BölümDublaj06.11.202528 dk. - https://diziyiizle4.com/weeds/8-sezon-5-bolum/
📺 Bölüm bulundu: 8. Sezon 6. BölümDublaj06.11.202528 dk. - https://diziyiizle4.com/weeds/8-sezon-6-bolum/
📺 Bölüm bulundu: 8. Sezon 7. BölümDublaj06.11.202528 dk. - https://diziyiizle4.com/weeds/8-sezon-7-bolum/
📺 Bölüm bulundu: 8. Sezon 8. BölümDublaj06.11.202528 dk. - https://diziyiizle4.com/weeds/8-sezon-8-bolum/
📺 Bölüm bulundu: 8. Sezon 9. BölümDublaj06.11.202528 dk. - https://diziyiizle4.com/weeds/8-sezon-9-bolum/
📺 Bölüm bulundu: 8. Sezon 10. BölümDublaj06.11.202528 dk. - https://diziyiizle4.com/weeds/8-sezon-10-bolum/
📺 Bölüm bulundu: 8. Sezon 11. BölümDublaj06.11.202529 dk. - https://diziyiizle4.com/weeds/8-sezon-11-bolum/
📺 Bölüm bulundu: 8. Sezon 12. BölümDublaj06.11.202529 dk. - https://diziyiizle4.com/weeds/8-sezon-12-bolum/
📺 Bölüm bulundu: 8. Sezon 13. BölümDublaj06.11.202530 dk. - https://diziyiizle4.com/weeds/8-sezon-13-bolum/

📊 Toplam 102 bölüm bulundu
   🔍 [1/102] Bölüm: https://diziyiizle4.com/weeds/1-sezon-1-bolum/
📺 Embed URL bulundu: https://vidlax1.xyz/embed/a9cfe9454ef440d0
🔍 Embed URL kontrol ediliyor: https://vidlax1.xyz/embed/a9cfe9454ef440d0
📄 Embed sayfa içeriği alındı, boyut: 40591 karakter
🎬 Video Başlığı: Weeds
📝 Video Açıklaması: 1.Sezon 1.Bölüm
🎯 Tam Başlık: Weeds - 1.Sezon 1.Bölüm
🎯 HEX DECODE - m3u8 bulundu: https://vidlax.xyz/upload/4d7e3f1d76cb3ada4fd80e8d56ee4142871a/master.m3u8
      ✅ Weeds - 1.Sezon 1.Bölüm - 1 m3u8
   🔍 [2/102] Bölüm: https://diziyiizle4.com/weeds/1-sezon-2-bolum/
📺 Embed URL bulundu: https://vidlax1.xyz/embed/eed0b21a0065a49b
🔍 Embed URL kontrol ediliyor: https://vidlax1.xyz/embed/eed0b21a0065a49b
📄 Embed sayfa içeriği alındı, boyut: 40591 karakter
🎬 Video Başlığı: Weeds
📝 Video Açıklaması: 1.Sezon 2.Bölüm
🎯 Tam Başlık: Weeds - 1.Sezon 2.Bölüm
🎯 HEX DECODE - m3u8 bulundu: https://vidlax.xyz/upload/593016fce2ea6d90fb383c8ccc8a1b5b61d8/master.m3u8
      ✅ Weeds - 1.Sezon 2.Bölüm - 1 m3u8
   🔍 [3/102] Bölüm: https://diziyiizle4.com/weeds/1-sezon-3-bolum/
📺 Embed URL bulundu: https://vidlax1.xyz/embed/ae9bcfd7df703dd8
🔍 Embed URL kontrol ediliyor: https://vidlax1.xyz/embed/ae9bcfd7df703dd8
📄 Embed sayfa içeriği alındı, boyut: 40591 karakter
🎬 Video Başlığı: Weeds
📝 Video Açıklaması: 1.Sezon 3.Bölüm
🎯 Tam Başlık: Weeds - 1.Sezon 3.Bölüm
🎯 HEX DECODE - m3u8 bulundu: https://vidlax.xyz/upload/813f35a82c885fe067405965d0c2fe5a8f82/master.m3u8
      ✅ Weeds - 1.Sezon 3.Bölüm - 1 m3u8
   🔍 [4/102] Bölüm: https://diziyiizle4.com/weeds/1-sezon-4-bolum/
📺 Embed URL bulundu: https://vidlax1.xyz/embed/70543d4bdbabdfdc
🔍 Embed URL kontrol ediliyor: https://vidlax1.xyz/embed/70543d4bdbabdfdc
📄 Embed sayfa içeriği alındı, boyut: 40591 karakter
🎬 Video Başlığı: Weeds
📝 Video Açıklaması: 1.Sezon 4.Bölüm
🎯 Tam Başlık: Weeds - 1.Sezon 4.Bölüm
🎯 HEX DECODE - m3u8 bulundu: https://vidlax.xyz/upload/45b9fd6fe81f2942cdd69f2ffee3b910969c/master.m3u8
      ✅ Weeds - 1.Sezon 4.Bölüm - 1 m3u8
   🔍 [5/102] Bölüm: https://diziyiizle4.com/weeds/1-sezon-5-bolum/
📺 Embed URL bulundu: https://vidlax1.xyz/embed/0089e690398c966a
🔍 Embed URL kontrol ediliyor: https://vidlax1.xyz/embed/0089e690398c966a
📄 Embed sayfa içeriği alındı, boyut: 40591 karakter
🎬 Video Başlığı: Weeds
📝 Video Açıklaması: 1.Sezon 5.Bölüm
🎯 Tam Başlık: Weeds - 1.Sezon 5.Bölüm
🎯 HEX DECODE - m3u8 bulundu: https://vidlax.xyz/upload/57c9ba3ba3b4c141ebecf71628688f0afa8d/master.m3u8
      ✅ Weeds - 1.Sezon 5.Bölüm - 1 m3u8
   🔍 [6/102] Bölüm: https://diziyiizle4.com/weeds/1-sezon-6-bolum/
📺 Embed URL bulundu: https://vidlax1.xyz/embed/04dfc8a02205c9d3
🔍 Embed URL kontrol ediliyor: https://vidlax1.xyz/embed/04dfc8a02205c9d3
📄 Embed sayfa içeriği alındı, boyut: 40764 karakter
🎬 Video Başlığı: Weeds
📝 Video Açıklaması: 1.Sezon 6.Bölüm
🎯 Tam Başlık: Weeds - 1.Sezon 6.Bölüm
🎯 HEX DECODE - m3u8 bulundu: https://vidlax.xyz/upload/d643a03b4f52c54b694f9ba4033ad63a9b21/master.m3u8
      ✅ Weeds - 1.Sezon 6.Bölüm - 1 m3u8
   🔍 [7/102] Bölüm: https://diziyiizle4.com/weeds/1-sezon-7-bolum/
📺 Embed URL bulundu: https://vidlax1.xyz/embed/5dbcd62df54cc6f4
🔍 Embed URL kontrol ediliyor: https://vidlax1.xyz/embed/5dbcd62df54cc6f4
📄 Embed sayfa içeriği alındı, boyut: 40591 karakter
🎬 Video Başlığı: Weeds
📝 Video Açıklaması: 1.Sezon 7.Bölüm
🎯 Tam Başlık: Weeds - 1.Sezon 7.Bölüm
🎯 HEX DECODE - m3u8 bulundu: https://vidlax.xyz/upload/c622c2da5b02bd31da0cbe33d680cd5dab78/master.m3u8
      ✅ Weeds - 1.Sezon 7.Bölüm - 1 m3u8
   🔍 [8/102] Bölüm: https://diziyiizle4.com/weeds/1-sezon-8-bolum/
📺 Embed URL bulundu: https://vidlax1.xyz/embed/a5c16fa733366c44
🔍 Embed URL kontrol ediliyor: https://vidlax1.xyz/embed/a5c16fa733366c44
📄 Embed sayfa içeriği alındı, boyut: 40764 karakter
🎬 Video Başlığı: Weeds
📝 Video Açıklaması: 1.Sezon 8.Bölüm
🎯 Tam Başlık: Weeds - 1.Sezon 8.Bölüm
🎯 HEX DECODE - m3u8 bulundu: https://vidlax.xyz/upload/ff0507ab0536e76505541605d3166f6f173e/master.m3u8
      ✅ Weeds - 1.Sezon 8.Bölüm - 1 m3u8
   🔍 [9/102] Bölüm: https://diziyiizle4.com/weeds/1-sezon-9-bolum/
📺 Embed URL bulundu: https://vidlax1.xyz/embed/77fa90d2b0eb3d6d
🔍 Embed URL kontrol ediliyor: https://vidlax1.xyz/embed/77fa90d2b0eb3d6d
📄 Embed sayfa içeriği alındı, boyut: 40764 karakter
🎬 Video Başlığı: Weeds
📝 Video Açıklaması: 1.Sezon 9.Bölüm
🎯 Tam Başlık: Weeds - 1.Sezon 9.Bölüm
🎯 HEX DECODE - m3u8 bulundu: https://vidlax.xyz/upload/9b14448e58889d37dd6b5be2217402c3df58/master.m3u8
      ✅ Weeds - 1.Sezon 9.Bölüm - 1 m3u8
   🔍 [10/102] Bölüm: https://diziyiizle4.com/weeds/1-sezon-10-bolum/
📺 Embed URL bulundu: https://vidlax1.xyz/embed/633d97bd3816b9dc
🔍 Embed URL kontrol ediliyor: https://vidlax1.xyz/embed/633d97bd3816b9dc
📄 Embed sayfa içeriği alındı, boyut: 40765 karakter
🎬 Video Başlığı: Weeds
📝 Video Açıklaması: 1.Sezon 10.Bölüm
🎯 Tam Başlık: Weeds - 1.Sezon 10.Bölüm
🎯 HEX DECODE - m3u8 bulundu: https://vidlax.xyz/upload/320d20148ca4ce1a963183ee9edc37bba091/master.m3u8
      ✅ Weeds - 1.Sezon 10.Bölüm - 1 m3u8
   🔍 [11/102] Bölüm: https://diziyiizle4.com/weeds/2-sezon-1-bolum/
📺 Embed URL bulundu: https://vidlax1.xyz/embed/0d650fa5c684c21d
🔍 Embed URL kontrol ediliyor: https://vidlax1.xyz/embed/0d650fa5c684c21d
📄 Embed sayfa içeriği alındı, boyut: 40764 karakter
🎬 Video Başlığı: Weeds
📝 Video Açıklaması: 2.Sezon 1.Bölüm
🎯 Tam Başlık: Weeds - 2.Sezon 1.Bölüm
🎯 HEX DECODE - m3u8 bulundu: https://vidlax.xyz/upload/b5df1052cf2a0a71b8313f3f24e96a61c155/master.m3u8
      ✅ Weeds - 2.Sezon 1.Bölüm - 1 m3u8
   🔍 [12/102] Bölüm: https://diziyiizle4.com/weeds/2-sezon-2-bolum/
📺 Embed URL bulundu: https://vidlax1.xyz/embed/d5f56afe91df9b09
🔍 Embed URL kontrol ediliyor: https://vidlax1.xyz/embed/d5f56afe91df9b09
📄 Embed sayfa içeriği alındı, boyut: 40591 karakter
🎬 Video Başlığı: Weeds
📝 Video Açıklaması: 2.Sezon 2.Bölüm
🎯 Tam Başlık: Weeds - 2.Sezon 2.Bölüm
🎯 HEX DECODE - m3u8 bulundu: https://vidlax.xyz/upload/4e7ae3d1fbe4b31fdb83ccd808d400d53f2d/master.m3u8
      ✅ Weeds - 2.Sezon 2.Bölüm - 1 m3u8
   🔍 [13/102] Bölüm: https://diziyiizle4.com/weeds/2-sezon-3-bolum/
📺 Embed URL bulundu: https://vidlax1.xyz/embed/b49654754032a7ae
🔍 Embed URL kontrol ediliyor: https://vidlax1.xyz/embed/b49654754032a7ae
📄 Embed sayfa içeriği alındı, boyut: 40764 karakter
🎬 Video Başlığı: Weeds
📝 Video Açıklaması: 2.Sezon 3.Bölüm
🎯 Tam Başlık: Weeds - 2.Sezon 3.Bölüm
🎯 HEX DECODE - m3u8 bulundu: https://vidlax.xyz/upload/ff4f6ec904aced46657e30f4b488078fb290/master.m3u8
      ✅ Weeds - 2.Sezon 3.Bölüm - 1 m3u8
   🔍 [14/102] Bölüm: https://diziyiizle4.com/weeds/2-sezon-4-bolum/
📺 Embed URL bulundu: https://vidlax1.xyz/embed/de18880130fde660
🔍 Embed URL kontrol ediliyor: https://vidlax1.xyz/embed/de18880130fde660
📄 Embed sayfa içeriği alındı, boyut: 40591 karakter
🎬 Video Başlığı: Weeds
📝 Video Açıklaması: 2.Sezon 4.Bölüm
🎯 Tam Başlık: Weeds - 2.Sezon 4.Bölüm
🎯 HEX DECODE - m3u8 bulundu: https://vidlax.xyz/upload/008dbcc118d2ad7d71e09b32949458f25154/master.m3u8
      ✅ Weeds - 2.Sezon 4.Bölüm - 1 m3u8
   🔍 [15/102] Bölüm: https://diziyiizle4.com/weeds/2-sezon-5-bolum/
📺 Embed URL bulundu: https://vidlax1.xyz/embed/96e670b70bf7a8e3
🔍 Embed URL kontrol ediliyor: https://vidlax1.xyz/embed/96e670b70bf7a8e3
📄 Embed sayfa içeriği alındı, boyut: 40591 karakter
🎬 Video Başlığı: Weeds
📝 Video Açıklaması: 2.Sezon 5.Bölüm
🎯 Tam Başlık: Weeds - 2.Sezon 5.Bölüm
🎯 HEX DECODE - m3u8 bulundu: https://vidlax.xyz/upload/4e3f4be943f42300ebe676640a9807a7ec10/master.m3u8
      ✅ Weeds - 2.Sezon 5.Bölüm - 1 m3u8
   🔍 [16/102] Bölüm: https://diziyiizle4.com/weeds/2-sezon-6-bolum/
📺 Embed URL bulundu: https://vidlax1.xyz/embed/d483b7007482a3b4
🔍 Embed URL kontrol ediliyor: https://vidlax1.xyz/embed/d483b7007482a3b4
📄 Embed sayfa içeriği alındı, boyut: 40591 karakter
🎬 Video Başlığı: Weeds
📝 Video Açıklaması: 2.Sezon 6.Bölüm
🎯 Tam Başlık: Weeds - 2.Sezon 6.Bölüm
🎯 HEX DECODE - m3u8 bulundu: https://vidlax.xyz/upload/e73532b02e9ef5ddbb889687da55db734cdf/master.m3u8
      ✅ Weeds - 2.Sezon 6.Bölüm - 1 m3u8
   🔍 [17/102] Bölüm: https://diziyiizle4.com/weeds/2-sezon-7-bolum/
📺 Embed URL bulundu: https://vidlax1.xyz/embed/79a48357a8b1078d
🔍 Embed URL kontrol ediliyor: https://vidlax1.xyz/embed/79a48357a8b1078d
📄 Embed sayfa içeriği alındı, boyut: 40591 karakter
🎬 Video Başlığı: Weeds
📝 Video Açıklaması: 2.Sezon 7.Bölüm
🎯 Tam Başlık: Weeds - 2.Sezon 7.Bölüm
🎯 HEX DECODE - m3u8 bulundu: https://vidlax.xyz/upload/6e0abc537b3019aeb5126d85330de53388c5/master.m3u8
      ✅ Weeds - 2.Sezon 7.Bölüm - 1 m3u8
   🔍 [18/102] Bölüm: https://diziyiizle4.com/weeds/2-sezon-8-bolum/
📺 Embed URL bulundu: https://vidlax1.xyz/embed/e32cc728d7b0345d
🔍 Embed URL kontrol ediliyor: https://vidlax1.xyz/embed/e32cc728d7b0345d
📄 Embed sayfa içeriği alındı, boyut: 40591 karakter
🎬 Video Başlığı: Weeds
📝 Video Açıklaması: 2.Sezon 8.Bölüm
🎯 Tam Başlık: Weeds - 2.Sezon 8.Bölüm
🎯 HEX DECODE - m3u8 bulundu: https://vidlax.xyz/upload/fb1f7d0bcea9982b16b9ab0385f1715aa0fa/master.m3u8
      ✅ Weeds - 2.Sezon 8.Bölüm - 1 m3u8
   🔍 [19/102] Bölüm: https://diziyiizle4.com/weeds/2-sezon-9-bolum/
📺 Embed URL bulundu: https://vidlax1.xyz/embed/0083b45e3e67120c
🔍 Embed URL kontrol ediliyor: https://vidlax1.xyz/embed/0083b45e3e67120c
📄 Embed sayfa içeriği alındı, boyut: 40591 karakter
🎬 Video Başlığı: Weeds
📝 Video Açıklaması: 2.Sezon 9.Bölüm
🎯 Tam Başlık: Weeds - 2.Sezon 9.Bölüm
🎯 HEX DECODE - m3u8 bulundu: https://vidlax.xyz/upload/c99c5c8903a1f2687de36746d395fc26379d/master.m3u8
      ✅ Weeds - 2.Sezon 9.Bölüm - 1 m3u8
   🔍 [20/102] Bölüm: https://diziyiizle4.com/weeds/2-sezon-10-bolum/
📺 Embed URL bulundu: https://vidlax1.xyz/embed/87fc6fbe210556ba
🔍 Embed URL kontrol ediliyor: https://vidlax1.xyz/embed/87fc6fbe210556ba
📄 Embed sayfa içeriği alındı, boyut: 40592 karakter
🎬 Video Başlığı: Weeds
📝 Video Açıklaması: 2.Sezon 10.Bölüm
🎯 Tam Başlık: Weeds - 2.Sezon 10.Bölüm
🎯 HEX DECODE - m3u8 bulundu: https://vidlax.xyz/upload/019a49ffcd70ab976516530334bd355c0443/master.m3u8
      ✅ Weeds - 2.Sezon 10.Bölüm - 1 m3u8
   🔍 [21/102] Bölüm: https://diziyiizle4.com/weeds/2-sezon-11-bolum/
📺 Embed URL bulundu: https://vidlax1.xyz/embed/bc4341cda3c4785e
🔍 Embed URL kontrol ediliyor: https://vidlax1.xyz/embed/bc4341cda3c4785e
📄 Embed sayfa içeriği alındı, boyut: 40592 karakter
🎬 Video Başlığı: Weeds
📝 Video Açıklaması: 2.Sezon 11.Bölüm
🎯 Tam Başlık: Weeds - 2.Sezon 11.Bölüm
🎯 HEX DECODE - m3u8 bulundu: https://vidlax.xyz/upload/bcec3eed740e8e0540fe4ef39e3bd3bd1811/master.m3u8
      ✅ Weeds - 2.Sezon 11.Bölüm - 1 m3u8
   🔍 [22/102] Bölüm: https://diziyiizle4.com/weeds/2-sezon-12-bolum/
📺 Embed URL bulundu: https://vidlax1.xyz/embed/5bda2f5029adfcbf
🔍 Embed URL kontrol ediliyor: https://vidlax1.xyz/embed/5bda2f5029adfcbf
📄 Embed sayfa içeriği alındı, boyut: 40592 karakter
🎬 Video Başlığı: Weeds
📝 Video Açıklaması: 2.Sezon 12.Bölüm
🎯 Tam Başlık: Weeds - 2.Sezon 12.Bölüm
🎯 HEX DECODE - m3u8 bulundu: https://vidlax.xyz/upload/5188fa2e4da2cbf584e3135e4e67b679e9fd/master.m3u8
      ✅ Weeds - 2.Sezon 12.Bölüm - 1 m3u8
   🔍 [23/102] Bölüm: https://diziyiizle4.com/weeds/3-sezon-1-bolum/
📺 Embed URL bulundu: https://vidlax1.xyz/embed/36adfeb2d7850c83
🔍 Embed URL kontrol ediliyor: https://vidlax1.xyz/embed/36adfeb2d7850c83
📄 Embed sayfa içeriği alındı, boyut: 40764 karakter
🎬 Video Başlığı: Weeds
📝 Video Açıklaması: 3.Sezon 1.Bölüm
🎯 Tam Başlık: Weeds - 3.Sezon 1.Bölüm
🎯 HEX DECODE - m3u8 bulundu: https://vidlax.xyz/upload/0cae32a40e26093b92ac5d2d58f9bc452a65/master.m3u8
      ✅ Weeds - 3.Sezon 1.Bölüm - 1 m3u8
   🔍 [24/102] Bölüm: https://diziyiizle4.com/weeds/3-sezon-2-bolum/
📺 Embed URL bulundu: https://vidlax1.xyz/embed/5529d981cd25a05f
🔍 Embed URL kontrol ediliyor: https://vidlax1.xyz/embed/5529d981cd25a05f
📄 Embed sayfa içeriği alındı, boyut: 40591 karakter
🎬 Video Başlığı: Weeds
📝 Video Açıklaması: 3.Sezon 2.Bölüm
🎯 Tam Başlık: Weeds - 3.Sezon 2.Bölüm
🎯 HEX DECODE - m3u8 bulundu: https://vidlax.xyz/upload/5579997dd41f0c53d71a81a8c82040e3e2db/master.m3u8
      ✅ Weeds - 3.Sezon 2.Bölüm - 1 m3u8
   🔍 [25/102] Bölüm: https://diziyiizle4.com/weeds/3-sezon-3-bolum/
📺 Embed URL bulundu: https://vidlax1.xyz/embed/48a2a8915c58837d
🔍 Embed URL kontrol ediliyor: https://vidlax1.xyz/embed/48a2a8915c58837d
📄 Embed sayfa içeriği alındı, boyut: 40764 karakter
🎬 Video Başlığı: Weeds
📝 Video Açıklaması: 3.Sezon 3.Bölüm
🎯 Tam Başlık: Weeds - 3.Sezon 3.Bölüm
🎯 HEX DECODE - m3u8 bulundu: https://vidlax.xyz/upload/13fc4f71300fbee7d6f864aa04aba019c995/master.m3u8
      ✅ Weeds - 3.Sezon 3.Bölüm - 1 m3u8
   🔍 [26/102] Bölüm: https://diziyiizle4.com/weeds/3-sezon-4-bolum/
📺 Embed URL bulundu: https://vidlax1.xyz/embed/c0de27a5932c08b5
🔍 Embed URL kontrol ediliyor: https://vidlax1.xyz/embed/c0de27a5932c08b5
📄 Embed sayfa içeriği alındı, boyut: 40591 karakter
🎬 Video Başlığı: Weeds
📝 Video Açıklaması: 3.Sezon 4.Bölüm
🎯 Tam Başlık: Weeds - 3.Sezon 4.Bölüm
🎯 HEX DECODE - m3u8 bulundu: https://vidlax.xyz/upload/88a6c475ebdb6a255e7c41802ca7a2fed1e2/master.m3u8
      ✅ Weeds - 3.Sezon 4.Bölüm - 1 m3u8
   🔍 [27/102] Bölüm: https://diziyiizle4.com/weeds/3-sezon-5-bolum/
📺 Embed URL bulundu: https://vidlax1.xyz/embed/dc2a8a624248dc2f
🔍 Embed URL kontrol ediliyor: https://vidlax1.xyz/embed/dc2a8a624248dc2f
📄 Embed sayfa içeriği alındı, boyut: 40764 karakter
🎬 Video Başlığı: Weeds
📝 Video Açıklaması: 3.Sezon 5.Bölüm
🎯 Tam Başlık: Weeds - 3.Sezon 5.Bölüm
🎯 HEX DECODE - m3u8 bulundu: https://vidlax.xyz/upload/b826913d24fbc45c08fd3959e168d8e61c54/master.m3u8
      ✅ Weeds - 3.Sezon 5.Bölüm - 1 m3u8
   🔍 [28/102] Bölüm: https://diziyiizle4.com/weeds/3-sezon-6-bolum/
📺 Embed URL bulundu: https://vidlax1.xyz/embed/44fa68f43d21e8e1
🔍 Embed URL kontrol ediliyor: https://vidlax1.xyz/embed/44fa68f43d21e8e1
📄 Embed sayfa içeriği alındı, boyut: 40591 karakter
🎬 Video Başlığı: Weeds
📝 Video Açıklaması: 3.Sezon 6.Bölüm
🎯 Tam Başlık: Weeds - 3.Sezon 6.Bölüm
🎯 HEX DECODE - m3u8 bulundu: https://vidlax.xyz/upload/87ecd36c9a14ba65b22f09b774e0056bb0d6/master.m3u8
      ✅ Weeds - 3.Sezon 6.Bölüm - 1 m3u8
   🔍 [29/102] Bölüm: https://diziyiizle4.com/weeds/3-sezon-7-bolum/
📺 Embed URL bulundu: https://vidlax1.xyz/embed/7c9f3465e0120a05
🔍 Embed URL kontrol ediliyor: https://vidlax1.xyz/embed/7c9f3465e0120a05
📄 Embed sayfa içeriği alındı, boyut: 40591 karakter
🎬 Video Başlığı: Weeds
📝 Video Açıklaması: 3.Sezon 7.Bölüm
🎯 Tam Başlık: Weeds - 3.Sezon 7.Bölüm
🎯 HEX DECODE - m3u8 bulundu: https://vidlax.xyz/upload/cb5670d6775b8d8b4617e639321d5c4df5fb/master.m3u8
      ✅ Weeds - 3.Sezon 7.Bölüm - 1 m3u8
   🔍 [30/102] Bölüm: https://diziyiizle4.com/weeds/3-sezon-8-bolum/
📺 Embed URL bulundu: https://vidlax1.xyz/embed/37093f5ae319928f
🔍 Embed URL kontrol ediliyor: https://vidlax1.xyz/embed/37093f5ae319928f
📄 Embed sayfa içeriği alındı, boyut: 40591 karakter
🎬 Video Başlığı: Weeds
📝 Video Açıklaması: 3.Sezon 8.Bölüm
🎯 Tam Başlık: Weeds - 3.Sezon 8.Bölüm
🎯 HEX DECODE - m3u8 bulundu: https://vidlax.xyz/upload/e1a748fc67d25e4b8caafee39804adcf245f/master.m3u8
      ✅ Weeds - 3.Sezon 8.Bölüm - 1 m3u8
   🔍 [31/102] Bölüm: https://diziyiizle4.com/weeds/3-sezon-9-bolum/
📺 Embed URL bulundu: https://vidlax1.xyz/embed/742c95b4bad4b2ac
🔍 Embed URL kontrol ediliyor: https://vidlax1.xyz/embed/742c95b4bad4b2ac
📄 Embed sayfa içeriği alındı, boyut: 40591 karakter
🎬 Video Başlığı: Weeds
📝 Video Açıklaması: 3.Sezon 9.Bölüm
🎯 Tam Başlık: Weeds - 3.Sezon 9.Bölüm
🎯 HEX DECODE - m3u8 bulundu: https://vidlax.xyz/upload/0c516dff4705987d31e236b46e0049ed8ea3/master.m3u8
      ✅ Weeds - 3.Sezon 9.Bölüm - 1 m3u8
   🔍 [32/102] Bölüm: https://diziyiizle4.com/weeds/3-sezon-10-bolum/
📺 Embed URL bulundu: https://vidlax1.xyz/embed/a3263dbaf8a893b7
🔍 Embed URL kontrol ediliyor: https://vidlax1.xyz/embed/a3263dbaf8a893b7
📄 Embed sayfa içeriği alındı, boyut: 40592 karakter
🎬 Video Başlığı: Weeds
📝 Video Açıklaması: 3.Sezon 10.Bölüm
🎯 Tam Başlık: Weeds - 3.Sezon 10.Bölüm
🎯 HEX DECODE - m3u8 bulundu: https://vidlax.xyz/upload/705f4e43466f6c4d2e2679e06bbf6a12b6a2/master.m3u8
      ✅ Weeds - 3.Sezon 10.Bölüm - 1 m3u8
   🔍 [33/102] Bölüm: https://diziyiizle4.com/weeds/3-sezon-11-bolum/
📺 Embed URL bulundu: https://vidlax1.xyz/embed/c7113da7ba8d9d31
🔍 Embed URL kontrol ediliyor: https://vidlax1.xyz/embed/c7113da7ba8d9d31
📄 Embed sayfa içeriği alındı, boyut: 40592 karakter
🎬 Video Başlığı: Weeds
📝 Video Açıklaması: 3.Sezon 11.Bölüm
🎯 Tam Başlık: Weeds - 3.Sezon 11.Bölüm
🎯 HEX DECODE - m3u8 bulundu: https://vidlax.xyz/upload/f9c05b863520f8a5b833b589b87fd010c739/master.m3u8
      ✅ Weeds - 3.Sezon 11.Bölüm - 1 m3u8
   🔍 [34/102] Bölüm: https://diziyiizle4.com/weeds/3-sezon-12-bolum/
📺 Embed URL bulundu: https://vidlax1.xyz/embed/5e6c23882f149980
🔍 Embed URL kontrol ediliyor: https://vidlax1.xyz/embed/5e6c23882f149980
📄 Embed sayfa içeriği alındı, boyut: 40592 karakter
🎬 Video Başlığı: Weeds
📝 Video Açıklaması: 3.Sezon 12.Bölüm
🎯 Tam Başlık: Weeds - 3.Sezon 12.Bölüm
🎯 HEX DECODE - m3u8 bulundu: https://vidlax.xyz/upload/ce0c2fc98e2d21685ab046db5eeefb153a2b/master.m3u8
      ✅ Weeds - 3.Sezon 12.Bölüm - 1 m3u8
   🔍 [35/102] Bölüm: https://diziyiizle4.com/weeds/3-sezon-13-bolum/
📺 Embed URL bulundu: https://vidlax1.xyz/embed/0a6c148aa8aca629
🔍 Embed URL kontrol ediliyor: https://vidlax1.xyz/embed/0a6c148aa8aca629
📄 Embed sayfa içeriği alındı, boyut: 40592 karakter
🎬 Video Başlığı: Weeds
📝 Video Açıklaması: 3.Sezon 13.Bölüm
🎯 Tam Başlık: Weeds - 3.Sezon 13.Bölüm
🎯 HEX DECODE - m3u8 bulundu: https://vidlax.xyz/upload/698a9bae2766d76bc1f49c3b58b9bc980643/master.m3u8
      ✅ Weeds - 3.Sezon 13.Bölüm - 1 m3u8
   🔍 [36/102] Bölüm: https://diziyiizle4.com/weeds/3-sezon-14-bolum/
📺 Embed URL bulundu: https://vidlax1.xyz/embed/0aef5284680d84d1
🔍 Embed URL kontrol ediliyor: https://vidlax1.xyz/embed/0aef5284680d84d1
📄 Embed sayfa içeriği alındı, boyut: 40592 karakter
🎬 Video Başlığı: Weeds
📝 Video Açıklaması: 3.Sezon 14.Bölüm
🎯 Tam Başlık: Weeds - 3.Sezon 14.Bölüm
🎯 HEX DECODE - m3u8 bulundu: https://vidlax.xyz/upload/57b00f43a2beaad514b4bd5e58b3b042e1ba/master.m3u8
      ✅ Weeds - 3.Sezon 14.Bölüm - 1 m3u8
   🔍 [37/102] Bölüm: https://diziyiizle4.com/weeds/3-sezon-15-bolum/
📺 Embed URL bulundu: https://vidlax1.xyz/embed/b881c9592634ccab
🔍 Embed URL kontrol ediliyor: https://vidlax1.xyz/embed/b881c9592634ccab
📄 Embed sayfa içeriği alındı, boyut: 40592 karakter
🎬 Video Başlığı: Weeds
📝 Video Açıklaması: 3.Sezon 15.Bölüm
🎯 Tam Başlık: Weeds - 3.Sezon 15.Bölüm
🎯 HEX DECODE - m3u8 bulundu: https://vidlax.xyz/upload/b9e3b865b44d1955d097348ed20a9c5aec70/master.m3u8
      ✅ Weeds - 3.Sezon 15.Bölüm - 1 m3u8
   🔍 [38/102] Bölüm: https://diziyiizle4.com/weeds/4-sezon-1-bolum/
📺 Embed URL bulundu: https://vidlax1.xyz/embed/f37a900e056c45b2
🔍 Embed URL kontrol ediliyor: https://vidlax1.xyz/embed/f37a900e056c45b2
📄 Embed sayfa içeriği alındı, boyut: 40764 karakter
🎬 Video Başlığı: Weeds
📝 Video Açıklaması: 4.Sezon 1.Bölüm
🎯 Tam Başlık: Weeds - 4.Sezon 1.Bölüm
🎯 HEX DECODE - m3u8 bulundu: https://vidlax.xyz/upload/b4633c7de22ba48e3c6a02422d6dd464074a/master.m3u8
      ✅ Weeds - 4.Sezon 1.Bölüm - 1 m3u8
   🔍 [39/102] Bölüm: https://diziyiizle4.com/weeds/4-sezon-2-bolum/
📺 Embed URL bulundu: https://vidlax1.xyz/embed/473f87a0156a963c
🔍 Embed URL kontrol ediliyor: https://vidlax1.xyz/embed/473f87a0156a963c
📄 Embed sayfa içeriği alındı, boyut: 40764 karakter
🎬 Video Başlığı: Weeds
📝 Video Açıklaması: 4.Sezon 2.Bölüm
🎯 Tam Başlık: Weeds - 4.Sezon 2.Bölüm
🎯 HEX DECODE - m3u8 bulundu: https://vidlax.xyz/upload/5cc6fa1bcabd8524203c3c00b2998bdab0c7/master.m3u8
      ✅ Weeds - 4.Sezon 2.Bölüm - 1 m3u8
   🔍 [40/102] Bölüm: https://diziyiizle4.com/weeds/4-sezon-3-bolum/
📺 Embed URL bulundu: https://vidlax1.xyz/embed/36df1ec1ef9cbbcb
🔍 Embed URL kontrol ediliyor: https://vidlax1.xyz/embed/36df1ec1ef9cbbcb
📄 Embed sayfa içeriği alındı, boyut: 40591 karakter
🎬 Video Başlığı: Weeds
📝 Video Açıklaması: 4.Sezon 3.Bölüm
🎯 Tam Başlık: Weeds - 4.Sezon 3.Bölüm
🎯 HEX DECODE - m3u8 bulundu: https://vidlax.xyz/upload/387285ef60677e78a36d7684541190c04386/master.m3u8
      ✅ Weeds - 4.Sezon 3.Bölüm - 1 m3u8
   🔍 [41/102] Bölüm: https://diziyiizle4.com/weeds/4-sezon-4-bolum/
📺 Embed URL bulundu: https://vidlax1.xyz/embed/6a073b90560f7cf1
🔍 Embed URL kontrol ediliyor: https://vidlax1.xyz/embed/6a073b90560f7cf1
📄 Embed sayfa içeriği alındı, boyut: 40591 karakter
🎬 Video Başlığı: Weeds
📝 Video Açıklaması: 4.Sezon 4.Bölüm
🎯 Tam Başlık: Weeds - 4.Sezon 4.Bölüm
🎯 HEX DECODE - m3u8 bulundu: https://vidlax.xyz/upload/05ce1c9c065358e32eac10303d1231143c62/master.m3u8
      ✅ Weeds - 4.Sezon 4.Bölüm - 1 m3u8
   🔍 [42/102] Bölüm: https://diziyiizle4.com/weeds/4-sezon-5-bolum/
📺 Embed URL bulundu: https://vidlax1.xyz/embed/96be178dc7f848e1
🔍 Embed URL kontrol ediliyor: https://vidlax1.xyz/embed/96be178dc7f848e1
📄 Embed sayfa içeriği alındı, boyut: 40764 karakter
🎬 Video Başlığı: Weeds
📝 Video Açıklaması: 4.Sezon 5.Bölüm
🎯 Tam Başlık: Weeds - 4.Sezon 5.Bölüm
🎯 HEX DECODE - m3u8 bulundu: https://vidlax.xyz/upload/bc091c041a1760d892e83c829f7452ea745d/master.m3u8
      ✅ Weeds - 4.Sezon 5.Bölüm - 1 m3u8
   🔍 [43/102] Bölüm: https://diziyiizle4.com/weeds/4-sezon-6-bolum/
📺 Embed URL bulundu: https://vidlax1.xyz/embed/e30e238ac52742c9
🔍 Embed URL kontrol ediliyor: https://vidlax1.xyz/embed/e30e238ac52742c9
📄 Embed sayfa içeriği alındı, boyut: 40764 karakter
🎬 Video Başlığı: Weeds
📝 Video Açıklaması: 4.Sezon 6.Bölüm
🎯 Tam Başlık: Weeds - 4.Sezon 6.Bölüm
🎯 HEX DECODE - m3u8 bulundu: https://vidlax.xyz/upload/5bbaedd5c53c9dc58b52f7705469662ea9b4/master.m3u8
      ✅ Weeds - 4.Sezon 6.Bölüm - 1 m3u8
   🔍 [44/102] Bölüm: https://diziyiizle4.com/weeds/4-sezon-7-bolum/
📺 Embed URL bulundu: https://vidlax1.xyz/embed/5e3e4ee304c1748c
🔍 Embed URL kontrol ediliyor: https://vidlax1.xyz/embed/5e3e4ee304c1748c
📄 Embed sayfa içeriği alındı, boyut: 40764 karakter
🎬 Video Başlığı: Weeds
📝 Video Açıklaması: 4.Sezon 7.Bölüm
🎯 Tam Başlık: Weeds - 4.Sezon 7.Bölüm
🎯 HEX DECODE - m3u8 bulundu: https://vidlax.xyz/upload/ebc557b8f98f1b550c04a36637c771f4b924/master.m3u8
      ✅ Weeds - 4.Sezon 7.Bölüm - 1 m3u8
   🔍 [45/102] Bölüm: https://diziyiizle4.com/weeds/4-sezon-8-bolum/
📺 Embed URL bulundu: https://vidlax1.xyz/embed/1188874da94fd3f3
🔍 Embed URL kontrol ediliyor: https://vidlax1.xyz/embed/1188874da94fd3f3
📄 Embed sayfa içeriği alındı, boyut: 40764 karakter
🎬 Video Başlığı: Weeds
📝 Video Açıklaması: 4.Sezon 8.Bölüm
🎯 Tam Başlık: Weeds - 4.Sezon 8.Bölüm
🎯 HEX DECODE - m3u8 bulundu: https://vidlax.xyz/upload/1dcb413f58b903c0a16b2aa158bc7423e03f/master.m3u8
      ✅ Weeds - 4.Sezon 8.Bölüm - 1 m3u8
   🔍 [46/102] Bölüm: https://diziyiizle4.com/weeds/4-sezon-9-bolum/
📺 Embed URL bulundu: https://vidlax1.xyz/embed/900a1011074c13da
🔍 Embed URL kontrol ediliyor: https://vidlax1.xyz/embed/900a1011074c13da
📄 Embed sayfa içeriği alındı, boyut: 40764 karakter
🎬 Video Başlığı: Weeds
📝 Video Açıklaması: 4.Sezon 9.Bölüm
🎯 Tam Başlık: Weeds - 4.Sezon 9.Bölüm
🎯 HEX DECODE - m3u8 bulundu: https://vidlax.xyz/upload/6ec80a9b15cd3aafd0bda165bc98dfbc1a17/master.m3u8
      ✅ Weeds - 4.Sezon 9.Bölüm - 1 m3u8
   🔍 [47/102] Bölüm: https://diziyiizle4.com/weeds/4-sezon-10-bolum/
📺 Embed URL bulundu: https://vidlax1.xyz/embed/7d01fef9d3371f8a
🔍 Embed URL kontrol ediliyor: https://vidlax1.xyz/embed/7d01fef9d3371f8a
📄 Embed sayfa içeriği alındı, boyut: 40765 karakter
🎬 Video Başlığı: Weeds
📝 Video Açıklaması: 4.Sezon 10.Bölüm
🎯 Tam Başlık: Weeds - 4.Sezon 10.Bölüm
🎯 HEX DECODE - m3u8 bulundu: https://vidlax.xyz/upload/5f31e74f71d7b2530a0035f16d866bc19356/master.m3u8
      ✅ Weeds - 4.Sezon 10.Bölüm - 1 m3u8
   🔍 [48/102] Bölüm: https://diziyiizle4.com/weeds/4-sezon-11-bolum/
📺 Embed URL bulundu: https://vidlax1.xyz/embed/7841429a150da569
🔍 Embed URL kontrol ediliyor: https://vidlax1.xyz/embed/7841429a150da569
📄 Embed sayfa içeriği alındı, boyut: 40765 karakter
🎬 Video Başlığı: Weeds
📝 Video Açıklaması: 4.Sezon 11.Bölüm
🎯 Tam Başlık: Weeds - 4.Sezon 11.Bölüm
🎯 HEX DECODE - m3u8 bulundu: https://vidlax.xyz/upload/c5e901546d153f8fa1165196c2150106e842/master.m3u8
      ✅ Weeds - 4.Sezon 11.Bölüm - 1 m3u8
   🔍 [49/102] Bölüm: https://diziyiizle4.com/weeds/4-sezon-12-bolum/
📺 Embed URL bulundu: https://vidlax1.xyz/embed/64c0d0b4b1d5a946
🔍 Embed URL kontrol ediliyor: https://vidlax1.xyz/embed/64c0d0b4b1d5a946
📄 Embed sayfa içeriği alındı, boyut: 40765 karakter
🎬 Video Başlığı: Weeds
📝 Video Açıklaması: 4.Sezon 12.Bölüm
🎯 Tam Başlık: Weeds - 4.Sezon 12.Bölüm
🎯 HEX DECODE - m3u8 bulundu: https://vidlax.xyz/upload/9e8af880367848824e6fdef3543b8ba83a81/master.m3u8
      ✅ Weeds - 4.Sezon 12.Bölüm - 1 m3u8
   🔍 [50/102] Bölüm: https://diziyiizle4.com/weeds/4-sezon-13-bolum/
📺 Embed URL bulundu: https://vidlax1.xyz/embed/14df8117b6a7b16d
🔍 Embed URL kontrol ediliyor: https://vidlax1.xyz/embed/14df8117b6a7b16d
📄 Embed sayfa içeriği alındı, boyut: 40765 karakter
🎬 Video Başlığı: Weeds
📝 Video Açıklaması: 4.Sezon 13.Bölüm
🎯 Tam Başlık: Weeds - 4.Sezon 13.Bölüm
🎯 HEX DECODE - m3u8 bulundu: https://vidlax.xyz/upload/3cfb04bed937921b19c6baa10499c66abede/master.m3u8
      ✅ Weeds - 4.Sezon 13.Bölüm - 1 m3u8
   🔍 [51/102] Bölüm: https://diziyiizle4.com/weeds/5-sezon-1-bolum/
📺 Embed URL bulundu: https://vidlax1.xyz/embed/a7bcaa4fee15f0e5
🔍 Embed URL kontrol ediliyor: https://vidlax1.xyz/embed/a7bcaa4fee15f0e5
📄 Embed sayfa içeriği alındı, boyut: 40764 karakter
🎬 Video Başlığı: Weeds
📝 Video Açıklaması: 5.Sezon 1.Bölüm
🎯 Tam Başlık: Weeds - 5.Sezon 1.Bölüm
🎯 HEX DECODE - m3u8 bulundu: https://vidlax.xyz/upload/a50d76fc54310ff4a4d07542ac98e0d29afc/master.m3u8
      ✅ Weeds - 5.Sezon 1.Bölüm - 1 m3u8
   🔍 [52/102] Bölüm: https://diziyiizle4.com/weeds/5-sezon-2-bolum/
📺 Embed URL bulundu: https://vidlax1.xyz/embed/d35747286efe35e4
🔍 Embed URL kontrol ediliyor: https://vidlax1.xyz/embed/d35747286efe35e4
📄 Embed sayfa içeriği alındı, boyut: 40764 karakter
🎬 Video Başlığı: Weeds
📝 Video Açıklaması: 5.Sezon 2.Bölüm
🎯 Tam Başlık: Weeds - 5.Sezon 2.Bölüm
🎯 HEX DECODE - m3u8 bulundu: https://vidlax.xyz/upload/017f6488c7f86e4fd7235223d453d5d69603/master.m3u8
      ✅ Weeds - 5.Sezon 2.Bölüm - 1 m3u8
   🔍 [53/102] Bölüm: https://diziyiizle4.com/weeds/5-sezon-3-bolum/
📺 Embed URL bulundu: https://vidlax1.xyz/embed/b84b421cf06ce8f2
🔍 Embed URL kontrol ediliyor: https://vidlax1.xyz/embed/b84b421cf06ce8f2
📄 Embed sayfa içeriği alındı, boyut: 40764 karakter
🎬 Video Başlığı: Weeds
📝 Video Açıklaması: 5.Sezon 3.Bölüm
🎯 Tam Başlık: Weeds - 5.Sezon 3.Bölüm
🎯 HEX DECODE - m3u8 bulundu: https://vidlax.xyz/upload/34be34e98e4de63f3e361591903bfa386270/master.m3u8
      ✅ Weeds - 5.Sezon 3.Bölüm - 1 m3u8
   🔍 [54/102] Bölüm: https://diziyiizle4.com/weeds/5-sezon-4-bolum/
📺 Embed URL bulundu: https://vidlax1.xyz/embed/5cbf82bf7d82ab5b
🔍 Embed URL kontrol ediliyor: https://vidlax1.xyz/embed/5cbf82bf7d82ab5b
📄 Embed sayfa içeriği alındı, boyut: 40764 karakter
🎬 Video Başlığı: Weeds
📝 Video Açıklaması: 5.Sezon 4.Bölüm
🎯 Tam Başlık: Weeds - 5.Sezon 4.Bölüm
🎯 HEX DECODE - m3u8 bulundu: https://vidlax.xyz/upload/1155ea88c719a123dc6f99b2a38fe6b5bb37/master.m3u8
      ✅ Weeds - 5.Sezon 4.Bölüm - 1 m3u8
   🔍 [55/102] Bölüm: https://diziyiizle4.com/weeds/5-sezon-5-bolum/
📺 Embed URL bulundu: https://vidlax1.xyz/embed/6dab02dcb377b516
🔍 Embed URL kontrol ediliyor: https://vidlax1.xyz/embed/6dab02dcb377b516
📄 Embed sayfa içeriği alındı, boyut: 40591 karakter
🎬 Video Başlığı: Weeds
📝 Video Açıklaması: 5.Sezon 5.Bölüm
🎯 Tam Başlık: Weeds - 5.Sezon 5.Bölüm
🎯 HEX DECODE - m3u8 bulundu: https://vidlax.xyz/upload/1179aaa3a8b172d4922ac145afe41243a511/master.m3u8
      ✅ Weeds - 5.Sezon 5.Bölüm - 1 m3u8
   🔍 [56/102] Bölüm: https://diziyiizle4.com/weeds/5-sezon-6-bolum/
📺 Embed URL bulundu: https://vidlax1.xyz/embed/80ea7456f52969ef
🔍 Embed URL kontrol ediliyor: https://vidlax1.xyz/embed/80ea7456f52969ef
📄 Embed sayfa içeriği alındı, boyut: 40591 karakter
🎬 Video Başlığı: Weeds
📝 Video Açıklaması: 5.Sezon 6.Bölüm
🎯 Tam Başlık: Weeds - 5.Sezon 6.Bölüm
🎯 HEX DECODE - m3u8 bulundu: https://vidlax.xyz/upload/e0c491cd09ee5e6381a194256d66fcd15ef9/master.m3u8
      ✅ Weeds - 5.Sezon 6.Bölüm - 1 m3u8
   🔍 [57/102] Bölüm: https://diziyiizle4.com/weeds/5-sezon-7-bolum/
📺 Embed URL bulundu: https://vidlax1.xyz/embed/cd57c2ba4261a4a4
🔍 Embed URL kontrol ediliyor: https://vidlax1.xyz/embed/cd57c2ba4261a4a4
📄 Embed sayfa içeriği alındı, boyut: 40591 karakter
🎬 Video Başlığı: Weeds
📝 Video Açıklaması: 5.Sezon 7.Bölüm
🎯 Tam Başlık: Weeds - 5.Sezon 7.Bölüm
🎯 HEX DECODE - m3u8 bulundu: https://vidlax.xyz/upload/b96d6ba05b348bb1976edb29417f6e4bcfc1/master.m3u8
      ✅ Weeds - 5.Sezon 7.Bölüm - 1 m3u8
   🔍 [58/102] Bölüm: https://diziyiizle4.com/weeds/5-sezon-8-bolum/
📺 Embed URL bulundu: https://vidlax1.xyz/embed/7183c962e8aa0899
🔍 Embed URL kontrol ediliyor: https://vidlax1.xyz/embed/7183c962e8aa0899
📄 Embed sayfa içeriği alındı, boyut: 40591 karakter
🎬 Video Başlığı: Weeds
📝 Video Açıklaması: 5.Sezon 8.Bölüm
🎯 Tam Başlık: Weeds - 5.Sezon 8.Bölüm
🎯 HEX DECODE - m3u8 bulundu: https://vidlax.xyz/upload/4e7ae9467322969375ab82fddfc9c6f608c0/master.m3u8
      ✅ Weeds - 5.Sezon 8.Bölüm - 1 m3u8
   🔍 [59/102] Bölüm: https://diziyiizle4.com/weeds/5-sezon-9-bolum/
📺 Embed URL bulundu: https://vidlax1.xyz/embed/eed30684a3b7117b
🔍 Embed URL kontrol ediliyor: https://vidlax1.xyz/embed/eed30684a3b7117b
📄 Embed sayfa içeriği alındı, boyut: 40764 karakter
🎬 Video Başlığı: Weeds
📝 Video Açıklaması: 5.Sezon 9.Bölüm
🎯 Tam Başlık: Weeds - 5.Sezon 9.Bölüm
🎯 HEX DECODE - m3u8 bulundu: https://vidlax.xyz/upload/b25dd055304ab7878db0ba331f511c842339/master.m3u8
      ✅ Weeds - 5.Sezon 9.Bölüm - 1 m3u8
   🔍 [60/102] Bölüm: https://diziyiizle4.com/weeds/5-sezon-10-bolum/
📺 Embed URL bulundu: https://vidlax1.xyz/embed/cdde8f39d2dc3121
🔍 Embed URL kontrol ediliyor: https://vidlax1.xyz/embed/cdde8f39d2dc3121
📄 Embed sayfa içeriği alındı, boyut: 40765 karakter
🎬 Video Başlığı: Weeds
📝 Video Açıklaması: 5.Sezon 10.Bölüm
🎯 Tam Başlık: Weeds - 5.Sezon 10.Bölüm
🎯 HEX DECODE - m3u8 bulundu: https://vidlax.xyz/upload/6862b08abfc78ce9c9b01cc38c84badb0a89/master.m3u8
      ✅ Weeds - 5.Sezon 10.Bölüm - 1 m3u8
   🔍 [61/102] Bölüm: https://diziyiizle4.com/weeds/5-sezon-11-bolum/
📺 Embed URL bulundu: https://vidlax1.xyz/embed/b3d4f8f1832b9d55
🔍 Embed URL kontrol ediliyor: https://vidlax1.xyz/embed/b3d4f8f1832b9d55
📄 Embed sayfa içeriği alındı, boyut: 40765 karakter
🎬 Video Başlığı: Weeds
📝 Video Açıklaması: 5.Sezon 11.Bölüm
🎯 Tam Başlık: Weeds - 5.Sezon 11.Bölüm
🎯 HEX DECODE - m3u8 bulundu: https://vidlax.xyz/upload/3b8c9d0dac1a13f50c1f8eba653e8a2ae37f/master.m3u8
      ✅ Weeds - 5.Sezon 11.Bölüm - 1 m3u8
   🔍 [62/102] Bölüm: https://diziyiizle4.com/weeds/5-sezon-12-bolum/
📺 Embed URL bulundu: https://vidlax1.xyz/embed/646600459b339f92
🔍 Embed URL kontrol ediliyor: https://vidlax1.xyz/embed/646600459b339f92
📄 Embed sayfa içeriği alındı, boyut: 40765 karakter
🎬 Video Başlığı: Weeds
📝 Video Açıklaması: 5.Sezon 12.Bölüm
🎯 Tam Başlık: Weeds - 5.Sezon 12.Bölüm
🎯 HEX DECODE - m3u8 bulundu: https://vidlax.xyz/upload/27dfb15cb58cfbb361fc768d9d5e241e60fa/master.m3u8
      ✅ Weeds - 5.Sezon 12.Bölüm - 1 m3u8
   🔍 [63/102] Bölüm: https://diziyiizle4.com/weeds/5-sezon-13-bolum/
📺 Embed URL bulundu: https://vidlax1.xyz/embed/ec479bb6a1b2469c
🔍 Embed URL kontrol ediliyor: https://vidlax1.xyz/embed/ec479bb6a1b2469c
📄 Embed sayfa içeriği alındı, boyut: 40765 karakter
🎬 Video Başlığı: Weeds
📝 Video Açıklaması: 5.Sezon 13.Bölüm
🎯 Tam Başlık: Weeds - 5.Sezon 13.Bölüm
🎯 HEX DECODE - m3u8 bulundu: https://vidlax.xyz/upload/21f1f87bc9dd6b17d7ead29d53b44fc15396/master.m3u8
      ✅ Weeds - 5.Sezon 13.Bölüm - 1 m3u8
   🔍 [64/102] Bölüm: https://diziyiizle4.com/weeds/6-sezon-1-bolum/
📺 Embed URL bulundu: https://vidlax1.xyz/embed/49df4728fde4a89c
🔍 Embed URL kontrol ediliyor: https://vidlax1.xyz/embed/49df4728fde4a89c
📄 Embed sayfa içeriği alındı, boyut: 40764 karakter
🎬 Video Başlığı: Weeds
📝 Video Açıklaması: 6.Sezon 1.Bölüm
🎯 Tam Başlık: Weeds - 6.Sezon 1.Bölüm
🎯 HEX DECODE - m3u8 bulundu: https://vidlax.xyz/upload/48419be8580f9469d4507c407c3493868df8/master.m3u8
      ✅ Weeds - 6.Sezon 1.Bölüm - 1 m3u8
   🔍 [65/102] Bölüm: https://diziyiizle4.com/weeds/6-sezon-2-bolum/
📺 Embed URL bulundu: https://vidlax1.xyz/embed/2aed5f30c5650333
🔍 Embed URL kontrol ediliyor: https://vidlax1.xyz/embed/2aed5f30c5650333
📄 Embed sayfa içeriği alındı, boyut: 40764 karakter
🎬 Video Başlığı: Weeds
📝 Video Açıklaması: 6.Sezon 2.Bölüm
🎯 Tam Başlık: Weeds - 6.Sezon 2.Bölüm
🎯 HEX DECODE - m3u8 bulundu: https://vidlax.xyz/upload/9da1e19c42f24cb905c025a08d501193bedc/master.m3u8
      ✅ Weeds - 6.Sezon 2.Bölüm - 1 m3u8
   🔍 [66/102] Bölüm: https://diziyiizle4.com/weeds/6-sezon-3-bolum/
📺 Embed URL bulundu: https://vidlax1.xyz/embed/9396216d17d0fdad
🔍 Embed URL kontrol ediliyor: https://vidlax1.xyz/embed/9396216d17d0fdad
📄 Embed sayfa içeriği alındı, boyut: 40764 karakter
🎬 Video Başlığı: Weeds
📝 Video Açıklaması: 6.Sezon 3.Bölüm
🎯 Tam Başlık: Weeds - 6.Sezon 3.Bölüm
🎯 HEX DECODE - m3u8 bulundu: https://vidlax.xyz/upload/f19c091a3f49c76ae178d7e4c75c8736715f/master.m3u8
      ✅ Weeds - 6.Sezon 3.Bölüm - 1 m3u8
   🔍 [67/102] Bölüm: https://diziyiizle4.com/weeds/6-sezon-4-bolum/
📺 Embed URL bulundu: https://vidlax1.xyz/embed/49ce1e4d4db280c4
🔍 Embed URL kontrol ediliyor: https://vidlax1.xyz/embed/49ce1e4d4db280c4
📄 Embed sayfa içeriği alındı, boyut: 40764 karakter
🎬 Video Başlığı: Weeds
📝 Video Açıklaması: 6.Sezon 4.Bölüm
🎯 Tam Başlık: Weeds - 6.Sezon 4.Bölüm
🎯 HEX DECODE - m3u8 bulundu: https://vidlax.xyz/upload/c67e4bd4976c64f579d73fd152a4e12b5497/master.m3u8
      ✅ Weeds - 6.Sezon 4.Bölüm - 1 m3u8
   🔍 [68/102] Bölüm: https://diziyiizle4.com/weeds/6-sezon-5-bolum/
📺 Embed URL bulundu: https://vidlax1.xyz/embed/fab7f7f2eaf64bba
🔍 Embed URL kontrol ediliyor: https://vidlax1.xyz/embed/fab7f7f2eaf64bba
📄 Embed sayfa içeriği alındı, boyut: 40764 karakter
🎬 Video Başlığı: Weeds
📝 Video Açıklaması: 6.Sezon 5.Bölüm
🎯 Tam Başlık: Weeds - 6.Sezon 5.Bölüm
🎯 HEX DECODE - m3u8 bulundu: https://vidlax.xyz/upload/8c77278ec93529545cdd9ed7ddce33de7395/master.m3u8
      ✅ Weeds - 6.Sezon 5.Bölüm - 1 m3u8
   🔍 [69/102] Bölüm: https://diziyiizle4.com/weeds/6-sezon-6-bolum/
📺 Embed URL bulundu: https://vidlax1.xyz/embed/0b3a796e81e9599e
🔍 Embed URL kontrol ediliyor: https://vidlax1.xyz/embed/0b3a796e81e9599e
📄 Embed sayfa içeriği alındı, boyut: 40764 karakter
🎬 Video Başlığı: Weeds
📝 Video Açıklaması: 6.Sezon 6.Bölüm
🎯 Tam Başlık: Weeds - 6.Sezon 6.Bölüm
🎯 HEX DECODE - m3u8 bulundu: https://vidlax.xyz/upload/4f15afffb0e2e751f6a8332bb15fcfee6964/master.m3u8
      ✅ Weeds - 6.Sezon 6.Bölüm - 1 m3u8
   🔍 [70/102] Bölüm: https://diziyiizle4.com/weeds/6-sezon-7-bolum/
📺 Embed URL bulundu: https://vidlax1.xyz/embed/91b6b8eef654fc08
🔍 Embed URL kontrol ediliyor: https://vidlax1.xyz/embed/91b6b8eef654fc08
📄 Embed sayfa içeriği alındı, boyut: 40591 karakter
🎬 Video Başlığı: Weeds
📝 Video Açıklaması: 6.Sezon 7.Bölüm
🎯 Tam Başlık: Weeds - 6.Sezon 7.Bölüm
🎯 HEX DECODE - m3u8 bulundu: https://vidlax.xyz/upload/72234f68f03206937680da45790bd1873731/master.m3u8
      ✅ Weeds - 6.Sezon 7.Bölüm - 1 m3u8
   🔍 [71/102] Bölüm: https://diziyiizle4.com/weeds/6-sezon-8-bolum/
📺 Embed URL bulundu: https://vidlax1.xyz/embed/e898a4fd284a7a39
🔍 Embed URL kontrol ediliyor: https://vidlax1.xyz/embed/e898a4fd284a7a39
📄 Embed sayfa içeriği alındı, boyut: 40591 karakter
🎬 Video Başlığı: Weeds
📝 Video Açıklaması: 6.Sezon 8.Bölüm
🎯 Tam Başlık: Weeds - 6.Sezon 8.Bölüm
🎯 HEX DECODE - m3u8 bulundu: https://vidlax.xyz/upload/9eac44058efc104acaff6d8ab5b086c9061d/master.m3u8
      ✅ Weeds - 6.Sezon 8.Bölüm - 1 m3u8
   🔍 [72/102] Bölüm: https://diziyiizle4.com/weeds/6-sezon-9-bolum/
📺 Embed URL bulundu: https://vidlax1.xyz/embed/63d8468b121c2dae
🔍 Embed URL kontrol ediliyor: https://vidlax1.xyz/embed/63d8468b121c2dae
📄 Embed sayfa içeriği alındı, boyut: 40591 karakter
🎬 Video Başlığı: Weeds
📝 Video Açıklaması: 6.Sezon 9.Bölüm
🎯 Tam Başlık: Weeds - 6.Sezon 9.Bölüm
🎯 HEX DECODE - m3u8 bulundu: https://vidlax.xyz/upload/d8a45f640f372984495a14a2928e139bb126/master.m3u8
      ✅ Weeds - 6.Sezon 9.Bölüm - 1 m3u8
   🔍 [73/102] Bölüm: https://diziyiizle4.com/weeds/6-sezon-10-bolum/
📺 Embed URL bulundu: https://vidlax1.xyz/embed/c6405c683cf6d156
🔍 Embed URL kontrol ediliyor: https://vidlax1.xyz/embed/c6405c683cf6d156
📄 Embed sayfa içeriği alındı, boyut: 40592 karakter
🎬 Video Başlığı: Weeds
📝 Video Açıklaması: 6.Sezon 10.Bölüm
🎯 Tam Başlık: Weeds - 6.Sezon 10.Bölüm
🎯 HEX DECODE - m3u8 bulundu: https://vidlax.xyz/upload/ffaedc1551a9701b529174a081824a5c45f9/master.m3u8
      ✅ Weeds - 6.Sezon 10.Bölüm - 1 m3u8
   🔍 [74/102] Bölüm: https://diziyiizle4.com/weeds/6-sezon-11-bolum/
📺 Embed URL bulundu: https://vidlax1.xyz/embed/0edff9c7554d5163
🔍 Embed URL kontrol ediliyor: https://vidlax1.xyz/embed/0edff9c7554d5163
📄 Embed sayfa içeriği alındı, boyut: 40765 karakter
🎬 Video Başlığı: Weeds
📝 Video Açıklaması: 6.Sezon 11.Bölüm
🎯 Tam Başlık: Weeds - 6.Sezon 11.Bölüm
🎯 HEX DECODE - m3u8 bulundu: https://vidlax.xyz/upload/e07954eefc0d31cc161995c5f9b5500438f7/master.m3u8
      ✅ Weeds - 6.Sezon 11.Bölüm - 1 m3u8
   🔍 [75/102] Bölüm: https://diziyiizle4.com/weeds/6-sezon-12-bolum/
📺 Embed URL bulundu: https://vidlax1.xyz/embed/ec18616d29d05225
🔍 Embed URL kontrol ediliyor: https://vidlax1.xyz/embed/ec18616d29d05225
📄 Embed sayfa içeriği alındı, boyut: 40592 karakter
🎬 Video Başlığı: Weeds
📝 Video Açıklaması: 6.Sezon 12.Bölüm
🎯 Tam Başlık: Weeds - 6.Sezon 12.Bölüm
🎯 HEX DECODE - m3u8 bulundu: https://vidlax.xyz/upload/e7796bafffee0be7b9a61b935b52725b2a9a/master.m3u8
      ✅ Weeds - 6.Sezon 12.Bölüm - 1 m3u8
   🔍 [76/102] Bölüm: https://diziyiizle4.com/weeds/6-sezon-13-bolum/
📺 Embed URL bulundu: https://vidlax1.xyz/embed/4120aaf0e4e49238
🔍 Embed URL kontrol ediliyor: https://vidlax1.xyz/embed/4120aaf0e4e49238
📄 Embed sayfa içeriği alındı, boyut: 40592 karakter
🎬 Video Başlığı: Weeds
📝 Video Açıklaması: 6.Sezon 13.Bölüm
🎯 Tam Başlık: Weeds - 6.Sezon 13.Bölüm
🎯 HEX DECODE - m3u8 bulundu: https://vidlax.xyz/upload/b17f4c5e2a398c780183bd6a7d769a323518/master.m3u8
      ✅ Weeds - 6.Sezon 13.Bölüm - 1 m3u8
   🔍 [77/102] Bölüm: https://diziyiizle4.com/weeds/7-sezon-1-bolum/
📺 Embed URL bulundu: https://vidlax1.xyz/embed/265aa3f44b8566ec
🔍 Embed URL kontrol ediliyor: https://vidlax1.xyz/embed/265aa3f44b8566ec
📄 Embed sayfa içeriği alındı, boyut: 40764 karakter
🎬 Video Başlığı: Weeds
📝 Video Açıklaması: 7.Sezon 1.Bölüm
🎯 Tam Başlık: Weeds - 7.Sezon 1.Bölüm
🎯 HEX DECODE - m3u8 bulundu: https://vidlax.xyz/upload/4866d2c6c24b625b95b5c9e9df54d5be307d/master.m3u8
      ✅ Weeds - 7.Sezon 1.Bölüm - 1 m3u8
   🔍 [78/102] Bölüm: https://diziyiizle4.com/weeds/7-sezon-2-bolum/
📺 Embed URL bulundu: https://vidlax1.xyz/embed/bd6fd62155c0dfbd
🔍 Embed URL kontrol ediliyor: https://vidlax1.xyz/embed/bd6fd62155c0dfbd
📄 Embed sayfa içeriği alındı, boyut: 40764 karakter
🎬 Video Başlığı: Weeds
📝 Video Açıklaması: 7.Sezon 2.Bölüm
🎯 Tam Başlık: Weeds - 7.Sezon 2.Bölüm
🎯 HEX DECODE - m3u8 bulundu: https://vidlax.xyz/upload/f6ff1d62f7e259d1da1da2d70425092ae158/master.m3u8
      ✅ Weeds - 7.Sezon 2.Bölüm - 1 m3u8
   🔍 [79/102] Bölüm: https://diziyiizle4.com/weeds/7-sezon-3-bolum/
📺 Embed URL bulundu: https://vidlax1.xyz/embed/2b59df599d952a02
🔍 Embed URL kontrol ediliyor: https://vidlax1.xyz/embed/2b59df599d952a02
📄 Embed sayfa içeriği alındı, boyut: 40591 karakter
🎬 Video Başlığı: Weeds
📝 Video Açıklaması: 7.Sezon 3.Bölüm
🎯 Tam Başlık: Weeds - 7.Sezon 3.Bölüm
🎯 HEX DECODE - m3u8 bulundu: https://vidlax.xyz/upload/a59554ef0d59827d3a2e9caf678cbee4dfbc/master.m3u8
      ✅ Weeds - 7.Sezon 3.Bölüm - 1 m3u8
   🔍 [80/102] Bölüm: https://diziyiizle4.com/weeds/7-sezon-4-bolum/
📺 Embed URL bulundu: https://vidlax1.xyz/embed/235c313e630c3aad
🔍 Embed URL kontrol ediliyor: https://vidlax1.xyz/embed/235c313e630c3aad
📄 Embed sayfa içeriği alındı, boyut: 40764 karakter
🎬 Video Başlığı: Weeds
📝 Video Açıklaması: 7.Sezon 4.Bölüm
🎯 Tam Başlık: Weeds - 7.Sezon 4.Bölüm
🎯 HEX DECODE - m3u8 bulundu: https://vidlax.xyz/upload/1828c90377f44329a6ff03da57ebf4d3682d/master.m3u8
      ✅ Weeds - 7.Sezon 4.Bölüm - 1 m3u8
   🔍 [81/102] Bölüm: https://diziyiizle4.com/weeds/7-sezon-5-bolum/
📺 Embed URL bulundu: https://vidlax1.xyz/embed/313b02f15dc5cfcc
🔍 Embed URL kontrol ediliyor: https://vidlax1.xyz/embed/313b02f15dc5cfcc
📄 Embed sayfa içeriği alındı, boyut: 40591 karakter
🎬 Video Başlığı: Weeds
📝 Video Açıklaması: 7.Sezon 5.Bölüm
🎯 Tam Başlık: Weeds - 7.Sezon 5.Bölüm
🎯 HEX DECODE - m3u8 bulundu: https://vidlax.xyz/upload/ee10aa0928aac8321f2e782888f8d07f30ef/master.m3u8
      ✅ Weeds - 7.Sezon 5.Bölüm - 1 m3u8
   🔍 [82/102] Bölüm: https://diziyiizle4.com/weeds/7-sezon-6-bolum/
📺 Embed URL bulundu: https://vidlax1.xyz/embed/fcfee2d1224306b5
🔍 Embed URL kontrol ediliyor: https://vidlax1.xyz/embed/fcfee2d1224306b5
📄 Embed sayfa içeriği alındı, boyut: 40591 karakter
🎬 Video Başlığı: Weeds
📝 Video Açıklaması: 7.Sezon 6.Bölüm
🎯 Tam Başlık: Weeds - 7.Sezon 6.Bölüm
🎯 HEX DECODE - m3u8 bulundu: https://vidlax.xyz/upload/f7b6982b3d25678ff68d0f55ab7d34d86af0/master.m3u8
      ✅ Weeds - 7.Sezon 6.Bölüm - 1 m3u8
   🔍 [83/102] Bölüm: https://diziyiizle4.com/weeds/7-sezon-7-bolum/
📺 Embed URL bulundu: https://vidlax1.xyz/embed/d2c3c91b5d95133e
🔍 Embed URL kontrol ediliyor: https://vidlax1.xyz/embed/d2c3c91b5d95133e
📄 Embed sayfa içeriği alındı, boyut: 40764 karakter
🎬 Video Başlığı: Weeds
📝 Video Açıklaması: 7.Sezon 7.Bölüm
🎯 Tam Başlık: Weeds - 7.Sezon 7.Bölüm
🎯 HEX DECODE - m3u8 bulundu: https://vidlax.xyz/upload/97629d6d7c020dea7df309ab91be6598afe0/master.m3u8
      ✅ Weeds - 7.Sezon 7.Bölüm - 1 m3u8
   🔍 [84/102] Bölüm: https://diziyiizle4.com/weeds/7-sezon-8-bolum/
📺 Embed URL bulundu: https://vidlax1.xyz/embed/965ef0682709171d
🔍 Embed URL kontrol ediliyor: https://vidlax1.xyz/embed/965ef0682709171d
📄 Embed sayfa içeriği alındı, boyut: 40764 karakter
🎬 Video Başlığı: Weeds
📝 Video Açıklaması: 7.Sezon 8.Bölüm
🎯 Tam Başlık: Weeds - 7.Sezon 8.Bölüm
🎯 HEX DECODE - m3u8 bulundu: https://vidlax.xyz/upload/d599da61c18e33e81f030c2ff3f205998f4f/master.m3u8
      ✅ Weeds - 7.Sezon 8.Bölüm - 1 m3u8
   🔍 [85/102] Bölüm: https://diziyiizle4.com/weeds/7-sezon-9-bolum/
📺 Embed URL bulundu: https://vidlax1.xyz/embed/d6bf5c6b616cfeb4
🔍 Embed URL kontrol ediliyor: https://vidlax1.xyz/embed/d6bf5c6b616cfeb4
📄 Embed sayfa içeriği alındı, boyut: 40591 karakter
🎬 Video Başlığı: Weeds
📝 Video Açıklaması: 7.Sezon 9.Bölüm
🎯 Tam Başlık: Weeds - 7.Sezon 9.Bölüm
🎯 HEX DECODE - m3u8 bulundu: https://vidlax.xyz/upload/fbd66be63f6ac3cb4a29b2a270cf20e94370/master.m3u8
      ✅ Weeds - 7.Sezon 9.Bölüm - 1 m3u8
   🔍 [86/102] Bölüm: https://diziyiizle4.com/weeds/7-sezon-10-bolum/
📺 Embed URL bulundu: https://vidlax1.xyz/embed/7f2c57d1487bd245
🔍 Embed URL kontrol ediliyor: https://vidlax1.xyz/embed/7f2c57d1487bd245
📄 Embed sayfa içeriği alındı, boyut: 40592 karakter
🎬 Video Başlığı: Weeds
📝 Video Açıklaması: 7.Sezon 10.Bölüm
🎯 Tam Başlık: Weeds - 7.Sezon 10.Bölüm
🎯 HEX DECODE - m3u8 bulundu: https://vidlax.xyz/upload/ce71f029a1ba0429f9f16e7cf5c41feca423/master.m3u8
      ✅ Weeds - 7.Sezon 10.Bölüm - 1 m3u8
   🔍 [87/102] Bölüm: https://diziyiizle4.com/weeds/7-sezon-11-bolum/
📺 Embed URL bulundu: https://vidlax1.xyz/embed/16de828eaaf13133
🔍 Embed URL kontrol ediliyor: https://vidlax1.xyz/embed/16de828eaaf13133
📄 Embed sayfa içeriği alındı, boyut: 40592 karakter
🎬 Video Başlığı: Weeds
📝 Video Açıklaması: 7.Sezon 11.Bölüm
🎯 Tam Başlık: Weeds - 7.Sezon 11.Bölüm
🎯 HEX DECODE - m3u8 bulundu: https://vidlax.xyz/upload/d6e86ad97363bafebd27c3f6c3206ddd53ba/master.m3u8
      ✅ Weeds - 7.Sezon 11.Bölüm - 1 m3u8
   🔍 [88/102] Bölüm: https://diziyiizle4.com/weeds/7-sezon-12-bolum/
📺 Embed URL bulundu: https://vidlax1.xyz/embed/d3a7691203ff5a9c
🔍 Embed URL kontrol ediliyor: https://vidlax1.xyz/embed/d3a7691203ff5a9c
📄 Embed sayfa içeriği alındı, boyut: 40592 karakter
🎬 Video Başlığı: Weeds
📝 Video Açıklaması: 7.Sezon 12.Bölüm
🎯 Tam Başlık: Weeds - 7.Sezon 12.Bölüm
🎯 HEX DECODE - m3u8 bulundu: https://vidlax.xyz/upload/508bc1df2beeeb1fe370512648598ea864a4/master.m3u8
      ✅ Weeds - 7.Sezon 12.Bölüm - 1 m3u8
   🔍 [89/102] Bölüm: https://diziyiizle4.com/weeds/7-sezon-13-bolum/
📺 Embed URL bulundu: https://vidlax1.xyz/embed/53fe0b284deef3f2
🔍 Embed URL kontrol ediliyor: https://vidlax1.xyz/embed/53fe0b284deef3f2
📄 Embed sayfa içeriği alındı, boyut: 40592 karakter
🎬 Video Başlığı: Weeds
📝 Video Açıklaması: 7.Sezon 13.Bölüm
🎯 Tam Başlık: Weeds - 7.Sezon 13.Bölüm
🎯 HEX DECODE - m3u8 bulundu: https://vidlax.xyz/upload/e390f0d3dc329eef711e11b41d1675075195/master.m3u8
      ✅ Weeds - 7.Sezon 13.Bölüm - 1 m3u8
   🔍 [90/102] Bölüm: https://diziyiizle4.com/weeds/8-sezon-1-bolum/
📺 Embed URL bulundu: https://vidlax1.xyz/embed/28a433db70699a93
🔍 Embed URL kontrol ediliyor: https://vidlax1.xyz/embed/28a433db70699a93
📄 Embed sayfa içeriği alındı, boyut: 40591 karakter
🎬 Video Başlığı: Weeds
📝 Video Açıklaması: 8.Sezon 1.Bölüm
🎯 Tam Başlık: Weeds - 8.Sezon 1.Bölüm
🎯 HEX DECODE - m3u8 bulundu: https://vidlax.xyz/upload/5cbad186090f9e93e716815a03acfc8f4022/master.m3u8
      ✅ Weeds - 8.Sezon 1.Bölüm - 1 m3u8
   🔍 [91/102] Bölüm: https://diziyiizle4.com/weeds/8-sezon-2-bolum/
📺 Embed URL bulundu: https://vidlax1.xyz/embed/97cfe4f05c3eb2e8
🔍 Embed URL kontrol ediliyor: https://vidlax1.xyz/embed/97cfe4f05c3eb2e8
📄 Embed sayfa içeriği alındı, boyut: 40591 karakter
🎬 Video Başlığı: Weeds
📝 Video Açıklaması: 8.Sezon 2.Bölüm
🎯 Tam Başlık: Weeds - 8.Sezon 2.Bölüm
🎯 HEX DECODE - m3u8 bulundu: https://vidlax.xyz/upload/7d80a0d9bca56553d565861ecc349a800630/master.m3u8
      ✅ Weeds - 8.Sezon 2.Bölüm - 1 m3u8
   🔍 [92/102] Bölüm: https://diziyiizle4.com/weeds/8-sezon-3-bolum/
📺 Embed URL bulundu: https://vidlax1.xyz/embed/4cd7c6ed31ddc0d4
🔍 Embed URL kontrol ediliyor: https://vidlax1.xyz/embed/4cd7c6ed31ddc0d4
📄 Embed sayfa içeriği alındı, boyut: 40591 karakter
🎬 Video Başlığı: Weeds
📝 Video Açıklaması: 8.Sezon 3.Bölüm
🎯 Tam Başlık: Weeds - 8.Sezon 3.Bölüm
🎯 HEX DECODE - m3u8 bulundu: https://vidlax.xyz/upload/c52fff87d77aa64da6542777727da4c8ea26/master.m3u8
      ✅ Weeds - 8.Sezon 3.Bölüm - 1 m3u8
   🔍 [93/102] Bölüm: https://diziyiizle4.com/weeds/8-sezon-4-bolum/
📺 Embed URL bulundu: https://vidlax1.xyz/embed/ec5acf3a88f0b1ba
🔍 Embed URL kontrol ediliyor: https://vidlax1.xyz/embed/ec5acf3a88f0b1ba
📄 Embed sayfa içeriği alındı, boyut: 40591 karakter
🎬 Video Başlığı: Weeds
📝 Video Açıklaması: 8.Sezon 4.Bölüm
🎯 Tam Başlık: Weeds - 8.Sezon 4.Bölüm
🎯 HEX DECODE - m3u8 bulundu: https://vidlax.xyz/upload/6a914728bbed56e01aa00931467d177e71d2/master.m3u8
      ✅ Weeds - 8.Sezon 4.Bölüm - 1 m3u8
   🔍 [94/102] Bölüm: https://diziyiizle4.com/weeds/8-sezon-5-bolum/
📺 Embed URL bulundu: https://vidlax1.xyz/embed/aecc8d5a5d2cf3a0
🔍 Embed URL kontrol ediliyor: https://vidlax1.xyz/embed/aecc8d5a5d2cf3a0
📄 Embed sayfa içeriği alındı, boyut: 40591 karakter
🎬 Video Başlığı: Weeds
📝 Video Açıklaması: 8.Sezon 5.Bölüm
🎯 Tam Başlık: Weeds - 8.Sezon 5.Bölüm
🎯 HEX DECODE - m3u8 bulundu: https://vidlax.xyz/upload/ce3942c0a69400a76be5e489c68aa435da78/master.m3u8
      ✅ Weeds - 8.Sezon 5.Bölüm - 1 m3u8
   🔍 [95/102] Bölüm: https://diziyiizle4.com/weeds/8-sezon-6-bolum/
📺 Embed URL bulundu: https://vidlax1.xyz/embed/da2444f4931cf722
🔍 Embed URL kontrol ediliyor: https://vidlax1.xyz/embed/da2444f4931cf722
📄 Embed sayfa içeriği alındı, boyut: 40591 karakter
🎬 Video Başlığı: Weeds
📝 Video Açıklaması: 8.Sezon 6.Bölüm
🎯 Tam Başlık: Weeds - 8.Sezon 6.Bölüm
🎯 HEX DECODE - m3u8 bulundu: https://vidlax.xyz/upload/d2d59e53bc0776f500aa25c9c43d0e42b910/master.m3u8
      ✅ Weeds - 8.Sezon 6.Bölüm - 1 m3u8
   🔍 [96/102] Bölüm: https://diziyiizle4.com/weeds/8-sezon-7-bolum/
📺 Embed URL bulundu: https://vidlax1.xyz/embed/62ba30257acf2f9e
🔍 Embed URL kontrol ediliyor: https://vidlax1.xyz/embed/62ba30257acf2f9e
📄 Embed sayfa içeriği alındı, boyut: 40591 karakter
🎬 Video Başlığı: Weeds
📝 Video Açıklaması: 8.Sezon 7.Bölüm
🎯 Tam Başlık: Weeds - 8.Sezon 7.Bölüm
🎯 HEX DECODE - m3u8 bulundu: https://vidlax.xyz/upload/f4c712e6d5f98b16dd27590f93778605d5b2/master.m3u8
      ✅ Weeds - 8.Sezon 7.Bölüm - 1 m3u8
   🔍 [97/102] Bölüm: https://diziyiizle4.com/weeds/8-sezon-8-bolum/
📺 Embed URL bulundu: https://vidlax1.xyz/embed/1cace0c8d35e2412
🔍 Embed URL kontrol ediliyor: https://vidlax1.xyz/embed/1cace0c8d35e2412
📄 Embed sayfa içeriği alındı, boyut: 40591 karakter
🎬 Video Başlığı: Weeds
📝 Video Açıklaması: 8.Sezon 8.Bölüm
🎯 Tam Başlık: Weeds - 8.Sezon 8.Bölüm
🎯 HEX DECODE - m3u8 bulundu: https://vidlax.xyz/upload/ab8a906549b8d94feb8ac1670b1cb61fe654/master.m3u8
      ✅ Weeds - 8.Sezon 8.Bölüm - 1 m3u8
   🔍 [98/102] Bölüm: https://diziyiizle4.com/weeds/8-sezon-9-bolum/
📺 Embed URL bulundu: https://vidlax1.xyz/embed/93c7375825d585c8
🔍 Embed URL kontrol ediliyor: https://vidlax1.xyz/embed/93c7375825d585c8
📄 Embed sayfa içeriği alındı, boyut: 40591 karakter
🎬 Video Başlığı: Weeds
📝 Video Açıklaması: 8.Sezon 9.Bölüm
🎯 Tam Başlık: Weeds - 8.Sezon 9.Bölüm
🎯 HEX DECODE - m3u8 bulundu: https://vidlax.xyz/upload/770fe135ef26971b5d7bb0657e71ce7ef748/master.m3u8
      ✅ Weeds - 8.Sezon 9.Bölüm - 1 m3u8
   🔍 [99/102] Bölüm: https://diziyiizle4.com/weeds/8-sezon-10-bolum/
📺 Embed URL bulundu: https://vidlax1.xyz/embed/03864ab90b7f97ff
🔍 Embed URL kontrol ediliyor: https://vidlax1.xyz/embed/03864ab90b7f97ff
📄 Embed sayfa içeriği alındı, boyut: 40592 karakter
🎬 Video Başlığı: Weeds
📝 Video Açıklaması: 8.Sezon 10.Bölüm
🎯 Tam Başlık: Weeds - 8.Sezon 10.Bölüm
🎯 HEX DECODE - m3u8 bulundu: https://vidlax.xyz/upload/e2637380d0941d6019bb5c4af644a932de90/master.m3u8
      ✅ Weeds - 8.Sezon 10.Bölüm - 1 m3u8
   🔍 [100/102] Bölüm: https://diziyiizle4.com/weeds/8-sezon-11-bolum/
📺 Embed URL bulundu: https://vidlax1.xyz/embed/ee3ad8cf0e4b2652
🔍 Embed URL kontrol ediliyor: https://vidlax1.xyz/embed/ee3ad8cf0e4b2652
📄 Embed sayfa içeriği alındı, boyut: 40765 karakter
🎬 Video Başlığı: Weeds
📝 Video Açıklaması: 8.Sezon 11.Bölüm
🎯 Tam Başlık: Weeds - 8.Sezon 11.Bölüm
🎯 HEX DECODE - m3u8 bulundu: https://vidlax.xyz/upload/368f063daa2cbb57dd444a9c81f118d13a79/master.m3u8
      ✅ Weeds - 8.Sezon 11.Bölüm - 1 m3u8
   🔍 [101/102] Bölüm: https://diziyiizle4.com/weeds/8-sezon-12-bolum/
📺 Embed URL bulundu: https://vidlax1.xyz/embed/c2b53f2956dd37cd
🔍 Embed URL kontrol ediliyor: https://vidlax1.xyz/embed/c2b53f2956dd37cd
📄 Embed sayfa içeriği alındı, boyut: 40765 karakter
🎬 Video Başlığı: Weeds
📝 Video Açıklaması: 8.Sezon 12.Bölüm
🎯 Tam Başlık: Weeds - 8.Sezon 12.Bölüm
🎯 HEX DECODE - m3u8 bulundu: https://vidlax.xyz/upload/ed2d85ae16f8da33ae31fae4ac0b251fc48c/master.m3u8
      ✅ Weeds - 8.Sezon 12.Bölüm - 1 m3u8
   🔍 [102/102] Bölüm: https://diziyiizle4.com/weeds/8-sezon-13-bolum/
📺 Embed URL bulundu: https://vidlax1.xyz/embed/bcff15bbd732a9b3
🔍 Embed URL kontrol ediliyor: https://vidlax1.xyz/embed/bcff15bbd732a9b3
📄 Embed sayfa içeriği alındı, boyut: 40765 karakter
🎬 Video Başlığı: Weeds
📝 Video Açıklaması: 8.Sezon 13.Bölüm
🎯 Tam Başlık: Weeds - 8.Sezon 13.Bölüm
🎯 HEX DECODE - m3u8 bulundu: https://vidlax.xyz/upload/336b328f009614ec4f115b1a2147d0086110/master.m3u8
      ✅ Weeds - 8.Sezon 13.Bölüm - 1 m3u8
      📁 Dizi playlist: playlists/weeds_playlist.m3u
   ✅ Dizi tamamlandı: 102 m3u8 eklendi

============================================================
🎬 [47/56] İşleniyor: https://diziyiizle4.com/dizi/i-am/
📺 Bölüm bulundu: 1. Sezon 1. BölümDublaj06.11.202550 dk. - https://diziyiizle4.com/i-am/1-sezon-1-bolum/
📺 Bölüm bulundu: 1. Sezon 2. BölümAltyazılı06.11.202550 dk. - https://diziyiizle4.com/i-am/1-sezon-2-bolum/
📺 Bölüm bulundu: 1. Sezon 3. BölümAltyazılı06.11.202550 dk. - https://diziyiizle4.com/i-am/1-sezon-3-bolum/
📺 Bölüm bulundu: 2. Sezon 1. BölümAltyazılı06.11.202550 dk. - https://diziyiizle4.com/i-am/2-sezon-1-bolum/
📺 Bölüm bulundu: 2. Sezon 2. BölümAltyazılı06.11.202550 dk. - https://diziyiizle4.com/i-am/2-sezon-2-bolum/
📺 Bölüm bulundu: 2. Sezon 3. BölümAltyazılı06.11.202550 dk. - https://diziyiizle4.com/i-am/2-sezon-3-bolum/
📺 Bölüm bulundu: 3. Sezon 1. BölümAltyazılı06.11.202592 dk. - https://diziyiizle4.com/i-am/3-sezon-1-bolum/

📊 Toplam 7 bölüm bulundu
   🔍 [1/7] Bölüm: https://diziyiizle4.com/i-am/1-sezon-1-bolum/
📺 Embed URL bulundu: https://vidlax1.xyz/embed/5ab99656585dca36
🔍 Embed URL kontrol ediliyor: https://vidlax1.xyz/embed/5ab99656585dca36
📄 Embed sayfa içeriği alındı, boyut: 40254 karakter
🎬 Video Başlığı: I Am
📝 Video Açıklaması: 1.Sezon 1.Bölüm
🎯 Tam Başlık: I Am - 1.Sezon 1.Bölüm
🎯 HEX DECODE - m3u8 bulundu: https://vidlax.xyz/upload/216cf14228fa725cd828d5beb2f7b2b700ae/master.m3u8
      ✅ I Am - 1.Sezon 1.Bölüm - 1 m3u8
   🔍 [2/7] Bölüm: https://diziyiizle4.com/i-am/1-sezon-2-bolum/

🔍 Vidlax direkt analizi: https://diziyiizle4.com/i-am/1-sezon-2-bolum/
📄 Sayfa içeriği alındı: 97844 karakter
🎬 Video Başlığı: Bilinmiyor
📝 Video Açıklaması: I Am... - 1. Sezon 2. Bölüm online izle. HD kalitede dizi bölümü.
❌ m3u8 URL'si bulunamadı
      ❌ m3u8 bulunamadı
   🔍 [3/7] Bölüm: https://diziyiizle4.com/i-am/1-sezon-3-bolum/

🔍 Vidlax direkt analizi: https://diziyiizle4.com/i-am/1-sezon-3-bolum/
📄 Sayfa içeriği alındı: 97846 karakter
🎬 Video Başlığı: Bilinmiyor
📝 Video Açıklaması: I Am... - 1. Sezon 3. Bölüm online izle. HD kalitede dizi bölümü.
❌ m3u8 URL'si bulunamadı
      ❌ m3u8 bulunamadı
   🔍 [4/7] Bölüm: https://diziyiizle4.com/i-am/2-sezon-1-bolum/

🔍 Vidlax direkt analizi: https://diziyiizle4.com/i-am/2-sezon-1-bolum/
📄 Sayfa içeriği alındı: 97845 karakter
🎬 Video Başlığı: Bilinmiyor
📝 Video Açıklaması: I Am... - 2. Sezon 1. Bölüm online izle. HD kalitede dizi bölümü.
❌ m3u8 URL'si bulunamadı
      ❌ m3u8 bulunamadı
   🔍 [5/7] Bölüm: https://diziyiizle4.com/i-am/2-sezon-2-bolum/

🔍 Vidlax direkt analizi: https://diziyiizle4.com/i-am/2-sezon-2-bolum/
📄 Sayfa içeriği alındı: 97843 karakter
🎬 Video Başlığı: Bilinmiyor
📝 Video Açıklaması: I Am... - 2. Sezon 2. Bölüm online izle. HD kalitede dizi bölümü.
❌ m3u8 URL'si bulunamadı
      ❌ m3u8 bulunamadı
   🔍 [6/7] Bölüm: https://diziyiizle4.com/i-am/2-sezon-3-bolum/

🔍 Vidlax direkt analizi: https://diziyiizle4.com/i-am/2-sezon-3-bolum/
📄 Sayfa içeriği alındı: 97845 karakter
🎬 Video Başlığı: Bilinmiyor
📝 Video Açıklaması: I Am... - 2. Sezon 3. Bölüm online izle. HD kalitede dizi bölümü.
❌ m3u8 URL'si bulunamadı
      ❌ m3u8 bulunamadı
   🔍 [7/7] Bölüm: https://diziyiizle4.com/i-am/3-sezon-1-bolum/

🔍 Vidlax direkt analizi: https://diziyiizle4.com/i-am/3-sezon-1-bolum/
📄 Sayfa içeriği alındı: 97846 karakter
🎬 Video Başlığı: Bilinmiyor
📝 Video Açıklaması: I Am... - 3. Sezon 1. Bölüm online izle. HD kalitede dizi bölümü.
❌ m3u8 URL'si bulunamadı
      ❌ m3u8 bulunamadı
      📁 Dizi playlist: playlists/i_am_playlist.m3u
   ✅ Dizi tamamlandı: 1 m3u8 eklendi

============================================================
🎬 [48/56] İşleniyor: https://diziyiizle4.com/dizi/kim-demis-kotuyuz-diye-goreve-haziriz/
📺 Bölüm bulundu: 1. Sezon 1. BölümDublaj06.11.2025 - https://diziyiizle4.com/kim-demis-kotuyuz-diye-goreve-haziriz/1-sezon-1-bolum/
📺 Bölüm bulundu: 1. Sezon 2. BölümDublaj06.11.2025 - https://diziyiizle4.com/kim-demis-kotuyuz-diye-goreve-haziriz/1-sezon-2-bolum/
📺 Bölüm bulundu: 1. Sezon 3. BölümDublaj06.11.2025 - https://diziyiizle4.com/kim-demis-kotuyuz-diye-goreve-haziriz/1-sezon-3-bolum/
📺 Bölüm bulundu: 1. Sezon 4. BölümDublaj06.11.2025 - https://diziyiizle4.com/kim-demis-kotuyuz-diye-goreve-haziriz/1-sezon-4-bolum/
📺 Bölüm bulundu: 1. Sezon 5. BölümDublaj06.11.2025 - https://diziyiizle4.com/kim-demis-kotuyuz-diye-goreve-haziriz/1-sezon-5-bolum/
📺 Bölüm bulundu: 1. Sezon 6. BölümDublaj06.11.2025 - https://diziyiizle4.com/kim-demis-kotuyuz-diye-goreve-haziriz/1-sezon-6-bolum/

📊 Toplam 6 bölüm bulundu
   🔍 [1/6] Bölüm: https://diziyiizle4.com/kim-demis-kotuyuz-diye-goreve-haziriz/1-sezon-1-bolum/
📺 Embed URL bulundu: https://vidlax1.xyz/embed/69dc6399fffe3f6c
🔍 Embed URL kontrol ediliyor: https://vidlax1.xyz/embed/69dc6399fffe3f6c
📄 Embed sayfa içeriği alındı, boyut: 41128 karakter
🎬 Video Başlığı: The Bad Guys: Breaking In
📝 Video Açıklaması: 1.Sezon 1.Bölüm
🎯 Tam Başlık: The Bad Guys: Breaking In - 1.Sezon 1.Bölüm
🎯 HEX DECODE - m3u8 bulundu: https://vidlax.xyz/upload/10eb0624941ce0374fd4f7e07f5899d3972b/master.m3u8
      ✅ The Bad Guys: Breaking In - 1.Sezon 1.Bölüm - 1 m3u8
   🔍 [2/6] Bölüm: https://diziyiizle4.com/kim-demis-kotuyuz-diye-goreve-haziriz/1-sezon-2-bolum/
📺 Embed URL bulundu: https://vidlax1.xyz/embed/41cccdb112390714
🔍 Embed URL kontrol ediliyor: https://vidlax1.xyz/embed/41cccdb112390714
📄 Embed sayfa içeriği alındı, boyut: 41128 karakter
🎬 Video Başlığı: The Bad Guys: Breaking In
📝 Video Açıklaması: 1.Sezon 2.Bölüm
🎯 Tam Başlık: The Bad Guys: Breaking In - 1.Sezon 2.Bölüm
🎯 HEX DECODE - m3u8 bulundu: https://vidlax.xyz/upload/b8e2e581ca6272c6dae3a9cc2719095c78e4/master.m3u8
      ✅ The Bad Guys: Breaking In - 1.Sezon 2.Bölüm - 1 m3u8
   🔍 [3/6] Bölüm: https://diziyiizle4.com/kim-demis-kotuyuz-diye-goreve-haziriz/1-sezon-3-bolum/

🔍 Vidlax direkt analizi: https://diziyiizle4.com/kim-demis-kotuyuz-diye-goreve-haziriz/1-sezon-3-bolum/
📄 Sayfa içeriği alındı: 94603 karakter
🎬 Video Başlığı: Bilinmiyor
📝 Video Açıklaması: The Bad Guys: Breaking In - 1. Sezon 3. Bölüm online izle. HD kalitede dizi bölümü.
❌ m3u8 URL'si bulunamadı
      ❌ m3u8 bulunamadı
   🔍 [4/6] Bölüm: https://diziyiizle4.com/kim-demis-kotuyuz-diye-goreve-haziriz/1-sezon-4-bolum/

🔍 Vidlax direkt analizi: https://diziyiizle4.com/kim-demis-kotuyuz-diye-goreve-haziriz/1-sezon-4-bolum/
📄 Sayfa içeriği alındı: 94604 karakter
🎬 Video Başlığı: Bilinmiyor
📝 Video Açıklaması: The Bad Guys: Breaking In - 1. Sezon 4. Bölüm online izle. HD kalitede dizi bölümü.
❌ m3u8 URL'si bulunamadı
      ❌ m3u8 bulunamadı
   🔍 [5/6] Bölüm: https://diziyiizle4.com/kim-demis-kotuyuz-diye-goreve-haziriz/1-sezon-5-bolum/

🔍 Vidlax direkt analizi: https://diziyiizle4.com/kim-demis-kotuyuz-diye-goreve-haziriz/1-sezon-5-bolum/
📄 Sayfa içeriği alındı: 94604 karakter
🎬 Video Başlığı: Bilinmiyor
📝 Video Açıklaması: The Bad Guys: Breaking In - 1. Sezon 5. Bölüm online izle. HD kalitede dizi bölümü.
❌ m3u8 URL'si bulunamadı
      ❌ m3u8 bulunamadı
   🔍 [6/6] Bölüm: https://diziyiizle4.com/kim-demis-kotuyuz-diye-goreve-haziriz/1-sezon-6-bolum/

🔍 Vidlax direkt analizi: https://diziyiizle4.com/kim-demis-kotuyuz-diye-goreve-haziriz/1-sezon-6-bolum/
📄 Sayfa içeriği alındı: 94604 karakter
🎬 Video Başlığı: Bilinmiyor
📝 Video Açıklaması: The Bad Guys: Breaking In - 1. Sezon 6. Bölüm online izle. HD kalitede dizi bölümü.
❌ m3u8 URL'si bulunamadı
      ❌ m3u8 bulunamadı
      📁 Dizi playlist: playlists/kim_demis_kotuyuz_diye_goreve_haziriz_playlist.m3u
   ✅ Dizi tamamlandı: 2 m3u8 eklendi

============================================================
🎬 [49/56] İşleniyor: https://diziyiizle4.com/dizi/death-by-lightning/
📺 Bölüm bulundu: 1. Sezon 1. BölümDublaj06.11.2025 - https://diziyiizle4.com/death-by-lightning/1-sezon-1-bolum/
📺 Bölüm bulundu: 1. Sezon 2. BölümDublaj06.11.2025 - https://diziyiizle4.com/death-by-lightning/1-sezon-2-bolum/
📺 Bölüm bulundu: 1. Sezon 3. BölümDublaj06.11.2025 - https://diziyiizle4.com/death-by-lightning/1-sezon-3-bolum/
📺 Bölüm bulundu: 1. Sezon 4. BölümDublaj06.11.2025 - https://diziyiizle4.com/death-by-lightning/1-sezon-4-bolum/

📊 Toplam 4 bölüm bulundu
   🔍 [1/4] Bölüm: https://diziyiizle4.com/death-by-lightning/1-sezon-1-bolum/
📺 Embed URL bulundu: https://vidlax1.xyz/embed/3a56fde211976786
🔍 Embed URL kontrol ediliyor: https://vidlax1.xyz/embed/3a56fde211976786
📄 Embed sayfa içeriği alındı, boyut: 41476 karakter
🎬 Video Başlığı: Death by Lightning
📝 Video Açıklaması: 1.Sezon 1.Bölüm
🎯 Tam Başlık: Death by Lightning - 1.Sezon 1.Bölüm
🎯 HEX DECODE - m3u8 bulundu: https://vidlax.xyz/upload/64557b8e753cf3a6460513cdaf4f48fa38e1/master.m3u8
      ✅ Death by Lightning - 1.Sezon 1.Bölüm - 1 m3u8
   🔍 [2/4] Bölüm: https://diziyiizle4.com/death-by-lightning/1-sezon-2-bolum/
📺 Embed URL bulundu: https://vidlax1.xyz/embed/6c55f4d558fa42e3
🔍 Embed URL kontrol ediliyor: https://vidlax1.xyz/embed/6c55f4d558fa42e3
📄 Embed sayfa içeriği alındı, boyut: 41476 karakter
🎬 Video Başlığı: Death by Lightning
📝 Video Açıklaması: 1.Sezon 2.Bölüm
🎯 Tam Başlık: Death by Lightning - 1.Sezon 2.Bölüm
🎯 HEX DECODE - m3u8 bulundu: https://vidlax.xyz/upload/d9d73dd5c92565e01093d7001e5eb387bc3b/master.m3u8
      ✅ Death by Lightning - 1.Sezon 2.Bölüm - 1 m3u8
   🔍 [3/4] Bölüm: https://diziyiizle4.com/death-by-lightning/1-sezon-3-bolum/
📺 Embed URL bulundu: https://vidlax1.xyz/embed/a77352ba3ec5783e
🔍 Embed URL kontrol ediliyor: https://vidlax1.xyz/embed/a77352ba3ec5783e
📄 Embed sayfa içeriği alındı, boyut: 41476 karakter
🎬 Video Başlığı: Death by Lightning
📝 Video Açıklaması: 1.Sezon 3.Bölüm
🎯 Tam Başlık: Death by Lightning - 1.Sezon 3.Bölüm
🎯 HEX DECODE - m3u8 bulundu: https://vidlax.xyz/upload/ed75454d9c1d487849a573bb9d9dadd5d54b/master.m3u8
      ✅ Death by Lightning - 1.Sezon 3.Bölüm - 1 m3u8
   🔍 [4/4] Bölüm: https://diziyiizle4.com/death-by-lightning/1-sezon-4-bolum/
📺 Embed URL bulundu: https://vidlax1.xyz/embed/8731e9af98edafc5
🔍 Embed URL kontrol ediliyor: https://vidlax1.xyz/embed/8731e9af98edafc5
📄 Embed sayfa içeriği alındı, boyut: 41476 karakter
🎬 Video Başlığı: Death by Lightning
📝 Video Açıklaması: 1.Sezon 4.Bölüm
🎯 Tam Başlık: Death by Lightning - 1.Sezon 4.Bölüm
🎯 HEX DECODE - m3u8 bulundu: https://vidlax.xyz/upload/5cb94fa79094ad9e14b05a6944b1277863cd/master.m3u8
      ✅ Death by Lightning - 1.Sezon 4.Bölüm - 1 m3u8
      📁 Dizi playlist: playlists/death_by_lightning_playlist.m3u
   ✅ Dizi tamamlandı: 4 m3u8 eklendi

============================================================
🎬 [50/56] İşleniyor: https://diziyiizle4.com/dizi/simplemente-alicia/
📺 Bölüm bulundu: 1. Sezon 1. BölümAltyazılı05.11.2025 - https://diziyiizle4.com/simplemente-alicia/1-sezon-1-bolum/
📺 Bölüm bulundu: 1. Sezon 2. BölümAltyazılı05.11.202539 dk. - https://diziyiizle4.com/simplemente-alicia/1-sezon-2-bolum/
📺 Bölüm bulundu: 1. Sezon 3. BölümAltyazılı05.11.202539 dk. - https://diziyiizle4.com/simplemente-alicia/1-sezon-3-bolum/
📺 Bölüm bulundu: 1. Sezon 4. BölümAltyazılı05.11.202539 dk. - https://diziyiizle4.com/simplemente-alicia/1-sezon-4-bolum/
📺 Bölüm bulundu: 1. Sezon 5. BölümAltyazılı05.11.202539 dk. - https://diziyiizle4.com/simplemente-alicia/1-sezon-5-bolum/
📺 Bölüm bulundu: 1. Sezon 6. BölümAltyazılı05.11.202539 dk. - https://diziyiizle4.com/simplemente-alicia/1-sezon-6-bolum/
📺 Bölüm bulundu: 1. Sezon 7. BölümAltyazılı05.11.202539 dk. - https://diziyiizle4.com/simplemente-alicia/1-sezon-7-bolum/
📺 Bölüm bulundu: 1. Sezon 8. BölümAltyazılı05.11.202539 dk. - https://diziyiizle4.com/simplemente-alicia/1-sezon-8-bolum/
📺 Bölüm bulundu: 1. Sezon 9. BölümAltyazılı05.11.202539 dk. - https://diziyiizle4.com/simplemente-alicia/1-sezon-9-bolum/
📺 Bölüm bulundu: 1. Sezon 10. BölümAltyazılı05.11.202539 dk. - https://diziyiizle4.com/simplemente-alicia/1-sezon-10-bolum/
📺 Bölüm bulundu: 1. Sezon 11. BölümAltyazılı05.11.202541 dk. - https://diziyiizle4.com/simplemente-alicia/1-sezon-11-bolum/
📺 Bölüm bulundu: 1. Sezon 12. BölümAltyazılı05.11.202545 dk. - https://diziyiizle4.com/simplemente-alicia/1-sezon-12-bolum/
📺 Bölüm bulundu: 1. Sezon 13. BölümAltyazılı05.11.202542 dk. - https://diziyiizle4.com/simplemente-alicia/1-sezon-13-bolum/
📺 Bölüm bulundu: 1. Sezon 14. BölümAltyazılı05.11.202540 dk. - https://diziyiizle4.com/simplemente-alicia/1-sezon-14-bolum/
📺 Bölüm bulundu: 1. Sezon 15. BölümAltyazılı05.11.202542 dk. - https://diziyiizle4.com/simplemente-alicia/1-sezon-15-bolum/
📺 Bölüm bulundu: 1. Sezon 16. BölümAltyazılı05.11.202540 dk. - https://diziyiizle4.com/simplemente-alicia/1-sezon-16-bolum/
📺 Bölüm bulundu: 1. Sezon 17. BölümAltyazılı05.11.202536 dk. - https://diziyiizle4.com/simplemente-alicia/1-sezon-17-bolum/
📺 Bölüm bulundu: 1. Sezon 18. BölümAltyazılı05.11.202538 dk. - https://diziyiizle4.com/simplemente-alicia/1-sezon-18-bolum/
📺 Bölüm bulundu: 1. Sezon 19. BölümAltyazılı05.11.202544 dk. - https://diziyiizle4.com/simplemente-alicia/1-sezon-19-bolum/

📊 Toplam 19 bölüm bulundu
   🔍 [1/19] Bölüm: https://diziyiizle4.com/simplemente-alicia/1-sezon-1-bolum/
📺 Embed URL bulundu: https://vidlax1.xyz/embed/6e51d9c146beafb3
🔍 Embed URL kontrol ediliyor: https://vidlax1.xyz/embed/6e51d9c146beafb3
📄 Embed sayfa içeriği alındı, boyut: 43165 karakter
🎬 Video Başlığı: Just Alice
📝 Video Açıklaması: 1.Sezon 1.Bölüm
🎯 Tam Başlık: Just Alice - 1.Sezon 1.Bölüm
🎯 HEX DECODE - m3u8 bulundu: https://vidlax.xyz/upload/16aef7416e7e6023dc23b3982174f5513c63/master.m3u8
      ✅ Just Alice - 1.Sezon 1.Bölüm - 1 m3u8
   🔍 [2/19] Bölüm: https://diziyiizle4.com/simplemente-alicia/1-sezon-2-bolum/
📺 Embed URL bulundu: https://vidlax1.xyz/embed/3bf7d9343c3fb248
🔍 Embed URL kontrol ediliyor: https://vidlax1.xyz/embed/3bf7d9343c3fb248
📄 Embed sayfa içeriği alındı, boyut: 43165 karakter
🎬 Video Başlığı: Just Alice
📝 Video Açıklaması: 1.Sezon 2.Bölüm
🎯 Tam Başlık: Just Alice - 1.Sezon 2.Bölüm
🎯 HEX DECODE - m3u8 bulundu: https://vidlax.xyz/upload/471a80ccaa57e53c237c74aead528479d66c/master.m3u8
      ✅ Just Alice - 1.Sezon 2.Bölüm - 1 m3u8
   🔍 [3/19] Bölüm: https://diziyiizle4.com/simplemente-alicia/1-sezon-3-bolum/
📺 Embed URL bulundu: https://vidlax1.xyz/embed/f030bf90046bdb6b
🔍 Embed URL kontrol ediliyor: https://vidlax1.xyz/embed/f030bf90046bdb6b
📄 Embed sayfa içeriği alındı, boyut: 42987 karakter
🎬 Video Başlığı: Just Alice
📝 Video Açıklaması: 1.Sezon 3.Bölüm
🎯 Tam Başlık: Just Alice - 1.Sezon 3.Bölüm
🎯 HEX DECODE - m3u8 bulundu: https://vidlax.xyz/upload/5a95d0fbcd2242215ba414dad44f8d6c14eb/master.m3u8
      ✅ Just Alice - 1.Sezon 3.Bölüm - 1 m3u8
   🔍 [4/19] Bölüm: https://diziyiizle4.com/simplemente-alicia/1-sezon-4-bolum/
📺 Embed URL bulundu: https://vidlax1.xyz/embed/09f7c63110c5d49d
🔍 Embed URL kontrol ediliyor: https://vidlax1.xyz/embed/09f7c63110c5d49d
📄 Embed sayfa içeriği alındı, boyut: 43165 karakter
🎬 Video Başlığı: Just Alice
📝 Video Açıklaması: 1.Sezon 4.Bölüm
🎯 Tam Başlık: Just Alice - 1.Sezon 4.Bölüm
🎯 HEX DECODE - m3u8 bulundu: https://vidlax.xyz/upload/6e21b94185f71405081ac2227a8c333e33a4/master.m3u8
      ✅ Just Alice - 1.Sezon 4.Bölüm - 1 m3u8
   🔍 [5/19] Bölüm: https://diziyiizle4.com/simplemente-alicia/1-sezon-5-bolum/
📺 Embed URL bulundu: https://vidlax1.xyz/embed/9d01cd8555d2e583
🔍 Embed URL kontrol ediliyor: https://vidlax1.xyz/embed/9d01cd8555d2e583
📄 Embed sayfa içeriği alındı, boyut: 43164 karakter
🎬 Video Başlığı: Just Alice
📝 Video Açıklaması: 1.Sezon 5.Bölüm
🎯 Tam Başlık: Just Alice - 1.Sezon 5.Bölüm
🎯 HEX DECODE - m3u8 bulundu: https://vidlax.xyz/upload/01b6435e72b111eabe6e584d86dcbc414cc1/master.m3u8
      ✅ Just Alice - 1.Sezon 5.Bölüm - 1 m3u8
   🔍 [6/19] Bölüm: https://diziyiizle4.com/simplemente-alicia/1-sezon-6-bolum/
📺 Embed URL bulundu: https://vidlax1.xyz/embed/160e8d80b30060d3
🔍 Embed URL kontrol ediliyor: https://vidlax1.xyz/embed/160e8d80b30060d3
📄 Embed sayfa içeriği alındı, boyut: 42982 karakter
🎬 Video Başlığı: Just Alice
📝 Video Açıklaması: 1.Sezon 6.Bölüm
🎯 Tam Başlık: Just Alice - 1.Sezon 6.Bölüm
🎯 HEX DECODE - m3u8 bulundu: https://vidlax.xyz/upload/4b74908775c6b4c801bb732d67947272e4f1/master.m3u8
      ✅ Just Alice - 1.Sezon 6.Bölüm - 1 m3u8
   🔍 [7/19] Bölüm: https://diziyiizle4.com/simplemente-alicia/1-sezon-7-bolum/
📺 Embed URL bulundu: https://vidlax1.xyz/embed/cafd8ff02c14987f
🔍 Embed URL kontrol ediliyor: https://vidlax1.xyz/embed/cafd8ff02c14987f
📄 Embed sayfa içeriği alındı, boyut: 42808 karakter
🎬 Video Başlığı: Just Alice
📝 Video Açıklaması: 1.Sezon 7.Bölüm
🎯 Tam Başlık: Just Alice - 1.Sezon 7.Bölüm
🎯 HEX DECODE - m3u8 bulundu: https://vidlax.xyz/upload/7f7ef0a2acb7556c045cd995a1b87bead1d1/master.m3u8
      ✅ Just Alice - 1.Sezon 7.Bölüm - 1 m3u8
   🔍 [8/19] Bölüm: https://diziyiizle4.com/simplemente-alicia/1-sezon-8-bolum/
📺 Embed URL bulundu: https://vidlax1.xyz/embed/86ffc5da1c8fe300
🔍 Embed URL kontrol ediliyor: https://vidlax1.xyz/embed/86ffc5da1c8fe300
📄 Embed sayfa içeriği alındı, boyut: 42987 karakter
🎬 Video Başlığı: Just Alice
📝 Video Açıklaması: 1.Sezon 8.Bölüm
🎯 Tam Başlık: Just Alice - 1.Sezon 8.Bölüm
🎯 HEX DECODE - m3u8 bulundu: https://vidlax.xyz/upload/260e315c0bac738b51b77963e4610d47796a/master.m3u8
      ✅ Just Alice - 1.Sezon 8.Bölüm - 1 m3u8
   🔍 [9/19] Bölüm: https://diziyiizle4.com/simplemente-alicia/1-sezon-9-bolum/
📺 Embed URL bulundu: https://vidlax1.xyz/embed/eaa3f4ba0dba38ca
🔍 Embed URL kontrol ediliyor: https://vidlax1.xyz/embed/eaa3f4ba0dba38ca
📄 Embed sayfa içeriği alındı, boyut: 42982 karakter
🎬 Video Başlığı: Just Alice
📝 Video Açıklaması: 1.Sezon 9.Bölüm
🎯 Tam Başlık: Just Alice - 1.Sezon 9.Bölüm
🎯 HEX DECODE - m3u8 bulundu: https://vidlax.xyz/upload/55e95724db60ff52c08710d31b1bdeaea147/master.m3u8
      ✅ Just Alice - 1.Sezon 9.Bölüm - 1 m3u8
   🔍 [10/19] Bölüm: https://diziyiizle4.com/simplemente-alicia/1-sezon-10-bolum/
📺 Embed URL bulundu: https://vidlax1.xyz/embed/e4e88c184ceeb6a6
🔍 Embed URL kontrol ediliyor: https://vidlax1.xyz/embed/e4e88c184ceeb6a6
📄 Embed sayfa içeriği alındı, boyut: 43165 karakter
🎬 Video Başlığı: Just Alice
📝 Video Açıklaması: 1.Sezon 10.Bölüm
🎯 Tam Başlık: Just Alice - 1.Sezon 10.Bölüm
🎯 HEX DECODE - m3u8 bulundu: https://vidlax.xyz/upload/61a15c633ed9d6a1fa18a9efd090d1483274/master.m3u8
      ✅ Just Alice - 1.Sezon 10.Bölüm - 1 m3u8
   🔍 [11/19] Bölüm: https://diziyiizle4.com/simplemente-alicia/1-sezon-11-bolum/
📺 Embed URL bulundu: https://vidlax1.xyz/embed/33e75a8b856d5592
🔍 Embed URL kontrol ediliyor: https://vidlax1.xyz/embed/33e75a8b856d5592
📄 Embed sayfa içeriği alındı, boyut: 42810 karakter
🎬 Video Başlığı: Just Alice
📝 Video Açıklaması: 1.Sezon 11.Bölüm
🎯 Tam Başlık: Just Alice - 1.Sezon 11.Bölüm
🎯 HEX DECODE - m3u8 bulundu: https://vidlax.xyz/upload/aecdaf76db5ec5de8a187fe83b9c4692ed7a/master.m3u8
      ✅ Just Alice - 1.Sezon 11.Bölüm - 1 m3u8
   🔍 [12/19] Bölüm: https://diziyiizle4.com/simplemente-alicia/1-sezon-12-bolum/
📺 Embed URL bulundu: https://vidlax1.xyz/embed/a284dec6276f2b06
🔍 Embed URL kontrol ediliyor: https://vidlax1.xyz/embed/a284dec6276f2b06
📄 Embed sayfa içeriği alındı, boyut: 42809 karakter
🎬 Video Başlığı: Just Alice
📝 Video Açıklaması: 1.Sezon 12.Bölüm
🎯 Tam Başlık: Just Alice - 1.Sezon 12.Bölüm
🎯 HEX DECODE - m3u8 bulundu: https://vidlax.xyz/upload/2d1f9eefcd7c93ca4b0386fd7c3753595a17/master.m3u8
      ✅ Just Alice - 1.Sezon 12.Bölüm - 1 m3u8
   🔍 [13/19] Bölüm: https://diziyiizle4.com/simplemente-alicia/1-sezon-13-bolum/
📺 Embed URL bulundu: https://vidlax1.xyz/embed/f9c3384a486da26b
🔍 Embed URL kontrol ediliyor: https://vidlax1.xyz/embed/f9c3384a486da26b
📄 Embed sayfa içeriği alındı, boyut: 42809 karakter
🎬 Video Başlığı: Just Alice
📝 Video Açıklaması: 1.Sezon 13.Bölüm
🎯 Tam Başlık: Just Alice - 1.Sezon 13.Bölüm
🎯 HEX DECODE - m3u8 bulundu: https://vidlax.xyz/upload/f44c9d26395b4201dd55cb2049dba5d8cc0c/master.m3u8
      ✅ Just Alice - 1.Sezon 13.Bölüm - 1 m3u8
   🔍 [14/19] Bölüm: https://diziyiizle4.com/simplemente-alicia/1-sezon-14-bolum/
📺 Embed URL bulundu: https://vidlax1.xyz/embed/ebdd1e64dadd1ebf
🔍 Embed URL kontrol ediliyor: https://vidlax1.xyz/embed/ebdd1e64dadd1ebf
📄 Embed sayfa içeriği alındı, boyut: 42988 karakter
🎬 Video Başlığı: Just Alice
📝 Video Açıklaması: 1.Sezon 14.Bölüm
🎯 Tam Başlık: Just Alice - 1.Sezon 14.Bölüm
🎯 HEX DECODE - m3u8 bulundu: https://vidlax.xyz/upload/018b818762a697f6e6e2e486a74a3471bade/master.m3u8
      ✅ Just Alice - 1.Sezon 14.Bölüm - 1 m3u8
   🔍 [15/19] Bölüm: https://diziyiizle4.com/simplemente-alicia/1-sezon-15-bolum/
📺 Embed URL bulundu: https://vidlax1.xyz/embed/0a187701f73a36ec
🔍 Embed URL kontrol ediliyor: https://vidlax1.xyz/embed/0a187701f73a36ec
📄 Embed sayfa içeriği alındı, boyut: 42810 karakter
🎬 Video Başlığı: Just Alice
📝 Video Açıklaması: 1.Sezon 15.Bölüm
🎯 Tam Başlık: Just Alice - 1.Sezon 15.Bölüm
🎯 HEX DECODE - m3u8 bulundu: https://vidlax.xyz/upload/40efb127f0e78287a7cb597a668d6ee248c0/master.m3u8
      ✅ Just Alice - 1.Sezon 15.Bölüm - 1 m3u8
   🔍 [16/19] Bölüm: https://diziyiizle4.com/simplemente-alicia/1-sezon-16-bolum/
📺 Embed URL bulundu: https://vidlax1.xyz/embed/fdbc2b68649bb007
🔍 Embed URL kontrol ediliyor: https://vidlax1.xyz/embed/fdbc2b68649bb007
📄 Embed sayfa içeriği alındı, boyut: 42988 karakter
🎬 Video Başlığı: Just Alice
📝 Video Açıklaması: 1.Sezon 16.Bölüm
🎯 Tam Başlık: Just Alice - 1.Sezon 16.Bölüm
🎯 HEX DECODE - m3u8 bulundu: https://vidlax.xyz/upload/53eb1883f3630c5e4d596a0d0c2b941f2424/master.m3u8
      ✅ Just Alice - 1.Sezon 16.Bölüm - 1 m3u8
   🔍 [17/19] Bölüm: https://diziyiizle4.com/simplemente-alicia/1-sezon-17-bolum/
📺 Embed URL bulundu: https://vidlax1.xyz/embed/5aec124039f4fd63
🔍 Embed URL kontrol ediliyor: https://vidlax1.xyz/embed/5aec124039f4fd63
📄 Embed sayfa içeriği alındı, boyut: 42988 karakter
🎬 Video Başlığı: Just Alice
📝 Video Açıklaması: 1.Sezon 17.Bölüm
🎯 Tam Başlık: Just Alice - 1.Sezon 17.Bölüm
🎯 HEX DECODE - m3u8 bulundu: https://vidlax.xyz/upload/3c640d36cf8338e36ce8d9b946be150e5048/master.m3u8
      ✅ Just Alice - 1.Sezon 17.Bölüm - 1 m3u8
   🔍 [18/19] Bölüm: https://diziyiizle4.com/simplemente-alicia/1-sezon-18-bolum/
📺 Embed URL bulundu: https://vidlax1.xyz/embed/7f931f0e1cb29b52
🔍 Embed URL kontrol ediliyor: https://vidlax1.xyz/embed/7f931f0e1cb29b52
📄 Embed sayfa içeriği alındı, boyut: 42988 karakter
🎬 Video Başlığı: Just Alice
📝 Video Açıklaması: 1.Sezon 18.Bölüm
🎯 Tam Başlık: Just Alice - 1.Sezon 18.Bölüm
🎯 HEX DECODE - m3u8 bulundu: https://vidlax.xyz/upload/94180ecbff370f28b91657510a8b60de0183/master.m3u8
      ✅ Just Alice - 1.Sezon 18.Bölüm - 1 m3u8
   🔍 [19/19] Bölüm: https://diziyiizle4.com/simplemente-alicia/1-sezon-19-bolum/
📺 Embed URL bulundu: https://vidlax1.xyz/embed/ee8f3f5654502330
🔍 Embed URL kontrol ediliyor: https://vidlax1.xyz/embed/ee8f3f5654502330
📄 Embed sayfa içeriği alındı, boyut: 42988 karakter
🎬 Video Başlığı: Just Alice
📝 Video Açıklaması: 1.Sezon 19.Bölüm
🎯 Tam Başlık: Just Alice - 1.Sezon 19.Bölüm
🎯 HEX DECODE - m3u8 bulundu: https://vidlax.xyz/upload/d268a6addd6aceb0f0211bb722e5f107ae13/master.m3u8
      ✅ Just Alice - 1.Sezon 19.Bölüm - 1 m3u8
      📁 Dizi playlist: playlists/simplemente_alicia_playlist.m3u
   ✅ Dizi tamamlandı: 19 m3u8 eklendi

============================================================
🎬 [51/56] İşleniyor: https://diziyiizle4.com/dizi/the-manipulated/
📺 Bölüm bulundu: 1. Sezon 1. BölümAltyazılı05.11.2025 - https://diziyiizle4.com/the-manipulated/1-sezon-1-bolum/
📺 Bölüm bulundu: 1. Sezon 2. BölümAltyazılı05.11.2025 - https://diziyiizle4.com/the-manipulated/1-sezon-2-bolum/
📺 Bölüm bulundu: 1. Sezon 3. BölümAltyazılı05.11.2025 - https://diziyiizle4.com/the-manipulated/1-sezon-3-bolum/
📺 Bölüm bulundu: 1. Sezon 4. BölümAltyazılı05.11.2025 - https://diziyiizle4.com/the-manipulated/1-sezon-4-bolum/
📺 Bölüm bulundu: 1. Sezon 5. BölümAltyazılı12.11.2025 - https://diziyiizle4.com/the-manipulated/1-sezon-5-bolum/
📺 Bölüm bulundu: 1. Sezon 6. BölümAltyazılı05.11.2025 - https://diziyiizle4.com/the-manipulated/1-sezon-6-bolum/
📺 Bölüm bulundu: 1. Sezon 7. BölümAltyazılı20.11.2025 - https://diziyiizle4.com/the-manipulated/1-sezon-7-bolum/
📺 Bölüm bulundu: 1. Sezon 8. BölümAltyazılı20.11.2025 - https://diziyiizle4.com/the-manipulated/1-sezon-8-bolum/
📺 Bölüm bulundu: 1. Sezon 9. BölümAltyazılı05.11.2025 - https://diziyiizle4.com/the-manipulated/1-sezon-9-bolum/
📺 Bölüm bulundu: 1. Sezon 10. BölümAltyazılı05.11.2025 - https://diziyiizle4.com/the-manipulated/1-sezon-10-bolum/
📺 Bölüm bulundu: 1. Sezon 11. BölümAltyazılı05.11.2025 - https://diziyiizle4.com/the-manipulated/1-sezon-11-bolum/
📺 Bölüm bulundu: 1. Sezon 12. BölümAltyazılı05.11.2025 - https://diziyiizle4.com/the-manipulated/1-sezon-12-bolum/

📊 Toplam 12 bölüm bulundu
   🔍 [1/12] Bölüm: https://diziyiizle4.com/the-manipulated/1-sezon-1-bolum/
📺 Embed URL bulundu: https://vidlax1.xyz/embed/68a5e5cfd72a6f80
🔍 Embed URL kontrol ediliyor: https://vidlax1.xyz/embed/68a5e5cfd72a6f80
📄 Embed sayfa içeriği alındı, boyut: 42145 karakter
🎬 Video Başlığı: The Manipulated
📝 Video Açıklaması: 1.Sezon 1.Bölüm
🎯 Tam Başlık: The Manipulated - 1.Sezon 1.Bölüm
🎯 HEX DECODE - m3u8 bulundu: https://vidlax.xyz/upload/f0faef89352449a796287c814f75dadff857/master.m3u8
      ✅ The Manipulated - 1.Sezon 1.Bölüm - 1 m3u8
   🔍 [2/12] Bölüm: https://diziyiizle4.com/the-manipulated/1-sezon-2-bolum/
📺 Embed URL bulundu: https://vidlax1.xyz/embed/40842e09fea1f3bc
🔍 Embed URL kontrol ediliyor: https://vidlax1.xyz/embed/40842e09fea1f3bc
📄 Embed sayfa içeriği alındı, boyut: 42319 karakter
🎬 Video Başlığı: The Manipulated
📝 Video Açıklaması: 1.Sezon 2.Bölüm
🎯 Tam Başlık: The Manipulated - 1.Sezon 2.Bölüm
🎯 HEX DECODE - m3u8 bulundu: https://vidlax.xyz/upload/aa7ec377489a92e2656cc2a5402de34a45a2/master.m3u8
      ✅ The Manipulated - 1.Sezon 2.Bölüm - 1 m3u8
   🔍 [3/12] Bölüm: https://diziyiizle4.com/the-manipulated/1-sezon-3-bolum/
📺 Embed URL bulundu: https://vidlax1.xyz/embed/0ec51118ab7e61ad
🔍 Embed URL kontrol ediliyor: https://vidlax1.xyz/embed/0ec51118ab7e61ad
📄 Embed sayfa içeriği alındı, boyut: 42319 karakter
🎬 Video Başlığı: The Manipulated
📝 Video Açıklaması: 1.Sezon 3.Bölüm
🎯 Tam Başlık: The Manipulated - 1.Sezon 3.Bölüm
🎯 HEX DECODE - m3u8 bulundu: https://vidlax.xyz/upload/1be77c9cb9f38307597c19f8ac65ec6d5ba3/master.m3u8
      ✅ The Manipulated - 1.Sezon 3.Bölüm - 1 m3u8
   🔍 [4/12] Bölüm: https://diziyiizle4.com/the-manipulated/1-sezon-4-bolum/
📺 Embed URL bulundu: https://vidlax1.xyz/embed/b9aac71da05e93d9
🔍 Embed URL kontrol ediliyor: https://vidlax1.xyz/embed/b9aac71da05e93d9
📄 Embed sayfa içeriği alındı, boyut: 42319 karakter
🎬 Video Başlığı: The Manipulated
📝 Video Açıklaması: 1.Sezon 4.Bölüm
🎯 Tam Başlık: The Manipulated - 1.Sezon 4.Bölüm
🎯 HEX DECODE - m3u8 bulundu: https://vidlax.xyz/upload/76eb9fd38e8df9d790da4f217923adbce7b4/master.m3u8
      ✅ The Manipulated - 1.Sezon 4.Bölüm - 1 m3u8
   🔍 [5/12] Bölüm: https://diziyiizle4.com/the-manipulated/1-sezon-5-bolum/
📺 Embed URL bulundu: https://vidlax1.xyz/embed/983b660f29badae8
🔍 Embed URL kontrol ediliyor: https://vidlax1.xyz/embed/983b660f29badae8
📄 Embed sayfa içeriği alındı, boyut: 42461 karakter
🎬 Video Başlığı: The Manipulated
📝 Video Açıklaması: 1.Sezon 5.Bölüm
🎯 Tam Başlık: The Manipulated - 1.Sezon 5.Bölüm
🎯 HEX DECODE - m3u8 bulundu: https://vidlax.xyz/upload/ffb30024d22f21c988b1b6739b60e5437903/master.m3u8
      ✅ The Manipulated - 1.Sezon 5.Bölüm - 1 m3u8
   🔍 [6/12] Bölüm: https://diziyiizle4.com/the-manipulated/1-sezon-6-bolum/

🔍 Vidlax direkt analizi: https://diziyiizle4.com/the-manipulated/1-sezon-6-bolum/
📄 Sayfa içeriği alındı: 101620 karakter
🎬 Video Başlığı: Bilinmiyor
📝 Video Açıklaması: The Manipulated - 1. Sezon 6. Bölüm online izle. HD kalitede dizi bölümü.
❌ m3u8 URL'si bulunamadı
      ❌ m3u8 bulunamadı
   🔍 [7/12] Bölüm: https://diziyiizle4.com/the-manipulated/1-sezon-7-bolum/
📺 Embed URL bulundu: https://vidlax1.xyz/embed/56fdf12e5a7b4cc6
🔍 Embed URL kontrol ediliyor: https://vidlax1.xyz/embed/56fdf12e5a7b4cc6
📄 Embed sayfa içeriği alındı, boyut: 42145 karakter
🎬 Video Başlığı: The Manipulated
📝 Video Açıklaması: 1.Sezon 7.Bölüm
🎯 Tam Başlık: The Manipulated - 1.Sezon 7.Bölüm
🎯 HEX DECODE - m3u8 bulundu: https://vidlax.xyz/upload/363a9ff072ef8361a43c09435d369bd6ebd7/master.m3u8
      ✅ The Manipulated - 1.Sezon 7.Bölüm - 1 m3u8
   🔍 [8/12] Bölüm: https://diziyiizle4.com/the-manipulated/1-sezon-8-bolum/
📺 Embed URL bulundu: https://vidlax1.xyz/embed/eb9270f386798ffb
🔍 Embed URL kontrol ediliyor: https://vidlax1.xyz/embed/eb9270f386798ffb
📄 Embed sayfa içeriği alındı, boyut: 42319 karakter
🎬 Video Başlığı: The Manipulated
📝 Video Açıklaması: 1.Sezon 8.Bölüm
🎯 Tam Başlık: The Manipulated - 1.Sezon 8.Bölüm
🎯 HEX DECODE - m3u8 bulundu: https://vidlax.xyz/upload/0414993f0a192af242140c1dfd804f3230c2/master.m3u8
      ✅ The Manipulated - 1.Sezon 8.Bölüm - 1 m3u8
   🔍 [9/12] Bölüm: https://diziyiizle4.com/the-manipulated/1-sezon-9-bolum/

🔍 Vidlax direkt analizi: https://diziyiizle4.com/the-manipulated/1-sezon-9-bolum/
📄 Sayfa içeriği alındı: 101620 karakter
🎬 Video Başlığı: Bilinmiyor
📝 Video Açıklaması: The Manipulated - 1. Sezon 9. Bölüm online izle. HD kalitede dizi bölümü.
❌ m3u8 URL'si bulunamadı
      ❌ m3u8 bulunamadı
   🔍 [10/12] Bölüm: https://diziyiizle4.com/the-manipulated/1-sezon-10-bolum/

🔍 Vidlax direkt analizi: https://diziyiizle4.com/the-manipulated/1-sezon-10-bolum/
📄 Sayfa içeriği alındı: 101641 karakter
🎬 Video Başlığı: Bilinmiyor
📝 Video Açıklaması: The Manipulated - 1. Sezon 10. Bölüm online izle. HD kalitede dizi bölümü.
❌ m3u8 URL'si bulunamadı
      ❌ m3u8 bulunamadı
   🔍 [11/12] Bölüm: https://diziyiizle4.com/the-manipulated/1-sezon-11-bolum/

🔍 Vidlax direkt analizi: https://diziyiizle4.com/the-manipulated/1-sezon-11-bolum/
📄 Sayfa içeriği alındı: 101641 karakter
🎬 Video Başlığı: Bilinmiyor
📝 Video Açıklaması: The Manipulated - 1. Sezon 11. Bölüm online izle. HD kalitede dizi bölümü.
❌ m3u8 URL'si bulunamadı
      ❌ m3u8 bulunamadı
   🔍 [12/12] Bölüm: https://diziyiizle4.com/the-manipulated/1-sezon-12-bolum/

🔍 Vidlax direkt analizi: https://diziyiizle4.com/the-manipulated/1-sezon-12-bolum/
📄 Sayfa içeriği alındı: 101642 karakter
🎬 Video Başlığı: Bilinmiyor
📝 Video Açıklaması: The Manipulated - 1. Sezon 12. Bölüm online izle. HD kalitede dizi bölümü.
❌ m3u8 URL'si bulunamadı
      ❌ m3u8 bulunamadı
      📁 Dizi playlist: playlists/the_manipulated_playlist.m3u
   ✅ Dizi tamamlandı: 7 m3u8 eklendi

============================================================
🎬 [52/56] İşleniyor: https://diziyiizle4.com/dizi/heweliusz/
📺 Bölüm bulundu: 1. Sezon 1. BölümDublaj05.11.2025 - https://diziyiizle4.com/heweliusz/1-sezon-1-bolum/
📺 Bölüm bulundu: 1. Sezon 2. BölümDublaj05.11.2025 - https://diziyiizle4.com/heweliusz/1-sezon-2-bolum/
📺 Bölüm bulundu: 1. Sezon 3. BölümDublaj05.11.2025 - https://diziyiizle4.com/heweliusz/1-sezon-3-bolum/
📺 Bölüm bulundu: 1. Sezon 4. BölümDublaj05.11.2025 - https://diziyiizle4.com/heweliusz/1-sezon-4-bolum/
📺 Bölüm bulundu: 1. Sezon 5. BölümDublaj05.11.2025 - https://diziyiizle4.com/heweliusz/1-sezon-5-bolum/

📊 Toplam 5 bölüm bulundu
   🔍 [1/5] Bölüm: https://diziyiizle4.com/heweliusz/1-sezon-1-bolum/
📺 Embed URL bulundu: https://vidlax1.xyz/embed/fb2271fd21815fa4
🔍 Embed URL kontrol ediliyor: https://vidlax1.xyz/embed/fb2271fd21815fa4
📄 Embed sayfa içeriği alındı, boyut: 40259 karakter
🎬 Video Başlığı: Heweliusz
📝 Video Açıklaması: 1.Sezon 1.Bölüm
🎯 Tam Başlık: Heweliusz - 1.Sezon 1.Bölüm
🎯 HEX DECODE - m3u8 bulundu: https://vidlax.xyz/upload/281ff37c7a94e235bbeefe6de874ade0ff5e/master.m3u8
      ✅ Heweliusz - 1.Sezon 1.Bölüm - 1 m3u8
   🔍 [2/5] Bölüm: https://diziyiizle4.com/heweliusz/1-sezon-2-bolum/
📺 Embed URL bulundu: https://vidlax1.xyz/embed/9677be5b1126f308
🔍 Embed URL kontrol ediliyor: https://vidlax1.xyz/embed/9677be5b1126f308
📄 Embed sayfa içeriği alındı, boyut: 40259 karakter
🎬 Video Başlığı: Heweliusz
📝 Video Açıklaması: 1.Sezon 2.Bölüm
🎯 Tam Başlık: Heweliusz - 1.Sezon 2.Bölüm
🎯 HEX DECODE - m3u8 bulundu: https://vidlax.xyz/upload/6092b1d2a235b42185f6551a3d879c5b6de4/master.m3u8
      ✅ Heweliusz - 1.Sezon 2.Bölüm - 1 m3u8
   🔍 [3/5] Bölüm: https://diziyiizle4.com/heweliusz/1-sezon-3-bolum/
📺 Embed URL bulundu: https://vidlax1.xyz/embed/55a37b4eec96d3c4
🔍 Embed URL kontrol ediliyor: https://vidlax1.xyz/embed/55a37b4eec96d3c4
📄 Embed sayfa içeriği alındı, boyut: 40259 karakter
🎬 Video Başlığı: Heweliusz
📝 Video Açıklaması: 1.Sezon 3.Bölüm
🎯 Tam Başlık: Heweliusz - 1.Sezon 3.Bölüm
🎯 HEX DECODE - m3u8 bulundu: https://vidlax.xyz/upload/b7c12a5ad675811a915dce235dcf3677f88b/master.m3u8
      ✅ Heweliusz - 1.Sezon 3.Bölüm - 1 m3u8
   🔍 [4/5] Bölüm: https://diziyiizle4.com/heweliusz/1-sezon-4-bolum/
📺 Embed URL bulundu: https://vidlax1.xyz/embed/b5fe8bf92802d67e
🔍 Embed URL kontrol ediliyor: https://vidlax1.xyz/embed/b5fe8bf92802d67e
📄 Embed sayfa içeriği alındı, boyut: 40259 karakter
🎬 Video Başlığı: Heweliusz
📝 Video Açıklaması: 1.Sezon 4.Bölüm
🎯 Tam Başlık: Heweliusz - 1.Sezon 4.Bölüm
🎯 HEX DECODE - m3u8 bulundu: https://vidlax.xyz/upload/3296bc35cd8d75210eff5e53f3a0c8a22fdb/master.m3u8
      ✅ Heweliusz - 1.Sezon 4.Bölüm - 1 m3u8
   🔍 [5/5] Bölüm: https://diziyiizle4.com/heweliusz/1-sezon-5-bolum/
📺 Embed URL bulundu: https://vidlax1.xyz/embed/543478481ca0cd6a
🔍 Embed URL kontrol ediliyor: https://vidlax1.xyz/embed/543478481ca0cd6a
📄 Embed sayfa içeriği alındı, boyut: 40259 karakter
🎬 Video Başlığı: Heweliusz
📝 Video Açıklaması: 1.Sezon 5.Bölüm
🎯 Tam Başlık: Heweliusz - 1.Sezon 5.Bölüm
🎯 HEX DECODE - m3u8 bulundu: https://vidlax.xyz/upload/9d4860a0aa930ea0e1e3a507531f174951ae/master.m3u8
      ✅ Heweliusz - 1.Sezon 5.Bölüm - 1 m3u8
      📁 Dizi playlist: playlists/heweliusz_playlist.m3u
   ✅ Dizi tamamlandı: 5 m3u8 eklendi

============================================================
🎬 [53/56] İşleniyor: https://diziyiizle4.com/dizi/hazbin-hotel/
📺 Bölüm bulundu: 1. Sezon 1. BölümDual05.11.202525 dk. - https://diziyiizle4.com/hazbin-hotel/1-sezon-1-bolum/
📺 Bölüm bulundu: 1. Sezon 2. BölümDual05.11.202525 dk. - https://diziyiizle4.com/hazbin-hotel/1-sezon-2-bolum/
📺 Bölüm bulundu: 1. Sezon 3. BölümDual05.11.202525 dk. - https://diziyiizle4.com/hazbin-hotel/1-sezon-3-bolum/
📺 Bölüm bulundu: 1. Sezon 4. BölümDual05.11.202525 dk. - https://diziyiizle4.com/hazbin-hotel/1-sezon-4-bolum/
📺 Bölüm bulundu: 1. Sezon 5. BölümDual05.11.202525 dk. - https://diziyiizle4.com/hazbin-hotel/1-sezon-5-bolum/
📺 Bölüm bulundu: 1. Sezon 6. BölümDual05.11.202525 dk. - https://diziyiizle4.com/hazbin-hotel/1-sezon-6-bolum/
📺 Bölüm bulundu: 1. Sezon 7. BölümDual05.11.202525 dk. - https://diziyiizle4.com/hazbin-hotel/1-sezon-7-bolum/
📺 Bölüm bulundu: 1. Sezon 8. BölümDual05.11.202525 dk. - https://diziyiizle4.com/hazbin-hotel/1-sezon-8-bolum/
📺 Bölüm bulundu: 2. Sezon 1. BölümDublaj05.11.202529 dk. - https://diziyiizle4.com/hazbin-hotel/2-sezon-1-bolum/
📺 Bölüm bulundu: 2. Sezon 2. BölümDublaj05.11.202529 dk. - https://diziyiizle4.com/hazbin-hotel/2-sezon-2-bolum/
📺 Bölüm bulundu: 2. Sezon 3. BölümDublaj05.11.2025 - https://diziyiizle4.com/hazbin-hotel/2-sezon-3-bolum/
📺 Bölüm bulundu: 2. Sezon 4. BölümDublaj05.11.2025 - https://diziyiizle4.com/hazbin-hotel/2-sezon-4-bolum/
📺 Bölüm bulundu: 2. Sezon 5. BölümAltyazılı12.11.2025 - https://diziyiizle4.com/hazbin-hotel/2-sezon-5-bolum/
📺 Bölüm bulundu: 2. Sezon 6. BölümAltyazılı05.11.2025 - https://diziyiizle4.com/hazbin-hotel/2-sezon-6-bolum/
📺 Bölüm bulundu: 2. Sezon 7. BölümAltyazılı19.11.2025 - https://diziyiizle4.com/hazbin-hotel/2-sezon-7-bolum/
📺 Bölüm bulundu: 2. Sezon 8. BölümAltyazılı05.11.2025 - https://diziyiizle4.com/hazbin-hotel/2-sezon-8-bolum/

📊 Toplam 16 bölüm bulundu
   🔍 [1/16] Bölüm: https://diziyiizle4.com/hazbin-hotel/1-sezon-1-bolum/
📺 Embed URL bulundu: https://vidlax1.xyz/embed/bf86c60dfd50abf9
🔍 Embed URL kontrol ediliyor: https://vidlax1.xyz/embed/bf86c60dfd50abf9
📄 Embed sayfa içeriği alındı, boyut: 40435 karakter
🎬 Video Başlığı: Hazbin Hotel
📝 Video Açıklaması: 1.Sezon 1.Bölüm
🎯 Tam Başlık: Hazbin Hotel - 1.Sezon 1.Bölüm
🎯 HEX DECODE - m3u8 bulundu: https://vidlax.xyz/upload/066b81f6573e0640f0069fd01abac9655ec3/master.m3u8
      ✅ Hazbin Hotel - 1.Sezon 1.Bölüm - 1 m3u8
   🔍 [2/16] Bölüm: https://diziyiizle4.com/hazbin-hotel/1-sezon-2-bolum/
📺 Embed URL bulundu: https://vidlax1.xyz/embed/d3c04e7e92f5b92d
🔍 Embed URL kontrol ediliyor: https://vidlax1.xyz/embed/d3c04e7e92f5b92d
📄 Embed sayfa içeriği alındı, boyut: 40435 karakter
🎬 Video Başlığı: Hazbin Hotel
📝 Video Açıklaması: 1.Sezon 2.Bölüm
🎯 Tam Başlık: Hazbin Hotel - 1.Sezon 2.Bölüm
🎯 HEX DECODE - m3u8 bulundu: https://vidlax.xyz/upload/697cc20ecfd0c029c5e2c352cfe0fe9876e7/master.m3u8
      ✅ Hazbin Hotel - 1.Sezon 2.Bölüm - 1 m3u8
   🔍 [3/16] Bölüm: https://diziyiizle4.com/hazbin-hotel/1-sezon-3-bolum/
📺 Embed URL bulundu: https://vidlax1.xyz/embed/42b3cb17b27d6364
🔍 Embed URL kontrol ediliyor: https://vidlax1.xyz/embed/42b3cb17b27d6364
📄 Embed sayfa içeriği alındı, boyut: 40435 karakter
🎬 Video Başlığı: Hazbin Hotel
📝 Video Açıklaması: 1.Sezon 3.Bölüm
🎯 Tam Başlık: Hazbin Hotel - 1.Sezon 3.Bölüm
🎯 HEX DECODE - m3u8 bulundu: https://vidlax.xyz/upload/70f7658fa5264923e5c7580714d795c99901/master.m3u8
      ✅ Hazbin Hotel - 1.Sezon 3.Bölüm - 1 m3u8
   🔍 [4/16] Bölüm: https://diziyiizle4.com/hazbin-hotel/1-sezon-4-bolum/
📺 Embed URL bulundu: https://vidlax1.xyz/embed/7277fc90baba7e06
🔍 Embed URL kontrol ediliyor: https://vidlax1.xyz/embed/7277fc90baba7e06
📄 Embed sayfa içeriği alındı, boyut: 40435 karakter
🎬 Video Başlığı: Hazbin Hotel
📝 Video Açıklaması: 1.Sezon 4.Bölüm
🎯 Tam Başlık: Hazbin Hotel - 1.Sezon 4.Bölüm
🎯 HEX DECODE - m3u8 bulundu: https://vidlax.xyz/upload/a3b8bc96be23c9e797dd0e5caf167df8ab33/master.m3u8
      ✅ Hazbin Hotel - 1.Sezon 4.Bölüm - 1 m3u8
   🔍 [5/16] Bölüm: https://diziyiizle4.com/hazbin-hotel/1-sezon-5-bolum/
📺 Embed URL bulundu: https://vidlax1.xyz/embed/becd53099fb20b34
🔍 Embed URL kontrol ediliyor: https://vidlax1.xyz/embed/becd53099fb20b34
📄 Embed sayfa içeriği alındı, boyut: 40435 karakter
🎬 Video Başlığı: Hazbin Hotel
📝 Video Açıklaması: 1.Sezon 5.Bölüm
🎯 Tam Başlık: Hazbin Hotel - 1.Sezon 5.Bölüm
🎯 HEX DECODE - m3u8 bulundu: https://vidlax.xyz/upload/38c7f38283ead73092ef6b23243d5f1b815a/master.m3u8
      ✅ Hazbin Hotel - 1.Sezon 5.Bölüm - 1 m3u8
   🔍 [6/16] Bölüm: https://diziyiizle4.com/hazbin-hotel/1-sezon-6-bolum/
📺 Embed URL bulundu: https://vidlax1.xyz/embed/4862f5d843b06249
🔍 Embed URL kontrol ediliyor: https://vidlax1.xyz/embed/4862f5d843b06249
📄 Embed sayfa içeriği alındı, boyut: 40435 karakter
🎬 Video Başlığı: Hazbin Hotel
📝 Video Açıklaması: 1.Sezon 6.Bölüm
🎯 Tam Başlık: Hazbin Hotel - 1.Sezon 6.Bölüm
🎯 HEX DECODE - m3u8 bulundu: https://vidlax.xyz/upload/8616c18cf08b4fbc552939d93a752fe6ab66/master.m3u8
      ✅ Hazbin Hotel - 1.Sezon 6.Bölüm - 1 m3u8
   🔍 [7/16] Bölüm: https://diziyiizle4.com/hazbin-hotel/1-sezon-7-bolum/
📺 Embed URL bulundu: https://vidlax1.xyz/embed/edbe01d7695eb04b
🔍 Embed URL kontrol ediliyor: https://vidlax1.xyz/embed/edbe01d7695eb04b
📄 Embed sayfa içeriği alındı, boyut: 40435 karakter
🎬 Video Başlığı: Hazbin Hotel
📝 Video Açıklaması: 1.Sezon 7.Bölüm
🎯 Tam Başlık: Hazbin Hotel - 1.Sezon 7.Bölüm
🎯 HEX DECODE - m3u8 bulundu: https://vidlax.xyz/upload/c163fa265736bcffc8daa8948d0318ab8508/master.m3u8
      ✅ Hazbin Hotel - 1.Sezon 7.Bölüm - 1 m3u8
   🔍 [8/16] Bölüm: https://diziyiizle4.com/hazbin-hotel/1-sezon-8-bolum/
📺 Embed URL bulundu: https://vidlax1.xyz/embed/a4ebaa3205384dc6
🔍 Embed URL kontrol ediliyor: https://vidlax1.xyz/embed/a4ebaa3205384dc6
📄 Embed sayfa içeriği alındı, boyut: 40435 karakter
🎬 Video Başlığı: Hazbin Hotel
📝 Video Açıklaması: 1.Sezon 8.Bölüm
🎯 Tam Başlık: Hazbin Hotel - 1.Sezon 8.Bölüm
🎯 HEX DECODE - m3u8 bulundu: https://vidlax.xyz/upload/e61073d4abdf778b36704bb93f715bbdda67/master.m3u8
      ✅ Hazbin Hotel - 1.Sezon 8.Bölüm - 1 m3u8
   🔍 [9/16] Bölüm: https://diziyiizle4.com/hazbin-hotel/2-sezon-1-bolum/
📺 Embed URL bulundu: https://vidlax1.xyz/embed/aaf4846491c796cd
🔍 Embed URL kontrol ediliyor: https://vidlax1.xyz/embed/aaf4846491c796cd
📄 Embed sayfa içeriği alındı, boyut: 42668 karakter
🎬 Video Başlığı: Hazbin Hotel
📝 Video Açıklaması: 2.Sezon 1.Bölüm
🎯 Tam Başlık: Hazbin Hotel - 2.Sezon 1.Bölüm
🎯 HEX DECODE - m3u8 bulundu: https://vidlax.xyz/upload/35d47920aa5090702284b3ba17c98d21d0c0/master.m3u8
      ✅ Hazbin Hotel - 2.Sezon 1.Bölüm - 1 m3u8
   🔍 [10/16] Bölüm: https://diziyiizle4.com/hazbin-hotel/2-sezon-2-bolum/
📺 Embed URL bulundu: https://vidlax1.xyz/embed/c71e8fd0635885e5
🔍 Embed URL kontrol ediliyor: https://vidlax1.xyz/embed/c71e8fd0635885e5
📄 Embed sayfa içeriği alındı, boyut: 42668 karakter
🎬 Video Başlığı: Hazbin Hotel
📝 Video Açıklaması: 2.Sezon 2.Bölüm
🎯 Tam Başlık: Hazbin Hotel - 2.Sezon 2.Bölüm
🎯 HEX DECODE - m3u8 bulundu: https://vidlax.xyz/upload/e1bed4dda8061ab34c4dd6de482a9253ef5c/master.m3u8
      ✅ Hazbin Hotel - 2.Sezon 2.Bölüm - 1 m3u8
   🔍 [11/16] Bölüm: https://diziyiizle4.com/hazbin-hotel/2-sezon-3-bolum/
📺 Embed URL bulundu: https://vidlax1.xyz/embed/9cc00212818ec29f
🔍 Embed URL kontrol ediliyor: https://vidlax1.xyz/embed/9cc00212818ec29f
📄 Embed sayfa içeriği alındı, boyut: 40262 karakter
🎬 Video Başlığı: Hazbin Hotel
📝 Video Açıklaması: 2.Sezon 3.Bölüm
🎯 Tam Başlık: Hazbin Hotel - 2.Sezon 3.Bölüm
🎯 HEX DECODE - m3u8 bulundu: https://vidlax.xyz/upload/39580bfb4c2c53791deb839318d09479cc4d/master.m3u8
      ✅ Hazbin Hotel - 2.Sezon 3.Bölüm - 1 m3u8
   🔍 [12/16] Bölüm: https://diziyiizle4.com/hazbin-hotel/2-sezon-4-bolum/
📺 Embed URL bulundu: https://vidlax1.xyz/embed/df096408062f790f
🔍 Embed URL kontrol ediliyor: https://vidlax1.xyz/embed/df096408062f790f
📄 Embed sayfa içeriği alındı, boyut: 40262 karakter
🎬 Video Başlığı: Hazbin Hotel
📝 Video Açıklaması: 2.Sezon 4.Bölüm
🎯 Tam Başlık: Hazbin Hotel - 2.Sezon 4.Bölüm
🎯 HEX DECODE - m3u8 bulundu: https://vidlax.xyz/upload/9804ef28d6f5e6b913cebbeb01da33eb05d0/master.m3u8
      ✅ Hazbin Hotel - 2.Sezon 4.Bölüm - 1 m3u8
   🔍 [13/16] Bölüm: https://diziyiizle4.com/hazbin-hotel/2-sezon-5-bolum/
📺 Embed URL bulundu: https://vidlax1.xyz/embed/2e7fbb7f95de042b
🔍 Embed URL kontrol ediliyor: https://vidlax1.xyz/embed/2e7fbb7f95de042b
📄 Embed sayfa içeriği alındı, boyut: 42847 karakter
🎬 Video Başlığı: Hazbin Hotel
📝 Video Açıklaması: 2.Sezon 5.Bölüm
🎯 Tam Başlık: Hazbin Hotel - 2.Sezon 5.Bölüm
🎯 HEX DECODE - m3u8 bulundu: https://vidlax.xyz/upload/51027549fee77eb314e9c7db98d2bc20ffbb/master.m3u8
      ✅ Hazbin Hotel - 2.Sezon 5.Bölüm - 1 m3u8
   🔍 [14/16] Bölüm: https://diziyiizle4.com/hazbin-hotel/2-sezon-6-bolum/
📺 Embed URL bulundu: https://vidlax1.xyz/embed/a35e41d23df7f309
🔍 Embed URL kontrol ediliyor: https://vidlax1.xyz/embed/a35e41d23df7f309
📄 Embed sayfa içeriği alındı, boyut: 42847 karakter
🎬 Video Başlığı: Hazbin Hotel
📝 Video Açıklaması: 2.Sezon 6.Bölüm
🎯 Tam Başlık: Hazbin Hotel - 2.Sezon 6.Bölüm
🎯 HEX DECODE - m3u8 bulundu: https://vidlax.xyz/upload/c6664171be018759f306391e453464a12b49/master.m3u8
      ✅ Hazbin Hotel - 2.Sezon 6.Bölüm - 1 m3u8
   🔍 [15/16] Bölüm: https://diziyiizle4.com/hazbin-hotel/2-sezon-7-bolum/
📺 Embed URL bulundu: https://vidlax1.xyz/embed/4adf96132e83b14a
🔍 Embed URL kontrol ediliyor: https://vidlax1.xyz/embed/4adf96132e83b14a
📄 Embed sayfa içeriği alındı, boyut: 42779 karakter
🎬 Video Başlığı: Hazbin Hotel
📝 Video Açıklaması: 2.Sezon 7.Bölüm
🎯 Tam Başlık: Hazbin Hotel - 2.Sezon 7.Bölüm
🎯 HEX DECODE - m3u8 bulundu: https://vidlax.xyz/upload/8b098337130e139903474e45750a2587af19/master.m3u8
      ✅ Hazbin Hotel - 2.Sezon 7.Bölüm - 1 m3u8
   🔍 [16/16] Bölüm: https://diziyiizle4.com/hazbin-hotel/2-sezon-8-bolum/
📺 Embed URL bulundu: https://vidlax1.xyz/embed/b17a8d522549b272
🔍 Embed URL kontrol ediliyor: https://vidlax1.xyz/embed/b17a8d522549b272
📄 Embed sayfa içeriği alındı, boyut: 42821 karakter
🎬 Video Başlığı: Hazbin Hotel
📝 Video Açıklaması: 2.Sezon 8.Bölüm
🎯 Tam Başlık: Hazbin Hotel - 2.Sezon 8.Bölüm
🎯 HEX DECODE - m3u8 bulundu: https://vidlax.xyz/upload/b2958b2e7ad277fd5ced0978d7481019df5e/master.m3u8
      ✅ Hazbin Hotel - 2.Sezon 8.Bölüm - 1 m3u8
      📁 Dizi playlist: playlists/hazbin_hotel_playlist.m3u
   ✅ Dizi tamamlandı: 16 m3u8 eklendi

============================================================
🎬 [54/56] İşleniyor: https://diziyiizle4.com/dizi/robin-hood/
📺 Bölüm bulundu: 1. Sezon 1. BölümDublaj05.11.202559 dk. - https://diziyiizle4.com/robin-hood/1-sezon-1-bolum/
📺 Bölüm bulundu: 1. Sezon 2. BölümDublaj05.11.202560 dk. - https://diziyiizle4.com/robin-hood/1-sezon-2-bolum/
📺 Bölüm bulundu: 1. Sezon 3. BölümAltyazılı09.11.202552 dk. - https://diziyiizle4.com/robin-hood/1-sezon-3-bolum/
📺 Bölüm bulundu: 1. Sezon 4. BölümAltyazılı05.11.2025 - https://diziyiizle4.com/robin-hood/1-sezon-4-bolum/
📺 Bölüm bulundu: 1. Sezon 5. BölümAltyazılı05.11.2025 - https://diziyiizle4.com/robin-hood/1-sezon-5-bolum/
📺 Bölüm bulundu: 1. Sezon 6. BölümAltyazılı05.11.2025 - https://diziyiizle4.com/robin-hood/1-sezon-6-bolum/
📺 Bölüm bulundu: 1. Sezon 7. BölümAltyazılı05.11.2025 - https://diziyiizle4.com/robin-hood/1-sezon-7-bolum/
📺 Bölüm bulundu: 1. Sezon 8. BölümAltyazılı05.11.2025 - https://diziyiizle4.com/robin-hood/1-sezon-8-bolum/
📺 Bölüm bulundu: 1. Sezon 9. BölümAltyazılı05.11.2025 - https://diziyiizle4.com/robin-hood/1-sezon-9-bolum/
📺 Bölüm bulundu: 1. Sezon 10. BölümAltyazılı05.11.2025 - https://diziyiizle4.com/robin-hood/1-sezon-10-bolum/

📊 Toplam 10 bölüm bulundu
   🔍 [1/10] Bölüm: https://diziyiizle4.com/robin-hood/1-sezon-1-bolum/
📺 Embed URL bulundu: https://vidlax1.xyz/embed/3d95361284a22142
🔍 Embed URL kontrol ediliyor: https://vidlax1.xyz/embed/3d95361284a22142
📄 Embed sayfa içeriği alındı, boyut: 40255 karakter
🎬 Video Başlığı: Robin Hood
📝 Video Açıklaması: 1.Sezon 1.Bölüm
🎯 Tam Başlık: Robin Hood - 1.Sezon 1.Bölüm
🎯 HEX DECODE - m3u8 bulundu: https://vidlax.xyz/upload/ab4481fcc3208cc5fc49d4277e6fe2027c43/master.m3u8
      ✅ Robin Hood - 1.Sezon 1.Bölüm - 1 m3u8
   🔍 [2/10] Bölüm: https://diziyiizle4.com/robin-hood/1-sezon-2-bolum/
📺 Embed URL bulundu: https://vidlax1.xyz/embed/45ed03052864d658
🔍 Embed URL kontrol ediliyor: https://vidlax1.xyz/embed/45ed03052864d658
📄 Embed sayfa içeriği alındı, boyut: 40255 karakter
🎬 Video Başlığı: Robin Hood
📝 Video Açıklaması: 1.Sezon 2.Bölüm
🎯 Tam Başlık: Robin Hood - 1.Sezon 2.Bölüm
🎯 HEX DECODE - m3u8 bulundu: https://vidlax.xyz/upload/388b1ebb768a14a02887aca6ce9c994e8c17/master.m3u8
      ✅ Robin Hood - 1.Sezon 2.Bölüm - 1 m3u8
   🔍 [3/10] Bölüm: https://diziyiizle4.com/robin-hood/1-sezon-3-bolum/
📺 Embed URL bulundu: https://vidlax1.xyz/embed/8f1a01b8a9f50262
🔍 Embed URL kontrol ediliyor: https://vidlax1.xyz/embed/8f1a01b8a9f50262
📄 Embed sayfa içeriği alındı, boyut: 40397 karakter
🎬 Video Başlığı: Robin Hood
📝 Video Açıklaması: 1.Sezon 3.Bölüm
🎯 Tam Başlık: Robin Hood - 1.Sezon 3.Bölüm
🎯 HEX DECODE - m3u8 bulundu: https://vidlax.xyz/upload/16f572067c243ca9f82f789acdbbabd6cad2/master.m3u8
      ✅ Robin Hood - 1.Sezon 3.Bölüm - 1 m3u8
   🔍 [4/10] Bölüm: https://diziyiizle4.com/robin-hood/1-sezon-4-bolum/

🔍 Vidlax direkt analizi: https://diziyiizle4.com/robin-hood/1-sezon-4-bolum/
📄 Sayfa içeriği alındı: 99529 karakter
🎬 Video Başlığı: Bilinmiyor
📝 Video Açıklaması: Robin Hood - 1. Sezon 4. Bölüm online izle. HD kalitede dizi bölümü.
❌ m3u8 URL'si bulunamadı
      ❌ m3u8 bulunamadı
   🔍 [5/10] Bölüm: https://diziyiizle4.com/robin-hood/1-sezon-5-bolum/

🔍 Vidlax direkt analizi: https://diziyiizle4.com/robin-hood/1-sezon-5-bolum/
📄 Sayfa içeriği alındı: 99576 karakter
🎬 Video Başlığı: Bilinmiyor
📝 Video Açıklaması: Robin Hood - 1. Sezon 5. Bölüm online izle. HD kalitede dizi bölümü.
❌ m3u8 URL'si bulunamadı
      ❌ m3u8 bulunamadı
   🔍 [6/10] Bölüm: https://diziyiizle4.com/robin-hood/1-sezon-6-bolum/

🔍 Vidlax direkt analizi: https://diziyiizle4.com/robin-hood/1-sezon-6-bolum/
📄 Sayfa içeriği alındı: 99638 karakter
🎬 Video Başlığı: Bilinmiyor
📝 Video Açıklaması: Robin Hood - 1. Sezon 6. Bölüm online izle. HD kalitede dizi bölümü.
❌ m3u8 URL'si bulunamadı
      ❌ m3u8 bulunamadı
   🔍 [7/10] Bölüm: https://diziyiizle4.com/robin-hood/1-sezon-7-bolum/

🔍 Vidlax direkt analizi: https://diziyiizle4.com/robin-hood/1-sezon-7-bolum/
📄 Sayfa içeriği alındı: 98984 karakter
🎬 Video Başlığı: Bilinmiyor
📝 Video Açıklaması: Robin Hood - 1. Sezon 7. Bölüm online izle. HD kalitede dizi bölümü.
❌ m3u8 URL'si bulunamadı
      ❌ m3u8 bulunamadı
   🔍 [8/10] Bölüm: https://diziyiizle4.com/robin-hood/1-sezon-8-bolum/

🔍 Vidlax direkt analizi: https://diziyiizle4.com/robin-hood/1-sezon-8-bolum/
📄 Sayfa içeriği alındı: 98985 karakter
🎬 Video Başlığı: Bilinmiyor
📝 Video Açıklaması: Robin Hood - 1. Sezon 8. Bölüm online izle. HD kalitede dizi bölümü.
❌ m3u8 URL'si bulunamadı
      ❌ m3u8 bulunamadı
   🔍 [9/10] Bölüm: https://diziyiizle4.com/robin-hood/1-sezon-9-bolum/

🔍 Vidlax direkt analizi: https://diziyiizle4.com/robin-hood/1-sezon-9-bolum/
📄 Sayfa içeriği alındı: 98985 karakter
🎬 Video Başlığı: Bilinmiyor
📝 Video Açıklaması: Robin Hood - 1. Sezon 9. Bölüm online izle. HD kalitede dizi bölümü.
❌ m3u8 URL'si bulunamadı
      ❌ m3u8 bulunamadı
   🔍 [10/10] Bölüm: https://diziyiizle4.com/robin-hood/1-sezon-10-bolum/

🔍 Vidlax direkt analizi: https://diziyiizle4.com/robin-hood/1-sezon-10-bolum/
📄 Sayfa içeriği alındı: 99007 karakter
🎬 Video Başlığı: Bilinmiyor
📝 Video Açıklaması: Robin Hood - 1. Sezon 10. Bölüm online izle. HD kalitede dizi bölümü.
❌ m3u8 URL'si bulunamadı
      ❌ m3u8 bulunamadı
      📁 Dizi playlist: playlists/robin_hood_playlist.m3u
   ✅ Dizi tamamlandı: 3 m3u8 eklendi

============================================================
🎬 [55/56] İşleniyor: https://diziyiizle4.com/dizi/de-big-fuck-up/
📺 Bölüm bulundu: 1. Sezon 1. BölümAltyazılı05.11.202548 dk. - https://diziyiizle4.com/de-big-fuck-up/1-sezon-1-bolum/
📺 Bölüm bulundu: 1. Sezon 2. BölümAltyazılı05.11.202550 dk. - https://diziyiizle4.com/de-big-fuck-up/1-sezon-2-bolum/
📺 Bölüm bulundu: 1. Sezon 3. BölümAltyazılı05.11.2025 - https://diziyiizle4.com/de-big-fuck-up/1-sezon-3-bolum/
📺 Bölüm bulundu: 1. Sezon 4. BölümAltyazılı05.11.2025 - https://diziyiizle4.com/de-big-fuck-up/1-sezon-4-bolum/
📺 Bölüm bulundu: 1. Sezon 5. BölümAltyazılı05.11.2025 - https://diziyiizle4.com/de-big-fuck-up/1-sezon-5-bolum/
📺 Bölüm bulundu: 1. Sezon 6. BölümAltyazılı05.11.2025 - https://diziyiizle4.com/de-big-fuck-up/1-sezon-6-bolum/
📺 Bölüm bulundu: 1. Sezon 7. BölümAltyazılı05.11.2025 - https://diziyiizle4.com/de-big-fuck-up/1-sezon-7-bolum/
📺 Bölüm bulundu: 1. Sezon 8. BölümAltyazılı05.11.2025 - https://diziyiizle4.com/de-big-fuck-up/1-sezon-8-bolum/

📊 Toplam 8 bölüm bulundu
   🔍 [1/8] Bölüm: https://diziyiizle4.com/de-big-fuck-up/1-sezon-1-bolum/
📺 Embed URL bulundu: https://vidlax1.xyz/embed/c9ddb56be4a31626
🔍 Embed URL kontrol ediliyor: https://vidlax1.xyz/embed/c9ddb56be4a31626
📄 Embed sayfa içeriği alındı, boyut: 40401 karakter
🎬 Video Başlığı: De Big Fuck-up
📝 Video Açıklaması: 1.Sezon 1.Bölüm
🎯 Tam Başlık: De Big Fuck-up - 1.Sezon 1.Bölüm
🎯 HEX DECODE - m3u8 bulundu: https://vidlax.xyz/upload/30cb57cc88b178438fe60250198adec61665/master.m3u8
      ✅ De Big Fuck-up - 1.Sezon 1.Bölüm - 1 m3u8
   🔍 [2/8] Bölüm: https://diziyiizle4.com/de-big-fuck-up/1-sezon-2-bolum/

🔍 Vidlax direkt analizi: https://diziyiizle4.com/de-big-fuck-up/1-sezon-2-bolum/
📄 Sayfa içeriği alındı: 97420 karakter
🎬 Video Başlığı: Bilinmiyor
📝 Video Açıklaması: De Big Fuck-up - 1. Sezon 2. Bölüm online izle. HD kalitede dizi bölümü.
❌ m3u8 URL'si bulunamadı
      ❌ m3u8 bulunamadı
   🔍 [3/8] Bölüm: https://diziyiizle4.com/de-big-fuck-up/1-sezon-3-bolum/

🔍 Vidlax direkt analizi: https://diziyiizle4.com/de-big-fuck-up/1-sezon-3-bolum/
📄 Sayfa içeriği alındı: 96606 karakter
🎬 Video Başlığı: Bilinmiyor
📝 Video Açıklaması: De Big Fuck-up - 1. Sezon 3. Bölüm online izle. HD kalitede dizi bölümü.
❌ m3u8 URL'si bulunamadı
      ❌ m3u8 bulunamadı
   🔍 [4/8] Bölüm: https://diziyiizle4.com/de-big-fuck-up/1-sezon-4-bolum/

🔍 Vidlax direkt analizi: https://diziyiizle4.com/de-big-fuck-up/1-sezon-4-bolum/
📄 Sayfa içeriği alındı: 96607 karakter
🎬 Video Başlığı: Bilinmiyor
📝 Video Açıklaması: De Big Fuck-up - 1. Sezon 4. Bölüm online izle. HD kalitede dizi bölümü.
❌ m3u8 URL'si bulunamadı
      ❌ m3u8 bulunamadı
   🔍 [5/8] Bölüm: https://diziyiizle4.com/de-big-fuck-up/1-sezon-5-bolum/

🔍 Vidlax direkt analizi: https://diziyiizle4.com/de-big-fuck-up/1-sezon-5-bolum/
📄 Sayfa içeriği alındı: 96606 karakter
🎬 Video Başlığı: Bilinmiyor
📝 Video Açıklaması: De Big Fuck-up - 1. Sezon 5. Bölüm online izle. HD kalitede dizi bölümü.
❌ m3u8 URL'si bulunamadı
      ❌ m3u8 bulunamadı
   🔍 [6/8] Bölüm: https://diziyiizle4.com/de-big-fuck-up/1-sezon-6-bolum/

🔍 Vidlax direkt analizi: https://diziyiizle4.com/de-big-fuck-up/1-sezon-6-bolum/
📄 Sayfa içeriği alındı: 96606 karakter
🎬 Video Başlığı: Bilinmiyor
📝 Video Açıklaması: De Big Fuck-up - 1. Sezon 6. Bölüm online izle. HD kalitede dizi bölümü.
❌ m3u8 URL'si bulunamadı
      ❌ m3u8 bulunamadı
   🔍 [7/8] Bölüm: https://diziyiizle4.com/de-big-fuck-up/1-sezon-7-bolum/

🔍 Vidlax direkt analizi: https://diziyiizle4.com/de-big-fuck-up/1-sezon-7-bolum/
📄 Sayfa içeriği alındı: 96607 karakter
🎬 Video Başlığı: Bilinmiyor
📝 Video Açıklaması: De Big Fuck-up - 1. Sezon 7. Bölüm online izle. HD kalitede dizi bölümü.
❌ m3u8 URL'si bulunamadı
      ❌ m3u8 bulunamadı
   🔍 [8/8] Bölüm: https://diziyiizle4.com/de-big-fuck-up/1-sezon-8-bolum/

🔍 Vidlax direkt analizi: https://diziyiizle4.com/de-big-fuck-up/1-sezon-8-bolum/
📄 Sayfa içeriği alındı: 96606 karakter
🎬 Video Başlığı: Bilinmiyor
📝 Video Açıklaması: De Big Fuck-up - 1. Sezon 8. Bölüm online izle. HD kalitede dizi bölümü.
❌ m3u8 URL'si bulunamadı
      ❌ m3u8 bulunamadı
      📁 Dizi playlist: playlists/de_big_fuck_up_playlist.m3u
   ✅ Dizi tamamlandı: 1 m3u8 eklendi

============================================================
🎬 [56/56] İşleniyor: https://diziyiizle4.com/dizi/return-to-paradise/
📺 Bölüm bulundu: 1. Sezon 1. BölümAltyazılı04.11.202552 dk. - https://diziyiizle4.com/return-to-paradise/1-sezon-1-bolum/
📺 Bölüm bulundu: 1. Sezon 2. BölümAltyazılı04.11.202552 dk. - https://diziyiizle4.com/return-to-paradise/1-sezon-2-bolum/
📺 Bölüm bulundu: 1. Sezon 3. BölümAltyazılı04.11.202552 dk. - https://diziyiizle4.com/return-to-paradise/1-sezon-3-bolum/
📺 Bölüm bulundu: 1. Sezon 4. BölümAltyazılı04.11.202552 dk. - https://diziyiizle4.com/return-to-paradise/1-sezon-4-bolum/
📺 Bölüm bulundu: 1. Sezon 5. BölümAltyazılı04.11.202552 dk. - https://diziyiizle4.com/return-to-paradise/1-sezon-5-bolum/
📺 Bölüm bulundu: 1. Sezon 6. BölümAltyazılı04.11.202552 dk. - https://diziyiizle4.com/return-to-paradise/1-sezon-6-bolum/
📺 Bölüm bulundu: 2. Sezon 1. BölümAltyazılı04.11.202557 dk. - https://diziyiizle4.com/return-to-paradise/2-sezon-1-bolum/
📺 Bölüm bulundu: 2. Sezon 2. BölümAltyazılı04.11.202557 dk. - https://diziyiizle4.com/return-to-paradise/2-sezon-2-bolum/
📺 Bölüm bulundu: 2. Sezon 3. BölümAltyazılı04.11.202557 dk. - https://diziyiizle4.com/return-to-paradise/2-sezon-3-bolum/
📺 Bölüm bulundu: 2. Sezon 4. BölümAltyazılı04.11.202557 dk. - https://diziyiizle4.com/return-to-paradise/2-sezon-4-bolum/
📺 Bölüm bulundu: 2. Sezon 5. BölümAltyazılı04.11.202557 dk. - https://diziyiizle4.com/return-to-paradise/2-sezon-5-bolum/
📺 Bölüm bulundu: 2. Sezon 6. BölümAltyazılı04.11.202557 dk. - https://diziyiizle4.com/return-to-paradise/2-sezon-6-bolum/

📊 Toplam 12 bölüm bulundu
   🔍 [1/12] Bölüm: https://diziyiizle4.com/return-to-paradise/1-sezon-1-bolum/
📺 Embed URL bulundu: https://vidlax1.xyz/embed/8784ca9d71883428
🔍 Embed URL kontrol ediliyor: https://vidlax1.xyz/embed/8784ca9d71883428
📄 Embed sayfa içeriği alındı, boyut: 40095 karakter
🎬 Video Başlığı: Return to Paradise
📝 Video Açıklaması: 1.Sezon 1.Bölüm
🎯 Tam Başlık: Return to Paradise - 1.Sezon 1.Bölüm
🎯 HEX DECODE - m3u8 bulundu: https://vidlax.xyz/upload/604818bf786fccf190d309b6edf3c2a96285/master.m3u8
      ✅ Return to Paradise - 1.Sezon 1.Bölüm - 1 m3u8
   🔍 [2/12] Bölüm: https://diziyiizle4.com/return-to-paradise/1-sezon-2-bolum/
📺 Embed URL bulundu: https://vidlax1.xyz/embed/10f0855d2eb7ee3d
🔍 Embed URL kontrol ediliyor: https://vidlax1.xyz/embed/10f0855d2eb7ee3d
📄 Embed sayfa içeriği alındı, boyut: 40095 karakter
🎬 Video Başlığı: Return to Paradise
📝 Video Açıklaması: 1.Sezon 2.Bölüm
🎯 Tam Başlık: Return to Paradise - 1.Sezon 2.Bölüm
🎯 HEX DECODE - m3u8 bulundu: https://vidlax.xyz/upload/c216f25ecabb513b9738b93c7d27151fd8b3/master.m3u8
      ✅ Return to Paradise - 1.Sezon 2.Bölüm - 1 m3u8
   🔍 [3/12] Bölüm: https://diziyiizle4.com/return-to-paradise/1-sezon-3-bolum/
📺 Embed URL bulundu: https://vidlax1.xyz/embed/55524a189c294052
🔍 Embed URL kontrol ediliyor: https://vidlax1.xyz/embed/55524a189c294052
📄 Embed sayfa içeriği alındı, boyut: 40095 karakter
🎬 Video Başlığı: Return to Paradise
📝 Video Açıklaması: 1.Sezon 3.Bölüm
🎯 Tam Başlık: Return to Paradise - 1.Sezon 3.Bölüm
🎯 HEX DECODE - m3u8 bulundu: https://vidlax.xyz/upload/db3b6bd707d8b4452e4326f94cc74e177bbf/master.m3u8
      ✅ Return to Paradise - 1.Sezon 3.Bölüm - 1 m3u8
   🔍 [4/12] Bölüm: https://diziyiizle4.com/return-to-paradise/1-sezon-4-bolum/
📺 Embed URL bulundu: https://vidlax1.xyz/embed/62b2d5fadb7edd60
🔍 Embed URL kontrol ediliyor: https://vidlax1.xyz/embed/62b2d5fadb7edd60
📄 Embed sayfa içeriği alındı, boyut: 40095 karakter
🎬 Video Başlığı: Return to Paradise
📝 Video Açıklaması: 1.Sezon 4.Bölüm
🎯 Tam Başlık: Return to Paradise - 1.Sezon 4.Bölüm
🎯 HEX DECODE - m3u8 bulundu: https://vidlax.xyz/upload/6b594f0a91a7567d0bd963b2184f4351e3d9/master.m3u8
      ✅ Return to Paradise - 1.Sezon 4.Bölüm - 1 m3u8
   🔍 [5/12] Bölüm: https://diziyiizle4.com/return-to-paradise/1-sezon-5-bolum/
📺 Embed URL bulundu: https://vidlax1.xyz/embed/0f1b9fe19c176fc2
🔍 Embed URL kontrol ediliyor: https://vidlax1.xyz/embed/0f1b9fe19c176fc2
📄 Embed sayfa içeriği alındı, boyut: 40095 karakter
🎬 Video Başlığı: Return to Paradise
📝 Video Açıklaması: 1.Sezon 5.Bölüm
🎯 Tam Başlık: Return to Paradise - 1.Sezon 5.Bölüm
🎯 HEX DECODE - m3u8 bulundu: https://vidlax.xyz/upload/1d20e9d7cd7c70515e4a59bf017b03e0a1ec/master.m3u8
      ✅ Return to Paradise - 1.Sezon 5.Bölüm - 1 m3u8
   🔍 [6/12] Bölüm: https://diziyiizle4.com/return-to-paradise/1-sezon-6-bolum/
📺 Embed URL bulundu: https://vidlax1.xyz/embed/0b8ebebdad251505
🔍 Embed URL kontrol ediliyor: https://vidlax1.xyz/embed/0b8ebebdad251505
📄 Embed sayfa içeriği alındı, boyut: 40095 karakter
🎬 Video Başlığı: Return to Paradise
📝 Video Açıklaması: 1.Sezon 6.Bölüm
🎯 Tam Başlık: Return to Paradise - 1.Sezon 6.Bölüm
🎯 HEX DECODE - m3u8 bulundu: https://vidlax.xyz/upload/0ff3b6567fd6fbb40ebb954d1cc5bc286da2/master.m3u8
      ✅ Return to Paradise - 1.Sezon 6.Bölüm - 1 m3u8
   🔍 [7/12] Bölüm: https://diziyiizle4.com/return-to-paradise/2-sezon-1-bolum/
📺 Embed URL bulundu: https://vidlax1.xyz/embed/e17f0497ea56c922
🔍 Embed URL kontrol ediliyor: https://vidlax1.xyz/embed/e17f0497ea56c922
📄 Embed sayfa içeriği alındı, boyut: 40267 karakter
🎬 Video Başlığı: Return To Paradise
📝 Video Açıklaması: 2.Sezon 1.Bölüm
🎯 Tam Başlık: Return To Paradise - 2.Sezon 1.Bölüm
🎯 HEX DECODE - m3u8 bulundu: https://vidlax.xyz/upload/c768e3e31ffb71c99e947de48caa77d08afb/master.m3u8
      ✅ Return To Paradise - 2.Sezon 1.Bölüm - 1 m3u8
   🔍 [8/12] Bölüm: https://diziyiizle4.com/return-to-paradise/2-sezon-2-bolum/

🔍 Vidlax direkt analizi: https://diziyiizle4.com/return-to-paradise/2-sezon-2-bolum/
📄 Sayfa içeriği alındı: 103706 karakter
🎬 Video Başlığı: Bilinmiyor
📝 Video Açıklaması: Return to Paradise - 2. Sezon 2. Bölüm online izle. HD kalitede dizi bölümü.
❌ m3u8 URL'si bulunamadı
      ❌ m3u8 bulunamadı
   🔍 [9/12] Bölüm: https://diziyiizle4.com/return-to-paradise/2-sezon-3-bolum/

🔍 Vidlax direkt analizi: https://diziyiizle4.com/return-to-paradise/2-sezon-3-bolum/
📄 Sayfa içeriği alındı: 103046 karakter
🎬 Video Başlığı: Bilinmiyor
📝 Video Açıklaması: Return to Paradise - 2. Sezon 3. Bölüm online izle. HD kalitede dizi bölümü.
❌ m3u8 URL'si bulunamadı
      ❌ m3u8 bulunamadı
   🔍 [10/12] Bölüm: https://diziyiizle4.com/return-to-paradise/2-sezon-4-bolum/

🔍 Vidlax direkt analizi: https://diziyiizle4.com/return-to-paradise/2-sezon-4-bolum/
📄 Sayfa içeriği alındı: 103046 karakter
🎬 Video Başlığı: Bilinmiyor
📝 Video Açıklaması: Return to Paradise - 2. Sezon 4. Bölüm online izle. HD kalitede dizi bölümü.
❌ m3u8 URL'si bulunamadı
      ❌ m3u8 bulunamadı
   🔍 [11/12] Bölüm: https://diziyiizle4.com/return-to-paradise/2-sezon-5-bolum/

🔍 Vidlax direkt analizi: https://diziyiizle4.com/return-to-paradise/2-sezon-5-bolum/
📄 Sayfa içeriği alındı: 103045 karakter
🎬 Video Başlığı: Bilinmiyor
📝 Video Açıklaması: Return to Paradise - 2. Sezon 5. Bölüm online izle. HD kalitede dizi bölümü.
❌ m3u8 URL'si bulunamadı
      ❌ m3u8 bulunamadı
   🔍 [12/12] Bölüm: https://diziyiizle4.com/return-to-paradise/2-sezon-6-bolum/

🔍 Vidlax direkt analizi: https://diziyiizle4.com/return-to-paradise/2-sezon-6-bolum/
📄 Sayfa içeriği alındı: 103046 karakter
🎬 Video Başlığı: Bilinmiyor
📝 Video Açıklaması: Return to Paradise - 2. Sezon 6. Bölüm online izle. HD kalitede dizi bölümü.
❌ m3u8 URL'si bulunamadı
      ❌ m3u8 bulunamadı
      📁 Dizi playlist: playlists/return_to_paradise_playlist.m3u
   ✅ Dizi tamamlandı: 7 m3u8 eklendi

📁 Master playlist oluşturuldu: master_all_series_playlist.m3u

📁 Tüm diziler için master playlist oluşturuldu (655 item).
